revision,ch99_code,note,proclamations,executive_orders,fr_cites,source
2023_rev_10,9903.88.01,20,,,85 FR 16987,hts_note
2023_rev_10,9903.88.02,20,,,85 FR 16987,hts_note
2023_rev_10,9903.88.03,20,,,85 FR 16987,hts_note
2023_rev_10,9903.88.04,20,,,85 FR 16987,hts_note
2023_rev_10,9903.88.05,20,,,85 FR 16987,hts_note
2023_rev_10,9903.88.06,20,,,85 FR 16987,hts_note
2023_rev_10,9903.88.07,20,,,85 FR 16987,hts_note
2023_rev_10,9903.88.08,20,,,85 FR 16987,hts_note
2023_rev_10,9903.88.09,20,,,85 FR 16987,hts_note
2023_rev_10,9903.88.10,20,,,85 FR 16987,hts_note
2023_rev_10,9903.88.11,20,,,85 FR 16987,hts_note
2023_rev_10,9903.88.12,20,,,85 FR 16987,hts_note
2023_rev_10,9903.88.13,20,,,85 FR 16987,hts_note
2023_rev_10,9903.88.14,20,,,85 FR 16987,hts_note
2023_rev_10,9903.88.15,20,,,85 FR 16987,hts_note
2023_rev_10,9903.88.16,20,,,85 FR 16987,hts_note
2023_rev_10,9903.88.17,20,,,85 FR 16987,hts_note
2023_rev_10,9903.88.18,20,,,85 FR 16987,hts_note
2023_rev_10,9903.88.19,20,,,85 FR 16987,hts_note
2023_rev_10,9903.88.20,20,,,85 FR 16987,hts_note
2023_rev_10,9903.88.21,20,,,85 FR 16987,hts_note
2023_rev_10,9903.88.22,20,,,85 FR 16987,hts_note
2023_rev_10,9903.88.23,20,,,85 FR 16987,hts_note
2023_rev_10,9903.88.24,20,,,85 FR 16987,hts_note
2023_rev_10,9903.88.25,20,,,85 FR 16987,hts_note
2023_rev_10,9903.88.26,20,,,85 FR 16987,hts_note
2023_rev_10,9903.88.27,20,,,85 FR 16987,hts_note
2023_rev_10,9903.88.28,20,,,85 FR 16987,hts_note
2023_rev_10,9903.88.33,20,,,85 FR 16987,hts_note
2023_rev_10,9903.88.34,20,,,85 FR 16987,hts_note
2023_rev_10,9903.88.35,20,,,85 FR 16987,hts_note
2023_rev_10,9903.88.36,20,,,85 FR 16987,hts_note
2023_rev_10,9903.88.37,20,,,85 FR 16987,hts_note
2023_rev_10,9903.88.38,20,,,85 FR 16987,hts_note
2023_rev_10,9903.88.39,20,,,85 FR 16987,hts_note
2023_rev_10,9903.88.40,20,,,85 FR 16987,hts_note
2023_rev_10,9903.88.41,20,,,85 FR 16987,hts_note
2023_rev_10,9903.88.42,20,,,85 FR 16987,hts_note
2023_rev_10,9903.88.43,20,,,85 FR 16987,hts_note
2023_rev_10,9903.88.44,20,,,85 FR 16987,hts_note
2023_rev_10,9903.88.45,20,,,85 FR 16987,hts_note
2023_rev_10,9903.88.46,20,,,85 FR 16987,hts_note
2023_rev_10,9903.88.47,20,,,85 FR 16987,hts_note
2023_rev_10,9903.88.48,20,,,85 FR 16987,hts_note
2023_rev_10,9903.88.49,20,,,85 FR 16987,hts_note
2023_rev_10,9903.88.50,20,,,85 FR 16987,hts_note
2023_rev_10,9903.88.51,20,,,85 FR 16987,hts_note
2023_rev_10,9903.88.52,20,,,85 FR 16987,hts_note
2023_rev_10,9903.88.53,20,,,85 FR 16987,hts_note
2023_rev_10,9903.88.54,20,,,85 FR 16987,hts_note
2023_rev_10,9903.88.55,20,,,85 FR 16987,hts_note
2023_rev_10,9903.88.56,20,,,85 FR 16987,hts_note
2023_rev_10,9903.88.57,20,,,85 FR 16987,hts_note
2023_rev_10,9903.88.58,20,,,85 FR 16987,hts_note
2023_rev_10,9903.88.59,20,,,85 FR 16987,hts_note
2023_rev_10,9903.88.60,20,,,85 FR 16987,hts_note
2023_rev_10,9903.88.61,20,,,85 FR 16987,hts_note
2023_rev_10,9903.88.62,20,,,85 FR 16987,hts_note
2023_rev_10,9903.88.63,20,,,85 FR 16987,hts_note
2023_rev_10,9903.88.64,20,,,85 FR 16987,hts_note
2023_rev_10,9903.88.65,20,,,85 FR 16987,hts_note
2023_rev_10,9903.88.66,20,,,85 FR 16987,hts_note
2023_rev_10,9903.88.67,20,,,85 FR 16987,hts_note
2023_rev_10,9903.88.68,20,,,85 FR 16987,hts_note
2023_rev_10,9903.89.05,21,Proclamation 9223,,,hts_note
2023_rev_10,9903.89.10,21,Proclamation 9223,,,hts_note
2023_rev_10,9903.89.13,21,Proclamation 9223,,,hts_note
2023_rev_10,9903.89.16,21,Proclamation 9223,,,hts_note
2023_rev_10,9903.89.19,21,Proclamation 9223,,,hts_note
2023_rev_10,9903.89.22,21,Proclamation 9223,,,hts_note
2023_rev_10,9903.89.25,21,Proclamation 9223,,,hts_note
2023_rev_10,9903.89.28,21,Proclamation 9223,,,hts_note
2023_rev_10,9903.89.31,21,Proclamation 9223,,,hts_note
2023_rev_10,9903.89.34,21,Proclamation 9223,,,hts_note
2023_rev_10,9903.89.37,21,Proclamation 9223,,,hts_note
2023_rev_10,9903.89.40,21,Proclamation 9223,,,hts_note
2023_rev_10,9903.89.43,21,Proclamation 9223,,,hts_note
2023_rev_10,9903.89.46,21,Proclamation 9223,,,hts_note
2023_rev_10,9903.89.49,21,Proclamation 9223,,,hts_note
2023_rev_10,9903.89.52,21,Proclamation 9223,,,hts_note
2023_rev_10,9903.89.55,21,Proclamation 9223,,,hts_note
2023_rev_10,9903.89.57,21,Proclamation 9223,,,hts_note
2023_rev_10,9903.89.61,21,Proclamation 9223,,,hts_note
2023_rev_10,9903.90.08,30,Proclamation 10588,,85 FR 54882,hts_note
2023_rev_10,9903.90.09,30,Proclamation 10588,,85 FR 54882,hts_note
2023_rev_11,9903.88.01,20,,,85 FR 16987,hts_note
2023_rev_11,9903.88.02,20,,,85 FR 16987,hts_note
2023_rev_11,9903.88.03,20,,,85 FR 16987,hts_note
2023_rev_11,9903.88.04,20,,,85 FR 16987,hts_note
2023_rev_11,9903.88.05,20,,,85 FR 16987,hts_note
2023_rev_11,9903.88.06,20,,,85 FR 16987,hts_note
2023_rev_11,9903.88.07,20,,,85 FR 16987,hts_note
2023_rev_11,9903.88.08,20,,,85 FR 16987,hts_note
2023_rev_11,9903.88.09,20,,,85 FR 16987,hts_note
2023_rev_11,9903.88.10,20,,,85 FR 16987,hts_note
2023_rev_11,9903.88.11,20,,,85 FR 16987,hts_note
2023_rev_11,9903.88.12,20,,,85 FR 16987,hts_note
2023_rev_11,9903.88.13,20,,,85 FR 16987,hts_note
2023_rev_11,9903.88.14,20,,,85 FR 16987,hts_note
2023_rev_11,9903.88.15,20,,,85 FR 16987,hts_note
2023_rev_11,9903.88.16,20,,,85 FR 16987,hts_note
2023_rev_11,9903.88.17,20,,,85 FR 16987,hts_note
2023_rev_11,9903.88.18,20,,,85 FR 16987,hts_note
2023_rev_11,9903.88.19,20,,,85 FR 16987,hts_note
2023_rev_11,9903.88.20,20,,,85 FR 16987,hts_note
2023_rev_11,9903.88.21,20,,,85 FR 16987,hts_note
2023_rev_11,9903.88.22,20,,,85 FR 16987,hts_note
2023_rev_11,9903.88.23,20,,,85 FR 16987,hts_note
2023_rev_11,9903.88.24,20,,,85 FR 16987,hts_note
2023_rev_11,9903.88.25,20,,,85 FR 16987,hts_note
2023_rev_11,9903.88.26,20,,,85 FR 16987,hts_note
2023_rev_11,9903.88.27,20,,,85 FR 16987,hts_note
2023_rev_11,9903.88.28,20,,,85 FR 16987,hts_note
2023_rev_11,9903.88.33,20,,,85 FR 16987,hts_note
2023_rev_11,9903.88.34,20,,,85 FR 16987,hts_note
2023_rev_11,9903.88.35,20,,,85 FR 16987,hts_note
2023_rev_11,9903.88.36,20,,,85 FR 16987,hts_note
2023_rev_11,9903.88.37,20,,,85 FR 16987,hts_note
2023_rev_11,9903.88.38,20,,,85 FR 16987,hts_note
2023_rev_11,9903.88.39,20,,,85 FR 16987,hts_note
2023_rev_11,9903.88.40,20,,,85 FR 16987,hts_note
2023_rev_11,9903.88.41,20,,,85 FR 16987,hts_note
2023_rev_11,9903.88.42,20,,,85 FR 16987,hts_note
2023_rev_11,9903.88.43,20,,,85 FR 16987,hts_note
2023_rev_11,9903.88.44,20,,,85 FR 16987,hts_note
2023_rev_11,9903.88.45,20,,,85 FR 16987,hts_note
2023_rev_11,9903.88.46,20,,,85 FR 16987,hts_note
2023_rev_11,9903.88.47,20,,,85 FR 16987,hts_note
2023_rev_11,9903.88.48,20,,,85 FR 16987,hts_note
2023_rev_11,9903.88.49,20,,,85 FR 16987,hts_note
2023_rev_11,9903.88.50,20,,,85 FR 16987,hts_note
2023_rev_11,9903.88.51,20,,,85 FR 16987,hts_note
2023_rev_11,9903.88.52,20,,,85 FR 16987,hts_note
2023_rev_11,9903.88.53,20,,,85 FR 16987,hts_note
2023_rev_11,9903.88.54,20,,,85 FR 16987,hts_note
2023_rev_11,9903.88.55,20,,,85 FR 16987,hts_note
2023_rev_11,9903.88.56,20,,,85 FR 16987,hts_note
2023_rev_11,9903.88.57,20,,,85 FR 16987,hts_note
2023_rev_11,9903.88.58,20,,,85 FR 16987,hts_note
2023_rev_11,9903.88.59,20,,,85 FR 16987,hts_note
2023_rev_11,9903.88.60,20,,,85 FR 16987,hts_note
2023_rev_11,9903.88.61,20,,,85 FR 16987,hts_note
2023_rev_11,9903.88.62,20,,,85 FR 16987,hts_note
2023_rev_11,9903.88.63,20,,,85 FR 16987,hts_note
2023_rev_11,9903.88.64,20,,,85 FR 16987,hts_note
2023_rev_11,9903.88.65,20,,,85 FR 16987,hts_note
2023_rev_11,9903.88.66,20,,,85 FR 16987,hts_note
2023_rev_11,9903.88.67,20,,,85 FR 16987,hts_note
2023_rev_11,9903.88.68,20,,,85 FR 16987,hts_note
2023_rev_11,9903.89.05,21,Proclamation 9223,,,hts_note
2023_rev_11,9903.89.10,21,Proclamation 9223,,,hts_note
2023_rev_11,9903.89.13,21,Proclamation 9223,,,hts_note
2023_rev_11,9903.89.16,21,Proclamation 9223,,,hts_note
2023_rev_11,9903.89.19,21,Proclamation 9223,,,hts_note
2023_rev_11,9903.89.22,21,Proclamation 9223,,,hts_note
2023_rev_11,9903.89.25,21,Proclamation 9223,,,hts_note
2023_rev_11,9903.89.28,21,Proclamation 9223,,,hts_note
2023_rev_11,9903.89.31,21,Proclamation 9223,,,hts_note
2023_rev_11,9903.89.34,21,Proclamation 9223,,,hts_note
2023_rev_11,9903.89.37,21,Proclamation 9223,,,hts_note
2023_rev_11,9903.89.40,21,Proclamation 9223,,,hts_note
2023_rev_11,9903.89.43,21,Proclamation 9223,,,hts_note
2023_rev_11,9903.89.46,21,Proclamation 9223,,,hts_note
2023_rev_11,9903.89.49,21,Proclamation 9223,,,hts_note
2023_rev_11,9903.89.52,21,Proclamation 9223,,,hts_note
2023_rev_11,9903.89.55,21,Proclamation 9223,,,hts_note
2023_rev_11,9903.89.57,21,Proclamation 9223,,,hts_note
2023_rev_11,9903.89.61,21,Proclamation 9223,,,hts_note
2023_rev_11,9903.90.08,30,Proclamation 10588,,85 FR 54882,hts_note
2023_rev_11,9903.90.09,30,Proclamation 10588,,85 FR 54882,hts_note
2024_basic,9903.88.01,20,,,85 FR 16987,hts_note
2024_basic,9903.88.02,20,,,85 FR 16987,hts_note
2024_basic,9903.88.03,20,,,85 FR 16987,hts_note
2024_basic,9903.88.04,20,,,85 FR 16987,hts_note
2024_basic,9903.88.05,20,,,85 FR 16987,hts_note
2024_basic,9903.88.06,20,,,85 FR 16987,hts_note
2024_basic,9903.88.07,20,,,85 FR 16987,hts_note
2024_basic,9903.88.08,20,,,85 FR 16987,hts_note
2024_basic,9903.88.09,20,,,85 FR 16987,hts_note
2024_basic,9903.88.10,20,,,85 FR 16987,hts_note
2024_basic,9903.88.11,20,,,85 FR 16987,hts_note
2024_basic,9903.88.12,20,,,85 FR 16987,hts_note
2024_basic,9903.88.13,20,,,85 FR 16987,hts_note
2024_basic,9903.88.14,20,,,85 FR 16987,hts_note
2024_basic,9903.88.15,20,,,85 FR 16987,hts_note
2024_basic,9903.88.16,20,,,85 FR 16987,hts_note
2024_basic,9903.88.17,20,,,85 FR 16987,hts_note
2024_basic,9903.88.18,20,,,85 FR 16987,hts_note
2024_basic,9903.88.19,20,,,85 FR 16987,hts_note
2024_basic,9903.88.20,20,,,85 FR 16987,hts_note
2024_basic,9903.88.21,20,,,85 FR 16987,hts_note
2024_basic,9903.88.22,20,,,85 FR 16987,hts_note
2024_basic,9903.88.23,20,,,85 FR 16987,hts_note
2024_basic,9903.88.24,20,,,85 FR 16987,hts_note
2024_basic,9903.88.25,20,,,85 FR 16987,hts_note
2024_basic,9903.88.26,20,,,85 FR 16987,hts_note
2024_basic,9903.88.27,20,,,85 FR 16987,hts_note
2024_basic,9903.88.28,20,,,85 FR 16987,hts_note
2024_basic,9903.88.33,20,,,85 FR 16987,hts_note
2024_basic,9903.88.34,20,,,85 FR 16987,hts_note
2024_basic,9903.88.35,20,,,85 FR 16987,hts_note
2024_basic,9903.88.36,20,,,85 FR 16987,hts_note
2024_basic,9903.88.37,20,,,85 FR 16987,hts_note
2024_basic,9903.88.38,20,,,85 FR 16987,hts_note
2024_basic,9903.88.39,20,,,85 FR 16987,hts_note
2024_basic,9903.88.40,20,,,85 FR 16987,hts_note
2024_basic,9903.88.41,20,,,85 FR 16987,hts_note
2024_basic,9903.88.42,20,,,85 FR 16987,hts_note
2024_basic,9903.88.43,20,,,85 FR 16987,hts_note
2024_basic,9903.88.44,20,,,85 FR 16987,hts_note
2024_basic,9903.88.45,20,,,85 FR 16987,hts_note
2024_basic,9903.88.46,20,,,85 FR 16987,hts_note
2024_basic,9903.88.47,20,,,85 FR 16987,hts_note
2024_basic,9903.88.48,20,,,85 FR 16987,hts_note
2024_basic,9903.88.49,20,,,85 FR 16987,hts_note
2024_basic,9903.88.50,20,,,85 FR 16987,hts_note
2024_basic,9903.88.51,20,,,85 FR 16987,hts_note
2024_basic,9903.88.52,20,,,85 FR 16987,hts_note
2024_basic,9903.88.53,20,,,85 FR 16987,hts_note
2024_basic,9903.88.54,20,,,85 FR 16987,hts_note
2024_basic,9903.88.55,20,,,85 FR 16987,hts_note
2024_basic,9903.88.56,20,,,85 FR 16987,hts_note
2024_basic,9903.88.57,20,,,85 FR 16987,hts_note
2024_basic,9903.88.58,20,,,85 FR 16987,hts_note
2024_basic,9903.88.59,20,,,85 FR 16987,hts_note
2024_basic,9903.88.60,20,,,85 FR 16987,hts_note
2024_basic,9903.88.61,20,,,85 FR 16987,hts_note
2024_basic,9903.88.62,20,,,85 FR 16987,hts_note
2024_basic,9903.88.63,20,,,85 FR 16987,hts_note
2024_basic,9903.88.64,20,,,85 FR 16987,hts_note
2024_basic,9903.88.65,20,,,85 FR 16987,hts_note
2024_basic,9903.88.66,20,,,85 FR 16987,hts_note
2024_basic,9903.88.67,20,,,85 FR 16987,hts_note
2024_basic,9903.88.68,20,,,85 FR 16987,hts_note
2024_basic,9903.89.05,21,Proclamation 9223,,,hts_note
2024_basic,9903.89.10,21,Proclamation 9223,,,hts_note
2024_basic,9903.89.13,21,Proclamation 9223,,,hts_note
2024_basic,9903.89.16,21,Proclamation 9223,,,hts_note
2024_basic,9903.89.19,21,Proclamation 9223,,,hts_note
2024_basic,9903.89.22,21,Proclamation 9223,,,hts_note
2024_basic,9903.89.25,21,Proclamation 9223,,,hts_note
2024_basic,9903.89.28,21,Proclamation 9223,,,hts_note
2024_basic,9903.89.31,21,Proclamation 9223,,,hts_note
2024_basic,9903.89.34,21,Proclamation 9223,,,hts_note
2024_basic,9903.89.37,21,Proclamation 9223,,,hts_note
2024_basic,9903.89.40,21,Proclamation 9223,,,hts_note
2024_basic,9903.89.43,21,Proclamation 9223,,,hts_note
2024_basic,9903.89.46,21,Proclamation 9223,,,hts_note
2024_basic,9903.89.49,21,Proclamation 9223,,,hts_note
2024_basic,9903.89.52,21,Proclamation 9223,,,hts_note
2024_basic,9903.89.55,21,Proclamation 9223,,,hts_note
2024_basic,9903.89.57,21,Proclamation 9223,,,hts_note
2024_basic,9903.89.61,21,Proclamation 9223,,,hts_note
2024_basic,9903.90.08,30,Proclamation 10588,,85 FR 54882,hts_note
2024_basic,9903.90.09,30,Proclamation 10588,,85 FR 54882,hts_note
2024_rev_1,9903.88.01,20,,,85 FR 16987,hts_note
2024_rev_1,9903.88.02,20,,,85 FR 16987,hts_note
2024_rev_1,9903.88.03,20,,,85 FR 16987,hts_note
2024_rev_1,9903.88.04,20,,,85 FR 16987,hts_note
2024_rev_1,9903.88.05,20,,,85 FR 16987,hts_note
2024_rev_1,9903.88.06,20,,,85 FR 16987,hts_note
2024_rev_1,9903.88.07,20,,,85 FR 16987,hts_note
2024_rev_1,9903.88.08,20,,,85 FR 16987,hts_note
2024_rev_1,9903.88.09,20,,,85 FR 16987,hts_note
2024_rev_1,9903.88.10,20,,,85 FR 16987,hts_note
2024_rev_1,9903.88.11,20,,,85 FR 16987,hts_note
2024_rev_1,9903.88.12,20,,,85 FR 16987,hts_note
2024_rev_1,9903.88.13,20,,,85 FR 16987,hts_note
2024_rev_1,9903.88.14,20,,,85 FR 16987,hts_note
2024_rev_1,9903.88.15,20,,,85 FR 16987,hts_note
2024_rev_1,9903.88.16,20,,,85 FR 16987,hts_note
2024_rev_1,9903.88.17,20,,,85 FR 16987,hts_note
2024_rev_1,9903.88.18,20,,,85 FR 16987,hts_note
2024_rev_1,9903.88.19,20,,,85 FR 16987,hts_note
2024_rev_1,9903.88.20,20,,,85 FR 16987,hts_note
2024_rev_1,9903.88.21,20,,,85 FR 16987,hts_note
2024_rev_1,9903.88.22,20,,,85 FR 16987,hts_note
2024_rev_1,9903.88.23,20,,,85 FR 16987,hts_note
2024_rev_1,9903.88.24,20,,,85 FR 16987,hts_note
2024_rev_1,9903.88.25,20,,,85 FR 16987,hts_note
2024_rev_1,9903.88.26,20,,,85 FR 16987,hts_note
2024_rev_1,9903.88.27,20,,,85 FR 16987,hts_note
2024_rev_1,9903.88.28,20,,,85 FR 16987,hts_note
2024_rev_1,9903.88.33,20,,,85 FR 16987,hts_note
2024_rev_1,9903.88.34,20,,,85 FR 16987,hts_note
2024_rev_1,9903.88.35,20,,,85 FR 16987,hts_note
2024_rev_1,9903.88.36,20,,,85 FR 16987,hts_note
2024_rev_1,9903.88.37,20,,,85 FR 16987,hts_note
2024_rev_1,9903.88.38,20,,,85 FR 16987,hts_note
2024_rev_1,9903.88.39,20,,,85 FR 16987,hts_note
2024_rev_1,9903.88.40,20,,,85 FR 16987,hts_note
2024_rev_1,9903.88.41,20,,,85 FR 16987,hts_note
2024_rev_1,9903.88.42,20,,,85 FR 16987,hts_note
2024_rev_1,9903.88.43,20,,,85 FR 16987,hts_note
2024_rev_1,9903.88.44,20,,,85 FR 16987,hts_note
2024_rev_1,9903.88.45,20,,,85 FR 16987,hts_note
2024_rev_1,9903.88.46,20,,,85 FR 16987,hts_note
2024_rev_1,9903.88.47,20,,,85 FR 16987,hts_note
2024_rev_1,9903.88.48,20,,,85 FR 16987,hts_note
2024_rev_1,9903.88.49,20,,,85 FR 16987,hts_note
2024_rev_1,9903.88.50,20,,,85 FR 16987,hts_note
2024_rev_1,9903.88.51,20,,,85 FR 16987,hts_note
2024_rev_1,9903.88.52,20,,,85 FR 16987,hts_note
2024_rev_1,9903.88.53,20,,,85 FR 16987,hts_note
2024_rev_1,9903.88.54,20,,,85 FR 16987,hts_note
2024_rev_1,9903.88.55,20,,,85 FR 16987,hts_note
2024_rev_1,9903.88.56,20,,,85 FR 16987,hts_note
2024_rev_1,9903.88.57,20,,,85 FR 16987,hts_note
2024_rev_1,9903.88.58,20,,,85 FR 16987,hts_note
2024_rev_1,9903.88.59,20,,,85 FR 16987,hts_note
2024_rev_1,9903.88.60,20,,,85 FR 16987,hts_note
2024_rev_1,9903.88.61,20,,,85 FR 16987,hts_note
2024_rev_1,9903.88.62,20,,,85 FR 16987,hts_note
2024_rev_1,9903.88.63,20,,,85 FR 16987,hts_note
2024_rev_1,9903.88.64,20,,,85 FR 16987,hts_note
2024_rev_1,9903.88.65,20,,,85 FR 16987,hts_note
2024_rev_1,9903.88.66,20,,,85 FR 16987,hts_note
2024_rev_1,9903.88.67,20,,,85 FR 16987,hts_note
2024_rev_1,9903.88.68,20,,,85 FR 16987,hts_note
2024_rev_1,9903.89.05,21,Proclamation 9223,,,hts_note
2024_rev_1,9903.89.10,21,Proclamation 9223,,,hts_note
2024_rev_1,9903.89.13,21,Proclamation 9223,,,hts_note
2024_rev_1,9903.89.16,21,Proclamation 9223,,,hts_note
2024_rev_1,9903.89.19,21,Proclamation 9223,,,hts_note
2024_rev_1,9903.89.22,21,Proclamation 9223,,,hts_note
2024_rev_1,9903.89.25,21,Proclamation 9223,,,hts_note
2024_rev_1,9903.89.28,21,Proclamation 9223,,,hts_note
2024_rev_1,9903.89.31,21,Proclamation 9223,,,hts_note
2024_rev_1,9903.89.34,21,Proclamation 9223,,,hts_note
2024_rev_1,9903.89.37,21,Proclamation 9223,,,hts_note
2024_rev_1,9903.89.40,21,Proclamation 9223,,,hts_note
2024_rev_1,9903.89.43,21,Proclamation 9223,,,hts_note
2024_rev_1,9903.89.46,21,Proclamation 9223,,,hts_note
2024_rev_1,9903.89.49,21,Proclamation 9223,,,hts_note
2024_rev_1,9903.89.52,21,Proclamation 9223,,,hts_note
2024_rev_1,9903.89.55,21,Proclamation 9223,,,hts_note
2024_rev_1,9903.89.57,21,Proclamation 9223,,,hts_note
2024_rev_1,9903.89.61,21,Proclamation 9223,,,hts_note
2024_rev_1,9903.90.08,30,Proclamation 10588,,85 FR 54882,hts_note
2024_rev_1,9903.90.09,30,Proclamation 10588,,85 FR 54882,hts_note
2024_rev_10,9903.55.01,32,,,85 FR 54882,hts_note
2024_rev_10,9903.85.01,19,Proclamation 10522,,,hts_note
2024_rev_10,9903.85.03,19,Proclamation 10522,,,hts_note
2024_rev_10,9903.85.21,19,Proclamation 10522,,,hts_note
2024_rev_10,9903.85.25,19,Proclamation 10522,,,hts_note
2024_rev_10,9903.85.71,19,Proclamation 10522,,,hts_note
2024_rev_10,9903.85.72,19,Proclamation 10522,,,hts_note
2024_rev_10,9903.88.01,20,,,85 FR 16987,hts_note
2024_rev_10,9903.88.02,20,,,85 FR 16987,hts_note
2024_rev_10,9903.88.03,20,,,85 FR 16987,hts_note
2024_rev_10,9903.88.04,20,,,85 FR 16987,hts_note
2024_rev_10,9903.88.05,20,,,85 FR 16987,hts_note
2024_rev_10,9903.88.06,20,,,85 FR 16987,hts_note
2024_rev_10,9903.88.07,20,,,85 FR 16987,hts_note
2024_rev_10,9903.88.08,20,,,85 FR 16987,hts_note
2024_rev_10,9903.88.09,20,,,85 FR 16987,hts_note
2024_rev_10,9903.88.10,20,,,85 FR 16987,hts_note
2024_rev_10,9903.88.11,20,,,85 FR 16987,hts_note
2024_rev_10,9903.88.12,20,,,85 FR 16987,hts_note
2024_rev_10,9903.88.13,20,,,85 FR 16987,hts_note
2024_rev_10,9903.88.14,20,,,85 FR 16987,hts_note
2024_rev_10,9903.88.15,20,,,85 FR 16987,hts_note
2024_rev_10,9903.88.16,20,,,85 FR 16987,hts_note
2024_rev_10,9903.88.17,20,,,85 FR 16987,hts_note
2024_rev_10,9903.88.18,20,,,85 FR 16987,hts_note
2024_rev_10,9903.88.19,20,,,85 FR 16987,hts_note
2024_rev_10,9903.88.20,20,,,85 FR 16987,hts_note
2024_rev_10,9903.88.21,20,,,85 FR 16987,hts_note
2024_rev_10,9903.88.22,20,,,85 FR 16987,hts_note
2024_rev_10,9903.88.23,20,,,85 FR 16987,hts_note
2024_rev_10,9903.88.24,20,,,85 FR 16987,hts_note
2024_rev_10,9903.88.25,20,,,85 FR 16987,hts_note
2024_rev_10,9903.88.26,20,,,85 FR 16987,hts_note
2024_rev_10,9903.88.27,20,,,85 FR 16987,hts_note
2024_rev_10,9903.88.28,20,,,85 FR 16987,hts_note
2024_rev_10,9903.88.33,20,,,85 FR 16987,hts_note
2024_rev_10,9903.88.34,20,,,85 FR 16987,hts_note
2024_rev_10,9903.88.35,20,,,85 FR 16987,hts_note
2024_rev_10,9903.88.36,20,,,85 FR 16987,hts_note
2024_rev_10,9903.88.37,20,,,85 FR 16987,hts_note
2024_rev_10,9903.88.38,20,,,85 FR 16987,hts_note
2024_rev_10,9903.88.39,20,,,85 FR 16987,hts_note
2024_rev_10,9903.88.40,20,,,85 FR 16987,hts_note
2024_rev_10,9903.88.41,20,,,85 FR 16987,hts_note
2024_rev_10,9903.88.42,20,,,85 FR 16987,hts_note
2024_rev_10,9903.88.43,20,,,85 FR 16987,hts_note
2024_rev_10,9903.88.44,20,,,85 FR 16987,hts_note
2024_rev_10,9903.88.45,20,,,85 FR 16987,hts_note
2024_rev_10,9903.88.46,20,,,85 FR 16987,hts_note
2024_rev_10,9903.88.47,20,,,85 FR 16987,hts_note
2024_rev_10,9903.88.48,20,,,85 FR 16987,hts_note
2024_rev_10,9903.88.49,20,,,85 FR 16987,hts_note
2024_rev_10,9903.88.50,20,,,85 FR 16987,hts_note
2024_rev_10,9903.88.51,20,,,85 FR 16987,hts_note
2024_rev_10,9903.88.52,20,,,85 FR 16987,hts_note
2024_rev_10,9903.88.53,20,,,85 FR 16987,hts_note
2024_rev_10,9903.88.54,20,,,85 FR 16987,hts_note
2024_rev_10,9903.88.55,20,,,85 FR 16987,hts_note
2024_rev_10,9903.88.56,20,,,85 FR 16987,hts_note
2024_rev_10,9903.88.57,20,,,85 FR 16987,hts_note
2024_rev_10,9903.88.58,20,,,85 FR 16987,hts_note
2024_rev_10,9903.88.59,20,,,85 FR 16987,hts_note
2024_rev_10,9903.88.60,20,,,85 FR 16987,hts_note
2024_rev_10,9903.88.61,20,,,85 FR 16987,hts_note
2024_rev_10,9903.88.62,20,,,85 FR 16987,hts_note
2024_rev_10,9903.88.63,20,,,85 FR 16987,hts_note
2024_rev_10,9903.88.64,20,,,85 FR 16987,hts_note
2024_rev_10,9903.88.65,20,,,85 FR 16987,hts_note
2024_rev_10,9903.88.66,20,,,85 FR 16987,hts_note
2024_rev_10,9903.88.67,20,,,85 FR 16987,hts_note
2024_rev_10,9903.88.68,20,,,85 FR 16987,hts_note
2024_rev_10,9903.88.69,20,,,85 FR 16987,hts_note
2024_rev_10,9903.88.70,20,,,85 FR 16987,hts_note
2024_rev_10,9903.89.05,21,Proclamation 9223,,,hts_note
2024_rev_10,9903.89.10,21,Proclamation 9223,,,hts_note
2024_rev_10,9903.89.13,21,Proclamation 9223,,,hts_note
2024_rev_10,9903.89.16,21,Proclamation 9223,,,hts_note
2024_rev_10,9903.89.19,21,Proclamation 9223,,,hts_note
2024_rev_10,9903.89.22,21,Proclamation 9223,,,hts_note
2024_rev_10,9903.89.25,21,Proclamation 9223,,,hts_note
2024_rev_10,9903.89.28,21,Proclamation 9223,,,hts_note
2024_rev_10,9903.89.31,21,Proclamation 9223,,,hts_note
2024_rev_10,9903.89.34,21,Proclamation 9223,,,hts_note
2024_rev_10,9903.89.37,21,Proclamation 9223,,,hts_note
2024_rev_10,9903.89.40,21,Proclamation 9223,,,hts_note
2024_rev_10,9903.89.43,21,Proclamation 9223,,,hts_note
2024_rev_10,9903.89.46,21,Proclamation 9223,,,hts_note
2024_rev_10,9903.89.49,21,Proclamation 9223,,,hts_note
2024_rev_10,9903.89.52,21,Proclamation 9223,,,hts_note
2024_rev_10,9903.89.55,21,Proclamation 9223,,,hts_note
2024_rev_10,9903.89.57,21,Proclamation 9223,,,hts_note
2024_rev_10,9903.89.61,21,Proclamation 9223,,,hts_note
2024_rev_2,9903.88.01,20,,,85 FR 16987,hts_note
2024_rev_2,9903.88.02,20,,,85 FR 16987,hts_note
2024_rev_2,9903.88.03,20,,,85 FR 16987,hts_note
2024_rev_2,9903.88.04,20,,,85 FR 16987,hts_note
2024_rev_2,9903.88.05,20,,,85 FR 16987,hts_note
2024_rev_2,9903.88.06,20,,,85 FR 16987,hts_note
2024_rev_2,9903.88.07,20,,,85 FR 16987,hts_note
2024_rev_2,9903.88.08,20,,,85 FR 16987,hts_note
2024_rev_2,9903.88.09,20,,,85 FR 16987,hts_note
2024_rev_2,9903.88.10,20,,,85 FR 16987,hts_note
2024_rev_2,9903.88.11,20,,,85 FR 16987,hts_note
2024_rev_2,9903.88.12,20,,,85 FR 16987,hts_note
2024_rev_2,9903.88.13,20,,,85 FR 16987,hts_note
2024_rev_2,9903.88.14,20,,,85 FR 16987,hts_note
2024_rev_2,9903.88.15,20,,,85 FR 16987,hts_note
2024_rev_2,9903.88.16,20,,,85 FR 16987,hts_note
2024_rev_2,9903.88.17,20,,,85 FR 16987,hts_note
2024_rev_2,9903.88.18,20,,,85 FR 16987,hts_note
2024_rev_2,9903.88.19,20,,,85 FR 16987,hts_note
2024_rev_2,9903.88.20,20,,,85 FR 16987,hts_note
2024_rev_2,9903.88.21,20,,,85 FR 16987,hts_note
2024_rev_2,9903.88.22,20,,,85 FR 16987,hts_note
2024_rev_2,9903.88.23,20,,,85 FR 16987,hts_note
2024_rev_2,9903.88.24,20,,,85 FR 16987,hts_note
2024_rev_2,9903.88.25,20,,,85 FR 16987,hts_note
2024_rev_2,9903.88.26,20,,,85 FR 16987,hts_note
2024_rev_2,9903.88.27,20,,,85 FR 16987,hts_note
2024_rev_2,9903.88.28,20,,,85 FR 16987,hts_note
2024_rev_2,9903.88.33,20,,,85 FR 16987,hts_note
2024_rev_2,9903.88.34,20,,,85 FR 16987,hts_note
2024_rev_2,9903.88.35,20,,,85 FR 16987,hts_note
2024_rev_2,9903.88.36,20,,,85 FR 16987,hts_note
2024_rev_2,9903.88.37,20,,,85 FR 16987,hts_note
2024_rev_2,9903.88.38,20,,,85 FR 16987,hts_note
2024_rev_2,9903.88.39,20,,,85 FR 16987,hts_note
2024_rev_2,9903.88.40,20,,,85 FR 16987,hts_note
2024_rev_2,9903.88.41,20,,,85 FR 16987,hts_note
2024_rev_2,9903.88.42,20,,,85 FR 16987,hts_note
2024_rev_2,9903.88.43,20,,,85 FR 16987,hts_note
2024_rev_2,9903.88.44,20,,,85 FR 16987,hts_note
2024_rev_2,9903.88.45,20,,,85 FR 16987,hts_note
2024_rev_2,9903.88.46,20,,,85 FR 16987,hts_note
2024_rev_2,9903.88.47,20,,,85 FR 16987,hts_note
2024_rev_2,9903.88.48,20,,,85 FR 16987,hts_note
2024_rev_2,9903.88.49,20,,,85 FR 16987,hts_note
2024_rev_2,9903.88.50,20,,,85 FR 16987,hts_note
2024_rev_2,9903.88.51,20,,,85 FR 16987,hts_note
2024_rev_2,9903.88.52,20,,,85 FR 16987,hts_note
2024_rev_2,9903.88.53,20,,,85 FR 16987,hts_note
2024_rev_2,9903.88.54,20,,,85 FR 16987,hts_note
2024_rev_2,9903.88.55,20,,,85 FR 16987,hts_note
2024_rev_2,9903.88.56,20,,,85 FR 16987,hts_note
2024_rev_2,9903.88.57,20,,,85 FR 16987,hts_note
2024_rev_2,9903.88.58,20,,,85 FR 16987,hts_note
2024_rev_2,9903.88.59,20,,,85 FR 16987,hts_note
2024_rev_2,9903.88.60,20,,,85 FR 16987,hts_note
2024_rev_2,9903.88.61,20,,,85 FR 16987,hts_note
2024_rev_2,9903.88.62,20,,,85 FR 16987,hts_note
2024_rev_2,9903.88.63,20,,,85 FR 16987,hts_note
2024_rev_2,9903.88.64,20,,,85 FR 16987,hts_note
2024_rev_2,9903.88.65,20,,,85 FR 16987,hts_note
2024_rev_2,9903.88.66,20,,,85 FR 16987,hts_note
2024_rev_2,9903.88.67,20,,,85 FR 16987,hts_note
2024_rev_2,9903.88.68,20,,,85 FR 16987,hts_note
2024_rev_2,9903.89.05,21,Proclamation 9223,,,hts_note
2024_rev_2,9903.89.10,21,Proclamation 9223,,,hts_note
2024_rev_2,9903.89.13,21,Proclamation 9223,,,hts_note
2024_rev_2,9903.89.16,21,Proclamation 9223,,,hts_note
2024_rev_2,9903.89.19,21,Proclamation 9223,,,hts_note
2024_rev_2,9903.89.22,21,Proclamation 9223,,,hts_note
2024_rev_2,9903.89.25,21,Proclamation 9223,,,hts_note
2024_rev_2,9903.89.28,21,Proclamation 9223,,,hts_note
2024_rev_2,9903.89.31,21,Proclamation 9223,,,hts_note
2024_rev_2,9903.89.34,21,Proclamation 9223,,,hts_note
2024_rev_2,9903.89.37,21,Proclamation 9223,,,hts_note
2024_rev_2,9903.89.40,21,Proclamation 9223,,,hts_note
2024_rev_2,9903.89.43,21,Proclamation 9223,,,hts_note
2024_rev_2,9903.89.46,21,Proclamation 9223,,,hts_note
2024_rev_2,9903.89.49,21,Proclamation 9223,,,hts_note
2024_rev_2,9903.89.52,21,Proclamation 9223,,,hts_note
2024_rev_2,9903.89.55,21,Proclamation 9223,,,hts_note
2024_rev_2,9903.89.57,21,Proclamation 9223,,,hts_note
2024_rev_2,9903.89.61,21,Proclamation 9223,,,hts_note
2024_rev_2,9903.90.08,30,Proclamation 10588,,85 FR 54882,hts_note
2024_rev_2,9903.90.09,30,Proclamation 10588,,85 FR 54882,hts_note
2024_rev_3,9903.88.01,20,,,85 FR 16987,hts_note
2024_rev_3,9903.88.02,20,,,85 FR 16987,hts_note
2024_rev_3,9903.88.03,20,,,85 FR 16987,hts_note
2024_rev_3,9903.88.04,20,,,85 FR 16987,hts_note
2024_rev_3,9903.88.05,20,,,85 FR 16987,hts_note
2024_rev_3,9903.88.06,20,,,85 FR 16987,hts_note
2024_rev_3,9903.88.07,20,,,85 FR 16987,hts_note
2024_rev_3,9903.88.08,20,,,85 FR 16987,hts_note
2024_rev_3,9903.88.09,20,,,85 FR 16987,hts_note
2024_rev_3,9903.88.10,20,,,85 FR 16987,hts_note
2024_rev_3,9903.88.11,20,,,85 FR 16987,hts_note
2024_rev_3,9903.88.12,20,,,85 FR 16987,hts_note
2024_rev_3,9903.88.13,20,,,85 FR 16987,hts_note
2024_rev_3,9903.88.14,20,,,85 FR 16987,hts_note
2024_rev_3,9903.88.15,20,,,85 FR 16987,hts_note
2024_rev_3,9903.88.16,20,,,85 FR 16987,hts_note
2024_rev_3,9903.88.17,20,,,85 FR 16987,hts_note
2024_rev_3,9903.88.18,20,,,85 FR 16987,hts_note
2024_rev_3,9903.88.19,20,,,85 FR 16987,hts_note
2024_rev_3,9903.88.20,20,,,85 FR 16987,hts_note
2024_rev_3,9903.88.21,20,,,85 FR 16987,hts_note
2024_rev_3,9903.88.22,20,,,85 FR 16987,hts_note
2024_rev_3,9903.88.23,20,,,85 FR 16987,hts_note
2024_rev_3,9903.88.24,20,,,85 FR 16987,hts_note
2024_rev_3,9903.88.25,20,,,85 FR 16987,hts_note
2024_rev_3,9903.88.26,20,,,85 FR 16987,hts_note
2024_rev_3,9903.88.27,20,,,85 FR 16987,hts_note
2024_rev_3,9903.88.28,20,,,85 FR 16987,hts_note
2024_rev_3,9903.88.33,20,,,85 FR 16987,hts_note
2024_rev_3,9903.88.34,20,,,85 FR 16987,hts_note
2024_rev_3,9903.88.35,20,,,85 FR 16987,hts_note
2024_rev_3,9903.88.36,20,,,85 FR 16987,hts_note
2024_rev_3,9903.88.37,20,,,85 FR 16987,hts_note
2024_rev_3,9903.88.38,20,,,85 FR 16987,hts_note
2024_rev_3,9903.88.39,20,,,85 FR 16987,hts_note
2024_rev_3,9903.88.40,20,,,85 FR 16987,hts_note
2024_rev_3,9903.88.41,20,,,85 FR 16987,hts_note
2024_rev_3,9903.88.42,20,,,85 FR 16987,hts_note
2024_rev_3,9903.88.43,20,,,85 FR 16987,hts_note
2024_rev_3,9903.88.44,20,,,85 FR 16987,hts_note
2024_rev_3,9903.88.45,20,,,85 FR 16987,hts_note
2024_rev_3,9903.88.46,20,,,85 FR 16987,hts_note
2024_rev_3,9903.88.47,20,,,85 FR 16987,hts_note
2024_rev_3,9903.88.48,20,,,85 FR 16987,hts_note
2024_rev_3,9903.88.49,20,,,85 FR 16987,hts_note
2024_rev_3,9903.88.50,20,,,85 FR 16987,hts_note
2024_rev_3,9903.88.51,20,,,85 FR 16987,hts_note
2024_rev_3,9903.88.52,20,,,85 FR 16987,hts_note
2024_rev_3,9903.88.53,20,,,85 FR 16987,hts_note
2024_rev_3,9903.88.54,20,,,85 FR 16987,hts_note
2024_rev_3,9903.88.55,20,,,85 FR 16987,hts_note
2024_rev_3,9903.88.56,20,,,85 FR 16987,hts_note
2024_rev_3,9903.88.57,20,,,85 FR 16987,hts_note
2024_rev_3,9903.88.58,20,,,85 FR 16987,hts_note
2024_rev_3,9903.88.59,20,,,85 FR 16987,hts_note
2024_rev_3,9903.88.60,20,,,85 FR 16987,hts_note
2024_rev_3,9903.88.61,20,,,85 FR 16987,hts_note
2024_rev_3,9903.88.62,20,,,85 FR 16987,hts_note
2024_rev_3,9903.88.63,20,,,85 FR 16987,hts_note
2024_rev_3,9903.88.64,20,,,85 FR 16987,hts_note
2024_rev_3,9903.88.65,20,,,85 FR 16987,hts_note
2024_rev_3,9903.88.66,20,,,85 FR 16987,hts_note
2024_rev_3,9903.88.67,20,,,85 FR 16987,hts_note
2024_rev_3,9903.88.68,20,,,85 FR 16987,hts_note
2024_rev_3,9903.88.69,20,,,85 FR 16987,hts_note
2024_rev_3,9903.89.05,21,Proclamation 9223,,,hts_note
2024_rev_3,9903.89.10,21,Proclamation 9223,,,hts_note
2024_rev_3,9903.89.13,21,Proclamation 9223,,,hts_note
2024_rev_3,9903.89.16,21,Proclamation 9223,,,hts_note
2024_rev_3,9903.89.19,21,Proclamation 9223,,,hts_note
2024_rev_3,9903.89.22,21,Proclamation 9223,,,hts_note
2024_rev_3,9903.89.25,21,Proclamation 9223,,,hts_note
2024_rev_3,9903.89.28,21,Proclamation 9223,,,hts_note
2024_rev_3,9903.89.31,21,Proclamation 9223,,,hts_note
2024_rev_3,9903.89.34,21,Proclamation 9223,,,hts_note
2024_rev_3,9903.89.37,21,Proclamation 9223,,,hts_note
2024_rev_3,9903.89.40,21,Proclamation 9223,,,hts_note
2024_rev_3,9903.89.43,21,Proclamation 9223,,,hts_note
2024_rev_3,9903.89.46,21,Proclamation 9223,,,hts_note
2024_rev_3,9903.89.49,21,Proclamation 9223,,,hts_note
2024_rev_3,9903.89.52,21,Proclamation 9223,,,hts_note
2024_rev_3,9903.89.55,21,Proclamation 9223,,,hts_note
2024_rev_3,9903.89.57,21,Proclamation 9223,,,hts_note
2024_rev_3,9903.89.61,21,Proclamation 9223,,,hts_note
2024_rev_3,9903.90.08,30,,,85 FR 54882,hts_note
2024_rev_3,9903.90.09,30,,,85 FR 54882,hts_note
2024_rev_4,9903.88.01,20,,,85 FR 16987,hts_note
2024_rev_4,9903.88.02,20,,,85 FR 16987,hts_note
2024_rev_4,9903.88.03,20,,,85 FR 16987,hts_note
2024_rev_4,9903.88.04,20,,,85 FR 16987,hts_note
2024_rev_4,9903.88.05,20,,,85 FR 16987,hts_note
2024_rev_4,9903.88.06,20,,,85 FR 16987,hts_note
2024_rev_4,9903.88.07,20,,,85 FR 16987,hts_note
2024_rev_4,9903.88.08,20,,,85 FR 16987,hts_note
2024_rev_4,9903.88.09,20,,,85 FR 16987,hts_note
2024_rev_4,9903.88.10,20,,,85 FR 16987,hts_note
2024_rev_4,9903.88.11,20,,,85 FR 16987,hts_note
2024_rev_4,9903.88.12,20,,,85 FR 16987,hts_note
2024_rev_4,9903.88.13,20,,,85 FR 16987,hts_note
2024_rev_4,9903.88.14,20,,,85 FR 16987,hts_note
2024_rev_4,9903.88.15,20,,,85 FR 16987,hts_note
2024_rev_4,9903.88.16,20,,,85 FR 16987,hts_note
2024_rev_4,9903.88.17,20,,,85 FR 16987,hts_note
2024_rev_4,9903.88.18,20,,,85 FR 16987,hts_note
2024_rev_4,9903.88.19,20,,,85 FR 16987,hts_note
2024_rev_4,9903.88.20,20,,,85 FR 16987,hts_note
2024_rev_4,9903.88.21,20,,,85 FR 16987,hts_note
2024_rev_4,9903.88.22,20,,,85 FR 16987,hts_note
2024_rev_4,9903.88.23,20,,,85 FR 16987,hts_note
2024_rev_4,9903.88.24,20,,,85 FR 16987,hts_note
2024_rev_4,9903.88.25,20,,,85 FR 16987,hts_note
2024_rev_4,9903.88.26,20,,,85 FR 16987,hts_note
2024_rev_4,9903.88.27,20,,,85 FR 16987,hts_note
2024_rev_4,9903.88.28,20,,,85 FR 16987,hts_note
2024_rev_4,9903.88.33,20,,,85 FR 16987,hts_note
2024_rev_4,9903.88.34,20,,,85 FR 16987,hts_note
2024_rev_4,9903.88.35,20,,,85 FR 16987,hts_note
2024_rev_4,9903.88.36,20,,,85 FR 16987,hts_note
2024_rev_4,9903.88.37,20,,,85 FR 16987,hts_note
2024_rev_4,9903.88.38,20,,,85 FR 16987,hts_note
2024_rev_4,9903.88.39,20,,,85 FR 16987,hts_note
2024_rev_4,9903.88.40,20,,,85 FR 16987,hts_note
2024_rev_4,9903.88.41,20,,,85 FR 16987,hts_note
2024_rev_4,9903.88.42,20,,,85 FR 16987,hts_note
2024_rev_4,9903.88.43,20,,,85 FR 16987,hts_note
2024_rev_4,9903.88.44,20,,,85 FR 16987,hts_note
2024_rev_4,9903.88.45,20,,,85 FR 16987,hts_note
2024_rev_4,9903.88.46,20,,,85 FR 16987,hts_note
2024_rev_4,9903.88.47,20,,,85 FR 16987,hts_note
2024_rev_4,9903.88.48,20,,,85 FR 16987,hts_note
2024_rev_4,9903.88.49,20,,,85 FR 16987,hts_note
2024_rev_4,9903.88.50,20,,,85 FR 16987,hts_note
2024_rev_4,9903.88.51,20,,,85 FR 16987,hts_note
2024_rev_4,9903.88.52,20,,,85 FR 16987,hts_note
2024_rev_4,9903.88.53,20,,,85 FR 16987,hts_note
2024_rev_4,9903.88.54,20,,,85 FR 16987,hts_note
2024_rev_4,9903.88.55,20,,,85 FR 16987,hts_note
2024_rev_4,9903.88.56,20,,,85 FR 16987,hts_note
2024_rev_4,9903.88.57,20,,,85 FR 16987,hts_note
2024_rev_4,9903.88.58,20,,,85 FR 16987,hts_note
2024_rev_4,9903.88.59,20,,,85 FR 16987,hts_note
2024_rev_4,9903.88.60,20,,,85 FR 16987,hts_note
2024_rev_4,9903.88.61,20,,,85 FR 16987,hts_note
2024_rev_4,9903.88.62,20,,,85 FR 16987,hts_note
2024_rev_4,9903.88.63,20,,,85 FR 16987,hts_note
2024_rev_4,9903.88.64,20,,,85 FR 16987,hts_note
2024_rev_4,9903.88.65,20,,,85 FR 16987,hts_note
2024_rev_4,9903.88.66,20,,,85 FR 16987,hts_note
2024_rev_4,9903.88.67,20,,,85 FR 16987,hts_note
2024_rev_4,9903.88.68,20,,,85 FR 16987,hts_note
2024_rev_4,9903.88.69,20,,,85 FR 16987,hts_note
2024_rev_4,9903.89.05,21,Proclamation 9223,,,hts_note
2024_rev_4,9903.89.10,21,Proclamation 9223,,,hts_note
2024_rev_4,9903.89.13,21,Proclamation 9223,,,hts_note
2024_rev_4,9903.89.16,21,Proclamation 9223,,,hts_note
2024_rev_4,9903.89.19,21,Proclamation 9223,,,hts_note
2024_rev_4,9903.89.22,21,Proclamation 9223,,,hts_note
2024_rev_4,9903.89.25,21,Proclamation 9223,,,hts_note
2024_rev_4,9903.89.28,21,Proclamation 9223,,,hts_note
2024_rev_4,9903.89.31,21,Proclamation 9223,,,hts_note
2024_rev_4,9903.89.34,21,Proclamation 9223,,,hts_note
2024_rev_4,9903.89.37,21,Proclamation 9223,,,hts_note
2024_rev_4,9903.89.40,21,Proclamation 9223,,,hts_note
2024_rev_4,9903.89.43,21,Proclamation 9223,,,hts_note
2024_rev_4,9903.89.46,21,Proclamation 9223,,,hts_note
2024_rev_4,9903.89.49,21,Proclamation 9223,,,hts_note
2024_rev_4,9903.89.52,21,Proclamation 9223,,,hts_note
2024_rev_4,9903.89.55,21,Proclamation 9223,,,hts_note
2024_rev_4,9903.89.57,21,Proclamation 9223,,,hts_note
2024_rev_4,9903.89.61,21,Proclamation 9223,,,hts_note
2024_rev_4,9903.90.08,30,,,85 FR 54882,hts_note
2024_rev_4,9903.90.09,30,,,85 FR 54882,hts_note
2024_rev_5,9903.85.01,19,Proclamation 10522,,,hts_note
2024_rev_5,9903.85.03,19,Proclamation 10522,,,hts_note
2024_rev_5,9903.85.21,19,Proclamation 10522,,,hts_note
2024_rev_5,9903.85.25,19,Proclamation 10522,,,hts_note
2024_rev_5,9903.85.71,19,Proclamation 10522,,,hts_note
2024_rev_5,9903.85.72,19,Proclamation 10522,,,hts_note
2024_rev_5,9903.88.01,20,,,85 FR 16987,hts_note
2024_rev_5,9903.88.02,20,,,85 FR 16987,hts_note
2024_rev_5,9903.88.03,20,,,85 FR 16987,hts_note
2024_rev_5,9903.88.04,20,,,85 FR 16987,hts_note
2024_rev_5,9903.88.05,20,,,85 FR 16987,hts_note
2024_rev_5,9903.88.06,20,,,85 FR 16987,hts_note
2024_rev_5,9903.88.07,20,,,85 FR 16987,hts_note
2024_rev_5,9903.88.08,20,,,85 FR 16987,hts_note
2024_rev_5,9903.88.09,20,,,85 FR 16987,hts_note
2024_rev_5,9903.88.10,20,,,85 FR 16987,hts_note
2024_rev_5,9903.88.11,20,,,85 FR 16987,hts_note
2024_rev_5,9903.88.12,20,,,85 FR 16987,hts_note
2024_rev_5,9903.88.13,20,,,85 FR 16987,hts_note
2024_rev_5,9903.88.14,20,,,85 FR 16987,hts_note
2024_rev_5,9903.88.15,20,,,85 FR 16987,hts_note
2024_rev_5,9903.88.16,20,,,85 FR 16987,hts_note
2024_rev_5,9903.88.17,20,,,85 FR 16987,hts_note
2024_rev_5,9903.88.18,20,,,85 FR 16987,hts_note
2024_rev_5,9903.88.19,20,,,85 FR 16987,hts_note
2024_rev_5,9903.88.20,20,,,85 FR 16987,hts_note
2024_rev_5,9903.88.21,20,,,85 FR 16987,hts_note
2024_rev_5,9903.88.22,20,,,85 FR 16987,hts_note
2024_rev_5,9903.88.23,20,,,85 FR 16987,hts_note
2024_rev_5,9903.88.24,20,,,85 FR 16987,hts_note
2024_rev_5,9903.88.25,20,,,85 FR 16987,hts_note
2024_rev_5,9903.88.26,20,,,85 FR 16987,hts_note
2024_rev_5,9903.88.27,20,,,85 FR 16987,hts_note
2024_rev_5,9903.88.28,20,,,85 FR 16987,hts_note
2024_rev_5,9903.88.33,20,,,85 FR 16987,hts_note
2024_rev_5,9903.88.34,20,,,85 FR 16987,hts_note
2024_rev_5,9903.88.35,20,,,85 FR 16987,hts_note
2024_rev_5,9903.88.36,20,,,85 FR 16987,hts_note
2024_rev_5,9903.88.37,20,,,85 FR 16987,hts_note
2024_rev_5,9903.88.38,20,,,85 FR 16987,hts_note
2024_rev_5,9903.88.39,20,,,85 FR 16987,hts_note
2024_rev_5,9903.88.40,20,,,85 FR 16987,hts_note
2024_rev_5,9903.88.41,20,,,85 FR 16987,hts_note
2024_rev_5,9903.88.42,20,,,85 FR 16987,hts_note
2024_rev_5,9903.88.43,20,,,85 FR 16987,hts_note
2024_rev_5,9903.88.44,20,,,85 FR 16987,hts_note
2024_rev_5,9903.88.45,20,,,85 FR 16987,hts_note
2024_rev_5,9903.88.46,20,,,85 FR 16987,hts_note
2024_rev_5,9903.88.47,20,,,85 FR 16987,hts_note
2024_rev_5,9903.88.48,20,,,85 FR 16987,hts_note
2024_rev_5,9903.88.49,20,,,85 FR 16987,hts_note
2024_rev_5,9903.88.50,20,,,85 FR 16987,hts_note
2024_rev_5,9903.88.51,20,,,85 FR 16987,hts_note
2024_rev_5,9903.88.52,20,,,85 FR 16987,hts_note
2024_rev_5,9903.88.53,20,,,85 FR 16987,hts_note
2024_rev_5,9903.88.54,20,,,85 FR 16987,hts_note
2024_rev_5,9903.88.55,20,,,85 FR 16987,hts_note
2024_rev_5,9903.88.56,20,,,85 FR 16987,hts_note
2024_rev_5,9903.88.57,20,,,85 FR 16987,hts_note
2024_rev_5,9903.88.58,20,,,85 FR 16987,hts_note
2024_rev_5,9903.88.59,20,,,85 FR 16987,hts_note
2024_rev_5,9903.88.60,20,,,85 FR 16987,hts_note
2024_rev_5,9903.88.61,20,,,85 FR 16987,hts_note
2024_rev_5,9903.88.62,20,,,85 FR 16987,hts_note
2024_rev_5,9903.88.63,20,,,85 FR 16987,hts_note
2024_rev_5,9903.88.64,20,,,85 FR 16987,hts_note
2024_rev_5,9903.88.65,20,,,85 FR 16987,hts_note
2024_rev_5,9903.88.66,20,,,85 FR 16987,hts_note
2024_rev_5,9903.88.67,20,,,85 FR 16987,hts_note
2024_rev_5,9903.88.68,20,,,85 FR 16987,hts_note
2024_rev_5,9903.88.69,20,,,85 FR 16987,hts_note
2024_rev_5,9903.89.05,21,Proclamation 9223,,,hts_note
2024_rev_5,9903.89.10,21,Proclamation 9223,,,hts_note
2024_rev_5,9903.89.13,21,Proclamation 9223,,,hts_note
2024_rev_5,9903.89.16,21,Proclamation 9223,,,hts_note
2024_rev_5,9903.89.19,21,Proclamation 9223,,,hts_note
2024_rev_5,9903.89.22,21,Proclamation 9223,,,hts_note
2024_rev_5,9903.89.25,21,Proclamation 9223,,,hts_note
2024_rev_5,9903.89.28,21,Proclamation 9223,,,hts_note
2024_rev_5,9903.89.31,21,Proclamation 9223,,,hts_note
2024_rev_5,9903.89.34,21,Proclamation 9223,,,hts_note
2024_rev_5,9903.89.37,21,Proclamation 9223,,,hts_note
2024_rev_5,9903.89.40,21,Proclamation 9223,,,hts_note
2024_rev_5,9903.89.43,21,Proclamation 9223,,,hts_note
2024_rev_5,9903.89.46,21,Proclamation 9223,,,hts_note
2024_rev_5,9903.89.49,21,Proclamation 9223,,,hts_note
2024_rev_5,9903.89.52,21,Proclamation 9223,,,hts_note
2024_rev_5,9903.89.55,21,Proclamation 9223,,,hts_note
2024_rev_5,9903.89.57,21,Proclamation 9223,,,hts_note
2024_rev_5,9903.89.61,21,Proclamation 9223,,,hts_note
2024_rev_5,9903.90.08,30,,,85 FR 54882,hts_note
2024_rev_5,9903.90.09,30,,,85 FR 54882,hts_note
2024_rev_6,9903.85.01,19,Proclamation 10522,,,hts_note
2024_rev_6,9903.85.03,19,Proclamation 10522,,,hts_note
2024_rev_6,9903.85.21,19,Proclamation 10522,,,hts_note
2024_rev_6,9903.85.25,19,Proclamation 10522,,,hts_note
2024_rev_6,9903.85.71,19,Proclamation 10522,,,hts_note
2024_rev_6,9903.85.72,19,Proclamation 10522,,,hts_note
2024_rev_6,9903.88.01,20,,,85 FR 16987,hts_note
2024_rev_6,9903.88.02,20,,,85 FR 16987,hts_note
2024_rev_6,9903.88.03,20,,,85 FR 16987,hts_note
2024_rev_6,9903.88.04,20,,,85 FR 16987,hts_note
2024_rev_6,9903.88.05,20,,,85 FR 16987,hts_note
2024_rev_6,9903.88.06,20,,,85 FR 16987,hts_note
2024_rev_6,9903.88.07,20,,,85 FR 16987,hts_note
2024_rev_6,9903.88.08,20,,,85 FR 16987,hts_note
2024_rev_6,9903.88.09,20,,,85 FR 16987,hts_note
2024_rev_6,9903.88.10,20,,,85 FR 16987,hts_note
2024_rev_6,9903.88.11,20,,,85 FR 16987,hts_note
2024_rev_6,9903.88.12,20,,,85 FR 16987,hts_note
2024_rev_6,9903.88.13,20,,,85 FR 16987,hts_note
2024_rev_6,9903.88.14,20,,,85 FR 16987,hts_note
2024_rev_6,9903.88.15,20,,,85 FR 16987,hts_note
2024_rev_6,9903.88.16,20,,,85 FR 16987,hts_note
2024_rev_6,9903.88.17,20,,,85 FR 16987,hts_note
2024_rev_6,9903.88.18,20,,,85 FR 16987,hts_note
2024_rev_6,9903.88.19,20,,,85 FR 16987,hts_note
2024_rev_6,9903.88.20,20,,,85 FR 16987,hts_note
2024_rev_6,9903.88.21,20,,,85 FR 16987,hts_note
2024_rev_6,9903.88.22,20,,,85 FR 16987,hts_note
2024_rev_6,9903.88.23,20,,,85 FR 16987,hts_note
2024_rev_6,9903.88.24,20,,,85 FR 16987,hts_note
2024_rev_6,9903.88.25,20,,,85 FR 16987,hts_note
2024_rev_6,9903.88.26,20,,,85 FR 16987,hts_note
2024_rev_6,9903.88.27,20,,,85 FR 16987,hts_note
2024_rev_6,9903.88.28,20,,,85 FR 16987,hts_note
2024_rev_6,9903.88.33,20,,,85 FR 16987,hts_note
2024_rev_6,9903.88.34,20,,,85 FR 16987,hts_note
2024_rev_6,9903.88.35,20,,,85 FR 16987,hts_note
2024_rev_6,9903.88.36,20,,,85 FR 16987,hts_note
2024_rev_6,9903.88.37,20,,,85 FR 16987,hts_note
2024_rev_6,9903.88.38,20,,,85 FR 16987,hts_note
2024_rev_6,9903.88.39,20,,,85 FR 16987,hts_note
2024_rev_6,9903.88.40,20,,,85 FR 16987,hts_note
2024_rev_6,9903.88.41,20,,,85 FR 16987,hts_note
2024_rev_6,9903.88.42,20,,,85 FR 16987,hts_note
2024_rev_6,9903.88.43,20,,,85 FR 16987,hts_note
2024_rev_6,9903.88.44,20,,,85 FR 16987,hts_note
2024_rev_6,9903.88.45,20,,,85 FR 16987,hts_note
2024_rev_6,9903.88.46,20,,,85 FR 16987,hts_note
2024_rev_6,9903.88.47,20,,,85 FR 16987,hts_note
2024_rev_6,9903.88.48,20,,,85 FR 16987,hts_note
2024_rev_6,9903.88.49,20,,,85 FR 16987,hts_note
2024_rev_6,9903.88.50,20,,,85 FR 16987,hts_note
2024_rev_6,9903.88.51,20,,,85 FR 16987,hts_note
2024_rev_6,9903.88.52,20,,,85 FR 16987,hts_note
2024_rev_6,9903.88.53,20,,,85 FR 16987,hts_note
2024_rev_6,9903.88.54,20,,,85 FR 16987,hts_note
2024_rev_6,9903.88.55,20,,,85 FR 16987,hts_note
2024_rev_6,9903.88.56,20,,,85 FR 16987,hts_note
2024_rev_6,9903.88.57,20,,,85 FR 16987,hts_note
2024_rev_6,9903.88.58,20,,,85 FR 16987,hts_note
2024_rev_6,9903.88.59,20,,,85 FR 16987,hts_note
2024_rev_6,9903.88.60,20,,,85 FR 16987,hts_note
2024_rev_6,9903.88.61,20,,,85 FR 16987,hts_note
2024_rev_6,9903.88.62,20,,,85 FR 16987,hts_note
2024_rev_6,9903.88.63,20,,,85 FR 16987,hts_note
2024_rev_6,9903.88.64,20,,,85 FR 16987,hts_note
2024_rev_6,9903.88.65,20,,,85 FR 16987,hts_note
2024_rev_6,9903.88.66,20,,,85 FR 16987,hts_note
2024_rev_6,9903.88.67,20,,,85 FR 16987,hts_note
2024_rev_6,9903.88.68,20,,,85 FR 16987,hts_note
2024_rev_6,9903.88.69,20,,,85 FR 16987,hts_note
2024_rev_6,9903.89.05,21,Proclamation 9223,,,hts_note
2024_rev_6,9903.89.10,21,Proclamation 9223,,,hts_note
2024_rev_6,9903.89.13,21,Proclamation 9223,,,hts_note
2024_rev_6,9903.89.16,21,Proclamation 9223,,,hts_note
2024_rev_6,9903.89.19,21,Proclamation 9223,,,hts_note
2024_rev_6,9903.89.22,21,Proclamation 9223,,,hts_note
2024_rev_6,9903.89.25,21,Proclamation 9223,,,hts_note
2024_rev_6,9903.89.28,21,Proclamation 9223,,,hts_note
2024_rev_6,9903.89.31,21,Proclamation 9223,,,hts_note
2024_rev_6,9903.89.34,21,Proclamation 9223,,,hts_note
2024_rev_6,9903.89.37,21,Proclamation 9223,,,hts_note
2024_rev_6,9903.89.40,21,Proclamation 9223,,,hts_note
2024_rev_6,9903.89.43,21,Proclamation 9223,,,hts_note
2024_rev_6,9903.89.46,21,Proclamation 9223,,,hts_note
2024_rev_6,9903.89.49,21,Proclamation 9223,,,hts_note
2024_rev_6,9903.89.52,21,Proclamation 9223,,,hts_note
2024_rev_6,9903.89.55,21,Proclamation 9223,,,hts_note
2024_rev_6,9903.89.57,21,Proclamation 9223,,,hts_note
2024_rev_6,9903.89.61,21,Proclamation 9223,,,hts_note
2024_rev_6,9903.90.08,30,,,85 FR 54882,hts_note
2024_rev_6,9903.90.09,30,,,85 FR 54882,hts_note
2024_rev_7,9903.85.01,19,Proclamation 10522,,,hts_note
2024_rev_7,9903.85.03,19,Proclamation 10522,,,hts_note
2024_rev_7,9903.85.21,19,Proclamation 10522,,,hts_note
2024_rev_7,9903.85.25,19,Proclamation 10522,,,hts_note
2024_rev_7,9903.85.71,19,Proclamation 10522,,,hts_note
2024_rev_7,9903.85.72,19,Proclamation 10522,,,hts_note
2024_rev_7,9903.88.01,20,,,85 FR 16987,hts_note
2024_rev_7,9903.88.02,20,,,85 FR 16987,hts_note
2024_rev_7,9903.88.03,20,,,85 FR 16987,hts_note
2024_rev_7,9903.88.04,20,,,85 FR 16987,hts_note
2024_rev_7,9903.88.05,20,,,85 FR 16987,hts_note
2024_rev_7,9903.88.06,20,,,85 FR 16987,hts_note
2024_rev_7,9903.88.07,20,,,85 FR 16987,hts_note
2024_rev_7,9903.88.08,20,,,85 FR 16987,hts_note
2024_rev_7,9903.88.09,20,,,85 FR 16987,hts_note
2024_rev_7,9903.88.10,20,,,85 FR 16987,hts_note
2024_rev_7,9903.88.11,20,,,85 FR 16987,hts_note
2024_rev_7,9903.88.12,20,,,85 FR 16987,hts_note
2024_rev_7,9903.88.13,20,,,85 FR 16987,hts_note
2024_rev_7,9903.88.14,20,,,85 FR 16987,hts_note
2024_rev_7,9903.88.15,20,,,85 FR 16987,hts_note
2024_rev_7,9903.88.16,20,,,85 FR 16987,hts_note
2024_rev_7,9903.88.17,20,,,85 FR 16987,hts_note
2024_rev_7,9903.88.18,20,,,85 FR 16987,hts_note
2024_rev_7,9903.88.19,20,,,85 FR 16987,hts_note
2024_rev_7,9903.88.20,20,,,85 FR 16987,hts_note
2024_rev_7,9903.88.21,20,,,85 FR 16987,hts_note
2024_rev_7,9903.88.22,20,,,85 FR 16987,hts_note
2024_rev_7,9903.88.23,20,,,85 FR 16987,hts_note
2024_rev_7,9903.88.24,20,,,85 FR 16987,hts_note
2024_rev_7,9903.88.25,20,,,85 FR 16987,hts_note
2024_rev_7,9903.88.26,20,,,85 FR 16987,hts_note
2024_rev_7,9903.88.27,20,,,85 FR 16987,hts_note
2024_rev_7,9903.88.28,20,,,85 FR 16987,hts_note
2024_rev_7,9903.88.33,20,,,85 FR 16987,hts_note
2024_rev_7,9903.88.34,20,,,85 FR 16987,hts_note
2024_rev_7,9903.88.35,20,,,85 FR 16987,hts_note
2024_rev_7,9903.88.36,20,,,85 FR 16987,hts_note
2024_rev_7,9903.88.37,20,,,85 FR 16987,hts_note
2024_rev_7,9903.88.38,20,,,85 FR 16987,hts_note
2024_rev_7,9903.88.39,20,,,85 FR 16987,hts_note
2024_rev_7,9903.88.40,20,,,85 FR 16987,hts_note
2024_rev_7,9903.88.41,20,,,85 FR 16987,hts_note
2024_rev_7,9903.88.42,20,,,85 FR 16987,hts_note
2024_rev_7,9903.88.43,20,,,85 FR 16987,hts_note
2024_rev_7,9903.88.44,20,,,85 FR 16987,hts_note
2024_rev_7,9903.88.45,20,,,85 FR 16987,hts_note
2024_rev_7,9903.88.46,20,,,85 FR 16987,hts_note
2024_rev_7,9903.88.47,20,,,85 FR 16987,hts_note
2024_rev_7,9903.88.48,20,,,85 FR 16987,hts_note
2024_rev_7,9903.88.49,20,,,85 FR 16987,hts_note
2024_rev_7,9903.88.50,20,,,85 FR 16987,hts_note
2024_rev_7,9903.88.51,20,,,85 FR 16987,hts_note
2024_rev_7,9903.88.52,20,,,85 FR 16987,hts_note
2024_rev_7,9903.88.53,20,,,85 FR 16987,hts_note
2024_rev_7,9903.88.54,20,,,85 FR 16987,hts_note
2024_rev_7,9903.88.55,20,,,85 FR 16987,hts_note
2024_rev_7,9903.88.56,20,,,85 FR 16987,hts_note
2024_rev_7,9903.88.57,20,,,85 FR 16987,hts_note
2024_rev_7,9903.88.58,20,,,85 FR 16987,hts_note
2024_rev_7,9903.88.59,20,,,85 FR 16987,hts_note
2024_rev_7,9903.88.60,20,,,85 FR 16987,hts_note
2024_rev_7,9903.88.61,20,,,85 FR 16987,hts_note
2024_rev_7,9903.88.62,20,,,85 FR 16987,hts_note
2024_rev_7,9903.88.63,20,,,85 FR 16987,hts_note
2024_rev_7,9903.88.64,20,,,85 FR 16987,hts_note
2024_rev_7,9903.88.65,20,,,85 FR 16987,hts_note
2024_rev_7,9903.88.66,20,,,85 FR 16987,hts_note
2024_rev_7,9903.88.67,20,,,85 FR 16987,hts_note
2024_rev_7,9903.88.68,20,,,85 FR 16987,hts_note
2024_rev_7,9903.88.69,20,,,85 FR 16987,hts_note
2024_rev_7,9903.89.05,21,Proclamation 9223,,,hts_note
2024_rev_7,9903.89.10,21,Proclamation 9223,,,hts_note
2024_rev_7,9903.89.13,21,Proclamation 9223,,,hts_note
2024_rev_7,9903.89.16,21,Proclamation 9223,,,hts_note
2024_rev_7,9903.89.19,21,Proclamation 9223,,,hts_note
2024_rev_7,9903.89.22,21,Proclamation 9223,,,hts_note
2024_rev_7,9903.89.25,21,Proclamation 9223,,,hts_note
2024_rev_7,9903.89.28,21,Proclamation 9223,,,hts_note
2024_rev_7,9903.89.31,21,Proclamation 9223,,,hts_note
2024_rev_7,9903.89.34,21,Proclamation 9223,,,hts_note
2024_rev_7,9903.89.37,21,Proclamation 9223,,,hts_note
2024_rev_7,9903.89.40,21,Proclamation 9223,,,hts_note
2024_rev_7,9903.89.43,21,Proclamation 9223,,,hts_note
2024_rev_7,9903.89.46,21,Proclamation 9223,,,hts_note
2024_rev_7,9903.89.49,21,Proclamation 9223,,,hts_note
2024_rev_7,9903.89.52,21,Proclamation 9223,,,hts_note
2024_rev_7,9903.89.55,21,Proclamation 9223,,,hts_note
2024_rev_7,9903.89.57,21,Proclamation 9223,,,hts_note
2024_rev_7,9903.89.61,21,Proclamation 9223,,,hts_note
2024_rev_7,9903.90.08,30,,,85 FR 54882,hts_note
2024_rev_7,9903.90.09,30,,,85 FR 54882,hts_note
2024_rev_8,9903.85.01,19,Proclamation 10522,,,hts_note
2024_rev_8,9903.85.03,19,Proclamation 10522,,,hts_note
2024_rev_8,9903.85.21,19,Proclamation 10522,,,hts_note
2024_rev_8,9903.85.25,19,Proclamation 10522,,,hts_note
2024_rev_8,9903.85.71,19,Proclamation 10522,,,hts_note
2024_rev_8,9903.85.72,19,Proclamation 10522,,,hts_note
2024_rev_8,9903.88.01,20,,,85 FR 16987,hts_note
2024_rev_8,9903.88.02,20,,,85 FR 16987,hts_note
2024_rev_8,9903.88.03,20,,,85 FR 16987,hts_note
2024_rev_8,9903.88.04,20,,,85 FR 16987,hts_note
2024_rev_8,9903.88.05,20,,,85 FR 16987,hts_note
2024_rev_8,9903.88.06,20,,,85 FR 16987,hts_note
2024_rev_8,9903.88.07,20,,,85 FR 16987,hts_note
2024_rev_8,9903.88.08,20,,,85 FR 16987,hts_note
2024_rev_8,9903.88.09,20,,,85 FR 16987,hts_note
2024_rev_8,9903.88.10,20,,,85 FR 16987,hts_note
2024_rev_8,9903.88.11,20,,,85 FR 16987,hts_note
2024_rev_8,9903.88.12,20,,,85 FR 16987,hts_note
2024_rev_8,9903.88.13,20,,,85 FR 16987,hts_note
2024_rev_8,9903.88.14,20,,,85 FR 16987,hts_note
2024_rev_8,9903.88.15,20,,,85 FR 16987,hts_note
2024_rev_8,9903.88.16,20,,,85 FR 16987,hts_note
2024_rev_8,9903.88.17,20,,,85 FR 16987,hts_note
2024_rev_8,9903.88.18,20,,,85 FR 16987,hts_note
2024_rev_8,9903.88.19,20,,,85 FR 16987,hts_note
2024_rev_8,9903.88.20,20,,,85 FR 16987,hts_note
2024_rev_8,9903.88.21,20,,,85 FR 16987,hts_note
2024_rev_8,9903.88.22,20,,,85 FR 16987,hts_note
2024_rev_8,9903.88.23,20,,,85 FR 16987,hts_note
2024_rev_8,9903.88.24,20,,,85 FR 16987,hts_note
2024_rev_8,9903.88.25,20,,,85 FR 16987,hts_note
2024_rev_8,9903.88.26,20,,,85 FR 16987,hts_note
2024_rev_8,9903.88.27,20,,,85 FR 16987,hts_note
2024_rev_8,9903.88.28,20,,,85 FR 16987,hts_note
2024_rev_8,9903.88.33,20,,,85 FR 16987,hts_note
2024_rev_8,9903.88.34,20,,,85 FR 16987,hts_note
2024_rev_8,9903.88.35,20,,,85 FR 16987,hts_note
2024_rev_8,9903.88.36,20,,,85 FR 16987,hts_note
2024_rev_8,9903.88.37,20,,,85 FR 16987,hts_note
2024_rev_8,9903.88.38,20,,,85 FR 16987,hts_note
2024_rev_8,9903.88.39,20,,,85 FR 16987,hts_note
2024_rev_8,9903.88.40,20,,,85 FR 16987,hts_note
2024_rev_8,9903.88.41,20,,,85 FR 16987,hts_note
2024_rev_8,9903.88.42,20,,,85 FR 16987,hts_note
2024_rev_8,9903.88.43,20,,,85 FR 16987,hts_note
2024_rev_8,9903.88.44,20,,,85 FR 16987,hts_note
2024_rev_8,9903.88.45,20,,,85 FR 16987,hts_note
2024_rev_8,9903.88.46,20,,,85 FR 16987,hts_note
2024_rev_8,9903.88.47,20,,,85 FR 16987,hts_note
2024_rev_8,9903.88.48,20,,,85 FR 16987,hts_note
2024_rev_8,9903.88.49,20,,,85 FR 16987,hts_note
2024_rev_8,9903.88.50,20,,,85 FR 16987,hts_note
2024_rev_8,9903.88.51,20,,,85 FR 16987,hts_note
2024_rev_8,9903.88.52,20,,,85 FR 16987,hts_note
2024_rev_8,9903.88.53,20,,,85 FR 16987,hts_note
2024_rev_8,9903.88.54,20,,,85 FR 16987,hts_note
2024_rev_8,9903.88.55,20,,,85 FR 16987,hts_note
2024_rev_8,9903.88.56,20,,,85 FR 16987,hts_note
2024_rev_8,9903.88.57,20,,,85 FR 16987,hts_note
2024_rev_8,9903.88.58,20,,,85 FR 16987,hts_note
2024_rev_8,9903.88.59,20,,,85 FR 16987,hts_note
2024_rev_8,9903.88.60,20,,,85 FR 16987,hts_note
2024_rev_8,9903.88.61,20,,,85 FR 16987,hts_note
2024_rev_8,9903.88.62,20,,,85 FR 16987,hts_note
2024_rev_8,9903.88.63,20,,,85 FR 16987,hts_note
2024_rev_8,9903.88.64,20,,,85 FR 16987,hts_note
2024_rev_8,9903.88.65,20,,,85 FR 16987,hts_note
2024_rev_8,9903.88.66,20,,,85 FR 16987,hts_note
2024_rev_8,9903.88.67,20,,,85 FR 16987,hts_note
2024_rev_8,9903.88.68,20,,,85 FR 16987,hts_note
2024_rev_8,9903.88.69,20,,,85 FR 16987,hts_note
2024_rev_8,9903.89.05,21,Proclamation 9223,,,hts_note
2024_rev_8,9903.89.10,21,Proclamation 9223,,,hts_note
2024_rev_8,9903.89.13,21,Proclamation 9223,,,hts_note
2024_rev_8,9903.89.16,21,Proclamation 9223,,,hts_note
2024_rev_8,9903.89.19,21,Proclamation 9223,,,hts_note
2024_rev_8,9903.89.22,21,Proclamation 9223,,,hts_note
2024_rev_8,9903.89.25,21,Proclamation 9223,,,hts_note
2024_rev_8,9903.89.28,21,Proclamation 9223,,,hts_note
2024_rev_8,9903.89.31,21,Proclamation 9223,,,hts_note
2024_rev_8,9903.89.34,21,Proclamation 9223,,,hts_note
2024_rev_8,9903.89.37,21,Proclamation 9223,,,hts_note
2024_rev_8,9903.89.40,21,Proclamation 9223,,,hts_note
2024_rev_8,9903.89.43,21,Proclamation 9223,,,hts_note
2024_rev_8,9903.89.46,21,Proclamation 9223,,,hts_note
2024_rev_8,9903.89.49,21,Proclamation 9223,,,hts_note
2024_rev_8,9903.89.52,21,Proclamation 9223,,,hts_note
2024_rev_8,9903.89.55,21,Proclamation 9223,,,hts_note
2024_rev_8,9903.89.57,21,Proclamation 9223,,,hts_note
2024_rev_8,9903.89.61,21,Proclamation 9223,,,hts_note
2024_rev_8,9903.90.08,30,,,85 FR 54882,hts_note
2024_rev_8,9903.90.09,30,,,85 FR 54882,hts_note
2024_rev_9,9903.85.01,19,Proclamation 10522,,,hts_note
2024_rev_9,9903.85.03,19,Proclamation 10522,,,hts_note
2024_rev_9,9903.85.21,19,Proclamation 10522,,,hts_note
2024_rev_9,9903.85.25,19,Proclamation 10522,,,hts_note
2024_rev_9,9903.85.71,19,Proclamation 10522,,,hts_note
2024_rev_9,9903.85.72,19,Proclamation 10522,,,hts_note
2024_rev_9,9903.88.01,20,,,85 FR 16987,hts_note
2024_rev_9,9903.88.02,20,,,85 FR 16987,hts_note
2024_rev_9,9903.88.03,20,,,85 FR 16987,hts_note
2024_rev_9,9903.88.04,20,,,85 FR 16987,hts_note
2024_rev_9,9903.88.05,20,,,85 FR 16987,hts_note
2024_rev_9,9903.88.06,20,,,85 FR 16987,hts_note
2024_rev_9,9903.88.07,20,,,85 FR 16987,hts_note
2024_rev_9,9903.88.08,20,,,85 FR 16987,hts_note
2024_rev_9,9903.88.09,20,,,85 FR 16987,hts_note
2024_rev_9,9903.88.10,20,,,85 FR 16987,hts_note
2024_rev_9,9903.88.11,20,,,85 FR 16987,hts_note
2024_rev_9,9903.88.12,20,,,85 FR 16987,hts_note
2024_rev_9,9903.88.13,20,,,85 FR 16987,hts_note
2024_rev_9,9903.88.14,20,,,85 FR 16987,hts_note
2024_rev_9,9903.88.15,20,,,85 FR 16987,hts_note
2024_rev_9,9903.88.16,20,,,85 FR 16987,hts_note
2024_rev_9,9903.88.17,20,,,85 FR 16987,hts_note
2024_rev_9,9903.88.18,20,,,85 FR 16987,hts_note
2024_rev_9,9903.88.19,20,,,85 FR 16987,hts_note
2024_rev_9,9903.88.20,20,,,85 FR 16987,hts_note
2024_rev_9,9903.88.21,20,,,85 FR 16987,hts_note
2024_rev_9,9903.88.22,20,,,85 FR 16987,hts_note
2024_rev_9,9903.88.23,20,,,85 FR 16987,hts_note
2024_rev_9,9903.88.24,20,,,85 FR 16987,hts_note
2024_rev_9,9903.88.25,20,,,85 FR 16987,hts_note
2024_rev_9,9903.88.26,20,,,85 FR 16987,hts_note
2024_rev_9,9903.88.27,20,,,85 FR 16987,hts_note
2024_rev_9,9903.88.28,20,,,85 FR 16987,hts_note
2024_rev_9,9903.88.33,20,,,85 FR 16987,hts_note
2024_rev_9,9903.88.34,20,,,85 FR 16987,hts_note
2024_rev_9,9903.88.35,20,,,85 FR 16987,hts_note
2024_rev_9,9903.88.36,20,,,85 FR 16987,hts_note
2024_rev_9,9903.88.37,20,,,85 FR 16987,hts_note
2024_rev_9,9903.88.38,20,,,85 FR 16987,hts_note
2024_rev_9,9903.88.39,20,,,85 FR 16987,hts_note
2024_rev_9,9903.88.40,20,,,85 FR 16987,hts_note
2024_rev_9,9903.88.41,20,,,85 FR 16987,hts_note
2024_rev_9,9903.88.42,20,,,85 FR 16987,hts_note
2024_rev_9,9903.88.43,20,,,85 FR 16987,hts_note
2024_rev_9,9903.88.44,20,,,85 FR 16987,hts_note
2024_rev_9,9903.88.45,20,,,85 FR 16987,hts_note
2024_rev_9,9903.88.46,20,,,85 FR 16987,hts_note
2024_rev_9,9903.88.47,20,,,85 FR 16987,hts_note
2024_rev_9,9903.88.48,20,,,85 FR 16987,hts_note
2024_rev_9,9903.88.49,20,,,85 FR 16987,hts_note
2024_rev_9,9903.88.50,20,,,85 FR 16987,hts_note
2024_rev_9,9903.88.51,20,,,85 FR 16987,hts_note
2024_rev_9,9903.88.52,20,,,85 FR 16987,hts_note
2024_rev_9,9903.88.53,20,,,85 FR 16987,hts_note
2024_rev_9,9903.88.54,20,,,85 FR 16987,hts_note
2024_rev_9,9903.88.55,20,,,85 FR 16987,hts_note
2024_rev_9,9903.88.56,20,,,85 FR 16987,hts_note
2024_rev_9,9903.88.57,20,,,85 FR 16987,hts_note
2024_rev_9,9903.88.58,20,,,85 FR 16987,hts_note
2024_rev_9,9903.88.59,20,,,85 FR 16987,hts_note
2024_rev_9,9903.88.60,20,,,85 FR 16987,hts_note
2024_rev_9,9903.88.61,20,,,85 FR 16987,hts_note
2024_rev_9,9903.88.62,20,,,85 FR 16987,hts_note
2024_rev_9,9903.88.63,20,,,85 FR 16987,hts_note
2024_rev_9,9903.88.64,20,,,85 FR 16987,hts_note
2024_rev_9,9903.88.65,20,,,85 FR 16987,hts_note
2024_rev_9,9903.88.66,20,,,85 FR 16987,hts_note
2024_rev_9,9903.88.67,20,,,85 FR 16987,hts_note
2024_rev_9,9903.88.68,20,,,85 FR 16987,hts_note
2024_rev_9,9903.88.69,20,,,85 FR 16987,hts_note
2024_rev_9,9903.88.70,20,,,85 FR 16987,hts_note
2024_rev_9,9903.89.05,21,Proclamation 9223,,,hts_note
2024_rev_9,9903.89.10,21,Proclamation 9223,,,hts_note
2024_rev_9,9903.89.13,21,Proclamation 9223,,,hts_note
2024_rev_9,9903.89.16,21,Proclamation 9223,,,hts_note
2024_rev_9,9903.89.19,21,Proclamation 9223,,,hts_note
2024_rev_9,9903.89.22,21,Proclamation 9223,,,hts_note
2024_rev_9,9903.89.25,21,Proclamation 9223,,,hts_note
2024_rev_9,9903.89.28,21,Proclamation 9223,,,hts_note
2024_rev_9,9903.89.31,21,Proclamation 9223,,,hts_note
2024_rev_9,9903.89.34,21,Proclamation 9223,,,hts_note
2024_rev_9,9903.89.37,21,Proclamation 9223,,,hts_note
2024_rev_9,9903.89.40,21,Proclamation 9223,,,hts_note
2024_rev_9,9903.89.43,21,Proclamation 9223,,,hts_note
2024_rev_9,9903.89.46,21,Proclamation 9223,,,hts_note
2024_rev_9,9903.89.49,21,Proclamation 9223,,,hts_note
2024_rev_9,9903.89.52,21,Proclamation 9223,,,hts_note
2024_rev_9,9903.89.55,21,Proclamation 9223,,,hts_note
2024_rev_9,9903.89.57,21,Proclamation 9223,,,hts_note
2024_rev_9,9903.89.61,21,Proclamation 9223,,,hts_note
2024_rev_9,9903.91.01,31,,,85 FR 54882,hts_note
2024_rev_9,9903.91.02,31,,,85 FR 54882,hts_note
2024_rev_9,9903.91.03,31,,,85 FR 54882,hts_note
2024_rev_9,9903.91.04,31,,,85 FR 54882,hts_note
2024_rev_9,9903.91.05,31,,,85 FR 54882,hts_note
2024_rev_9,9903.91.06,31,,,85 FR 54882,hts_note
2024_rev_9,9903.91.07,31,,,85 FR 54882,hts_note
2024_rev_9,9903.91.08,31,,,85 FR 54882,hts_note
2025_basic,9903.55.01,32,,,85 FR 54882,hts_note
2025_basic,9903.85.01,19,Proclamation 10522,,,hts_note
2025_basic,9903.85.03,19,Proclamation 10522,,,hts_note
2025_basic,9903.85.21,19,Proclamation 10522,,,hts_note
2025_basic,9903.85.25,19,Proclamation 10522,,,hts_note
2025_basic,9903.85.71,19,Proclamation 10522,,,hts_note
2025_basic,9903.85.72,19,Proclamation 10522,,,hts_note
2025_basic,9903.88.01,20,,,85 FR 16987,hts_note
2025_basic,9903.88.02,20,,,85 FR 16987,hts_note
2025_basic,9903.88.03,20,,,85 FR 16987,hts_note
2025_basic,9903.88.04,20,,,85 FR 16987,hts_note
2025_basic,9903.88.05,20,,,85 FR 16987,hts_note
2025_basic,9903.88.06,20,,,85 FR 16987,hts_note
2025_basic,9903.88.07,20,,,85 FR 16987,hts_note
2025_basic,9903.88.08,20,,,85 FR 16987,hts_note
2025_basic,9903.88.09,20,,,85 FR 16987,hts_note
2025_basic,9903.88.10,20,,,85 FR 16987,hts_note
2025_basic,9903.88.11,20,,,85 FR 16987,hts_note
2025_basic,9903.88.12,20,,,85 FR 16987,hts_note
2025_basic,9903.88.13,20,,,85 FR 16987,hts_note
2025_basic,9903.88.14,20,,,85 FR 16987,hts_note
2025_basic,9903.88.15,20,,,85 FR 16987,hts_note
2025_basic,9903.88.16,20,,,85 FR 16987,hts_note
2025_basic,9903.88.17,20,,,85 FR 16987,hts_note
2025_basic,9903.88.18,20,,,85 FR 16987,hts_note
2025_basic,9903.88.19,20,,,85 FR 16987,hts_note
2025_basic,9903.88.20,20,,,85 FR 16987,hts_note
2025_basic,9903.88.21,20,,,85 FR 16987,hts_note
2025_basic,9903.88.22,20,,,85 FR 16987,hts_note
2025_basic,9903.88.23,20,,,85 FR 16987,hts_note
2025_basic,9903.88.24,20,,,85 FR 16987,hts_note
2025_basic,9903.88.25,20,,,85 FR 16987,hts_note
2025_basic,9903.88.26,20,,,85 FR 16987,hts_note
2025_basic,9903.88.27,20,,,85 FR 16987,hts_note
2025_basic,9903.88.28,20,,,85 FR 16987,hts_note
2025_basic,9903.88.33,20,,,85 FR 16987,hts_note
2025_basic,9903.88.34,20,,,85 FR 16987,hts_note
2025_basic,9903.88.35,20,,,85 FR 16987,hts_note
2025_basic,9903.88.36,20,,,85 FR 16987,hts_note
2025_basic,9903.88.37,20,,,85 FR 16987,hts_note
2025_basic,9903.88.38,20,,,85 FR 16987,hts_note
2025_basic,9903.88.39,20,,,85 FR 16987,hts_note
2025_basic,9903.88.40,20,,,85 FR 16987,hts_note
2025_basic,9903.88.41,20,,,85 FR 16987,hts_note
2025_basic,9903.88.42,20,,,85 FR 16987,hts_note
2025_basic,9903.88.43,20,,,85 FR 16987,hts_note
2025_basic,9903.88.44,20,,,85 FR 16987,hts_note
2025_basic,9903.88.45,20,,,85 FR 16987,hts_note
2025_basic,9903.88.46,20,,,85 FR 16987,hts_note
2025_basic,9903.88.47,20,,,85 FR 16987,hts_note
2025_basic,9903.88.48,20,,,85 FR 16987,hts_note
2025_basic,9903.88.49,20,,,85 FR 16987,hts_note
2025_basic,9903.88.50,20,,,85 FR 16987,hts_note
2025_basic,9903.88.51,20,,,85 FR 16987,hts_note
2025_basic,9903.88.52,20,,,85 FR 16987,hts_note
2025_basic,9903.88.53,20,,,85 FR 16987,hts_note
2025_basic,9903.88.54,20,,,85 FR 16987,hts_note
2025_basic,9903.88.55,20,,,85 FR 16987,hts_note
2025_basic,9903.88.56,20,,,85 FR 16987,hts_note
2025_basic,9903.88.57,20,,,85 FR 16987,hts_note
2025_basic,9903.88.58,20,,,85 FR 16987,hts_note
2025_basic,9903.88.59,20,,,85 FR 16987,hts_note
2025_basic,9903.88.60,20,,,85 FR 16987,hts_note
2025_basic,9903.88.61,20,,,85 FR 16987,hts_note
2025_basic,9903.88.62,20,,,85 FR 16987,hts_note
2025_basic,9903.88.63,20,,,85 FR 16987,hts_note
2025_basic,9903.88.64,20,,,85 FR 16987,hts_note
2025_basic,9903.88.65,20,,,85 FR 16987,hts_note
2025_basic,9903.88.66,20,,,85 FR 16987,hts_note
2025_basic,9903.88.67,20,,,85 FR 16987,hts_note
2025_basic,9903.88.68,20,,,85 FR 16987,hts_note
2025_basic,9903.88.69,20,,,85 FR 16987,hts_note
2025_basic,9903.88.70,20,,,85 FR 16987,hts_note
2025_basic,9903.89.05,21,Proclamation 9223,,,hts_note
2025_basic,9903.89.10,21,Proclamation 9223,,,hts_note
2025_basic,9903.89.13,21,Proclamation 9223,,,hts_note
2025_basic,9903.89.16,21,Proclamation 9223,,,hts_note
2025_basic,9903.89.19,21,Proclamation 9223,,,hts_note
2025_basic,9903.89.22,21,Proclamation 9223,,,hts_note
2025_basic,9903.89.25,21,Proclamation 9223,,,hts_note
2025_basic,9903.89.28,21,Proclamation 9223,,,hts_note
2025_basic,9903.89.31,21,Proclamation 9223,,,hts_note
2025_basic,9903.89.34,21,Proclamation 9223,,,hts_note
2025_basic,9903.89.37,21,Proclamation 9223,,,hts_note
2025_basic,9903.89.40,21,Proclamation 9223,,,hts_note
2025_basic,9903.89.43,21,Proclamation 9223,,,hts_note
2025_basic,9903.89.46,21,Proclamation 9223,,,hts_note
2025_basic,9903.89.49,21,Proclamation 9223,,,hts_note
2025_basic,9903.89.52,21,Proclamation 9223,,,hts_note
2025_basic,9903.89.55,21,Proclamation 9223,,,hts_note
2025_basic,9903.89.57,21,Proclamation 9223,,,hts_note
2025_basic,9903.89.61,21,Proclamation 9223,,,hts_note
2025_rev_1,9903.55.01,32,,,85 FR 54882,hts_note
2025_rev_1,9903.85.01,19,Proclamation 10522,,,hts_note
2025_rev_1,9903.85.03,19,Proclamation 10522,,,hts_note
2025_rev_1,9903.85.21,19,Proclamation 10522,,,hts_note
2025_rev_1,9903.85.25,19,Proclamation 10522,,,hts_note
2025_rev_1,9903.85.71,19,Proclamation 10522,,,hts_note
2025_rev_1,9903.85.72,19,Proclamation 10522,,,hts_note
2025_rev_1,9903.88.01,20,,,85 FR 16987,hts_note
2025_rev_1,9903.88.02,20,,,85 FR 16987,hts_note
2025_rev_1,9903.88.03,20,,,85 FR 16987,hts_note
2025_rev_1,9903.88.04,20,,,85 FR 16987,hts_note
2025_rev_1,9903.88.05,20,,,85 FR 16987,hts_note
2025_rev_1,9903.88.06,20,,,85 FR 16987,hts_note
2025_rev_1,9903.88.07,20,,,85 FR 16987,hts_note
2025_rev_1,9903.88.08,20,,,85 FR 16987,hts_note
2025_rev_1,9903.88.09,20,,,85 FR 16987,hts_note
2025_rev_1,9903.88.10,20,,,85 FR 16987,hts_note
2025_rev_1,9903.88.11,20,,,85 FR 16987,hts_note
2025_rev_1,9903.88.12,20,,,85 FR 16987,hts_note
2025_rev_1,9903.88.13,20,,,85 FR 16987,hts_note
2025_rev_1,9903.88.14,20,,,85 FR 16987,hts_note
2025_rev_1,9903.88.15,20,,,85 FR 16987,hts_note
2025_rev_1,9903.88.16,20,,,85 FR 16987,hts_note
2025_rev_1,9903.88.17,20,,,85 FR 16987,hts_note
2025_rev_1,9903.88.18,20,,,85 FR 16987,hts_note
2025_rev_1,9903.88.19,20,,,85 FR 16987,hts_note
2025_rev_1,9903.88.20,20,,,85 FR 16987,hts_note
2025_rev_1,9903.88.21,20,,,85 FR 16987,hts_note
2025_rev_1,9903.88.22,20,,,85 FR 16987,hts_note
2025_rev_1,9903.88.23,20,,,85 FR 16987,hts_note
2025_rev_1,9903.88.24,20,,,85 FR 16987,hts_note
2025_rev_1,9903.88.25,20,,,85 FR 16987,hts_note
2025_rev_1,9903.88.26,20,,,85 FR 16987,hts_note
2025_rev_1,9903.88.27,20,,,85 FR 16987,hts_note
2025_rev_1,9903.88.28,20,,,85 FR 16987,hts_note
2025_rev_1,9903.88.33,20,,,85 FR 16987,hts_note
2025_rev_1,9903.88.34,20,,,85 FR 16987,hts_note
2025_rev_1,9903.88.35,20,,,85 FR 16987,hts_note
2025_rev_1,9903.88.36,20,,,85 FR 16987,hts_note
2025_rev_1,9903.88.37,20,,,85 FR 16987,hts_note
2025_rev_1,9903.88.38,20,,,85 FR 16987,hts_note
2025_rev_1,9903.88.39,20,,,85 FR 16987,hts_note
2025_rev_1,9903.88.40,20,,,85 FR 16987,hts_note
2025_rev_1,9903.88.41,20,,,85 FR 16987,hts_note
2025_rev_1,9903.88.42,20,,,85 FR 16987,hts_note
2025_rev_1,9903.88.43,20,,,85 FR 16987,hts_note
2025_rev_1,9903.88.44,20,,,85 FR 16987,hts_note
2025_rev_1,9903.88.45,20,,,85 FR 16987,hts_note
2025_rev_1,9903.88.46,20,,,85 FR 16987,hts_note
2025_rev_1,9903.88.47,20,,,85 FR 16987,hts_note
2025_rev_1,9903.88.48,20,,,85 FR 16987,hts_note
2025_rev_1,9903.88.49,20,,,85 FR 16987,hts_note
2025_rev_1,9903.88.50,20,,,85 FR 16987,hts_note
2025_rev_1,9903.88.51,20,,,85 FR 16987,hts_note
2025_rev_1,9903.88.52,20,,,85 FR 16987,hts_note
2025_rev_1,9903.88.53,20,,,85 FR 16987,hts_note
2025_rev_1,9903.88.54,20,,,85 FR 16987,hts_note
2025_rev_1,9903.88.55,20,,,85 FR 16987,hts_note
2025_rev_1,9903.88.56,20,,,85 FR 16987,hts_note
2025_rev_1,9903.88.57,20,,,85 FR 16987,hts_note
2025_rev_1,9903.88.58,20,,,85 FR 16987,hts_note
2025_rev_1,9903.88.59,20,,,85 FR 16987,hts_note
2025_rev_1,9903.88.60,20,,,85 FR 16987,hts_note
2025_rev_1,9903.88.61,20,,,85 FR 16987,hts_note
2025_rev_1,9903.88.62,20,,,85 FR 16987,hts_note
2025_rev_1,9903.88.63,20,,,85 FR 16987,hts_note
2025_rev_1,9903.88.64,20,,,85 FR 16987,hts_note
2025_rev_1,9903.88.65,20,,,85 FR 16987,hts_note
2025_rev_1,9903.88.66,20,,,85 FR 16987,hts_note
2025_rev_1,9903.88.67,20,,,85 FR 16987,hts_note
2025_rev_1,9903.88.68,20,,,85 FR 16987,hts_note
2025_rev_1,9903.88.69,20,,,85 FR 16987,hts_note
2025_rev_1,9903.88.70,20,,,85 FR 16987,hts_note
2025_rev_1,9903.89.05,21,Proclamation 9223,,,hts_note
2025_rev_1,9903.89.10,21,Proclamation 9223,,,hts_note
2025_rev_1,9903.89.13,21,Proclamation 9223,,,hts_note
2025_rev_1,9903.89.16,21,Proclamation 9223,,,hts_note
2025_rev_1,9903.89.19,21,Proclamation 9223,,,hts_note
2025_rev_1,9903.89.22,21,Proclamation 9223,,,hts_note
2025_rev_1,9903.89.25,21,Proclamation 9223,,,hts_note
2025_rev_1,9903.89.28,21,Proclamation 9223,,,hts_note
2025_rev_1,9903.89.31,21,Proclamation 9223,,,hts_note
2025_rev_1,9903.89.34,21,Proclamation 9223,,,hts_note
2025_rev_1,9903.89.37,21,Proclamation 9223,,,hts_note
2025_rev_1,9903.89.40,21,Proclamation 9223,,,hts_note
2025_rev_1,9903.89.43,21,Proclamation 9223,,,hts_note
2025_rev_1,9903.89.46,21,Proclamation 9223,,,hts_note
2025_rev_1,9903.89.49,21,Proclamation 9223,,,hts_note
2025_rev_1,9903.89.52,21,Proclamation 9223,,,hts_note
2025_rev_1,9903.89.55,21,Proclamation 9223,,,hts_note
2025_rev_1,9903.89.57,21,Proclamation 9223,,,hts_note
2025_rev_1,9903.89.61,21,Proclamation 9223,,,hts_note
2025_rev_10,9903.85.01,19,Proclamation 10522,,,hts_note
2025_rev_10,9903.85.03,19,Proclamation 10522,,,hts_note
2025_rev_10,9903.85.21,19,Proclamation 10522,,,hts_note
2025_rev_10,9903.85.25,19,Proclamation 10522,,,hts_note
2025_rev_10,9903.85.71,19,Proclamation 10522,,,hts_note
2025_rev_10,9903.85.72,19,Proclamation 10522,,,hts_note
2025_rev_10,9903.88.01,20,,,85 FR 16987,hts_note
2025_rev_10,9903.88.02,20,,,85 FR 16987,hts_note
2025_rev_10,9903.88.03,20,,,85 FR 16987,hts_note
2025_rev_10,9903.88.04,20,,,85 FR 16987,hts_note
2025_rev_10,9903.88.05,20,,,85 FR 16987,hts_note
2025_rev_10,9903.88.06,20,,,85 FR 16987,hts_note
2025_rev_10,9903.88.07,20,,,85 FR 16987,hts_note
2025_rev_10,9903.88.08,20,,,85 FR 16987,hts_note
2025_rev_10,9903.88.09,20,,,85 FR 16987,hts_note
2025_rev_10,9903.88.10,20,,,85 FR 16987,hts_note
2025_rev_10,9903.88.11,20,,,85 FR 16987,hts_note
2025_rev_10,9903.88.12,20,,,85 FR 16987,hts_note
2025_rev_10,9903.88.13,20,,,85 FR 16987,hts_note
2025_rev_10,9903.88.14,20,,,85 FR 16987,hts_note
2025_rev_10,9903.88.15,20,,,85 FR 16987,hts_note
2025_rev_10,9903.88.16,20,,,85 FR 16987,hts_note
2025_rev_10,9903.88.17,20,,,85 FR 16987,hts_note
2025_rev_10,9903.88.18,20,,,85 FR 16987,hts_note
2025_rev_10,9903.88.19,20,,,85 FR 16987,hts_note
2025_rev_10,9903.88.20,20,,,85 FR 16987,hts_note
2025_rev_10,9903.88.21,20,,,85 FR 16987,hts_note
2025_rev_10,9903.88.22,20,,,85 FR 16987,hts_note
2025_rev_10,9903.88.23,20,,,85 FR 16987,hts_note
2025_rev_10,9903.88.24,20,,,85 FR 16987,hts_note
2025_rev_10,9903.88.25,20,,,85 FR 16987,hts_note
2025_rev_10,9903.88.26,20,,,85 FR 16987,hts_note
2025_rev_10,9903.88.27,20,,,85 FR 16987,hts_note
2025_rev_10,9903.88.28,20,,,85 FR 16987,hts_note
2025_rev_10,9903.88.33,20,,,85 FR 16987,hts_note
2025_rev_10,9903.88.34,20,,,85 FR 16987,hts_note
2025_rev_10,9903.88.35,20,,,85 FR 16987,hts_note
2025_rev_10,9903.88.36,20,,,85 FR 16987,hts_note
2025_rev_10,9903.88.37,20,,,85 FR 16987,hts_note
2025_rev_10,9903.88.38,20,,,85 FR 16987,hts_note
2025_rev_10,9903.88.39,20,,,85 FR 16987,hts_note
2025_rev_10,9903.88.40,20,,,85 FR 16987,hts_note
2025_rev_10,9903.88.41,20,,,85 FR 16987,hts_note
2025_rev_10,9903.88.42,20,,,85 FR 16987,hts_note
2025_rev_10,9903.88.43,20,,,85 FR 16987,hts_note
2025_rev_10,9903.88.44,20,,,85 FR 16987,hts_note
2025_rev_10,9903.88.45,20,,,85 FR 16987,hts_note
2025_rev_10,9903.88.46,20,,,85 FR 16987,hts_note
2025_rev_10,9903.88.47,20,,,85 FR 16987,hts_note
2025_rev_10,9903.88.48,20,,,85 FR 16987,hts_note
2025_rev_10,9903.88.49,20,,,85 FR 16987,hts_note
2025_rev_10,9903.88.50,20,,,85 FR 16987,hts_note
2025_rev_10,9903.88.51,20,,,85 FR 16987,hts_note
2025_rev_10,9903.88.52,20,,,85 FR 16987,hts_note
2025_rev_10,9903.88.53,20,,,85 FR 16987,hts_note
2025_rev_10,9903.88.54,20,,,85 FR 16987,hts_note
2025_rev_10,9903.88.55,20,,,85 FR 16987,hts_note
2025_rev_10,9903.88.56,20,,,85 FR 16987,hts_note
2025_rev_10,9903.88.57,20,,,85 FR 16987,hts_note
2025_rev_10,9903.88.58,20,,,85 FR 16987,hts_note
2025_rev_10,9903.88.59,20,,,85 FR 16987,hts_note
2025_rev_10,9903.88.60,20,,,85 FR 16987,hts_note
2025_rev_10,9903.88.61,20,,,85 FR 16987,hts_note
2025_rev_10,9903.88.62,20,,,85 FR 16987,hts_note
2025_rev_10,9903.88.63,20,,,85 FR 16987,hts_note
2025_rev_10,9903.88.64,20,,,85 FR 16987,hts_note
2025_rev_10,9903.88.65,20,,,85 FR 16987,hts_note
2025_rev_10,9903.88.66,20,,,85 FR 16987,hts_note
2025_rev_10,9903.88.67,20,,,85 FR 16987,hts_note
2025_rev_10,9903.88.68,20,,,85 FR 16987,hts_note
2025_rev_10,9903.88.69,20,,,85 FR 16987,hts_note
2025_rev_10,9903.88.70,20,,,85 FR 16987,hts_note
2025_rev_10,9903.89.05,21,Proclamation 9223,,,hts_note
2025_rev_10,9903.89.10,21,Proclamation 9223,,,hts_note
2025_rev_10,9903.89.13,21,Proclamation 9223,,,hts_note
2025_rev_10,9903.89.16,21,Proclamation 9223,,,hts_note
2025_rev_10,9903.89.19,21,Proclamation 9223,,,hts_note
2025_rev_10,9903.89.22,21,Proclamation 9223,,,hts_note
2025_rev_10,9903.89.25,21,Proclamation 9223,,,hts_note
2025_rev_10,9903.89.28,21,Proclamation 9223,,,hts_note
2025_rev_10,9903.89.31,21,Proclamation 9223,,,hts_note
2025_rev_10,9903.89.34,21,Proclamation 9223,,,hts_note
2025_rev_10,9903.89.37,21,Proclamation 9223,,,hts_note
2025_rev_10,9903.89.40,21,Proclamation 9223,,,hts_note
2025_rev_10,9903.89.43,21,Proclamation 9223,,,hts_note
2025_rev_10,9903.89.46,21,Proclamation 9223,,,hts_note
2025_rev_10,9903.89.49,21,Proclamation 9223,,,hts_note
2025_rev_10,9903.89.52,21,Proclamation 9223,,,hts_note
2025_rev_10,9903.89.55,21,Proclamation 9223,,,hts_note
2025_rev_10,9903.89.57,21,Proclamation 9223,,,hts_note
2025_rev_10,9903.89.61,21,Proclamation 9223,,,hts_note
2025_rev_10,9903.94.01,33,,,85 FR 54882,hts_note
2025_rev_10,9903.94.02,33,,,85 FR 54882,hts_note
2025_rev_10,9903.94.03,33,,,85 FR 54882,hts_note
2025_rev_10,9903.94.04,33,,,85 FR 54882,hts_note
2025_rev_11,9903.85.01,19,Proclamation 10522,,,hts_note
2025_rev_11,9903.85.03,19,Proclamation 10522,,,hts_note
2025_rev_11,9903.85.21,19,Proclamation 10522,,,hts_note
2025_rev_11,9903.85.25,19,Proclamation 10522,,,hts_note
2025_rev_11,9903.85.71,19,Proclamation 10522,,,hts_note
2025_rev_11,9903.85.72,19,Proclamation 10522,,,hts_note
2025_rev_11,9903.88.01,20,,,85 FR 16987,hts_note
2025_rev_11,9903.88.02,20,,,85 FR 16987,hts_note
2025_rev_11,9903.88.03,20,,,85 FR 16987,hts_note
2025_rev_11,9903.88.04,20,,,85 FR 16987,hts_note
2025_rev_11,9903.88.05,20,,,85 FR 16987,hts_note
2025_rev_11,9903.88.06,20,,,85 FR 16987,hts_note
2025_rev_11,9903.88.07,20,,,85 FR 16987,hts_note
2025_rev_11,9903.88.08,20,,,85 FR 16987,hts_note
2025_rev_11,9903.88.09,20,,,85 FR 16987,hts_note
2025_rev_11,9903.88.10,20,,,85 FR 16987,hts_note
2025_rev_11,9903.88.11,20,,,85 FR 16987,hts_note
2025_rev_11,9903.88.12,20,,,85 FR 16987,hts_note
2025_rev_11,9903.88.13,20,,,85 FR 16987,hts_note
2025_rev_11,9903.88.14,20,,,85 FR 16987,hts_note
2025_rev_11,9903.88.15,20,,,85 FR 16987,hts_note
2025_rev_11,9903.88.16,20,,,85 FR 16987,hts_note
2025_rev_11,9903.88.17,20,,,85 FR 16987,hts_note
2025_rev_11,9903.88.18,20,,,85 FR 16987,hts_note
2025_rev_11,9903.88.19,20,,,85 FR 16987,hts_note
2025_rev_11,9903.88.20,20,,,85 FR 16987,hts_note
2025_rev_11,9903.88.21,20,,,85 FR 16987,hts_note
2025_rev_11,9903.88.22,20,,,85 FR 16987,hts_note
2025_rev_11,9903.88.23,20,,,85 FR 16987,hts_note
2025_rev_11,9903.88.24,20,,,85 FR 16987,hts_note
2025_rev_11,9903.88.25,20,,,85 FR 16987,hts_note
2025_rev_11,9903.88.26,20,,,85 FR 16987,hts_note
2025_rev_11,9903.88.27,20,,,85 FR 16987,hts_note
2025_rev_11,9903.88.28,20,,,85 FR 16987,hts_note
2025_rev_11,9903.88.33,20,,,85 FR 16987,hts_note
2025_rev_11,9903.88.34,20,,,85 FR 16987,hts_note
2025_rev_11,9903.88.35,20,,,85 FR 16987,hts_note
2025_rev_11,9903.88.36,20,,,85 FR 16987,hts_note
2025_rev_11,9903.88.37,20,,,85 FR 16987,hts_note
2025_rev_11,9903.88.38,20,,,85 FR 16987,hts_note
2025_rev_11,9903.88.39,20,,,85 FR 16987,hts_note
2025_rev_11,9903.88.40,20,,,85 FR 16987,hts_note
2025_rev_11,9903.88.41,20,,,85 FR 16987,hts_note
2025_rev_11,9903.88.42,20,,,85 FR 16987,hts_note
2025_rev_11,9903.88.43,20,,,85 FR 16987,hts_note
2025_rev_11,9903.88.44,20,,,85 FR 16987,hts_note
2025_rev_11,9903.88.45,20,,,85 FR 16987,hts_note
2025_rev_11,9903.88.46,20,,,85 FR 16987,hts_note
2025_rev_11,9903.88.47,20,,,85 FR 16987,hts_note
2025_rev_11,9903.88.48,20,,,85 FR 16987,hts_note
2025_rev_11,9903.88.49,20,,,85 FR 16987,hts_note
2025_rev_11,9903.88.50,20,,,85 FR 16987,hts_note
2025_rev_11,9903.88.51,20,,,85 FR 16987,hts_note
2025_rev_11,9903.88.52,20,,,85 FR 16987,hts_note
2025_rev_11,9903.88.53,20,,,85 FR 16987,hts_note
2025_rev_11,9903.88.54,20,,,85 FR 16987,hts_note
2025_rev_11,9903.88.55,20,,,85 FR 16987,hts_note
2025_rev_11,9903.88.56,20,,,85 FR 16987,hts_note
2025_rev_11,9903.88.57,20,,,85 FR 16987,hts_note
2025_rev_11,9903.88.58,20,,,85 FR 16987,hts_note
2025_rev_11,9903.88.59,20,,,85 FR 16987,hts_note
2025_rev_11,9903.88.60,20,,,85 FR 16987,hts_note
2025_rev_11,9903.88.61,20,,,85 FR 16987,hts_note
2025_rev_11,9903.88.62,20,,,85 FR 16987,hts_note
2025_rev_11,9903.88.63,20,,,85 FR 16987,hts_note
2025_rev_11,9903.88.64,20,,,85 FR 16987,hts_note
2025_rev_11,9903.88.65,20,,,85 FR 16987,hts_note
2025_rev_11,9903.88.66,20,,,85 FR 16987,hts_note
2025_rev_11,9903.88.67,20,,,85 FR 16987,hts_note
2025_rev_11,9903.88.68,20,,,85 FR 16987,hts_note
2025_rev_11,9903.88.69,20,,,85 FR 16987,hts_note
2025_rev_11,9903.88.70,20,,,85 FR 16987,hts_note
2025_rev_11,9903.89.05,21,Proclamation 9223,,,hts_note
2025_rev_11,9903.89.10,21,Proclamation 9223,,,hts_note
2025_rev_11,9903.89.13,21,Proclamation 9223,,,hts_note
2025_rev_11,9903.89.16,21,Proclamation 9223,,,hts_note
2025_rev_11,9903.89.19,21,Proclamation 9223,,,hts_note
2025_rev_11,9903.89.22,21,Proclamation 9223,,,hts_note
2025_rev_11,9903.89.25,21,Proclamation 9223,,,hts_note
2025_rev_11,9903.89.28,21,Proclamation 9223,,,hts_note
2025_rev_11,9903.89.31,21,Proclamation 9223,,,hts_note
2025_rev_11,9903.89.34,21,Proclamation 9223,,,hts_note
2025_rev_11,9903.89.37,21,Proclamation 9223,,,hts_note
2025_rev_11,9903.89.40,21,Proclamation 9223,,,hts_note
2025_rev_11,9903.89.43,21,Proclamation 9223,,,hts_note
2025_rev_11,9903.89.46,21,Proclamation 9223,,,hts_note
2025_rev_11,9903.89.49,21,Proclamation 9223,,,hts_note
2025_rev_11,9903.89.52,21,Proclamation 9223,,,hts_note
2025_rev_11,9903.89.55,21,Proclamation 9223,,,hts_note
2025_rev_11,9903.89.57,21,Proclamation 9223,,,hts_note
2025_rev_11,9903.89.61,21,Proclamation 9223,,,hts_note
2025_rev_11,9903.94.01,33,,,85 FR 54882,hts_note
2025_rev_11,9903.94.02,33,,,85 FR 54882,hts_note
2025_rev_11,9903.94.03,33,,,85 FR 54882,hts_note
2025_rev_11,9903.94.04,33,,,85 FR 54882,hts_note
2025_rev_11,9903.94.05,33,,,85 FR 54882,hts_note
2025_rev_11,9903.94.06,33,,,85 FR 54882,hts_note
2025_rev_12,9903.85.01,19,Proclamation 10522,,,hts_note
2025_rev_12,9903.85.03,19,Proclamation 10522,,,hts_note
2025_rev_12,9903.85.21,19,Proclamation 10522,,,hts_note
2025_rev_12,9903.85.25,19,Proclamation 10522,,,hts_note
2025_rev_12,9903.85.71,19,Proclamation 10522,,,hts_note
2025_rev_12,9903.85.72,19,Proclamation 10522,,,hts_note
2025_rev_12,9903.88.01,20,,,85 FR 16987,hts_note
2025_rev_12,9903.88.02,20,,,85 FR 16987,hts_note
2025_rev_12,9903.88.03,20,,,85 FR 16987,hts_note
2025_rev_12,9903.88.04,20,,,85 FR 16987,hts_note
2025_rev_12,9903.88.05,20,,,85 FR 16987,hts_note
2025_rev_12,9903.88.06,20,,,85 FR 16987,hts_note
2025_rev_12,9903.88.07,20,,,85 FR 16987,hts_note
2025_rev_12,9903.88.08,20,,,85 FR 16987,hts_note
2025_rev_12,9903.88.09,20,,,85 FR 16987,hts_note
2025_rev_12,9903.88.10,20,,,85 FR 16987,hts_note
2025_rev_12,9903.88.11,20,,,85 FR 16987,hts_note
2025_rev_12,9903.88.12,20,,,85 FR 16987,hts_note
2025_rev_12,9903.88.13,20,,,85 FR 16987,hts_note
2025_rev_12,9903.88.14,20,,,85 FR 16987,hts_note
2025_rev_12,9903.88.15,20,,,85 FR 16987,hts_note
2025_rev_12,9903.88.16,20,,,85 FR 16987,hts_note
2025_rev_12,9903.88.17,20,,,85 FR 16987,hts_note
2025_rev_12,9903.88.18,20,,,85 FR 16987,hts_note
2025_rev_12,9903.88.19,20,,,85 FR 16987,hts_note
2025_rev_12,9903.88.20,20,,,85 FR 16987,hts_note
2025_rev_12,9903.88.21,20,,,85 FR 16987,hts_note
2025_rev_12,9903.88.22,20,,,85 FR 16987,hts_note
2025_rev_12,9903.88.23,20,,,85 FR 16987,hts_note
2025_rev_12,9903.88.24,20,,,85 FR 16987,hts_note
2025_rev_12,9903.88.25,20,,,85 FR 16987,hts_note
2025_rev_12,9903.88.26,20,,,85 FR 16987,hts_note
2025_rev_12,9903.88.27,20,,,85 FR 16987,hts_note
2025_rev_12,9903.88.28,20,,,85 FR 16987,hts_note
2025_rev_12,9903.88.33,20,,,85 FR 16987,hts_note
2025_rev_12,9903.88.34,20,,,85 FR 16987,hts_note
2025_rev_12,9903.88.35,20,,,85 FR 16987,hts_note
2025_rev_12,9903.88.36,20,,,85 FR 16987,hts_note
2025_rev_12,9903.88.37,20,,,85 FR 16987,hts_note
2025_rev_12,9903.88.38,20,,,85 FR 16987,hts_note
2025_rev_12,9903.88.39,20,,,85 FR 16987,hts_note
2025_rev_12,9903.88.40,20,,,85 FR 16987,hts_note
2025_rev_12,9903.88.41,20,,,85 FR 16987,hts_note
2025_rev_12,9903.88.42,20,,,85 FR 16987,hts_note
2025_rev_12,9903.88.43,20,,,85 FR 16987,hts_note
2025_rev_12,9903.88.44,20,,,85 FR 16987,hts_note
2025_rev_12,9903.88.45,20,,,85 FR 16987,hts_note
2025_rev_12,9903.88.46,20,,,85 FR 16987,hts_note
2025_rev_12,9903.88.47,20,,,85 FR 16987,hts_note
2025_rev_12,9903.88.48,20,,,85 FR 16987,hts_note
2025_rev_12,9903.88.49,20,,,85 FR 16987,hts_note
2025_rev_12,9903.88.50,20,,,85 FR 16987,hts_note
2025_rev_12,9903.88.51,20,,,85 FR 16987,hts_note
2025_rev_12,9903.88.52,20,,,85 FR 16987,hts_note
2025_rev_12,9903.88.53,20,,,85 FR 16987,hts_note
2025_rev_12,9903.88.54,20,,,85 FR 16987,hts_note
2025_rev_12,9903.88.55,20,,,85 FR 16987,hts_note
2025_rev_12,9903.88.56,20,,,85 FR 16987,hts_note
2025_rev_12,9903.88.57,20,,,85 FR 16987,hts_note
2025_rev_12,9903.88.58,20,,,85 FR 16987,hts_note
2025_rev_12,9903.88.59,20,,,85 FR 16987,hts_note
2025_rev_12,9903.88.60,20,,,85 FR 16987,hts_note
2025_rev_12,9903.88.61,20,,,85 FR 16987,hts_note
2025_rev_12,9903.88.62,20,,,85 FR 16987,hts_note
2025_rev_12,9903.88.63,20,,,85 FR 16987,hts_note
2025_rev_12,9903.88.64,20,,,85 FR 16987,hts_note
2025_rev_12,9903.88.65,20,,,85 FR 16987,hts_note
2025_rev_12,9903.88.66,20,,,85 FR 16987,hts_note
2025_rev_12,9903.88.67,20,,,85 FR 16987,hts_note
2025_rev_12,9903.88.68,20,,,85 FR 16987,hts_note
2025_rev_12,9903.88.69,20,,,85 FR 16987,hts_note
2025_rev_12,9903.88.70,20,,,85 FR 16987,hts_note
2025_rev_12,9903.89.05,21,Proclamation 9223,,,hts_note
2025_rev_12,9903.89.10,21,Proclamation 9223,,,hts_note
2025_rev_12,9903.89.13,21,Proclamation 9223,,,hts_note
2025_rev_12,9903.89.16,21,Proclamation 9223,,,hts_note
2025_rev_12,9903.89.19,21,Proclamation 9223,,,hts_note
2025_rev_12,9903.89.22,21,Proclamation 9223,,,hts_note
2025_rev_12,9903.89.25,21,Proclamation 9223,,,hts_note
2025_rev_12,9903.89.28,21,Proclamation 9223,,,hts_note
2025_rev_12,9903.89.31,21,Proclamation 9223,,,hts_note
2025_rev_12,9903.89.34,21,Proclamation 9223,,,hts_note
2025_rev_12,9903.89.37,21,Proclamation 9223,,,hts_note
2025_rev_12,9903.89.40,21,Proclamation 9223,,,hts_note
2025_rev_12,9903.89.43,21,Proclamation 9223,,,hts_note
2025_rev_12,9903.89.46,21,Proclamation 9223,,,hts_note
2025_rev_12,9903.89.49,21,Proclamation 9223,,,hts_note
2025_rev_12,9903.89.52,21,Proclamation 9223,,,hts_note
2025_rev_12,9903.89.55,21,Proclamation 9223,,,hts_note
2025_rev_12,9903.89.57,21,Proclamation 9223,,,hts_note
2025_rev_12,9903.89.61,21,Proclamation 9223,,,hts_note
2025_rev_12,9903.94.01,33,,,85 FR 54882,hts_note
2025_rev_12,9903.94.02,33,,,85 FR 54882,hts_note
2025_rev_12,9903.94.03,33,,,85 FR 54882,hts_note
2025_rev_12,9903.94.04,33,,,85 FR 54882,hts_note
2025_rev_12,9903.94.05,33,,,85 FR 54882,hts_note
2025_rev_12,9903.94.06,33,,,85 FR 54882,hts_note
2025_rev_13,9903.85.01,19,Proclamation 10522,,,hts_note
2025_rev_13,9903.85.03,19,Proclamation 10522,,,hts_note
2025_rev_13,9903.85.21,19,Proclamation 10522,,,hts_note
2025_rev_13,9903.85.25,19,Proclamation 10522,,,hts_note
2025_rev_13,9903.85.71,19,Proclamation 10522,,,hts_note
2025_rev_13,9903.85.72,19,Proclamation 10522,,,hts_note
2025_rev_13,9903.88.01,20,,,85 FR 16987,hts_note
2025_rev_13,9903.88.02,20,,,85 FR 16987,hts_note
2025_rev_13,9903.88.03,20,,,85 FR 16987,hts_note
2025_rev_13,9903.88.04,20,,,85 FR 16987,hts_note
2025_rev_13,9903.88.05,20,,,85 FR 16987,hts_note
2025_rev_13,9903.88.06,20,,,85 FR 16987,hts_note
2025_rev_13,9903.88.07,20,,,85 FR 16987,hts_note
2025_rev_13,9903.88.08,20,,,85 FR 16987,hts_note
2025_rev_13,9903.88.09,20,,,85 FR 16987,hts_note
2025_rev_13,9903.88.10,20,,,85 FR 16987,hts_note
2025_rev_13,9903.88.11,20,,,85 FR 16987,hts_note
2025_rev_13,9903.88.12,20,,,85 FR 16987,hts_note
2025_rev_13,9903.88.13,20,,,85 FR 16987,hts_note
2025_rev_13,9903.88.14,20,,,85 FR 16987,hts_note
2025_rev_13,9903.88.15,20,,,85 FR 16987,hts_note
2025_rev_13,9903.88.16,20,,,85 FR 16987,hts_note
2025_rev_13,9903.88.17,20,,,85 FR 16987,hts_note
2025_rev_13,9903.88.18,20,,,85 FR 16987,hts_note
2025_rev_13,9903.88.19,20,,,85 FR 16987,hts_note
2025_rev_13,9903.88.20,20,,,85 FR 16987,hts_note
2025_rev_13,9903.88.21,20,,,85 FR 16987,hts_note
2025_rev_13,9903.88.22,20,,,85 FR 16987,hts_note
2025_rev_13,9903.88.23,20,,,85 FR 16987,hts_note
2025_rev_13,9903.88.24,20,,,85 FR 16987,hts_note
2025_rev_13,9903.88.25,20,,,85 FR 16987,hts_note
2025_rev_13,9903.88.26,20,,,85 FR 16987,hts_note
2025_rev_13,9903.88.27,20,,,85 FR 16987,hts_note
2025_rev_13,9903.88.28,20,,,85 FR 16987,hts_note
2025_rev_13,9903.88.33,20,,,85 FR 16987,hts_note
2025_rev_13,9903.88.34,20,,,85 FR 16987,hts_note
2025_rev_13,9903.88.35,20,,,85 FR 16987,hts_note
2025_rev_13,9903.88.36,20,,,85 FR 16987,hts_note
2025_rev_13,9903.88.37,20,,,85 FR 16987,hts_note
2025_rev_13,9903.88.38,20,,,85 FR 16987,hts_note
2025_rev_13,9903.88.39,20,,,85 FR 16987,hts_note
2025_rev_13,9903.88.40,20,,,85 FR 16987,hts_note
2025_rev_13,9903.88.41,20,,,85 FR 16987,hts_note
2025_rev_13,9903.88.42,20,,,85 FR 16987,hts_note
2025_rev_13,9903.88.43,20,,,85 FR 16987,hts_note
2025_rev_13,9903.88.44,20,,,85 FR 16987,hts_note
2025_rev_13,9903.88.45,20,,,85 FR 16987,hts_note
2025_rev_13,9903.88.46,20,,,85 FR 16987,hts_note
2025_rev_13,9903.88.47,20,,,85 FR 16987,hts_note
2025_rev_13,9903.88.48,20,,,85 FR 16987,hts_note
2025_rev_13,9903.88.49,20,,,85 FR 16987,hts_note
2025_rev_13,9903.88.50,20,,,85 FR 16987,hts_note
2025_rev_13,9903.88.51,20,,,85 FR 16987,hts_note
2025_rev_13,9903.88.52,20,,,85 FR 16987,hts_note
2025_rev_13,9903.88.53,20,,,85 FR 16987,hts_note
2025_rev_13,9903.88.54,20,,,85 FR 16987,hts_note
2025_rev_13,9903.88.55,20,,,85 FR 16987,hts_note
2025_rev_13,9903.88.56,20,,,85 FR 16987,hts_note
2025_rev_13,9903.88.57,20,,,85 FR 16987,hts_note
2025_rev_13,9903.88.58,20,,,85 FR 16987,hts_note
2025_rev_13,9903.88.59,20,,,85 FR 16987,hts_note
2025_rev_13,9903.88.60,20,,,85 FR 16987,hts_note
2025_rev_13,9903.88.61,20,,,85 FR 16987,hts_note
2025_rev_13,9903.88.62,20,,,85 FR 16987,hts_note
2025_rev_13,9903.88.63,20,,,85 FR 16987,hts_note
2025_rev_13,9903.88.64,20,,,85 FR 16987,hts_note
2025_rev_13,9903.88.65,20,,,85 FR 16987,hts_note
2025_rev_13,9903.88.66,20,,,85 FR 16987,hts_note
2025_rev_13,9903.88.67,20,,,85 FR 16987,hts_note
2025_rev_13,9903.88.68,20,,,85 FR 16987,hts_note
2025_rev_13,9903.88.69,20,,,85 FR 16987,hts_note
2025_rev_13,9903.88.70,20,,,85 FR 16987,hts_note
2025_rev_13,9903.89.05,21,Proclamation 9223,,,hts_note
2025_rev_13,9903.89.10,21,Proclamation 9223,,,hts_note
2025_rev_13,9903.89.13,21,Proclamation 9223,,,hts_note
2025_rev_13,9903.89.16,21,Proclamation 9223,,,hts_note
2025_rev_13,9903.89.19,21,Proclamation 9223,,,hts_note
2025_rev_13,9903.89.22,21,Proclamation 9223,,,hts_note
2025_rev_13,9903.89.25,21,Proclamation 9223,,,hts_note
2025_rev_13,9903.89.28,21,Proclamation 9223,,,hts_note
2025_rev_13,9903.89.31,21,Proclamation 9223,,,hts_note
2025_rev_13,9903.89.34,21,Proclamation 9223,,,hts_note
2025_rev_13,9903.89.37,21,Proclamation 9223,,,hts_note
2025_rev_13,9903.89.40,21,Proclamation 9223,,,hts_note
2025_rev_13,9903.89.43,21,Proclamation 9223,,,hts_note
2025_rev_13,9903.89.46,21,Proclamation 9223,,,hts_note
2025_rev_13,9903.89.49,21,Proclamation 9223,,,hts_note
2025_rev_13,9903.89.52,21,Proclamation 9223,,,hts_note
2025_rev_13,9903.89.55,21,Proclamation 9223,,,hts_note
2025_rev_13,9903.89.57,21,Proclamation 9223,,,hts_note
2025_rev_13,9903.89.61,21,Proclamation 9223,,,hts_note
2025_rev_13,9903.94.01,33,,,85 FR 54882,hts_note
2025_rev_13,9903.94.02,33,,,85 FR 54882,hts_note
2025_rev_13,9903.94.03,33,,,85 FR 54882,hts_note
2025_rev_13,9903.94.04,33,,,85 FR 54882,hts_note
2025_rev_13,9903.94.05,33,,,85 FR 54882,hts_note
2025_rev_13,9903.94.06,33,,,85 FR 54882,hts_note
2025_rev_14,9903.85.01,19,Proclamation 10522,,,hts_note
2025_rev_14,9903.85.03,19,Proclamation 10522,,,hts_note
2025_rev_14,9903.85.21,19,Proclamation 10522,,,hts_note
2025_rev_14,9903.85.25,19,Proclamation 10522,,,hts_note
2025_rev_14,9903.85.71,19,Proclamation 10522,,,hts_note
2025_rev_14,9903.85.72,19,Proclamation 10522,,,hts_note
2025_rev_14,9903.88.01,20,,,85 FR 16987,hts_note
2025_rev_14,9903.88.02,20,,,85 FR 16987,hts_note
2025_rev_14,9903.88.03,20,,,85 FR 16987,hts_note
2025_rev_14,9903.88.04,20,,,85 FR 16987,hts_note
2025_rev_14,9903.88.05,20,,,85 FR 16987,hts_note
2025_rev_14,9903.88.06,20,,,85 FR 16987,hts_note
2025_rev_14,9903.88.07,20,,,85 FR 16987,hts_note
2025_rev_14,9903.88.08,20,,,85 FR 16987,hts_note
2025_rev_14,9903.88.09,20,,,85 FR 16987,hts_note
2025_rev_14,9903.88.10,20,,,85 FR 16987,hts_note
2025_rev_14,9903.88.11,20,,,85 FR 16987,hts_note
2025_rev_14,9903.88.12,20,,,85 FR 16987,hts_note
2025_rev_14,9903.88.13,20,,,85 FR 16987,hts_note
2025_rev_14,9903.88.14,20,,,85 FR 16987,hts_note
2025_rev_14,9903.88.15,20,,,85 FR 16987,hts_note
2025_rev_14,9903.88.16,20,,,85 FR 16987,hts_note
2025_rev_14,9903.88.17,20,,,85 FR 16987,hts_note
2025_rev_14,9903.88.18,20,,,85 FR 16987,hts_note
2025_rev_14,9903.88.19,20,,,85 FR 16987,hts_note
2025_rev_14,9903.88.20,20,,,85 FR 16987,hts_note
2025_rev_14,9903.88.21,20,,,85 FR 16987,hts_note
2025_rev_14,9903.88.22,20,,,85 FR 16987,hts_note
2025_rev_14,9903.88.23,20,,,85 FR 16987,hts_note
2025_rev_14,9903.88.24,20,,,85 FR 16987,hts_note
2025_rev_14,9903.88.25,20,,,85 FR 16987,hts_note
2025_rev_14,9903.88.26,20,,,85 FR 16987,hts_note
2025_rev_14,9903.88.27,20,,,85 FR 16987,hts_note
2025_rev_14,9903.88.28,20,,,85 FR 16987,hts_note
2025_rev_14,9903.88.33,20,,,85 FR 16987,hts_note
2025_rev_14,9903.88.34,20,,,85 FR 16987,hts_note
2025_rev_14,9903.88.35,20,,,85 FR 16987,hts_note
2025_rev_14,9903.88.36,20,,,85 FR 16987,hts_note
2025_rev_14,9903.88.37,20,,,85 FR 16987,hts_note
2025_rev_14,9903.88.38,20,,,85 FR 16987,hts_note
2025_rev_14,9903.88.39,20,,,85 FR 16987,hts_note
2025_rev_14,9903.88.40,20,,,85 FR 16987,hts_note
2025_rev_14,9903.88.41,20,,,85 FR 16987,hts_note
2025_rev_14,9903.88.42,20,,,85 FR 16987,hts_note
2025_rev_14,9903.88.43,20,,,85 FR 16987,hts_note
2025_rev_14,9903.88.44,20,,,85 FR 16987,hts_note
2025_rev_14,9903.88.45,20,,,85 FR 16987,hts_note
2025_rev_14,9903.88.46,20,,,85 FR 16987,hts_note
2025_rev_14,9903.88.47,20,,,85 FR 16987,hts_note
2025_rev_14,9903.88.48,20,,,85 FR 16987,hts_note
2025_rev_14,9903.88.49,20,,,85 FR 16987,hts_note
2025_rev_14,9903.88.50,20,,,85 FR 16987,hts_note
2025_rev_14,9903.88.51,20,,,85 FR 16987,hts_note
2025_rev_14,9903.88.52,20,,,85 FR 16987,hts_note
2025_rev_14,9903.88.53,20,,,85 FR 16987,hts_note
2025_rev_14,9903.88.54,20,,,85 FR 16987,hts_note
2025_rev_14,9903.88.55,20,,,85 FR 16987,hts_note
2025_rev_14,9903.88.56,20,,,85 FR 16987,hts_note
2025_rev_14,9903.88.57,20,,,85 FR 16987,hts_note
2025_rev_14,9903.88.58,20,,,85 FR 16987,hts_note
2025_rev_14,9903.88.59,20,,,85 FR 16987,hts_note
2025_rev_14,9903.88.60,20,,,85 FR 16987,hts_note
2025_rev_14,9903.88.61,20,,,85 FR 16987,hts_note
2025_rev_14,9903.88.62,20,,,85 FR 16987,hts_note
2025_rev_14,9903.88.63,20,,,85 FR 16987,hts_note
2025_rev_14,9903.88.64,20,,,85 FR 16987,hts_note
2025_rev_14,9903.88.65,20,,,85 FR 16987,hts_note
2025_rev_14,9903.88.66,20,,,85 FR 16987,hts_note
2025_rev_14,9903.88.67,20,,,85 FR 16987,hts_note
2025_rev_14,9903.88.68,20,,,85 FR 16987,hts_note
2025_rev_14,9903.88.69,20,,,85 FR 16987,hts_note
2025_rev_14,9903.88.70,20,,,85 FR 16987,hts_note
2025_rev_14,9903.89.05,21,Proclamation 9223,,,hts_note
2025_rev_14,9903.89.10,21,Proclamation 9223,,,hts_note
2025_rev_14,9903.89.13,21,Proclamation 9223,,,hts_note
2025_rev_14,9903.89.16,21,Proclamation 9223,,,hts_note
2025_rev_14,9903.89.19,21,Proclamation 9223,,,hts_note
2025_rev_14,9903.89.22,21,Proclamation 9223,,,hts_note
2025_rev_14,9903.89.25,21,Proclamation 9223,,,hts_note
2025_rev_14,9903.89.28,21,Proclamation 9223,,,hts_note
2025_rev_14,9903.89.31,21,Proclamation 9223,,,hts_note
2025_rev_14,9903.89.34,21,Proclamation 9223,,,hts_note
2025_rev_14,9903.89.37,21,Proclamation 9223,,,hts_note
2025_rev_14,9903.89.40,21,Proclamation 9223,,,hts_note
2025_rev_14,9903.89.43,21,Proclamation 9223,,,hts_note
2025_rev_14,9903.89.46,21,Proclamation 9223,,,hts_note
2025_rev_14,9903.89.49,21,Proclamation 9223,,,hts_note
2025_rev_14,9903.89.52,21,Proclamation 9223,,,hts_note
2025_rev_14,9903.89.55,21,Proclamation 9223,,,hts_note
2025_rev_14,9903.89.57,21,Proclamation 9223,,,hts_note
2025_rev_14,9903.89.61,21,Proclamation 9223,,,hts_note
2025_rev_14,9903.94.01,33,,,85 FR 54882,hts_note
2025_rev_14,9903.94.02,33,,,85 FR 54882,hts_note
2025_rev_14,9903.94.03,33,,,85 FR 54882,hts_note
2025_rev_14,9903.94.04,33,,,85 FR 54882,hts_note
2025_rev_14,9903.94.05,33,,,85 FR 54882,hts_note
2025_rev_14,9903.94.06,33,,,85 FR 54882,hts_note
2025_rev_15,9903.85.01,19,Proclamation 10522,,,hts_note
2025_rev_15,9903.85.03,19,Proclamation 10522,,,hts_note
2025_rev_15,9903.85.21,19,Proclamation 10522,,,hts_note
2025_rev_15,9903.85.25,19,Proclamation 10522,,,hts_note
2025_rev_15,9903.85.71,19,Proclamation 10522,,,hts_note
2025_rev_15,9903.85.72,19,Proclamation 10522,,,hts_note
2025_rev_15,9903.88.01,20,,,85 FR 16987,hts_note
2025_rev_15,9903.88.02,20,,,85 FR 16987,hts_note
2025_rev_15,9903.88.03,20,,,85 FR 16987,hts_note
2025_rev_15,9903.88.04,20,,,85 FR 16987,hts_note
2025_rev_15,9903.88.05,20,,,85 FR 16987,hts_note
2025_rev_15,9903.88.06,20,,,85 FR 16987,hts_note
2025_rev_15,9903.88.07,20,,,85 FR 16987,hts_note
2025_rev_15,9903.88.08,20,,,85 FR 16987,hts_note
2025_rev_15,9903.88.09,20,,,85 FR 16987,hts_note
2025_rev_15,9903.88.10,20,,,85 FR 16987,hts_note
2025_rev_15,9903.88.11,20,,,85 FR 16987,hts_note
2025_rev_15,9903.88.12,20,,,85 FR 16987,hts_note
2025_rev_15,9903.88.13,20,,,85 FR 16987,hts_note
2025_rev_15,9903.88.14,20,,,85 FR 16987,hts_note
2025_rev_15,9903.88.15,20,,,85 FR 16987,hts_note
2025_rev_15,9903.88.16,20,,,85 FR 16987,hts_note
2025_rev_15,9903.88.17,20,,,85 FR 16987,hts_note
2025_rev_15,9903.88.18,20,,,85 FR 16987,hts_note
2025_rev_15,9903.88.19,20,,,85 FR 16987,hts_note
2025_rev_15,9903.88.20,20,,,85 FR 16987,hts_note
2025_rev_15,9903.88.21,20,,,85 FR 16987,hts_note
2025_rev_15,9903.88.22,20,,,85 FR 16987,hts_note
2025_rev_15,9903.88.23,20,,,85 FR 16987,hts_note
2025_rev_15,9903.88.24,20,,,85 FR 16987,hts_note
2025_rev_15,9903.88.25,20,,,85 FR 16987,hts_note
2025_rev_15,9903.88.26,20,,,85 FR 16987,hts_note
2025_rev_15,9903.88.27,20,,,85 FR 16987,hts_note
2025_rev_15,9903.88.28,20,,,85 FR 16987,hts_note
2025_rev_15,9903.88.33,20,,,85 FR 16987,hts_note
2025_rev_15,9903.88.34,20,,,85 FR 16987,hts_note
2025_rev_15,9903.88.35,20,,,85 FR 16987,hts_note
2025_rev_15,9903.88.36,20,,,85 FR 16987,hts_note
2025_rev_15,9903.88.37,20,,,85 FR 16987,hts_note
2025_rev_15,9903.88.38,20,,,85 FR 16987,hts_note
2025_rev_15,9903.88.39,20,,,85 FR 16987,hts_note
2025_rev_15,9903.88.40,20,,,85 FR 16987,hts_note
2025_rev_15,9903.88.41,20,,,85 FR 16987,hts_note
2025_rev_15,9903.88.42,20,,,85 FR 16987,hts_note
2025_rev_15,9903.88.43,20,,,85 FR 16987,hts_note
2025_rev_15,9903.88.44,20,,,85 FR 16987,hts_note
2025_rev_15,9903.88.45,20,,,85 FR 16987,hts_note
2025_rev_15,9903.88.46,20,,,85 FR 16987,hts_note
2025_rev_15,9903.88.47,20,,,85 FR 16987,hts_note
2025_rev_15,9903.88.48,20,,,85 FR 16987,hts_note
2025_rev_15,9903.88.49,20,,,85 FR 16987,hts_note
2025_rev_15,9903.88.50,20,,,85 FR 16987,hts_note
2025_rev_15,9903.88.51,20,,,85 FR 16987,hts_note
2025_rev_15,9903.88.52,20,,,85 FR 16987,hts_note
2025_rev_15,9903.88.53,20,,,85 FR 16987,hts_note
2025_rev_15,9903.88.54,20,,,85 FR 16987,hts_note
2025_rev_15,9903.88.55,20,,,85 FR 16987,hts_note
2025_rev_15,9903.88.56,20,,,85 FR 16987,hts_note
2025_rev_15,9903.88.57,20,,,85 FR 16987,hts_note
2025_rev_15,9903.88.58,20,,,85 FR 16987,hts_note
2025_rev_15,9903.88.59,20,,,85 FR 16987,hts_note
2025_rev_15,9903.88.60,20,,,85 FR 16987,hts_note
2025_rev_15,9903.88.61,20,,,85 FR 16987,hts_note
2025_rev_15,9903.88.62,20,,,85 FR 16987,hts_note
2025_rev_15,9903.88.63,20,,,85 FR 16987,hts_note
2025_rev_15,9903.88.64,20,,,85 FR 16987,hts_note
2025_rev_15,9903.88.65,20,,,85 FR 16987,hts_note
2025_rev_15,9903.88.66,20,,,85 FR 16987,hts_note
2025_rev_15,9903.88.67,20,,,85 FR 16987,hts_note
2025_rev_15,9903.88.68,20,,,85 FR 16987,hts_note
2025_rev_15,9903.88.69,20,,,85 FR 16987,hts_note
2025_rev_15,9903.88.70,20,,,85 FR 16987,hts_note
2025_rev_15,9903.89.05,21,Proclamation 9223,,,hts_note
2025_rev_15,9903.89.10,21,Proclamation 9223,,,hts_note
2025_rev_15,9903.89.13,21,Proclamation 9223,,,hts_note
2025_rev_15,9903.89.16,21,Proclamation 9223,,,hts_note
2025_rev_15,9903.89.19,21,Proclamation 9223,,,hts_note
2025_rev_15,9903.89.22,21,Proclamation 9223,,,hts_note
2025_rev_15,9903.89.25,21,Proclamation 9223,,,hts_note
2025_rev_15,9903.89.28,21,Proclamation 9223,,,hts_note
2025_rev_15,9903.89.31,21,Proclamation 9223,,,hts_note
2025_rev_15,9903.89.34,21,Proclamation 9223,,,hts_note
2025_rev_15,9903.89.37,21,Proclamation 9223,,,hts_note
2025_rev_15,9903.89.40,21,Proclamation 9223,,,hts_note
2025_rev_15,9903.89.43,21,Proclamation 9223,,,hts_note
2025_rev_15,9903.89.46,21,Proclamation 9223,,,hts_note
2025_rev_15,9903.89.49,21,Proclamation 9223,,,hts_note
2025_rev_15,9903.89.52,21,Proclamation 9223,,,hts_note
2025_rev_15,9903.89.55,21,Proclamation 9223,,,hts_note
2025_rev_15,9903.89.57,21,Proclamation 9223,,,hts_note
2025_rev_15,9903.89.61,21,Proclamation 9223,,,hts_note
2025_rev_15,9903.94.01,33,,,85 FR 54882,hts_note
2025_rev_15,9903.94.02,33,,,85 FR 54882,hts_note
2025_rev_15,9903.94.03,33,,,85 FR 54882,hts_note
2025_rev_15,9903.94.04,33,,,85 FR 54882,hts_note
2025_rev_15,9903.94.05,33,,,85 FR 54882,hts_note
2025_rev_15,9903.94.06,33,,,85 FR 54882,hts_note
2025_rev_16,9903.85.01,19,Proclamation 10522,,,hts_note
2025_rev_16,9903.85.03,19,Proclamation 10522,,,hts_note
2025_rev_16,9903.85.21,19,Proclamation 10522,,,hts_note
2025_rev_16,9903.85.25,19,Proclamation 10522,,,hts_note
2025_rev_16,9903.85.71,19,Proclamation 10522,,,hts_note
2025_rev_16,9903.85.72,19,Proclamation 10522,,,hts_note
2025_rev_16,9903.88.01,20,,,85 FR 16987,hts_note
2025_rev_16,9903.88.02,20,,,85 FR 16987,hts_note
2025_rev_16,9903.88.03,20,,,85 FR 16987,hts_note
2025_rev_16,9903.88.04,20,,,85 FR 16987,hts_note
2025_rev_16,9903.88.05,20,,,85 FR 16987,hts_note
2025_rev_16,9903.88.06,20,,,85 FR 16987,hts_note
2025_rev_16,9903.88.07,20,,,85 FR 16987,hts_note
2025_rev_16,9903.88.08,20,,,85 FR 16987,hts_note
2025_rev_16,9903.88.09,20,,,85 FR 16987,hts_note
2025_rev_16,9903.88.10,20,,,85 FR 16987,hts_note
2025_rev_16,9903.88.11,20,,,85 FR 16987,hts_note
2025_rev_16,9903.88.12,20,,,85 FR 16987,hts_note
2025_rev_16,9903.88.13,20,,,85 FR 16987,hts_note
2025_rev_16,9903.88.14,20,,,85 FR 16987,hts_note
2025_rev_16,9903.88.15,20,,,85 FR 16987,hts_note
2025_rev_16,9903.88.16,20,,,85 FR 16987,hts_note
2025_rev_16,9903.88.17,20,,,85 FR 16987,hts_note
2025_rev_16,9903.88.18,20,,,85 FR 16987,hts_note
2025_rev_16,9903.88.19,20,,,85 FR 16987,hts_note
2025_rev_16,9903.88.20,20,,,85 FR 16987,hts_note
2025_rev_16,9903.88.21,20,,,85 FR 16987,hts_note
2025_rev_16,9903.88.22,20,,,85 FR 16987,hts_note
2025_rev_16,9903.88.23,20,,,85 FR 16987,hts_note
2025_rev_16,9903.88.24,20,,,85 FR 16987,hts_note
2025_rev_16,9903.88.25,20,,,85 FR 16987,hts_note
2025_rev_16,9903.88.26,20,,,85 FR 16987,hts_note
2025_rev_16,9903.88.27,20,,,85 FR 16987,hts_note
2025_rev_16,9903.88.28,20,,,85 FR 16987,hts_note
2025_rev_16,9903.88.33,20,,,85 FR 16987,hts_note
2025_rev_16,9903.88.34,20,,,85 FR 16987,hts_note
2025_rev_16,9903.88.35,20,,,85 FR 16987,hts_note
2025_rev_16,9903.88.36,20,,,85 FR 16987,hts_note
2025_rev_16,9903.88.37,20,,,85 FR 16987,hts_note
2025_rev_16,9903.88.38,20,,,85 FR 16987,hts_note
2025_rev_16,9903.88.39,20,,,85 FR 16987,hts_note
2025_rev_16,9903.88.40,20,,,85 FR 16987,hts_note
2025_rev_16,9903.88.41,20,,,85 FR 16987,hts_note
2025_rev_16,9903.88.42,20,,,85 FR 16987,hts_note
2025_rev_16,9903.88.43,20,,,85 FR 16987,hts_note
2025_rev_16,9903.88.44,20,,,85 FR 16987,hts_note
2025_rev_16,9903.88.45,20,,,85 FR 16987,hts_note
2025_rev_16,9903.88.46,20,,,85 FR 16987,hts_note
2025_rev_16,9903.88.47,20,,,85 FR 16987,hts_note
2025_rev_16,9903.88.48,20,,,85 FR 16987,hts_note
2025_rev_16,9903.88.49,20,,,85 FR 16987,hts_note
2025_rev_16,9903.88.50,20,,,85 FR 16987,hts_note
2025_rev_16,9903.88.51,20,,,85 FR 16987,hts_note
2025_rev_16,9903.88.52,20,,,85 FR 16987,hts_note
2025_rev_16,9903.88.53,20,,,85 FR 16987,hts_note
2025_rev_16,9903.88.54,20,,,85 FR 16987,hts_note
2025_rev_16,9903.88.55,20,,,85 FR 16987,hts_note
2025_rev_16,9903.88.56,20,,,85 FR 16987,hts_note
2025_rev_16,9903.88.57,20,,,85 FR 16987,hts_note
2025_rev_16,9903.88.58,20,,,85 FR 16987,hts_note
2025_rev_16,9903.88.59,20,,,85 FR 16987,hts_note
2025_rev_16,9903.88.60,20,,,85 FR 16987,hts_note
2025_rev_16,9903.88.61,20,,,85 FR 16987,hts_note
2025_rev_16,9903.88.62,20,,,85 FR 16987,hts_note
2025_rev_16,9903.88.63,20,,,85 FR 16987,hts_note
2025_rev_16,9903.88.64,20,,,85 FR 16987,hts_note
2025_rev_16,9903.88.65,20,,,85 FR 16987,hts_note
2025_rev_16,9903.88.66,20,,,85 FR 16987,hts_note
2025_rev_16,9903.88.67,20,,,85 FR 16987,hts_note
2025_rev_16,9903.88.68,20,,,85 FR 16987,hts_note
2025_rev_16,9903.88.69,20,,,85 FR 16987,hts_note
2025_rev_16,9903.88.70,20,,,85 FR 16987,hts_note
2025_rev_16,9903.89.05,21,Proclamation 9223,,,hts_note
2025_rev_16,9903.89.10,21,Proclamation 9223,,,hts_note
2025_rev_16,9903.89.13,21,Proclamation 9223,,,hts_note
2025_rev_16,9903.89.16,21,Proclamation 9223,,,hts_note
2025_rev_16,9903.89.19,21,Proclamation 9223,,,hts_note
2025_rev_16,9903.89.22,21,Proclamation 9223,,,hts_note
2025_rev_16,9903.89.25,21,Proclamation 9223,,,hts_note
2025_rev_16,9903.89.28,21,Proclamation 9223,,,hts_note
2025_rev_16,9903.89.31,21,Proclamation 9223,,,hts_note
2025_rev_16,9903.89.34,21,Proclamation 9223,,,hts_note
2025_rev_16,9903.89.37,21,Proclamation 9223,,,hts_note
2025_rev_16,9903.89.40,21,Proclamation 9223,,,hts_note
2025_rev_16,9903.89.43,21,Proclamation 9223,,,hts_note
2025_rev_16,9903.89.46,21,Proclamation 9223,,,hts_note
2025_rev_16,9903.89.49,21,Proclamation 9223,,,hts_note
2025_rev_16,9903.89.52,21,Proclamation 9223,,,hts_note
2025_rev_16,9903.89.55,21,Proclamation 9223,,,hts_note
2025_rev_16,9903.89.57,21,Proclamation 9223,,,hts_note
2025_rev_16,9903.89.61,21,Proclamation 9223,,,hts_note
2025_rev_16,9903.94.01,33,,,85 FR 54882,hts_note
2025_rev_16,9903.94.02,33,,,85 FR 54882,hts_note
2025_rev_16,9903.94.03,33,,,85 FR 54882,hts_note
2025_rev_16,9903.94.04,33,,,85 FR 54882,hts_note
2025_rev_16,9903.94.05,33,,,85 FR 54882,hts_note
2025_rev_16,9903.94.06,33,,,85 FR 54882,hts_note
2025_rev_16,9903.94.31,33,,,85 FR 54882,hts_note
2025_rev_16,9903.94.32,33,,,85 FR 54882,hts_note
2025_rev_17,9903.85.01,19,Proclamation 10522,,,hts_note
2025_rev_17,9903.85.03,19,Proclamation 10522,,,hts_note
2025_rev_17,9903.85.21,19,Proclamation 10522,,,hts_note
2025_rev_17,9903.85.25,19,Proclamation 10522,,,hts_note
2025_rev_17,9903.85.71,19,Proclamation 10522,,,hts_note
2025_rev_17,9903.85.72,19,Proclamation 10522,,,hts_note
2025_rev_17,9903.88.01,20,,,85 FR 16987,hts_note
2025_rev_17,9903.88.02,20,,,85 FR 16987,hts_note
2025_rev_17,9903.88.03,20,,,85 FR 16987,hts_note
2025_rev_17,9903.88.04,20,,,85 FR 16987,hts_note
2025_rev_17,9903.88.05,20,,,85 FR 16987,hts_note
2025_rev_17,9903.88.06,20,,,85 FR 16987,hts_note
2025_rev_17,9903.88.07,20,,,85 FR 16987,hts_note
2025_rev_17,9903.88.08,20,,,85 FR 16987,hts_note
2025_rev_17,9903.88.09,20,,,85 FR 16987,hts_note
2025_rev_17,9903.88.10,20,,,85 FR 16987,hts_note
2025_rev_17,9903.88.11,20,,,85 FR 16987,hts_note
2025_rev_17,9903.88.12,20,,,85 FR 16987,hts_note
2025_rev_17,9903.88.13,20,,,85 FR 16987,hts_note
2025_rev_17,9903.88.14,20,,,85 FR 16987,hts_note
2025_rev_17,9903.88.15,20,,,85 FR 16987,hts_note
2025_rev_17,9903.88.16,20,,,85 FR 16987,hts_note
2025_rev_17,9903.88.17,20,,,85 FR 16987,hts_note
2025_rev_17,9903.88.18,20,,,85 FR 16987,hts_note
2025_rev_17,9903.88.19,20,,,85 FR 16987,hts_note
2025_rev_17,9903.88.20,20,,,85 FR 16987,hts_note
2025_rev_17,9903.88.21,20,,,85 FR 16987,hts_note
2025_rev_17,9903.88.22,20,,,85 FR 16987,hts_note
2025_rev_17,9903.88.23,20,,,85 FR 16987,hts_note
2025_rev_17,9903.88.24,20,,,85 FR 16987,hts_note
2025_rev_17,9903.88.25,20,,,85 FR 16987,hts_note
2025_rev_17,9903.88.26,20,,,85 FR 16987,hts_note
2025_rev_17,9903.88.27,20,,,85 FR 16987,hts_note
2025_rev_17,9903.88.28,20,,,85 FR 16987,hts_note
2025_rev_17,9903.88.33,20,,,85 FR 16987,hts_note
2025_rev_17,9903.88.34,20,,,85 FR 16987,hts_note
2025_rev_17,9903.88.35,20,,,85 FR 16987,hts_note
2025_rev_17,9903.88.36,20,,,85 FR 16987,hts_note
2025_rev_17,9903.88.37,20,,,85 FR 16987,hts_note
2025_rev_17,9903.88.38,20,,,85 FR 16987,hts_note
2025_rev_17,9903.88.39,20,,,85 FR 16987,hts_note
2025_rev_17,9903.88.40,20,,,85 FR 16987,hts_note
2025_rev_17,9903.88.41,20,,,85 FR 16987,hts_note
2025_rev_17,9903.88.42,20,,,85 FR 16987,hts_note
2025_rev_17,9903.88.43,20,,,85 FR 16987,hts_note
2025_rev_17,9903.88.44,20,,,85 FR 16987,hts_note
2025_rev_17,9903.88.45,20,,,85 FR 16987,hts_note
2025_rev_17,9903.88.46,20,,,85 FR 16987,hts_note
2025_rev_17,9903.88.47,20,,,85 FR 16987,hts_note
2025_rev_17,9903.88.48,20,,,85 FR 16987,hts_note
2025_rev_17,9903.88.49,20,,,85 FR 16987,hts_note
2025_rev_17,9903.88.50,20,,,85 FR 16987,hts_note
2025_rev_17,9903.88.51,20,,,85 FR 16987,hts_note
2025_rev_17,9903.88.52,20,,,85 FR 16987,hts_note
2025_rev_17,9903.88.53,20,,,85 FR 16987,hts_note
2025_rev_17,9903.88.54,20,,,85 FR 16987,hts_note
2025_rev_17,9903.88.55,20,,,85 FR 16987,hts_note
2025_rev_17,9903.88.56,20,,,85 FR 16987,hts_note
2025_rev_17,9903.88.57,20,,,85 FR 16987,hts_note
2025_rev_17,9903.88.58,20,,,85 FR 16987,hts_note
2025_rev_17,9903.88.59,20,,,85 FR 16987,hts_note
2025_rev_17,9903.88.60,20,,,85 FR 16987,hts_note
2025_rev_17,9903.88.61,20,,,85 FR 16987,hts_note
2025_rev_17,9903.88.62,20,,,85 FR 16987,hts_note
2025_rev_17,9903.88.63,20,,,85 FR 16987,hts_note
2025_rev_17,9903.88.64,20,,,85 FR 16987,hts_note
2025_rev_17,9903.88.65,20,,,85 FR 16987,hts_note
2025_rev_17,9903.88.66,20,,,85 FR 16987,hts_note
2025_rev_17,9903.88.67,20,,,85 FR 16987,hts_note
2025_rev_17,9903.88.68,20,,,85 FR 16987,hts_note
2025_rev_17,9903.88.69,20,,,85 FR 16987,hts_note
2025_rev_17,9903.88.70,20,,,85 FR 16987,hts_note
2025_rev_17,9903.89.05,21,Proclamation 9223,,,hts_note
2025_rev_17,9903.89.10,21,Proclamation 9223,,,hts_note
2025_rev_17,9903.89.13,21,Proclamation 9223,,,hts_note
2025_rev_17,9903.89.16,21,Proclamation 9223,,,hts_note
2025_rev_17,9903.89.19,21,Proclamation 9223,,,hts_note
2025_rev_17,9903.89.22,21,Proclamation 9223,,,hts_note
2025_rev_17,9903.89.25,21,Proclamation 9223,,,hts_note
2025_rev_17,9903.89.28,21,Proclamation 9223,,,hts_note
2025_rev_17,9903.89.31,21,Proclamation 9223,,,hts_note
2025_rev_17,9903.89.34,21,Proclamation 9223,,,hts_note
2025_rev_17,9903.89.37,21,Proclamation 9223,,,hts_note
2025_rev_17,9903.89.40,21,Proclamation 9223,,,hts_note
2025_rev_17,9903.89.43,21,Proclamation 9223,,,hts_note
2025_rev_17,9903.89.46,21,Proclamation 9223,,,hts_note
2025_rev_17,9903.89.49,21,Proclamation 9223,,,hts_note
2025_rev_17,9903.89.52,21,Proclamation 9223,,,hts_note
2025_rev_17,9903.89.55,21,Proclamation 9223,,,hts_note
2025_rev_17,9903.89.57,21,Proclamation 9223,,,hts_note
2025_rev_17,9903.89.61,21,Proclamation 9223,,,hts_note
2025_rev_17,9903.94.01,33,,,85 FR 54882,hts_note
2025_rev_17,9903.94.02,33,,,85 FR 54882,hts_note
2025_rev_17,9903.94.03,33,,,85 FR 54882,hts_note
2025_rev_17,9903.94.04,33,,,85 FR 54882,hts_note
2025_rev_17,9903.94.05,33,,,85 FR 54882,hts_note
2025_rev_17,9903.94.06,33,,,85 FR 54882,hts_note
2025_rev_17,9903.94.31,33,,,85 FR 54882,hts_note
2025_rev_17,9903.94.32,33,,,85 FR 54882,hts_note
2025_rev_18,9903.85.01,19,Proclamation 10522,,,hts_note
2025_rev_18,9903.85.03,19,Proclamation 10522,,,hts_note
2025_rev_18,9903.85.21,19,Proclamation 10522,,,hts_note
2025_rev_18,9903.85.25,19,Proclamation 10522,,,hts_note
2025_rev_18,9903.85.71,19,Proclamation 10522,,,hts_note
2025_rev_18,9903.85.72,19,Proclamation 10522,,,hts_note
2025_rev_18,9903.88.01,20,,,85 FR 16987,hts_note
2025_rev_18,9903.88.02,20,,,85 FR 16987,hts_note
2025_rev_18,9903.88.03,20,,,85 FR 16987,hts_note
2025_rev_18,9903.88.04,20,,,85 FR 16987,hts_note
2025_rev_18,9903.88.05,20,,,85 FR 16987,hts_note
2025_rev_18,9903.88.06,20,,,85 FR 16987,hts_note
2025_rev_18,9903.88.07,20,,,85 FR 16987,hts_note
2025_rev_18,9903.88.08,20,,,85 FR 16987,hts_note
2025_rev_18,9903.88.09,20,,,85 FR 16987,hts_note
2025_rev_18,9903.88.10,20,,,85 FR 16987,hts_note
2025_rev_18,9903.88.11,20,,,85 FR 16987,hts_note
2025_rev_18,9903.88.12,20,,,85 FR 16987,hts_note
2025_rev_18,9903.88.13,20,,,85 FR 16987,hts_note
2025_rev_18,9903.88.14,20,,,85 FR 16987,hts_note
2025_rev_18,9903.88.15,20,,,85 FR 16987,hts_note
2025_rev_18,9903.88.16,20,,,85 FR 16987,hts_note
2025_rev_18,9903.88.17,20,,,85 FR 16987,hts_note
2025_rev_18,9903.88.18,20,,,85 FR 16987,hts_note
2025_rev_18,9903.88.19,20,,,85 FR 16987,hts_note
2025_rev_18,9903.88.20,20,,,85 FR 16987,hts_note
2025_rev_18,9903.88.21,20,,,85 FR 16987,hts_note
2025_rev_18,9903.88.22,20,,,85 FR 16987,hts_note
2025_rev_18,9903.88.23,20,,,85 FR 16987,hts_note
2025_rev_18,9903.88.24,20,,,85 FR 16987,hts_note
2025_rev_18,9903.88.25,20,,,85 FR 16987,hts_note
2025_rev_18,9903.88.26,20,,,85 FR 16987,hts_note
2025_rev_18,9903.88.27,20,,,85 FR 16987,hts_note
2025_rev_18,9903.88.28,20,,,85 FR 16987,hts_note
2025_rev_18,9903.88.33,20,,,85 FR 16987,hts_note
2025_rev_18,9903.88.34,20,,,85 FR 16987,hts_note
2025_rev_18,9903.88.35,20,,,85 FR 16987,hts_note
2025_rev_18,9903.88.36,20,,,85 FR 16987,hts_note
2025_rev_18,9903.88.37,20,,,85 FR 16987,hts_note
2025_rev_18,9903.88.38,20,,,85 FR 16987,hts_note
2025_rev_18,9903.88.39,20,,,85 FR 16987,hts_note
2025_rev_18,9903.88.40,20,,,85 FR 16987,hts_note
2025_rev_18,9903.88.41,20,,,85 FR 16987,hts_note
2025_rev_18,9903.88.42,20,,,85 FR 16987,hts_note
2025_rev_18,9903.88.43,20,,,85 FR 16987,hts_note
2025_rev_18,9903.88.44,20,,,85 FR 16987,hts_note
2025_rev_18,9903.88.45,20,,,85 FR 16987,hts_note
2025_rev_18,9903.88.46,20,,,85 FR 16987,hts_note
2025_rev_18,9903.88.47,20,,,85 FR 16987,hts_note
2025_rev_18,9903.88.48,20,,,85 FR 16987,hts_note
2025_rev_18,9903.88.49,20,,,85 FR 16987,hts_note
2025_rev_18,9903.88.50,20,,,85 FR 16987,hts_note
2025_rev_18,9903.88.51,20,,,85 FR 16987,hts_note
2025_rev_18,9903.88.52,20,,,85 FR 16987,hts_note
2025_rev_18,9903.88.53,20,,,85 FR 16987,hts_note
2025_rev_18,9903.88.54,20,,,85 FR 16987,hts_note
2025_rev_18,9903.88.55,20,,,85 FR 16987,hts_note
2025_rev_18,9903.88.56,20,,,85 FR 16987,hts_note
2025_rev_18,9903.88.57,20,,,85 FR 16987,hts_note
2025_rev_18,9903.88.58,20,,,85 FR 16987,hts_note
2025_rev_18,9903.88.59,20,,,85 FR 16987,hts_note
2025_rev_18,9903.88.60,20,,,85 FR 16987,hts_note
2025_rev_18,9903.88.61,20,,,85 FR 16987,hts_note
2025_rev_18,9903.88.62,20,,,85 FR 16987,hts_note
2025_rev_18,9903.88.63,20,,,85 FR 16987,hts_note
2025_rev_18,9903.88.64,20,,,85 FR 16987,hts_note
2025_rev_18,9903.88.65,20,,,85 FR 16987,hts_note
2025_rev_18,9903.88.66,20,,,85 FR 16987,hts_note
2025_rev_18,9903.88.67,20,,,85 FR 16987,hts_note
2025_rev_18,9903.88.68,20,,,85 FR 16987,hts_note
2025_rev_18,9903.88.69,20,,,85 FR 16987,hts_note
2025_rev_18,9903.88.70,20,,,85 FR 16987,hts_note
2025_rev_18,9903.89.05,21,Proclamation 9223,,,hts_note
2025_rev_18,9903.89.10,21,Proclamation 9223,,,hts_note
2025_rev_18,9903.89.13,21,Proclamation 9223,,,hts_note
2025_rev_18,9903.89.16,21,Proclamation 9223,,,hts_note
2025_rev_18,9903.89.19,21,Proclamation 9223,,,hts_note
2025_rev_18,9903.89.22,21,Proclamation 9223,,,hts_note
2025_rev_18,9903.89.25,21,Proclamation 9223,,,hts_note
2025_rev_18,9903.89.28,21,Proclamation 9223,,,hts_note
2025_rev_18,9903.89.31,21,Proclamation 9223,,,hts_note
2025_rev_18,9903.89.34,21,Proclamation 9223,,,hts_note
2025_rev_18,9903.89.37,21,Proclamation 9223,,,hts_note
2025_rev_18,9903.89.40,21,Proclamation 9223,,,hts_note
2025_rev_18,9903.89.43,21,Proclamation 9223,,,hts_note
2025_rev_18,9903.89.46,21,Proclamation 9223,,,hts_note
2025_rev_18,9903.89.49,21,Proclamation 9223,,,hts_note
2025_rev_18,9903.89.52,21,Proclamation 9223,,,hts_note
2025_rev_18,9903.89.55,21,Proclamation 9223,,,hts_note
2025_rev_18,9903.89.57,21,Proclamation 9223,,,hts_note
2025_rev_18,9903.89.61,21,Proclamation 9223,,,hts_note
2025_rev_18,9903.94.01,33,,Executive Order 14326,85 FR 54882,hts_note
2025_rev_18,9903.94.02,33,,Executive Order 14326,85 FR 54882,hts_note
2025_rev_18,9903.94.03,33,,Executive Order 14326,85 FR 54882,hts_note
2025_rev_18,9903.94.04,33,,Executive Order 14326,85 FR 54882,hts_note
2025_rev_18,9903.94.05,33,,Executive Order 14326,85 FR 54882,hts_note
2025_rev_18,9903.94.06,33,,Executive Order 14326,85 FR 54882,hts_note
2025_rev_18,9903.94.31,33,,Executive Order 14326,85 FR 54882,hts_note
2025_rev_18,9903.94.32,33,,Executive Order 14326,85 FR 54882,hts_note
2025_rev_19,9903.85.01,19,Proclamation 10522,,,hts_note
2025_rev_19,9903.85.03,19,Proclamation 10522,,,hts_note
2025_rev_19,9903.85.21,19,Proclamation 10522,,,hts_note
2025_rev_19,9903.85.25,19,Proclamation 10522,,,hts_note
2025_rev_19,9903.85.71,19,Proclamation 10522,,,hts_note
2025_rev_19,9903.85.72,19,Proclamation 10522,,,hts_note
2025_rev_19,9903.88.01,20,,,85 FR 16987,hts_note
2025_rev_19,9903.88.02,20,,,85 FR 16987,hts_note
2025_rev_19,9903.88.03,20,,,85 FR 16987,hts_note
2025_rev_19,9903.88.04,20,,,85 FR 16987,hts_note
2025_rev_19,9903.88.05,20,,,85 FR 16987,hts_note
2025_rev_19,9903.88.06,20,,,85 FR 16987,hts_note
2025_rev_19,9903.88.07,20,,,85 FR 16987,hts_note
2025_rev_19,9903.88.08,20,,,85 FR 16987,hts_note
2025_rev_19,9903.88.09,20,,,85 FR 16987,hts_note
2025_rev_19,9903.88.10,20,,,85 FR 16987,hts_note
2025_rev_19,9903.88.11,20,,,85 FR 16987,hts_note
2025_rev_19,9903.88.12,20,,,85 FR 16987,hts_note
2025_rev_19,9903.88.13,20,,,85 FR 16987,hts_note
2025_rev_19,9903.88.14,20,,,85 FR 16987,hts_note
2025_rev_19,9903.88.15,20,,,85 FR 16987,hts_note
2025_rev_19,9903.88.16,20,,,85 FR 16987,hts_note
2025_rev_19,9903.88.17,20,,,85 FR 16987,hts_note
2025_rev_19,9903.88.18,20,,,85 FR 16987,hts_note
2025_rev_19,9903.88.19,20,,,85 FR 16987,hts_note
2025_rev_19,9903.88.20,20,,,85 FR 16987,hts_note
2025_rev_19,9903.88.21,20,,,85 FR 16987,hts_note
2025_rev_19,9903.88.22,20,,,85 FR 16987,hts_note
2025_rev_19,9903.88.23,20,,,85 FR 16987,hts_note
2025_rev_19,9903.88.24,20,,,85 FR 16987,hts_note
2025_rev_19,9903.88.25,20,,,85 FR 16987,hts_note
2025_rev_19,9903.88.26,20,,,85 FR 16987,hts_note
2025_rev_19,9903.88.27,20,,,85 FR 16987,hts_note
2025_rev_19,9903.88.28,20,,,85 FR 16987,hts_note
2025_rev_19,9903.88.33,20,,,85 FR 16987,hts_note
2025_rev_19,9903.88.34,20,,,85 FR 16987,hts_note
2025_rev_19,9903.88.35,20,,,85 FR 16987,hts_note
2025_rev_19,9903.88.36,20,,,85 FR 16987,hts_note
2025_rev_19,9903.88.37,20,,,85 FR 16987,hts_note
2025_rev_19,9903.88.38,20,,,85 FR 16987,hts_note
2025_rev_19,9903.88.39,20,,,85 FR 16987,hts_note
2025_rev_19,9903.88.40,20,,,85 FR 16987,hts_note
2025_rev_19,9903.88.41,20,,,85 FR 16987,hts_note
2025_rev_19,9903.88.42,20,,,85 FR 16987,hts_note
2025_rev_19,9903.88.43,20,,,85 FR 16987,hts_note
2025_rev_19,9903.88.44,20,,,85 FR 16987,hts_note
2025_rev_19,9903.88.45,20,,,85 FR 16987,hts_note
2025_rev_19,9903.88.46,20,,,85 FR 16987,hts_note
2025_rev_19,9903.88.47,20,,,85 FR 16987,hts_note
2025_rev_19,9903.88.48,20,,,85 FR 16987,hts_note
2025_rev_19,9903.88.49,20,,,85 FR 16987,hts_note
2025_rev_19,9903.88.50,20,,,85 FR 16987,hts_note
2025_rev_19,9903.88.51,20,,,85 FR 16987,hts_note
2025_rev_19,9903.88.52,20,,,85 FR 16987,hts_note
2025_rev_19,9903.88.53,20,,,85 FR 16987,hts_note
2025_rev_19,9903.88.54,20,,,85 FR 16987,hts_note
2025_rev_19,9903.88.55,20,,,85 FR 16987,hts_note
2025_rev_19,9903.88.56,20,,,85 FR 16987,hts_note
2025_rev_19,9903.88.57,20,,,85 FR 16987,hts_note
2025_rev_19,9903.88.58,20,,,85 FR 16987,hts_note
2025_rev_19,9903.88.59,20,,,85 FR 16987,hts_note
2025_rev_19,9903.88.60,20,,,85 FR 16987,hts_note
2025_rev_19,9903.88.61,20,,,85 FR 16987,hts_note
2025_rev_19,9903.88.62,20,,,85 FR 16987,hts_note
2025_rev_19,9903.88.63,20,,,85 FR 16987,hts_note
2025_rev_19,9903.88.64,20,,,85 FR 16987,hts_note
2025_rev_19,9903.88.65,20,,,85 FR 16987,hts_note
2025_rev_19,9903.88.66,20,,,85 FR 16987,hts_note
2025_rev_19,9903.88.67,20,,,85 FR 16987,hts_note
2025_rev_19,9903.88.68,20,,,85 FR 16987,hts_note
2025_rev_19,9903.88.69,20,,,85 FR 16987,hts_note
2025_rev_19,9903.88.70,20,,,85 FR 16987,hts_note
2025_rev_19,9903.89.05,21,Proclamation 9223,,,hts_note
2025_rev_19,9903.89.10,21,Proclamation 9223,,,hts_note
2025_rev_19,9903.89.13,21,Proclamation 9223,,,hts_note
2025_rev_19,9903.89.16,21,Proclamation 9223,,,hts_note
2025_rev_19,9903.89.19,21,Proclamation 9223,,,hts_note
2025_rev_19,9903.89.22,21,Proclamation 9223,,,hts_note
2025_rev_19,9903.89.25,21,Proclamation 9223,,,hts_note
2025_rev_19,9903.89.28,21,Proclamation 9223,,,hts_note
2025_rev_19,9903.89.31,21,Proclamation 9223,,,hts_note
2025_rev_19,9903.89.34,21,Proclamation 9223,,,hts_note
2025_rev_19,9903.89.37,21,Proclamation 9223,,,hts_note
2025_rev_19,9903.89.40,21,Proclamation 9223,,,hts_note
2025_rev_19,9903.89.43,21,Proclamation 9223,,,hts_note
2025_rev_19,9903.89.46,21,Proclamation 9223,,,hts_note
2025_rev_19,9903.89.49,21,Proclamation 9223,,,hts_note
2025_rev_19,9903.89.52,21,Proclamation 9223,,,hts_note
2025_rev_19,9903.89.55,21,Proclamation 9223,,,hts_note
2025_rev_19,9903.89.57,21,Proclamation 9223,,,hts_note
2025_rev_19,9903.89.61,21,Proclamation 9223,,,hts_note
2025_rev_19,9903.94.01,33,,Executive Order 14326,85 FR 54882,hts_note
2025_rev_19,9903.94.02,33,,Executive Order 14326,85 FR 54882,hts_note
2025_rev_19,9903.94.03,33,,Executive Order 14326,85 FR 54882,hts_note
2025_rev_19,9903.94.04,33,,Executive Order 14326,85 FR 54882,hts_note
2025_rev_19,9903.94.05,33,,Executive Order 14326,85 FR 54882,hts_note
2025_rev_19,9903.94.06,33,,Executive Order 14326,85 FR 54882,hts_note
2025_rev_19,9903.94.31,33,,Executive Order 14326,85 FR 54882,hts_note
2025_rev_19,9903.94.32,33,,Executive Order 14326,85 FR 54882,hts_note
2025_rev_2,9903.55.01,32,,,85 FR 54882,hts_note
2025_rev_2,9903.85.01,19,Proclamation 10522,,,hts_note
2025_rev_2,9903.85.03,19,Proclamation 10522,,,hts_note
2025_rev_2,9903.85.21,19,Proclamation 10522,,,hts_note
2025_rev_2,9903.85.25,19,Proclamation 10522,,,hts_note
2025_rev_2,9903.85.71,19,Proclamation 10522,,,hts_note
2025_rev_2,9903.85.72,19,Proclamation 10522,,,hts_note
2025_rev_2,9903.88.01,20,,,85 FR 16987,hts_note
2025_rev_2,9903.88.02,20,,,85 FR 16987,hts_note
2025_rev_2,9903.88.03,20,,,85 FR 16987,hts_note
2025_rev_2,9903.88.04,20,,,85 FR 16987,hts_note
2025_rev_2,9903.88.05,20,,,85 FR 16987,hts_note
2025_rev_2,9903.88.06,20,,,85 FR 16987,hts_note
2025_rev_2,9903.88.07,20,,,85 FR 16987,hts_note
2025_rev_2,9903.88.08,20,,,85 FR 16987,hts_note
2025_rev_2,9903.88.09,20,,,85 FR 16987,hts_note
2025_rev_2,9903.88.10,20,,,85 FR 16987,hts_note
2025_rev_2,9903.88.11,20,,,85 FR 16987,hts_note
2025_rev_2,9903.88.12,20,,,85 FR 16987,hts_note
2025_rev_2,9903.88.13,20,,,85 FR 16987,hts_note
2025_rev_2,9903.88.14,20,,,85 FR 16987,hts_note
2025_rev_2,9903.88.15,20,,,85 FR 16987,hts_note
2025_rev_2,9903.88.16,20,,,85 FR 16987,hts_note
2025_rev_2,9903.88.17,20,,,85 FR 16987,hts_note
2025_rev_2,9903.88.18,20,,,85 FR 16987,hts_note
2025_rev_2,9903.88.19,20,,,85 FR 16987,hts_note
2025_rev_2,9903.88.20,20,,,85 FR 16987,hts_note
2025_rev_2,9903.88.21,20,,,85 FR 16987,hts_note
2025_rev_2,9903.88.22,20,,,85 FR 16987,hts_note
2025_rev_2,9903.88.23,20,,,85 FR 16987,hts_note
2025_rev_2,9903.88.24,20,,,85 FR 16987,hts_note
2025_rev_2,9903.88.25,20,,,85 FR 16987,hts_note
2025_rev_2,9903.88.26,20,,,85 FR 16987,hts_note
2025_rev_2,9903.88.27,20,,,85 FR 16987,hts_note
2025_rev_2,9903.88.28,20,,,85 FR 16987,hts_note
2025_rev_2,9903.88.33,20,,,85 FR 16987,hts_note
2025_rev_2,9903.88.34,20,,,85 FR 16987,hts_note
2025_rev_2,9903.88.35,20,,,85 FR 16987,hts_note
2025_rev_2,9903.88.36,20,,,85 FR 16987,hts_note
2025_rev_2,9903.88.37,20,,,85 FR 16987,hts_note
2025_rev_2,9903.88.38,20,,,85 FR 16987,hts_note
2025_rev_2,9903.88.39,20,,,85 FR 16987,hts_note
2025_rev_2,9903.88.40,20,,,85 FR 16987,hts_note
2025_rev_2,9903.88.41,20,,,85 FR 16987,hts_note
2025_rev_2,9903.88.42,20,,,85 FR 16987,hts_note
2025_rev_2,9903.88.43,20,,,85 FR 16987,hts_note
2025_rev_2,9903.88.44,20,,,85 FR 16987,hts_note
2025_rev_2,9903.88.45,20,,,85 FR 16987,hts_note
2025_rev_2,9903.88.46,20,,,85 FR 16987,hts_note
2025_rev_2,9903.88.47,20,,,85 FR 16987,hts_note
2025_rev_2,9903.88.48,20,,,85 FR 16987,hts_note
2025_rev_2,9903.88.49,20,,,85 FR 16987,hts_note
2025_rev_2,9903.88.50,20,,,85 FR 16987,hts_note
2025_rev_2,9903.88.51,20,,,85 FR 16987,hts_note
2025_rev_2,9903.88.52,20,,,85 FR 16987,hts_note
2025_rev_2,9903.88.53,20,,,85 FR 16987,hts_note
2025_rev_2,9903.88.54,20,,,85 FR 16987,hts_note
2025_rev_2,9903.88.55,20,,,85 FR 16987,hts_note
2025_rev_2,9903.88.56,20,,,85 FR 16987,hts_note
2025_rev_2,9903.88.57,20,,,85 FR 16987,hts_note
2025_rev_2,9903.88.58,20,,,85 FR 16987,hts_note
2025_rev_2,9903.88.59,20,,,85 FR 16987,hts_note
2025_rev_2,9903.88.60,20,,,85 FR 16987,hts_note
2025_rev_2,9903.88.61,20,,,85 FR 16987,hts_note
2025_rev_2,9903.88.62,20,,,85 FR 16987,hts_note
2025_rev_2,9903.88.63,20,,,85 FR 16987,hts_note
2025_rev_2,9903.88.64,20,,,85 FR 16987,hts_note
2025_rev_2,9903.88.65,20,,,85 FR 16987,hts_note
2025_rev_2,9903.88.66,20,,,85 FR 16987,hts_note
2025_rev_2,9903.88.67,20,,,85 FR 16987,hts_note
2025_rev_2,9903.88.68,20,,,85 FR 16987,hts_note
2025_rev_2,9903.88.69,20,,,85 FR 16987,hts_note
2025_rev_2,9903.88.70,20,,,85 FR 16987,hts_note
2025_rev_2,9903.89.05,21,Proclamation 9223,,,hts_note
2025_rev_2,9903.89.10,21,Proclamation 9223,,,hts_note
2025_rev_2,9903.89.13,21,Proclamation 9223,,,hts_note
2025_rev_2,9903.89.16,21,Proclamation 9223,,,hts_note
2025_rev_2,9903.89.19,21,Proclamation 9223,,,hts_note
2025_rev_2,9903.89.22,21,Proclamation 9223,,,hts_note
2025_rev_2,9903.89.25,21,Proclamation 9223,,,hts_note
2025_rev_2,9903.89.28,21,Proclamation 9223,,,hts_note
2025_rev_2,9903.89.31,21,Proclamation 9223,,,hts_note
2025_rev_2,9903.89.34,21,Proclamation 9223,,,hts_note
2025_rev_2,9903.89.37,21,Proclamation 9223,,,hts_note
2025_rev_2,9903.89.40,21,Proclamation 9223,,,hts_note
2025_rev_2,9903.89.43,21,Proclamation 9223,,,hts_note
2025_rev_2,9903.89.46,21,Proclamation 9223,,,hts_note
2025_rev_2,9903.89.49,21,Proclamation 9223,,,hts_note
2025_rev_2,9903.89.52,21,Proclamation 9223,,,hts_note
2025_rev_2,9903.89.55,21,Proclamation 9223,,,hts_note
2025_rev_2,9903.89.57,21,Proclamation 9223,,,hts_note
2025_rev_2,9903.89.61,21,Proclamation 9223,,,hts_note
2025_rev_20,9903.85.01,19,Proclamation 10522,,,hts_note
2025_rev_20,9903.85.03,19,Proclamation 10522,,,hts_note
2025_rev_20,9903.85.21,19,Proclamation 10522,,,hts_note
2025_rev_20,9903.85.25,19,Proclamation 10522,,,hts_note
2025_rev_20,9903.85.71,19,Proclamation 10522,,,hts_note
2025_rev_20,9903.85.72,19,Proclamation 10522,,,hts_note
2025_rev_20,9903.88.01,20,,,85 FR 16987,hts_note
2025_rev_20,9903.88.02,20,,,85 FR 16987,hts_note
2025_rev_20,9903.88.03,20,,,85 FR 16987,hts_note
2025_rev_20,9903.88.04,20,,,85 FR 16987,hts_note
2025_rev_20,9903.88.05,20,,,85 FR 16987,hts_note
2025_rev_20,9903.88.06,20,,,85 FR 16987,hts_note
2025_rev_20,9903.88.07,20,,,85 FR 16987,hts_note
2025_rev_20,9903.88.08,20,,,85 FR 16987,hts_note
2025_rev_20,9903.88.09,20,,,85 FR 16987,hts_note
2025_rev_20,9903.88.10,20,,,85 FR 16987,hts_note
2025_rev_20,9903.88.11,20,,,85 FR 16987,hts_note
2025_rev_20,9903.88.12,20,,,85 FR 16987,hts_note
2025_rev_20,9903.88.13,20,,,85 FR 16987,hts_note
2025_rev_20,9903.88.14,20,,,85 FR 16987,hts_note
2025_rev_20,9903.88.15,20,,,85 FR 16987,hts_note
2025_rev_20,9903.88.16,20,,,85 FR 16987,hts_note
2025_rev_20,9903.88.17,20,,,85 FR 16987,hts_note
2025_rev_20,9903.88.18,20,,,85 FR 16987,hts_note
2025_rev_20,9903.88.19,20,,,85 FR 16987,hts_note
2025_rev_20,9903.88.20,20,,,85 FR 16987,hts_note
2025_rev_20,9903.88.21,20,,,85 FR 16987,hts_note
2025_rev_20,9903.88.22,20,,,85 FR 16987,hts_note
2025_rev_20,9903.88.23,20,,,85 FR 16987,hts_note
2025_rev_20,9903.88.24,20,,,85 FR 16987,hts_note
2025_rev_20,9903.88.25,20,,,85 FR 16987,hts_note
2025_rev_20,9903.88.26,20,,,85 FR 16987,hts_note
2025_rev_20,9903.88.27,20,,,85 FR 16987,hts_note
2025_rev_20,9903.88.28,20,,,85 FR 16987,hts_note
2025_rev_20,9903.88.33,20,,,85 FR 16987,hts_note
2025_rev_20,9903.88.34,20,,,85 FR 16987,hts_note
2025_rev_20,9903.88.35,20,,,85 FR 16987,hts_note
2025_rev_20,9903.88.36,20,,,85 FR 16987,hts_note
2025_rev_20,9903.88.37,20,,,85 FR 16987,hts_note
2025_rev_20,9903.88.38,20,,,85 FR 16987,hts_note
2025_rev_20,9903.88.39,20,,,85 FR 16987,hts_note
2025_rev_20,9903.88.40,20,,,85 FR 16987,hts_note
2025_rev_20,9903.88.41,20,,,85 FR 16987,hts_note
2025_rev_20,9903.88.42,20,,,85 FR 16987,hts_note
2025_rev_20,9903.88.43,20,,,85 FR 16987,hts_note
2025_rev_20,9903.88.44,20,,,85 FR 16987,hts_note
2025_rev_20,9903.88.45,20,,,85 FR 16987,hts_note
2025_rev_20,9903.88.46,20,,,85 FR 16987,hts_note
2025_rev_20,9903.88.47,20,,,85 FR 16987,hts_note
2025_rev_20,9903.88.48,20,,,85 FR 16987,hts_note
2025_rev_20,9903.88.49,20,,,85 FR 16987,hts_note
2025_rev_20,9903.88.50,20,,,85 FR 16987,hts_note
2025_rev_20,9903.88.51,20,,,85 FR 16987,hts_note
2025_rev_20,9903.88.52,20,,,85 FR 16987,hts_note
2025_rev_20,9903.88.53,20,,,85 FR 16987,hts_note
2025_rev_20,9903.88.54,20,,,85 FR 16987,hts_note
2025_rev_20,9903.88.55,20,,,85 FR 16987,hts_note
2025_rev_20,9903.88.56,20,,,85 FR 16987,hts_note
2025_rev_20,9903.88.57,20,,,85 FR 16987,hts_note
2025_rev_20,9903.88.58,20,,,85 FR 16987,hts_note
2025_rev_20,9903.88.59,20,,,85 FR 16987,hts_note
2025_rev_20,9903.88.60,20,,,85 FR 16987,hts_note
2025_rev_20,9903.88.61,20,,,85 FR 16987,hts_note
2025_rev_20,9903.88.62,20,,,85 FR 16987,hts_note
2025_rev_20,9903.88.63,20,,,85 FR 16987,hts_note
2025_rev_20,9903.88.64,20,,,85 FR 16987,hts_note
2025_rev_20,9903.88.65,20,,,85 FR 16987,hts_note
2025_rev_20,9903.88.66,20,,,85 FR 16987,hts_note
2025_rev_20,9903.88.67,20,,,85 FR 16987,hts_note
2025_rev_20,9903.88.68,20,,,85 FR 16987,hts_note
2025_rev_20,9903.88.69,20,,,85 FR 16987,hts_note
2025_rev_20,9903.88.70,20,,,85 FR 16987,hts_note
2025_rev_20,9903.89.05,21,Proclamation 9223,,,hts_note
2025_rev_20,9903.89.10,21,Proclamation 9223,,,hts_note
2025_rev_20,9903.89.13,21,Proclamation 9223,,,hts_note
2025_rev_20,9903.89.16,21,Proclamation 9223,,,hts_note
2025_rev_20,9903.89.19,21,Proclamation 9223,,,hts_note
2025_rev_20,9903.89.22,21,Proclamation 9223,,,hts_note
2025_rev_20,9903.89.25,21,Proclamation 9223,,,hts_note
2025_rev_20,9903.89.28,21,Proclamation 9223,,,hts_note
2025_rev_20,9903.89.31,21,Proclamation 9223,,,hts_note
2025_rev_20,9903.89.34,21,Proclamation 9223,,,hts_note
2025_rev_20,9903.89.37,21,Proclamation 9223,,,hts_note
2025_rev_20,9903.89.40,21,Proclamation 9223,,,hts_note
2025_rev_20,9903.89.43,21,Proclamation 9223,,,hts_note
2025_rev_20,9903.89.46,21,Proclamation 9223,,,hts_note
2025_rev_20,9903.89.49,21,Proclamation 9223,,,hts_note
2025_rev_20,9903.89.52,21,Proclamation 9223,,,hts_note
2025_rev_20,9903.89.55,21,Proclamation 9223,,,hts_note
2025_rev_20,9903.89.57,21,Proclamation 9223,,,hts_note
2025_rev_20,9903.89.61,21,Proclamation 9223,,,hts_note
2025_rev_20,9903.94.01,33,,Executive Order 14323; Executive Order 14326,85 FR 54882,hts_note
2025_rev_20,9903.94.02,33,,Executive Order 14323; Executive Order 14326,85 FR 54882,hts_note
2025_rev_20,9903.94.03,33,,Executive Order 14323; Executive Order 14326,85 FR 54882,hts_note
2025_rev_20,9903.94.04,33,,Executive Order 14323; Executive Order 14326,85 FR 54882,hts_note
2025_rev_20,9903.94.05,33,,Executive Order 14323; Executive Order 14326,85 FR 54882,hts_note
2025_rev_20,9903.94.06,33,,Executive Order 14323; Executive Order 14326,85 FR 54882,hts_note
2025_rev_20,9903.94.31,33,,Executive Order 14323; Executive Order 14326,85 FR 54882,hts_note
2025_rev_20,9903.94.32,33,,Executive Order 14323; Executive Order 14326,85 FR 54882,hts_note
2025_rev_21,9903.85.01,19,Proclamation 10522,,,hts_note
2025_rev_21,9903.85.03,19,Proclamation 10522,,,hts_note
2025_rev_21,9903.85.21,19,Proclamation 10522,,,hts_note
2025_rev_21,9903.85.25,19,Proclamation 10522,,,hts_note
2025_rev_21,9903.85.71,19,Proclamation 10522,,,hts_note
2025_rev_21,9903.85.72,19,Proclamation 10522,,,hts_note
2025_rev_21,9903.88.01,20,,,85 FR 16987,hts_note
2025_rev_21,9903.88.02,20,,,85 FR 16987,hts_note
2025_rev_21,9903.88.03,20,,,85 FR 16987,hts_note
2025_rev_21,9903.88.04,20,,,85 FR 16987,hts_note
2025_rev_21,9903.88.05,20,,,85 FR 16987,hts_note
2025_rev_21,9903.88.06,20,,,85 FR 16987,hts_note
2025_rev_21,9903.88.07,20,,,85 FR 16987,hts_note
2025_rev_21,9903.88.08,20,,,85 FR 16987,hts_note
2025_rev_21,9903.88.09,20,,,85 FR 16987,hts_note
2025_rev_21,9903.88.10,20,,,85 FR 16987,hts_note
2025_rev_21,9903.88.11,20,,,85 FR 16987,hts_note
2025_rev_21,9903.88.12,20,,,85 FR 16987,hts_note
2025_rev_21,9903.88.13,20,,,85 FR 16987,hts_note
2025_rev_21,9903.88.14,20,,,85 FR 16987,hts_note
2025_rev_21,9903.88.15,20,,,85 FR 16987,hts_note
2025_rev_21,9903.88.16,20,,,85 FR 16987,hts_note
2025_rev_21,9903.88.17,20,,,85 FR 16987,hts_note
2025_rev_21,9903.88.18,20,,,85 FR 16987,hts_note
2025_rev_21,9903.88.19,20,,,85 FR 16987,hts_note
2025_rev_21,9903.88.20,20,,,85 FR 16987,hts_note
2025_rev_21,9903.88.21,20,,,85 FR 16987,hts_note
2025_rev_21,9903.88.22,20,,,85 FR 16987,hts_note
2025_rev_21,9903.88.23,20,,,85 FR 16987,hts_note
2025_rev_21,9903.88.24,20,,,85 FR 16987,hts_note
2025_rev_21,9903.88.25,20,,,85 FR 16987,hts_note
2025_rev_21,9903.88.26,20,,,85 FR 16987,hts_note
2025_rev_21,9903.88.27,20,,,85 FR 16987,hts_note
2025_rev_21,9903.88.28,20,,,85 FR 16987,hts_note
2025_rev_21,9903.88.33,20,,,85 FR 16987,hts_note
2025_rev_21,9903.88.34,20,,,85 FR 16987,hts_note
2025_rev_21,9903.88.35,20,,,85 FR 16987,hts_note
2025_rev_21,9903.88.36,20,,,85 FR 16987,hts_note
2025_rev_21,9903.88.37,20,,,85 FR 16987,hts_note
2025_rev_21,9903.88.38,20,,,85 FR 16987,hts_note
2025_rev_21,9903.88.39,20,,,85 FR 16987,hts_note
2025_rev_21,9903.88.40,20,,,85 FR 16987,hts_note
2025_rev_21,9903.88.41,20,,,85 FR 16987,hts_note
2025_rev_21,9903.88.42,20,,,85 FR 16987,hts_note
2025_rev_21,9903.88.43,20,,,85 FR 16987,hts_note
2025_rev_21,9903.88.44,20,,,85 FR 16987,hts_note
2025_rev_21,9903.88.45,20,,,85 FR 16987,hts_note
2025_rev_21,9903.88.46,20,,,85 FR 16987,hts_note
2025_rev_21,9903.88.47,20,,,85 FR 16987,hts_note
2025_rev_21,9903.88.48,20,,,85 FR 16987,hts_note
2025_rev_21,9903.88.49,20,,,85 FR 16987,hts_note
2025_rev_21,9903.88.50,20,,,85 FR 16987,hts_note
2025_rev_21,9903.88.51,20,,,85 FR 16987,hts_note
2025_rev_21,9903.88.52,20,,,85 FR 16987,hts_note
2025_rev_21,9903.88.53,20,,,85 FR 16987,hts_note
2025_rev_21,9903.88.54,20,,,85 FR 16987,hts_note
2025_rev_21,9903.88.55,20,,,85 FR 16987,hts_note
2025_rev_21,9903.88.56,20,,,85 FR 16987,hts_note
2025_rev_21,9903.88.57,20,,,85 FR 16987,hts_note
2025_rev_21,9903.88.58,20,,,85 FR 16987,hts_note
2025_rev_21,9903.88.59,20,,,85 FR 16987,hts_note
2025_rev_21,9903.88.60,20,,,85 FR 16987,hts_note
2025_rev_21,9903.88.61,20,,,85 FR 16987,hts_note
2025_rev_21,9903.88.62,20,,,85 FR 16987,hts_note
2025_rev_21,9903.88.63,20,,,85 FR 16987,hts_note
2025_rev_21,9903.88.64,20,,,85 FR 16987,hts_note
2025_rev_21,9903.88.65,20,,,85 FR 16987,hts_note
2025_rev_21,9903.88.66,20,,,85 FR 16987,hts_note
2025_rev_21,9903.88.67,20,,,85 FR 16987,hts_note
2025_rev_21,9903.88.68,20,,,85 FR 16987,hts_note
2025_rev_21,9903.88.69,20,,,85 FR 16987,hts_note
2025_rev_21,9903.88.70,20,,,85 FR 16987,hts_note
2025_rev_21,9903.89.05,21,Proclamation 9223,,,hts_note
2025_rev_21,9903.89.10,21,Proclamation 9223,,,hts_note
2025_rev_21,9903.89.13,21,Proclamation 9223,,,hts_note
2025_rev_21,9903.89.16,21,Proclamation 9223,,,hts_note
2025_rev_21,9903.89.19,21,Proclamation 9223,,,hts_note
2025_rev_21,9903.89.22,21,Proclamation 9223,,,hts_note
2025_rev_21,9903.89.25,21,Proclamation 9223,,,hts_note
2025_rev_21,9903.89.28,21,Proclamation 9223,,,hts_note
2025_rev_21,9903.89.31,21,Proclamation 9223,,,hts_note
2025_rev_21,9903.89.34,21,Proclamation 9223,,,hts_note
2025_rev_21,9903.89.37,21,Proclamation 9223,,,hts_note
2025_rev_21,9903.89.40,21,Proclamation 9223,,,hts_note
2025_rev_21,9903.89.43,21,Proclamation 9223,,,hts_note
2025_rev_21,9903.89.46,21,Proclamation 9223,,,hts_note
2025_rev_21,9903.89.49,21,Proclamation 9223,,,hts_note
2025_rev_21,9903.89.52,21,Proclamation 9223,,,hts_note
2025_rev_21,9903.89.55,21,Proclamation 9223,,,hts_note
2025_rev_21,9903.89.57,21,Proclamation 9223,,,hts_note
2025_rev_21,9903.89.61,21,Proclamation 9223,,,hts_note
2025_rev_21,9903.94.01,33,,Executive Order 14323; Executive Order 14326,85 FR 54882,hts_note
2025_rev_21,9903.94.02,33,,Executive Order 14323; Executive Order 14326,85 FR 54882,hts_note
2025_rev_21,9903.94.03,33,,Executive Order 14323; Executive Order 14326,85 FR 54882,hts_note
2025_rev_21,9903.94.04,33,,Executive Order 14323; Executive Order 14326,85 FR 54882,hts_note
2025_rev_21,9903.94.05,33,,Executive Order 14323; Executive Order 14326,85 FR 54882,hts_note
2025_rev_21,9903.94.06,33,,Executive Order 14323; Executive Order 14326,85 FR 54882,hts_note
2025_rev_21,9903.94.31,33,,Executive Order 14323; Executive Order 14326,85 FR 54882,hts_note
2025_rev_21,9903.94.32,33,,Executive Order 14323; Executive Order 14326,85 FR 54882,hts_note
2025_rev_22,9903.85.01,19,Proclamation 10522,,,hts_note
2025_rev_22,9903.85.03,19,Proclamation 10522,,,hts_note
2025_rev_22,9903.85.21,19,Proclamation 10522,,,hts_note
2025_rev_22,9903.85.25,19,Proclamation 10522,,,hts_note
2025_rev_22,9903.85.71,19,Proclamation 10522,,,hts_note
2025_rev_22,9903.85.72,19,Proclamation 10522,,,hts_note
2025_rev_22,9903.88.01,20,,,85 FR 16987,hts_note
2025_rev_22,9903.88.02,20,,,85 FR 16987,hts_note
2025_rev_22,9903.88.03,20,,,85 FR 16987,hts_note
2025_rev_22,9903.88.04,20,,,85 FR 16987,hts_note
2025_rev_22,9903.88.05,20,,,85 FR 16987,hts_note
2025_rev_22,9903.88.06,20,,,85 FR 16987,hts_note
2025_rev_22,9903.88.07,20,,,85 FR 16987,hts_note
2025_rev_22,9903.88.08,20,,,85 FR 16987,hts_note
2025_rev_22,9903.88.09,20,,,85 FR 16987,hts_note
2025_rev_22,9903.88.10,20,,,85 FR 16987,hts_note
2025_rev_22,9903.88.11,20,,,85 FR 16987,hts_note
2025_rev_22,9903.88.12,20,,,85 FR 16987,hts_note
2025_rev_22,9903.88.13,20,,,85 FR 16987,hts_note
2025_rev_22,9903.88.14,20,,,85 FR 16987,hts_note
2025_rev_22,9903.88.15,20,,,85 FR 16987,hts_note
2025_rev_22,9903.88.16,20,,,85 FR 16987,hts_note
2025_rev_22,9903.88.17,20,,,85 FR 16987,hts_note
2025_rev_22,9903.88.18,20,,,85 FR 16987,hts_note
2025_rev_22,9903.88.19,20,,,85 FR 16987,hts_note
2025_rev_22,9903.88.20,20,,,85 FR 16987,hts_note
2025_rev_22,9903.88.21,20,,,85 FR 16987,hts_note
2025_rev_22,9903.88.22,20,,,85 FR 16987,hts_note
2025_rev_22,9903.88.23,20,,,85 FR 16987,hts_note
2025_rev_22,9903.88.24,20,,,85 FR 16987,hts_note
2025_rev_22,9903.88.25,20,,,85 FR 16987,hts_note
2025_rev_22,9903.88.26,20,,,85 FR 16987,hts_note
2025_rev_22,9903.88.27,20,,,85 FR 16987,hts_note
2025_rev_22,9903.88.28,20,,,85 FR 16987,hts_note
2025_rev_22,9903.88.33,20,,,85 FR 16987,hts_note
2025_rev_22,9903.88.34,20,,,85 FR 16987,hts_note
2025_rev_22,9903.88.35,20,,,85 FR 16987,hts_note
2025_rev_22,9903.88.36,20,,,85 FR 16987,hts_note
2025_rev_22,9903.88.37,20,,,85 FR 16987,hts_note
2025_rev_22,9903.88.38,20,,,85 FR 16987,hts_note
2025_rev_22,9903.88.39,20,,,85 FR 16987,hts_note
2025_rev_22,9903.88.40,20,,,85 FR 16987,hts_note
2025_rev_22,9903.88.41,20,,,85 FR 16987,hts_note
2025_rev_22,9903.88.42,20,,,85 FR 16987,hts_note
2025_rev_22,9903.88.43,20,,,85 FR 16987,hts_note
2025_rev_22,9903.88.44,20,,,85 FR 16987,hts_note
2025_rev_22,9903.88.45,20,,,85 FR 16987,hts_note
2025_rev_22,9903.88.46,20,,,85 FR 16987,hts_note
2025_rev_22,9903.88.47,20,,,85 FR 16987,hts_note
2025_rev_22,9903.88.48,20,,,85 FR 16987,hts_note
2025_rev_22,9903.88.49,20,,,85 FR 16987,hts_note
2025_rev_22,9903.88.50,20,,,85 FR 16987,hts_note
2025_rev_22,9903.88.51,20,,,85 FR 16987,hts_note
2025_rev_22,9903.88.52,20,,,85 FR 16987,hts_note
2025_rev_22,9903.88.53,20,,,85 FR 16987,hts_note
2025_rev_22,9903.88.54,20,,,85 FR 16987,hts_note
2025_rev_22,9903.88.55,20,,,85 FR 16987,hts_note
2025_rev_22,9903.88.56,20,,,85 FR 16987,hts_note
2025_rev_22,9903.88.57,20,,,85 FR 16987,hts_note
2025_rev_22,9903.88.58,20,,,85 FR 16987,hts_note
2025_rev_22,9903.88.59,20,,,85 FR 16987,hts_note
2025_rev_22,9903.88.60,20,,,85 FR 16987,hts_note
2025_rev_22,9903.88.61,20,,,85 FR 16987,hts_note
2025_rev_22,9903.88.62,20,,,85 FR 16987,hts_note
2025_rev_22,9903.88.63,20,,,85 FR 16987,hts_note
2025_rev_22,9903.88.64,20,,,85 FR 16987,hts_note
2025_rev_22,9903.88.65,20,,,85 FR 16987,hts_note
2025_rev_22,9903.88.66,20,,,85 FR 16987,hts_note
2025_rev_22,9903.88.67,20,,,85 FR 16987,hts_note
2025_rev_22,9903.88.68,20,,,85 FR 16987,hts_note
2025_rev_22,9903.88.69,20,,,85 FR 16987,hts_note
2025_rev_22,9903.88.70,20,,,85 FR 16987,hts_note
2025_rev_22,9903.89.05,21,Proclamation 9223,,,hts_note
2025_rev_22,9903.89.10,21,Proclamation 9223,,,hts_note
2025_rev_22,9903.89.13,21,Proclamation 9223,,,hts_note
2025_rev_22,9903.89.16,21,Proclamation 9223,,,hts_note
2025_rev_22,9903.89.19,21,Proclamation 9223,,,hts_note
2025_rev_22,9903.89.22,21,Proclamation 9223,,,hts_note
2025_rev_22,9903.89.25,21,Proclamation 9223,,,hts_note
2025_rev_22,9903.89.28,21,Proclamation 9223,,,hts_note
2025_rev_22,9903.89.31,21,Proclamation 9223,,,hts_note
2025_rev_22,9903.89.34,21,Proclamation 9223,,,hts_note
2025_rev_22,9903.89.37,21,Proclamation 9223,,,hts_note
2025_rev_22,9903.89.40,21,Proclamation 9223,,,hts_note
2025_rev_22,9903.89.43,21,Proclamation 9223,,,hts_note
2025_rev_22,9903.89.46,21,Proclamation 9223,,,hts_note
2025_rev_22,9903.89.49,21,Proclamation 9223,,,hts_note
2025_rev_22,9903.89.52,21,Proclamation 9223,,,hts_note
2025_rev_22,9903.89.55,21,Proclamation 9223,,,hts_note
2025_rev_22,9903.89.57,21,Proclamation 9223,,,hts_note
2025_rev_22,9903.89.61,21,Proclamation 9223,,,hts_note
2025_rev_22,9903.94.01,33,,Executive Order 14323; Executive Order 14326,85 FR 54882,hts_note
2025_rev_22,9903.94.02,33,,Executive Order 14323; Executive Order 14326,85 FR 54882,hts_note
2025_rev_22,9903.94.03,33,,Executive Order 14323; Executive Order 14326,85 FR 54882,hts_note
2025_rev_22,9903.94.04,33,,Executive Order 14323; Executive Order 14326,85 FR 54882,hts_note
2025_rev_22,9903.94.05,33,,Executive Order 14323; Executive Order 14326,85 FR 54882,hts_note
2025_rev_22,9903.94.06,33,,Executive Order 14323; Executive Order 14326,85 FR 54882,hts_note
2025_rev_22,9903.94.31,33,,Executive Order 14323; Executive Order 14326,85 FR 54882,hts_note
2025_rev_22,9903.94.32,33,,Executive Order 14323; Executive Order 14326,85 FR 54882,hts_note
2025_rev_23,9903.85.01,19,Proclamation 10522,,,hts_note
2025_rev_23,9903.85.03,19,Proclamation 10522,,,hts_note
2025_rev_23,9903.85.21,19,Proclamation 10522,,,hts_note
2025_rev_23,9903.85.25,19,Proclamation 10522,,,hts_note
2025_rev_23,9903.85.71,19,Proclamation 10522,,,hts_note
2025_rev_23,9903.85.72,19,Proclamation 10522,,,hts_note
2025_rev_23,9903.88.01,20,,,85 FR 16987,hts_note
2025_rev_23,9903.88.02,20,,,85 FR 16987,hts_note
2025_rev_23,9903.88.03,20,,,85 FR 16987,hts_note
2025_rev_23,9903.88.04,20,,,85 FR 16987,hts_note
2025_rev_23,9903.88.05,20,,,85 FR 16987,hts_note
2025_rev_23,9903.88.06,20,,,85 FR 16987,hts_note
2025_rev_23,9903.88.07,20,,,85 FR 16987,hts_note
2025_rev_23,9903.88.08,20,,,85 FR 16987,hts_note
2025_rev_23,9903.88.09,20,,,85 FR 16987,hts_note
2025_rev_23,9903.88.10,20,,,85 FR 16987,hts_note
2025_rev_23,9903.88.11,20,,,85 FR 16987,hts_note
2025_rev_23,9903.88.12,20,,,85 FR 16987,hts_note
2025_rev_23,9903.88.13,20,,,85 FR 16987,hts_note
2025_rev_23,9903.88.14,20,,,85 FR 16987,hts_note
2025_rev_23,9903.88.15,20,,,85 FR 16987,hts_note
2025_rev_23,9903.88.16,20,,,85 FR 16987,hts_note
2025_rev_23,9903.88.17,20,,,85 FR 16987,hts_note
2025_rev_23,9903.88.18,20,,,85 FR 16987,hts_note
2025_rev_23,9903.88.19,20,,,85 FR 16987,hts_note
2025_rev_23,9903.88.20,20,,,85 FR 16987,hts_note
2025_rev_23,9903.88.21,20,,,85 FR 16987,hts_note
2025_rev_23,9903.88.22,20,,,85 FR 16987,hts_note
2025_rev_23,9903.88.23,20,,,85 FR 16987,hts_note
2025_rev_23,9903.88.24,20,,,85 FR 16987,hts_note
2025_rev_23,9903.88.25,20,,,85 FR 16987,hts_note
2025_rev_23,9903.88.26,20,,,85 FR 16987,hts_note
2025_rev_23,9903.88.27,20,,,85 FR 16987,hts_note
2025_rev_23,9903.88.28,20,,,85 FR 16987,hts_note
2025_rev_23,9903.88.33,20,,,85 FR 16987,hts_note
2025_rev_23,9903.88.34,20,,,85 FR 16987,hts_note
2025_rev_23,9903.88.35,20,,,85 FR 16987,hts_note
2025_rev_23,9903.88.36,20,,,85 FR 16987,hts_note
2025_rev_23,9903.88.37,20,,,85 FR 16987,hts_note
2025_rev_23,9903.88.38,20,,,85 FR 16987,hts_note
2025_rev_23,9903.88.39,20,,,85 FR 16987,hts_note
2025_rev_23,9903.88.40,20,,,85 FR 16987,hts_note
2025_rev_23,9903.88.41,20,,,85 FR 16987,hts_note
2025_rev_23,9903.88.42,20,,,85 FR 16987,hts_note
2025_rev_23,9903.88.43,20,,,85 FR 16987,hts_note
2025_rev_23,9903.88.44,20,,,85 FR 16987,hts_note
2025_rev_23,9903.88.45,20,,,85 FR 16987,hts_note
2025_rev_23,9903.88.46,20,,,85 FR 16987,hts_note
2025_rev_23,9903.88.47,20,,,85 FR 16987,hts_note
2025_rev_23,9903.88.48,20,,,85 FR 16987,hts_note
2025_rev_23,9903.88.49,20,,,85 FR 16987,hts_note
2025_rev_23,9903.88.50,20,,,85 FR 16987,hts_note
2025_rev_23,9903.88.51,20,,,85 FR 16987,hts_note
2025_rev_23,9903.88.52,20,,,85 FR 16987,hts_note
2025_rev_23,9903.88.53,20,,,85 FR 16987,hts_note
2025_rev_23,9903.88.54,20,,,85 FR 16987,hts_note
2025_rev_23,9903.88.55,20,,,85 FR 16987,hts_note
2025_rev_23,9903.88.56,20,,,85 FR 16987,hts_note
2025_rev_23,9903.88.57,20,,,85 FR 16987,hts_note
2025_rev_23,9903.88.58,20,,,85 FR 16987,hts_note
2025_rev_23,9903.88.59,20,,,85 FR 16987,hts_note
2025_rev_23,9903.88.60,20,,,85 FR 16987,hts_note
2025_rev_23,9903.88.61,20,,,85 FR 16987,hts_note
2025_rev_23,9903.88.62,20,,,85 FR 16987,hts_note
2025_rev_23,9903.88.63,20,,,85 FR 16987,hts_note
2025_rev_23,9903.88.64,20,,,85 FR 16987,hts_note
2025_rev_23,9903.88.65,20,,,85 FR 16987,hts_note
2025_rev_23,9903.88.66,20,,,85 FR 16987,hts_note
2025_rev_23,9903.88.67,20,,,85 FR 16987,hts_note
2025_rev_23,9903.88.68,20,,,85 FR 16987,hts_note
2025_rev_23,9903.88.69,20,,,85 FR 16987,hts_note
2025_rev_23,9903.88.70,20,,,85 FR 16987,hts_note
2025_rev_23,9903.89.05,21,Proclamation 9223,,,hts_note
2025_rev_23,9903.89.10,21,Proclamation 9223,,,hts_note
2025_rev_23,9903.89.13,21,Proclamation 9223,,,hts_note
2025_rev_23,9903.89.16,21,Proclamation 9223,,,hts_note
2025_rev_23,9903.89.19,21,Proclamation 9223,,,hts_note
2025_rev_23,9903.89.22,21,Proclamation 9223,,,hts_note
2025_rev_23,9903.89.25,21,Proclamation 9223,,,hts_note
2025_rev_23,9903.89.28,21,Proclamation 9223,,,hts_note
2025_rev_23,9903.89.31,21,Proclamation 9223,,,hts_note
2025_rev_23,9903.89.34,21,Proclamation 9223,,,hts_note
2025_rev_23,9903.89.37,21,Proclamation 9223,,,hts_note
2025_rev_23,9903.89.40,21,Proclamation 9223,,,hts_note
2025_rev_23,9903.89.43,21,Proclamation 9223,,,hts_note
2025_rev_23,9903.89.46,21,Proclamation 9223,,,hts_note
2025_rev_23,9903.89.49,21,Proclamation 9223,,,hts_note
2025_rev_23,9903.89.52,21,Proclamation 9223,,,hts_note
2025_rev_23,9903.89.55,21,Proclamation 9223,,,hts_note
2025_rev_23,9903.89.57,21,Proclamation 9223,,,hts_note
2025_rev_23,9903.89.61,21,Proclamation 9223,,,hts_note
2025_rev_23,9903.94.01,33,,Executive Order 14323; Executive Order 14326,85 FR 54882,hts_note
2025_rev_23,9903.94.02,33,,Executive Order 14323; Executive Order 14326,85 FR 54882,hts_note
2025_rev_23,9903.94.03,33,,Executive Order 14323; Executive Order 14326,85 FR 54882,hts_note
2025_rev_23,9903.94.04,33,,Executive Order 14323; Executive Order 14326,85 FR 54882,hts_note
2025_rev_23,9903.94.05,33,,Executive Order 14323; Executive Order 14326,85 FR 54882,hts_note
2025_rev_23,9903.94.06,33,,Executive Order 14323; Executive Order 14326,85 FR 54882,hts_note
2025_rev_23,9903.94.31,33,,Executive Order 14323; Executive Order 14326,85 FR 54882,hts_note
2025_rev_23,9903.94.32,33,,Executive Order 14323; Executive Order 14326,85 FR 54882,hts_note
2025_rev_23,9903.94.40,33,,Executive Order 14323; Executive Order 14326,85 FR 54882,hts_note
2025_rev_23,9903.94.41,33,,Executive Order 14323; Executive Order 14326,85 FR 54882,hts_note
2025_rev_23,9903.94.42,33,,Executive Order 14323; Executive Order 14326,85 FR 54882,hts_note
2025_rev_23,9903.94.43,33,,Executive Order 14323; Executive Order 14326,85 FR 54882,hts_note
2025_rev_24,9903.85.01,19,Proclamation 10522,,,hts_note
2025_rev_24,9903.85.03,19,Proclamation 10522,,,hts_note
2025_rev_24,9903.85.21,19,Proclamation 10522,,,hts_note
2025_rev_24,9903.85.25,19,Proclamation 10522,,,hts_note
2025_rev_24,9903.85.71,19,Proclamation 10522,,,hts_note
2025_rev_24,9903.85.72,19,Proclamation 10522,,,hts_note
2025_rev_24,9903.88.01,20,,,85 FR 16987,hts_note
2025_rev_24,9903.88.02,20,,,85 FR 16987,hts_note
2025_rev_24,9903.88.03,20,,,85 FR 16987,hts_note
2025_rev_24,9903.88.04,20,,,85 FR 16987,hts_note
2025_rev_24,9903.88.05,20,,,85 FR 16987,hts_note
2025_rev_24,9903.88.06,20,,,85 FR 16987,hts_note
2025_rev_24,9903.88.07,20,,,85 FR 16987,hts_note
2025_rev_24,9903.88.08,20,,,85 FR 16987,hts_note
2025_rev_24,9903.88.09,20,,,85 FR 16987,hts_note
2025_rev_24,9903.88.10,20,,,85 FR 16987,hts_note
2025_rev_24,9903.88.11,20,,,85 FR 16987,hts_note
2025_rev_24,9903.88.12,20,,,85 FR 16987,hts_note
2025_rev_24,9903.88.13,20,,,85 FR 16987,hts_note
2025_rev_24,9903.88.14,20,,,85 FR 16987,hts_note
2025_rev_24,9903.88.15,20,,,85 FR 16987,hts_note
2025_rev_24,9903.88.16,20,,,85 FR 16987,hts_note
2025_rev_24,9903.88.17,20,,,85 FR 16987,hts_note
2025_rev_24,9903.88.18,20,,,85 FR 16987,hts_note
2025_rev_24,9903.88.19,20,,,85 FR 16987,hts_note
2025_rev_24,9903.88.20,20,,,85 FR 16987,hts_note
2025_rev_24,9903.88.21,20,,,85 FR 16987,hts_note
2025_rev_24,9903.88.22,20,,,85 FR 16987,hts_note
2025_rev_24,9903.88.23,20,,,85 FR 16987,hts_note
2025_rev_24,9903.88.24,20,,,85 FR 16987,hts_note
2025_rev_24,9903.88.25,20,,,85 FR 16987,hts_note
2025_rev_24,9903.88.26,20,,,85 FR 16987,hts_note
2025_rev_24,9903.88.27,20,,,85 FR 16987,hts_note
2025_rev_24,9903.88.28,20,,,85 FR 16987,hts_note
2025_rev_24,9903.88.33,20,,,85 FR 16987,hts_note
2025_rev_24,9903.88.34,20,,,85 FR 16987,hts_note
2025_rev_24,9903.88.35,20,,,85 FR 16987,hts_note
2025_rev_24,9903.88.36,20,,,85 FR 16987,hts_note
2025_rev_24,9903.88.37,20,,,85 FR 16987,hts_note
2025_rev_24,9903.88.38,20,,,85 FR 16987,hts_note
2025_rev_24,9903.88.39,20,,,85 FR 16987,hts_note
2025_rev_24,9903.88.40,20,,,85 FR 16987,hts_note
2025_rev_24,9903.88.41,20,,,85 FR 16987,hts_note
2025_rev_24,9903.88.42,20,,,85 FR 16987,hts_note
2025_rev_24,9903.88.43,20,,,85 FR 16987,hts_note
2025_rev_24,9903.88.44,20,,,85 FR 16987,hts_note
2025_rev_24,9903.88.45,20,,,85 FR 16987,hts_note
2025_rev_24,9903.88.46,20,,,85 FR 16987,hts_note
2025_rev_24,9903.88.47,20,,,85 FR 16987,hts_note
2025_rev_24,9903.88.48,20,,,85 FR 16987,hts_note
2025_rev_24,9903.88.49,20,,,85 FR 16987,hts_note
2025_rev_24,9903.88.50,20,,,85 FR 16987,hts_note
2025_rev_24,9903.88.51,20,,,85 FR 16987,hts_note
2025_rev_24,9903.88.52,20,,,85 FR 16987,hts_note
2025_rev_24,9903.88.53,20,,,85 FR 16987,hts_note
2025_rev_24,9903.88.54,20,,,85 FR 16987,hts_note
2025_rev_24,9903.88.55,20,,,85 FR 16987,hts_note
2025_rev_24,9903.88.56,20,,,85 FR 16987,hts_note
2025_rev_24,9903.88.57,20,,,85 FR 16987,hts_note
2025_rev_24,9903.88.58,20,,,85 FR 16987,hts_note
2025_rev_24,9903.88.59,20,,,85 FR 16987,hts_note
2025_rev_24,9903.88.60,20,,,85 FR 16987,hts_note
2025_rev_24,9903.88.61,20,,,85 FR 16987,hts_note
2025_rev_24,9903.88.62,20,,,85 FR 16987,hts_note
2025_rev_24,9903.88.63,20,,,85 FR 16987,hts_note
2025_rev_24,9903.88.64,20,,,85 FR 16987,hts_note
2025_rev_24,9903.88.65,20,,,85 FR 16987,hts_note
2025_rev_24,9903.88.66,20,,,85 FR 16987,hts_note
2025_rev_24,9903.88.67,20,,,85 FR 16987,hts_note
2025_rev_24,9903.88.68,20,,,85 FR 16987,hts_note
2025_rev_24,9903.88.69,20,,,85 FR 16987,hts_note
2025_rev_24,9903.88.70,20,,,85 FR 16987,hts_note
2025_rev_24,9903.89.05,21,Proclamation 9223,,,hts_note
2025_rev_24,9903.89.10,21,Proclamation 9223,,,hts_note
2025_rev_24,9903.89.13,21,Proclamation 9223,,,hts_note
2025_rev_24,9903.89.16,21,Proclamation 9223,,,hts_note
2025_rev_24,9903.89.19,21,Proclamation 9223,,,hts_note
2025_rev_24,9903.89.22,21,Proclamation 9223,,,hts_note
2025_rev_24,9903.89.25,21,Proclamation 9223,,,hts_note
2025_rev_24,9903.89.28,21,Proclamation 9223,,,hts_note
2025_rev_24,9903.89.31,21,Proclamation 9223,,,hts_note
2025_rev_24,9903.89.34,21,Proclamation 9223,,,hts_note
2025_rev_24,9903.89.37,21,Proclamation 9223,,,hts_note
2025_rev_24,9903.89.40,21,Proclamation 9223,,,hts_note
2025_rev_24,9903.89.43,21,Proclamation 9223,,,hts_note
2025_rev_24,9903.89.46,21,Proclamation 9223,,,hts_note
2025_rev_24,9903.89.49,21,Proclamation 9223,,,hts_note
2025_rev_24,9903.89.52,21,Proclamation 9223,,,hts_note
2025_rev_24,9903.89.55,21,Proclamation 9223,,,hts_note
2025_rev_24,9903.89.57,21,Proclamation 9223,,,hts_note
2025_rev_24,9903.89.61,21,Proclamation 9223,,,hts_note
2025_rev_24,9903.94.01,33,,Executive Order 14323; Executive Order 14326,85 FR 54882,hts_note
2025_rev_24,9903.94.02,33,,Executive Order 14323; Executive Order 14326,85 FR 54882,hts_note
2025_rev_24,9903.94.03,33,,Executive Order 14323; Executive Order 14326,85 FR 54882,hts_note
2025_rev_24,9903.94.04,33,,Executive Order 14323; Executive Order 14326,85 FR 54882,hts_note
2025_rev_24,9903.94.05,33,,Executive Order 14323; Executive Order 14326,85 FR 54882,hts_note
2025_rev_24,9903.94.06,33,,Executive Order 14323; Executive Order 14326,85 FR 54882,hts_note
2025_rev_24,9903.94.31,33,,Executive Order 14323; Executive Order 14326,85 FR 54882,hts_note
2025_rev_24,9903.94.32,33,,Executive Order 14323; Executive Order 14326,85 FR 54882,hts_note
2025_rev_24,9903.94.40,33,,Executive Order 14323; Executive Order 14326,85 FR 54882,hts_note
2025_rev_24,9903.94.41,33,,Executive Order 14323; Executive Order 14326,85 FR 54882,hts_note
2025_rev_24,9903.94.42,33,,Executive Order 14323; Executive Order 14326,85 FR 54882,hts_note
2025_rev_24,9903.94.43,33,,Executive Order 14323; Executive Order 14326,85 FR 54882,hts_note
2025_rev_24,9903.94.50,33,,Executive Order 14323; Executive Order 14326,85 FR 54882,hts_note
2025_rev_24,9903.94.51,33,,Executive Order 14323; Executive Order 14326,85 FR 54882,hts_note
2025_rev_24,9903.94.52,33,,Executive Order 14323; Executive Order 14326,85 FR 54882,hts_note
2025_rev_24,9903.94.53,33,,Executive Order 14323; Executive Order 14326,85 FR 54882,hts_note
2025_rev_25,9903.85.01,19,Proclamation 10522,,,hts_note
2025_rev_25,9903.85.03,19,Proclamation 10522,,,hts_note
2025_rev_25,9903.85.21,19,Proclamation 10522,,,hts_note
2025_rev_25,9903.85.25,19,Proclamation 10522,,,hts_note
2025_rev_25,9903.85.71,19,Proclamation 10522,,,hts_note
2025_rev_25,9903.85.72,19,Proclamation 10522,,,hts_note
2025_rev_25,9903.88.01,20,,,85 FR 16987,hts_note
2025_rev_25,9903.88.02,20,,,85 FR 16987,hts_note
2025_rev_25,9903.88.03,20,,,85 FR 16987,hts_note
2025_rev_25,9903.88.04,20,,,85 FR 16987,hts_note
2025_rev_25,9903.88.05,20,,,85 FR 16987,hts_note
2025_rev_25,9903.88.06,20,,,85 FR 16987,hts_note
2025_rev_25,9903.88.07,20,,,85 FR 16987,hts_note
2025_rev_25,9903.88.08,20,,,85 FR 16987,hts_note
2025_rev_25,9903.88.09,20,,,85 FR 16987,hts_note
2025_rev_25,9903.88.10,20,,,85 FR 16987,hts_note
2025_rev_25,9903.88.11,20,,,85 FR 16987,hts_note
2025_rev_25,9903.88.12,20,,,85 FR 16987,hts_note
2025_rev_25,9903.88.13,20,,,85 FR 16987,hts_note
2025_rev_25,9903.88.14,20,,,85 FR 16987,hts_note
2025_rev_25,9903.88.15,20,,,85 FR 16987,hts_note
2025_rev_25,9903.88.16,20,,,85 FR 16987,hts_note
2025_rev_25,9903.88.17,20,,,85 FR 16987,hts_note
2025_rev_25,9903.88.18,20,,,85 FR 16987,hts_note
2025_rev_25,9903.88.19,20,,,85 FR 16987,hts_note
2025_rev_25,9903.88.20,20,,,85 FR 16987,hts_note
2025_rev_25,9903.88.21,20,,,85 FR 16987,hts_note
2025_rev_25,9903.88.22,20,,,85 FR 16987,hts_note
2025_rev_25,9903.88.23,20,,,85 FR 16987,hts_note
2025_rev_25,9903.88.24,20,,,85 FR 16987,hts_note
2025_rev_25,9903.88.25,20,,,85 FR 16987,hts_note
2025_rev_25,9903.88.26,20,,,85 FR 16987,hts_note
2025_rev_25,9903.88.27,20,,,85 FR 16987,hts_note
2025_rev_25,9903.88.28,20,,,85 FR 16987,hts_note
2025_rev_25,9903.88.33,20,,,85 FR 16987,hts_note
2025_rev_25,9903.88.34,20,,,85 FR 16987,hts_note
2025_rev_25,9903.88.35,20,,,85 FR 16987,hts_note
2025_rev_25,9903.88.36,20,,,85 FR 16987,hts_note
2025_rev_25,9903.88.37,20,,,85 FR 16987,hts_note
2025_rev_25,9903.88.38,20,,,85 FR 16987,hts_note
2025_rev_25,9903.88.39,20,,,85 FR 16987,hts_note
2025_rev_25,9903.88.40,20,,,85 FR 16987,hts_note
2025_rev_25,9903.88.41,20,,,85 FR 16987,hts_note
2025_rev_25,9903.88.42,20,,,85 FR 16987,hts_note
2025_rev_25,9903.88.43,20,,,85 FR 16987,hts_note
2025_rev_25,9903.88.44,20,,,85 FR 16987,hts_note
2025_rev_25,9903.88.45,20,,,85 FR 16987,hts_note
2025_rev_25,9903.88.46,20,,,85 FR 16987,hts_note
2025_rev_25,9903.88.47,20,,,85 FR 16987,hts_note
2025_rev_25,9903.88.48,20,,,85 FR 16987,hts_note
2025_rev_25,9903.88.49,20,,,85 FR 16987,hts_note
2025_rev_25,9903.88.50,20,,,85 FR 16987,hts_note
2025_rev_25,9903.88.51,20,,,85 FR 16987,hts_note
2025_rev_25,9903.88.52,20,,,85 FR 16987,hts_note
2025_rev_25,9903.88.53,20,,,85 FR 16987,hts_note
2025_rev_25,9903.88.54,20,,,85 FR 16987,hts_note
2025_rev_25,9903.88.55,20,,,85 FR 16987,hts_note
2025_rev_25,9903.88.56,20,,,85 FR 16987,hts_note
2025_rev_25,9903.88.57,20,,,85 FR 16987,hts_note
2025_rev_25,9903.88.58,20,,,85 FR 16987,hts_note
2025_rev_25,9903.88.59,20,,,85 FR 16987,hts_note
2025_rev_25,9903.88.60,20,,,85 FR 16987,hts_note
2025_rev_25,9903.88.61,20,,,85 FR 16987,hts_note
2025_rev_25,9903.88.62,20,,,85 FR 16987,hts_note
2025_rev_25,9903.88.63,20,,,85 FR 16987,hts_note
2025_rev_25,9903.88.64,20,,,85 FR 16987,hts_note
2025_rev_25,9903.88.65,20,,,85 FR 16987,hts_note
2025_rev_25,9903.88.66,20,,,85 FR 16987,hts_note
2025_rev_25,9903.88.67,20,,,85 FR 16987,hts_note
2025_rev_25,9903.88.68,20,,,85 FR 16987,hts_note
2025_rev_25,9903.88.69,20,,,85 FR 16987,hts_note
2025_rev_25,9903.88.70,20,,,85 FR 16987,hts_note
2025_rev_25,9903.89.05,21,Proclamation 9223,,,hts_note
2025_rev_25,9903.89.10,21,Proclamation 9223,,,hts_note
2025_rev_25,9903.89.13,21,Proclamation 9223,,,hts_note
2025_rev_25,9903.89.16,21,Proclamation 9223,,,hts_note
2025_rev_25,9903.89.19,21,Proclamation 9223,,,hts_note
2025_rev_25,9903.89.22,21,Proclamation 9223,,,hts_note
2025_rev_25,9903.89.25,21,Proclamation 9223,,,hts_note
2025_rev_25,9903.89.28,21,Proclamation 9223,,,hts_note
2025_rev_25,9903.89.31,21,Proclamation 9223,,,hts_note
2025_rev_25,9903.89.34,21,Proclamation 9223,,,hts_note
2025_rev_25,9903.89.37,21,Proclamation 9223,,,hts_note
2025_rev_25,9903.89.40,21,Proclamation 9223,,,hts_note
2025_rev_25,9903.89.43,21,Proclamation 9223,,,hts_note
2025_rev_25,9903.89.46,21,Proclamation 9223,,,hts_note
2025_rev_25,9903.89.49,21,Proclamation 9223,,,hts_note
2025_rev_25,9903.89.52,21,Proclamation 9223,,,hts_note
2025_rev_25,9903.89.55,21,Proclamation 9223,,,hts_note
2025_rev_25,9903.89.57,21,Proclamation 9223,,,hts_note
2025_rev_25,9903.89.61,21,Proclamation 9223,,,hts_note
2025_rev_25,9903.94.01,33,,Executive Order 14323; Executive Order 14326,85 FR 54882,hts_note
2025_rev_25,9903.94.02,33,,Executive Order 14323; Executive Order 14326,85 FR 54882,hts_note
2025_rev_25,9903.94.03,33,,Executive Order 14323; Executive Order 14326,85 FR 54882,hts_note
2025_rev_25,9903.94.04,33,,Executive Order 14323; Executive Order 14326,85 FR 54882,hts_note
2025_rev_25,9903.94.05,33,,Executive Order 14323; Executive Order 14326,85 FR 54882,hts_note
2025_rev_25,9903.94.06,33,,Executive Order 14323; Executive Order 14326,85 FR 54882,hts_note
2025_rev_25,9903.94.31,33,,Executive Order 14323; Executive Order 14326,85 FR 54882,hts_note
2025_rev_25,9903.94.32,33,,Executive Order 14323; Executive Order 14326,85 FR 54882,hts_note
2025_rev_25,9903.94.40,33,,Executive Order 14323; Executive Order 14326,85 FR 54882,hts_note
2025_rev_25,9903.94.41,33,,Executive Order 14323; Executive Order 14326,85 FR 54882,hts_note
2025_rev_25,9903.94.42,33,,Executive Order 14323; Executive Order 14326,85 FR 54882,hts_note
2025_rev_25,9903.94.43,33,,Executive Order 14323; Executive Order 14326,85 FR 54882,hts_note
2025_rev_25,9903.94.50,33,,Executive Order 14323; Executive Order 14326,85 FR 54882,hts_note
2025_rev_25,9903.94.51,33,,Executive Order 14323; Executive Order 14326,85 FR 54882,hts_note
2025_rev_25,9903.94.52,33,,Executive Order 14323; Executive Order 14326,85 FR 54882,hts_note
2025_rev_25,9903.94.53,33,,Executive Order 14323; Executive Order 14326,85 FR 54882,hts_note
2025_rev_26,9903.85.01,19,Proclamation 10522,,,hts_note
2025_rev_26,9903.85.03,19,Proclamation 10522,,,hts_note
2025_rev_26,9903.85.21,19,Proclamation 10522,,,hts_note
2025_rev_26,9903.85.25,19,Proclamation 10522,,,hts_note
2025_rev_26,9903.85.71,19,Proclamation 10522,,,hts_note
2025_rev_26,9903.85.72,19,Proclamation 10522,,,hts_note
2025_rev_26,9903.88.01,20,,,85 FR 16987,hts_note
2025_rev_26,9903.88.02,20,,,85 FR 16987,hts_note
2025_rev_26,9903.88.03,20,,,85 FR 16987,hts_note
2025_rev_26,9903.88.04,20,,,85 FR 16987,hts_note
2025_rev_26,9903.88.05,20,,,85 FR 16987,hts_note
2025_rev_26,9903.88.06,20,,,85 FR 16987,hts_note
2025_rev_26,9903.88.07,20,,,85 FR 16987,hts_note
2025_rev_26,9903.88.08,20,,,85 FR 16987,hts_note
2025_rev_26,9903.88.09,20,,,85 FR 16987,hts_note
2025_rev_26,9903.88.10,20,,,85 FR 16987,hts_note
2025_rev_26,9903.88.11,20,,,85 FR 16987,hts_note
2025_rev_26,9903.88.12,20,,,85 FR 16987,hts_note
2025_rev_26,9903.88.13,20,,,85 FR 16987,hts_note
2025_rev_26,9903.88.14,20,,,85 FR 16987,hts_note
2025_rev_26,9903.88.15,20,,,85 FR 16987,hts_note
2025_rev_26,9903.88.16,20,,,85 FR 16987,hts_note
2025_rev_26,9903.88.17,20,,,85 FR 16987,hts_note
2025_rev_26,9903.88.18,20,,,85 FR 16987,hts_note
2025_rev_26,9903.88.19,20,,,85 FR 16987,hts_note
2025_rev_26,9903.88.20,20,,,85 FR 16987,hts_note
2025_rev_26,9903.88.21,20,,,85 FR 16987,hts_note
2025_rev_26,9903.88.22,20,,,85 FR 16987,hts_note
2025_rev_26,9903.88.23,20,,,85 FR 16987,hts_note
2025_rev_26,9903.88.24,20,,,85 FR 16987,hts_note
2025_rev_26,9903.88.25,20,,,85 FR 16987,hts_note
2025_rev_26,9903.88.26,20,,,85 FR 16987,hts_note
2025_rev_26,9903.88.27,20,,,85 FR 16987,hts_note
2025_rev_26,9903.88.28,20,,,85 FR 16987,hts_note
2025_rev_26,9903.88.33,20,,,85 FR 16987,hts_note
2025_rev_26,9903.88.34,20,,,85 FR 16987,hts_note
2025_rev_26,9903.88.35,20,,,85 FR 16987,hts_note
2025_rev_26,9903.88.36,20,,,85 FR 16987,hts_note
2025_rev_26,9903.88.37,20,,,85 FR 16987,hts_note
2025_rev_26,9903.88.38,20,,,85 FR 16987,hts_note
2025_rev_26,9903.88.39,20,,,85 FR 16987,hts_note
2025_rev_26,9903.88.40,20,,,85 FR 16987,hts_note
2025_rev_26,9903.88.41,20,,,85 FR 16987,hts_note
2025_rev_26,9903.88.42,20,,,85 FR 16987,hts_note
2025_rev_26,9903.88.43,20,,,85 FR 16987,hts_note
2025_rev_26,9903.88.44,20,,,85 FR 16987,hts_note
2025_rev_26,9903.88.45,20,,,85 FR 16987,hts_note
2025_rev_26,9903.88.46,20,,,85 FR 16987,hts_note
2025_rev_26,9903.88.47,20,,,85 FR 16987,hts_note
2025_rev_26,9903.88.48,20,,,85 FR 16987,hts_note
2025_rev_26,9903.88.49,20,,,85 FR 16987,hts_note
2025_rev_26,9903.88.50,20,,,85 FR 16987,hts_note
2025_rev_26,9903.88.51,20,,,85 FR 16987,hts_note
2025_rev_26,9903.88.52,20,,,85 FR 16987,hts_note
2025_rev_26,9903.88.53,20,,,85 FR 16987,hts_note
2025_rev_26,9903.88.54,20,,,85 FR 16987,hts_note
2025_rev_26,9903.88.55,20,,,85 FR 16987,hts_note
2025_rev_26,9903.88.56,20,,,85 FR 16987,hts_note
2025_rev_26,9903.88.57,20,,,85 FR 16987,hts_note
2025_rev_26,9903.88.58,20,,,85 FR 16987,hts_note
2025_rev_26,9903.88.59,20,,,85 FR 16987,hts_note
2025_rev_26,9903.88.60,20,,,85 FR 16987,hts_note
2025_rev_26,9903.88.61,20,,,85 FR 16987,hts_note
2025_rev_26,9903.88.62,20,,,85 FR 16987,hts_note
2025_rev_26,9903.88.63,20,,,85 FR 16987,hts_note
2025_rev_26,9903.88.64,20,,,85 FR 16987,hts_note
2025_rev_26,9903.88.65,20,,,85 FR 16987,hts_note
2025_rev_26,9903.88.66,20,,,85 FR 16987,hts_note
2025_rev_26,9903.88.67,20,,,85 FR 16987,hts_note
2025_rev_26,9903.88.68,20,,,85 FR 16987,hts_note
2025_rev_26,9903.88.69,20,,,85 FR 16987,hts_note
2025_rev_26,9903.88.70,20,,,85 FR 16987,hts_note
2025_rev_26,9903.89.05,21,Proclamation 9223,,,hts_note
2025_rev_26,9903.89.10,21,Proclamation 9223,,,hts_note
2025_rev_26,9903.89.13,21,Proclamation 9223,,,hts_note
2025_rev_26,9903.89.16,21,Proclamation 9223,,,hts_note
2025_rev_26,9903.89.19,21,Proclamation 9223,,,hts_note
2025_rev_26,9903.89.22,21,Proclamation 9223,,,hts_note
2025_rev_26,9903.89.25,21,Proclamation 9223,,,hts_note
2025_rev_26,9903.89.28,21,Proclamation 9223,,,hts_note
2025_rev_26,9903.89.31,21,Proclamation 9223,,,hts_note
2025_rev_26,9903.89.34,21,Proclamation 9223,,,hts_note
2025_rev_26,9903.89.37,21,Proclamation 9223,,,hts_note
2025_rev_26,9903.89.40,21,Proclamation 9223,,,hts_note
2025_rev_26,9903.89.43,21,Proclamation 9223,,,hts_note
2025_rev_26,9903.89.46,21,Proclamation 9223,,,hts_note
2025_rev_26,9903.89.49,21,Proclamation 9223,,,hts_note
2025_rev_26,9903.89.52,21,Proclamation 9223,,,hts_note
2025_rev_26,9903.89.55,21,Proclamation 9223,,,hts_note
2025_rev_26,9903.89.57,21,Proclamation 9223,,,hts_note
2025_rev_26,9903.89.61,21,Proclamation 9223,,,hts_note
2025_rev_26,9903.94.01,33,,Executive Order 14345; Executive Order 14323; Executive Order 14326,85 FR 54882,hts_note
2025_rev_26,9903.94.02,33,,Executive Order 14345; Executive Order 14323; Executive Order 14326,85 FR 54882,hts_note
2025_rev_26,9903.94.03,33,,Executive Order 14345; Executive Order 14323; Executive Order 14326,85 FR 54882,hts_note
2025_rev_26,9903.94.04,33,,Executive Order 14345; Executive Order 14323; Executive Order 14326,85 FR 54882,hts_note
2025_rev_26,9903.94.05,33,,Executive Order 14345; Executive Order 14323; Executive Order 14326,85 FR 54882,hts_note
2025_rev_26,9903.94.06,33,,Executive Order 14345; Executive Order 14323; Executive Order 14326,85 FR 54882,hts_note
2025_rev_26,9903.94.07,33,,Executive Order 14345; Executive Order 14323; Executive Order 14326,85 FR 54882,hts_note
2025_rev_26,9903.94.31,33,,Executive Order 14345; Executive Order 14323; Executive Order 14326,85 FR 54882,hts_note
2025_rev_26,9903.94.32,33,,Executive Order 14345; Executive Order 14323; Executive Order 14326,85 FR 54882,hts_note
2025_rev_26,9903.94.33,33,,Executive Order 14345; Executive Order 14323; Executive Order 14326,85 FR 54882,hts_note
2025_rev_26,9903.94.40,33,,Executive Order 14345; Executive Order 14323; Executive Order 14326,85 FR 54882,hts_note
2025_rev_26,9903.94.41,33,,Executive Order 14345; Executive Order 14323; Executive Order 14326,85 FR 54882,hts_note
2025_rev_26,9903.94.42,33,,Executive Order 14345; Executive Order 14323; Executive Order 14326,85 FR 54882,hts_note
2025_rev_26,9903.94.43,33,,Executive Order 14345; Executive Order 14323; Executive Order 14326,85 FR 54882,hts_note
2025_rev_26,9903.94.44,33,,Executive Order 14345; Executive Order 14323; Executive Order 14326,85 FR 54882,hts_note
2025_rev_26,9903.94.45,33,,Executive Order 14345; Executive Order 14323; Executive Order 14326,85 FR 54882,hts_note
2025_rev_26,9903.94.50,33,,Executive Order 14345; Executive Order 14323; Executive Order 14326,85 FR 54882,hts_note
2025_rev_26,9903.94.51,33,,Executive Order 14345; Executive Order 14323; Executive Order 14326,85 FR 54882,hts_note
2025_rev_26,9903.94.52,33,,Executive Order 14345; Executive Order 14323; Executive Order 14326,85 FR 54882,hts_note
2025_rev_26,9903.94.53,33,,Executive Order 14345; Executive Order 14323; Executive Order 14326,85 FR 54882,hts_note
2025_rev_26,9903.94.54,33,,Executive Order 14345; Executive Order 14323; Executive Order 14326,85 FR 54882,hts_note
2025_rev_26,9903.94.55,33,,Executive Order 14345; Executive Order 14323; Executive Order 14326,85 FR 54882,hts_note
2025_rev_27,9903.85.01,19,Proclamation 10522,,,hts_note
2025_rev_27,9903.85.03,19,Proclamation 10522,,,hts_note
2025_rev_27,9903.85.21,19,Proclamation 10522,,,hts_note
2025_rev_27,9903.85.25,19,Proclamation 10522,,,hts_note
2025_rev_27,9903.85.71,19,Proclamation 10522,,,hts_note
2025_rev_27,9903.85.72,19,Proclamation 10522,,,hts_note
2025_rev_27,9903.88.01,20,,,85 FR 16987,hts_note
2025_rev_27,9903.88.02,20,,,85 FR 16987,hts_note
2025_rev_27,9903.88.03,20,,,85 FR 16987,hts_note
2025_rev_27,9903.88.04,20,,,85 FR 16987,hts_note
2025_rev_27,9903.88.05,20,,,85 FR 16987,hts_note
2025_rev_27,9903.88.06,20,,,85 FR 16987,hts_note
2025_rev_27,9903.88.07,20,,,85 FR 16987,hts_note
2025_rev_27,9903.88.08,20,,,85 FR 16987,hts_note
2025_rev_27,9903.88.09,20,,,85 FR 16987,hts_note
2025_rev_27,9903.88.10,20,,,85 FR 16987,hts_note
2025_rev_27,9903.88.11,20,,,85 FR 16987,hts_note
2025_rev_27,9903.88.12,20,,,85 FR 16987,hts_note
2025_rev_27,9903.88.13,20,,,85 FR 16987,hts_note
2025_rev_27,9903.88.14,20,,,85 FR 16987,hts_note
2025_rev_27,9903.88.15,20,,,85 FR 16987,hts_note
2025_rev_27,9903.88.16,20,,,85 FR 16987,hts_note
2025_rev_27,9903.88.17,20,,,85 FR 16987,hts_note
2025_rev_27,9903.88.18,20,,,85 FR 16987,hts_note
2025_rev_27,9903.88.19,20,,,85 FR 16987,hts_note
2025_rev_27,9903.88.20,20,,,85 FR 16987,hts_note
2025_rev_27,9903.88.21,20,,,85 FR 16987,hts_note
2025_rev_27,9903.88.22,20,,,85 FR 16987,hts_note
2025_rev_27,9903.88.23,20,,,85 FR 16987,hts_note
2025_rev_27,9903.88.24,20,,,85 FR 16987,hts_note
2025_rev_27,9903.88.25,20,,,85 FR 16987,hts_note
2025_rev_27,9903.88.26,20,,,85 FR 16987,hts_note
2025_rev_27,9903.88.27,20,,,85 FR 16987,hts_note
2025_rev_27,9903.88.28,20,,,85 FR 16987,hts_note
2025_rev_27,9903.88.33,20,,,85 FR 16987,hts_note
2025_rev_27,9903.88.34,20,,,85 FR 16987,hts_note
2025_rev_27,9903.88.35,20,,,85 FR 16987,hts_note
2025_rev_27,9903.88.36,20,,,85 FR 16987,hts_note
2025_rev_27,9903.88.37,20,,,85 FR 16987,hts_note
2025_rev_27,9903.88.38,20,,,85 FR 16987,hts_note
2025_rev_27,9903.88.39,20,,,85 FR 16987,hts_note
2025_rev_27,9903.88.40,20,,,85 FR 16987,hts_note
2025_rev_27,9903.88.41,20,,,85 FR 16987,hts_note
2025_rev_27,9903.88.42,20,,,85 FR 16987,hts_note
2025_rev_27,9903.88.43,20,,,85 FR 16987,hts_note
2025_rev_27,9903.88.44,20,,,85 FR 16987,hts_note
2025_rev_27,9903.88.45,20,,,85 FR 16987,hts_note
2025_rev_27,9903.88.46,20,,,85 FR 16987,hts_note
2025_rev_27,9903.88.47,20,,,85 FR 16987,hts_note
2025_rev_27,9903.88.48,20,,,85 FR 16987,hts_note
2025_rev_27,9903.88.49,20,,,85 FR 16987,hts_note
2025_rev_27,9903.88.50,20,,,85 FR 16987,hts_note
2025_rev_27,9903.88.51,20,,,85 FR 16987,hts_note
2025_rev_27,9903.88.52,20,,,85 FR 16987,hts_note
2025_rev_27,9903.88.53,20,,,85 FR 16987,hts_note
2025_rev_27,9903.88.54,20,,,85 FR 16987,hts_note
2025_rev_27,9903.88.55,20,,,85 FR 16987,hts_note
2025_rev_27,9903.88.56,20,,,85 FR 16987,hts_note
2025_rev_27,9903.88.57,20,,,85 FR 16987,hts_note
2025_rev_27,9903.88.58,20,,,85 FR 16987,hts_note
2025_rev_27,9903.88.59,20,,,85 FR 16987,hts_note
2025_rev_27,9903.88.60,20,,,85 FR 16987,hts_note
2025_rev_27,9903.88.61,20,,,85 FR 16987,hts_note
2025_rev_27,9903.88.62,20,,,85 FR 16987,hts_note
2025_rev_27,9903.88.63,20,,,85 FR 16987,hts_note
2025_rev_27,9903.88.64,20,,,85 FR 16987,hts_note
2025_rev_27,9903.88.65,20,,,85 FR 16987,hts_note
2025_rev_27,9903.88.66,20,,,85 FR 16987,hts_note
2025_rev_27,9903.88.67,20,,,85 FR 16987,hts_note
2025_rev_27,9903.88.68,20,,,85 FR 16987,hts_note
2025_rev_27,9903.88.69,20,,,85 FR 16987,hts_note
2025_rev_27,9903.88.70,20,,,85 FR 16987,hts_note
2025_rev_27,9903.89.05,21,Proclamation 9223,,,hts_note
2025_rev_27,9903.89.10,21,Proclamation 9223,,,hts_note
2025_rev_27,9903.89.13,21,Proclamation 9223,,,hts_note
2025_rev_27,9903.89.16,21,Proclamation 9223,,,hts_note
2025_rev_27,9903.89.19,21,Proclamation 9223,,,hts_note
2025_rev_27,9903.89.22,21,Proclamation 9223,,,hts_note
2025_rev_27,9903.89.25,21,Proclamation 9223,,,hts_note
2025_rev_27,9903.89.28,21,Proclamation 9223,,,hts_note
2025_rev_27,9903.89.31,21,Proclamation 9223,,,hts_note
2025_rev_27,9903.89.34,21,Proclamation 9223,,,hts_note
2025_rev_27,9903.89.37,21,Proclamation 9223,,,hts_note
2025_rev_27,9903.89.40,21,Proclamation 9223,,,hts_note
2025_rev_27,9903.89.43,21,Proclamation 9223,,,hts_note
2025_rev_27,9903.89.46,21,Proclamation 9223,,,hts_note
2025_rev_27,9903.89.49,21,Proclamation 9223,,,hts_note
2025_rev_27,9903.89.52,21,Proclamation 9223,,,hts_note
2025_rev_27,9903.89.55,21,Proclamation 9223,,,hts_note
2025_rev_27,9903.89.57,21,Proclamation 9223,,,hts_note
2025_rev_27,9903.89.61,21,Proclamation 9223,,,hts_note
2025_rev_27,9903.94.01,33,,Executive Order 14345; Executive Order 14323; Executive Order 14326,85 FR 54882,hts_note
2025_rev_27,9903.94.02,33,,Executive Order 14345; Executive Order 14323; Executive Order 14326,85 FR 54882,hts_note
2025_rev_27,9903.94.03,33,,Executive Order 14345; Executive Order 14323; Executive Order 14326,85 FR 54882,hts_note
2025_rev_27,9903.94.04,33,,Executive Order 14345; Executive Order 14323; Executive Order 14326,85 FR 54882,hts_note
2025_rev_27,9903.94.05,33,,Executive Order 14345; Executive Order 14323; Executive Order 14326,85 FR 54882,hts_note
2025_rev_27,9903.94.06,33,,Executive Order 14345; Executive Order 14323; Executive Order 14326,85 FR 54882,hts_note
2025_rev_27,9903.94.07,33,,Executive Order 14345; Executive Order 14323; Executive Order 14326,85 FR 54882,hts_note
2025_rev_27,9903.94.31,33,,Executive Order 14345; Executive Order 14323; Executive Order 14326,85 FR 54882,hts_note
2025_rev_27,9903.94.32,33,,Executive Order 14345; Executive Order 14323; Executive Order 14326,85 FR 54882,hts_note
2025_rev_27,9903.94.33,33,,Executive Order 14345; Executive Order 14323; Executive Order 14326,85 FR 54882,hts_note
2025_rev_27,9903.94.40,33,,Executive Order 14345; Executive Order 14323; Executive Order 14326,85 FR 54882,hts_note
2025_rev_27,9903.94.41,33,,Executive Order 14345; Executive Order 14323; Executive Order 14326,85 FR 54882,hts_note
2025_rev_27,9903.94.42,33,,Executive Order 14345; Executive Order 14323; Executive Order 14326,85 FR 54882,hts_note
2025_rev_27,9903.94.43,33,,Executive Order 14345; Executive Order 14323; Executive Order 14326,85 FR 54882,hts_note
2025_rev_27,9903.94.44,33,,Executive Order 14345; Executive Order 14323; Executive Order 14326,85 FR 54882,hts_note
2025_rev_27,9903.94.45,33,,Executive Order 14345; Executive Order 14323; Executive Order 14326,85 FR 54882,hts_note
2025_rev_27,9903.94.50,33,,Executive Order 14345; Executive Order 14323; Executive Order 14326,85 FR 54882,hts_note
2025_rev_27,9903.94.51,33,,Executive Order 14345; Executive Order 14323; Executive Order 14326,85 FR 54882,hts_note
2025_rev_27,9903.94.52,33,,Executive Order 14345; Executive Order 14323; Executive Order 14326,85 FR 54882,hts_note
2025_rev_27,9903.94.53,33,,Executive Order 14345; Executive Order 14323; Executive Order 14326,85 FR 54882,hts_note
2025_rev_27,9903.94.54,33,,Executive Order 14345; Executive Order 14323; Executive Order 14326,85 FR 54882,hts_note
2025_rev_27,9903.94.55,33,,Executive Order 14345; Executive Order 14323; Executive Order 14326,85 FR 54882,hts_note
2025_rev_28,9903.85.01,19,Proclamation 10522,,,hts_note
2025_rev_28,9903.85.03,19,Proclamation 10522,,,hts_note
2025_rev_28,9903.85.21,19,Proclamation 10522,,,hts_note
2025_rev_28,9903.85.25,19,Proclamation 10522,,,hts_note
2025_rev_28,9903.85.71,19,Proclamation 10522,,,hts_note
2025_rev_28,9903.85.72,19,Proclamation 10522,,,hts_note
2025_rev_28,9903.88.01,20,,,85 FR 16987,hts_note
2025_rev_28,9903.88.02,20,,,85 FR 16987,hts_note
2025_rev_28,9903.88.03,20,,,85 FR 16987,hts_note
2025_rev_28,9903.88.04,20,,,85 FR 16987,hts_note
2025_rev_28,9903.88.05,20,,,85 FR 16987,hts_note
2025_rev_28,9903.88.06,20,,,85 FR 16987,hts_note
2025_rev_28,9903.88.07,20,,,85 FR 16987,hts_note
2025_rev_28,9903.88.08,20,,,85 FR 16987,hts_note
2025_rev_28,9903.88.09,20,,,85 FR 16987,hts_note
2025_rev_28,9903.88.10,20,,,85 FR 16987,hts_note
2025_rev_28,9903.88.11,20,,,85 FR 16987,hts_note
2025_rev_28,9903.88.12,20,,,85 FR 16987,hts_note
2025_rev_28,9903.88.13,20,,,85 FR 16987,hts_note
2025_rev_28,9903.88.14,20,,,85 FR 16987,hts_note
2025_rev_28,9903.88.15,20,,,85 FR 16987,hts_note
2025_rev_28,9903.88.16,20,,,85 FR 16987,hts_note
2025_rev_28,9903.88.17,20,,,85 FR 16987,hts_note
2025_rev_28,9903.88.18,20,,,85 FR 16987,hts_note
2025_rev_28,9903.88.19,20,,,85 FR 16987,hts_note
2025_rev_28,9903.88.20,20,,,85 FR 16987,hts_note
2025_rev_28,9903.88.21,20,,,85 FR 16987,hts_note
2025_rev_28,9903.88.22,20,,,85 FR 16987,hts_note
2025_rev_28,9903.88.23,20,,,85 FR 16987,hts_note
2025_rev_28,9903.88.24,20,,,85 FR 16987,hts_note
2025_rev_28,9903.88.25,20,,,85 FR 16987,hts_note
2025_rev_28,9903.88.26,20,,,85 FR 16987,hts_note
2025_rev_28,9903.88.27,20,,,85 FR 16987,hts_note
2025_rev_28,9903.88.28,20,,,85 FR 16987,hts_note
2025_rev_28,9903.88.33,20,,,85 FR 16987,hts_note
2025_rev_28,9903.88.34,20,,,85 FR 16987,hts_note
2025_rev_28,9903.88.35,20,,,85 FR 16987,hts_note
2025_rev_28,9903.88.36,20,,,85 FR 16987,hts_note
2025_rev_28,9903.88.37,20,,,85 FR 16987,hts_note
2025_rev_28,9903.88.38,20,,,85 FR 16987,hts_note
2025_rev_28,9903.88.39,20,,,85 FR 16987,hts_note
2025_rev_28,9903.88.40,20,,,85 FR 16987,hts_note
2025_rev_28,9903.88.41,20,,,85 FR 16987,hts_note
2025_rev_28,9903.88.42,20,,,85 FR 16987,hts_note
2025_rev_28,9903.88.43,20,,,85 FR 16987,hts_note
2025_rev_28,9903.88.44,20,,,85 FR 16987,hts_note
2025_rev_28,9903.88.45,20,,,85 FR 16987,hts_note
2025_rev_28,9903.88.46,20,,,85 FR 16987,hts_note
2025_rev_28,9903.88.47,20,,,85 FR 16987,hts_note
2025_rev_28,9903.88.48,20,,,85 FR 16987,hts_note
2025_rev_28,9903.88.49,20,,,85 FR 16987,hts_note
2025_rev_28,9903.88.50,20,,,85 FR 16987,hts_note
2025_rev_28,9903.88.51,20,,,85 FR 16987,hts_note
2025_rev_28,9903.88.52,20,,,85 FR 16987,hts_note
2025_rev_28,9903.88.53,20,,,85 FR 16987,hts_note
2025_rev_28,9903.88.54,20,,,85 FR 16987,hts_note
2025_rev_28,9903.88.55,20,,,85 FR 16987,hts_note
2025_rev_28,9903.88.56,20,,,85 FR 16987,hts_note
2025_rev_28,9903.88.57,20,,,85 FR 16987,hts_note
2025_rev_28,9903.88.58,20,,,85 FR 16987,hts_note
2025_rev_28,9903.88.59,20,,,85 FR 16987,hts_note
2025_rev_28,9903.88.60,20,,,85 FR 16987,hts_note
2025_rev_28,9903.88.61,20,,,85 FR 16987,hts_note
2025_rev_28,9903.88.62,20,,,85 FR 16987,hts_note
2025_rev_28,9903.88.63,20,,,85 FR 16987,hts_note
2025_rev_28,9903.88.64,20,,,85 FR 16987,hts_note
2025_rev_28,9903.88.65,20,,,85 FR 16987,hts_note
2025_rev_28,9903.88.66,20,,,85 FR 16987,hts_note
2025_rev_28,9903.88.67,20,,,85 FR 16987,hts_note
2025_rev_28,9903.88.68,20,,,85 FR 16987,hts_note
2025_rev_28,9903.88.69,20,,,85 FR 16987,hts_note
2025_rev_28,9903.88.70,20,,,85 FR 16987,hts_note
2025_rev_28,9903.89.05,21,Proclamation 9223,,,hts_note
2025_rev_28,9903.89.10,21,Proclamation 9223,,,hts_note
2025_rev_28,9903.89.13,21,Proclamation 9223,,,hts_note
2025_rev_28,9903.89.16,21,Proclamation 9223,,,hts_note
2025_rev_28,9903.89.19,21,Proclamation 9223,,,hts_note
2025_rev_28,9903.89.22,21,Proclamation 9223,,,hts_note
2025_rev_28,9903.89.25,21,Proclamation 9223,,,hts_note
2025_rev_28,9903.89.28,21,Proclamation 9223,,,hts_note
2025_rev_28,9903.89.31,21,Proclamation 9223,,,hts_note
2025_rev_28,9903.89.34,21,Proclamation 9223,,,hts_note
2025_rev_28,9903.89.37,21,Proclamation 9223,,,hts_note
2025_rev_28,9903.89.40,21,Proclamation 9223,,,hts_note
2025_rev_28,9903.89.43,21,Proclamation 9223,,,hts_note
2025_rev_28,9903.89.46,21,Proclamation 9223,,,hts_note
2025_rev_28,9903.89.49,21,Proclamation 9223,,,hts_note
2025_rev_28,9903.89.52,21,Proclamation 9223,,,hts_note
2025_rev_28,9903.89.55,21,Proclamation 9223,,,hts_note
2025_rev_28,9903.89.57,21,Proclamation 9223,,,hts_note
2025_rev_28,9903.89.61,21,Proclamation 9223,,,hts_note
2025_rev_28,9903.94.01,33,,Executive Order 14345; Executive Order 14323; Executive Order 14326,85 FR 54882,hts_note
2025_rev_28,9903.94.02,33,,Executive Order 14345; Executive Order 14323; Executive Order 14326,85 FR 54882,hts_note
2025_rev_28,9903.94.03,33,,Executive Order 14345; Executive Order 14323; Executive Order 14326,85 FR 54882,hts_note
2025_rev_28,9903.94.04,33,,Executive Order 14345; Executive Order 14323; Executive Order 14326,85 FR 54882,hts_note
2025_rev_28,9903.94.05,33,,Executive Order 14345; Executive Order 14323; Executive Order 14326,85 FR 54882,hts_note
2025_rev_28,9903.94.06,33,,Executive Order 14345; Executive Order 14323; Executive Order 14326,85 FR 54882,hts_note
2025_rev_28,9903.94.07,33,,Executive Order 14345; Executive Order 14323; Executive Order 14326,85 FR 54882,hts_note
2025_rev_28,9903.94.31,33,,Executive Order 14345; Executive Order 14323; Executive Order 14326,85 FR 54882,hts_note
2025_rev_28,9903.94.32,33,,Executive Order 14345; Executive Order 14323; Executive Order 14326,85 FR 54882,hts_note
2025_rev_28,9903.94.33,33,,Executive Order 14345; Executive Order 14323; Executive Order 14326,85 FR 54882,hts_note
2025_rev_28,9903.94.40,33,,Executive Order 14345; Executive Order 14323; Executive Order 14326,85 FR 54882,hts_note
2025_rev_28,9903.94.41,33,,Executive Order 14345; Executive Order 14323; Executive Order 14326,85 FR 54882,hts_note
2025_rev_28,9903.94.42,33,,Executive Order 14345; Executive Order 14323; Executive Order 14326,85 FR 54882,hts_note
2025_rev_28,9903.94.43,33,,Executive Order 14345; Executive Order 14323; Executive Order 14326,85 FR 54882,hts_note
2025_rev_28,9903.94.44,33,,Executive Order 14345; Executive Order 14323; Executive Order 14326,85 FR 54882,hts_note
2025_rev_28,9903.94.45,33,,Executive Order 14345; Executive Order 14323; Executive Order 14326,85 FR 54882,hts_note
2025_rev_28,9903.94.50,33,,Executive Order 14345; Executive Order 14323; Executive Order 14326,85 FR 54882,hts_note
2025_rev_28,9903.94.51,33,,Executive Order 14345; Executive Order 14323; Executive Order 14326,85 FR 54882,hts_note
2025_rev_28,9903.94.52,33,,Executive Order 14345; Executive Order 14323; Executive Order 14326,85 FR 54882,hts_note
2025_rev_28,9903.94.53,33,,Executive Order 14345; Executive Order 14323; Executive Order 14326,85 FR 54882,hts_note
2025_rev_28,9903.94.54,33,,Executive Order 14345; Executive Order 14323; Executive Order 14326,85 FR 54882,hts_note
2025_rev_28,9903.94.55,33,,Executive Order 14345; Executive Order 14323; Executive Order 14326,85 FR 54882,hts_note
2025_rev_29,9903.85.01,19,Proclamation 10522,,,hts_note
2025_rev_29,9903.85.03,19,Proclamation 10522,,,hts_note
2025_rev_29,9903.85.21,19,Proclamation 10522,,,hts_note
2025_rev_29,9903.85.25,19,Proclamation 10522,,,hts_note
2025_rev_29,9903.85.71,19,Proclamation 10522,,,hts_note
2025_rev_29,9903.85.72,19,Proclamation 10522,,,hts_note
2025_rev_29,9903.88.01,20,,,85 FR 16987,hts_note
2025_rev_29,9903.88.02,20,,,85 FR 16987,hts_note
2025_rev_29,9903.88.03,20,,,85 FR 16987,hts_note
2025_rev_29,9903.88.04,20,,,85 FR 16987,hts_note
2025_rev_29,9903.88.05,20,,,85 FR 16987,hts_note
2025_rev_29,9903.88.06,20,,,85 FR 16987,hts_note
2025_rev_29,9903.88.07,20,,,85 FR 16987,hts_note
2025_rev_29,9903.88.08,20,,,85 FR 16987,hts_note
2025_rev_29,9903.88.09,20,,,85 FR 16987,hts_note
2025_rev_29,9903.88.10,20,,,85 FR 16987,hts_note
2025_rev_29,9903.88.11,20,,,85 FR 16987,hts_note
2025_rev_29,9903.88.12,20,,,85 FR 16987,hts_note
2025_rev_29,9903.88.13,20,,,85 FR 16987,hts_note
2025_rev_29,9903.88.14,20,,,85 FR 16987,hts_note
2025_rev_29,9903.88.15,20,,,85 FR 16987,hts_note
2025_rev_29,9903.88.16,20,,,85 FR 16987,hts_note
2025_rev_29,9903.88.17,20,,,85 FR 16987,hts_note
2025_rev_29,9903.88.18,20,,,85 FR 16987,hts_note
2025_rev_29,9903.88.19,20,,,85 FR 16987,hts_note
2025_rev_29,9903.88.20,20,,,85 FR 16987,hts_note
2025_rev_29,9903.88.21,20,,,85 FR 16987,hts_note
2025_rev_29,9903.88.22,20,,,85 FR 16987,hts_note
2025_rev_29,9903.88.23,20,,,85 FR 16987,hts_note
2025_rev_29,9903.88.24,20,,,85 FR 16987,hts_note
2025_rev_29,9903.88.25,20,,,85 FR 16987,hts_note
2025_rev_29,9903.88.26,20,,,85 FR 16987,hts_note
2025_rev_29,9903.88.27,20,,,85 FR 16987,hts_note
2025_rev_29,9903.88.28,20,,,85 FR 16987,hts_note
2025_rev_29,9903.88.33,20,,,85 FR 16987,hts_note
2025_rev_29,9903.88.34,20,,,85 FR 16987,hts_note
2025_rev_29,9903.88.35,20,,,85 FR 16987,hts_note
2025_rev_29,9903.88.36,20,,,85 FR 16987,hts_note
2025_rev_29,9903.88.37,20,,,85 FR 16987,hts_note
2025_rev_29,9903.88.38,20,,,85 FR 16987,hts_note
2025_rev_29,9903.88.39,20,,,85 FR 16987,hts_note
2025_rev_29,9903.88.40,20,,,85 FR 16987,hts_note
2025_rev_29,9903.88.41,20,,,85 FR 16987,hts_note
2025_rev_29,9903.88.42,20,,,85 FR 16987,hts_note
2025_rev_29,9903.88.43,20,,,85 FR 16987,hts_note
2025_rev_29,9903.88.44,20,,,85 FR 16987,hts_note
2025_rev_29,9903.88.45,20,,,85 FR 16987,hts_note
2025_rev_29,9903.88.46,20,,,85 FR 16987,hts_note
2025_rev_29,9903.88.47,20,,,85 FR 16987,hts_note
2025_rev_29,9903.88.48,20,,,85 FR 16987,hts_note
2025_rev_29,9903.88.49,20,,,85 FR 16987,hts_note
2025_rev_29,9903.88.50,20,,,85 FR 16987,hts_note
2025_rev_29,9903.88.51,20,,,85 FR 16987,hts_note
2025_rev_29,9903.88.52,20,,,85 FR 16987,hts_note
2025_rev_29,9903.88.53,20,,,85 FR 16987,hts_note
2025_rev_29,9903.88.54,20,,,85 FR 16987,hts_note
2025_rev_29,9903.88.55,20,,,85 FR 16987,hts_note
2025_rev_29,9903.88.56,20,,,85 FR 16987,hts_note
2025_rev_29,9903.88.57,20,,,85 FR 16987,hts_note
2025_rev_29,9903.88.58,20,,,85 FR 16987,hts_note
2025_rev_29,9903.88.59,20,,,85 FR 16987,hts_note
2025_rev_29,9903.88.60,20,,,85 FR 16987,hts_note
2025_rev_29,9903.88.61,20,,,85 FR 16987,hts_note
2025_rev_29,9903.88.62,20,,,85 FR 16987,hts_note
2025_rev_29,9903.88.63,20,,,85 FR 16987,hts_note
2025_rev_29,9903.88.64,20,,,85 FR 16987,hts_note
2025_rev_29,9903.88.65,20,,,85 FR 16987,hts_note
2025_rev_29,9903.88.66,20,,,85 FR 16987,hts_note
2025_rev_29,9903.88.67,20,,,85 FR 16987,hts_note
2025_rev_29,9903.88.68,20,,,85 FR 16987,hts_note
2025_rev_29,9903.88.69,20,,,85 FR 16987,hts_note
2025_rev_29,9903.88.70,20,,,85 FR 16987,hts_note
2025_rev_29,9903.89.05,21,Proclamation 9223,,,hts_note
2025_rev_29,9903.89.10,21,Proclamation 9223,,,hts_note
2025_rev_29,9903.89.13,21,Proclamation 9223,,,hts_note
2025_rev_29,9903.89.16,21,Proclamation 9223,,,hts_note
2025_rev_29,9903.89.19,21,Proclamation 9223,,,hts_note
2025_rev_29,9903.89.22,21,Proclamation 9223,,,hts_note
2025_rev_29,9903.89.25,21,Proclamation 9223,,,hts_note
2025_rev_29,9903.89.28,21,Proclamation 9223,,,hts_note
2025_rev_29,9903.89.31,21,Proclamation 9223,,,hts_note
2025_rev_29,9903.89.34,21,Proclamation 9223,,,hts_note
2025_rev_29,9903.89.37,21,Proclamation 9223,,,hts_note
2025_rev_29,9903.89.40,21,Proclamation 9223,,,hts_note
2025_rev_29,9903.89.43,21,Proclamation 9223,,,hts_note
2025_rev_29,9903.89.46,21,Proclamation 9223,,,hts_note
2025_rev_29,9903.89.49,21,Proclamation 9223,,,hts_note
2025_rev_29,9903.89.52,21,Proclamation 9223,,,hts_note
2025_rev_29,9903.89.55,21,Proclamation 9223,,,hts_note
2025_rev_29,9903.89.57,21,Proclamation 9223,,,hts_note
2025_rev_29,9903.89.61,21,Proclamation 9223,,,hts_note
2025_rev_29,9903.94.01,33,,Executive Order 14345; Executive Order 14323; Executive Order 14326,85 FR 54882,hts_note
2025_rev_29,9903.94.02,33,,Executive Order 14345; Executive Order 14323; Executive Order 14326,85 FR 54882,hts_note
2025_rev_29,9903.94.03,33,,Executive Order 14345; Executive Order 14323; Executive Order 14326,85 FR 54882,hts_note
2025_rev_29,9903.94.04,33,,Executive Order 14345; Executive Order 14323; Executive Order 14326,85 FR 54882,hts_note
2025_rev_29,9903.94.05,33,,Executive Order 14345; Executive Order 14323; Executive Order 14326,85 FR 54882,hts_note
2025_rev_29,9903.94.06,33,,Executive Order 14345; Executive Order 14323; Executive Order 14326,85 FR 54882,hts_note
2025_rev_29,9903.94.07,33,,Executive Order 14345; Executive Order 14323; Executive Order 14326,85 FR 54882,hts_note
2025_rev_29,9903.94.31,33,,Executive Order 14345; Executive Order 14323; Executive Order 14326,85 FR 54882,hts_note
2025_rev_29,9903.94.32,33,,Executive Order 14345; Executive Order 14323; Executive Order 14326,85 FR 54882,hts_note
2025_rev_29,9903.94.33,33,,Executive Order 14345; Executive Order 14323; Executive Order 14326,85 FR 54882,hts_note
2025_rev_29,9903.94.40,33,,Executive Order 14345; Executive Order 14323; Executive Order 14326,85 FR 54882,hts_note
2025_rev_29,9903.94.41,33,,Executive Order 14345; Executive Order 14323; Executive Order 14326,85 FR 54882,hts_note
2025_rev_29,9903.94.42,33,,Executive Order 14345; Executive Order 14323; Executive Order 14326,85 FR 54882,hts_note
2025_rev_29,9903.94.43,33,,Executive Order 14345; Executive Order 14323; Executive Order 14326,85 FR 54882,hts_note
2025_rev_29,9903.94.44,33,,Executive Order 14345; Executive Order 14323; Executive Order 14326,85 FR 54882,hts_note
2025_rev_29,9903.94.45,33,,Executive Order 14345; Executive Order 14323; Executive Order 14326,85 FR 54882,hts_note
2025_rev_29,9903.94.50,33,,Executive Order 14345; Executive Order 14323; Executive Order 14326,85 FR 54882,hts_note
2025_rev_29,9903.94.51,33,,Executive Order 14345; Executive Order 14323; Executive Order 14326,85 FR 54882,hts_note
2025_rev_29,9903.94.52,33,,Executive Order 14345; Executive Order 14323; Executive Order 14326,85 FR 54882,hts_note
2025_rev_29,9903.94.53,33,,Executive Order 14345; Executive Order 14323; Executive Order 14326,85 FR 54882,hts_note
2025_rev_29,9903.94.54,33,,Executive Order 14345; Executive Order 14323; Executive Order 14326,85 FR 54882,hts_note
2025_rev_29,9903.94.55,33,,Executive Order 14345; Executive Order 14323; Executive Order 14326,85 FR 54882,hts_note
2025_rev_3,9903.55.01,32,,,85 FR 54882,hts_note
2025_rev_3,9903.85.01,19,Proclamation 10522,,,hts_note
2025_rev_3,9903.85.03,19,Proclamation 10522,,,hts_note
2025_rev_3,9903.85.21,19,Proclamation 10522,,,hts_note
2025_rev_3,9903.85.25,19,Proclamation 10522,,,hts_note
2025_rev_3,9903.85.71,19,Proclamation 10522,,,hts_note
2025_rev_3,9903.85.72,19,Proclamation 10522,,,hts_note
2025_rev_3,9903.88.01,20,,,85 FR 16987,hts_note
2025_rev_3,9903.88.02,20,,,85 FR 16987,hts_note
2025_rev_3,9903.88.03,20,,,85 FR 16987,hts_note
2025_rev_3,9903.88.04,20,,,85 FR 16987,hts_note
2025_rev_3,9903.88.05,20,,,85 FR 16987,hts_note
2025_rev_3,9903.88.06,20,,,85 FR 16987,hts_note
2025_rev_3,9903.88.07,20,,,85 FR 16987,hts_note
2025_rev_3,9903.88.08,20,,,85 FR 16987,hts_note
2025_rev_3,9903.88.09,20,,,85 FR 16987,hts_note
2025_rev_3,9903.88.10,20,,,85 FR 16987,hts_note
2025_rev_3,9903.88.11,20,,,85 FR 16987,hts_note
2025_rev_3,9903.88.12,20,,,85 FR 16987,hts_note
2025_rev_3,9903.88.13,20,,,85 FR 16987,hts_note
2025_rev_3,9903.88.14,20,,,85 FR 16987,hts_note
2025_rev_3,9903.88.15,20,,,85 FR 16987,hts_note
2025_rev_3,9903.88.16,20,,,85 FR 16987,hts_note
2025_rev_3,9903.88.17,20,,,85 FR 16987,hts_note
2025_rev_3,9903.88.18,20,,,85 FR 16987,hts_note
2025_rev_3,9903.88.19,20,,,85 FR 16987,hts_note
2025_rev_3,9903.88.20,20,,,85 FR 16987,hts_note
2025_rev_3,9903.88.21,20,,,85 FR 16987,hts_note
2025_rev_3,9903.88.22,20,,,85 FR 16987,hts_note
2025_rev_3,9903.88.23,20,,,85 FR 16987,hts_note
2025_rev_3,9903.88.24,20,,,85 FR 16987,hts_note
2025_rev_3,9903.88.25,20,,,85 FR 16987,hts_note
2025_rev_3,9903.88.26,20,,,85 FR 16987,hts_note
2025_rev_3,9903.88.27,20,,,85 FR 16987,hts_note
2025_rev_3,9903.88.28,20,,,85 FR 16987,hts_note
2025_rev_3,9903.88.33,20,,,85 FR 16987,hts_note
2025_rev_3,9903.88.34,20,,,85 FR 16987,hts_note
2025_rev_3,9903.88.35,20,,,85 FR 16987,hts_note
2025_rev_3,9903.88.36,20,,,85 FR 16987,hts_note
2025_rev_3,9903.88.37,20,,,85 FR 16987,hts_note
2025_rev_3,9903.88.38,20,,,85 FR 16987,hts_note
2025_rev_3,9903.88.39,20,,,85 FR 16987,hts_note
2025_rev_3,9903.88.40,20,,,85 FR 16987,hts_note
2025_rev_3,9903.88.41,20,,,85 FR 16987,hts_note
2025_rev_3,9903.88.42,20,,,85 FR 16987,hts_note
2025_rev_3,9903.88.43,20,,,85 FR 16987,hts_note
2025_rev_3,9903.88.44,20,,,85 FR 16987,hts_note
2025_rev_3,9903.88.45,20,,,85 FR 16987,hts_note
2025_rev_3,9903.88.46,20,,,85 FR 16987,hts_note
2025_rev_3,9903.88.47,20,,,85 FR 16987,hts_note
2025_rev_3,9903.88.48,20,,,85 FR 16987,hts_note
2025_rev_3,9903.88.49,20,,,85 FR 16987,hts_note
2025_rev_3,9903.88.50,20,,,85 FR 16987,hts_note
2025_rev_3,9903.88.51,20,,,85 FR 16987,hts_note
2025_rev_3,9903.88.52,20,,,85 FR 16987,hts_note
2025_rev_3,9903.88.53,20,,,85 FR 16987,hts_note
2025_rev_3,9903.88.54,20,,,85 FR 16987,hts_note
2025_rev_3,9903.88.55,20,,,85 FR 16987,hts_note
2025_rev_3,9903.88.56,20,,,85 FR 16987,hts_note
2025_rev_3,9903.88.57,20,,,85 FR 16987,hts_note
2025_rev_3,9903.88.58,20,,,85 FR 16987,hts_note
2025_rev_3,9903.88.59,20,,,85 FR 16987,hts_note
2025_rev_3,9903.88.60,20,,,85 FR 16987,hts_note
2025_rev_3,9903.88.61,20,,,85 FR 16987,hts_note
2025_rev_3,9903.88.62,20,,,85 FR 16987,hts_note
2025_rev_3,9903.88.63,20,,,85 FR 16987,hts_note
2025_rev_3,9903.88.64,20,,,85 FR 16987,hts_note
2025_rev_3,9903.88.65,20,,,85 FR 16987,hts_note
2025_rev_3,9903.88.66,20,,,85 FR 16987,hts_note
2025_rev_3,9903.88.67,20,,,85 FR 16987,hts_note
2025_rev_3,9903.88.68,20,,,85 FR 16987,hts_note
2025_rev_3,9903.88.69,20,,,85 FR 16987,hts_note
2025_rev_3,9903.88.70,20,,,85 FR 16987,hts_note
2025_rev_3,9903.89.05,21,Proclamation 9223,,,hts_note
2025_rev_3,9903.89.10,21,Proclamation 9223,,,hts_note
2025_rev_3,9903.89.13,21,Proclamation 9223,,,hts_note
2025_rev_3,9903.89.16,21,Proclamation 9223,,,hts_note
2025_rev_3,9903.89.19,21,Proclamation 9223,,,hts_note
2025_rev_3,9903.89.22,21,Proclamation 9223,,,hts_note
2025_rev_3,9903.89.25,21,Proclamation 9223,,,hts_note
2025_rev_3,9903.89.28,21,Proclamation 9223,,,hts_note
2025_rev_3,9903.89.31,21,Proclamation 9223,,,hts_note
2025_rev_3,9903.89.34,21,Proclamation 9223,,,hts_note
2025_rev_3,9903.89.37,21,Proclamation 9223,,,hts_note
2025_rev_3,9903.89.40,21,Proclamation 9223,,,hts_note
2025_rev_3,9903.89.43,21,Proclamation 9223,,,hts_note
2025_rev_3,9903.89.46,21,Proclamation 9223,,,hts_note
2025_rev_3,9903.89.49,21,Proclamation 9223,,,hts_note
2025_rev_3,9903.89.52,21,Proclamation 9223,,,hts_note
2025_rev_3,9903.89.55,21,Proclamation 9223,,,hts_note
2025_rev_3,9903.89.57,21,Proclamation 9223,,,hts_note
2025_rev_3,9903.89.61,21,Proclamation 9223,,,hts_note
2025_rev_30,9903.85.01,19,Proclamation 10522,,,hts_note
2025_rev_30,9903.85.03,19,Proclamation 10522,,,hts_note
2025_rev_30,9903.85.21,19,Proclamation 10522,,,hts_note
2025_rev_30,9903.85.25,19,Proclamation 10522,,,hts_note
2025_rev_30,9903.85.71,19,Proclamation 10522,,,hts_note
2025_rev_30,9903.85.72,19,Proclamation 10522,,,hts_note
2025_rev_30,9903.88.01,20,,,85 FR 16987,hts_note
2025_rev_30,9903.88.02,20,,,85 FR 16987,hts_note
2025_rev_30,9903.88.03,20,,,85 FR 16987,hts_note
2025_rev_30,9903.88.04,20,,,85 FR 16987,hts_note
2025_rev_30,9903.88.05,20,,,85 FR 16987,hts_note
2025_rev_30,9903.88.06,20,,,85 FR 16987,hts_note
2025_rev_30,9903.88.07,20,,,85 FR 16987,hts_note
2025_rev_30,9903.88.08,20,,,85 FR 16987,hts_note
2025_rev_30,9903.88.09,20,,,85 FR 16987,hts_note
2025_rev_30,9903.88.10,20,,,85 FR 16987,hts_note
2025_rev_30,9903.88.11,20,,,85 FR 16987,hts_note
2025_rev_30,9903.88.12,20,,,85 FR 16987,hts_note
2025_rev_30,9903.88.13,20,,,85 FR 16987,hts_note
2025_rev_30,9903.88.14,20,,,85 FR 16987,hts_note
2025_rev_30,9903.88.15,20,,,85 FR 16987,hts_note
2025_rev_30,9903.88.16,20,,,85 FR 16987,hts_note
2025_rev_30,9903.88.17,20,,,85 FR 16987,hts_note
2025_rev_30,9903.88.18,20,,,85 FR 16987,hts_note
2025_rev_30,9903.88.19,20,,,85 FR 16987,hts_note
2025_rev_30,9903.88.20,20,,,85 FR 16987,hts_note
2025_rev_30,9903.88.21,20,,,85 FR 16987,hts_note
2025_rev_30,9903.88.22,20,,,85 FR 16987,hts_note
2025_rev_30,9903.88.23,20,,,85 FR 16987,hts_note
2025_rev_30,9903.88.24,20,,,85 FR 16987,hts_note
2025_rev_30,9903.88.25,20,,,85 FR 16987,hts_note
2025_rev_30,9903.88.26,20,,,85 FR 16987,hts_note
2025_rev_30,9903.88.27,20,,,85 FR 16987,hts_note
2025_rev_30,9903.88.28,20,,,85 FR 16987,hts_note
2025_rev_30,9903.88.33,20,,,85 FR 16987,hts_note
2025_rev_30,9903.88.34,20,,,85 FR 16987,hts_note
2025_rev_30,9903.88.35,20,,,85 FR 16987,hts_note
2025_rev_30,9903.88.36,20,,,85 FR 16987,hts_note
2025_rev_30,9903.88.37,20,,,85 FR 16987,hts_note
2025_rev_30,9903.88.38,20,,,85 FR 16987,hts_note
2025_rev_30,9903.88.39,20,,,85 FR 16987,hts_note
2025_rev_30,9903.88.40,20,,,85 FR 16987,hts_note
2025_rev_30,9903.88.41,20,,,85 FR 16987,hts_note
2025_rev_30,9903.88.42,20,,,85 FR 16987,hts_note
2025_rev_30,9903.88.43,20,,,85 FR 16987,hts_note
2025_rev_30,9903.88.44,20,,,85 FR 16987,hts_note
2025_rev_30,9903.88.45,20,,,85 FR 16987,hts_note
2025_rev_30,9903.88.46,20,,,85 FR 16987,hts_note
2025_rev_30,9903.88.47,20,,,85 FR 16987,hts_note
2025_rev_30,9903.88.48,20,,,85 FR 16987,hts_note
2025_rev_30,9903.88.49,20,,,85 FR 16987,hts_note
2025_rev_30,9903.88.50,20,,,85 FR 16987,hts_note
2025_rev_30,9903.88.51,20,,,85 FR 16987,hts_note
2025_rev_30,9903.88.52,20,,,85 FR 16987,hts_note
2025_rev_30,9903.88.53,20,,,85 FR 16987,hts_note
2025_rev_30,9903.88.54,20,,,85 FR 16987,hts_note
2025_rev_30,9903.88.55,20,,,85 FR 16987,hts_note
2025_rev_30,9903.88.56,20,,,85 FR 16987,hts_note
2025_rev_30,9903.88.57,20,,,85 FR 16987,hts_note
2025_rev_30,9903.88.58,20,,,85 FR 16987,hts_note
2025_rev_30,9903.88.59,20,,,85 FR 16987,hts_note
2025_rev_30,9903.88.60,20,,,85 FR 16987,hts_note
2025_rev_30,9903.88.61,20,,,85 FR 16987,hts_note
2025_rev_30,9903.88.62,20,,,85 FR 16987,hts_note
2025_rev_30,9903.88.63,20,,,85 FR 16987,hts_note
2025_rev_30,9903.88.64,20,,,85 FR 16987,hts_note
2025_rev_30,9903.88.65,20,,,85 FR 16987,hts_note
2025_rev_30,9903.88.66,20,,,85 FR 16987,hts_note
2025_rev_30,9903.88.67,20,,,85 FR 16987,hts_note
2025_rev_30,9903.88.68,20,,,85 FR 16987,hts_note
2025_rev_30,9903.88.69,20,,,85 FR 16987,hts_note
2025_rev_30,9903.88.70,20,,,85 FR 16987,hts_note
2025_rev_30,9903.89.05,21,Proclamation 9223,,,hts_note
2025_rev_30,9903.89.10,21,Proclamation 9223,,,hts_note
2025_rev_30,9903.89.13,21,Proclamation 9223,,,hts_note
2025_rev_30,9903.89.16,21,Proclamation 9223,,,hts_note
2025_rev_30,9903.89.19,21,Proclamation 9223,,,hts_note
2025_rev_30,9903.89.22,21,Proclamation 9223,,,hts_note
2025_rev_30,9903.89.25,21,Proclamation 9223,,,hts_note
2025_rev_30,9903.89.28,21,Proclamation 9223,,,hts_note
2025_rev_30,9903.89.31,21,Proclamation 9223,,,hts_note
2025_rev_30,9903.89.34,21,Proclamation 9223,,,hts_note
2025_rev_30,9903.89.37,21,Proclamation 9223,,,hts_note
2025_rev_30,9903.89.40,21,Proclamation 9223,,,hts_note
2025_rev_30,9903.89.43,21,Proclamation 9223,,,hts_note
2025_rev_30,9903.89.46,21,Proclamation 9223,,,hts_note
2025_rev_30,9903.89.49,21,Proclamation 9223,,,hts_note
2025_rev_30,9903.89.52,21,Proclamation 9223,,,hts_note
2025_rev_30,9903.89.55,21,Proclamation 9223,,,hts_note
2025_rev_30,9903.89.57,21,Proclamation 9223,,,hts_note
2025_rev_30,9903.89.61,21,Proclamation 9223,,,hts_note
2025_rev_30,9903.94.01,33,Proclamation 10925,Executive Order 14345; Executive Order 14323; Executive Order 14326,90 FR 18899; 85 FR 54882,hts_note
2025_rev_30,9903.94.02,33,Proclamation 10925,Executive Order 14345; Executive Order 14323; Executive Order 14326,90 FR 18899; 85 FR 54882,hts_note
2025_rev_30,9903.94.03,33,Proclamation 10925,Executive Order 14345; Executive Order 14323; Executive Order 14326,90 FR 18899; 85 FR 54882,hts_note
2025_rev_30,9903.94.04,33,Proclamation 10925,Executive Order 14345; Executive Order 14323; Executive Order 14326,90 FR 18899; 85 FR 54882,hts_note
2025_rev_30,9903.94.05,33,Proclamation 10925,Executive Order 14345; Executive Order 14323; Executive Order 14326,90 FR 18899; 85 FR 54882,hts_note
2025_rev_30,9903.94.06,33,Proclamation 10925,Executive Order 14345; Executive Order 14323; Executive Order 14326,90 FR 18899; 85 FR 54882,hts_note
2025_rev_30,9903.94.07,33,Proclamation 10925,Executive Order 14345; Executive Order 14323; Executive Order 14326,90 FR 18899; 85 FR 54882,hts_note
2025_rev_30,9903.94.31,33,Proclamation 10925,Executive Order 14345; Executive Order 14323; Executive Order 14326,90 FR 18899; 85 FR 54882,hts_note
2025_rev_30,9903.94.32,33,Proclamation 10925,Executive Order 14345; Executive Order 14323; Executive Order 14326,90 FR 18899; 85 FR 54882,hts_note
2025_rev_30,9903.94.33,33,Proclamation 10925,Executive Order 14345; Executive Order 14323; Executive Order 14326,90 FR 18899; 85 FR 54882,hts_note
2025_rev_30,9903.94.40,33,Proclamation 10925,Executive Order 14345; Executive Order 14323; Executive Order 14326,90 FR 18899; 85 FR 54882,hts_note
2025_rev_30,9903.94.41,33,Proclamation 10925,Executive Order 14345; Executive Order 14323; Executive Order 14326,90 FR 18899; 85 FR 54882,hts_note
2025_rev_30,9903.94.42,33,Proclamation 10925,Executive Order 14345; Executive Order 14323; Executive Order 14326,90 FR 18899; 85 FR 54882,hts_note
2025_rev_30,9903.94.43,33,Proclamation 10925,Executive Order 14345; Executive Order 14323; Executive Order 14326,90 FR 18899; 85 FR 54882,hts_note
2025_rev_30,9903.94.44,33,Proclamation 10925,Executive Order 14345; Executive Order 14323; Executive Order 14326,90 FR 18899; 85 FR 54882,hts_note
2025_rev_30,9903.94.45,33,Proclamation 10925,Executive Order 14345; Executive Order 14323; Executive Order 14326,90 FR 18899; 85 FR 54882,hts_note
2025_rev_30,9903.94.50,33,Proclamation 10925,Executive Order 14345; Executive Order 14323; Executive Order 14326,90 FR 18899; 85 FR 54882,hts_note
2025_rev_30,9903.94.51,33,Proclamation 10925,Executive Order 14345; Executive Order 14323; Executive Order 14326,90 FR 18899; 85 FR 54882,hts_note
2025_rev_30,9903.94.52,33,Proclamation 10925,Executive Order 14345; Executive Order 14323; Executive Order 14326,90 FR 18899; 85 FR 54882,hts_note
2025_rev_30,9903.94.53,33,Proclamation 10925,Executive Order 14345; Executive Order 14323; Executive Order 14326,90 FR 18899; 85 FR 54882,hts_note
2025_rev_30,9903.94.54,33,Proclamation 10925,Executive Order 14345; Executive Order 14323; Executive Order 14326,90 FR 18899; 85 FR 54882,hts_note
2025_rev_30,9903.94.55,33,Proclamation 10925,Executive Order 14345; Executive Order 14323; Executive Order 14326,90 FR 18899; 85 FR 54882,hts_note
2025_rev_31,9903.85.01,19,Proclamation 10522,,,hts_note
2025_rev_31,9903.85.03,19,Proclamation 10522,,,hts_note
2025_rev_31,9903.85.21,19,Proclamation 10522,,,hts_note
2025_rev_31,9903.85.25,19,Proclamation 10522,,,hts_note
2025_rev_31,9903.85.71,19,Proclamation 10522,,,hts_note
2025_rev_31,9903.85.72,19,Proclamation 10522,,,hts_note
2025_rev_31,9903.88.01,20,,,85 FR 16987,hts_note
2025_rev_31,9903.88.02,20,,,85 FR 16987,hts_note
2025_rev_31,9903.88.03,20,,,85 FR 16987,hts_note
2025_rev_31,9903.88.04,20,,,85 FR 16987,hts_note
2025_rev_31,9903.88.05,20,,,85 FR 16987,hts_note
2025_rev_31,9903.88.06,20,,,85 FR 16987,hts_note
2025_rev_31,9903.88.07,20,,,85 FR 16987,hts_note
2025_rev_31,9903.88.08,20,,,85 FR 16987,hts_note
2025_rev_31,9903.88.09,20,,,85 FR 16987,hts_note
2025_rev_31,9903.88.10,20,,,85 FR 16987,hts_note
2025_rev_31,9903.88.11,20,,,85 FR 16987,hts_note
2025_rev_31,9903.88.12,20,,,85 FR 16987,hts_note
2025_rev_31,9903.88.13,20,,,85 FR 16987,hts_note
2025_rev_31,9903.88.14,20,,,85 FR 16987,hts_note
2025_rev_31,9903.88.15,20,,,85 FR 16987,hts_note
2025_rev_31,9903.88.16,20,,,85 FR 16987,hts_note
2025_rev_31,9903.88.17,20,,,85 FR 16987,hts_note
2025_rev_31,9903.88.18,20,,,85 FR 16987,hts_note
2025_rev_31,9903.88.19,20,,,85 FR 16987,hts_note
2025_rev_31,9903.88.20,20,,,85 FR 16987,hts_note
2025_rev_31,9903.88.21,20,,,85 FR 16987,hts_note
2025_rev_31,9903.88.22,20,,,85 FR 16987,hts_note
2025_rev_31,9903.88.23,20,,,85 FR 16987,hts_note
2025_rev_31,9903.88.24,20,,,85 FR 16987,hts_note
2025_rev_31,9903.88.25,20,,,85 FR 16987,hts_note
2025_rev_31,9903.88.26,20,,,85 FR 16987,hts_note
2025_rev_31,9903.88.27,20,,,85 FR 16987,hts_note
2025_rev_31,9903.88.28,20,,,85 FR 16987,hts_note
2025_rev_31,9903.88.33,20,,,85 FR 16987,hts_note
2025_rev_31,9903.88.34,20,,,85 FR 16987,hts_note
2025_rev_31,9903.88.35,20,,,85 FR 16987,hts_note
2025_rev_31,9903.88.36,20,,,85 FR 16987,hts_note
2025_rev_31,9903.88.37,20,,,85 FR 16987,hts_note
2025_rev_31,9903.88.38,20,,,85 FR 16987,hts_note
2025_rev_31,9903.88.39,20,,,85 FR 16987,hts_note
2025_rev_31,9903.88.40,20,,,85 FR 16987,hts_note
2025_rev_31,9903.88.41,20,,,85 FR 16987,hts_note
2025_rev_31,9903.88.42,20,,,85 FR 16987,hts_note
2025_rev_31,9903.88.43,20,,,85 FR 16987,hts_note
2025_rev_31,9903.88.44,20,,,85 FR 16987,hts_note
2025_rev_31,9903.88.45,20,,,85 FR 16987,hts_note
2025_rev_31,9903.88.46,20,,,85 FR 16987,hts_note
2025_rev_31,9903.88.47,20,,,85 FR 16987,hts_note
2025_rev_31,9903.88.48,20,,,85 FR 16987,hts_note
2025_rev_31,9903.88.49,20,,,85 FR 16987,hts_note
2025_rev_31,9903.88.50,20,,,85 FR 16987,hts_note
2025_rev_31,9903.88.51,20,,,85 FR 16987,hts_note
2025_rev_31,9903.88.52,20,,,85 FR 16987,hts_note
2025_rev_31,9903.88.53,20,,,85 FR 16987,hts_note
2025_rev_31,9903.88.54,20,,,85 FR 16987,hts_note
2025_rev_31,9903.88.55,20,,,85 FR 16987,hts_note
2025_rev_31,9903.88.56,20,,,85 FR 16987,hts_note
2025_rev_31,9903.88.57,20,,,85 FR 16987,hts_note
2025_rev_31,9903.88.58,20,,,85 FR 16987,hts_note
2025_rev_31,9903.88.59,20,,,85 FR 16987,hts_note
2025_rev_31,9903.88.60,20,,,85 FR 16987,hts_note
2025_rev_31,9903.88.61,20,,,85 FR 16987,hts_note
2025_rev_31,9903.88.62,20,,,85 FR 16987,hts_note
2025_rev_31,9903.88.63,20,,,85 FR 16987,hts_note
2025_rev_31,9903.88.64,20,,,85 FR 16987,hts_note
2025_rev_31,9903.88.65,20,,,85 FR 16987,hts_note
2025_rev_31,9903.88.66,20,,,85 FR 16987,hts_note
2025_rev_31,9903.88.67,20,,,85 FR 16987,hts_note
2025_rev_31,9903.88.68,20,,,85 FR 16987,hts_note
2025_rev_31,9903.88.69,20,,,85 FR 16987,hts_note
2025_rev_31,9903.88.70,20,,,85 FR 16987,hts_note
2025_rev_31,9903.89.05,21,Proclamation 9223,,,hts_note
2025_rev_31,9903.89.10,21,Proclamation 9223,,,hts_note
2025_rev_31,9903.89.13,21,Proclamation 9223,,,hts_note
2025_rev_31,9903.89.16,21,Proclamation 9223,,,hts_note
2025_rev_31,9903.89.19,21,Proclamation 9223,,,hts_note
2025_rev_31,9903.89.22,21,Proclamation 9223,,,hts_note
2025_rev_31,9903.89.25,21,Proclamation 9223,,,hts_note
2025_rev_31,9903.89.28,21,Proclamation 9223,,,hts_note
2025_rev_31,9903.89.31,21,Proclamation 9223,,,hts_note
2025_rev_31,9903.89.34,21,Proclamation 9223,,,hts_note
2025_rev_31,9903.89.37,21,Proclamation 9223,,,hts_note
2025_rev_31,9903.89.40,21,Proclamation 9223,,,hts_note
2025_rev_31,9903.89.43,21,Proclamation 9223,,,hts_note
2025_rev_31,9903.89.46,21,Proclamation 9223,,,hts_note
2025_rev_31,9903.89.49,21,Proclamation 9223,,,hts_note
2025_rev_31,9903.89.52,21,Proclamation 9223,,,hts_note
2025_rev_31,9903.89.55,21,Proclamation 9223,,,hts_note
2025_rev_31,9903.89.57,21,Proclamation 9223,,,hts_note
2025_rev_31,9903.89.61,21,Proclamation 9223,,,hts_note
2025_rev_31,9903.94.01,33,Proclamation 10925,Executive Order 14345; Executive Order 14323; Executive Order 14326,90 FR 18899; 85 FR 54882,hts_note
2025_rev_31,9903.94.02,33,Proclamation 10925,Executive Order 14345; Executive Order 14323; Executive Order 14326,90 FR 18899; 85 FR 54882,hts_note
2025_rev_31,9903.94.03,33,Proclamation 10925,Executive Order 14345; Executive Order 14323; Executive Order 14326,90 FR 18899; 85 FR 54882,hts_note
2025_rev_31,9903.94.04,33,Proclamation 10925,Executive Order 14345; Executive Order 14323; Executive Order 14326,90 FR 18899; 85 FR 54882,hts_note
2025_rev_31,9903.94.05,33,Proclamation 10925,Executive Order 14345; Executive Order 14323; Executive Order 14326,90 FR 18899; 85 FR 54882,hts_note
2025_rev_31,9903.94.06,33,Proclamation 10925,Executive Order 14345; Executive Order 14323; Executive Order 14326,90 FR 18899; 85 FR 54882,hts_note
2025_rev_31,9903.94.07,33,Proclamation 10925,Executive Order 14345; Executive Order 14323; Executive Order 14326,90 FR 18899; 85 FR 54882,hts_note
2025_rev_31,9903.94.31,33,Proclamation 10925,Executive Order 14345; Executive Order 14323; Executive Order 14326,90 FR 18899; 85 FR 54882,hts_note
2025_rev_31,9903.94.32,33,Proclamation 10925,Executive Order 14345; Executive Order 14323; Executive Order 14326,90 FR 18899; 85 FR 54882,hts_note
2025_rev_31,9903.94.33,33,Proclamation 10925,Executive Order 14345; Executive Order 14323; Executive Order 14326,90 FR 18899; 85 FR 54882,hts_note
2025_rev_31,9903.94.40,33,Proclamation 10925,Executive Order 14345; Executive Order 14323; Executive Order 14326,90 FR 18899; 85 FR 54882,hts_note
2025_rev_31,9903.94.41,33,Proclamation 10925,Executive Order 14345; Executive Order 14323; Executive Order 14326,90 FR 18899; 85 FR 54882,hts_note
2025_rev_31,9903.94.42,33,Proclamation 10925,Executive Order 14345; Executive Order 14323; Executive Order 14326,90 FR 18899; 85 FR 54882,hts_note
2025_rev_31,9903.94.43,33,Proclamation 10925,Executive Order 14345; Executive Order 14323; Executive Order 14326,90 FR 18899; 85 FR 54882,hts_note
2025_rev_31,9903.94.44,33,Proclamation 10925,Executive Order 14345; Executive Order 14323; Executive Order 14326,90 FR 18899; 85 FR 54882,hts_note
2025_rev_31,9903.94.45,33,Proclamation 10925,Executive Order 14345; Executive Order 14323; Executive Order 14326,90 FR 18899; 85 FR 54882,hts_note
2025_rev_31,9903.94.50,33,Proclamation 10925,Executive Order 14345; Executive Order 14323; Executive Order 14326,90 FR 18899; 85 FR 54882,hts_note
2025_rev_31,9903.94.51,33,Proclamation 10925,Executive Order 14345; Executive Order 14323; Executive Order 14326,90 FR 18899; 85 FR 54882,hts_note
2025_rev_31,9903.94.52,33,Proclamation 10925,Executive Order 14345; Executive Order 14323; Executive Order 14326,90 FR 18899; 85 FR 54882,hts_note
2025_rev_31,9903.94.53,33,Proclamation 10925,Executive Order 14345; Executive Order 14323; Executive Order 14326,90 FR 18899; 85 FR 54882,hts_note
2025_rev_31,9903.94.54,33,Proclamation 10925,Executive Order 14345; Executive Order 14323; Executive Order 14326,90 FR 18899; 85 FR 54882,hts_note
2025_rev_31,9903.94.55,33,Proclamation 10925,Executive Order 14345; Executive Order 14323; Executive Order 14326,90 FR 18899; 85 FR 54882,hts_note
2025_rev_32,9903.85.01,19,Proclamation 10522,,,hts_note
2025_rev_32,9903.85.03,19,Proclamation 10522,,,hts_note
2025_rev_32,9903.85.21,19,Proclamation 10522,,,hts_note
2025_rev_32,9903.85.25,19,Proclamation 10522,,,hts_note
2025_rev_32,9903.85.71,19,Proclamation 10522,,,hts_note
2025_rev_32,9903.85.72,19,Proclamation 10522,,,hts_note
2025_rev_32,9903.88.01,20,,,85 FR 16987,hts_note
2025_rev_32,9903.88.02,20,,,85 FR 16987,hts_note
2025_rev_32,9903.88.03,20,,,85 FR 16987,hts_note
2025_rev_32,9903.88.04,20,,,85 FR 16987,hts_note
2025_rev_32,9903.88.05,20,,,85 FR 16987,hts_note
2025_rev_32,9903.88.06,20,,,85 FR 16987,hts_note
2025_rev_32,9903.88.07,20,,,85 FR 16987,hts_note
2025_rev_32,9903.88.08,20,,,85 FR 16987,hts_note
2025_rev_32,9903.88.09,20,,,85 FR 16987,hts_note
2025_rev_32,9903.88.10,20,,,85 FR 16987,hts_note
2025_rev_32,9903.88.11,20,,,85 FR 16987,hts_note
2025_rev_32,9903.88.12,20,,,85 FR 16987,hts_note
2025_rev_32,9903.88.13,20,,,85 FR 16987,hts_note
2025_rev_32,9903.88.14,20,,,85 FR 16987,hts_note
2025_rev_32,9903.88.15,20,,,85 FR 16987,hts_note
2025_rev_32,9903.88.16,20,,,85 FR 16987,hts_note
2025_rev_32,9903.88.17,20,,,85 FR 16987,hts_note
2025_rev_32,9903.88.18,20,,,85 FR 16987,hts_note
2025_rev_32,9903.88.19,20,,,85 FR 16987,hts_note
2025_rev_32,9903.88.20,20,,,85 FR 16987,hts_note
2025_rev_32,9903.88.21,20,,,85 FR 16987,hts_note
2025_rev_32,9903.88.22,20,,,85 FR 16987,hts_note
2025_rev_32,9903.88.23,20,,,85 FR 16987,hts_note
2025_rev_32,9903.88.24,20,,,85 FR 16987,hts_note
2025_rev_32,9903.88.25,20,,,85 FR 16987,hts_note
2025_rev_32,9903.88.26,20,,,85 FR 16987,hts_note
2025_rev_32,9903.88.27,20,,,85 FR 16987,hts_note
2025_rev_32,9903.88.28,20,,,85 FR 16987,hts_note
2025_rev_32,9903.88.33,20,,,85 FR 16987,hts_note
2025_rev_32,9903.88.34,20,,,85 FR 16987,hts_note
2025_rev_32,9903.88.35,20,,,85 FR 16987,hts_note
2025_rev_32,9903.88.36,20,,,85 FR 16987,hts_note
2025_rev_32,9903.88.37,20,,,85 FR 16987,hts_note
2025_rev_32,9903.88.38,20,,,85 FR 16987,hts_note
2025_rev_32,9903.88.39,20,,,85 FR 16987,hts_note
2025_rev_32,9903.88.40,20,,,85 FR 16987,hts_note
2025_rev_32,9903.88.41,20,,,85 FR 16987,hts_note
2025_rev_32,9903.88.42,20,,,85 FR 16987,hts_note
2025_rev_32,9903.88.43,20,,,85 FR 16987,hts_note
2025_rev_32,9903.88.44,20,,,85 FR 16987,hts_note
2025_rev_32,9903.88.45,20,,,85 FR 16987,hts_note
2025_rev_32,9903.88.46,20,,,85 FR 16987,hts_note
2025_rev_32,9903.88.47,20,,,85 FR 16987,hts_note
2025_rev_32,9903.88.48,20,,,85 FR 16987,hts_note
2025_rev_32,9903.88.49,20,,,85 FR 16987,hts_note
2025_rev_32,9903.88.50,20,,,85 FR 16987,hts_note
2025_rev_32,9903.88.51,20,,,85 FR 16987,hts_note
2025_rev_32,9903.88.52,20,,,85 FR 16987,hts_note
2025_rev_32,9903.88.53,20,,,85 FR 16987,hts_note
2025_rev_32,9903.88.54,20,,,85 FR 16987,hts_note
2025_rev_32,9903.88.55,20,,,85 FR 16987,hts_note
2025_rev_32,9903.88.56,20,,,85 FR 16987,hts_note
2025_rev_32,9903.88.57,20,,,85 FR 16987,hts_note
2025_rev_32,9903.88.58,20,,,85 FR 16987,hts_note
2025_rev_32,9903.88.59,20,,,85 FR 16987,hts_note
2025_rev_32,9903.88.60,20,,,85 FR 16987,hts_note
2025_rev_32,9903.88.61,20,,,85 FR 16987,hts_note
2025_rev_32,9903.88.62,20,,,85 FR 16987,hts_note
2025_rev_32,9903.88.63,20,,,85 FR 16987,hts_note
2025_rev_32,9903.88.64,20,,,85 FR 16987,hts_note
2025_rev_32,9903.88.65,20,,,85 FR 16987,hts_note
2025_rev_32,9903.88.66,20,,,85 FR 16987,hts_note
2025_rev_32,9903.88.67,20,,,85 FR 16987,hts_note
2025_rev_32,9903.88.68,20,,,85 FR 16987,hts_note
2025_rev_32,9903.88.69,20,,,85 FR 16987,hts_note
2025_rev_32,9903.88.70,20,,,85 FR 16987,hts_note
2025_rev_32,9903.89.05,21,Proclamation 9223,,,hts_note
2025_rev_32,9903.89.10,21,Proclamation 9223,,,hts_note
2025_rev_32,9903.89.13,21,Proclamation 9223,,,hts_note
2025_rev_32,9903.89.16,21,Proclamation 9223,,,hts_note
2025_rev_32,9903.89.19,21,Proclamation 9223,,,hts_note
2025_rev_32,9903.89.22,21,Proclamation 9223,,,hts_note
2025_rev_32,9903.89.25,21,Proclamation 9223,,,hts_note
2025_rev_32,9903.89.28,21,Proclamation 9223,,,hts_note
2025_rev_32,9903.89.31,21,Proclamation 9223,,,hts_note
2025_rev_32,9903.89.34,21,Proclamation 9223,,,hts_note
2025_rev_32,9903.89.37,21,Proclamation 9223,,,hts_note
2025_rev_32,9903.89.40,21,Proclamation 9223,,,hts_note
2025_rev_32,9903.89.43,21,Proclamation 9223,,,hts_note
2025_rev_32,9903.89.46,21,Proclamation 9223,,,hts_note
2025_rev_32,9903.89.49,21,Proclamation 9223,,,hts_note
2025_rev_32,9903.89.52,21,Proclamation 9223,,,hts_note
2025_rev_32,9903.89.55,21,Proclamation 9223,,,hts_note
2025_rev_32,9903.89.57,21,Proclamation 9223,,,hts_note
2025_rev_32,9903.89.61,21,Proclamation 9223,,,hts_note
2025_rev_32,9903.94.01,33,Proclamation 10925,Executive Order 14345; Executive Order 14323; Executive Order 14326,90 FR 18899; 85 FR 54882,hts_note
2025_rev_32,9903.94.02,33,Proclamation 10925,Executive Order 14345; Executive Order 14323; Executive Order 14326,90 FR 18899; 85 FR 54882,hts_note
2025_rev_32,9903.94.03,33,Proclamation 10925,Executive Order 14345; Executive Order 14323; Executive Order 14326,90 FR 18899; 85 FR 54882,hts_note
2025_rev_32,9903.94.04,33,Proclamation 10925,Executive Order 14345; Executive Order 14323; Executive Order 14326,90 FR 18899; 85 FR 54882,hts_note
2025_rev_32,9903.94.05,33,Proclamation 10925,Executive Order 14345; Executive Order 14323; Executive Order 14326,90 FR 18899; 85 FR 54882,hts_note
2025_rev_32,9903.94.06,33,Proclamation 10925,Executive Order 14345; Executive Order 14323; Executive Order 14326,90 FR 18899; 85 FR 54882,hts_note
2025_rev_32,9903.94.07,33,Proclamation 10925,Executive Order 14345; Executive Order 14323; Executive Order 14326,90 FR 18899; 85 FR 54882,hts_note
2025_rev_32,9903.94.31,33,Proclamation 10925,Executive Order 14345; Executive Order 14323; Executive Order 14326,90 FR 18899; 85 FR 54882,hts_note
2025_rev_32,9903.94.32,33,Proclamation 10925,Executive Order 14345; Executive Order 14323; Executive Order 14326,90 FR 18899; 85 FR 54882,hts_note
2025_rev_32,9903.94.33,33,Proclamation 10925,Executive Order 14345; Executive Order 14323; Executive Order 14326,90 FR 18899; 85 FR 54882,hts_note
2025_rev_32,9903.94.40,33,Proclamation 10925,Executive Order 14345; Executive Order 14323; Executive Order 14326,90 FR 18899; 85 FR 54882,hts_note
2025_rev_32,9903.94.41,33,Proclamation 10925,Executive Order 14345; Executive Order 14323; Executive Order 14326,90 FR 18899; 85 FR 54882,hts_note
2025_rev_32,9903.94.42,33,Proclamation 10925,Executive Order 14345; Executive Order 14323; Executive Order 14326,90 FR 18899; 85 FR 54882,hts_note
2025_rev_32,9903.94.43,33,Proclamation 10925,Executive Order 14345; Executive Order 14323; Executive Order 14326,90 FR 18899; 85 FR 54882,hts_note
2025_rev_32,9903.94.44,33,Proclamation 10925,Executive Order 14345; Executive Order 14323; Executive Order 14326,90 FR 18899; 85 FR 54882,hts_note
2025_rev_32,9903.94.45,33,Proclamation 10925,Executive Order 14345; Executive Order 14323; Executive Order 14326,90 FR 18899; 85 FR 54882,hts_note
2025_rev_32,9903.94.50,33,Proclamation 10925,Executive Order 14345; Executive Order 14323; Executive Order 14326,90 FR 18899; 85 FR 54882,hts_note
2025_rev_32,9903.94.51,33,Proclamation 10925,Executive Order 14345; Executive Order 14323; Executive Order 14326,90 FR 18899; 85 FR 54882,hts_note
2025_rev_32,9903.94.52,33,Proclamation 10925,Executive Order 14345; Executive Order 14323; Executive Order 14326,90 FR 18899; 85 FR 54882,hts_note
2025_rev_32,9903.94.53,33,Proclamation 10925,Executive Order 14345; Executive Order 14323; Executive Order 14326,90 FR 18899; 85 FR 54882,hts_note
2025_rev_32,9903.94.54,33,Proclamation 10925,Executive Order 14345; Executive Order 14323; Executive Order 14326,90 FR 18899; 85 FR 54882,hts_note
2025_rev_32,9903.94.55,33,Proclamation 10925,Executive Order 14345; Executive Order 14323; Executive Order 14326,90 FR 18899; 85 FR 54882,hts_note
2025_rev_32,9903.94.60,33,Proclamation 10925,Executive Order 14345; Executive Order 14323; Executive Order 14326,90 FR 18899; 85 FR 54882,hts_note
2025_rev_32,9903.94.61,33,Proclamation 10925,Executive Order 14345; Executive Order 14323; Executive Order 14326,90 FR 18899; 85 FR 54882,hts_note
2025_rev_32,9903.94.62,33,Proclamation 10925,Executive Order 14345; Executive Order 14323; Executive Order 14326,90 FR 18899; 85 FR 54882,hts_note
2025_rev_32,9903.94.63,33,Proclamation 10925,Executive Order 14345; Executive Order 14323; Executive Order 14326,90 FR 18899; 85 FR 54882,hts_note
2025_rev_32,9903.94.64,33,Proclamation 10925,Executive Order 14345; Executive Order 14323; Executive Order 14326,90 FR 18899; 85 FR 54882,hts_note
2025_rev_32,9903.94.65,33,Proclamation 10925,Executive Order 14345; Executive Order 14323; Executive Order 14326,90 FR 18899; 85 FR 54882,hts_note
2025_rev_4,9903.55.01,32,,,85 FR 54882,hts_note
2025_rev_4,9903.85.01,19,Proclamation 10522,,,hts_note
2025_rev_4,9903.85.03,19,Proclamation 10522,,,hts_note
2025_rev_4,9903.85.21,19,Proclamation 10522,,,hts_note
2025_rev_4,9903.85.25,19,Proclamation 10522,,,hts_note
2025_rev_4,9903.85.71,19,Proclamation 10522,,,hts_note
2025_rev_4,9903.85.72,19,Proclamation 10522,,,hts_note
2025_rev_4,9903.88.01,20,,,85 FR 16987,hts_note
2025_rev_4,9903.88.02,20,,,85 FR 16987,hts_note
2025_rev_4,9903.88.03,20,,,85 FR 16987,hts_note
2025_rev_4,9903.88.04,20,,,85 FR 16987,hts_note
2025_rev_4,9903.88.05,20,,,85 FR 16987,hts_note
2025_rev_4,9903.88.06,20,,,85 FR 16987,hts_note
2025_rev_4,9903.88.07,20,,,85 FR 16987,hts_note
2025_rev_4,9903.88.08,20,,,85 FR 16987,hts_note
2025_rev_4,9903.88.09,20,,,85 FR 16987,hts_note
2025_rev_4,9903.88.10,20,,,85 FR 16987,hts_note
2025_rev_4,9903.88.11,20,,,85 FR 16987,hts_note
2025_rev_4,9903.88.12,20,,,85 FR 16987,hts_note
2025_rev_4,9903.88.13,20,,,85 FR 16987,hts_note
2025_rev_4,9903.88.14,20,,,85 FR 16987,hts_note
2025_rev_4,9903.88.15,20,,,85 FR 16987,hts_note
2025_rev_4,9903.88.16,20,,,85 FR 16987,hts_note
2025_rev_4,9903.88.17,20,,,85 FR 16987,hts_note
2025_rev_4,9903.88.18,20,,,85 FR 16987,hts_note
2025_rev_4,9903.88.19,20,,,85 FR 16987,hts_note
2025_rev_4,9903.88.20,20,,,85 FR 16987,hts_note
2025_rev_4,9903.88.21,20,,,85 FR 16987,hts_note
2025_rev_4,9903.88.22,20,,,85 FR 16987,hts_note
2025_rev_4,9903.88.23,20,,,85 FR 16987,hts_note
2025_rev_4,9903.88.24,20,,,85 FR 16987,hts_note
2025_rev_4,9903.88.25,20,,,85 FR 16987,hts_note
2025_rev_4,9903.88.26,20,,,85 FR 16987,hts_note
2025_rev_4,9903.88.27,20,,,85 FR 16987,hts_note
2025_rev_4,9903.88.28,20,,,85 FR 16987,hts_note
2025_rev_4,9903.88.33,20,,,85 FR 16987,hts_note
2025_rev_4,9903.88.34,20,,,85 FR 16987,hts_note
2025_rev_4,9903.88.35,20,,,85 FR 16987,hts_note
2025_rev_4,9903.88.36,20,,,85 FR 16987,hts_note
2025_rev_4,9903.88.37,20,,,85 FR 16987,hts_note
2025_rev_4,9903.88.38,20,,,85 FR 16987,hts_note
2025_rev_4,9903.88.39,20,,,85 FR 16987,hts_note
2025_rev_4,9903.88.40,20,,,85 FR 16987,hts_note
2025_rev_4,9903.88.41,20,,,85 FR 16987,hts_note
2025_rev_4,9903.88.42,20,,,85 FR 16987,hts_note
2025_rev_4,9903.88.43,20,,,85 FR 16987,hts_note
2025_rev_4,9903.88.44,20,,,85 FR 16987,hts_note
2025_rev_4,9903.88.45,20,,,85 FR 16987,hts_note
2025_rev_4,9903.88.46,20,,,85 FR 16987,hts_note
2025_rev_4,9903.88.47,20,,,85 FR 16987,hts_note
2025_rev_4,9903.88.48,20,,,85 FR 16987,hts_note
2025_rev_4,9903.88.49,20,,,85 FR 16987,hts_note
2025_rev_4,9903.88.50,20,,,85 FR 16987,hts_note
2025_rev_4,9903.88.51,20,,,85 FR 16987,hts_note
2025_rev_4,9903.88.52,20,,,85 FR 16987,hts_note
2025_rev_4,9903.88.53,20,,,85 FR 16987,hts_note
2025_rev_4,9903.88.54,20,,,85 FR 16987,hts_note
2025_rev_4,9903.88.55,20,,,85 FR 16987,hts_note
2025_rev_4,9903.88.56,20,,,85 FR 16987,hts_note
2025_rev_4,9903.88.57,20,,,85 FR 16987,hts_note
2025_rev_4,9903.88.58,20,,,85 FR 16987,hts_note
2025_rev_4,9903.88.59,20,,,85 FR 16987,hts_note
2025_rev_4,9903.88.60,20,,,85 FR 16987,hts_note
2025_rev_4,9903.88.61,20,,,85 FR 16987,hts_note
2025_rev_4,9903.88.62,20,,,85 FR 16987,hts_note
2025_rev_4,9903.88.63,20,,,85 FR 16987,hts_note
2025_rev_4,9903.88.64,20,,,85 FR 16987,hts_note
2025_rev_4,9903.88.65,20,,,85 FR 16987,hts_note
2025_rev_4,9903.88.66,20,,,85 FR 16987,hts_note
2025_rev_4,9903.88.67,20,,,85 FR 16987,hts_note
2025_rev_4,9903.88.68,20,,,85 FR 16987,hts_note
2025_rev_4,9903.88.69,20,,,85 FR 16987,hts_note
2025_rev_4,9903.88.70,20,,,85 FR 16987,hts_note
2025_rev_4,9903.89.05,21,Proclamation 9223,,,hts_note
2025_rev_4,9903.89.10,21,Proclamation 9223,,,hts_note
2025_rev_4,9903.89.13,21,Proclamation 9223,,,hts_note
2025_rev_4,9903.89.16,21,Proclamation 9223,,,hts_note
2025_rev_4,9903.89.19,21,Proclamation 9223,,,hts_note
2025_rev_4,9903.89.22,21,Proclamation 9223,,,hts_note
2025_rev_4,9903.89.25,21,Proclamation 9223,,,hts_note
2025_rev_4,9903.89.28,21,Proclamation 9223,,,hts_note
2025_rev_4,9903.89.31,21,Proclamation 9223,,,hts_note
2025_rev_4,9903.89.34,21,Proclamation 9223,,,hts_note
2025_rev_4,9903.89.37,21,Proclamation 9223,,,hts_note
2025_rev_4,9903.89.40,21,Proclamation 9223,,,hts_note
2025_rev_4,9903.89.43,21,Proclamation 9223,,,hts_note
2025_rev_4,9903.89.46,21,Proclamation 9223,,,hts_note
2025_rev_4,9903.89.49,21,Proclamation 9223,,,hts_note
2025_rev_4,9903.89.52,21,Proclamation 9223,,,hts_note
2025_rev_4,9903.89.55,21,Proclamation 9223,,,hts_note
2025_rev_4,9903.89.57,21,Proclamation 9223,,,hts_note
2025_rev_4,9903.89.61,21,Proclamation 9223,,,hts_note
2025_rev_5,9903.55.01,32,,,85 FR 54882,hts_note
2025_rev_5,9903.85.01,19,Proclamation 10522,,,hts_note
2025_rev_5,9903.85.03,19,Proclamation 10522,,,hts_note
2025_rev_5,9903.85.21,19,Proclamation 10522,,,hts_note
2025_rev_5,9903.85.25,19,Proclamation 10522,,,hts_note
2025_rev_5,9903.85.71,19,Proclamation 10522,,,hts_note
2025_rev_5,9903.85.72,19,Proclamation 10522,,,hts_note
2025_rev_5,9903.88.01,20,,,85 FR 16987,hts_note
2025_rev_5,9903.88.02,20,,,85 FR 16987,hts_note
2025_rev_5,9903.88.03,20,,,85 FR 16987,hts_note
2025_rev_5,9903.88.04,20,,,85 FR 16987,hts_note
2025_rev_5,9903.88.05,20,,,85 FR 16987,hts_note
2025_rev_5,9903.88.06,20,,,85 FR 16987,hts_note
2025_rev_5,9903.88.07,20,,,85 FR 16987,hts_note
2025_rev_5,9903.88.08,20,,,85 FR 16987,hts_note
2025_rev_5,9903.88.09,20,,,85 FR 16987,hts_note
2025_rev_5,9903.88.10,20,,,85 FR 16987,hts_note
2025_rev_5,9903.88.11,20,,,85 FR 16987,hts_note
2025_rev_5,9903.88.12,20,,,85 FR 16987,hts_note
2025_rev_5,9903.88.13,20,,,85 FR 16987,hts_note
2025_rev_5,9903.88.14,20,,,85 FR 16987,hts_note
2025_rev_5,9903.88.15,20,,,85 FR 16987,hts_note
2025_rev_5,9903.88.16,20,,,85 FR 16987,hts_note
2025_rev_5,9903.88.17,20,,,85 FR 16987,hts_note
2025_rev_5,9903.88.18,20,,,85 FR 16987,hts_note
2025_rev_5,9903.88.19,20,,,85 FR 16987,hts_note
2025_rev_5,9903.88.20,20,,,85 FR 16987,hts_note
2025_rev_5,9903.88.21,20,,,85 FR 16987,hts_note
2025_rev_5,9903.88.22,20,,,85 FR 16987,hts_note
2025_rev_5,9903.88.23,20,,,85 FR 16987,hts_note
2025_rev_5,9903.88.24,20,,,85 FR 16987,hts_note
2025_rev_5,9903.88.25,20,,,85 FR 16987,hts_note
2025_rev_5,9903.88.26,20,,,85 FR 16987,hts_note
2025_rev_5,9903.88.27,20,,,85 FR 16987,hts_note
2025_rev_5,9903.88.28,20,,,85 FR 16987,hts_note
2025_rev_5,9903.88.33,20,,,85 FR 16987,hts_note
2025_rev_5,9903.88.34,20,,,85 FR 16987,hts_note
2025_rev_5,9903.88.35,20,,,85 FR 16987,hts_note
2025_rev_5,9903.88.36,20,,,85 FR 16987,hts_note
2025_rev_5,9903.88.37,20,,,85 FR 16987,hts_note
2025_rev_5,9903.88.38,20,,,85 FR 16987,hts_note
2025_rev_5,9903.88.39,20,,,85 FR 16987,hts_note
2025_rev_5,9903.88.40,20,,,85 FR 16987,hts_note
2025_rev_5,9903.88.41,20,,,85 FR 16987,hts_note
2025_rev_5,9903.88.42,20,,,85 FR 16987,hts_note
2025_rev_5,9903.88.43,20,,,85 FR 16987,hts_note
2025_rev_5,9903.88.44,20,,,85 FR 16987,hts_note
2025_rev_5,9903.88.45,20,,,85 FR 16987,hts_note
2025_rev_5,9903.88.46,20,,,85 FR 16987,hts_note
2025_rev_5,9903.88.47,20,,,85 FR 16987,hts_note
2025_rev_5,9903.88.48,20,,,85 FR 16987,hts_note
2025_rev_5,9903.88.49,20,,,85 FR 16987,hts_note
2025_rev_5,9903.88.50,20,,,85 FR 16987,hts_note
2025_rev_5,9903.88.51,20,,,85 FR 16987,hts_note
2025_rev_5,9903.88.52,20,,,85 FR 16987,hts_note
2025_rev_5,9903.88.53,20,,,85 FR 16987,hts_note
2025_rev_5,9903.88.54,20,,,85 FR 16987,hts_note
2025_rev_5,9903.88.55,20,,,85 FR 16987,hts_note
2025_rev_5,9903.88.56,20,,,85 FR 16987,hts_note
2025_rev_5,9903.88.57,20,,,85 FR 16987,hts_note
2025_rev_5,9903.88.58,20,,,85 FR 16987,hts_note
2025_rev_5,9903.88.59,20,,,85 FR 16987,hts_note
2025_rev_5,9903.88.60,20,,,85 FR 16987,hts_note
2025_rev_5,9903.88.61,20,,,85 FR 16987,hts_note
2025_rev_5,9903.88.62,20,,,85 FR 16987,hts_note
2025_rev_5,9903.88.63,20,,,85 FR 16987,hts_note
2025_rev_5,9903.88.64,20,,,85 FR 16987,hts_note
2025_rev_5,9903.88.65,20,,,85 FR 16987,hts_note
2025_rev_5,9903.88.66,20,,,85 FR 16987,hts_note
2025_rev_5,9903.88.67,20,,,85 FR 16987,hts_note
2025_rev_5,9903.88.68,20,,,85 FR 16987,hts_note
2025_rev_5,9903.88.69,20,,,85 FR 16987,hts_note
2025_rev_5,9903.88.70,20,,,85 FR 16987,hts_note
2025_rev_5,9903.89.05,21,Proclamation 9223,,,hts_note
2025_rev_5,9903.89.10,21,Proclamation 9223,,,hts_note
2025_rev_5,9903.89.13,21,Proclamation 9223,,,hts_note
2025_rev_5,9903.89.16,21,Proclamation 9223,,,hts_note
2025_rev_5,9903.89.19,21,Proclamation 9223,,,hts_note
2025_rev_5,9903.89.22,21,Proclamation 9223,,,hts_note
2025_rev_5,9903.89.25,21,Proclamation 9223,,,hts_note
2025_rev_5,9903.89.28,21,Proclamation 9223,,,hts_note
2025_rev_5,9903.89.31,21,Proclamation 9223,,,hts_note
2025_rev_5,9903.89.34,21,Proclamation 9223,,,hts_note
2025_rev_5,9903.89.37,21,Proclamation 9223,,,hts_note
2025_rev_5,9903.89.40,21,Proclamation 9223,,,hts_note
2025_rev_5,9903.89.43,21,Proclamation 9223,,,hts_note
2025_rev_5,9903.89.46,21,Proclamation 9223,,,hts_note
2025_rev_5,9903.89.49,21,Proclamation 9223,,,hts_note
2025_rev_5,9903.89.52,21,Proclamation 9223,,,hts_note
2025_rev_5,9903.89.55,21,Proclamation 9223,,,hts_note
2025_rev_5,9903.89.57,21,Proclamation 9223,,,hts_note
2025_rev_5,9903.89.61,21,Proclamation 9223,,,hts_note
2025_rev_6,9903.85.01,19,Proclamation 10522,,,hts_note
2025_rev_6,9903.85.03,19,Proclamation 10522,,,hts_note
2025_rev_6,9903.85.21,19,Proclamation 10522,,,hts_note
2025_rev_6,9903.85.25,19,Proclamation 10522,,,hts_note
2025_rev_6,9903.85.71,19,Proclamation 10522,,,hts_note
2025_rev_6,9903.85.72,19,Proclamation 10522,,,hts_note
2025_rev_6,9903.88.01,20,,,85 FR 16987,hts_note
2025_rev_6,9903.88.02,20,,,85 FR 16987,hts_note
2025_rev_6,9903.88.03,20,,,85 FR 16987,hts_note
2025_rev_6,9903.88.04,20,,,85 FR 16987,hts_note
2025_rev_6,9903.88.05,20,,,85 FR 16987,hts_note
2025_rev_6,9903.88.06,20,,,85 FR 16987,hts_note
2025_rev_6,9903.88.07,20,,,85 FR 16987,hts_note
2025_rev_6,9903.88.08,20,,,85 FR 16987,hts_note
2025_rev_6,9903.88.09,20,,,85 FR 16987,hts_note
2025_rev_6,9903.88.10,20,,,85 FR 16987,hts_note
2025_rev_6,9903.88.11,20,,,85 FR 16987,hts_note
2025_rev_6,9903.88.12,20,,,85 FR 16987,hts_note
2025_rev_6,9903.88.13,20,,,85 FR 16987,hts_note
2025_rev_6,9903.88.14,20,,,85 FR 16987,hts_note
2025_rev_6,9903.88.15,20,,,85 FR 16987,hts_note
2025_rev_6,9903.88.16,20,,,85 FR 16987,hts_note
2025_rev_6,9903.88.17,20,,,85 FR 16987,hts_note
2025_rev_6,9903.88.18,20,,,85 FR 16987,hts_note
2025_rev_6,9903.88.19,20,,,85 FR 16987,hts_note
2025_rev_6,9903.88.20,20,,,85 FR 16987,hts_note
2025_rev_6,9903.88.21,20,,,85 FR 16987,hts_note
2025_rev_6,9903.88.22,20,,,85 FR 16987,hts_note
2025_rev_6,9903.88.23,20,,,85 FR 16987,hts_note
2025_rev_6,9903.88.24,20,,,85 FR 16987,hts_note
2025_rev_6,9903.88.25,20,,,85 FR 16987,hts_note
2025_rev_6,9903.88.26,20,,,85 FR 16987,hts_note
2025_rev_6,9903.88.27,20,,,85 FR 16987,hts_note
2025_rev_6,9903.88.28,20,,,85 FR 16987,hts_note
2025_rev_6,9903.88.33,20,,,85 FR 16987,hts_note
2025_rev_6,9903.88.34,20,,,85 FR 16987,hts_note
2025_rev_6,9903.88.35,20,,,85 FR 16987,hts_note
2025_rev_6,9903.88.36,20,,,85 FR 16987,hts_note
2025_rev_6,9903.88.37,20,,,85 FR 16987,hts_note
2025_rev_6,9903.88.38,20,,,85 FR 16987,hts_note
2025_rev_6,9903.88.39,20,,,85 FR 16987,hts_note
2025_rev_6,9903.88.40,20,,,85 FR 16987,hts_note
2025_rev_6,9903.88.41,20,,,85 FR 16987,hts_note
2025_rev_6,9903.88.42,20,,,85 FR 16987,hts_note
2025_rev_6,9903.88.43,20,,,85 FR 16987,hts_note
2025_rev_6,9903.88.44,20,,,85 FR 16987,hts_note
2025_rev_6,9903.88.45,20,,,85 FR 16987,hts_note
2025_rev_6,9903.88.46,20,,,85 FR 16987,hts_note
2025_rev_6,9903.88.47,20,,,85 FR 16987,hts_note
2025_rev_6,9903.88.48,20,,,85 FR 16987,hts_note
2025_rev_6,9903.88.49,20,,,85 FR 16987,hts_note
2025_rev_6,9903.88.50,20,,,85 FR 16987,hts_note
2025_rev_6,9903.88.51,20,,,85 FR 16987,hts_note
2025_rev_6,9903.88.52,20,,,85 FR 16987,hts_note
2025_rev_6,9903.88.53,20,,,85 FR 16987,hts_note
2025_rev_6,9903.88.54,20,,,85 FR 16987,hts_note
2025_rev_6,9903.88.55,20,,,85 FR 16987,hts_note
2025_rev_6,9903.88.56,20,,,85 FR 16987,hts_note
2025_rev_6,9903.88.57,20,,,85 FR 16987,hts_note
2025_rev_6,9903.88.58,20,,,85 FR 16987,hts_note
2025_rev_6,9903.88.59,20,,,85 FR 16987,hts_note
2025_rev_6,9903.88.60,20,,,85 FR 16987,hts_note
2025_rev_6,9903.88.61,20,,,85 FR 16987,hts_note
2025_rev_6,9903.88.62,20,,,85 FR 16987,hts_note
2025_rev_6,9903.88.63,20,,,85 FR 16987,hts_note
2025_rev_6,9903.88.64,20,,,85 FR 16987,hts_note
2025_rev_6,9903.88.65,20,,,85 FR 16987,hts_note
2025_rev_6,9903.88.66,20,,,85 FR 16987,hts_note
2025_rev_6,9903.88.67,20,,,85 FR 16987,hts_note
2025_rev_6,9903.88.68,20,,,85 FR 16987,hts_note
2025_rev_6,9903.88.69,20,,,85 FR 16987,hts_note
2025_rev_6,9903.88.70,20,,,85 FR 16987,hts_note
2025_rev_6,9903.89.05,21,Proclamation 9223,,,hts_note
2025_rev_6,9903.89.10,21,Proclamation 9223,,,hts_note
2025_rev_6,9903.89.13,21,Proclamation 9223,,,hts_note
2025_rev_6,9903.89.16,21,Proclamation 9223,,,hts_note
2025_rev_6,9903.89.19,21,Proclamation 9223,,,hts_note
2025_rev_6,9903.89.22,21,Proclamation 9223,,,hts_note
2025_rev_6,9903.89.25,21,Proclamation 9223,,,hts_note
2025_rev_6,9903.89.28,21,Proclamation 9223,,,hts_note
2025_rev_6,9903.89.31,21,Proclamation 9223,,,hts_note
2025_rev_6,9903.89.34,21,Proclamation 9223,,,hts_note
2025_rev_6,9903.89.37,21,Proclamation 9223,,,hts_note
2025_rev_6,9903.89.40,21,Proclamation 9223,,,hts_note
2025_rev_6,9903.89.43,21,Proclamation 9223,,,hts_note
2025_rev_6,9903.89.46,21,Proclamation 9223,,,hts_note
2025_rev_6,9903.89.49,21,Proclamation 9223,,,hts_note
2025_rev_6,9903.89.52,21,Proclamation 9223,,,hts_note
2025_rev_6,9903.89.55,21,Proclamation 9223,,,hts_note
2025_rev_6,9903.89.57,21,Proclamation 9223,,,hts_note
2025_rev_6,9903.89.61,21,Proclamation 9223,,,hts_note
2025_rev_6,9903.94.01,33,,,85 FR 54882,hts_note
2025_rev_6,9903.94.02,33,,,85 FR 54882,hts_note
2025_rev_6,9903.94.03,33,,,85 FR 54882,hts_note
2025_rev_6,9903.94.04,33,,,85 FR 54882,hts_note
2025_rev_7,9903.85.01,19,Proclamation 10522,,,hts_note
2025_rev_7,9903.85.03,19,Proclamation 10522,,,hts_note
2025_rev_7,9903.85.21,19,Proclamation 10522,,,hts_note
2025_rev_7,9903.85.25,19,Proclamation 10522,,,hts_note
2025_rev_7,9903.85.71,19,Proclamation 10522,,,hts_note
2025_rev_7,9903.85.72,19,Proclamation 10522,,,hts_note
2025_rev_7,9903.88.01,20,,,85 FR 16987,hts_note
2025_rev_7,9903.88.02,20,,,85 FR 16987,hts_note
2025_rev_7,9903.88.03,20,,,85 FR 16987,hts_note
2025_rev_7,9903.88.04,20,,,85 FR 16987,hts_note
2025_rev_7,9903.88.05,20,,,85 FR 16987,hts_note
2025_rev_7,9903.88.06,20,,,85 FR 16987,hts_note
2025_rev_7,9903.88.07,20,,,85 FR 16987,hts_note
2025_rev_7,9903.88.08,20,,,85 FR 16987,hts_note
2025_rev_7,9903.88.09,20,,,85 FR 16987,hts_note
2025_rev_7,9903.88.10,20,,,85 FR 16987,hts_note
2025_rev_7,9903.88.11,20,,,85 FR 16987,hts_note
2025_rev_7,9903.88.12,20,,,85 FR 16987,hts_note
2025_rev_7,9903.88.13,20,,,85 FR 16987,hts_note
2025_rev_7,9903.88.14,20,,,85 FR 16987,hts_note
2025_rev_7,9903.88.15,20,,,85 FR 16987,hts_note
2025_rev_7,9903.88.16,20,,,85 FR 16987,hts_note
2025_rev_7,9903.88.17,20,,,85 FR 16987,hts_note
2025_rev_7,9903.88.18,20,,,85 FR 16987,hts_note
2025_rev_7,9903.88.19,20,,,85 FR 16987,hts_note
2025_rev_7,9903.88.20,20,,,85 FR 16987,hts_note
2025_rev_7,9903.88.21,20,,,85 FR 16987,hts_note
2025_rev_7,9903.88.22,20,,,85 FR 16987,hts_note
2025_rev_7,9903.88.23,20,,,85 FR 16987,hts_note
2025_rev_7,9903.88.24,20,,,85 FR 16987,hts_note
2025_rev_7,9903.88.25,20,,,85 FR 16987,hts_note
2025_rev_7,9903.88.26,20,,,85 FR 16987,hts_note
2025_rev_7,9903.88.27,20,,,85 FR 16987,hts_note
2025_rev_7,9903.88.28,20,,,85 FR 16987,hts_note
2025_rev_7,9903.88.33,20,,,85 FR 16987,hts_note
2025_rev_7,9903.88.34,20,,,85 FR 16987,hts_note
2025_rev_7,9903.88.35,20,,,85 FR 16987,hts_note
2025_rev_7,9903.88.36,20,,,85 FR 16987,hts_note
2025_rev_7,9903.88.37,20,,,85 FR 16987,hts_note
2025_rev_7,9903.88.38,20,,,85 FR 16987,hts_note
2025_rev_7,9903.88.39,20,,,85 FR 16987,hts_note
2025_rev_7,9903.88.40,20,,,85 FR 16987,hts_note
2025_rev_7,9903.88.41,20,,,85 FR 16987,hts_note
2025_rev_7,9903.88.42,20,,,85 FR 16987,hts_note
2025_rev_7,9903.88.43,20,,,85 FR 16987,hts_note
2025_rev_7,9903.88.44,20,,,85 FR 16987,hts_note
2025_rev_7,9903.88.45,20,,,85 FR 16987,hts_note
2025_rev_7,9903.88.46,20,,,85 FR 16987,hts_note
2025_rev_7,9903.88.47,20,,,85 FR 16987,hts_note
2025_rev_7,9903.88.48,20,,,85 FR 16987,hts_note
2025_rev_7,9903.88.49,20,,,85 FR 16987,hts_note
2025_rev_7,9903.88.50,20,,,85 FR 16987,hts_note
2025_rev_7,9903.88.51,20,,,85 FR 16987,hts_note
2025_rev_7,9903.88.52,20,,,85 FR 16987,hts_note
2025_rev_7,9903.88.53,20,,,85 FR 16987,hts_note
2025_rev_7,9903.88.54,20,,,85 FR 16987,hts_note
2025_rev_7,9903.88.55,20,,,85 FR 16987,hts_note
2025_rev_7,9903.88.56,20,,,85 FR 16987,hts_note
2025_rev_7,9903.88.57,20,,,85 FR 16987,hts_note
2025_rev_7,9903.88.58,20,,,85 FR 16987,hts_note
2025_rev_7,9903.88.59,20,,,85 FR 16987,hts_note
2025_rev_7,9903.88.60,20,,,85 FR 16987,hts_note
2025_rev_7,9903.88.61,20,,,85 FR 16987,hts_note
2025_rev_7,9903.88.62,20,,,85 FR 16987,hts_note
2025_rev_7,9903.88.63,20,,,85 FR 16987,hts_note
2025_rev_7,9903.88.64,20,,,85 FR 16987,hts_note
2025_rev_7,9903.88.65,20,,,85 FR 16987,hts_note
2025_rev_7,9903.88.66,20,,,85 FR 16987,hts_note
2025_rev_7,9903.88.67,20,,,85 FR 16987,hts_note
2025_rev_7,9903.88.68,20,,,85 FR 16987,hts_note
2025_rev_7,9903.88.69,20,,,85 FR 16987,hts_note
2025_rev_7,9903.88.70,20,,,85 FR 16987,hts_note
2025_rev_7,9903.89.05,21,Proclamation 9223,,,hts_note
2025_rev_7,9903.89.10,21,Proclamation 9223,,,hts_note
2025_rev_7,9903.89.13,21,Proclamation 9223,,,hts_note
2025_rev_7,9903.89.16,21,Proclamation 9223,,,hts_note
2025_rev_7,9903.89.19,21,Proclamation 9223,,,hts_note
2025_rev_7,9903.89.22,21,Proclamation 9223,,,hts_note
2025_rev_7,9903.89.25,21,Proclamation 9223,,,hts_note
2025_rev_7,9903.89.28,21,Proclamation 9223,,,hts_note
2025_rev_7,9903.89.31,21,Proclamation 9223,,,hts_note
2025_rev_7,9903.89.34,21,Proclamation 9223,,,hts_note
2025_rev_7,9903.89.37,21,Proclamation 9223,,,hts_note
2025_rev_7,9903.89.40,21,Proclamation 9223,,,hts_note
2025_rev_7,9903.89.43,21,Proclamation 9223,,,hts_note
2025_rev_7,9903.89.46,21,Proclamation 9223,,,hts_note
2025_rev_7,9903.89.49,21,Proclamation 9223,,,hts_note
2025_rev_7,9903.89.52,21,Proclamation 9223,,,hts_note
2025_rev_7,9903.89.55,21,Proclamation 9223,,,hts_note
2025_rev_7,9903.89.57,21,Proclamation 9223,,,hts_note
2025_rev_7,9903.89.61,21,Proclamation 9223,,,hts_note
2025_rev_7,9903.94.01,33,,,85 FR 54882,hts_note
2025_rev_7,9903.94.02,33,,,85 FR 54882,hts_note
2025_rev_7,9903.94.03,33,,,85 FR 54882,hts_note
2025_rev_7,9903.94.04,33,,,85 FR 54882,hts_note
2025_rev_8,9903.85.01,19,Proclamation 10522,,,hts_note
2025_rev_8,9903.85.03,19,Proclamation 10522,,,hts_note
2025_rev_8,9903.85.21,19,Proclamation 10522,,,hts_note
2025_rev_8,9903.85.25,19,Proclamation 10522,,,hts_note
2025_rev_8,9903.85.71,19,Proclamation 10522,,,hts_note
2025_rev_8,9903.85.72,19,Proclamation 10522,,,hts_note
2025_rev_8,9903.88.01,20,,,85 FR 16987,hts_note
2025_rev_8,9903.88.02,20,,,85 FR 16987,hts_note
2025_rev_8,9903.88.03,20,,,85 FR 16987,hts_note
2025_rev_8,9903.88.04,20,,,85 FR 16987,hts_note
2025_rev_8,9903.88.05,20,,,85 FR 16987,hts_note
2025_rev_8,9903.88.06,20,,,85 FR 16987,hts_note
2025_rev_8,9903.88.07,20,,,85 FR 16987,hts_note
2025_rev_8,9903.88.08,20,,,85 FR 16987,hts_note
2025_rev_8,9903.88.09,20,,,85 FR 16987,hts_note
2025_rev_8,9903.88.10,20,,,85 FR 16987,hts_note
2025_rev_8,9903.88.11,20,,,85 FR 16987,hts_note
2025_rev_8,9903.88.12,20,,,85 FR 16987,hts_note
2025_rev_8,9903.88.13,20,,,85 FR 16987,hts_note
2025_rev_8,9903.88.14,20,,,85 FR 16987,hts_note
2025_rev_8,9903.88.15,20,,,85 FR 16987,hts_note
2025_rev_8,9903.88.16,20,,,85 FR 16987,hts_note
2025_rev_8,9903.88.17,20,,,85 FR 16987,hts_note
2025_rev_8,9903.88.18,20,,,85 FR 16987,hts_note
2025_rev_8,9903.88.19,20,,,85 FR 16987,hts_note
2025_rev_8,9903.88.20,20,,,85 FR 16987,hts_note
2025_rev_8,9903.88.21,20,,,85 FR 16987,hts_note
2025_rev_8,9903.88.22,20,,,85 FR 16987,hts_note
2025_rev_8,9903.88.23,20,,,85 FR 16987,hts_note
2025_rev_8,9903.88.24,20,,,85 FR 16987,hts_note
2025_rev_8,9903.88.25,20,,,85 FR 16987,hts_note
2025_rev_8,9903.88.26,20,,,85 FR 16987,hts_note
2025_rev_8,9903.88.27,20,,,85 FR 16987,hts_note
2025_rev_8,9903.88.28,20,,,85 FR 16987,hts_note
2025_rev_8,9903.88.33,20,,,85 FR 16987,hts_note
2025_rev_8,9903.88.34,20,,,85 FR 16987,hts_note
2025_rev_8,9903.88.35,20,,,85 FR 16987,hts_note
2025_rev_8,9903.88.36,20,,,85 FR 16987,hts_note
2025_rev_8,9903.88.37,20,,,85 FR 16987,hts_note
2025_rev_8,9903.88.38,20,,,85 FR 16987,hts_note
2025_rev_8,9903.88.39,20,,,85 FR 16987,hts_note
2025_rev_8,9903.88.40,20,,,85 FR 16987,hts_note
2025_rev_8,9903.88.41,20,,,85 FR 16987,hts_note
2025_rev_8,9903.88.42,20,,,85 FR 16987,hts_note
2025_rev_8,9903.88.43,20,,,85 FR 16987,hts_note
2025_rev_8,9903.88.44,20,,,85 FR 16987,hts_note
2025_rev_8,9903.88.45,20,,,85 FR 16987,hts_note
2025_rev_8,9903.88.46,20,,,85 FR 16987,hts_note
2025_rev_8,9903.88.47,20,,,85 FR 16987,hts_note
2025_rev_8,9903.88.48,20,,,85 FR 16987,hts_note
2025_rev_8,9903.88.49,20,,,85 FR 16987,hts_note
2025_rev_8,9903.88.50,20,,,85 FR 16987,hts_note
2025_rev_8,9903.88.51,20,,,85 FR 16987,hts_note
2025_rev_8,9903.88.52,20,,,85 FR 16987,hts_note
2025_rev_8,9903.88.53,20,,,85 FR 16987,hts_note
2025_rev_8,9903.88.54,20,,,85 FR 16987,hts_note
2025_rev_8,9903.88.55,20,,,85 FR 16987,hts_note
2025_rev_8,9903.88.56,20,,,85 FR 16987,hts_note
2025_rev_8,9903.88.57,20,,,85 FR 16987,hts_note
2025_rev_8,9903.88.58,20,,,85 FR 16987,hts_note
2025_rev_8,9903.88.59,20,,,85 FR 16987,hts_note
2025_rev_8,9903.88.60,20,,,85 FR 16987,hts_note
2025_rev_8,9903.88.61,20,,,85 FR 16987,hts_note
2025_rev_8,9903.88.62,20,,,85 FR 16987,hts_note
2025_rev_8,9903.88.63,20,,,85 FR 16987,hts_note
2025_rev_8,9903.88.64,20,,,85 FR 16987,hts_note
2025_rev_8,9903.88.65,20,,,85 FR 16987,hts_note
2025_rev_8,9903.88.66,20,,,85 FR 16987,hts_note
2025_rev_8,9903.88.67,20,,,85 FR 16987,hts_note
2025_rev_8,9903.88.68,20,,,85 FR 16987,hts_note
2025_rev_8,9903.88.69,20,,,85 FR 16987,hts_note
2025_rev_8,9903.88.70,20,,,85 FR 16987,hts_note
2025_rev_8,9903.89.05,21,Proclamation 9223,,,hts_note
2025_rev_8,9903.89.10,21,Proclamation 9223,,,hts_note
2025_rev_8,9903.89.13,21,Proclamation 9223,,,hts_note
2025_rev_8,9903.89.16,21,Proclamation 9223,,,hts_note
2025_rev_8,9903.89.19,21,Proclamation 9223,,,hts_note
2025_rev_8,9903.89.22,21,Proclamation 9223,,,hts_note
2025_rev_8,9903.89.25,21,Proclamation 9223,,,hts_note
2025_rev_8,9903.89.28,21,Proclamation 9223,,,hts_note
2025_rev_8,9903.89.31,21,Proclamation 9223,,,hts_note
2025_rev_8,9903.89.34,21,Proclamation 9223,,,hts_note
2025_rev_8,9903.89.37,21,Proclamation 9223,,,hts_note
2025_rev_8,9903.89.40,21,Proclamation 9223,,,hts_note
2025_rev_8,9903.89.43,21,Proclamation 9223,,,hts_note
2025_rev_8,9903.89.46,21,Proclamation 9223,,,hts_note
2025_rev_8,9903.89.49,21,Proclamation 9223,,,hts_note
2025_rev_8,9903.89.52,21,Proclamation 9223,,,hts_note
2025_rev_8,9903.89.55,21,Proclamation 9223,,,hts_note
2025_rev_8,9903.89.57,21,Proclamation 9223,,,hts_note
2025_rev_8,9903.89.61,21,Proclamation 9223,,,hts_note
2025_rev_8,9903.94.01,33,,,85 FR 54882,hts_note
2025_rev_8,9903.94.02,33,,,85 FR 54882,hts_note
2025_rev_8,9903.94.03,33,,,85 FR 54882,hts_note
2025_rev_8,9903.94.04,33,,,85 FR 54882,hts_note
2025_rev_9,9903.85.01,19,Proclamation 10522,,,hts_note
2025_rev_9,9903.85.03,19,Proclamation 10522,,,hts_note
2025_rev_9,9903.85.21,19,Proclamation 10522,,,hts_note
2025_rev_9,9903.85.25,19,Proclamation 10522,,,hts_note
2025_rev_9,9903.85.71,19,Proclamation 10522,,,hts_note
2025_rev_9,9903.85.72,19,Proclamation 10522,,,hts_note
2025_rev_9,9903.88.01,20,,,85 FR 16987,hts_note
2025_rev_9,9903.88.02,20,,,85 FR 16987,hts_note
2025_rev_9,9903.88.03,20,,,85 FR 16987,hts_note
2025_rev_9,9903.88.04,20,,,85 FR 16987,hts_note
2025_rev_9,9903.88.05,20,,,85 FR 16987,hts_note
2025_rev_9,9903.88.06,20,,,85 FR 16987,hts_note
2025_rev_9,9903.88.07,20,,,85 FR 16987,hts_note
2025_rev_9,9903.88.08,20,,,85 FR 16987,hts_note
2025_rev_9,9903.88.09,20,,,85 FR 16987,hts_note
2025_rev_9,9903.88.10,20,,,85 FR 16987,hts_note
2025_rev_9,9903.88.11,20,,,85 FR 16987,hts_note
2025_rev_9,9903.88.12,20,,,85 FR 16987,hts_note
2025_rev_9,9903.88.13,20,,,85 FR 16987,hts_note
2025_rev_9,9903.88.14,20,,,85 FR 16987,hts_note
2025_rev_9,9903.88.15,20,,,85 FR 16987,hts_note
2025_rev_9,9903.88.16,20,,,85 FR 16987,hts_note
2025_rev_9,9903.88.17,20,,,85 FR 16987,hts_note
2025_rev_9,9903.88.18,20,,,85 FR 16987,hts_note
2025_rev_9,9903.88.19,20,,,85 FR 16987,hts_note
2025_rev_9,9903.88.20,20,,,85 FR 16987,hts_note
2025_rev_9,9903.88.21,20,,,85 FR 16987,hts_note
2025_rev_9,9903.88.22,20,,,85 FR 16987,hts_note
2025_rev_9,9903.88.23,20,,,85 FR 16987,hts_note
2025_rev_9,9903.88.24,20,,,85 FR 16987,hts_note
2025_rev_9,9903.88.25,20,,,85 FR 16987,hts_note
2025_rev_9,9903.88.26,20,,,85 FR 16987,hts_note
2025_rev_9,9903.88.27,20,,,85 FR 16987,hts_note
2025_rev_9,9903.88.28,20,,,85 FR 16987,hts_note
2025_rev_9,9903.88.33,20,,,85 FR 16987,hts_note
2025_rev_9,9903.88.34,20,,,85 FR 16987,hts_note
2025_rev_9,9903.88.35,20,,,85 FR 16987,hts_note
2025_rev_9,9903.88.36,20,,,85 FR 16987,hts_note
2025_rev_9,9903.88.37,20,,,85 FR 16987,hts_note
2025_rev_9,9903.88.38,20,,,85 FR 16987,hts_note
2025_rev_9,9903.88.39,20,,,85 FR 16987,hts_note
2025_rev_9,9903.88.40,20,,,85 FR 16987,hts_note
2025_rev_9,9903.88.41,20,,,85 FR 16987,hts_note
2025_rev_9,9903.88.42,20,,,85 FR 16987,hts_note
2025_rev_9,9903.88.43,20,,,85 FR 16987,hts_note
2025_rev_9,9903.88.44,20,,,85 FR 16987,hts_note
2025_rev_9,9903.88.45,20,,,85 FR 16987,hts_note
2025_rev_9,9903.88.46,20,,,85 FR 16987,hts_note
2025_rev_9,9903.88.47,20,,,85 FR 16987,hts_note
2025_rev_9,9903.88.48,20,,,85 FR 16987,hts_note
2025_rev_9,9903.88.49,20,,,85 FR 16987,hts_note
2025_rev_9,9903.88.50,20,,,85 FR 16987,hts_note
2025_rev_9,9903.88.51,20,,,85 FR 16987,hts_note
2025_rev_9,9903.88.52,20,,,85 FR 16987,hts_note
2025_rev_9,9903.88.53,20,,,85 FR 16987,hts_note
2025_rev_9,9903.88.54,20,,,85 FR 16987,hts_note
2025_rev_9,9903.88.55,20,,,85 FR 16987,hts_note
2025_rev_9,9903.88.56,20,,,85 FR 16987,hts_note
2025_rev_9,9903.88.57,20,,,85 FR 16987,hts_note
2025_rev_9,9903.88.58,20,,,85 FR 16987,hts_note
2025_rev_9,9903.88.59,20,,,85 FR 16987,hts_note
2025_rev_9,9903.88.60,20,,,85 FR 16987,hts_note
2025_rev_9,9903.88.61,20,,,85 FR 16987,hts_note
2025_rev_9,9903.88.62,20,,,85 FR 16987,hts_note
2025_rev_9,9903.88.63,20,,,85 FR 16987,hts_note
2025_rev_9,9903.88.64,20,,,85 FR 16987,hts_note
2025_rev_9,9903.88.65,20,,,85 FR 16987,hts_note
2025_rev_9,9903.88.66,20,,,85 FR 16987,hts_note
2025_rev_9,9903.88.67,20,,,85 FR 16987,hts_note
2025_rev_9,9903.88.68,20,,,85 FR 16987,hts_note
2025_rev_9,9903.88.69,20,,,85 FR 16987,hts_note
2025_rev_9,9903.88.70,20,,,85 FR 16987,hts_note
2025_rev_9,9903.89.05,21,Proclamation 9223,,,hts_note
2025_rev_9,9903.89.10,21,Proclamation 9223,,,hts_note
2025_rev_9,9903.89.13,21,Proclamation 9223,,,hts_note
2025_rev_9,9903.89.16,21,Proclamation 9223,,,hts_note
2025_rev_9,9903.89.19,21,Proclamation 9223,,,hts_note
2025_rev_9,9903.89.22,21,Proclamation 9223,,,hts_note
2025_rev_9,9903.89.25,21,Proclamation 9223,,,hts_note
2025_rev_9,9903.89.28,21,Proclamation 9223,,,hts_note
2025_rev_9,9903.89.31,21,Proclamation 9223,,,hts_note
2025_rev_9,9903.89.34,21,Proclamation 9223,,,hts_note
2025_rev_9,9903.89.37,21,Proclamation 9223,,,hts_note
2025_rev_9,9903.89.40,21,Proclamation 9223,,,hts_note
2025_rev_9,9903.89.43,21,Proclamation 9223,,,hts_note
2025_rev_9,9903.89.46,21,Proclamation 9223,,,hts_note
2025_rev_9,9903.89.49,21,Proclamation 9223,,,hts_note
2025_rev_9,9903.89.52,21,Proclamation 9223,,,hts_note
2025_rev_9,9903.89.55,21,Proclamation 9223,,,hts_note
2025_rev_9,9903.89.57,21,Proclamation 9223,,,hts_note
2025_rev_9,9903.89.61,21,Proclamation 9223,,,hts_note
2025_rev_9,9903.94.01,33,,,85 FR 54882,hts_note
2025_rev_9,9903.94.02,33,,,85 FR 54882,hts_note
2025_rev_9,9903.94.03,33,,,85 FR 54882,hts_note
2025_rev_9,9903.94.04,33,,,85 FR 54882,hts_note
2026_basic,9903.85.01,19,Proclamation 10522,,,hts_note
2026_basic,9903.85.03,19,Proclamation 10522,,,hts_note
2026_basic,9903.85.21,19,Proclamation 10522,,,hts_note
2026_basic,9903.85.25,19,Proclamation 10522,,,hts_note
2026_basic,9903.85.71,19,Proclamation 10522,,,hts_note
2026_basic,9903.85.72,19,Proclamation 10522,,,hts_note
2026_basic,9903.88.01,20,,,85 FR 16987,hts_note
2026_basic,9903.88.02,20,,,85 FR 16987,hts_note
2026_basic,9903.88.03,20,,,85 FR 16987,hts_note
2026_basic,9903.88.04,20,,,85 FR 16987,hts_note
2026_basic,9903.88.05,20,,,85 FR 16987,hts_note
2026_basic,9903.88.06,20,,,85 FR 16987,hts_note
2026_basic,9903.88.07,20,,,85 FR 16987,hts_note
2026_basic,9903.88.08,20,,,85 FR 16987,hts_note
2026_basic,9903.88.09,20,,,85 FR 16987,hts_note
2026_basic,9903.88.10,20,,,85 FR 16987,hts_note
2026_basic,9903.88.11,20,,,85 FR 16987,hts_note
2026_basic,9903.88.12,20,,,85 FR 16987,hts_note
2026_basic,9903.88.13,20,,,85 FR 16987,hts_note
2026_basic,9903.88.14,20,,,85 FR 16987,hts_note
2026_basic,9903.88.15,20,,,85 FR 16987,hts_note
2026_basic,9903.88.16,20,,,85 FR 16987,hts_note
2026_basic,9903.88.17,20,,,85 FR 16987,hts_note
2026_basic,9903.88.18,20,,,85 FR 16987,hts_note
2026_basic,9903.88.19,20,,,85 FR 16987,hts_note
2026_basic,9903.88.20,20,,,85 FR 16987,hts_note
2026_basic,9903.88.21,20,,,85 FR 16987,hts_note
2026_basic,9903.88.22,20,,,85 FR 16987,hts_note
2026_basic,9903.88.23,20,,,85 FR 16987,hts_note
2026_basic,9903.88.24,20,,,85 FR 16987,hts_note
2026_basic,9903.88.25,20,,,85 FR 16987,hts_note
2026_basic,9903.88.26,20,,,85 FR 16987,hts_note
2026_basic,9903.88.27,20,,,85 FR 16987,hts_note
2026_basic,9903.88.28,20,,,85 FR 16987,hts_note
2026_basic,9903.88.33,20,,,85 FR 16987,hts_note
2026_basic,9903.88.34,20,,,85 FR 16987,hts_note
2026_basic,9903.88.35,20,,,85 FR 16987,hts_note
2026_basic,9903.88.36,20,,,85 FR 16987,hts_note
2026_basic,9903.88.37,20,,,85 FR 16987,hts_note
2026_basic,9903.88.38,20,,,85 FR 16987,hts_note
2026_basic,9903.88.39,20,,,85 FR 16987,hts_note
2026_basic,9903.88.40,20,,,85 FR 16987,hts_note
2026_basic,9903.88.41,20,,,85 FR 16987,hts_note
2026_basic,9903.88.42,20,,,85 FR 16987,hts_note
2026_basic,9903.88.43,20,,,85 FR 16987,hts_note
2026_basic,9903.88.44,20,,,85 FR 16987,hts_note
2026_basic,9903.88.45,20,,,85 FR 16987,hts_note
2026_basic,9903.88.46,20,,,85 FR 16987,hts_note
2026_basic,9903.88.47,20,,,85 FR 16987,hts_note
2026_basic,9903.88.48,20,,,85 FR 16987,hts_note
2026_basic,9903.88.49,20,,,85 FR 16987,hts_note
2026_basic,9903.88.50,20,,,85 FR 16987,hts_note
2026_basic,9903.88.51,20,,,85 FR 16987,hts_note
2026_basic,9903.88.52,20,,,85 FR 16987,hts_note
2026_basic,9903.88.53,20,,,85 FR 16987,hts_note
2026_basic,9903.88.54,20,,,85 FR 16987,hts_note
2026_basic,9903.88.55,20,,,85 FR 16987,hts_note
2026_basic,9903.88.56,20,,,85 FR 16987,hts_note
2026_basic,9903.88.57,20,,,85 FR 16987,hts_note
2026_basic,9903.88.58,20,,,85 FR 16987,hts_note
2026_basic,9903.88.59,20,,,85 FR 16987,hts_note
2026_basic,9903.88.60,20,,,85 FR 16987,hts_note
2026_basic,9903.88.61,20,,,85 FR 16987,hts_note
2026_basic,9903.88.62,20,,,85 FR 16987,hts_note
2026_basic,9903.88.63,20,,,85 FR 16987,hts_note
2026_basic,9903.88.64,20,,,85 FR 16987,hts_note
2026_basic,9903.88.65,20,,,85 FR 16987,hts_note
2026_basic,9903.88.66,20,,,85 FR 16987,hts_note
2026_basic,9903.88.67,20,,,85 FR 16987,hts_note
2026_basic,9903.88.68,20,,,85 FR 16987,hts_note
2026_basic,9903.88.69,20,,,85 FR 16987,hts_note
2026_basic,9903.88.70,20,,,85 FR 16987,hts_note
2026_basic,9903.94.01,33,Proclamation 10925,Executive Order 14345; Executive Order 14323; Executive Order 14326,90 FR 18899; 85 FR 54882,hts_note
2026_basic,9903.94.02,33,Proclamation 10925,Executive Order 14345; Executive Order 14323; Executive Order 14326,90 FR 18899; 85 FR 54882,hts_note
2026_basic,9903.94.03,33,Proclamation 10925,Executive Order 14345; Executive Order 14323; Executive Order 14326,90 FR 18899; 85 FR 54882,hts_note
2026_basic,9903.94.04,33,Proclamation 10925,Executive Order 14345; Executive Order 14323; Executive Order 14326,90 FR 18899; 85 FR 54882,hts_note
2026_basic,9903.94.05,33,Proclamation 10925,Executive Order 14345; Executive Order 14323; Executive Order 14326,90 FR 18899; 85 FR 54882,hts_note
2026_basic,9903.94.06,33,Proclamation 10925,Executive Order 14345; Executive Order 14323; Executive Order 14326,90 FR 18899; 85 FR 54882,hts_note
2026_basic,9903.94.07,33,Proclamation 10925,Executive Order 14345; Executive Order 14323; Executive Order 14326,90 FR 18899; 85 FR 54882,hts_note
2026_basic,9903.94.31,33,Proclamation 10925,Executive Order 14345; Executive Order 14323; Executive Order 14326,90 FR 18899; 85 FR 54882,hts_note
2026_basic,9903.94.32,33,Proclamation 10925,Executive Order 14345; Executive Order 14323; Executive Order 14326,90 FR 18899; 85 FR 54882,hts_note
2026_basic,9903.94.33,33,Proclamation 10925,Executive Order 14345; Executive Order 14323; Executive Order 14326,90 FR 18899; 85 FR 54882,hts_note
2026_basic,9903.94.40,33,Proclamation 10925,Executive Order 14345; Executive Order 14323; Executive Order 14326,90 FR 18899; 85 FR 54882,hts_note
2026_basic,9903.94.41,33,Proclamation 10925,Executive Order 14345; Executive Order 14323; Executive Order 14326,90 FR 18899; 85 FR 54882,hts_note
2026_basic,9903.94.42,33,Proclamation 10925,Executive Order 14345; Executive Order 14323; Executive Order 14326,90 FR 18899; 85 FR 54882,hts_note
2026_basic,9903.94.43,33,Proclamation 10925,Executive Order 14345; Executive Order 14323; Executive Order 14326,90 FR 18899; 85 FR 54882,hts_note
2026_basic,9903.94.44,33,Proclamation 10925,Executive Order 14345; Executive Order 14323; Executive Order 14326,90 FR 18899; 85 FR 54882,hts_note
2026_basic,9903.94.45,33,Proclamation 10925,Executive Order 14345; Executive Order 14323; Executive Order 14326,90 FR 18899; 85 FR 54882,hts_note
2026_basic,9903.94.50,33,Proclamation 10925,Executive Order 14345; Executive Order 14323; Executive Order 14326,90 FR 18899; 85 FR 54882,hts_note
2026_basic,9903.94.51,33,Proclamation 10925,Executive Order 14345; Executive Order 14323; Executive Order 14326,90 FR 18899; 85 FR 54882,hts_note
2026_basic,9903.94.52,33,Proclamation 10925,Executive Order 14345; Executive Order 14323; Executive Order 14326,90 FR 18899; 85 FR 54882,hts_note
2026_basic,9903.94.53,33,Proclamation 10925,Executive Order 14345; Executive Order 14323; Executive Order 14326,90 FR 18899; 85 FR 54882,hts_note
2026_basic,9903.94.54,33,Proclamation 10925,Executive Order 14345; Executive Order 14323; Executive Order 14326,90 FR 18899; 85 FR 54882,hts_note
2026_basic,9903.94.55,33,Proclamation 10925,Executive Order 14345; Executive Order 14323; Executive Order 14326,90 FR 18899; 85 FR 54882,hts_note
2026_basic,9903.94.60,33,Proclamation 10925,Executive Order 14345; Executive Order 14323; Executive Order 14326,90 FR 18899; 85 FR 54882,hts_note
2026_basic,9903.94.61,33,Proclamation 10925,Executive Order 14345; Executive Order 14323; Executive Order 14326,90 FR 18899; 85 FR 54882,hts_note
2026_basic,9903.94.62,33,Proclamation 10925,Executive Order 14345; Executive Order 14323; Executive Order 14326,90 FR 18899; 85 FR 54882,hts_note
2026_basic,9903.94.63,33,Proclamation 10925,Executive Order 14345; Executive Order 14323; Executive Order 14326,90 FR 18899; 85 FR 54882,hts_note
2026_basic,9903.94.64,33,Proclamation 10925,Executive Order 14345; Executive Order 14323; Executive Order 14326,90 FR 18899; 85 FR 54882,hts_note
2026_basic,9903.94.65,33,Proclamation 10925,Executive Order 14345; Executive Order 14323; Executive Order 14326,90 FR 18899; 85 FR 54882,hts_note
2026_rev_1,9903.85.01,19,Proclamation 10522,,,hts_note
2026_rev_1,9903.85.03,19,Proclamation 10522,,,hts_note
2026_rev_1,9903.85.21,19,Proclamation 10522,,,hts_note
2026_rev_1,9903.85.25,19,Proclamation 10522,,,hts_note
2026_rev_1,9903.85.71,19,Proclamation 10522,,,hts_note
2026_rev_1,9903.85.72,19,Proclamation 10522,,,hts_note
2026_rev_1,9903.88.01,20,,,85 FR 16987,hts_note
2026_rev_1,9903.88.02,20,,,85 FR 16987,hts_note
2026_rev_1,9903.88.03,20,,,85 FR 16987,hts_note
2026_rev_1,9903.88.04,20,,,85 FR 16987,hts_note
2026_rev_1,9903.88.05,20,,,85 FR 16987,hts_note
2026_rev_1,9903.88.06,20,,,85 FR 16987,hts_note
2026_rev_1,9903.88.07,20,,,85 FR 16987,hts_note
2026_rev_1,9903.88.08,20,,,85 FR 16987,hts_note
2026_rev_1,9903.88.09,20,,,85 FR 16987,hts_note
2026_rev_1,9903.88.10,20,,,85 FR 16987,hts_note
2026_rev_1,9903.88.11,20,,,85 FR 16987,hts_note
2026_rev_1,9903.88.12,20,,,85 FR 16987,hts_note
2026_rev_1,9903.88.13,20,,,85 FR 16987,hts_note
2026_rev_1,9903.88.14,20,,,85 FR 16987,hts_note
2026_rev_1,9903.88.15,20,,,85 FR 16987,hts_note
2026_rev_1,9903.88.16,20,,,85 FR 16987,hts_note
2026_rev_1,9903.88.17,20,,,85 FR 16987,hts_note
2026_rev_1,9903.88.18,20,,,85 FR 16987,hts_note
2026_rev_1,9903.88.19,20,,,85 FR 16987,hts_note
2026_rev_1,9903.88.20,20,,,85 FR 16987,hts_note
2026_rev_1,9903.88.21,20,,,85 FR 16987,hts_note
2026_rev_1,9903.88.22,20,,,85 FR 16987,hts_note
2026_rev_1,9903.88.23,20,,,85 FR 16987,hts_note
2026_rev_1,9903.88.24,20,,,85 FR 16987,hts_note
2026_rev_1,9903.88.25,20,,,85 FR 16987,hts_note
2026_rev_1,9903.88.26,20,,,85 FR 16987,hts_note
2026_rev_1,9903.88.27,20,,,85 FR 16987,hts_note
2026_rev_1,9903.88.28,20,,,85 FR 16987,hts_note
2026_rev_1,9903.88.33,20,,,85 FR 16987,hts_note
2026_rev_1,9903.88.34,20,,,85 FR 16987,hts_note
2026_rev_1,9903.88.35,20,,,85 FR 16987,hts_note
2026_rev_1,9903.88.36,20,,,85 FR 16987,hts_note
2026_rev_1,9903.88.37,20,,,85 FR 16987,hts_note
2026_rev_1,9903.88.38,20,,,85 FR 16987,hts_note
2026_rev_1,9903.88.39,20,,,85 FR 16987,hts_note
2026_rev_1,9903.88.40,20,,,85 FR 16987,hts_note
2026_rev_1,9903.88.41,20,,,85 FR 16987,hts_note
2026_rev_1,9903.88.42,20,,,85 FR 16987,hts_note
2026_rev_1,9903.88.43,20,,,85 FR 16987,hts_note
2026_rev_1,9903.88.44,20,,,85 FR 16987,hts_note
2026_rev_1,9903.88.45,20,,,85 FR 16987,hts_note
2026_rev_1,9903.88.46,20,,,85 FR 16987,hts_note
2026_rev_1,9903.88.47,20,,,85 FR 16987,hts_note
2026_rev_1,9903.88.48,20,,,85 FR 16987,hts_note
2026_rev_1,9903.88.49,20,,,85 FR 16987,hts_note
2026_rev_1,9903.88.50,20,,,85 FR 16987,hts_note
2026_rev_1,9903.88.51,20,,,85 FR 16987,hts_note
2026_rev_1,9903.88.52,20,,,85 FR 16987,hts_note
2026_rev_1,9903.88.53,20,,,85 FR 16987,hts_note
2026_rev_1,9903.88.54,20,,,85 FR 16987,hts_note
2026_rev_1,9903.88.55,20,,,85 FR 16987,hts_note
2026_rev_1,9903.88.56,20,,,85 FR 16987,hts_note
2026_rev_1,9903.88.57,20,,,85 FR 16987,hts_note
2026_rev_1,9903.88.58,20,,,85 FR 16987,hts_note
2026_rev_1,9903.88.59,20,,,85 FR 16987,hts_note
2026_rev_1,9903.88.60,20,,,85 FR 16987,hts_note
2026_rev_1,9903.88.61,20,,,85 FR 16987,hts_note
2026_rev_1,9903.88.62,20,,,85 FR 16987,hts_note
2026_rev_1,9903.88.63,20,,,85 FR 16987,hts_note
2026_rev_1,9903.88.64,20,,,85 FR 16987,hts_note
2026_rev_1,9903.88.65,20,,,85 FR 16987,hts_note
2026_rev_1,9903.88.66,20,,,85 FR 16987,hts_note
2026_rev_1,9903.88.67,20,,,85 FR 16987,hts_note
2026_rev_1,9903.88.68,20,,,85 FR 16987,hts_note
2026_rev_1,9903.88.69,20,,,85 FR 16987,hts_note
2026_rev_1,9903.88.70,20,,,85 FR 16987,hts_note
2026_rev_1,9903.94.01,33,Proclamation 10925,Executive Order 14345; Executive Order 14323; Executive Order 14326,90 FR 18899; 85 FR 54882,hts_note
2026_rev_1,9903.94.02,33,Proclamation 10925,Executive Order 14345; Executive Order 14323; Executive Order 14326,90 FR 18899; 85 FR 54882,hts_note
2026_rev_1,9903.94.03,33,Proclamation 10925,Executive Order 14345; Executive Order 14323; Executive Order 14326,90 FR 18899; 85 FR 54882,hts_note
2026_rev_1,9903.94.04,33,Proclamation 10925,Executive Order 14345; Executive Order 14323; Executive Order 14326,90 FR 18899; 85 FR 54882,hts_note
2026_rev_1,9903.94.05,33,Proclamation 10925,Executive Order 14345; Executive Order 14323; Executive Order 14326,90 FR 18899; 85 FR 54882,hts_note
2026_rev_1,9903.94.06,33,Proclamation 10925,Executive Order 14345; Executive Order 14323; Executive Order 14326,90 FR 18899; 85 FR 54882,hts_note
2026_rev_1,9903.94.07,33,Proclamation 10925,Executive Order 14345; Executive Order 14323; Executive Order 14326,90 FR 18899; 85 FR 54882,hts_note
2026_rev_1,9903.94.31,33,Proclamation 10925,Executive Order 14345; Executive Order 14323; Executive Order 14326,90 FR 18899; 85 FR 54882,hts_note
2026_rev_1,9903.94.32,33,Proclamation 10925,Executive Order 14345; Executive Order 14323; Executive Order 14326,90 FR 18899; 85 FR 54882,hts_note
2026_rev_1,9903.94.33,33,Proclamation 10925,Executive Order 14345; Executive Order 14323; Executive Order 14326,90 FR 18899; 85 FR 54882,hts_note
2026_rev_1,9903.94.40,33,Proclamation 10925,Executive Order 14345; Executive Order 14323; Executive Order 14326,90 FR 18899; 85 FR 54882,hts_note
2026_rev_1,9903.94.41,33,Proclamation 10925,Executive Order 14345; Executive Order 14323; Executive Order 14326,90 FR 18899; 85 FR 54882,hts_note
2026_rev_1,9903.94.42,33,Proclamation 10925,Executive Order 14345; Executive Order 14323; Executive Order 14326,90 FR 18899; 85 FR 54882,hts_note
2026_rev_1,9903.94.43,33,Proclamation 10925,Executive Order 14345; Executive Order 14323; Executive Order 14326,90 FR 18899; 85 FR 54882,hts_note
2026_rev_1,9903.94.44,33,Proclamation 10925,Executive Order 14345; Executive Order 14323; Executive Order 14326,90 FR 18899; 85 FR 54882,hts_note
2026_rev_1,9903.94.45,33,Proclamation 10925,Executive Order 14345; Executive Order 14323; Executive Order 14326,90 FR 18899; 85 FR 54882,hts_note
2026_rev_1,9903.94.50,33,Proclamation 10925,Executive Order 14345; Executive Order 14323; Executive Order 14326,90 FR 18899; 85 FR 54882,hts_note
2026_rev_1,9903.94.51,33,Proclamation 10925,Executive Order 14345; Executive Order 14323; Executive Order 14326,90 FR 18899; 85 FR 54882,hts_note
2026_rev_1,9903.94.52,33,Proclamation 10925,Executive Order 14345; Executive Order 14323; Executive Order 14326,90 FR 18899; 85 FR 54882,hts_note
2026_rev_1,9903.94.53,33,Proclamation 10925,Executive Order 14345; Executive Order 14323; Executive Order 14326,90 FR 18899; 85 FR 54882,hts_note
2026_rev_1,9903.94.54,33,Proclamation 10925,Executive Order 14345; Executive Order 14323; Executive Order 14326,90 FR 18899; 85 FR 54882,hts_note
2026_rev_1,9903.94.55,33,Proclamation 10925,Executive Order 14345; Executive Order 14323; Executive Order 14326,90 FR 18899; 85 FR 54882,hts_note
2026_rev_1,9903.94.60,33,Proclamation 10925,Executive Order 14345; Executive Order 14323; Executive Order 14326,90 FR 18899; 85 FR 54882,hts_note
2026_rev_1,9903.94.61,33,Proclamation 10925,Executive Order 14345; Executive Order 14323; Executive Order 14326,90 FR 18899; 85 FR 54882,hts_note
2026_rev_1,9903.94.62,33,Proclamation 10925,Executive Order 14345; Executive Order 14323; Executive Order 14326,90 FR 18899; 85 FR 54882,hts_note
2026_rev_1,9903.94.63,33,Proclamation 10925,Executive Order 14345; Executive Order 14323; Executive Order 14326,90 FR 18899; 85 FR 54882,hts_note
2026_rev_1,9903.94.64,33,Proclamation 10925,Executive Order 14345; Executive Order 14323; Executive Order 14326,90 FR 18899; 85 FR 54882,hts_note
2026_rev_1,9903.94.65,33,Proclamation 10925,Executive Order 14345; Executive Order 14323; Executive Order 14326,90 FR 18899; 85 FR 54882,hts_note
2026_rev_2,9903.85.01,19,Proclamation 10522,,,hts_note
2026_rev_2,9903.85.03,19,Proclamation 10522,,,hts_note
2026_rev_2,9903.85.21,19,Proclamation 10522,,,hts_note
2026_rev_2,9903.85.25,19,Proclamation 10522,,,hts_note
2026_rev_2,9903.85.71,19,Proclamation 10522,,,hts_note
2026_rev_2,9903.85.72,19,Proclamation 10522,,,hts_note
2026_rev_2,9903.88.01,20,,,85 FR 16987,hts_note
2026_rev_2,9903.88.02,20,,,85 FR 16987,hts_note
2026_rev_2,9903.88.03,20,,,85 FR 16987,hts_note
2026_rev_2,9903.88.04,20,,,85 FR 16987,hts_note
2026_rev_2,9903.88.05,20,,,85 FR 16987,hts_note
2026_rev_2,9903.88.06,20,,,85 FR 16987,hts_note
2026_rev_2,9903.88.07,20,,,85 FR 16987,hts_note
2026_rev_2,9903.88.08,20,,,85 FR 16987,hts_note
2026_rev_2,9903.88.09,20,,,85 FR 16987,hts_note
2026_rev_2,9903.88.10,20,,,85 FR 16987,hts_note
2026_rev_2,9903.88.11,20,,,85 FR 16987,hts_note
2026_rev_2,9903.88.12,20,,,85 FR 16987,hts_note
2026_rev_2,9903.88.13,20,,,85 FR 16987,hts_note
2026_rev_2,9903.88.14,20,,,85 FR 16987,hts_note
2026_rev_2,9903.88.15,20,,,85 FR 16987,hts_note
2026_rev_2,9903.88.16,20,,,85 FR 16987,hts_note
2026_rev_2,9903.88.17,20,,,85 FR 16987,hts_note
2026_rev_2,9903.88.18,20,,,85 FR 16987,hts_note
2026_rev_2,9903.88.19,20,,,85 FR 16987,hts_note
2026_rev_2,9903.88.20,20,,,85 FR 16987,hts_note
2026_rev_2,9903.88.21,20,,,85 FR 16987,hts_note
2026_rev_2,9903.88.22,20,,,85 FR 16987,hts_note
2026_rev_2,9903.88.23,20,,,85 FR 16987,hts_note
2026_rev_2,9903.88.24,20,,,85 FR 16987,hts_note
2026_rev_2,9903.88.25,20,,,85 FR 16987,hts_note
2026_rev_2,9903.88.26,20,,,85 FR 16987,hts_note
2026_rev_2,9903.88.27,20,,,85 FR 16987,hts_note
2026_rev_2,9903.88.28,20,,,85 FR 16987,hts_note
2026_rev_2,9903.88.33,20,,,85 FR 16987,hts_note
2026_rev_2,9903.88.34,20,,,85 FR 16987,hts_note
2026_rev_2,9903.88.35,20,,,85 FR 16987,hts_note
2026_rev_2,9903.88.36,20,,,85 FR 16987,hts_note
2026_rev_2,9903.88.37,20,,,85 FR 16987,hts_note
2026_rev_2,9903.88.38,20,,,85 FR 16987,hts_note
2026_rev_2,9903.88.39,20,,,85 FR 16987,hts_note
2026_rev_2,9903.88.40,20,,,85 FR 16987,hts_note
2026_rev_2,9903.88.41,20,,,85 FR 16987,hts_note
2026_rev_2,9903.88.42,20,,,85 FR 16987,hts_note
2026_rev_2,9903.88.43,20,,,85 FR 16987,hts_note
2026_rev_2,9903.88.44,20,,,85 FR 16987,hts_note
2026_rev_2,9903.88.45,20,,,85 FR 16987,hts_note
2026_rev_2,9903.88.46,20,,,85 FR 16987,hts_note
2026_rev_2,9903.88.47,20,,,85 FR 16987,hts_note
2026_rev_2,9903.88.48,20,,,85 FR 16987,hts_note
2026_rev_2,9903.88.49,20,,,85 FR 16987,hts_note
2026_rev_2,9903.88.50,20,,,85 FR 16987,hts_note
2026_rev_2,9903.88.51,20,,,85 FR 16987,hts_note
2026_rev_2,9903.88.52,20,,,85 FR 16987,hts_note
2026_rev_2,9903.88.53,20,,,85 FR 16987,hts_note
2026_rev_2,9903.88.54,20,,,85 FR 16987,hts_note
2026_rev_2,9903.88.55,20,,,85 FR 16987,hts_note
2026_rev_2,9903.88.56,20,,,85 FR 16987,hts_note
2026_rev_2,9903.88.57,20,,,85 FR 16987,hts_note
2026_rev_2,9903.88.58,20,,,85 FR 16987,hts_note
2026_rev_2,9903.88.59,20,,,85 FR 16987,hts_note
2026_rev_2,9903.88.60,20,,,85 FR 16987,hts_note
2026_rev_2,9903.88.61,20,,,85 FR 16987,hts_note
2026_rev_2,9903.88.62,20,,,85 FR 16987,hts_note
2026_rev_2,9903.88.63,20,,,85 FR 16987,hts_note
2026_rev_2,9903.88.64,20,,,85 FR 16987,hts_note
2026_rev_2,9903.88.65,20,,,85 FR 16987,hts_note
2026_rev_2,9903.88.66,20,,,85 FR 16987,hts_note
2026_rev_2,9903.88.67,20,,,85 FR 16987,hts_note
2026_rev_2,9903.88.68,20,,,85 FR 16987,hts_note
2026_rev_2,9903.88.69,20,,,85 FR 16987,hts_note
2026_rev_2,9903.88.70,20,,,85 FR 16987,hts_note
2026_rev_2,9903.94.01,33,Proclamation 10925,Executive Order 14345; Executive Order 14323; Executive Order 14326,90 FR 18899; 85 FR 54882,hts_note
2026_rev_2,9903.94.02,33,Proclamation 10925,Executive Order 14345; Executive Order 14323; Executive Order 14326,90 FR 18899; 85 FR 54882,hts_note
2026_rev_2,9903.94.03,33,Proclamation 10925,Executive Order 14345; Executive Order 14323; Executive Order 14326,90 FR 18899; 85 FR 54882,hts_note
2026_rev_2,9903.94.04,33,Proclamation 10925,Executive Order 14345; Executive Order 14323; Executive Order 14326,90 FR 18899; 85 FR 54882,hts_note
2026_rev_2,9903.94.05,33,Proclamation 10925,Executive Order 14345; Executive Order 14323; Executive Order 14326,90 FR 18899; 85 FR 54882,hts_note
2026_rev_2,9903.94.06,33,Proclamation 10925,Executive Order 14345; Executive Order 14323; Executive Order 14326,90 FR 18899; 85 FR 54882,hts_note
2026_rev_2,9903.94.07,33,Proclamation 10925,Executive Order 14345; Executive Order 14323; Executive Order 14326,90 FR 18899; 85 FR 54882,hts_note
2026_rev_2,9903.94.31,33,Proclamation 10925,Executive Order 14345; Executive Order 14323; Executive Order 14326,90 FR 18899; 85 FR 54882,hts_note
2026_rev_2,9903.94.32,33,Proclamation 10925,Executive Order 14345; Executive Order 14323; Executive Order 14326,90 FR 18899; 85 FR 54882,hts_note
2026_rev_2,9903.94.33,33,Proclamation 10925,Executive Order 14345; Executive Order 14323; Executive Order 14326,90 FR 18899; 85 FR 54882,hts_note
2026_rev_2,9903.94.40,33,Proclamation 10925,Executive Order 14345; Executive Order 14323; Executive Order 14326,90 FR 18899; 85 FR 54882,hts_note
2026_rev_2,9903.94.41,33,Proclamation 10925,Executive Order 14345; Executive Order 14323; Executive Order 14326,90 FR 18899; 85 FR 54882,hts_note
2026_rev_2,9903.94.42,33,Proclamation 10925,Executive Order 14345; Executive Order 14323; Executive Order 14326,90 FR 18899; 85 FR 54882,hts_note
2026_rev_2,9903.94.43,33,Proclamation 10925,Executive Order 14345; Executive Order 14323; Executive Order 14326,90 FR 18899; 85 FR 54882,hts_note
2026_rev_2,9903.94.44,33,Proclamation 10925,Executive Order 14345; Executive Order 14323; Executive Order 14326,90 FR 18899; 85 FR 54882,hts_note
2026_rev_2,9903.94.45,33,Proclamation 10925,Executive Order 14345; Executive Order 14323; Executive Order 14326,90 FR 18899; 85 FR 54882,hts_note
2026_rev_2,9903.94.50,33,Proclamation 10925,Executive Order 14345; Executive Order 14323; Executive Order 14326,90 FR 18899; 85 FR 54882,hts_note
2026_rev_2,9903.94.51,33,Proclamation 10925,Executive Order 14345; Executive Order 14323; Executive Order 14326,90 FR 18899; 85 FR 54882,hts_note
2026_rev_2,9903.94.52,33,Proclamation 10925,Executive Order 14345; Executive Order 14323; Executive Order 14326,90 FR 18899; 85 FR 54882,hts_note
2026_rev_2,9903.94.53,33,Proclamation 10925,Executive Order 14345; Executive Order 14323; Executive Order 14326,90 FR 18899; 85 FR 54882,hts_note
2026_rev_2,9903.94.54,33,Proclamation 10925,Executive Order 14345; Executive Order 14323; Executive Order 14326,90 FR 18899; 85 FR 54882,hts_note
2026_rev_2,9903.94.55,33,Proclamation 10925,Executive Order 14345; Executive Order 14323; Executive Order 14326,90 FR 18899; 85 FR 54882,hts_note
2026_rev_2,9903.94.60,33,Proclamation 10925,Executive Order 14345; Executive Order 14323; Executive Order 14326,90 FR 18899; 85 FR 54882,hts_note
2026_rev_2,9903.94.61,33,Proclamation 10925,Executive Order 14345; Executive Order 14323; Executive Order 14326,90 FR 18899; 85 FR 54882,hts_note
2026_rev_2,9903.94.62,33,Proclamation 10925,Executive Order 14345; Executive Order 14323; Executive Order 14326,90 FR 18899; 85 FR 54882,hts_note
2026_rev_2,9903.94.63,33,Proclamation 10925,Executive Order 14345; Executive Order 14323; Executive Order 14326,90 FR 18899; 85 FR 54882,hts_note
2026_rev_2,9903.94.64,33,Proclamation 10925,Executive Order 14345; Executive Order 14323; Executive Order 14326,90 FR 18899; 85 FR 54882,hts_note
2026_rev_2,9903.94.65,33,Proclamation 10925,Executive Order 14345; Executive Order 14323; Executive Order 14326,90 FR 18899; 85 FR 54882,hts_note
2026_rev_3,9903.85.01,19,Proclamation 10522,,,hts_note
2026_rev_3,9903.85.03,19,Proclamation 10522,,,hts_note
2026_rev_3,9903.85.21,19,Proclamation 10522,,,hts_note
2026_rev_3,9903.85.25,19,Proclamation 10522,,,hts_note
2026_rev_3,9903.85.71,19,Proclamation 10522,,,hts_note
2026_rev_3,9903.85.72,19,Proclamation 10522,,,hts_note
2026_rev_3,9903.88.01,20,,,85 FR 16987,hts_note
2026_rev_3,9903.88.02,20,,,85 FR 16987,hts_note
2026_rev_3,9903.88.03,20,,,85 FR 16987,hts_note
2026_rev_3,9903.88.04,20,,,85 FR 16987,hts_note
2026_rev_3,9903.88.05,20,,,85 FR 16987,hts_note
2026_rev_3,9903.88.06,20,,,85 FR 16987,hts_note
2026_rev_3,9903.88.07,20,,,85 FR 16987,hts_note
2026_rev_3,9903.88.08,20,,,85 FR 16987,hts_note
2026_rev_3,9903.88.09,20,,,85 FR 16987,hts_note
2026_rev_3,9903.88.10,20,,,85 FR 16987,hts_note
2026_rev_3,9903.88.11,20,,,85 FR 16987,hts_note
2026_rev_3,9903.88.12,20,,,85 FR 16987,hts_note
2026_rev_3,9903.88.13,20,,,85 FR 16987,hts_note
2026_rev_3,9903.88.14,20,,,85 FR 16987,hts_note
2026_rev_3,9903.88.15,20,,,85 FR 16987,hts_note
2026_rev_3,9903.88.16,20,,,85 FR 16987,hts_note
2026_rev_3,9903.88.17,20,,,85 FR 16987,hts_note
2026_rev_3,9903.88.18,20,,,85 FR 16987,hts_note
2026_rev_3,9903.88.19,20,,,85 FR 16987,hts_note
2026_rev_3,9903.88.20,20,,,85 FR 16987,hts_note
2026_rev_3,9903.88.21,20,,,85 FR 16987,hts_note
2026_rev_3,9903.88.22,20,,,85 FR 16987,hts_note
2026_rev_3,9903.88.23,20,,,85 FR 16987,hts_note
2026_rev_3,9903.88.24,20,,,85 FR 16987,hts_note
2026_rev_3,9903.88.25,20,,,85 FR 16987,hts_note
2026_rev_3,9903.88.26,20,,,85 FR 16987,hts_note
2026_rev_3,9903.88.27,20,,,85 FR 16987,hts_note
2026_rev_3,9903.88.28,20,,,85 FR 16987,hts_note
2026_rev_3,9903.88.33,20,,,85 FR 16987,hts_note
2026_rev_3,9903.88.34,20,,,85 FR 16987,hts_note
2026_rev_3,9903.88.35,20,,,85 FR 16987,hts_note
2026_rev_3,9903.88.36,20,,,85 FR 16987,hts_note
2026_rev_3,9903.88.37,20,,,85 FR 16987,hts_note
2026_rev_3,9903.88.38,20,,,85 FR 16987,hts_note
2026_rev_3,9903.88.39,20,,,85 FR 16987,hts_note
2026_rev_3,9903.88.40,20,,,85 FR 16987,hts_note
2026_rev_3,9903.88.41,20,,,85 FR 16987,hts_note
2026_rev_3,9903.88.42,20,,,85 FR 16987,hts_note
2026_rev_3,9903.88.43,20,,,85 FR 16987,hts_note
2026_rev_3,9903.88.44,20,,,85 FR 16987,hts_note
2026_rev_3,9903.88.45,20,,,85 FR 16987,hts_note
2026_rev_3,9903.88.46,20,,,85 FR 16987,hts_note
2026_rev_3,9903.88.47,20,,,85 FR 16987,hts_note
2026_rev_3,9903.88.48,20,,,85 FR 16987,hts_note
2026_rev_3,9903.88.49,20,,,85 FR 16987,hts_note
2026_rev_3,9903.88.50,20,,,85 FR 16987,hts_note
2026_rev_3,9903.88.51,20,,,85 FR 16987,hts_note
2026_rev_3,9903.88.52,20,,,85 FR 16987,hts_note
2026_rev_3,9903.88.53,20,,,85 FR 16987,hts_note
2026_rev_3,9903.88.54,20,,,85 FR 16987,hts_note
2026_rev_3,9903.88.55,20,,,85 FR 16987,hts_note
2026_rev_3,9903.88.56,20,,,85 FR 16987,hts_note
2026_rev_3,9903.88.57,20,,,85 FR 16987,hts_note
2026_rev_3,9903.88.58,20,,,85 FR 16987,hts_note
2026_rev_3,9903.88.59,20,,,85 FR 16987,hts_note
2026_rev_3,9903.88.60,20,,,85 FR 16987,hts_note
2026_rev_3,9903.88.61,20,,,85 FR 16987,hts_note
2026_rev_3,9903.88.62,20,,,85 FR 16987,hts_note
2026_rev_3,9903.88.63,20,,,85 FR 16987,hts_note
2026_rev_3,9903.88.64,20,,,85 FR 16987,hts_note
2026_rev_3,9903.88.65,20,,,85 FR 16987,hts_note
2026_rev_3,9903.88.66,20,,,85 FR 16987,hts_note
2026_rev_3,9903.88.67,20,,,85 FR 16987,hts_note
2026_rev_3,9903.88.68,20,,,85 FR 16987,hts_note
2026_rev_3,9903.88.69,20,,,85 FR 16987,hts_note
2026_rev_3,9903.88.70,20,,,85 FR 16987,hts_note
2026_rev_3,9903.94.01,33,Proclamation 10925,Executive Order 14345; Executive Order 14323; Executive Order 14326,90 FR 18899; 85 FR 54882,hts_note
2026_rev_3,9903.94.02,33,Proclamation 10925,Executive Order 14345; Executive Order 14323; Executive Order 14326,90 FR 18899; 85 FR 54882,hts_note
2026_rev_3,9903.94.03,33,Proclamation 10925,Executive Order 14345; Executive Order 14323; Executive Order 14326,90 FR 18899; 85 FR 54882,hts_note
2026_rev_3,9903.94.04,33,Proclamation 10925,Executive Order 14345; Executive Order 14323; Executive Order 14326,90 FR 18899; 85 FR 54882,hts_note
2026_rev_3,9903.94.05,33,Proclamation 10925,Executive Order 14345; Executive Order 14323; Executive Order 14326,90 FR 18899; 85 FR 54882,hts_note
2026_rev_3,9903.94.06,33,Proclamation 10925,Executive Order 14345; Executive Order 14323; Executive Order 14326,90 FR 18899; 85 FR 54882,hts_note
2026_rev_3,9903.94.07,33,Proclamation 10925,Executive Order 14345; Executive Order 14323; Executive Order 14326,90 FR 18899; 85 FR 54882,hts_note
2026_rev_3,9903.94.31,33,Proclamation 10925,Executive Order 14345; Executive Order 14323; Executive Order 14326,90 FR 18899; 85 FR 54882,hts_note
2026_rev_3,9903.94.32,33,Proclamation 10925,Executive Order 14345; Executive Order 14323; Executive Order 14326,90 FR 18899; 85 FR 54882,hts_note
2026_rev_3,9903.94.33,33,Proclamation 10925,Executive Order 14345; Executive Order 14323; Executive Order 14326,90 FR 18899; 85 FR 54882,hts_note
2026_rev_3,9903.94.40,33,Proclamation 10925,Executive Order 14345; Executive Order 14323; Executive Order 14326,90 FR 18899; 85 FR 54882,hts_note
2026_rev_3,9903.94.41,33,Proclamation 10925,Executive Order 14345; Executive Order 14323; Executive Order 14326,90 FR 18899; 85 FR 54882,hts_note
2026_rev_3,9903.94.42,33,Proclamation 10925,Executive Order 14345; Executive Order 14323; Executive Order 14326,90 FR 18899; 85 FR 54882,hts_note
2026_rev_3,9903.94.43,33,Proclamation 10925,Executive Order 14345; Executive Order 14323; Executive Order 14326,90 FR 18899; 85 FR 54882,hts_note
2026_rev_3,9903.94.44,33,Proclamation 10925,Executive Order 14345; Executive Order 14323; Executive Order 14326,90 FR 18899; 85 FR 54882,hts_note
2026_rev_3,9903.94.45,33,Proclamation 10925,Executive Order 14345; Executive Order 14323; Executive Order 14326,90 FR 18899; 85 FR 54882,hts_note
2026_rev_3,9903.94.50,33,Proclamation 10925,Executive Order 14345; Executive Order 14323; Executive Order 14326,90 FR 18899; 85 FR 54882,hts_note
2026_rev_3,9903.94.51,33,Proclamation 10925,Executive Order 14345; Executive Order 14323; Executive Order 14326,90 FR 18899; 85 FR 54882,hts_note
2026_rev_3,9903.94.52,33,Proclamation 10925,Executive Order 14345; Executive Order 14323; Executive Order 14326,90 FR 18899; 85 FR 54882,hts_note
2026_rev_3,9903.94.53,33,Proclamation 10925,Executive Order 14345; Executive Order 14323; Executive Order 14326,90 FR 18899; 85 FR 54882,hts_note
2026_rev_3,9903.94.54,33,Proclamation 10925,Executive Order 14345; Executive Order 14323; Executive Order 14326,90 FR 18899; 85 FR 54882,hts_note
2026_rev_3,9903.94.55,33,Proclamation 10925,Executive Order 14345; Executive Order 14323; Executive Order 14326,90 FR 18899; 85 FR 54882,hts_note
2026_rev_3,9903.94.60,33,Proclamation 10925,Executive Order 14345; Executive Order 14323; Executive Order 14326,90 FR 18899; 85 FR 54882,hts_note
2026_rev_3,9903.94.61,33,Proclamation 10925,Executive Order 14345; Executive Order 14323; Executive Order 14326,90 FR 18899; 85 FR 54882,hts_note
2026_rev_3,9903.94.62,33,Proclamation 10925,Executive Order 14345; Executive Order 14323; Executive Order 14326,90 FR 18899; 85 FR 54882,hts_note
2026_rev_3,9903.94.63,33,Proclamation 10925,Executive Order 14345; Executive Order 14323; Executive Order 14326,90 FR 18899; 85 FR 54882,hts_note
2026_rev_3,9903.94.64,33,Proclamation 10925,Executive Order 14345; Executive Order 14323; Executive Order 14326,90 FR 18899; 85 FR 54882,hts_note
2026_rev_3,9903.94.65,33,Proclamation 10925,Executive Order 14345; Executive Order 14323; Executive Order 14326,90 FR 18899; 85 FR 54882,hts_note
2026_rev_4,9903.85.01,19,Proclamation 10522,,,hts_note
2026_rev_4,9903.85.03,19,Proclamation 10522,,,hts_note
2026_rev_4,9903.85.21,19,Proclamation 10522,,,hts_note
2026_rev_4,9903.85.25,19,Proclamation 10522,,,hts_note
2026_rev_4,9903.85.71,19,Proclamation 10522,,,hts_note
2026_rev_4,9903.85.72,19,Proclamation 10522,,,hts_note
2026_rev_4,9903.88.01,20,,,85 FR 16987,hts_note
2026_rev_4,9903.88.02,20,,,85 FR 16987,hts_note
2026_rev_4,9903.88.03,20,,,85 FR 16987,hts_note
2026_rev_4,9903.88.04,20,,,85 FR 16987,hts_note
2026_rev_4,9903.88.05,20,,,85 FR 16987,hts_note
2026_rev_4,9903.88.06,20,,,85 FR 16987,hts_note
2026_rev_4,9903.88.07,20,,,85 FR 16987,hts_note
2026_rev_4,9903.88.08,20,,,85 FR 16987,hts_note
2026_rev_4,9903.88.09,20,,,85 FR 16987,hts_note
2026_rev_4,9903.88.10,20,,,85 FR 16987,hts_note
2026_rev_4,9903.88.11,20,,,85 FR 16987,hts_note
2026_rev_4,9903.88.12,20,,,85 FR 16987,hts_note
2026_rev_4,9903.88.13,20,,,85 FR 16987,hts_note
2026_rev_4,9903.88.14,20,,,85 FR 16987,hts_note
2026_rev_4,9903.88.15,20,,,85 FR 16987,hts_note
2026_rev_4,9903.88.16,20,,,85 FR 16987,hts_note
2026_rev_4,9903.88.17,20,,,85 FR 16987,hts_note
2026_rev_4,9903.88.18,20,,,85 FR 16987,hts_note
2026_rev_4,9903.88.19,20,,,85 FR 16987,hts_note
2026_rev_4,9903.88.20,20,,,85 FR 16987,hts_note
2026_rev_4,9903.88.21,20,,,85 FR 16987,hts_note
2026_rev_4,9903.88.22,20,,,85 FR 16987,hts_note
2026_rev_4,9903.88.23,20,,,85 FR 16987,hts_note
2026_rev_4,9903.88.24,20,,,85 FR 16987,hts_note
2026_rev_4,9903.88.25,20,,,85 FR 16987,hts_note
2026_rev_4,9903.88.26,20,,,85 FR 16987,hts_note
2026_rev_4,9903.88.27,20,,,85 FR 16987,hts_note
2026_rev_4,9903.88.28,20,,,85 FR 16987,hts_note
2026_rev_4,9903.88.33,20,,,85 FR 16987,hts_note
2026_rev_4,9903.88.34,20,,,85 FR 16987,hts_note
2026_rev_4,9903.88.35,20,,,85 FR 16987,hts_note
2026_rev_4,9903.88.36,20,,,85 FR 16987,hts_note
2026_rev_4,9903.88.37,20,,,85 FR 16987,hts_note
2026_rev_4,9903.88.38,20,,,85 FR 16987,hts_note
2026_rev_4,9903.88.39,20,,,85 FR 16987,hts_note
2026_rev_4,9903.88.40,20,,,85 FR 16987,hts_note
2026_rev_4,9903.88.41,20,,,85 FR 16987,hts_note
2026_rev_4,9903.88.42,20,,,85 FR 16987,hts_note
2026_rev_4,9903.88.43,20,,,85 FR 16987,hts_note
2026_rev_4,9903.88.44,20,,,85 FR 16987,hts_note
2026_rev_4,9903.88.45,20,,,85 FR 16987,hts_note
2026_rev_4,9903.88.46,20,,,85 FR 16987,hts_note
2026_rev_4,9903.88.47,20,,,85 FR 16987,hts_note
2026_rev_4,9903.88.48,20,,,85 FR 16987,hts_note
2026_rev_4,9903.88.49,20,,,85 FR 16987,hts_note
2026_rev_4,9903.88.50,20,,,85 FR 16987,hts_note
2026_rev_4,9903.88.51,20,,,85 FR 16987,hts_note
2026_rev_4,9903.88.52,20,,,85 FR 16987,hts_note
2026_rev_4,9903.88.53,20,,,85 FR 16987,hts_note
2026_rev_4,9903.88.54,20,,,85 FR 16987,hts_note
2026_rev_4,9903.88.55,20,,,85 FR 16987,hts_note
2026_rev_4,9903.88.56,20,,,85 FR 16987,hts_note
2026_rev_4,9903.88.57,20,,,85 FR 16987,hts_note
2026_rev_4,9903.88.58,20,,,85 FR 16987,hts_note
2026_rev_4,9903.88.59,20,,,85 FR 16987,hts_note
2026_rev_4,9903.88.60,20,,,85 FR 16987,hts_note
2026_rev_4,9903.88.61,20,,,85 FR 16987,hts_note
2026_rev_4,9903.88.62,20,,,85 FR 16987,hts_note
2026_rev_4,9903.88.63,20,,,85 FR 16987,hts_note
2026_rev_4,9903.88.64,20,,,85 FR 16987,hts_note
2026_rev_4,9903.88.65,20,,,85 FR 16987,hts_note
2026_rev_4,9903.88.66,20,,,85 FR 16987,hts_note
2026_rev_4,9903.88.67,20,,,85 FR 16987,hts_note
2026_rev_4,9903.88.68,20,,,85 FR 16987,hts_note
2026_rev_4,9903.88.69,20,,,85 FR 16987,hts_note
2026_rev_4,9903.88.70,20,,,85 FR 16987,hts_note
2026_rev_4,9903.94.01,33,Proclamation 10925,Executive Order 14345; Executive Order 14323; Executive Order 14326,90 FR 18899; 85 FR 54882,hts_note
2026_rev_4,9903.94.02,33,Proclamation 10925,Executive Order 14345; Executive Order 14323; Executive Order 14326,90 FR 18899; 85 FR 54882,hts_note
2026_rev_4,9903.94.03,33,Proclamation 10925,Executive Order 14345; Executive Order 14323; Executive Order 14326,90 FR 18899; 85 FR 54882,hts_note
2026_rev_4,9903.94.04,33,Proclamation 10925,Executive Order 14345; Executive Order 14323; Executive Order 14326,90 FR 18899; 85 FR 54882,hts_note
2026_rev_4,9903.94.05,33,Proclamation 10925,Executive Order 14345; Executive Order 14323; Executive Order 14326,90 FR 18899; 85 FR 54882,hts_note
2026_rev_4,9903.94.06,33,Proclamation 10925,Executive Order 14345; Executive Order 14323; Executive Order 14326,90 FR 18899; 85 FR 54882,hts_note
2026_rev_4,9903.94.07,33,Proclamation 10925,Executive Order 14345; Executive Order 14323; Executive Order 14326,90 FR 18899; 85 FR 54882,hts_note
2026_rev_4,9903.94.31,33,Proclamation 10925,Executive Order 14345; Executive Order 14323; Executive Order 14326,90 FR 18899; 85 FR 54882,hts_note
2026_rev_4,9903.94.32,33,Proclamation 10925,Executive Order 14345; Executive Order 14323; Executive Order 14326,90 FR 18899; 85 FR 54882,hts_note
2026_rev_4,9903.94.33,33,Proclamation 10925,Executive Order 14345; Executive Order 14323; Executive Order 14326,90 FR 18899; 85 FR 54882,hts_note
2026_rev_4,9903.94.40,33,Proclamation 10925,Executive Order 14345; Executive Order 14323; Executive Order 14326,90 FR 18899; 85 FR 54882,hts_note
2026_rev_4,9903.94.41,33,Proclamation 10925,Executive Order 14345; Executive Order 14323; Executive Order 14326,90 FR 18899; 85 FR 54882,hts_note
2026_rev_4,9903.94.42,33,Proclamation 10925,Executive Order 14345; Executive Order 14323; Executive Order 14326,90 FR 18899; 85 FR 54882,hts_note
2026_rev_4,9903.94.43,33,Proclamation 10925,Executive Order 14345; Executive Order 14323; Executive Order 14326,90 FR 18899; 85 FR 54882,hts_note
2026_rev_4,9903.94.44,33,Proclamation 10925,Executive Order 14345; Executive Order 14323; Executive Order 14326,90 FR 18899; 85 FR 54882,hts_note
2026_rev_4,9903.94.45,33,Proclamation 10925,Executive Order 14345; Executive Order 14323; Executive Order 14326,90 FR 18899; 85 FR 54882,hts_note
2026_rev_4,9903.94.50,33,Proclamation 10925,Executive Order 14345; Executive Order 14323; Executive Order 14326,90 FR 18899; 85 FR 54882,hts_note
2026_rev_4,9903.94.51,33,Proclamation 10925,Executive Order 14345; Executive Order 14323; Executive Order 14326,90 FR 18899; 85 FR 54882,hts_note
2026_rev_4,9903.94.52,33,Proclamation 10925,Executive Order 14345; Executive Order 14323; Executive Order 14326,90 FR 18899; 85 FR 54882,hts_note
2026_rev_4,9903.94.53,33,Proclamation 10925,Executive Order 14345; Executive Order 14323; Executive Order 14326,90 FR 18899; 85 FR 54882,hts_note
2026_rev_4,9903.94.54,33,Proclamation 10925,Executive Order 14345; Executive Order 14323; Executive Order 14326,90 FR 18899; 85 FR 54882,hts_note
2026_rev_4,9903.94.55,33,Proclamation 10925,Executive Order 14345; Executive Order 14323; Executive Order 14326,90 FR 18899; 85 FR 54882,hts_note
2026_rev_4,9903.94.60,33,Proclamation 10925,Executive Order 14345; Executive Order 14323; Executive Order 14326,90 FR 18899; 85 FR 54882,hts_note
2026_rev_4,9903.94.61,33,Proclamation 10925,Executive Order 14345; Executive Order 14323; Executive Order 14326,90 FR 18899; 85 FR 54882,hts_note
2026_rev_4,9903.94.62,33,Proclamation 10925,Executive Order 14345; Executive Order 14323; Executive Order 14326,90 FR 18899; 85 FR 54882,hts_note
2026_rev_4,9903.94.63,33,Proclamation 10925,Executive Order 14345; Executive Order 14323; Executive Order 14326,90 FR 18899; 85 FR 54882,hts_note
2026_rev_4,9903.94.64,33,Proclamation 10925,Executive Order 14345; Executive Order 14323; Executive Order 14326,90 FR 18899; 85 FR 54882,hts_note
2026_rev_4,9903.94.65,33,Proclamation 10925,Executive Order 14345; Executive Order 14323; Executive Order 14326,90 FR 18899; 85 FR 54882,hts_note
2026_rev_5,9903.88.01,20,,,85 FR 16987,hts_note
2026_rev_5,9903.88.02,20,,,85 FR 16987,hts_note
2026_rev_5,9903.88.03,20,,,85 FR 16987,hts_note
2026_rev_5,9903.88.04,20,,,85 FR 16987,hts_note
2026_rev_5,9903.88.05,20,,,85 FR 16987,hts_note
2026_rev_5,9903.88.06,20,,,85 FR 16987,hts_note
2026_rev_5,9903.88.07,20,,,85 FR 16987,hts_note
2026_rev_5,9903.88.08,20,,,85 FR 16987,hts_note
2026_rev_5,9903.88.09,20,,,85 FR 16987,hts_note
2026_rev_5,9903.88.10,20,,,85 FR 16987,hts_note
2026_rev_5,9903.88.11,20,,,85 FR 16987,hts_note
2026_rev_5,9903.88.12,20,,,85 FR 16987,hts_note
2026_rev_5,9903.88.13,20,,,85 FR 16987,hts_note
2026_rev_5,9903.88.14,20,,,85 FR 16987,hts_note
2026_rev_5,9903.88.15,20,,,85 FR 16987,hts_note
2026_rev_5,9903.88.16,20,,,85 FR 16987,hts_note
2026_rev_5,9903.88.17,20,,,85 FR 16987,hts_note
2026_rev_5,9903.88.18,20,,,85 FR 16987,hts_note
2026_rev_5,9903.88.19,20,,,85 FR 16987,hts_note
2026_rev_5,9903.88.20,20,,,85 FR 16987,hts_note
2026_rev_5,9903.88.21,20,,,85 FR 16987,hts_note
2026_rev_5,9903.88.22,20,,,85 FR 16987,hts_note
2026_rev_5,9903.88.23,20,,,85 FR 16987,hts_note
2026_rev_5,9903.88.24,20,,,85 FR 16987,hts_note
2026_rev_5,9903.88.25,20,,,85 FR 16987,hts_note
2026_rev_5,9903.88.26,20,,,85 FR 16987,hts_note
2026_rev_5,9903.88.27,20,,,85 FR 16987,hts_note
2026_rev_5,9903.88.28,20,,,85 FR 16987,hts_note
2026_rev_5,9903.88.33,20,,,85 FR 16987,hts_note
2026_rev_5,9903.88.34,20,,,85 FR 16987,hts_note
2026_rev_5,9903.88.35,20,,,85 FR 16987,hts_note
2026_rev_5,9903.88.36,20,,,85 FR 16987,hts_note
2026_rev_5,9903.88.37,20,,,85 FR 16987,hts_note
2026_rev_5,9903.88.38,20,,,85 FR 16987,hts_note
2026_rev_5,9903.88.39,20,,,85 FR 16987,hts_note
2026_rev_5,9903.88.40,20,,,85 FR 16987,hts_note
2026_rev_5,9903.88.41,20,,,85 FR 16987,hts_note
2026_rev_5,9903.88.42,20,,,85 FR 16987,hts_note
2026_rev_5,9903.88.43,20,,,85 FR 16987,hts_note
2026_rev_5,9903.88.44,20,,,85 FR 16987,hts_note
2026_rev_5,9903.88.45,20,,,85 FR 16987,hts_note
2026_rev_5,9903.88.46,20,,,85 FR 16987,hts_note
2026_rev_5,9903.88.47,20,,,85 FR 16987,hts_note
2026_rev_5,9903.88.48,20,,,85 FR 16987,hts_note
2026_rev_5,9903.88.49,20,,,85 FR 16987,hts_note
2026_rev_5,9903.88.50,20,,,85 FR 16987,hts_note
2026_rev_5,9903.88.51,20,,,85 FR 16987,hts_note
2026_rev_5,9903.88.52,20,,,85 FR 16987,hts_note
2026_rev_5,9903.88.53,20,,,85 FR 16987,hts_note
2026_rev_5,9903.88.54,20,,,85 FR 16987,hts_note
2026_rev_5,9903.88.55,20,,,85 FR 16987,hts_note
2026_rev_5,9903.88.56,20,,,85 FR 16987,hts_note
2026_rev_5,9903.88.57,20,,,85 FR 16987,hts_note
2026_rev_5,9903.88.58,20,,,85 FR 16987,hts_note
2026_rev_5,9903.88.59,20,,,85 FR 16987,hts_note
2026_rev_5,9903.88.60,20,,,85 FR 16987,hts_note
2026_rev_5,9903.88.61,20,,,85 FR 16987,hts_note
2026_rev_5,9903.88.62,20,,,85 FR 16987,hts_note
2026_rev_5,9903.88.63,20,,,85 FR 16987,hts_note
2026_rev_5,9903.88.64,20,,,85 FR 16987,hts_note
2026_rev_5,9903.88.65,20,,,85 FR 16987,hts_note
2026_rev_5,9903.88.66,20,,,85 FR 16987,hts_note
2026_rev_5,9903.88.67,20,,,85 FR 16987,hts_note
2026_rev_5,9903.88.68,20,,,85 FR 16987,hts_note
2026_rev_5,9903.88.69,20,,,85 FR 16987,hts_note
2026_rev_5,9903.88.70,20,,,85 FR 16987,hts_note
2026_rev_5,9903.94.01,33,Proclamation 10925,Executive Order 14345,90 FR 18899,hts_note
2026_rev_5,9903.94.02,33,Proclamation 10925,Executive Order 14345,90 FR 18899,hts_note
2026_rev_5,9903.94.03,33,Proclamation 10925,Executive Order 14345,90 FR 18899,hts_note
2026_rev_5,9903.94.04,33,Proclamation 10925,Executive Order 14345,90 FR 18899,hts_note
2026_rev_5,9903.94.05,33,Proclamation 10925,Executive Order 14345,90 FR 18899,hts_note
2026_rev_5,9903.94.06,33,Proclamation 10925,Executive Order 14345,90 FR 18899,hts_note
2026_rev_5,9903.94.07,33,Proclamation 10925,Executive Order 14345,90 FR 18899,hts_note
2026_rev_5,9903.94.31,33,Proclamation 10925,Executive Order 14345,90 FR 18899,hts_note
2026_rev_5,9903.94.32,33,Proclamation 10925,Executive Order 14345,90 FR 18899,hts_note
2026_rev_5,9903.94.33,33,Proclamation 10925,Executive Order 14345,90 FR 18899,hts_note
2026_rev_5,9903.94.40,33,Proclamation 10925,Executive Order 14345,90 FR 18899,hts_note
2026_rev_5,9903.94.41,33,Proclamation 10925,Executive Order 14345,90 FR 18899,hts_note
2026_rev_5,9903.94.42,33,Proclamation 10925,Executive Order 14345,90 FR 18899,hts_note
2026_rev_5,9903.94.43,33,Proclamation 10925,Executive Order 14345,90 FR 18899,hts_note
2026_rev_5,9903.94.44,33,Proclamation 10925,Executive Order 14345,90 FR 18899,hts_note
2026_rev_5,9903.94.45,33,Proclamation 10925,Executive Order 14345,90 FR 18899,hts_note
2026_rev_5,9903.94.50,33,Proclamation 10925,Executive Order 14345,90 FR 18899,hts_note
2026_rev_5,9903.94.51,33,Proclamation 10925,Executive Order 14345,90 FR 18899,hts_note
2026_rev_5,9903.94.52,33,Proclamation 10925,Executive Order 14345,90 FR 18899,hts_note
2026_rev_5,9903.94.53,33,Proclamation 10925,Executive Order 14345,90 FR 18899,hts_note
2026_rev_5,9903.94.54,33,Proclamation 10925,Executive Order 14345,90 FR 18899,hts_note
2026_rev_5,9903.94.55,33,Proclamation 10925,Executive Order 14345,90 FR 18899,hts_note
2026_rev_5,9903.94.60,33,Proclamation 10925,Executive Order 14345,90 FR 18899,hts_note
2026_rev_5,9903.94.61,33,Proclamation 10925,Executive Order 14345,90 FR 18899,hts_note
2026_rev_5,9903.94.62,33,Proclamation 10925,Executive Order 14345,90 FR 18899,hts_note
2026_rev_5,9903.94.63,33,Proclamation 10925,Executive Order 14345,90 FR 18899,hts_note
2026_rev_5,9903.94.64,33,Proclamation 10925,Executive Order 14345,90 FR 18899,hts_note
2026_rev_5,9903.94.65,33,Proclamation 10925,Executive Order 14345,90 FR 18899,hts_note
2026_rev_6,9903.82.02,16,Proclamation 10984,,,hts_note
2026_rev_6,9903.82.03,16,Proclamation 10984,,,hts_note
2026_rev_6,9903.82.04,16,Proclamation 10984,,,hts_note
2026_rev_6,9903.82.05,16,Proclamation 10984,,,hts_note
2026_rev_6,9903.82.06,16,Proclamation 10984,,,hts_note
2026_rev_6,9903.82.07,16,Proclamation 10984,,,hts_note
2026_rev_6,9903.82.08,16,Proclamation 10984,,,hts_note
2026_rev_6,9903.82.09,16,Proclamation 10984,,,hts_note
2026_rev_6,9903.82.10,16,Proclamation 10984,,,hts_note
2026_rev_6,9903.82.11,16,Proclamation 10984,,,hts_note
2026_rev_6,9903.82.12,16,Proclamation 10984,,,hts_note
2026_rev_6,9903.82.13,16,Proclamation 10984,,,hts_note
2026_rev_6,9903.82.14,16,Proclamation 10984,,,hts_note
2026_rev_6,9903.82.15,16,Proclamation 10984,,,hts_note
2026_rev_6,9903.82.16,16,Proclamation 10984,,,hts_note
2026_rev_6,9903.82.17,16,Proclamation 10984,,,hts_note
2026_rev_6,9903.82.18,16,Proclamation 10984,,,hts_note
2026_rev_6,9903.82.19,16,Proclamation 10984,,,hts_note
2026_rev_6,9903.88.01,20,,,85 FR 16987,hts_note
2026_rev_6,9903.88.02,20,,,85 FR 16987,hts_note
2026_rev_6,9903.88.03,20,,,85 FR 16987,hts_note
2026_rev_6,9903.88.04,20,,,85 FR 16987,hts_note
2026_rev_6,9903.88.05,20,,,85 FR 16987,hts_note
2026_rev_6,9903.88.06,20,,,85 FR 16987,hts_note
2026_rev_6,9903.88.07,20,,,85 FR 16987,hts_note
2026_rev_6,9903.88.08,20,,,85 FR 16987,hts_note
2026_rev_6,9903.88.09,20,,,85 FR 16987,hts_note
2026_rev_6,9903.88.10,20,,,85 FR 16987,hts_note
2026_rev_6,9903.88.11,20,,,85 FR 16987,hts_note
2026_rev_6,9903.88.12,20,,,85 FR 16987,hts_note
2026_rev_6,9903.88.13,20,,,85 FR 16987,hts_note
2026_rev_6,9903.88.14,20,,,85 FR 16987,hts_note
2026_rev_6,9903.88.15,20,,,85 FR 16987,hts_note
2026_rev_6,9903.88.16,20,,,85 FR 16987,hts_note
2026_rev_6,9903.88.17,20,,,85 FR 16987,hts_note
2026_rev_6,9903.88.18,20,,,85 FR 16987,hts_note
2026_rev_6,9903.88.19,20,,,85 FR 16987,hts_note
2026_rev_6,9903.88.20,20,,,85 FR 16987,hts_note
2026_rev_6,9903.88.21,20,,,85 FR 16987,hts_note
2026_rev_6,9903.88.22,20,,,85 FR 16987,hts_note
2026_rev_6,9903.88.23,20,,,85 FR 16987,hts_note
2026_rev_6,9903.88.24,20,,,85 FR 16987,hts_note
2026_rev_6,9903.88.25,20,,,85 FR 16987,hts_note
2026_rev_6,9903.88.26,20,,,85 FR 16987,hts_note
2026_rev_6,9903.88.27,20,,,85 FR 16987,hts_note
2026_rev_6,9903.88.28,20,,,85 FR 16987,hts_note
2026_rev_6,9903.88.33,20,,,85 FR 16987,hts_note
2026_rev_6,9903.88.34,20,,,85 FR 16987,hts_note
2026_rev_6,9903.88.35,20,,,85 FR 16987,hts_note
2026_rev_6,9903.88.36,20,,,85 FR 16987,hts_note
2026_rev_6,9903.88.37,20,,,85 FR 16987,hts_note
2026_rev_6,9903.88.38,20,,,85 FR 16987,hts_note
2026_rev_6,9903.88.39,20,,,85 FR 16987,hts_note
2026_rev_6,9903.88.40,20,,,85 FR 16987,hts_note
2026_rev_6,9903.88.41,20,,,85 FR 16987,hts_note
2026_rev_6,9903.88.42,20,,,85 FR 16987,hts_note
2026_rev_6,9903.88.43,20,,,85 FR 16987,hts_note
2026_rev_6,9903.88.44,20,,,85 FR 16987,hts_note
2026_rev_6,9903.88.45,20,,,85 FR 16987,hts_note
2026_rev_6,9903.88.46,20,,,85 FR 16987,hts_note
2026_rev_6,9903.88.47,20,,,85 FR 16987,hts_note
2026_rev_6,9903.88.48,20,,,85 FR 16987,hts_note
2026_rev_6,9903.88.49,20,,,85 FR 16987,hts_note
2026_rev_6,9903.88.50,20,,,85 FR 16987,hts_note
2026_rev_6,9903.88.51,20,,,85 FR 16987,hts_note
2026_rev_6,9903.88.52,20,,,85 FR 16987,hts_note
2026_rev_6,9903.88.53,20,,,85 FR 16987,hts_note
2026_rev_6,9903.88.54,20,,,85 FR 16987,hts_note
2026_rev_6,9903.88.55,20,,,85 FR 16987,hts_note
2026_rev_6,9903.88.56,20,,,85 FR 16987,hts_note
2026_rev_6,9903.88.57,20,,,85 FR 16987,hts_note
2026_rev_6,9903.88.58,20,,,85 FR 16987,hts_note
2026_rev_6,9903.88.59,20,,,85 FR 16987,hts_note
2026_rev_6,9903.88.60,20,,,85 FR 16987,hts_note
2026_rev_6,9903.88.61,20,,,85 FR 16987,hts_note
2026_rev_6,9903.88.62,20,,,85 FR 16987,hts_note
2026_rev_6,9903.88.63,20,,,85 FR 16987,hts_note
2026_rev_6,9903.88.64,20,,,85 FR 16987,hts_note
2026_rev_6,9903.88.65,20,,,85 FR 16987,hts_note
2026_rev_6,9903.88.66,20,,,85 FR 16987,hts_note
2026_rev_6,9903.88.67,20,,,85 FR 16987,hts_note
2026_rev_6,9903.88.68,20,,,85 FR 16987,hts_note
2026_rev_6,9903.88.69,20,,,85 FR 16987,hts_note
2026_rev_6,9903.88.70,20,,,85 FR 16987,hts_note
2026_rev_6,9903.94.01,33,Proclamation 10925,Executive Order 14345,90 FR 18899,hts_note
2026_rev_6,9903.94.02,33,Proclamation 10925,Executive Order 14345,90 FR 18899,hts_note
2026_rev_6,9903.94.03,33,Proclamation 10925,Executive Order 14345,90 FR 18899,hts_note
2026_rev_6,9903.94.04,33,Proclamation 10925,Executive Order 14345,90 FR 18899,hts_note
2026_rev_6,9903.94.05,33,Proclamation 10925,Executive Order 14345,90 FR 18899,hts_note
2026_rev_6,9903.94.06,33,Proclamation 10925,Executive Order 14345,90 FR 18899,hts_note
2026_rev_6,9903.94.07,33,Proclamation 10925,Executive Order 14345,90 FR 18899,hts_note
2026_rev_6,9903.94.31,33,Proclamation 10925,Executive Order 14345,90 FR 18899,hts_note
2026_rev_6,9903.94.32,33,Proclamation 10925,Executive Order 14345,90 FR 18899,hts_note
2026_rev_6,9903.94.33,33,Proclamation 10925,Executive Order 14345,90 FR 18899,hts_note
2026_rev_6,9903.94.40,33,Proclamation 10925,Executive Order 14345,90 FR 18899,hts_note
2026_rev_6,9903.94.41,33,Proclamation 10925,Executive Order 14345,90 FR 18899,hts_note
2026_rev_6,9903.94.42,33,Proclamation 10925,Executive Order 14345,90 FR 18899,hts_note
2026_rev_6,9903.94.43,33,Proclamation 10925,Executive Order 14345,90 FR 18899,hts_note
2026_rev_6,9903.94.44,33,Proclamation 10925,Executive Order 14345,90 FR 18899,hts_note
2026_rev_6,9903.94.45,33,Proclamation 10925,Executive Order 14345,90 FR 18899,hts_note
2026_rev_6,9903.94.50,33,Proclamation 10925,Executive Order 14345,90 FR 18899,hts_note
2026_rev_6,9903.94.51,33,Proclamation 10925,Executive Order 14345,90 FR 18899,hts_note
2026_rev_6,9903.94.52,33,Proclamation 10925,Executive Order 14345,90 FR 18899,hts_note
2026_rev_6,9903.94.53,33,Proclamation 10925,Executive Order 14345,90 FR 18899,hts_note
2026_rev_6,9903.94.54,33,Proclamation 10925,Executive Order 14345,90 FR 18899,hts_note
2026_rev_6,9903.94.55,33,Proclamation 10925,Executive Order 14345,90 FR 18899,hts_note
2026_rev_6,9903.94.60,33,Proclamation 10925,Executive Order 14345,90 FR 18899,hts_note
2026_rev_6,9903.94.61,33,Proclamation 10925,Executive Order 14345,90 FR 18899,hts_note
2026_rev_6,9903.94.62,33,Proclamation 10925,Executive Order 14345,90 FR 18899,hts_note
2026_rev_6,9903.94.63,33,Proclamation 10925,Executive Order 14345,90 FR 18899,hts_note
2026_rev_6,9903.94.64,33,Proclamation 10925,Executive Order 14345,90 FR 18899,hts_note
2026_rev_6,9903.94.65,33,Proclamation 10925,Executive Order 14345,90 FR 18899,hts_note
2026_rev_7,9903.82.01,16,Proclamation 10984,,,hts_note
2026_rev_7,9903.82.02,16,Proclamation 10984,,,hts_note
2026_rev_7,9903.82.03,16,Proclamation 10984,,,hts_note
2026_rev_7,9903.82.04,16,Proclamation 10984,,,hts_note
2026_rev_7,9903.82.05,16,Proclamation 10984,,,hts_note
2026_rev_7,9903.82.06,16,Proclamation 10984,,,hts_note
2026_rev_7,9903.82.07,16,Proclamation 10984,,,hts_note
2026_rev_7,9903.82.08,16,Proclamation 10984,,,hts_note
2026_rev_7,9903.82.09,16,Proclamation 10984,,,hts_note
2026_rev_7,9903.82.10,16,Proclamation 10984,,,hts_note
2026_rev_7,9903.82.11,16,Proclamation 10984,,,hts_note
2026_rev_7,9903.82.12,16,Proclamation 10984,,,hts_note
2026_rev_7,9903.82.13,16,Proclamation 10984,,,hts_note
2026_rev_7,9903.82.14,16,Proclamation 10984,,,hts_note
2026_rev_7,9903.82.15,16,Proclamation 10984,,,hts_note
2026_rev_7,9903.82.16,16,Proclamation 10984,,,hts_note
2026_rev_7,9903.82.17,16,Proclamation 10984,,,hts_note
2026_rev_7,9903.82.18,16,Proclamation 10984,,,hts_note
2026_rev_7,9903.82.19,16,Proclamation 10984,,,hts_note
2026_rev_7,9903.88.01,20,,,85 FR 16987,hts_note
2026_rev_7,9903.88.02,20,,,85 FR 16987,hts_note
2026_rev_7,9903.88.03,20,,,85 FR 16987,hts_note
2026_rev_7,9903.88.04,20,,,85 FR 16987,hts_note
2026_rev_7,9903.88.05,20,,,85 FR 16987,hts_note
2026_rev_7,9903.88.06,20,,,85 FR 16987,hts_note
2026_rev_7,9903.88.07,20,,,85 FR 16987,hts_note
2026_rev_7,9903.88.08,20,,,85 FR 16987,hts_note
2026_rev_7,9903.88.09,20,,,85 FR 16987,hts_note
2026_rev_7,9903.88.10,20,,,85 FR 16987,hts_note
2026_rev_7,9903.88.11,20,,,85 FR 16987,hts_note
2026_rev_7,9903.88.12,20,,,85 FR 16987,hts_note
2026_rev_7,9903.88.13,20,,,85 FR 16987,hts_note
2026_rev_7,9903.88.14,20,,,85 FR 16987,hts_note
2026_rev_7,9903.88.15,20,,,85 FR 16987,hts_note
2026_rev_7,9903.88.16,20,,,85 FR 16987,hts_note
2026_rev_7,9903.88.17,20,,,85 FR 16987,hts_note
2026_rev_7,9903.88.18,20,,,85 FR 16987,hts_note
2026_rev_7,9903.88.19,20,,,85 FR 16987,hts_note
2026_rev_7,9903.88.20,20,,,85 FR 16987,hts_note
2026_rev_7,9903.88.21,20,,,85 FR 16987,hts_note
2026_rev_7,9903.88.22,20,,,85 FR 16987,hts_note
2026_rev_7,9903.88.23,20,,,85 FR 16987,hts_note
2026_rev_7,9903.88.24,20,,,85 FR 16987,hts_note
2026_rev_7,9903.88.25,20,,,85 FR 16987,hts_note
2026_rev_7,9903.88.26,20,,,85 FR 16987,hts_note
2026_rev_7,9903.88.27,20,,,85 FR 16987,hts_note
2026_rev_7,9903.88.28,20,,,85 FR 16987,hts_note
2026_rev_7,9903.88.33,20,,,85 FR 16987,hts_note
2026_rev_7,9903.88.34,20,,,85 FR 16987,hts_note
2026_rev_7,9903.88.35,20,,,85 FR 16987,hts_note
2026_rev_7,9903.88.36,20,,,85 FR 16987,hts_note
2026_rev_7,9903.88.37,20,,,85 FR 16987,hts_note
2026_rev_7,9903.88.38,20,,,85 FR 16987,hts_note
2026_rev_7,9903.88.39,20,,,85 FR 16987,hts_note
2026_rev_7,9903.88.40,20,,,85 FR 16987,hts_note
2026_rev_7,9903.88.41,20,,,85 FR 16987,hts_note
2026_rev_7,9903.88.42,20,,,85 FR 16987,hts_note
2026_rev_7,9903.88.43,20,,,85 FR 16987,hts_note
2026_rev_7,9903.88.44,20,,,85 FR 16987,hts_note
2026_rev_7,9903.88.45,20,,,85 FR 16987,hts_note
2026_rev_7,9903.88.46,20,,,85 FR 16987,hts_note
2026_rev_7,9903.88.47,20,,,85 FR 16987,hts_note
2026_rev_7,9903.88.48,20,,,85 FR 16987,hts_note
2026_rev_7,9903.88.49,20,,,85 FR 16987,hts_note
2026_rev_7,9903.88.50,20,,,85 FR 16987,hts_note
2026_rev_7,9903.88.51,20,,,85 FR 16987,hts_note
2026_rev_7,9903.88.52,20,,,85 FR 16987,hts_note
2026_rev_7,9903.88.53,20,,,85 FR 16987,hts_note
2026_rev_7,9903.88.54,20,,,85 FR 16987,hts_note
2026_rev_7,9903.88.55,20,,,85 FR 16987,hts_note
2026_rev_7,9903.88.56,20,,,85 FR 16987,hts_note
2026_rev_7,9903.88.57,20,,,85 FR 16987,hts_note
2026_rev_7,9903.88.58,20,,,85 FR 16987,hts_note
2026_rev_7,9903.88.59,20,,,85 FR 16987,hts_note
2026_rev_7,9903.88.60,20,,,85 FR 16987,hts_note
2026_rev_7,9903.88.61,20,,,85 FR 16987,hts_note
2026_rev_7,9903.88.62,20,,,85 FR 16987,hts_note
2026_rev_7,9903.88.63,20,,,85 FR 16987,hts_note
2026_rev_7,9903.88.64,20,,,85 FR 16987,hts_note
2026_rev_7,9903.88.65,20,,,85 FR 16987,hts_note
2026_rev_7,9903.88.66,20,,,85 FR 16987,hts_note
2026_rev_7,9903.88.67,20,,,85 FR 16987,hts_note
2026_rev_7,9903.88.68,20,,,85 FR 16987,hts_note
2026_rev_7,9903.88.69,20,,,85 FR 16987,hts_note
2026_rev_7,9903.88.70,20,,,85 FR 16987,hts_note
2026_rev_7,9903.94.01,33,Proclamation 10925,Executive Order 14345,90 FR 18899,hts_note
2026_rev_7,9903.94.02,33,Proclamation 10925,Executive Order 14345,90 FR 18899,hts_note
2026_rev_7,9903.94.03,33,Proclamation 10925,Executive Order 14345,90 FR 18899,hts_note
2026_rev_7,9903.94.04,33,Proclamation 10925,Executive Order 14345,90 FR 18899,hts_note
2026_rev_7,9903.94.05,33,Proclamation 10925,Executive Order 14345,90 FR 18899,hts_note
2026_rev_7,9903.94.06,33,Proclamation 10925,Executive Order 14345,90 FR 18899,hts_note
2026_rev_7,9903.94.07,33,Proclamation 10925,Executive Order 14345,90 FR 18899,hts_note
2026_rev_7,9903.94.31,33,Proclamation 10925,Executive Order 14345,90 FR 18899,hts_note
2026_rev_7,9903.94.32,33,Proclamation 10925,Executive Order 14345,90 FR 18899,hts_note
2026_rev_7,9903.94.33,33,Proclamation 10925,Executive Order 14345,90 FR 18899,hts_note
2026_rev_7,9903.94.40,33,Proclamation 10925,Executive Order 14345,90 FR 18899,hts_note
2026_rev_7,9903.94.41,33,Proclamation 10925,Executive Order 14345,90 FR 18899,hts_note
2026_rev_7,9903.94.42,33,Proclamation 10925,Executive Order 14345,90 FR 18899,hts_note
2026_rev_7,9903.94.43,33,Proclamation 10925,Executive Order 14345,90 FR 18899,hts_note
2026_rev_7,9903.94.44,33,Proclamation 10925,Executive Order 14345,90 FR 18899,hts_note
2026_rev_7,9903.94.45,33,Proclamation 10925,Executive Order 14345,90 FR 18899,hts_note
2026_rev_7,9903.94.50,33,Proclamation 10925,Executive Order 14345,90 FR 18899,hts_note
2026_rev_7,9903.94.51,33,Proclamation 10925,Executive Order 14345,90 FR 18899,hts_note
2026_rev_7,9903.94.52,33,Proclamation 10925,Executive Order 14345,90 FR 18899,hts_note
2026_rev_7,9903.94.53,33,Proclamation 10925,Executive Order 14345,90 FR 18899,hts_note
2026_rev_7,9903.94.54,33,Proclamation 10925,Executive Order 14345,90 FR 18899,hts_note
2026_rev_7,9903.94.55,33,Proclamation 10925,Executive Order 14345,90 FR 18899,hts_note
2026_rev_7,9903.94.60,33,Proclamation 10925,Executive Order 14345,90 FR 18899,hts_note
2026_rev_7,9903.94.61,33,Proclamation 10925,Executive Order 14345,90 FR 18899,hts_note
2026_rev_7,9903.94.62,33,Proclamation 10925,Executive Order 14345,90 FR 18899,hts_note
2026_rev_7,9903.94.63,33,Proclamation 10925,Executive Order 14345,90 FR 18899,hts_note
2026_rev_7,9903.94.64,33,Proclamation 10925,Executive Order 14345,90 FR 18899,hts_note
2026_rev_7,9903.94.65,33,Proclamation 10925,Executive Order 14345,90 FR 18899,hts_note
2026_rev_8,9903.82.01,16,Proclamation 10984,,,hts_note
2026_rev_8,9903.82.02,16,Proclamation 10984,,,hts_note
2026_rev_8,9903.82.03,16,Proclamation 10984,,,hts_note
2026_rev_8,9903.82.04,16,Proclamation 10984,,,hts_note
2026_rev_8,9903.82.05,16,Proclamation 10984,,,hts_note
2026_rev_8,9903.82.06,16,Proclamation 10984,,,hts_note
2026_rev_8,9903.82.07,16,Proclamation 10984,,,hts_note
2026_rev_8,9903.82.08,16,Proclamation 10984,,,hts_note
2026_rev_8,9903.82.09,16,Proclamation 10984,,,hts_note
2026_rev_8,9903.82.10,16,Proclamation 10984,,,hts_note
2026_rev_8,9903.82.11,16,Proclamation 10984,,,hts_note
2026_rev_8,9903.82.12,16,Proclamation 10984,,,hts_note
2026_rev_8,9903.82.13,16,Proclamation 10984,,,hts_note
2026_rev_8,9903.82.14,16,Proclamation 10984,,,hts_note
2026_rev_8,9903.82.15,16,Proclamation 10984,,,hts_note
2026_rev_8,9903.82.16,16,Proclamation 10984,,,hts_note
2026_rev_8,9903.82.17,16,Proclamation 10984,,,hts_note
2026_rev_8,9903.82.18,16,Proclamation 10984,,,hts_note
2026_rev_8,9903.82.19,16,Proclamation 10984,,,hts_note
2026_rev_8,9903.88.01,20,,,85 FR 16987,hts_note
2026_rev_8,9903.88.02,20,,,85 FR 16987,hts_note
2026_rev_8,9903.88.03,20,,,85 FR 16987,hts_note
2026_rev_8,9903.88.04,20,,,85 FR 16987,hts_note
2026_rev_8,9903.88.05,20,,,85 FR 16987,hts_note
2026_rev_8,9903.88.06,20,,,85 FR 16987,hts_note
2026_rev_8,9903.88.07,20,,,85 FR 16987,hts_note
2026_rev_8,9903.88.08,20,,,85 FR 16987,hts_note
2026_rev_8,9903.88.09,20,,,85 FR 16987,hts_note
2026_rev_8,9903.88.10,20,,,85 FR 16987,hts_note
2026_rev_8,9903.88.11,20,,,85 FR 16987,hts_note
2026_rev_8,9903.88.12,20,,,85 FR 16987,hts_note
2026_rev_8,9903.88.13,20,,,85 FR 16987,hts_note
2026_rev_8,9903.88.14,20,,,85 FR 16987,hts_note
2026_rev_8,9903.88.15,20,,,85 FR 16987,hts_note
2026_rev_8,9903.88.16,20,,,85 FR 16987,hts_note
2026_rev_8,9903.88.17,20,,,85 FR 16987,hts_note
2026_rev_8,9903.88.18,20,,,85 FR 16987,hts_note
2026_rev_8,9903.88.19,20,,,85 FR 16987,hts_note
2026_rev_8,9903.88.20,20,,,85 FR 16987,hts_note
2026_rev_8,9903.88.21,20,,,85 FR 16987,hts_note
2026_rev_8,9903.88.22,20,,,85 FR 16987,hts_note
2026_rev_8,9903.88.23,20,,,85 FR 16987,hts_note
2026_rev_8,9903.88.24,20,,,85 FR 16987,hts_note
2026_rev_8,9903.88.25,20,,,85 FR 16987,hts_note
2026_rev_8,9903.88.26,20,,,85 FR 16987,hts_note
2026_rev_8,9903.88.27,20,,,85 FR 16987,hts_note
2026_rev_8,9903.88.28,20,,,85 FR 16987,hts_note
2026_rev_8,9903.88.33,20,,,85 FR 16987,hts_note
2026_rev_8,9903.88.34,20,,,85 FR 16987,hts_note
2026_rev_8,9903.88.35,20,,,85 FR 16987,hts_note
2026_rev_8,9903.88.36,20,,,85 FR 16987,hts_note
2026_rev_8,9903.88.37,20,,,85 FR 16987,hts_note
2026_rev_8,9903.88.38,20,,,85 FR 16987,hts_note
2026_rev_8,9903.88.39,20,,,85 FR 16987,hts_note
2026_rev_8,9903.88.40,20,,,85 FR 16987,hts_note
2026_rev_8,9903.88.41,20,,,85 FR 16987,hts_note
2026_rev_8,9903.88.42,20,,,85 FR 16987,hts_note
2026_rev_8,9903.88.43,20,,,85 FR 16987,hts_note
2026_rev_8,9903.88.44,20,,,85 FR 16987,hts_note
2026_rev_8,9903.88.45,20,,,85 FR 16987,hts_note
2026_rev_8,9903.88.46,20,,,85 FR 16987,hts_note
2026_rev_8,9903.88.47,20,,,85 FR 16987,hts_note
2026_rev_8,9903.88.48,20,,,85 FR 16987,hts_note
2026_rev_8,9903.88.49,20,,,85 FR 16987,hts_note
2026_rev_8,9903.88.50,20,,,85 FR 16987,hts_note
2026_rev_8,9903.88.51,20,,,85 FR 16987,hts_note
2026_rev_8,9903.88.52,20,,,85 FR 16987,hts_note
2026_rev_8,9903.88.53,20,,,85 FR 16987,hts_note
2026_rev_8,9903.88.54,20,,,85 FR 16987,hts_note
2026_rev_8,9903.88.55,20,,,85 FR 16987,hts_note
2026_rev_8,9903.88.56,20,,,85 FR 16987,hts_note
2026_rev_8,9903.88.57,20,,,85 FR 16987,hts_note
2026_rev_8,9903.88.58,20,,,85 FR 16987,hts_note
2026_rev_8,9903.88.59,20,,,85 FR 16987,hts_note
2026_rev_8,9903.88.60,20,,,85 FR 16987,hts_note
2026_rev_8,9903.88.61,20,,,85 FR 16987,hts_note
2026_rev_8,9903.88.62,20,,,85 FR 16987,hts_note
2026_rev_8,9903.88.63,20,,,85 FR 16987,hts_note
2026_rev_8,9903.88.64,20,,,85 FR 16987,hts_note
2026_rev_8,9903.88.65,20,,,85 FR 16987,hts_note
2026_rev_8,9903.88.66,20,,,85 FR 16987,hts_note
2026_rev_8,9903.88.67,20,,,85 FR 16987,hts_note
2026_rev_8,9903.88.68,20,,,85 FR 16987,hts_note
2026_rev_8,9903.88.69,20,,,85 FR 16987,hts_note
2026_rev_8,9903.88.70,20,,,85 FR 16987,hts_note
2026_rev_8,9903.94.01,33,Proclamation 10925,Executive Order 14345,90 FR 18899,hts_note
2026_rev_8,9903.94.02,33,Proclamation 10925,Executive Order 14345,90 FR 18899,hts_note
2026_rev_8,9903.94.03,33,Proclamation 10925,Executive Order 14345,90 FR 18899,hts_note
2026_rev_8,9903.94.04,33,Proclamation 10925,Executive Order 14345,90 FR 18899,hts_note
2026_rev_8,9903.94.05,33,Proclamation 10925,Executive Order 14345,90 FR 18899,hts_note
2026_rev_8,9903.94.06,33,Proclamation 10925,Executive Order 14345,90 FR 18899,hts_note
2026_rev_8,9903.94.07,33,Proclamation 10925,Executive Order 14345,90 FR 18899,hts_note
2026_rev_8,9903.94.31,33,Proclamation 10925,Executive Order 14345,90 FR 18899,hts_note
2026_rev_8,9903.94.32,33,Proclamation 10925,Executive Order 14345,90 FR 18899,hts_note
2026_rev_8,9903.94.33,33,Proclamation 10925,Executive Order 14345,90 FR 18899,hts_note
2026_rev_8,9903.94.40,33,Proclamation 10925,Executive Order 14345,90 FR 18899,hts_note
2026_rev_8,9903.94.41,33,Proclamation 10925,Executive Order 14345,90 FR 18899,hts_note
2026_rev_8,9903.94.42,33,Proclamation 10925,Executive Order 14345,90 FR 18899,hts_note
2026_rev_8,9903.94.43,33,Proclamation 10925,Executive Order 14345,90 FR 18899,hts_note
2026_rev_8,9903.94.44,33,Proclamation 10925,Executive Order 14345,90 FR 18899,hts_note
2026_rev_8,9903.94.45,33,Proclamation 10925,Executive Order 14345,90 FR 18899,hts_note
2026_rev_8,9903.94.50,33,Proclamation 10925,Executive Order 14345,90 FR 18899,hts_note
2026_rev_8,9903.94.51,33,Proclamation 10925,Executive Order 14345,90 FR 18899,hts_note
2026_rev_8,9903.94.52,33,Proclamation 10925,Executive Order 14345,90 FR 18899,hts_note
2026_rev_8,9903.94.53,33,Proclamation 10925,Executive Order 14345,90 FR 18899,hts_note
2026_rev_8,9903.94.54,33,Proclamation 10925,Executive Order 14345,90 FR 18899,hts_note
2026_rev_8,9903.94.55,33,Proclamation 10925,Executive Order 14345,90 FR 18899,hts_note
2026_rev_8,9903.94.60,33,Proclamation 10925,Executive Order 14345,90 FR 18899,hts_note
2026_rev_8,9903.94.61,33,Proclamation 10925,Executive Order 14345,90 FR 18899,hts_note
2026_rev_8,9903.94.62,33,Proclamation 10925,Executive Order 14345,90 FR 18899,hts_note
2026_rev_8,9903.94.63,33,Proclamation 10925,Executive Order 14345,90 FR 18899,hts_note
2026_rev_8,9903.94.64,33,Proclamation 10925,Executive Order 14345,90 FR 18899,hts_note
2026_rev_8,9903.94.65,33,Proclamation 10925,Executive Order 14345,90 FR 18899,hts_note
2026_rev_9,9903.82.01,16,Proclamation 10984,,,hts_note
2026_rev_9,9903.82.02,16,Proclamation 10984,,,hts_note
2026_rev_9,9903.82.03,16,Proclamation 10984,,,hts_note
2026_rev_9,9903.82.04,16,Proclamation 10984,,,hts_note
2026_rev_9,9903.82.05,16,Proclamation 10984,,,hts_note
2026_rev_9,9903.82.06,16,Proclamation 10984,,,hts_note
2026_rev_9,9903.82.07,16,Proclamation 10984,,,hts_note
2026_rev_9,9903.82.08,16,Proclamation 10984,,,hts_note
2026_rev_9,9903.82.09,16,Proclamation 10984,,,hts_note
2026_rev_9,9903.82.10,16,Proclamation 10984,,,hts_note
2026_rev_9,9903.82.11,16,Proclamation 10984,,,hts_note
2026_rev_9,9903.82.12,16,Proclamation 10984,,,hts_note
2026_rev_9,9903.82.13,16,Proclamation 10984,,,hts_note
2026_rev_9,9903.82.14,16,Proclamation 10984,,,hts_note
2026_rev_9,9903.82.15,16,Proclamation 10984,,,hts_note
2026_rev_9,9903.82.16,16,Proclamation 10984,,,hts_note
2026_rev_9,9903.82.17,16,Proclamation 10984,,,hts_note
2026_rev_9,9903.82.18,16,Proclamation 10984,,,hts_note
2026_rev_9,9903.82.19,16,Proclamation 10984,,,hts_note
2026_rev_9,9903.88.01,20,,,85 FR 16987,hts_note
2026_rev_9,9903.88.02,20,,,85 FR 16987,hts_note
2026_rev_9,9903.88.03,20,,,85 FR 16987,hts_note
2026_rev_9,9903.88.04,20,,,85 FR 16987,hts_note
2026_rev_9,9903.88.05,20,,,85 FR 16987,hts_note
2026_rev_9,9903.88.06,20,,,85 FR 16987,hts_note
2026_rev_9,9903.88.07,20,,,85 FR 16987,hts_note
2026_rev_9,9903.88.08,20,,,85 FR 16987,hts_note
2026_rev_9,9903.88.09,20,,,85 FR 16987,hts_note
2026_rev_9,9903.88.10,20,,,85 FR 16987,hts_note
2026_rev_9,9903.88.11,20,,,85 FR 16987,hts_note
2026_rev_9,9903.88.12,20,,,85 FR 16987,hts_note
2026_rev_9,9903.88.13,20,,,85 FR 16987,hts_note
2026_rev_9,9903.88.14,20,,,85 FR 16987,hts_note
2026_rev_9,9903.88.15,20,,,85 FR 16987,hts_note
2026_rev_9,9903.88.16,20,,,85 FR 16987,hts_note
2026_rev_9,9903.88.17,20,,,85 FR 16987,hts_note
2026_rev_9,9903.88.18,20,,,85 FR 16987,hts_note
2026_rev_9,9903.88.19,20,,,85 FR 16987,hts_note
2026_rev_9,9903.88.20,20,,,85 FR 16987,hts_note
2026_rev_9,9903.88.21,20,,,85 FR 16987,hts_note
2026_rev_9,9903.88.22,20,,,85 FR 16987,hts_note
2026_rev_9,9903.88.23,20,,,85 FR 16987,hts_note
2026_rev_9,9903.88.24,20,,,85 FR 16987,hts_note
2026_rev_9,9903.88.25,20,,,85 FR 16987,hts_note
2026_rev_9,9903.88.26,20,,,85 FR 16987,hts_note
2026_rev_9,9903.88.27,20,,,85 FR 16987,hts_note
2026_rev_9,9903.88.28,20,,,85 FR 16987,hts_note
2026_rev_9,9903.88.33,20,,,85 FR 16987,hts_note
2026_rev_9,9903.88.34,20,,,85 FR 16987,hts_note
2026_rev_9,9903.88.35,20,,,85 FR 16987,hts_note
2026_rev_9,9903.88.36,20,,,85 FR 16987,hts_note
2026_rev_9,9903.88.37,20,,,85 FR 16987,hts_note
2026_rev_9,9903.88.38,20,,,85 FR 16987,hts_note
2026_rev_9,9903.88.39,20,,,85 FR 16987,hts_note
2026_rev_9,9903.88.40,20,,,85 FR 16987,hts_note
2026_rev_9,9903.88.41,20,,,85 FR 16987,hts_note
2026_rev_9,9903.88.42,20,,,85 FR 16987,hts_note
2026_rev_9,9903.88.43,20,,,85 FR 16987,hts_note
2026_rev_9,9903.88.44,20,,,85 FR 16987,hts_note
2026_rev_9,9903.88.45,20,,,85 FR 16987,hts_note
2026_rev_9,9903.88.46,20,,,85 FR 16987,hts_note
2026_rev_9,9903.88.47,20,,,85 FR 16987,hts_note
2026_rev_9,9903.88.48,20,,,85 FR 16987,hts_note
2026_rev_9,9903.88.49,20,,,85 FR 16987,hts_note
2026_rev_9,9903.88.50,20,,,85 FR 16987,hts_note
2026_rev_9,9903.88.51,20,,,85 FR 16987,hts_note
2026_rev_9,9903.88.52,20,,,85 FR 16987,hts_note
2026_rev_9,9903.88.53,20,,,85 FR 16987,hts_note
2026_rev_9,9903.88.54,20,,,85 FR 16987,hts_note
2026_rev_9,9903.88.55,20,,,85 FR 16987,hts_note
2026_rev_9,9903.88.56,20,,,85 FR 16987,hts_note
2026_rev_9,9903.88.57,20,,,85 FR 16987,hts_note
2026_rev_9,9903.88.58,20,,,85 FR 16987,hts_note
2026_rev_9,9903.88.59,20,,,85 FR 16987,hts_note
2026_rev_9,9903.88.60,20,,,85 FR 16987,hts_note
2026_rev_9,9903.88.61,20,,,85 FR 16987,hts_note
2026_rev_9,9903.88.62,20,,,85 FR 16987,hts_note
2026_rev_9,9903.88.63,20,,,85 FR 16987,hts_note
2026_rev_9,9903.88.64,20,,,85 FR 16987,hts_note
2026_rev_9,9903.88.65,20,,,85 FR 16987,hts_note
2026_rev_9,9903.88.66,20,,,85 FR 16987,hts_note
2026_rev_9,9903.88.67,20,,,85 FR 16987,hts_note
2026_rev_9,9903.88.68,20,,,85 FR 16987,hts_note
2026_rev_9,9903.88.69,20,,,85 FR 16987,hts_note
2026_rev_9,9903.88.70,20,,,85 FR 16987,hts_note
2026_rev_9,9903.94.01,33,Proclamation 10925,,90 FR 18899,hts_note
2026_rev_9,9903.94.02,33,Proclamation 10925,,90 FR 18899,hts_note
2026_rev_9,9903.94.03,33,Proclamation 10925,,90 FR 18899,hts_note
2026_rev_9,9903.94.04,33,Proclamation 10925,,90 FR 18899,hts_note
2026_rev_9,9903.94.05,33,Proclamation 10925,,90 FR 18899,hts_note
2026_rev_9,9903.94.06,33,Proclamation 10925,,90 FR 18899,hts_note
2026_rev_9,9903.94.07,33,Proclamation 10925,,90 FR 18899,hts_note
2026_rev_9,9903.94.31,33,Proclamation 10925,,90 FR 18899,hts_note
2026_rev_9,9903.94.32,33,Proclamation 10925,,90 FR 18899,hts_note
2026_rev_9,9903.94.33,33,Proclamation 10925,,90 FR 18899,hts_note
2026_rev_9,9903.94.40,33,Proclamation 10925,,90 FR 18899,hts_note
2026_rev_9,9903.94.41,33,Proclamation 10925,,90 FR 18899,hts_note
2026_rev_9,9903.94.42,33,Proclamation 10925,,90 FR 18899,hts_note
2026_rev_9,9903.94.43,33,Proclamation 10925,,90 FR 18899,hts_note
2026_rev_9,9903.94.44,33,Proclamation 10925,,90 FR 18899,hts_note
2026_rev_9,9903.94.45,33,Proclamation 10925,,90 FR 18899,hts_note
2026_rev_9,9903.94.50,33,Proclamation 10925,,90 FR 18899,hts_note
2026_rev_9,9903.94.51,33,Proclamation 10925,,90 FR 18899,hts_note
2026_rev_9,9903.94.52,33,Proclamation 10925,,90 FR 18899,hts_note
2026_rev_9,9903.94.53,33,Proclamation 10925,,90 FR 18899,hts_note
2026_rev_9,9903.94.54,33,Proclamation 10925,,90 FR 18899,hts_note
2026_rev_9,9903.94.55,33,Proclamation 10925,,90 FR 18899,hts_note
2026_rev_9,9903.94.60,33,Proclamation 10925,,90 FR 18899,hts_note
2026_rev_9,9903.94.61,33,Proclamation 10925,,90 FR 18899,hts_note
2026_rev_9,9903.94.62,33,Proclamation 10925,,90 FR 18899,hts_note
2026_rev_9,9903.94.63,33,Proclamation 10925,,90 FR 18899,hts_note
2026_rev_9,9903.94.64,33,Proclamation 10925,,90 FR 18899,hts_note
2026_rev_9,9903.94.65,33,Proclamation 10925,,90 FR 18899,hts_note
2026_rev_9,9903.94.66,33,Proclamation 10925,,90 FR 18899,hts_note
2026_rev_9,9903.94.67,33,Proclamation 10925,,90 FR 18899,hts_note
2026_rev_9,9903.94.68,33,Proclamation 10925,,90 FR 18899,hts_note
2026_rev_9,9903.94.69,33,Proclamation 10925,,90 FR 18899,hts_note
