ch99_codes,effective_from,effective_to,rate,note_ref,verbatim,revision
9903.45.01,2018-02-07,2019-02-06,0.2,NA,"If entered during the period from February 7, 2018 through February 6, 2019....................................................20%",2019_rev_11
9903.45.01,2019-02-07,2020-02-06,0.18,NA,"If entered during the period from February 7, 2019 through February 6, 2020 ...................................................18%",2019_rev_11
9903.45.01,2020-02-07,2021-02-07,0.16,NA,"If entered during the period from February 7, 2020 through February 7, 2021....................................................16%",2019_rev_11
9903.45.02,2018-02-07,2019-02-06,0.5,NA,"If entered during the period from February 7, 2018 through February 6, 2019....................................................50%",2019_rev_11
9903.45.02,2019-02-07,2020-02-06,0.45,NA,"If entered during the period from February 7, 2019 through February 6, 2020....................................................45%",2019_rev_11
9903.45.02,2020-02-07,2021-02-07,0.4,NA,"If entered during the period from February 7, 2020 through February 7, 2021....................................................40%",2019_rev_11
9903.45.06,2018-02-07,2019-02-06,0.5,NA,"If entered during the period from February 7, 2018 through February 6, 2019....................................................50%",2019_rev_11
9903.45.06,2019-02-07,2020-02-06,0.45,NA,"If entered during the period from February 7, 2019 through February 6, 2020....................................................45%",2019_rev_11
9903.45.06,2020-02-07,2021-02-07,0.4,NA,"If entered during the period from February 7, 2020 through February 7, 2021....................................................40%",2019_rev_11
9903.45.22,2018-02-07,2019-02-06,0.3,NA,"If entered during the period from February 7, 2018 through February 6, 2019....................................................30%",2019_rev_11
9903.45.22,2019-02-07,2020-02-06,0.25,NA,"If entered during the period from February 7, 2019 through February 6, 2020....................................................25%",2019_rev_11
9903.45.22,2020-02-07,2021-02-06,0.2,NA,"If entered during the period from February 7, 2020 through February 6, 2021 ...................................................20%",2019_rev_11
9903.45.22,2021-02-07,2022-02-06,0.15,NA,"If entered during the period from February 7, 2021 through February 6, 2022 ...................................................15%",2019_rev_11
9903.45.25,2018-02-07,2019-02-06,0.3,NA,"If entered during the period from February 7, 2018 through February 6, 2019....................................................30%",2019_rev_11
9903.45.25,2019-02-07,2020-02-06,0.25,NA,"If entered during the period from February 7, 2019 through February 6, 2020....................................................25%",2019_rev_11
9903.45.25,2020-02-07,2021-02-06,0.2,NA,"If entered during the period from February 7, 2020 through February 6, 2021 ...................................................20%",2019_rev_11
9903.45.25,2021-02-07,2022-02-06,0.15,NA,"If entered during the period from February 7, 2021 through February 6, 2022 ...................................................15%",2019_rev_11
9903.45.01,2018-02-07,2019-02-06,0.2,NA,"If entered during the period from February 7, 2018 through February 6, 2019....................................................20%",2023_rev_10
9903.45.01,2019-02-07,2020-02-06,0.18,NA,"If entered during the period from February 7, 2019 through February 6, 2020 ...................................................18%",2023_rev_10
9903.45.01,2020-02-07,2021-02-07,0.16,NA,"If entered during the period from February 7, 2020 through February 7, 2021....................................................16%",2023_rev_10
9903.45.01,2021-02-08,2022-02-07,0.15,NA,"If entered during the period from February 8, 2021 through February 7, 2022 ................................................................................15%",2023_rev_10
9903.45.01,2022-02-08,2023-02-07,0.14,NA,"If entered during the period from February 8, 2022 through February 7, 2023 ................................................................................14%",2023_rev_10
9903.45.02,2018-02-07,2019-02-06,0.5,NA,"If entered during the period from February 7, 2018 through February 6, 2019....................................................50%",2023_rev_10
9903.45.02,2019-02-07,2020-02-06,0.45,NA,"If entered during the period from February 7, 2019 through February 6, 2020....................................................45%",2023_rev_10
9903.45.02,2020-02-07,2021-02-07,0.4,NA,"If entered during the period from February 7, 2020 through February 7, 2021....................................................40%",2023_rev_10
9903.45.02,2021-02-08,2022-02-07,0.35,NA,"If entered during the period from February 8, 2021 through February 7, 2022 ................................................................................35%",2023_rev_10
9903.45.02,2022-02-08,2023-02-07,0.3,NA,"If entered during the period from February 8, 2022 through February 7, 2023 ................................................................................30%",2023_rev_10
9903.45.06,2018-02-07,2019-02-06,0.5,NA,"If entered during the period from February 7, 2018 through February 6, 2019....................................................50%",2023_rev_10
9903.45.06,2019-02-07,2020-02-06,0.45,NA,"If entered during the period from February 7, 2019 through February 6, 2020....................................................45%",2023_rev_10
9903.45.06,2020-02-07,2021-02-07,0.4,NA,"If entered during the period from February 7, 2020 through February 7, 2021....................................................40%",2023_rev_10
9903.45.06,2021-02-08,2022-02-07,0.35,NA,"If entered during the period from February 8, 2021 through February 7, 2022 ................................................................................35%",2023_rev_10
9903.45.06,2022-02-08,2023-02-07,0.3,NA,"If entered during the period from February 8, 2022 through February 7, 2023 ................................................................................30%",2023_rev_10
9903.45.22,2018-02-07,2019-02-06,0.3,NA,"If entered during the period from February 7, 2018 through February 6, 2019....................................................30%",2023_rev_10
9903.45.22,2019-02-07,2020-02-06,0.25,NA,"If entered during the period from February 7, 2019 through February 6, 2020....................................................25%",2023_rev_10
9903.45.22,2020-02-07,2021-02-06,0.2,NA,"If entered during the period from February 7, 2020 through February 6, 2021 ...................................................20%",2023_rev_10
9903.45.22,2021-02-07,2022-02-06,0.18,NA,"If entered during the period from February 7, 2021 through February 6, 2022 ...................................................18%",2023_rev_10
9903.45.22,2022-02-07,2023-02-06,0.1475,NA,"If entered during the period from February 7, 2022 through February 6, 2023 ...................................................14.75%",2023_rev_10
9903.45.22,2023-02-07,2024-02-06,0.145,NA,"If entered during the period from February 7, 2023 through February 6, 2024 ...................................................14.5%",2023_rev_10
9903.45.22,2024-02-07,2025-02-06,0.1425,NA,"If entered during the period from February 7, 2024 through February 6, 2025 ...................................................14.25%",2023_rev_10
9903.45.22,2025-02-07,2026-02-06,0.14,NA,"If entered during the period from February 7, 2025 through February 6, 2026 ...................................................14%",2023_rev_10
9903.45.25,2018-02-07,2019-02-06,0.3,NA,"If entered during the period from February 7, 2018 through February 6, 2019....................................................30%",2023_rev_10
9903.45.25,2019-02-07,2020-02-06,0.25,NA,"If entered during the period from February 7, 2019 through February 6, 2020....................................................25%",2023_rev_10
9903.45.25,2020-02-07,2021-02-06,0.2,NA,"If entered during the period from February 7, 2020 through February 6, 2021 ...................................................20%",2023_rev_10
9903.45.25,2021-02-07,2022-02-06,0.18,NA,"If entered during the period from February 7, 2021 through February 6, 2022 ...................................................18%",2023_rev_10
9903.45.25,2022-02-07,2023-02-06,0.1475,NA,"If entered during the period from February 7, 2022 through February 6, 2023....................................................14.75%",2023_rev_10
9903.45.25,2023-02-07,2024-02-06,0.145,NA,"If entered during the period from February 7, 2023 through February 6, 2024....................................................14.5%",2023_rev_10
9903.45.25,2024-02-07,2025-02-06,0.1425,NA,"If entered during the period from February 7, 2024 through February 6, 2025....................................................14.25%",2023_rev_10
9903.45.25,2025-02-07,2026-02-06,0.14,NA,"If entered during the period from February 7, 2025 through February 6, 2026....................................................14%",2023_rev_10
9903.45.01,2018-02-07,2019-02-06,0.2,NA,"If entered during the period from February 7, 2018 through February 6, 2019....................................................20%",2023_rev_11
9903.45.01,2019-02-07,2020-02-06,0.18,NA,"If entered during the period from February 7, 2019 through February 6, 2020 ...................................................18%",2023_rev_11
9903.45.01,2020-02-07,2021-02-07,0.16,NA,"If entered during the period from February 7, 2020 through February 7, 2021....................................................16%",2023_rev_11
9903.45.01,2021-02-08,2022-02-07,0.15,NA,"If entered during the period from February 8, 2021 through February 7, 2022 ................................................................................15%",2023_rev_11
9903.45.01,2022-02-08,2023-02-07,0.14,NA,"If entered during the period from February 8, 2022 through February 7, 2023 ................................................................................14%",2023_rev_11
9903.45.02,2018-02-07,2019-02-06,0.5,NA,"If entered during the period from February 7, 2018 through February 6, 2019....................................................50%",2023_rev_11
9903.45.02,2019-02-07,2020-02-06,0.45,NA,"If entered during the period from February 7, 2019 through February 6, 2020....................................................45%",2023_rev_11
9903.45.02,2020-02-07,2021-02-07,0.4,NA,"If entered during the period from February 7, 2020 through February 7, 2021....................................................40%",2023_rev_11
9903.45.02,2021-02-08,2022-02-07,0.35,NA,"If entered during the period from February 8, 2021 through February 7, 2022 ................................................................................35%",2023_rev_11
9903.45.02,2022-02-08,2023-02-07,0.3,NA,"If entered during the period from February 8, 2022 through February 7, 2023 ................................................................................30%",2023_rev_11
9903.45.06,2018-02-07,2019-02-06,0.5,NA,"If entered during the period from February 7, 2018 through February 6, 2019....................................................50%",2023_rev_11
9903.45.06,2019-02-07,2020-02-06,0.45,NA,"If entered during the period from February 7, 2019 through February 6, 2020....................................................45%",2023_rev_11
9903.45.06,2020-02-07,2021-02-07,0.4,NA,"If entered during the period from February 7, 2020 through February 7, 2021....................................................40%",2023_rev_11
9903.45.06,2021-02-08,2022-02-07,0.35,NA,"If entered during the period from February 8, 2021 through February 7, 2022 ................................................................................35%",2023_rev_11
9903.45.06,2022-02-08,2023-02-07,0.3,NA,"If entered during the period from February 8, 2022 through February 7, 2023 ................................................................................30%",2023_rev_11
9903.45.22,2018-02-07,2019-02-06,0.3,NA,"If entered during the period from February 7, 2018 through February 6, 2019....................................................30%",2023_rev_11
9903.45.22,2019-02-07,2020-02-06,0.25,NA,"If entered during the period from February 7, 2019 through February 6, 2020....................................................25%",2023_rev_11
9903.45.22,2020-02-07,2021-02-06,0.2,NA,"If entered during the period from February 7, 2020 through February 6, 2021 ...................................................20%",2023_rev_11
9903.45.22,2021-02-07,2022-02-06,0.18,NA,"If entered during the period from February 7, 2021 through February 6, 2022 ...................................................18%",2023_rev_11
9903.45.22,2022-02-07,2023-02-06,0.1475,NA,"If entered during the period from February 7, 2022 through February 6, 2023 ...................................................14.75%",2023_rev_11
9903.45.22,2023-02-07,2024-02-06,0.145,NA,"If entered during the period from February 7, 2023 through February 6, 2024 ...................................................14.5%",2023_rev_11
9903.45.22,2024-02-07,2025-02-06,0.1425,NA,"If entered during the period from February 7, 2024 through February 6, 2025 ...................................................14.25%",2023_rev_11
9903.45.22,2025-02-07,2026-02-06,0.14,NA,"If entered during the period from February 7, 2025 through February 6, 2026 ...................................................14%",2023_rev_11
9903.45.25,2018-02-07,2019-02-06,0.3,NA,"If entered during the period from February 7, 2018 through February 6, 2019....................................................30%",2023_rev_11
9903.45.25,2019-02-07,2020-02-06,0.25,NA,"If entered during the period from February 7, 2019 through February 6, 2020....................................................25%",2023_rev_11
9903.45.25,2020-02-07,2021-02-06,0.2,NA,"If entered during the period from February 7, 2020 through February 6, 2021 ...................................................20%",2023_rev_11
9903.45.25,2021-02-07,2022-02-06,0.18,NA,"If entered during the period from February 7, 2021 through February 6, 2022 ...................................................18%",2023_rev_11
9903.45.25,2022-02-07,2023-02-06,0.1475,NA,"If entered during the period from February 7, 2022 through February 6, 2023....................................................14.75%",2023_rev_11
9903.45.25,2023-02-07,2024-02-06,0.145,NA,"If entered during the period from February 7, 2023 through February 6, 2024....................................................14.5%",2023_rev_11
9903.45.25,2024-02-07,2025-02-06,0.1425,NA,"If entered during the period from February 7, 2024 through February 6, 2025....................................................14.25%",2023_rev_11
9903.45.25,2025-02-07,2026-02-06,0.14,NA,"If entered during the period from February 7, 2025 through February 6, 2026....................................................14%",2023_rev_11
9903.45.01,2018-02-07,2019-02-06,0.2,NA,"If entered during the period from February 7, 2018 through February 6, 2019....................................................20%",2024_basic
9903.45.01,2019-02-07,2020-02-06,0.18,NA,"If entered during the period from February 7, 2019 through February 6, 2020 ...................................................18%",2024_basic
9903.45.01,2020-02-07,2021-02-07,0.16,NA,"If entered during the period from February 7, 2020 through February 7, 2021....................................................16%",2024_basic
9903.45.01,2021-02-08,2022-02-07,0.15,NA,"If entered during the period from February 8, 2021 through February 7, 2022 ................................................................................15%",2024_basic
9903.45.01,2022-02-08,2023-02-07,0.14,NA,"If entered during the period from February 8, 2022 through February 7, 2023 ................................................................................14%",2024_basic
9903.45.02,2018-02-07,2019-02-06,0.5,NA,"If entered during the period from February 7, 2018 through February 6, 2019....................................................50%",2024_basic
9903.45.02,2019-02-07,2020-02-06,0.45,NA,"If entered during the period from February 7, 2019 through February 6, 2020....................................................45%",2024_basic
9903.45.02,2020-02-07,2021-02-07,0.4,NA,"If entered during the period from February 7, 2020 through February 7, 2021....................................................40%",2024_basic
9903.45.02,2021-02-08,2022-02-07,0.35,NA,"If entered during the period from February 8, 2021 through February 7, 2022 ................................................................................35%",2024_basic
9903.45.02,2022-02-08,2023-02-07,0.3,NA,"If entered during the period from February 8, 2022 through February 7, 2023 ................................................................................30%",2024_basic
9903.45.06,2018-02-07,2019-02-06,0.5,NA,"If entered during the period from February 7, 2018 through February 6, 2019....................................................50%",2024_basic
9903.45.06,2019-02-07,2020-02-06,0.45,NA,"If entered during the period from February 7, 2019 through February 6, 2020....................................................45%",2024_basic
9903.45.06,2020-02-07,2021-02-07,0.4,NA,"If entered during the period from February 7, 2020 through February 7, 2021....................................................40%",2024_basic
9903.45.06,2021-02-08,2022-02-07,0.35,NA,"If entered during the period from February 8, 2021 through February 7, 2022 ................................................................................35%",2024_basic
9903.45.06,2022-02-08,2023-02-07,0.3,NA,"If entered during the period from February 8, 2022 through February 7, 2023 ................................................................................30%",2024_basic
9903.45.22,2018-02-07,2019-02-06,0.3,NA,"If entered during the period from February 7, 2018 through February 6, 2019....................................................30%",2024_basic
9903.45.22,2019-02-07,2020-02-06,0.25,NA,"If entered during the period from February 7, 2019 through February 6, 2020....................................................25%",2024_basic
9903.45.22,2020-02-07,2021-02-06,0.2,NA,"If entered during the period from February 7, 2020 through February 6, 2021 ...................................................20%",2024_basic
9903.45.22,2021-02-07,2022-02-06,0.18,NA,"If entered during the period from February 7, 2021 through February 6, 2022 ...................................................18%",2024_basic
9903.45.22,2022-02-07,2023-02-06,0.1475,NA,"If entered during the period from February 7, 2022 through February 6, 2023 ...................................................14.75%",2024_basic
9903.45.22,2023-02-07,2024-02-06,0.145,NA,"If entered during the period from February 7, 2023 through February 6, 2024 ...................................................14.5%",2024_basic
9903.45.22,2024-02-07,2025-02-06,0.1425,NA,"If entered during the period from February 7, 2024 through February 6, 2025 ...................................................14.25%",2024_basic
9903.45.22,2025-02-07,2026-02-06,0.14,NA,"If entered during the period from February 7, 2025 through February 6, 2026 ...................................................14%",2024_basic
9903.45.25,2018-02-07,2019-02-06,0.3,NA,"If entered during the period from February 7, 2018 through February 6, 2019....................................................30%",2024_basic
9903.45.25,2019-02-07,2020-02-06,0.25,NA,"If entered during the period from February 7, 2019 through February 6, 2020....................................................25%",2024_basic
9903.45.25,2020-02-07,2021-02-06,0.2,NA,"If entered during the period from February 7, 2020 through February 6, 2021 ...................................................20%",2024_basic
9903.45.25,2021-02-07,2022-02-06,0.18,NA,"If entered during the period from February 7, 2021 through February 6, 2022 ...................................................18%",2024_basic
9903.45.25,2022-02-07,2023-02-06,0.1475,NA,"If entered during the period from February 7, 2022 through February 6, 2023....................................................14.75%",2024_basic
9903.45.25,2023-02-07,2024-02-06,0.145,NA,"If entered during the period from February 7, 2023 through February 6, 2024....................................................14.5%",2024_basic
9903.45.25,2024-02-07,2025-02-06,0.1425,NA,"If entered during the period from February 7, 2024 through February 6, 2025....................................................14.25%",2024_basic
9903.45.25,2025-02-07,2026-02-06,0.14,NA,"If entered during the period from February 7, 2025 through February 6, 2026....................................................14%",2024_basic
9903.45.01,2018-02-07,2019-02-06,0.2,NA,"If entered during the period from February 7, 2018 through February 6, 2019....................................................20%",2024_rev_1
9903.45.01,2019-02-07,2020-02-06,0.18,NA,"If entered during the period from February 7, 2019 through February 6, 2020 ...................................................18%",2024_rev_1
9903.45.01,2020-02-07,2021-02-07,0.16,NA,"If entered during the period from February 7, 2020 through February 7, 2021....................................................16%",2024_rev_1
9903.45.01,2021-02-08,2022-02-07,0.15,NA,"If entered during the period from February 8, 2021 through February 7, 2022 ................................................................................15%",2024_rev_1
9903.45.01,2022-02-08,2023-02-07,0.14,NA,"If entered during the period from February 8, 2022 through February 7, 2023 ................................................................................14%",2024_rev_1
9903.45.02,2018-02-07,2019-02-06,0.5,NA,"If entered during the period from February 7, 2018 through February 6, 2019....................................................50%",2024_rev_1
9903.45.02,2019-02-07,2020-02-06,0.45,NA,"If entered during the period from February 7, 2019 through February 6, 2020....................................................45%",2024_rev_1
9903.45.02,2020-02-07,2021-02-07,0.4,NA,"If entered during the period from February 7, 2020 through February 7, 2021....................................................40%",2024_rev_1
9903.45.02,2021-02-08,2022-02-07,0.35,NA,"If entered during the period from February 8, 2021 through February 7, 2022 ................................................................................35%",2024_rev_1
9903.45.02,2022-02-08,2023-02-07,0.3,NA,"If entered during the period from February 8, 2022 through February 7, 2023 ................................................................................30%",2024_rev_1
9903.45.06,2018-02-07,2019-02-06,0.5,NA,"If entered during the period from February 7, 2018 through February 6, 2019....................................................50%",2024_rev_1
9903.45.06,2019-02-07,2020-02-06,0.45,NA,"If entered during the period from February 7, 2019 through February 6, 2020....................................................45%",2024_rev_1
9903.45.06,2020-02-07,2021-02-07,0.4,NA,"If entered during the period from February 7, 2020 through February 7, 2021....................................................40%",2024_rev_1
9903.45.06,2021-02-08,2022-02-07,0.35,NA,"If entered during the period from February 8, 2021 through February 7, 2022 ................................................................................35%",2024_rev_1
9903.45.06,2022-02-08,2023-02-07,0.3,NA,"If entered during the period from February 8, 2022 through February 7, 2023 ................................................................................30%",2024_rev_1
9903.45.22,2018-02-07,2019-02-06,0.3,NA,"If entered during the period from February 7, 2018 through February 6, 2019....................................................30%",2024_rev_1
9903.45.22,2019-02-07,2020-02-06,0.25,NA,"If entered during the period from February 7, 2019 through February 6, 2020....................................................25%",2024_rev_1
9903.45.22,2020-02-07,2021-02-06,0.2,NA,"If entered during the period from February 7, 2020 through February 6, 2021 ...................................................20%",2024_rev_1
9903.45.22,2021-02-07,2022-02-06,0.18,NA,"If entered during the period from February 7, 2021 through February 6, 2022 ...................................................18%",2024_rev_1
9903.45.22,2022-02-07,2023-02-06,0.1475,NA,"If entered during the period from February 7, 2022 through February 6, 2023 ...................................................14.75%",2024_rev_1
9903.45.22,2023-02-07,2024-02-06,0.145,NA,"If entered during the period from February 7, 2023 through February 6, 2024 ...................................................14.5%",2024_rev_1
9903.45.22,2024-02-07,2025-02-06,0.1425,NA,"If entered during the period from February 7, 2024 through February 6, 2025 ...................................................14.25%",2024_rev_1
9903.45.22,2025-02-07,2026-02-06,0.14,NA,"If entered during the period from February 7, 2025 through February 6, 2026 ...................................................14%",2024_rev_1
9903.45.25,2018-02-07,2019-02-06,0.3,NA,"If entered during the period from February 7, 2018 through February 6, 2019....................................................30%",2024_rev_1
9903.45.25,2019-02-07,2020-02-06,0.25,NA,"If entered during the period from February 7, 2019 through February 6, 2020....................................................25%",2024_rev_1
9903.45.25,2020-02-07,2021-02-06,0.2,NA,"If entered during the period from February 7, 2020 through February 6, 2021 ...................................................20%",2024_rev_1
9903.45.25,2021-02-07,2022-02-06,0.18,NA,"If entered during the period from February 7, 2021 through February 6, 2022 ...................................................18%",2024_rev_1
9903.45.25,2022-02-07,2023-02-06,0.1475,NA,"If entered during the period from February 7, 2022 through February 6, 2023....................................................14.75%",2024_rev_1
9903.45.25,2023-02-07,2024-02-06,0.145,NA,"If entered during the period from February 7, 2023 through February 6, 2024....................................................14.5%",2024_rev_1
9903.45.25,2024-02-07,2025-02-06,0.1425,NA,"If entered during the period from February 7, 2024 through February 6, 2025....................................................14.25%",2024_rev_1
9903.45.25,2025-02-07,2026-02-06,0.14,NA,"If entered during the period from February 7, 2025 through February 6, 2026....................................................14%",2024_rev_1
9903.45.01,2018-02-07,2019-02-06,0.2,NA,"If entered during the period from February 7, 2018 through February 6, 2019....................................................20%",2024_rev_10
9903.45.01,2019-02-07,2020-02-06,0.18,NA,"If entered during the period from February 7, 2019 through February 6, 2020 ...................................................18%",2024_rev_10
9903.45.01,2020-02-07,2021-02-07,0.16,NA,"If entered during the period from February 7, 2020 through February 7, 2021....................................................16%",2024_rev_10
9903.45.01,2021-02-08,2022-02-07,0.15,NA,"If entered during the period from February 8, 2021 through February 7, 2022 ................................................................................15%",2024_rev_10
9903.45.01,2022-02-08,2023-02-07,0.14,NA,"If entered during the period from February 8, 2022 through February 7, 2023 ................................................................................14%",2024_rev_10
9903.45.02,2018-02-07,2019-02-06,0.5,NA,"If entered during the period from February 7, 2018 through February 6, 2019....................................................50%",2024_rev_10
9903.45.02,2019-02-07,2020-02-06,0.45,NA,"If entered during the period from February 7, 2019 through February 6, 2020....................................................45%",2024_rev_10
9903.45.02,2020-02-07,2021-02-07,0.4,NA,"If entered during the period from February 7, 2020 through February 7, 2021....................................................40%",2024_rev_10
9903.45.02,2021-02-08,2022-02-07,0.35,NA,"If entered during the period from February 8, 2021 through February 7, 2022 ................................................................................35%",2024_rev_10
9903.45.02,2022-02-08,2023-02-07,0.3,NA,"If entered during the period from February 8, 2022 through February 7, 2023 ................................................................................30%",2024_rev_10
9903.45.06,2018-02-07,2019-02-06,0.5,NA,"If entered during the period from February 7, 2018 through February 6, 2019....................................................50%",2024_rev_10
9903.45.06,2019-02-07,2020-02-06,0.45,NA,"If entered during the period from February 7, 2019 through February 6, 2020....................................................45%",2024_rev_10
9903.45.06,2020-02-07,2021-02-07,0.4,NA,"If entered during the period from February 7, 2020 through February 7, 2021....................................................40%",2024_rev_10
9903.45.06,2021-02-08,2022-02-07,0.35,NA,"If entered during the period from February 8, 2021 through February 7, 2022 ................................................................................35%",2024_rev_10
9903.45.06,2022-02-08,2023-02-07,0.3,NA,"If entered during the period from February 8, 2022 through February 7, 2023 ................................................................................30%",2024_rev_10
9903.45.22,2018-02-07,2019-02-06,0.3,NA,"If entered during the period from February 7, 2018 through February 6, 2019....................................................30%",2024_rev_10
9903.45.22,2019-02-07,2020-02-06,0.25,NA,"If entered during the period from February 7, 2019 through February 6, 2020....................................................25%",2024_rev_10
9903.45.22,2020-02-07,2021-02-06,0.2,NA,"If entered during the period from February 7, 2020 through February 6, 2021 ...................................................20%",2024_rev_10
9903.45.22,2021-02-07,2022-02-06,0.18,NA,"If entered during the period from February 7, 2021 through February 6, 2022 ...................................................18%",2024_rev_10
9903.45.22,2022-02-07,2023-02-06,0.1475,NA,"If entered during the period from February 7, 2022 through February 6, 2023 ...................................................14.75%",2024_rev_10
9903.45.22,2023-02-07,2024-02-06,0.145,NA,"If entered during the period from February 7, 2023 through February 6, 2024 ...................................................14.5%",2024_rev_10
9903.45.22,2024-02-07,2025-02-06,0.1425,NA,"If entered during the period from February 7, 2024 through February 6, 2025 ...................................................14.25%",2024_rev_10
9903.45.22,2025-02-07,2026-02-06,0.14,NA,"If entered during the period from February 7, 2025 through February 6, 2026 ...................................................14%",2024_rev_10
9903.45.25,2018-02-07,2019-02-06,0.3,NA,"If entered during the period from February 7, 2018 through February 6, 2019....................................................30%",2024_rev_10
9903.45.25,2019-02-07,2020-02-06,0.25,NA,"If entered during the period from February 7, 2019 through February 6, 2020....................................................25%",2024_rev_10
9903.45.25,2020-02-07,2021-02-06,0.2,NA,"If entered during the period from February 7, 2020 through February 6, 2021 ...................................................20%",2024_rev_10
9903.45.25,2021-02-07,2022-02-06,0.18,NA,"If entered during the period from February 7, 2021 through February 6, 2022 ...................................................18%",2024_rev_10
9903.45.25,2022-02-07,2023-02-06,0.1475,NA,"If entered during the period from February 7, 2022 through February 6, 2023....................................................14.75%",2024_rev_10
9903.45.25,2023-02-07,2024-02-06,0.145,NA,"If entered during the period from February 7, 2023 through February 6, 2024....................................................14.5%",2024_rev_10
9903.45.25,2024-02-07,2025-02-06,0.1425,NA,"If entered during the period from February 7, 2024 through February 6, 2025....................................................14.25%",2024_rev_10
9903.45.25,2025-02-07,2026-02-06,0.14,NA,"If entered during the period from February 7, 2025 through February 6, 2026....................................................14%",2024_rev_10
9903.45.01,2018-02-07,2019-02-06,0.2,NA,"If entered during the period from February 7, 2018 through February 6, 2019....................................................20%",2024_rev_2
9903.45.01,2019-02-07,2020-02-06,0.18,NA,"If entered during the period from February 7, 2019 through February 6, 2020 ...................................................18%",2024_rev_2
9903.45.01,2020-02-07,2021-02-07,0.16,NA,"If entered during the period from February 7, 2020 through February 7, 2021....................................................16%",2024_rev_2
9903.45.01,2021-02-08,2022-02-07,0.15,NA,"If entered during the period from February 8, 2021 through February 7, 2022 ................................................................................15%",2024_rev_2
9903.45.01,2022-02-08,2023-02-07,0.14,NA,"If entered during the period from February 8, 2022 through February 7, 2023 ................................................................................14%",2024_rev_2
9903.45.02,2018-02-07,2019-02-06,0.5,NA,"If entered during the period from February 7, 2018 through February 6, 2019....................................................50%",2024_rev_2
9903.45.02,2019-02-07,2020-02-06,0.45,NA,"If entered during the period from February 7, 2019 through February 6, 2020....................................................45%",2024_rev_2
9903.45.02,2020-02-07,2021-02-07,0.4,NA,"If entered during the period from February 7, 2020 through February 7, 2021....................................................40%",2024_rev_2
9903.45.02,2021-02-08,2022-02-07,0.35,NA,"If entered during the period from February 8, 2021 through February 7, 2022 ................................................................................35%",2024_rev_2
9903.45.02,2022-02-08,2023-02-07,0.3,NA,"If entered during the period from February 8, 2022 through February 7, 2023 ................................................................................30%",2024_rev_2
9903.45.06,2018-02-07,2019-02-06,0.5,NA,"If entered during the period from February 7, 2018 through February 6, 2019....................................................50%",2024_rev_2
9903.45.06,2019-02-07,2020-02-06,0.45,NA,"If entered during the period from February 7, 2019 through February 6, 2020....................................................45%",2024_rev_2
9903.45.06,2020-02-07,2021-02-07,0.4,NA,"If entered during the period from February 7, 2020 through February 7, 2021....................................................40%",2024_rev_2
9903.45.06,2021-02-08,2022-02-07,0.35,NA,"If entered during the period from February 8, 2021 through February 7, 2022 ................................................................................35%",2024_rev_2
9903.45.06,2022-02-08,2023-02-07,0.3,NA,"If entered during the period from February 8, 2022 through February 7, 2023 ................................................................................30%",2024_rev_2
9903.45.22,2018-02-07,2019-02-06,0.3,NA,"If entered during the period from February 7, 2018 through February 6, 2019....................................................30%",2024_rev_2
9903.45.22,2019-02-07,2020-02-06,0.25,NA,"If entered during the period from February 7, 2019 through February 6, 2020....................................................25%",2024_rev_2
9903.45.22,2020-02-07,2021-02-06,0.2,NA,"If entered during the period from February 7, 2020 through February 6, 2021 ...................................................20%",2024_rev_2
9903.45.22,2021-02-07,2022-02-06,0.18,NA,"If entered during the period from February 7, 2021 through February 6, 2022 ...................................................18%",2024_rev_2
9903.45.22,2022-02-07,2023-02-06,0.1475,NA,"If entered during the period from February 7, 2022 through February 6, 2023 ...................................................14.75%",2024_rev_2
9903.45.22,2023-02-07,2024-02-06,0.145,NA,"If entered during the period from February 7, 2023 through February 6, 2024 ...................................................14.5%",2024_rev_2
9903.45.22,2024-02-07,2025-02-06,0.1425,NA,"If entered during the period from February 7, 2024 through February 6, 2025 ...................................................14.25%",2024_rev_2
9903.45.22,2025-02-07,2026-02-06,0.14,NA,"If entered during the period from February 7, 2025 through February 6, 2026 ...................................................14%",2024_rev_2
9903.45.25,2018-02-07,2019-02-06,0.3,NA,"If entered during the period from February 7, 2018 through February 6, 2019....................................................30%",2024_rev_2
9903.45.25,2019-02-07,2020-02-06,0.25,NA,"If entered during the period from February 7, 2019 through February 6, 2020....................................................25%",2024_rev_2
9903.45.25,2020-02-07,2021-02-06,0.2,NA,"If entered during the period from February 7, 2020 through February 6, 2021 ...................................................20%",2024_rev_2
9903.45.25,2021-02-07,2022-02-06,0.18,NA,"If entered during the period from February 7, 2021 through February 6, 2022 ...................................................18%",2024_rev_2
9903.45.25,2022-02-07,2023-02-06,0.1475,NA,"If entered during the period from February 7, 2022 through February 6, 2023....................................................14.75%",2024_rev_2
9903.45.25,2023-02-07,2024-02-06,0.145,NA,"If entered during the period from February 7, 2023 through February 6, 2024....................................................14.5%",2024_rev_2
9903.45.25,2024-02-07,2025-02-06,0.1425,NA,"If entered during the period from February 7, 2024 through February 6, 2025....................................................14.25%",2024_rev_2
9903.45.25,2025-02-07,2026-02-06,0.14,NA,"If entered during the period from February 7, 2025 through February 6, 2026....................................................14%",2024_rev_2
9903.45.01,2018-02-07,2019-02-06,0.2,NA,"If entered during the period from February 7, 2018 through February 6, 2019....................................................20%",2024_rev_3
9903.45.01,2019-02-07,2020-02-06,0.18,NA,"If entered during the period from February 7, 2019 through February 6, 2020 ...................................................18%",2024_rev_3
9903.45.01,2020-02-07,2021-02-07,0.16,NA,"If entered during the period from February 7, 2020 through February 7, 2021....................................................16%",2024_rev_3
9903.45.01,2021-02-08,2022-02-07,0.15,NA,"If entered during the period from February 8, 2021 through February 7, 2022 ................................................................................15%",2024_rev_3
9903.45.01,2022-02-08,2023-02-07,0.14,NA,"If entered during the period from February 8, 2022 through February 7, 2023 ................................................................................14%",2024_rev_3
9903.45.02,2018-02-07,2019-02-06,0.5,NA,"If entered during the period from February 7, 2018 through February 6, 2019....................................................50%",2024_rev_3
9903.45.02,2019-02-07,2020-02-06,0.45,NA,"If entered during the period from February 7, 2019 through February 6, 2020....................................................45%",2024_rev_3
9903.45.02,2020-02-07,2021-02-07,0.4,NA,"If entered during the period from February 7, 2020 through February 7, 2021....................................................40%",2024_rev_3
9903.45.02,2021-02-08,2022-02-07,0.35,NA,"If entered during the period from February 8, 2021 through February 7, 2022 ................................................................................35%",2024_rev_3
9903.45.02,2022-02-08,2023-02-07,0.3,NA,"If entered during the period from February 8, 2022 through February 7, 2023 ................................................................................30%",2024_rev_3
9903.45.06,2018-02-07,2019-02-06,0.5,NA,"If entered during the period from February 7, 2018 through February 6, 2019....................................................50%",2024_rev_3
9903.45.06,2019-02-07,2020-02-06,0.45,NA,"If entered during the period from February 7, 2019 through February 6, 2020....................................................45%",2024_rev_3
9903.45.06,2020-02-07,2021-02-07,0.4,NA,"If entered during the period from February 7, 2020 through February 7, 2021....................................................40%",2024_rev_3
9903.45.06,2021-02-08,2022-02-07,0.35,NA,"If entered during the period from February 8, 2021 through February 7, 2022 ................................................................................35%",2024_rev_3
9903.45.06,2022-02-08,2023-02-07,0.3,NA,"If entered during the period from February 8, 2022 through February 7, 2023 ................................................................................30%",2024_rev_3
9903.45.22,2018-02-07,2019-02-06,0.3,NA,"If entered during the period from February 7, 2018 through February 6, 2019....................................................30%",2024_rev_3
9903.45.22,2019-02-07,2020-02-06,0.25,NA,"If entered during the period from February 7, 2019 through February 6, 2020....................................................25%",2024_rev_3
9903.45.22,2020-02-07,2021-02-06,0.2,NA,"If entered during the period from February 7, 2020 through February 6, 2021 ...................................................20%",2024_rev_3
9903.45.22,2021-02-07,2022-02-06,0.18,NA,"If entered during the period from February 7, 2021 through February 6, 2022 ...................................................18%",2024_rev_3
9903.45.22,2022-02-07,2023-02-06,0.1475,NA,"If entered during the period from February 7, 2022 through February 6, 2023 ...................................................14.75%",2024_rev_3
9903.45.22,2023-02-07,2024-02-06,0.145,NA,"If entered during the period from February 7, 2023 through February 6, 2024 ...................................................14.5%",2024_rev_3
9903.45.22,2024-02-07,2025-02-06,0.1425,NA,"If entered during the period from February 7, 2024 through February 6, 2025 ...................................................14.25%",2024_rev_3
9903.45.22,2025-02-07,2026-02-06,0.14,NA,"If entered during the period from February 7, 2025 through February 6, 2026 ...................................................14%",2024_rev_3
9903.45.25,2018-02-07,2019-02-06,0.3,NA,"If entered during the period from February 7, 2018 through February 6, 2019....................................................30%",2024_rev_3
9903.45.25,2019-02-07,2020-02-06,0.25,NA,"If entered during the period from February 7, 2019 through February 6, 2020....................................................25%",2024_rev_3
9903.45.25,2020-02-07,2021-02-06,0.2,NA,"If entered during the period from February 7, 2020 through February 6, 2021 ...................................................20%",2024_rev_3
9903.45.25,2021-02-07,2022-02-06,0.18,NA,"If entered during the period from February 7, 2021 through February 6, 2022 ...................................................18%",2024_rev_3
9903.45.25,2022-02-07,2023-02-06,0.1475,NA,"If entered during the period from February 7, 2022 through February 6, 2023....................................................14.75%",2024_rev_3
9903.45.25,2023-02-07,2024-02-06,0.145,NA,"If entered during the period from February 7, 2023 through February 6, 2024....................................................14.5%",2024_rev_3
9903.45.25,2024-02-07,2025-02-06,0.1425,NA,"If entered during the period from February 7, 2024 through February 6, 2025....................................................14.25%",2024_rev_3
9903.45.25,2025-02-07,2026-02-06,0.14,NA,"If entered during the period from February 7, 2025 through February 6, 2026....................................................14%",2024_rev_3
9903.45.01,2018-02-07,2019-02-06,0.2,NA,"If entered during the period from February 7, 2018 through February 6, 2019....................................................20%",2024_rev_4
9903.45.01,2019-02-07,2020-02-06,0.18,NA,"If entered during the period from February 7, 2019 through February 6, 2020 ...................................................18%",2024_rev_4
9903.45.01,2020-02-07,2021-02-07,0.16,NA,"If entered during the period from February 7, 2020 through February 7, 2021....................................................16%",2024_rev_4
9903.45.01,2021-02-08,2022-02-07,0.15,NA,"If entered during the period from February 8, 2021 through February 7, 2022 ................................................................................15%",2024_rev_4
9903.45.01,2022-02-08,2023-02-07,0.14,NA,"If entered during the period from February 8, 2022 through February 7, 2023 ................................................................................14%",2024_rev_4
9903.45.02,2018-02-07,2019-02-06,0.5,NA,"If entered during the period from February 7, 2018 through February 6, 2019....................................................50%",2024_rev_4
9903.45.02,2019-02-07,2020-02-06,0.45,NA,"If entered during the period from February 7, 2019 through February 6, 2020....................................................45%",2024_rev_4
9903.45.02,2020-02-07,2021-02-07,0.4,NA,"If entered during the period from February 7, 2020 through February 7, 2021....................................................40%",2024_rev_4
9903.45.02,2021-02-08,2022-02-07,0.35,NA,"If entered during the period from February 8, 2021 through February 7, 2022 ................................................................................35%",2024_rev_4
9903.45.02,2022-02-08,2023-02-07,0.3,NA,"If entered during the period from February 8, 2022 through February 7, 2023 ................................................................................30%",2024_rev_4
9903.45.06,2018-02-07,2019-02-06,0.5,NA,"If entered during the period from February 7, 2018 through February 6, 2019....................................................50%",2024_rev_4
9903.45.06,2019-02-07,2020-02-06,0.45,NA,"If entered during the period from February 7, 2019 through February 6, 2020....................................................45%",2024_rev_4
9903.45.06,2020-02-07,2021-02-07,0.4,NA,"If entered during the period from February 7, 2020 through February 7, 2021....................................................40%",2024_rev_4
9903.45.06,2021-02-08,2022-02-07,0.35,NA,"If entered during the period from February 8, 2021 through February 7, 2022 ................................................................................35%",2024_rev_4
9903.45.06,2022-02-08,2023-02-07,0.3,NA,"If entered during the period from February 8, 2022 through February 7, 2023 ................................................................................30%",2024_rev_4
9903.45.22,2018-02-07,2019-02-06,0.3,NA,"If entered during the period from February 7, 2018 through February 6, 2019....................................................30%",2024_rev_4
9903.45.22,2019-02-07,2020-02-06,0.25,NA,"If entered during the period from February 7, 2019 through February 6, 2020....................................................25%",2024_rev_4
9903.45.22,2020-02-07,2021-02-06,0.2,NA,"If entered during the period from February 7, 2020 through February 6, 2021 ...................................................20%",2024_rev_4
9903.45.22,2021-02-07,2022-02-06,0.18,NA,"If entered during the period from February 7, 2021 through February 6, 2022 ...................................................18%",2024_rev_4
9903.45.22,2022-02-07,2023-02-06,0.1475,NA,"If entered during the period from February 7, 2022 through February 6, 2023 ...................................................14.75%",2024_rev_4
9903.45.22,2023-02-07,2024-02-06,0.145,NA,"If entered during the period from February 7, 2023 through February 6, 2024 ...................................................14.5%",2024_rev_4
9903.45.22,2024-02-07,2025-02-06,0.1425,NA,"If entered during the period from February 7, 2024 through February 6, 2025 ...................................................14.25%",2024_rev_4
9903.45.22,2025-02-07,2026-02-06,0.14,NA,"If entered during the period from February 7, 2025 through February 6, 2026 ...................................................14%",2024_rev_4
9903.45.25,2018-02-07,2019-02-06,0.3,NA,"If entered during the period from February 7, 2018 through February 6, 2019....................................................30%",2024_rev_4
9903.45.25,2019-02-07,2020-02-06,0.25,NA,"If entered during the period from February 7, 2019 through February 6, 2020....................................................25%",2024_rev_4
9903.45.25,2020-02-07,2021-02-06,0.2,NA,"If entered during the period from February 7, 2020 through February 6, 2021 ...................................................20%",2024_rev_4
9903.45.25,2021-02-07,2022-02-06,0.18,NA,"If entered during the period from February 7, 2021 through February 6, 2022 ...................................................18%",2024_rev_4
9903.45.25,2022-02-07,2023-02-06,0.1475,NA,"If entered during the period from February 7, 2022 through February 6, 2023....................................................14.75%",2024_rev_4
9903.45.25,2023-02-07,2024-02-06,0.145,NA,"If entered during the period from February 7, 2023 through February 6, 2024....................................................14.5%",2024_rev_4
9903.45.25,2024-02-07,2025-02-06,0.1425,NA,"If entered during the period from February 7, 2024 through February 6, 2025....................................................14.25%",2024_rev_4
9903.45.25,2025-02-07,2026-02-06,0.14,NA,"If entered during the period from February 7, 2025 through February 6, 2026....................................................14%",2024_rev_4
9903.45.01,2018-02-07,2019-02-06,0.2,NA,"If entered during the period from February 7, 2018 through February 6, 2019....................................................20%",2024_rev_5
9903.45.01,2019-02-07,2020-02-06,0.18,NA,"If entered during the period from February 7, 2019 through February 6, 2020 ...................................................18%",2024_rev_5
9903.45.01,2020-02-07,2021-02-07,0.16,NA,"If entered during the period from February 7, 2020 through February 7, 2021....................................................16%",2024_rev_5
9903.45.01,2021-02-08,2022-02-07,0.15,NA,"If entered during the period from February 8, 2021 through February 7, 2022 ................................................................................15%",2024_rev_5
9903.45.01,2022-02-08,2023-02-07,0.14,NA,"If entered during the period from February 8, 2022 through February 7, 2023 ................................................................................14%",2024_rev_5
9903.45.02,2018-02-07,2019-02-06,0.5,NA,"If entered during the period from February 7, 2018 through February 6, 2019....................................................50%",2024_rev_5
9903.45.02,2019-02-07,2020-02-06,0.45,NA,"If entered during the period from February 7, 2019 through February 6, 2020....................................................45%",2024_rev_5
9903.45.02,2020-02-07,2021-02-07,0.4,NA,"If entered during the period from February 7, 2020 through February 7, 2021....................................................40%",2024_rev_5
9903.45.02,2021-02-08,2022-02-07,0.35,NA,"If entered during the period from February 8, 2021 through February 7, 2022 ................................................................................35%",2024_rev_5
9903.45.02,2022-02-08,2023-02-07,0.3,NA,"If entered during the period from February 8, 2022 through February 7, 2023 ................................................................................30%",2024_rev_5
9903.45.06,2018-02-07,2019-02-06,0.5,NA,"If entered during the period from February 7, 2018 through February 6, 2019....................................................50%",2024_rev_5
9903.45.06,2019-02-07,2020-02-06,0.45,NA,"If entered during the period from February 7, 2019 through February 6, 2020....................................................45%",2024_rev_5
9903.45.06,2020-02-07,2021-02-07,0.4,NA,"If entered during the period from February 7, 2020 through February 7, 2021....................................................40%",2024_rev_5
9903.45.06,2021-02-08,2022-02-07,0.35,NA,"If entered during the period from February 8, 2021 through February 7, 2022 ................................................................................35%",2024_rev_5
9903.45.06,2022-02-08,2023-02-07,0.3,NA,"If entered during the period from February 8, 2022 through February 7, 2023 ................................................................................30%",2024_rev_5
9903.45.22,2018-02-07,2019-02-06,0.3,NA,"If entered during the period from February 7, 2018 through February 6, 2019....................................................30%",2024_rev_5
9903.45.22,2019-02-07,2020-02-06,0.25,NA,"If entered during the period from February 7, 2019 through February 6, 2020....................................................25%",2024_rev_5
9903.45.22,2020-02-07,2021-02-06,0.2,NA,"If entered during the period from February 7, 2020 through February 6, 2021 ...................................................20%",2024_rev_5
9903.45.22,2021-02-07,2022-02-06,0.18,NA,"If entered during the period from February 7, 2021 through February 6, 2022 ...................................................18%",2024_rev_5
9903.45.22,2022-02-07,2023-02-06,0.1475,NA,"If entered during the period from February 7, 2022 through February 6, 2023 ...................................................14.75%",2024_rev_5
9903.45.22,2023-02-07,2024-02-06,0.145,NA,"If entered during the period from February 7, 2023 through February 6, 2024 ...................................................14.5%",2024_rev_5
9903.45.22,2024-02-07,2025-02-06,0.1425,NA,"If entered during the period from February 7, 2024 through February 6, 2025 ...................................................14.25%",2024_rev_5
9903.45.22,2025-02-07,2026-02-06,0.14,NA,"If entered during the period from February 7, 2025 through February 6, 2026 ...................................................14%",2024_rev_5
9903.45.25,2018-02-07,2019-02-06,0.3,NA,"If entered during the period from February 7, 2018 through February 6, 2019....................................................30%",2024_rev_5
9903.45.25,2019-02-07,2020-02-06,0.25,NA,"If entered during the period from February 7, 2019 through February 6, 2020....................................................25%",2024_rev_5
9903.45.25,2020-02-07,2021-02-06,0.2,NA,"If entered during the period from February 7, 2020 through February 6, 2021 ...................................................20%",2024_rev_5
9903.45.25,2021-02-07,2022-02-06,0.18,NA,"If entered during the period from February 7, 2021 through February 6, 2022 ...................................................18%",2024_rev_5
9903.45.25,2022-02-07,2023-02-06,0.1475,NA,"If entered during the period from February 7, 2022 through February 6, 2023....................................................14.75%",2024_rev_5
9903.45.25,2023-02-07,2024-02-06,0.145,NA,"If entered during the period from February 7, 2023 through February 6, 2024....................................................14.5%",2024_rev_5
9903.45.25,2024-02-07,2025-02-06,0.1425,NA,"If entered during the period from February 7, 2024 through February 6, 2025....................................................14.25%",2024_rev_5
9903.45.25,2025-02-07,2026-02-06,0.14,NA,"If entered during the period from February 7, 2025 through February 6, 2026....................................................14%",2024_rev_5
9903.45.01,2018-02-07,2019-02-06,0.2,NA,"If entered during the period from February 7, 2018 through February 6, 2019....................................................20%",2024_rev_6
9903.45.01,2019-02-07,2020-02-06,0.18,NA,"If entered during the period from February 7, 2019 through February 6, 2020 ...................................................18%",2024_rev_6
9903.45.01,2020-02-07,2021-02-07,0.16,NA,"If entered during the period from February 7, 2020 through February 7, 2021....................................................16%",2024_rev_6
9903.45.01,2021-02-08,2022-02-07,0.15,NA,"If entered during the period from February 8, 2021 through February 7, 2022 ................................................................................15%",2024_rev_6
9903.45.01,2022-02-08,2023-02-07,0.14,NA,"If entered during the period from February 8, 2022 through February 7, 2023 ................................................................................14%",2024_rev_6
9903.45.02,2018-02-07,2019-02-06,0.5,NA,"If entered during the period from February 7, 2018 through February 6, 2019....................................................50%",2024_rev_6
9903.45.02,2019-02-07,2020-02-06,0.45,NA,"If entered during the period from February 7, 2019 through February 6, 2020....................................................45%",2024_rev_6
9903.45.02,2020-02-07,2021-02-07,0.4,NA,"If entered during the period from February 7, 2020 through February 7, 2021....................................................40%",2024_rev_6
9903.45.02,2021-02-08,2022-02-07,0.35,NA,"If entered during the period from February 8, 2021 through February 7, 2022 ................................................................................35%",2024_rev_6
9903.45.02,2022-02-08,2023-02-07,0.3,NA,"If entered during the period from February 8, 2022 through February 7, 2023 ................................................................................30%",2024_rev_6
9903.45.06,2018-02-07,2019-02-06,0.5,NA,"If entered during the period from February 7, 2018 through February 6, 2019....................................................50%",2024_rev_6
9903.45.06,2019-02-07,2020-02-06,0.45,NA,"If entered during the period from February 7, 2019 through February 6, 2020....................................................45%",2024_rev_6
9903.45.06,2020-02-07,2021-02-07,0.4,NA,"If entered during the period from February 7, 2020 through February 7, 2021....................................................40%",2024_rev_6
9903.45.06,2021-02-08,2022-02-07,0.35,NA,"If entered during the period from February 8, 2021 through February 7, 2022 ................................................................................35%",2024_rev_6
9903.45.06,2022-02-08,2023-02-07,0.3,NA,"If entered during the period from February 8, 2022 through February 7, 2023 ................................................................................30%",2024_rev_6
9903.45.22,2018-02-07,2019-02-06,0.3,NA,"If entered during the period from February 7, 2018 through February 6, 2019....................................................30%",2024_rev_6
9903.45.22,2019-02-07,2020-02-06,0.25,NA,"If entered during the period from February 7, 2019 through February 6, 2020....................................................25%",2024_rev_6
9903.45.22,2020-02-07,2021-02-06,0.2,NA,"If entered during the period from February 7, 2020 through February 6, 2021 ...................................................20%",2024_rev_6
9903.45.22,2021-02-07,2022-02-06,0.18,NA,"If entered during the period from February 7, 2021 through February 6, 2022 ...................................................18%",2024_rev_6
9903.45.22,2022-02-07,2023-02-06,0.1475,NA,"If entered during the period from February 7, 2022 through February 6, 2023 ...................................................14.75%",2024_rev_6
9903.45.22,2023-02-07,2024-02-06,0.145,NA,"If entered during the period from February 7, 2023 through February 6, 2024 ...................................................14.5%",2024_rev_6
9903.45.22,2024-02-07,2025-02-06,0.1425,NA,"If entered during the period from February 7, 2024 through February 6, 2025 ...................................................14.25%",2024_rev_6
9903.45.22,2025-02-07,2026-02-06,0.14,NA,"If entered during the period from February 7, 2025 through February 6, 2026 ...................................................14%",2024_rev_6
9903.45.25,2018-02-07,2019-02-06,0.3,NA,"If entered during the period from February 7, 2018 through February 6, 2019....................................................30%",2024_rev_6
9903.45.25,2019-02-07,2020-02-06,0.25,NA,"If entered during the period from February 7, 2019 through February 6, 2020....................................................25%",2024_rev_6
9903.45.25,2020-02-07,2021-02-06,0.2,NA,"If entered during the period from February 7, 2020 through February 6, 2021 ...................................................20%",2024_rev_6
9903.45.25,2021-02-07,2022-02-06,0.18,NA,"If entered during the period from February 7, 2021 through February 6, 2022 ...................................................18%",2024_rev_6
9903.45.25,2022-02-07,2023-02-06,0.1475,NA,"If entered during the period from February 7, 2022 through February 6, 2023....................................................14.75%",2024_rev_6
9903.45.25,2023-02-07,2024-02-06,0.145,NA,"If entered during the period from February 7, 2023 through February 6, 2024....................................................14.5%",2024_rev_6
9903.45.25,2024-02-07,2025-02-06,0.1425,NA,"If entered during the period from February 7, 2024 through February 6, 2025....................................................14.25%",2024_rev_6
9903.45.25,2025-02-07,2026-02-06,0.14,NA,"If entered during the period from February 7, 2025 through February 6, 2026....................................................14%",2024_rev_6
9903.45.01,2018-02-07,2019-02-06,0.2,NA,"If entered during the period from February 7, 2018 through February 6, 2019....................................................20%",2024_rev_7
9903.45.01,2019-02-07,2020-02-06,0.18,NA,"If entered during the period from February 7, 2019 through February 6, 2020 ...................................................18%",2024_rev_7
9903.45.01,2020-02-07,2021-02-07,0.16,NA,"If entered during the period from February 7, 2020 through February 7, 2021....................................................16%",2024_rev_7
9903.45.01,2021-02-08,2022-02-07,0.15,NA,"If entered during the period from February 8, 2021 through February 7, 2022 ................................................................................15%",2024_rev_7
9903.45.01,2022-02-08,2023-02-07,0.14,NA,"If entered during the period from February 8, 2022 through February 7, 2023 ................................................................................14%",2024_rev_7
9903.45.02,2018-02-07,2019-02-06,0.5,NA,"If entered during the period from February 7, 2018 through February 6, 2019....................................................50%",2024_rev_7
9903.45.02,2019-02-07,2020-02-06,0.45,NA,"If entered during the period from February 7, 2019 through February 6, 2020....................................................45%",2024_rev_7
9903.45.02,2020-02-07,2021-02-07,0.4,NA,"If entered during the period from February 7, 2020 through February 7, 2021....................................................40%",2024_rev_7
9903.45.02,2021-02-08,2022-02-07,0.35,NA,"If entered during the period from February 8, 2021 through February 7, 2022 ................................................................................35%",2024_rev_7
9903.45.02,2022-02-08,2023-02-07,0.3,NA,"If entered during the period from February 8, 2022 through February 7, 2023 ................................................................................30%",2024_rev_7
9903.45.06,2018-02-07,2019-02-06,0.5,NA,"If entered during the period from February 7, 2018 through February 6, 2019....................................................50%",2024_rev_7
9903.45.06,2019-02-07,2020-02-06,0.45,NA,"If entered during the period from February 7, 2019 through February 6, 2020....................................................45%",2024_rev_7
9903.45.06,2020-02-07,2021-02-07,0.4,NA,"If entered during the period from February 7, 2020 through February 7, 2021....................................................40%",2024_rev_7
9903.45.06,2021-02-08,2022-02-07,0.35,NA,"If entered during the period from February 8, 2021 through February 7, 2022 ................................................................................35%",2024_rev_7
9903.45.06,2022-02-08,2023-02-07,0.3,NA,"If entered during the period from February 8, 2022 through February 7, 2023 ................................................................................30%",2024_rev_7
9903.45.22,2018-02-07,2019-02-06,0.3,NA,"If entered during the period from February 7, 2018 through February 6, 2019....................................................30%",2024_rev_7
9903.45.22,2019-02-07,2020-02-06,0.25,NA,"If entered during the period from February 7, 2019 through February 6, 2020....................................................25%",2024_rev_7
9903.45.22,2020-02-07,2021-02-06,0.2,NA,"If entered during the period from February 7, 2020 through February 6, 2021 ...................................................20%",2024_rev_7
9903.45.22,2021-02-07,2022-02-06,0.18,NA,"If entered during the period from February 7, 2021 through February 6, 2022 ...................................................18%",2024_rev_7
9903.45.22,2022-02-07,2023-02-06,0.1475,NA,"If entered during the period from February 7, 2022 through February 6, 2023 ...................................................14.75%",2024_rev_7
9903.45.22,2023-02-07,2024-02-06,0.145,NA,"If entered during the period from February 7, 2023 through February 6, 2024 ...................................................14.5%",2024_rev_7
9903.45.22,2024-02-07,2025-02-06,0.1425,NA,"If entered during the period from February 7, 2024 through February 6, 2025 ...................................................14.25%",2024_rev_7
9903.45.22,2025-02-07,2026-02-06,0.14,NA,"If entered during the period from February 7, 2025 through February 6, 2026 ...................................................14%",2024_rev_7
9903.45.25,2018-02-07,2019-02-06,0.3,NA,"If entered during the period from February 7, 2018 through February 6, 2019....................................................30%",2024_rev_7
9903.45.25,2019-02-07,2020-02-06,0.25,NA,"If entered during the period from February 7, 2019 through February 6, 2020....................................................25%",2024_rev_7
9903.45.25,2020-02-07,2021-02-06,0.2,NA,"If entered during the period from February 7, 2020 through February 6, 2021 ...................................................20%",2024_rev_7
9903.45.25,2021-02-07,2022-02-06,0.18,NA,"If entered during the period from February 7, 2021 through February 6, 2022 ...................................................18%",2024_rev_7
9903.45.25,2022-02-07,2023-02-06,0.1475,NA,"If entered during the period from February 7, 2022 through February 6, 2023....................................................14.75%",2024_rev_7
9903.45.25,2023-02-07,2024-02-06,0.145,NA,"If entered during the period from February 7, 2023 through February 6, 2024....................................................14.5%",2024_rev_7
9903.45.25,2024-02-07,2025-02-06,0.1425,NA,"If entered during the period from February 7, 2024 through February 6, 2025....................................................14.25%",2024_rev_7
9903.45.25,2025-02-07,2026-02-06,0.14,NA,"If entered during the period from February 7, 2025 through February 6, 2026....................................................14%",2024_rev_7
9903.45.01,2018-02-07,2019-02-06,0.2,NA,"If entered during the period from February 7, 2018 through February 6, 2019....................................................20%",2024_rev_8
9903.45.01,2019-02-07,2020-02-06,0.18,NA,"If entered during the period from February 7, 2019 through February 6, 2020 ...................................................18%",2024_rev_8
9903.45.01,2020-02-07,2021-02-07,0.16,NA,"If entered during the period from February 7, 2020 through February 7, 2021....................................................16%",2024_rev_8
9903.45.01,2021-02-08,2022-02-07,0.15,NA,"If entered during the period from February 8, 2021 through February 7, 2022 ................................................................................15%",2024_rev_8
9903.45.01,2022-02-08,2023-02-07,0.14,NA,"If entered during the period from February 8, 2022 through February 7, 2023 ................................................................................14%",2024_rev_8
9903.45.02,2018-02-07,2019-02-06,0.5,NA,"If entered during the period from February 7, 2018 through February 6, 2019....................................................50%",2024_rev_8
9903.45.02,2019-02-07,2020-02-06,0.45,NA,"If entered during the period from February 7, 2019 through February 6, 2020....................................................45%",2024_rev_8
9903.45.02,2020-02-07,2021-02-07,0.4,NA,"If entered during the period from February 7, 2020 through February 7, 2021....................................................40%",2024_rev_8
9903.45.02,2021-02-08,2022-02-07,0.35,NA,"If entered during the period from February 8, 2021 through February 7, 2022 ................................................................................35%",2024_rev_8
9903.45.02,2022-02-08,2023-02-07,0.3,NA,"If entered during the period from February 8, 2022 through February 7, 2023 ................................................................................30%",2024_rev_8
9903.45.06,2018-02-07,2019-02-06,0.5,NA,"If entered during the period from February 7, 2018 through February 6, 2019....................................................50%",2024_rev_8
9903.45.06,2019-02-07,2020-02-06,0.45,NA,"If entered during the period from February 7, 2019 through February 6, 2020....................................................45%",2024_rev_8
9903.45.06,2020-02-07,2021-02-07,0.4,NA,"If entered during the period from February 7, 2020 through February 7, 2021....................................................40%",2024_rev_8
9903.45.06,2021-02-08,2022-02-07,0.35,NA,"If entered during the period from February 8, 2021 through February 7, 2022 ................................................................................35%",2024_rev_8
9903.45.06,2022-02-08,2023-02-07,0.3,NA,"If entered during the period from February 8, 2022 through February 7, 2023 ................................................................................30%",2024_rev_8
9903.45.22,2018-02-07,2019-02-06,0.3,NA,"If entered during the period from February 7, 2018 through February 6, 2019....................................................30%",2024_rev_8
9903.45.22,2019-02-07,2020-02-06,0.25,NA,"If entered during the period from February 7, 2019 through February 6, 2020....................................................25%",2024_rev_8
9903.45.22,2020-02-07,2021-02-06,0.2,NA,"If entered during the period from February 7, 2020 through February 6, 2021 ...................................................20%",2024_rev_8
9903.45.22,2021-02-07,2022-02-06,0.18,NA,"If entered during the period from February 7, 2021 through February 6, 2022 ...................................................18%",2024_rev_8
9903.45.22,2022-02-07,2023-02-06,0.1475,NA,"If entered during the period from February 7, 2022 through February 6, 2023 ...................................................14.75%",2024_rev_8
9903.45.22,2023-02-07,2024-02-06,0.145,NA,"If entered during the period from February 7, 2023 through February 6, 2024 ...................................................14.5%",2024_rev_8
9903.45.22,2024-02-07,2025-02-06,0.1425,NA,"If entered during the period from February 7, 2024 through February 6, 2025 ...................................................14.25%",2024_rev_8
9903.45.22,2025-02-07,2026-02-06,0.14,NA,"If entered during the period from February 7, 2025 through February 6, 2026 ...................................................14%",2024_rev_8
9903.45.25,2018-02-07,2019-02-06,0.3,NA,"If entered during the period from February 7, 2018 through February 6, 2019....................................................30%",2024_rev_8
9903.45.25,2019-02-07,2020-02-06,0.25,NA,"If entered during the period from February 7, 2019 through February 6, 2020....................................................25%",2024_rev_8
9903.45.25,2020-02-07,2021-02-06,0.2,NA,"If entered during the period from February 7, 2020 through February 6, 2021 ...................................................20%",2024_rev_8
9903.45.25,2021-02-07,2022-02-06,0.18,NA,"If entered during the period from February 7, 2021 through February 6, 2022 ...................................................18%",2024_rev_8
9903.45.25,2022-02-07,2023-02-06,0.1475,NA,"If entered during the period from February 7, 2022 through February 6, 2023....................................................14.75%",2024_rev_8
9903.45.25,2023-02-07,2024-02-06,0.145,NA,"If entered during the period from February 7, 2023 through February 6, 2024....................................................14.5%",2024_rev_8
9903.45.25,2024-02-07,2025-02-06,0.1425,NA,"If entered during the period from February 7, 2024 through February 6, 2025....................................................14.25%",2024_rev_8
9903.45.25,2025-02-07,2026-02-06,0.14,NA,"If entered during the period from February 7, 2025 through February 6, 2026....................................................14%",2024_rev_8
9903.45.01,2018-02-07,2019-02-06,0.2,NA,"If entered during the period from February 7, 2018 through February 6, 2019....................................................20%",2024_rev_9
9903.45.01,2019-02-07,2020-02-06,0.18,NA,"If entered during the period from February 7, 2019 through February 6, 2020 ...................................................18%",2024_rev_9
9903.45.01,2020-02-07,2021-02-07,0.16,NA,"If entered during the period from February 7, 2020 through February 7, 2021....................................................16%",2024_rev_9
9903.45.01,2021-02-08,2022-02-07,0.15,NA,"If entered during the period from February 8, 2021 through February 7, 2022 ................................................................................15%",2024_rev_9
9903.45.01,2022-02-08,2023-02-07,0.14,NA,"If entered during the period from February 8, 2022 through February 7, 2023 ................................................................................14%",2024_rev_9
9903.45.02,2018-02-07,2019-02-06,0.5,NA,"If entered during the period from February 7, 2018 through February 6, 2019....................................................50%",2024_rev_9
9903.45.02,2019-02-07,2020-02-06,0.45,NA,"If entered during the period from February 7, 2019 through February 6, 2020....................................................45%",2024_rev_9
9903.45.02,2020-02-07,2021-02-07,0.4,NA,"If entered during the period from February 7, 2020 through February 7, 2021....................................................40%",2024_rev_9
9903.45.02,2021-02-08,2022-02-07,0.35,NA,"If entered during the period from February 8, 2021 through February 7, 2022 ................................................................................35%",2024_rev_9
9903.45.02,2022-02-08,2023-02-07,0.3,NA,"If entered during the period from February 8, 2022 through February 7, 2023 ................................................................................30%",2024_rev_9
9903.45.06,2018-02-07,2019-02-06,0.5,NA,"If entered during the period from February 7, 2018 through February 6, 2019....................................................50%",2024_rev_9
9903.45.06,2019-02-07,2020-02-06,0.45,NA,"If entered during the period from February 7, 2019 through February 6, 2020....................................................45%",2024_rev_9
9903.45.06,2020-02-07,2021-02-07,0.4,NA,"If entered during the period from February 7, 2020 through February 7, 2021....................................................40%",2024_rev_9
9903.45.06,2021-02-08,2022-02-07,0.35,NA,"If entered during the period from February 8, 2021 through February 7, 2022 ................................................................................35%",2024_rev_9
9903.45.06,2022-02-08,2023-02-07,0.3,NA,"If entered during the period from February 8, 2022 through February 7, 2023 ................................................................................30%",2024_rev_9
9903.45.22,2018-02-07,2019-02-06,0.3,NA,"If entered during the period from February 7, 2018 through February 6, 2019....................................................30%",2024_rev_9
9903.45.22,2019-02-07,2020-02-06,0.25,NA,"If entered during the period from February 7, 2019 through February 6, 2020....................................................25%",2024_rev_9
9903.45.22,2020-02-07,2021-02-06,0.2,NA,"If entered during the period from February 7, 2020 through February 6, 2021 ...................................................20%",2024_rev_9
9903.45.22,2021-02-07,2022-02-06,0.18,NA,"If entered during the period from February 7, 2021 through February 6, 2022 ...................................................18%",2024_rev_9
9903.45.22,2022-02-07,2023-02-06,0.1475,NA,"If entered during the period from February 7, 2022 through February 6, 2023 ...................................................14.75%",2024_rev_9
9903.45.22,2023-02-07,2024-02-06,0.145,NA,"If entered during the period from February 7, 2023 through February 6, 2024 ...................................................14.5%",2024_rev_9
9903.45.22,2024-02-07,2025-02-06,0.1425,NA,"If entered during the period from February 7, 2024 through February 6, 2025 ...................................................14.25%",2024_rev_9
9903.45.22,2025-02-07,2026-02-06,0.14,NA,"If entered during the period from February 7, 2025 through February 6, 2026 ...................................................14%",2024_rev_9
9903.45.25,2018-02-07,2019-02-06,0.3,NA,"If entered during the period from February 7, 2018 through February 6, 2019....................................................30%",2024_rev_9
9903.45.25,2019-02-07,2020-02-06,0.25,NA,"If entered during the period from February 7, 2019 through February 6, 2020....................................................25%",2024_rev_9
9903.45.25,2020-02-07,2021-02-06,0.2,NA,"If entered during the period from February 7, 2020 through February 6, 2021 ...................................................20%",2024_rev_9
9903.45.25,2021-02-07,2022-02-06,0.18,NA,"If entered during the period from February 7, 2021 through February 6, 2022 ...................................................18%",2024_rev_9
9903.45.25,2022-02-07,2023-02-06,0.1475,NA,"If entered during the period from February 7, 2022 through February 6, 2023....................................................14.75%",2024_rev_9
9903.45.25,2023-02-07,2024-02-06,0.145,NA,"If entered during the period from February 7, 2023 through February 6, 2024....................................................14.5%",2024_rev_9
9903.45.25,2024-02-07,2025-02-06,0.1425,NA,"If entered during the period from February 7, 2024 through February 6, 2025....................................................14.25%",2024_rev_9
9903.45.25,2025-02-07,2026-02-06,0.14,NA,"If entered during the period from February 7, 2025 through February 6, 2026....................................................14%",2024_rev_9
9903.45.01,2018-02-07,2019-02-06,0.2,NA,"If entered during the period from February 7, 2018 through February 6, 2019....................................................20%",2025_basic
9903.45.01,2019-02-07,2020-02-06,0.18,NA,"If entered during the period from February 7, 2019 through February 6, 2020 ...................................................18%",2025_basic
9903.45.01,2020-02-07,2021-02-07,0.16,NA,"If entered during the period from February 7, 2020 through February 7, 2021....................................................16%",2025_basic
9903.45.01,2021-02-08,2022-02-07,0.15,NA,"If entered during the period from February 8, 2021 through February 7, 2022 ................................................................................15%",2025_basic
9903.45.01,2022-02-08,2023-02-07,0.14,NA,"If entered during the period from February 8, 2022 through February 7, 2023 ................................................................................14%",2025_basic
9903.45.02,2018-02-07,2019-02-06,0.5,NA,"If entered during the period from February 7, 2018 through February 6, 2019....................................................50%",2025_basic
9903.45.02,2019-02-07,2020-02-06,0.45,NA,"If entered during the period from February 7, 2019 through February 6, 2020....................................................45%",2025_basic
9903.45.02,2020-02-07,2021-02-07,0.4,NA,"If entered during the period from February 7, 2020 through February 7, 2021....................................................40%",2025_basic
9903.45.02,2021-02-08,2022-02-07,0.35,NA,"If entered during the period from February 8, 2021 through February 7, 2022 ................................................................................35%",2025_basic
9903.45.02,2022-02-08,2023-02-07,0.3,NA,"If entered during the period from February 8, 2022 through February 7, 2023 ................................................................................30%",2025_basic
9903.45.06,2018-02-07,2019-02-06,0.5,NA,"If entered during the period from February 7, 2018 through February 6, 2019....................................................50%",2025_basic
9903.45.06,2019-02-07,2020-02-06,0.45,NA,"If entered during the period from February 7, 2019 through February 6, 2020....................................................45%",2025_basic
9903.45.06,2020-02-07,2021-02-07,0.4,NA,"If entered during the period from February 7, 2020 through February 7, 2021....................................................40%",2025_basic
9903.45.06,2021-02-08,2022-02-07,0.35,NA,"If entered during the period from February 8, 2021 through February 7, 2022 ................................................................................35%",2025_basic
9903.45.06,2022-02-08,2023-02-07,0.3,NA,"If entered during the period from February 8, 2022 through February 7, 2023 ................................................................................30%",2025_basic
9903.45.22,2018-02-07,2019-02-06,0.3,NA,"If entered during the period from February 7, 2018 through February 6, 2019....................................................30%",2025_basic
9903.45.22,2019-02-07,2020-02-06,0.25,NA,"If entered during the period from February 7, 2019 through February 6, 2020....................................................25%",2025_basic
9903.45.22,2020-02-07,2021-02-06,0.2,NA,"If entered during the period from February 7, 2020 through February 6, 2021 ...................................................20%",2025_basic
9903.45.22,2021-02-07,2022-02-06,0.18,NA,"If entered during the period from February 7, 2021 through February 6, 2022 ...................................................18%",2025_basic
9903.45.22,2022-02-07,2023-02-06,0.1475,NA,"If entered during the period from February 7, 2022 through February 6, 2023 ...................................................14.75%",2025_basic
9903.45.22,2023-02-07,2024-02-06,0.145,NA,"If entered during the period from February 7, 2023 through February 6, 2024 ...................................................14.5%",2025_basic
9903.45.22,2024-02-07,2025-02-06,0.1425,NA,"If entered during the period from February 7, 2024 through February 6, 2025 ...................................................14.25%",2025_basic
9903.45.22,2025-02-07,2026-02-06,0.14,NA,"If entered during the period from February 7, 2025 through February 6, 2026 ...................................................14%",2025_basic
9903.45.25,2018-02-07,2019-02-06,0.3,NA,"If entered during the period from February 7, 2018 through February 6, 2019....................................................30%",2025_basic
9903.45.25,2019-02-07,2020-02-06,0.25,NA,"If entered during the period from February 7, 2019 through February 6, 2020....................................................25%",2025_basic
9903.45.25,2020-02-07,2021-02-06,0.2,NA,"If entered during the period from February 7, 2020 through February 6, 2021 ...................................................20%",2025_basic
9903.45.25,2021-02-07,2022-02-06,0.18,NA,"If entered during the period from February 7, 2021 through February 6, 2022 ...................................................18%",2025_basic
9903.45.25,2022-02-07,2023-02-06,0.1475,NA,"If entered during the period from February 7, 2022 through February 6, 2023....................................................14.75%",2025_basic
9903.45.25,2023-02-07,2024-02-06,0.145,NA,"If entered during the period from February 7, 2023 through February 6, 2024....................................................14.5%",2025_basic
9903.45.25,2024-02-07,2025-02-06,0.1425,NA,"If entered during the period from February 7, 2024 through February 6, 2025....................................................14.25%",2025_basic
9903.45.25,2025-02-07,2026-02-06,0.14,NA,"If entered during the period from February 7, 2025 through February 6, 2026....................................................14%",2025_basic
9903.45.01,2018-02-07,2019-02-06,0.2,NA,"If entered during the period from February 7, 2018 through February 6, 2019....................................................20%",2025_rev_1
9903.45.01,2019-02-07,2020-02-06,0.18,NA,"If entered during the period from February 7, 2019 through February 6, 2020 ...................................................18%",2025_rev_1
9903.45.01,2020-02-07,2021-02-07,0.16,NA,"If entered during the period from February 7, 2020 through February 7, 2021....................................................16%",2025_rev_1
9903.45.01,2021-02-08,2022-02-07,0.15,NA,"If entered during the period from February 8, 2021 through February 7, 2022 ................................................................................15%",2025_rev_1
9903.45.01,2022-02-08,2023-02-07,0.14,NA,"If entered during the period from February 8, 2022 through February 7, 2023 ................................................................................14%",2025_rev_1
9903.45.02,2018-02-07,2019-02-06,0.5,NA,"If entered during the period from February 7, 2018 through February 6, 2019....................................................50%",2025_rev_1
9903.45.02,2019-02-07,2020-02-06,0.45,NA,"If entered during the period from February 7, 2019 through February 6, 2020....................................................45%",2025_rev_1
9903.45.02,2020-02-07,2021-02-07,0.4,NA,"If entered during the period from February 7, 2020 through February 7, 2021....................................................40%",2025_rev_1
9903.45.02,2021-02-08,2022-02-07,0.35,NA,"If entered during the period from February 8, 2021 through February 7, 2022 ................................................................................35%",2025_rev_1
9903.45.02,2022-02-08,2023-02-07,0.3,NA,"If entered during the period from February 8, 2022 through February 7, 2023 ................................................................................30%",2025_rev_1
9903.45.06,2018-02-07,2019-02-06,0.5,NA,"If entered during the period from February 7, 2018 through February 6, 2019....................................................50%",2025_rev_1
9903.45.06,2019-02-07,2020-02-06,0.45,NA,"If entered during the period from February 7, 2019 through February 6, 2020....................................................45%",2025_rev_1
9903.45.06,2020-02-07,2021-02-07,0.4,NA,"If entered during the period from February 7, 2020 through February 7, 2021....................................................40%",2025_rev_1
9903.45.06,2021-02-08,2022-02-07,0.35,NA,"If entered during the period from February 8, 2021 through February 7, 2022 ................................................................................35%",2025_rev_1
9903.45.06,2022-02-08,2023-02-07,0.3,NA,"If entered during the period from February 8, 2022 through February 7, 2023 ................................................................................30%",2025_rev_1
9903.45.22,2018-02-07,2019-02-06,0.3,NA,"If entered during the period from February 7, 2018 through February 6, 2019....................................................30%",2025_rev_1
9903.45.22,2019-02-07,2020-02-06,0.25,NA,"If entered during the period from February 7, 2019 through February 6, 2020....................................................25%",2025_rev_1
9903.45.22,2020-02-07,2021-02-06,0.2,NA,"If entered during the period from February 7, 2020 through February 6, 2021 ...................................................20%",2025_rev_1
9903.45.22,2021-02-07,2022-02-06,0.18,NA,"If entered during the period from February 7, 2021 through February 6, 2022 ...................................................18%",2025_rev_1
9903.45.22,2022-02-07,2023-02-06,0.1475,NA,"If entered during the period from February 7, 2022 through February 6, 2023 ...................................................14.75%",2025_rev_1
9903.45.22,2023-02-07,2024-02-06,0.145,NA,"If entered during the period from February 7, 2023 through February 6, 2024 ...................................................14.5%",2025_rev_1
9903.45.22,2024-02-07,2025-02-06,0.1425,NA,"If entered during the period from February 7, 2024 through February 6, 2025 ...................................................14.25%",2025_rev_1
9903.45.22,2025-02-07,2026-02-06,0.14,NA,"If entered during the period from February 7, 2025 through February 6, 2026 ...................................................14%",2025_rev_1
9903.45.25,2018-02-07,2019-02-06,0.3,NA,"If entered during the period from February 7, 2018 through February 6, 2019....................................................30%",2025_rev_1
9903.45.25,2019-02-07,2020-02-06,0.25,NA,"If entered during the period from February 7, 2019 through February 6, 2020....................................................25%",2025_rev_1
9903.45.25,2020-02-07,2021-02-06,0.2,NA,"If entered during the period from February 7, 2020 through February 6, 2021 ...................................................20%",2025_rev_1
9903.45.25,2021-02-07,2022-02-06,0.18,NA,"If entered during the period from February 7, 2021 through February 6, 2022 ...................................................18%",2025_rev_1
9903.45.25,2022-02-07,2023-02-06,0.1475,NA,"If entered during the period from February 7, 2022 through February 6, 2023....................................................14.75%",2025_rev_1
9903.45.25,2023-02-07,2024-02-06,0.145,NA,"If entered during the period from February 7, 2023 through February 6, 2024....................................................14.5%",2025_rev_1
9903.45.25,2024-02-07,2025-02-06,0.1425,NA,"If entered during the period from February 7, 2024 through February 6, 2025....................................................14.25%",2025_rev_1
9903.45.25,2025-02-07,2026-02-06,0.14,NA,"If entered during the period from February 7, 2025 through February 6, 2026....................................................14%",2025_rev_1
9903.45.01,2018-02-07,2019-02-06,0.2,NA,"If entered during the period from February 7, 2018 through February 6, 2019....................................................20%",2025_rev_10
9903.45.01,2019-02-07,2020-02-06,0.18,NA,"If entered during the period from February 7, 2019 through February 6, 2020 ...................................................18%",2025_rev_10
9903.45.01,2020-02-07,2021-02-07,0.16,NA,"If entered during the period from February 7, 2020 through February 7, 2021....................................................16%",2025_rev_10
9903.45.01,2021-02-08,2022-02-07,0.15,NA,"If entered during the period from February 8, 2021 through February 7, 2022 ................................................................................15%",2025_rev_10
9903.45.01,2022-02-08,2023-02-07,0.14,NA,"If entered during the period from February 8, 2022 through February 7, 2023 ................................................................................14%",2025_rev_10
9903.45.02,2018-02-07,2019-02-06,0.5,NA,"If entered during the period from February 7, 2018 through February 6, 2019....................................................50%",2025_rev_10
9903.45.02,2019-02-07,2020-02-06,0.45,NA,"If entered during the period from February 7, 2019 through February 6, 2020....................................................45%",2025_rev_10
9903.45.02,2020-02-07,2021-02-07,0.4,NA,"If entered during the period from February 7, 2020 through February 7, 2021....................................................40%",2025_rev_10
9903.45.02,2021-02-08,2022-02-07,0.35,NA,"If entered during the period from February 8, 2021 through February 7, 2022 ................................................................................35%",2025_rev_10
9903.45.02,2022-02-08,2023-02-07,0.3,NA,"If entered during the period from February 8, 2022 through February 7, 2023 ................................................................................30%",2025_rev_10
9903.45.06,2018-02-07,2019-02-06,0.5,NA,"If entered during the period from February 7, 2018 through February 6, 2019....................................................50%",2025_rev_10
9903.45.06,2019-02-07,2020-02-06,0.45,NA,"If entered during the period from February 7, 2019 through February 6, 2020....................................................45%",2025_rev_10
9903.45.06,2020-02-07,2021-02-07,0.4,NA,"If entered during the period from February 7, 2020 through February 7, 2021....................................................40%",2025_rev_10
9903.45.06,2021-02-08,2022-02-07,0.35,NA,"If entered during the period from February 8, 2021 through February 7, 2022 ................................................................................35%",2025_rev_10
9903.45.06,2022-02-08,2023-02-07,0.3,NA,"If entered during the period from February 8, 2022 through February 7, 2023 ................................................................................30%",2025_rev_10
9903.45.22,2018-02-07,2019-02-06,0.3,NA,"If entered during the period from February 7, 2018 through February 6, 2019....................................................30%",2025_rev_10
9903.45.22,2019-02-07,2020-02-06,0.25,NA,"If entered during the period from February 7, 2019 through February 6, 2020....................................................25%",2025_rev_10
9903.45.22,2020-02-07,2021-02-06,0.2,NA,"If entered during the period from February 7, 2020 through February 6, 2021 ...................................................20%",2025_rev_10
9903.45.22,2021-02-07,2022-02-06,0.18,NA,"If entered during the period from February 7, 2021 through February 6, 2022 ...................................................18%",2025_rev_10
9903.45.22,2022-02-07,2023-02-06,0.1475,NA,"If entered during the period from February 7, 2022 through February 6, 2023 ...................................................14.75%",2025_rev_10
9903.45.22,2023-02-07,2024-02-06,0.145,NA,"If entered during the period from February 7, 2023 through February 6, 2024 ...................................................14.5%",2025_rev_10
9903.45.22,2024-02-07,2025-02-06,0.1425,NA,"If entered during the period from February 7, 2024 through February 6, 2025 ...................................................14.25%",2025_rev_10
9903.45.22,2025-02-07,2026-02-06,0.14,NA,"If entered during the period from February 7, 2025 through February 6, 2026 ...................................................14%",2025_rev_10
9903.45.25,2018-02-07,2019-02-06,0.3,NA,"If entered during the period from February 7, 2018 through February 6, 2019....................................................30%",2025_rev_10
9903.45.25,2019-02-07,2020-02-06,0.25,NA,"If entered during the period from February 7, 2019 through February 6, 2020....................................................25%",2025_rev_10
9903.45.25,2020-02-07,2021-02-06,0.2,NA,"If entered during the period from February 7, 2020 through February 6, 2021 ...................................................20%",2025_rev_10
9903.45.25,2021-02-07,2022-02-06,0.18,NA,"If entered during the period from February 7, 2021 through February 6, 2022 ...................................................18%",2025_rev_10
9903.45.25,2022-02-07,2023-02-06,0.1475,NA,"If entered during the period from February 7, 2022 through February 6, 2023....................................................14.75%",2025_rev_10
9903.45.25,2023-02-07,2024-02-06,0.145,NA,"If entered during the period from February 7, 2023 through February 6, 2024....................................................14.5%",2025_rev_10
9903.45.25,2024-02-07,2025-02-06,0.1425,NA,"If entered during the period from February 7, 2024 through February 6, 2025....................................................14.25%",2025_rev_10
9903.45.25,2025-02-07,2026-02-06,0.14,NA,"If entered during the period from February 7, 2025 through February 6, 2026....................................................14%",2025_rev_10
9903.45.01,2018-02-07,2019-02-06,0.2,NA,"If entered during the period from February 7, 2018 through February 6, 2019....................................................20%",2025_rev_11
9903.45.01,2019-02-07,2020-02-06,0.18,NA,"If entered during the period from February 7, 2019 through February 6, 2020 ...................................................18%",2025_rev_11
9903.45.01,2020-02-07,2021-02-07,0.16,NA,"If entered during the period from February 7, 2020 through February 7, 2021....................................................16%",2025_rev_11
9903.45.01,2021-02-08,2022-02-07,0.15,NA,"If entered during the period from February 8, 2021 through February 7, 2022 ................................................................................15%",2025_rev_11
9903.45.01,2022-02-08,2023-02-07,0.14,NA,"If entered during the period from February 8, 2022 through February 7, 2023 ................................................................................14%",2025_rev_11
9903.45.02,2018-02-07,2019-02-06,0.5,NA,"If entered during the period from February 7, 2018 through February 6, 2019....................................................50%",2025_rev_11
9903.45.02,2019-02-07,2020-02-06,0.45,NA,"If entered during the period from February 7, 2019 through February 6, 2020....................................................45%",2025_rev_11
9903.45.02,2020-02-07,2021-02-07,0.4,NA,"If entered during the period from February 7, 2020 through February 7, 2021....................................................40%",2025_rev_11
9903.45.02,2021-02-08,2022-02-07,0.35,NA,"If entered during the period from February 8, 2021 through February 7, 2022 ................................................................................35%",2025_rev_11
9903.45.02,2022-02-08,2023-02-07,0.3,NA,"If entered during the period from February 8, 2022 through February 7, 2023 ................................................................................30%",2025_rev_11
9903.45.06,2018-02-07,2019-02-06,0.5,NA,"If entered during the period from February 7, 2018 through February 6, 2019....................................................50%",2025_rev_11
9903.45.06,2019-02-07,2020-02-06,0.45,NA,"If entered during the period from February 7, 2019 through February 6, 2020....................................................45%",2025_rev_11
9903.45.06,2020-02-07,2021-02-07,0.4,NA,"If entered during the period from February 7, 2020 through February 7, 2021....................................................40%",2025_rev_11
9903.45.06,2021-02-08,2022-02-07,0.35,NA,"If entered during the period from February 8, 2021 through February 7, 2022 ................................................................................35%",2025_rev_11
9903.45.06,2022-02-08,2023-02-07,0.3,NA,"If entered during the period from February 8, 2022 through February 7, 2023 ................................................................................30%",2025_rev_11
9903.45.22,2018-02-07,2019-02-06,0.3,NA,"If entered during the period from February 7, 2018 through February 6, 2019....................................................30%",2025_rev_11
9903.45.22,2019-02-07,2020-02-06,0.25,NA,"If entered during the period from February 7, 2019 through February 6, 2020....................................................25%",2025_rev_11
9903.45.22,2020-02-07,2021-02-06,0.2,NA,"If entered during the period from February 7, 2020 through February 6, 2021 ...................................................20%",2025_rev_11
9903.45.22,2021-02-07,2022-02-06,0.18,NA,"If entered during the period from February 7, 2021 through February 6, 2022 ...................................................18%",2025_rev_11
9903.45.22,2022-02-07,2023-02-06,0.1475,NA,"If entered during the period from February 7, 2022 through February 6, 2023 ...................................................14.75%",2025_rev_11
9903.45.22,2023-02-07,2024-02-06,0.145,NA,"If entered during the period from February 7, 2023 through February 6, 2024 ...................................................14.5%",2025_rev_11
9903.45.22,2024-02-07,2025-02-06,0.1425,NA,"If entered during the period from February 7, 2024 through February 6, 2025 ...................................................14.25%",2025_rev_11
9903.45.22,2025-02-07,2026-02-06,0.14,NA,"If entered during the period from February 7, 2025 through February 6, 2026 ...................................................14%",2025_rev_11
9903.45.25,2018-02-07,2019-02-06,0.3,NA,"If entered during the period from February 7, 2018 through February 6, 2019....................................................30%",2025_rev_11
9903.45.25,2019-02-07,2020-02-06,0.25,NA,"If entered during the period from February 7, 2019 through February 6, 2020....................................................25%",2025_rev_11
9903.45.25,2020-02-07,2021-02-06,0.2,NA,"If entered during the period from February 7, 2020 through February 6, 2021 ...................................................20%",2025_rev_11
9903.45.25,2021-02-07,2022-02-06,0.18,NA,"If entered during the period from February 7, 2021 through February 6, 2022 ...................................................18%",2025_rev_11
9903.45.25,2022-02-07,2023-02-06,0.1475,NA,"If entered during the period from February 7, 2022 through February 6, 2023....................................................14.75%",2025_rev_11
9903.45.25,2023-02-07,2024-02-06,0.145,NA,"If entered during the period from February 7, 2023 through February 6, 2024....................................................14.5%",2025_rev_11
9903.45.25,2024-02-07,2025-02-06,0.1425,NA,"If entered during the period from February 7, 2024 through February 6, 2025....................................................14.25%",2025_rev_11
9903.45.25,2025-02-07,2026-02-06,0.14,NA,"If entered during the period from February 7, 2025 through February 6, 2026....................................................14%",2025_rev_11
9903.45.01,2018-02-07,2019-02-06,0.2,NA,"If entered during the period from February 7, 2018 through February 6, 2019....................................................20%",2025_rev_12
9903.45.01,2019-02-07,2020-02-06,0.18,NA,"If entered during the period from February 7, 2019 through February 6, 2020 ...................................................18%",2025_rev_12
9903.45.01,2020-02-07,2021-02-07,0.16,NA,"If entered during the period from February 7, 2020 through February 7, 2021....................................................16%",2025_rev_12
9903.45.01,2021-02-08,2022-02-07,0.15,NA,"If entered during the period from February 8, 2021 through February 7, 2022 ................................................................................15%",2025_rev_12
9903.45.01,2022-02-08,2023-02-07,0.14,NA,"If entered during the period from February 8, 2022 through February 7, 2023 ................................................................................14%",2025_rev_12
9903.45.02,2018-02-07,2019-02-06,0.5,NA,"If entered during the period from February 7, 2018 through February 6, 2019....................................................50%",2025_rev_12
9903.45.02,2019-02-07,2020-02-06,0.45,NA,"If entered during the period from February 7, 2019 through February 6, 2020....................................................45%",2025_rev_12
9903.45.02,2020-02-07,2021-02-07,0.4,NA,"If entered during the period from February 7, 2020 through February 7, 2021....................................................40%",2025_rev_12
9903.45.02,2021-02-08,2022-02-07,0.35,NA,"If entered during the period from February 8, 2021 through February 7, 2022 ................................................................................35%",2025_rev_12
9903.45.02,2022-02-08,2023-02-07,0.3,NA,"If entered during the period from February 8, 2022 through February 7, 2023 ................................................................................30%",2025_rev_12
9903.45.06,2018-02-07,2019-02-06,0.5,NA,"If entered during the period from February 7, 2018 through February 6, 2019....................................................50%",2025_rev_12
9903.45.06,2019-02-07,2020-02-06,0.45,NA,"If entered during the period from February 7, 2019 through February 6, 2020....................................................45%",2025_rev_12
9903.45.06,2020-02-07,2021-02-07,0.4,NA,"If entered during the period from February 7, 2020 through February 7, 2021....................................................40%",2025_rev_12
9903.45.06,2021-02-08,2022-02-07,0.35,NA,"If entered during the period from February 8, 2021 through February 7, 2022 ................................................................................35%",2025_rev_12
9903.45.06,2022-02-08,2023-02-07,0.3,NA,"If entered during the period from February 8, 2022 through February 7, 2023 ................................................................................30%",2025_rev_12
9903.45.22,2018-02-07,2019-02-06,0.3,NA,"If entered during the period from February 7, 2018 through February 6, 2019....................................................30%",2025_rev_12
9903.45.22,2019-02-07,2020-02-06,0.25,NA,"If entered during the period from February 7, 2019 through February 6, 2020....................................................25%",2025_rev_12
9903.45.22,2020-02-07,2021-02-06,0.2,NA,"If entered during the period from February 7, 2020 through February 6, 2021 ...................................................20%",2025_rev_12
9903.45.22,2021-02-07,2022-02-06,0.18,NA,"If entered during the period from February 7, 2021 through February 6, 2022 ...................................................18%",2025_rev_12
9903.45.22,2022-02-07,2023-02-06,0.1475,NA,"If entered during the period from February 7, 2022 through February 6, 2023 ...................................................14.75%",2025_rev_12
9903.45.22,2023-02-07,2024-02-06,0.145,NA,"If entered during the period from February 7, 2023 through February 6, 2024 ...................................................14.5%",2025_rev_12
9903.45.22,2024-02-07,2025-02-06,0.1425,NA,"If entered during the period from February 7, 2024 through February 6, 2025 ...................................................14.25%",2025_rev_12
9903.45.22,2025-02-07,2026-02-06,0.14,NA,"If entered during the period from February 7, 2025 through February 6, 2026 ...................................................14%",2025_rev_12
9903.45.25,2018-02-07,2019-02-06,0.3,NA,"If entered during the period from February 7, 2018 through February 6, 2019....................................................30%",2025_rev_12
9903.45.25,2019-02-07,2020-02-06,0.25,NA,"If entered during the period from February 7, 2019 through February 6, 2020....................................................25%",2025_rev_12
9903.45.25,2020-02-07,2021-02-06,0.2,NA,"If entered during the period from February 7, 2020 through February 6, 2021 ...................................................20%",2025_rev_12
9903.45.25,2021-02-07,2022-02-06,0.18,NA,"If entered during the period from February 7, 2021 through February 6, 2022 ...................................................18%",2025_rev_12
9903.45.25,2022-02-07,2023-02-06,0.1475,NA,"If entered during the period from February 7, 2022 through February 6, 2023....................................................14.75%",2025_rev_12
9903.45.25,2023-02-07,2024-02-06,0.145,NA,"If entered during the period from February 7, 2023 through February 6, 2024....................................................14.5%",2025_rev_12
9903.45.25,2024-02-07,2025-02-06,0.1425,NA,"If entered during the period from February 7, 2024 through February 6, 2025....................................................14.25%",2025_rev_12
9903.45.25,2025-02-07,2026-02-06,0.14,NA,"If entered during the period from February 7, 2025 through February 6, 2026....................................................14%",2025_rev_12
9903.45.01,2018-02-07,2019-02-06,0.2,NA,"If entered during the period from February 7, 2018 through February 6, 2019....................................................20%",2025_rev_13
9903.45.01,2019-02-07,2020-02-06,0.18,NA,"If entered during the period from February 7, 2019 through February 6, 2020 ...................................................18%",2025_rev_13
9903.45.01,2020-02-07,2021-02-07,0.16,NA,"If entered during the period from February 7, 2020 through February 7, 2021....................................................16%",2025_rev_13
9903.45.01,2021-02-08,2022-02-07,0.15,NA,"If entered during the period from February 8, 2021 through February 7, 2022 ................................................................................15%",2025_rev_13
9903.45.01,2022-02-08,2023-02-07,0.14,NA,"If entered during the period from February 8, 2022 through February 7, 2023 ................................................................................14%",2025_rev_13
9903.45.02,2018-02-07,2019-02-06,0.5,NA,"If entered during the period from February 7, 2018 through February 6, 2019....................................................50%",2025_rev_13
9903.45.02,2019-02-07,2020-02-06,0.45,NA,"If entered during the period from February 7, 2019 through February 6, 2020....................................................45%",2025_rev_13
9903.45.02,2020-02-07,2021-02-07,0.4,NA,"If entered during the period from February 7, 2020 through February 7, 2021....................................................40%",2025_rev_13
9903.45.02,2021-02-08,2022-02-07,0.35,NA,"If entered during the period from February 8, 2021 through February 7, 2022 ................................................................................35%",2025_rev_13
9903.45.02,2022-02-08,2023-02-07,0.3,NA,"If entered during the period from February 8, 2022 through February 7, 2023 ................................................................................30%",2025_rev_13
9903.45.06,2018-02-07,2019-02-06,0.5,NA,"If entered during the period from February 7, 2018 through February 6, 2019....................................................50%",2025_rev_13
9903.45.06,2019-02-07,2020-02-06,0.45,NA,"If entered during the period from February 7, 2019 through February 6, 2020....................................................45%",2025_rev_13
9903.45.06,2020-02-07,2021-02-07,0.4,NA,"If entered during the period from February 7, 2020 through February 7, 2021....................................................40%",2025_rev_13
9903.45.06,2021-02-08,2022-02-07,0.35,NA,"If entered during the period from February 8, 2021 through February 7, 2022 ................................................................................35%",2025_rev_13
9903.45.06,2022-02-08,2023-02-07,0.3,NA,"If entered during the period from February 8, 2022 through February 7, 2023 ................................................................................30%",2025_rev_13
9903.45.22,2018-02-07,2019-02-06,0.3,NA,"If entered during the period from February 7, 2018 through February 6, 2019....................................................30%",2025_rev_13
9903.45.22,2019-02-07,2020-02-06,0.25,NA,"If entered during the period from February 7, 2019 through February 6, 2020....................................................25%",2025_rev_13
9903.45.22,2020-02-07,2021-02-06,0.2,NA,"If entered during the period from February 7, 2020 through February 6, 2021 ...................................................20%",2025_rev_13
9903.45.22,2021-02-07,2022-02-06,0.18,NA,"If entered during the period from February 7, 2021 through February 6, 2022 ...................................................18%",2025_rev_13
9903.45.22,2022-02-07,2023-02-06,0.1475,NA,"If entered during the period from February 7, 2022 through February 6, 2023 ...................................................14.75%",2025_rev_13
9903.45.22,2023-02-07,2024-02-06,0.145,NA,"If entered during the period from February 7, 2023 through February 6, 2024 ...................................................14.5%",2025_rev_13
9903.45.22,2024-02-07,2025-02-06,0.1425,NA,"If entered during the period from February 7, 2024 through February 6, 2025 ...................................................14.25%",2025_rev_13
9903.45.22,2025-02-07,2026-02-06,0.14,NA,"If entered during the period from February 7, 2025 through February 6, 2026 ...................................................14%",2025_rev_13
9903.45.25,2018-02-07,2019-02-06,0.3,NA,"If entered during the period from February 7, 2018 through February 6, 2019....................................................30%",2025_rev_13
9903.45.25,2019-02-07,2020-02-06,0.25,NA,"If entered during the period from February 7, 2019 through February 6, 2020....................................................25%",2025_rev_13
9903.45.25,2020-02-07,2021-02-06,0.2,NA,"If entered during the period from February 7, 2020 through February 6, 2021 ...................................................20%",2025_rev_13
9903.45.25,2021-02-07,2022-02-06,0.18,NA,"If entered during the period from February 7, 2021 through February 6, 2022 ...................................................18%",2025_rev_13
9903.45.25,2022-02-07,2023-02-06,0.1475,NA,"If entered during the period from February 7, 2022 through February 6, 2023....................................................14.75%",2025_rev_13
9903.45.25,2023-02-07,2024-02-06,0.145,NA,"If entered during the period from February 7, 2023 through February 6, 2024....................................................14.5%",2025_rev_13
9903.45.25,2024-02-07,2025-02-06,0.1425,NA,"If entered during the period from February 7, 2024 through February 6, 2025....................................................14.25%",2025_rev_13
9903.45.25,2025-02-07,2026-02-06,0.14,NA,"If entered during the period from February 7, 2025 through February 6, 2026....................................................14%",2025_rev_13
9903.45.01,2018-02-07,2019-02-06,0.2,NA,"If entered during the period from February 7, 2018 through February 6, 2019....................................................20%",2025_rev_14
9903.45.01,2019-02-07,2020-02-06,0.18,NA,"If entered during the period from February 7, 2019 through February 6, 2020 ...................................................18%",2025_rev_14
9903.45.01,2020-02-07,2021-02-07,0.16,NA,"If entered during the period from February 7, 2020 through February 7, 2021....................................................16%",2025_rev_14
9903.45.01,2021-02-08,2022-02-07,0.15,NA,"If entered during the period from February 8, 2021 through February 7, 2022 ................................................................................15%",2025_rev_14
9903.45.01,2022-02-08,2023-02-07,0.14,NA,"If entered during the period from February 8, 2022 through February 7, 2023 ................................................................................14%",2025_rev_14
9903.45.02,2018-02-07,2019-02-06,0.5,NA,"If entered during the period from February 7, 2018 through February 6, 2019....................................................50%",2025_rev_14
9903.45.02,2019-02-07,2020-02-06,0.45,NA,"If entered during the period from February 7, 2019 through February 6, 2020....................................................45%",2025_rev_14
9903.45.02,2020-02-07,2021-02-07,0.4,NA,"If entered during the period from February 7, 2020 through February 7, 2021....................................................40%",2025_rev_14
9903.45.02,2021-02-08,2022-02-07,0.35,NA,"If entered during the period from February 8, 2021 through February 7, 2022 ................................................................................35%",2025_rev_14
9903.45.02,2022-02-08,2023-02-07,0.3,NA,"If entered during the period from February 8, 2022 through February 7, 2023 ................................................................................30%",2025_rev_14
9903.45.06,2018-02-07,2019-02-06,0.5,NA,"If entered during the period from February 7, 2018 through February 6, 2019....................................................50%",2025_rev_14
9903.45.06,2019-02-07,2020-02-06,0.45,NA,"If entered during the period from February 7, 2019 through February 6, 2020....................................................45%",2025_rev_14
9903.45.06,2020-02-07,2021-02-07,0.4,NA,"If entered during the period from February 7, 2020 through February 7, 2021....................................................40%",2025_rev_14
9903.45.06,2021-02-08,2022-02-07,0.35,NA,"If entered during the period from February 8, 2021 through February 7, 2022 ................................................................................35%",2025_rev_14
9903.45.06,2022-02-08,2023-02-07,0.3,NA,"If entered during the period from February 8, 2022 through February 7, 2023 ................................................................................30%",2025_rev_14
9903.45.22,2018-02-07,2019-02-06,0.3,NA,"If entered during the period from February 7, 2018 through February 6, 2019....................................................30%",2025_rev_14
9903.45.22,2019-02-07,2020-02-06,0.25,NA,"If entered during the period from February 7, 2019 through February 6, 2020....................................................25%",2025_rev_14
9903.45.22,2020-02-07,2021-02-06,0.2,NA,"If entered during the period from February 7, 2020 through February 6, 2021 ...................................................20%",2025_rev_14
9903.45.22,2021-02-07,2022-02-06,0.18,NA,"If entered during the period from February 7, 2021 through February 6, 2022 ...................................................18%",2025_rev_14
9903.45.22,2022-02-07,2023-02-06,0.1475,NA,"If entered during the period from February 7, 2022 through February 6, 2023 ...................................................14.75%",2025_rev_14
9903.45.22,2023-02-07,2024-02-06,0.145,NA,"If entered during the period from February 7, 2023 through February 6, 2024 ...................................................14.5%",2025_rev_14
9903.45.22,2024-02-07,2025-02-06,0.1425,NA,"If entered during the period from February 7, 2024 through February 6, 2025 ...................................................14.25%",2025_rev_14
9903.45.22,2025-02-07,2026-02-06,0.14,NA,"If entered during the period from February 7, 2025 through February 6, 2026 ...................................................14%",2025_rev_14
9903.45.25,2018-02-07,2019-02-06,0.3,NA,"If entered during the period from February 7, 2018 through February 6, 2019....................................................30%",2025_rev_14
9903.45.25,2019-02-07,2020-02-06,0.25,NA,"If entered during the period from February 7, 2019 through February 6, 2020....................................................25%",2025_rev_14
9903.45.25,2020-02-07,2021-02-06,0.2,NA,"If entered during the period from February 7, 2020 through February 6, 2021 ...................................................20%",2025_rev_14
9903.45.25,2021-02-07,2022-02-06,0.18,NA,"If entered during the period from February 7, 2021 through February 6, 2022 ...................................................18%",2025_rev_14
9903.45.25,2022-02-07,2023-02-06,0.1475,NA,"If entered during the period from February 7, 2022 through February 6, 2023....................................................14.75%",2025_rev_14
9903.45.25,2023-02-07,2024-02-06,0.145,NA,"If entered during the period from February 7, 2023 through February 6, 2024....................................................14.5%",2025_rev_14
9903.45.25,2024-02-07,2025-02-06,0.1425,NA,"If entered during the period from February 7, 2024 through February 6, 2025....................................................14.25%",2025_rev_14
9903.45.25,2025-02-07,2026-02-06,0.14,NA,"If entered during the period from February 7, 2025 through February 6, 2026....................................................14%",2025_rev_14
9903.45.01,2018-02-07,2019-02-06,0.2,NA,"If entered during the period from February 7, 2018 through February 6, 2019....................................................20%",2025_rev_15
9903.45.01,2019-02-07,2020-02-06,0.18,NA,"If entered during the period from February 7, 2019 through February 6, 2020 ...................................................18%",2025_rev_15
9903.45.01,2020-02-07,2021-02-07,0.16,NA,"If entered during the period from February 7, 2020 through February 7, 2021....................................................16%",2025_rev_15
9903.45.01,2021-02-08,2022-02-07,0.15,NA,"If entered during the period from February 8, 2021 through February 7, 2022 ................................................................................15%",2025_rev_15
9903.45.01,2022-02-08,2023-02-07,0.14,NA,"If entered during the period from February 8, 2022 through February 7, 2023 ................................................................................14%",2025_rev_15
9903.45.02,2018-02-07,2019-02-06,0.5,NA,"If entered during the period from February 7, 2018 through February 6, 2019....................................................50%",2025_rev_15
9903.45.02,2019-02-07,2020-02-06,0.45,NA,"If entered during the period from February 7, 2019 through February 6, 2020....................................................45%",2025_rev_15
9903.45.02,2020-02-07,2021-02-07,0.4,NA,"If entered during the period from February 7, 2020 through February 7, 2021....................................................40%",2025_rev_15
9903.45.02,2021-02-08,2022-02-07,0.35,NA,"If entered during the period from February 8, 2021 through February 7, 2022 ................................................................................35%",2025_rev_15
9903.45.02,2022-02-08,2023-02-07,0.3,NA,"If entered during the period from February 8, 2022 through February 7, 2023 ................................................................................30%",2025_rev_15
9903.45.06,2018-02-07,2019-02-06,0.5,NA,"If entered during the period from February 7, 2018 through February 6, 2019....................................................50%",2025_rev_15
9903.45.06,2019-02-07,2020-02-06,0.45,NA,"If entered during the period from February 7, 2019 through February 6, 2020....................................................45%",2025_rev_15
9903.45.06,2020-02-07,2021-02-07,0.4,NA,"If entered during the period from February 7, 2020 through February 7, 2021....................................................40%",2025_rev_15
9903.45.06,2021-02-08,2022-02-07,0.35,NA,"If entered during the period from February 8, 2021 through February 7, 2022 ................................................................................35%",2025_rev_15
9903.45.06,2022-02-08,2023-02-07,0.3,NA,"If entered during the period from February 8, 2022 through February 7, 2023 ................................................................................30%",2025_rev_15
9903.45.22,2018-02-07,2019-02-06,0.3,NA,"If entered during the period from February 7, 2018 through February 6, 2019....................................................30%",2025_rev_15
9903.45.22,2019-02-07,2020-02-06,0.25,NA,"If entered during the period from February 7, 2019 through February 6, 2020....................................................25%",2025_rev_15
9903.45.22,2020-02-07,2021-02-06,0.2,NA,"If entered during the period from February 7, 2020 through February 6, 2021 ...................................................20%",2025_rev_15
9903.45.22,2021-02-07,2022-02-06,0.18,NA,"If entered during the period from February 7, 2021 through February 6, 2022 ...................................................18%",2025_rev_15
9903.45.22,2022-02-07,2023-02-06,0.1475,NA,"If entered during the period from February 7, 2022 through February 6, 2023 ...................................................14.75%",2025_rev_15
9903.45.22,2023-02-07,2024-02-06,0.145,NA,"If entered during the period from February 7, 2023 through February 6, 2024 ...................................................14.5%",2025_rev_15
9903.45.22,2024-02-07,2025-02-06,0.1425,NA,"If entered during the period from February 7, 2024 through February 6, 2025 ...................................................14.25%",2025_rev_15
9903.45.22,2025-02-07,2026-02-06,0.14,NA,"If entered during the period from February 7, 2025 through February 6, 2026 ...................................................14%",2025_rev_15
9903.45.25,2018-02-07,2019-02-06,0.3,NA,"If entered during the period from February 7, 2018 through February 6, 2019....................................................30%",2025_rev_15
9903.45.25,2019-02-07,2020-02-06,0.25,NA,"If entered during the period from February 7, 2019 through February 6, 2020....................................................25%",2025_rev_15
9903.45.25,2020-02-07,2021-02-06,0.2,NA,"If entered during the period from February 7, 2020 through February 6, 2021 ...................................................20%",2025_rev_15
9903.45.25,2021-02-07,2022-02-06,0.18,NA,"If entered during the period from February 7, 2021 through February 6, 2022 ...................................................18%",2025_rev_15
9903.45.25,2022-02-07,2023-02-06,0.1475,NA,"If entered during the period from February 7, 2022 through February 6, 2023....................................................14.75%",2025_rev_15
9903.45.25,2023-02-07,2024-02-06,0.145,NA,"If entered during the period from February 7, 2023 through February 6, 2024....................................................14.5%",2025_rev_15
9903.45.25,2024-02-07,2025-02-06,0.1425,NA,"If entered during the period from February 7, 2024 through February 6, 2025....................................................14.25%",2025_rev_15
9903.45.25,2025-02-07,2026-02-06,0.14,NA,"If entered during the period from February 7, 2025 through February 6, 2026....................................................14%",2025_rev_15
9903.45.01,2018-02-07,2019-02-06,0.2,NA,"If entered during the period from February 7, 2018 through February 6, 2019....................................................20%",2025_rev_16
9903.45.01,2019-02-07,2020-02-06,0.18,NA,"If entered during the period from February 7, 2019 through February 6, 2020 ...................................................18%",2025_rev_16
9903.45.01,2020-02-07,2021-02-07,0.16,NA,"If entered during the period from February 7, 2020 through February 7, 2021....................................................16%",2025_rev_16
9903.45.01,2021-02-08,2022-02-07,0.15,NA,"If entered during the period from February 8, 2021 through February 7, 2022 ................................................................................15%",2025_rev_16
9903.45.01,2022-02-08,2023-02-07,0.14,NA,"If entered during the period from February 8, 2022 through February 7, 2023 ................................................................................14%",2025_rev_16
9903.45.02,2018-02-07,2019-02-06,0.5,NA,"If entered during the period from February 7, 2018 through February 6, 2019....................................................50%",2025_rev_16
9903.45.02,2019-02-07,2020-02-06,0.45,NA,"If entered during the period from February 7, 2019 through February 6, 2020....................................................45%",2025_rev_16
9903.45.02,2020-02-07,2021-02-07,0.4,NA,"If entered during the period from February 7, 2020 through February 7, 2021....................................................40%",2025_rev_16
9903.45.02,2021-02-08,2022-02-07,0.35,NA,"If entered during the period from February 8, 2021 through February 7, 2022 ................................................................................35%",2025_rev_16
9903.45.02,2022-02-08,2023-02-07,0.3,NA,"If entered during the period from February 8, 2022 through February 7, 2023 ................................................................................30%",2025_rev_16
9903.45.06,2018-02-07,2019-02-06,0.5,NA,"If entered during the period from February 7, 2018 through February 6, 2019....................................................50%",2025_rev_16
9903.45.06,2019-02-07,2020-02-06,0.45,NA,"If entered during the period from February 7, 2019 through February 6, 2020....................................................45%",2025_rev_16
9903.45.06,2020-02-07,2021-02-07,0.4,NA,"If entered during the period from February 7, 2020 through February 7, 2021....................................................40%",2025_rev_16
9903.45.06,2021-02-08,2022-02-07,0.35,NA,"If entered during the period from February 8, 2021 through February 7, 2022 ................................................................................35%",2025_rev_16
9903.45.06,2022-02-08,2023-02-07,0.3,NA,"If entered during the period from February 8, 2022 through February 7, 2023 ................................................................................30%",2025_rev_16
9903.45.22,2018-02-07,2019-02-06,0.3,NA,"If entered during the period from February 7, 2018 through February 6, 2019....................................................30%",2025_rev_16
9903.45.22,2019-02-07,2020-02-06,0.25,NA,"If entered during the period from February 7, 2019 through February 6, 2020....................................................25%",2025_rev_16
9903.45.22,2020-02-07,2021-02-06,0.2,NA,"If entered during the period from February 7, 2020 through February 6, 2021 ...................................................20%",2025_rev_16
9903.45.22,2021-02-07,2022-02-06,0.18,NA,"If entered during the period from February 7, 2021 through February 6, 2022 ...................................................18%",2025_rev_16
9903.45.22,2022-02-07,2023-02-06,0.1475,NA,"If entered during the period from February 7, 2022 through February 6, 2023 ...................................................14.75%",2025_rev_16
9903.45.22,2023-02-07,2024-02-06,0.145,NA,"If entered during the period from February 7, 2023 through February 6, 2024 ...................................................14.5%",2025_rev_16
9903.45.22,2024-02-07,2025-02-06,0.1425,NA,"If entered during the period from February 7, 2024 through February 6, 2025 ...................................................14.25%",2025_rev_16
9903.45.22,2025-02-07,2026-02-06,0.14,NA,"If entered during the period from February 7, 2025 through February 6, 2026 ...................................................14%",2025_rev_16
9903.45.25,2018-02-07,2019-02-06,0.3,NA,"If entered during the period from February 7, 2018 through February 6, 2019....................................................30%",2025_rev_16
9903.45.25,2019-02-07,2020-02-06,0.25,NA,"If entered during the period from February 7, 2019 through February 6, 2020....................................................25%",2025_rev_16
9903.45.25,2020-02-07,2021-02-06,0.2,NA,"If entered during the period from February 7, 2020 through February 6, 2021 ...................................................20%",2025_rev_16
9903.45.25,2021-02-07,2022-02-06,0.18,NA,"If entered during the period from February 7, 2021 through February 6, 2022 ...................................................18%",2025_rev_16
9903.45.25,2022-02-07,2023-02-06,0.1475,NA,"If entered during the period from February 7, 2022 through February 6, 2023....................................................14.75%",2025_rev_16
9903.45.25,2023-02-07,2024-02-06,0.145,NA,"If entered during the period from February 7, 2023 through February 6, 2024....................................................14.5%",2025_rev_16
9903.45.25,2024-02-07,2025-02-06,0.1425,NA,"If entered during the period from February 7, 2024 through February 6, 2025....................................................14.25%",2025_rev_16
9903.45.25,2025-02-07,2026-02-06,0.14,NA,"If entered during the period from February 7, 2025 through February 6, 2026....................................................14%",2025_rev_16
9903.45.01,2018-02-07,2019-02-06,0.2,NA,"If entered during the period from February 7, 2018 through February 6, 2019....................................................20%",2025_rev_17
9903.45.01,2019-02-07,2020-02-06,0.18,NA,"If entered during the period from February 7, 2019 through February 6, 2020 ...................................................18%",2025_rev_17
9903.45.01,2020-02-07,2021-02-07,0.16,NA,"If entered during the period from February 7, 2020 through February 7, 2021....................................................16%",2025_rev_17
9903.45.01,2021-02-08,2022-02-07,0.15,NA,"If entered during the period from February 8, 2021 through February 7, 2022 ................................................................................15%",2025_rev_17
9903.45.01,2022-02-08,2023-02-07,0.14,NA,"If entered during the period from February 8, 2022 through February 7, 2023 ................................................................................14%",2025_rev_17
9903.45.02,2018-02-07,2019-02-06,0.5,NA,"If entered during the period from February 7, 2018 through February 6, 2019....................................................50%",2025_rev_17
9903.45.02,2019-02-07,2020-02-06,0.45,NA,"If entered during the period from February 7, 2019 through February 6, 2020....................................................45%",2025_rev_17
9903.45.02,2020-02-07,2021-02-07,0.4,NA,"If entered during the period from February 7, 2020 through February 7, 2021....................................................40%",2025_rev_17
9903.45.02,2021-02-08,2022-02-07,0.35,NA,"If entered during the period from February 8, 2021 through February 7, 2022 ................................................................................35%",2025_rev_17
9903.45.02,2022-02-08,2023-02-07,0.3,NA,"If entered during the period from February 8, 2022 through February 7, 2023 ................................................................................30%",2025_rev_17
9903.45.06,2018-02-07,2019-02-06,0.5,NA,"If entered during the period from February 7, 2018 through February 6, 2019....................................................50%",2025_rev_17
9903.45.06,2019-02-07,2020-02-06,0.45,NA,"If entered during the period from February 7, 2019 through February 6, 2020....................................................45%",2025_rev_17
9903.45.06,2020-02-07,2021-02-07,0.4,NA,"If entered during the period from February 7, 2020 through February 7, 2021....................................................40%",2025_rev_17
9903.45.06,2021-02-08,2022-02-07,0.35,NA,"If entered during the period from February 8, 2021 through February 7, 2022 ................................................................................35%",2025_rev_17
9903.45.06,2022-02-08,2023-02-07,0.3,NA,"If entered during the period from February 8, 2022 through February 7, 2023 ................................................................................30%",2025_rev_17
9903.45.22,2018-02-07,2019-02-06,0.3,NA,"If entered during the period from February 7, 2018 through February 6, 2019....................................................30%",2025_rev_17
9903.45.22,2019-02-07,2020-02-06,0.25,NA,"If entered during the period from February 7, 2019 through February 6, 2020....................................................25%",2025_rev_17
9903.45.22,2020-02-07,2021-02-06,0.2,NA,"If entered during the period from February 7, 2020 through February 6, 2021 ...................................................20%",2025_rev_17
9903.45.22,2021-02-07,2022-02-06,0.18,NA,"If entered during the period from February 7, 2021 through February 6, 2022 ...................................................18%",2025_rev_17
9903.45.22,2022-02-07,2023-02-06,0.1475,NA,"If entered during the period from February 7, 2022 through February 6, 2023 ...................................................14.75%",2025_rev_17
9903.45.22,2023-02-07,2024-02-06,0.145,NA,"If entered during the period from February 7, 2023 through February 6, 2024 ...................................................14.5%",2025_rev_17
9903.45.22,2024-02-07,2025-02-06,0.1425,NA,"If entered during the period from February 7, 2024 through February 6, 2025 ...................................................14.25%",2025_rev_17
9903.45.22,2025-02-07,2026-02-06,0.14,NA,"If entered during the period from February 7, 2025 through February 6, 2026 ...................................................14%",2025_rev_17
9903.45.25,2018-02-07,2019-02-06,0.3,NA,"If entered during the period from February 7, 2018 through February 6, 2019....................................................30%",2025_rev_17
9903.45.25,2019-02-07,2020-02-06,0.25,NA,"If entered during the period from February 7, 2019 through February 6, 2020....................................................25%",2025_rev_17
9903.45.25,2020-02-07,2021-02-06,0.2,NA,"If entered during the period from February 7, 2020 through February 6, 2021 ...................................................20%",2025_rev_17
9903.45.25,2021-02-07,2022-02-06,0.18,NA,"If entered during the period from February 7, 2021 through February 6, 2022 ...................................................18%",2025_rev_17
9903.45.25,2022-02-07,2023-02-06,0.1475,NA,"If entered during the period from February 7, 2022 through February 6, 2023....................................................14.75%",2025_rev_17
9903.45.25,2023-02-07,2024-02-06,0.145,NA,"If entered during the period from February 7, 2023 through February 6, 2024....................................................14.5%",2025_rev_17
9903.45.25,2024-02-07,2025-02-06,0.1425,NA,"If entered during the period from February 7, 2024 through February 6, 2025....................................................14.25%",2025_rev_17
9903.45.25,2025-02-07,2026-02-06,0.14,NA,"If entered during the period from February 7, 2025 through February 6, 2026....................................................14%",2025_rev_17
9903.45.01,2018-02-07,2019-02-06,0.2,NA,"If entered during the period from February 7, 2018 through February 6, 2019....................................................20%",2025_rev_18
9903.45.01,2019-02-07,2020-02-06,0.18,NA,"If entered during the period from February 7, 2019 through February 6, 2020 ...................................................18%",2025_rev_18
9903.45.01,2020-02-07,2021-02-07,0.16,NA,"If entered during the period from February 7, 2020 through February 7, 2021....................................................16%",2025_rev_18
9903.45.01,2021-02-08,2022-02-07,0.15,NA,"If entered during the period from February 8, 2021 through February 7, 2022 ................................................................................15%",2025_rev_18
9903.45.01,2022-02-08,2023-02-07,0.14,NA,"If entered during the period from February 8, 2022 through February 7, 2023 ................................................................................14%",2025_rev_18
9903.45.02,2018-02-07,2019-02-06,0.5,NA,"If entered during the period from February 7, 2018 through February 6, 2019....................................................50%",2025_rev_18
9903.45.02,2019-02-07,2020-02-06,0.45,NA,"If entered during the period from February 7, 2019 through February 6, 2020....................................................45%",2025_rev_18
9903.45.02,2020-02-07,2021-02-07,0.4,NA,"If entered during the period from February 7, 2020 through February 7, 2021....................................................40%",2025_rev_18
9903.45.02,2021-02-08,2022-02-07,0.35,NA,"If entered during the period from February 8, 2021 through February 7, 2022 ................................................................................35%",2025_rev_18
9903.45.02,2022-02-08,2023-02-07,0.3,NA,"If entered during the period from February 8, 2022 through February 7, 2023 ................................................................................30%",2025_rev_18
9903.45.06,2018-02-07,2019-02-06,0.5,NA,"If entered during the period from February 7, 2018 through February 6, 2019....................................................50%",2025_rev_18
9903.45.06,2019-02-07,2020-02-06,0.45,NA,"If entered during the period from February 7, 2019 through February 6, 2020....................................................45%",2025_rev_18
9903.45.06,2020-02-07,2021-02-07,0.4,NA,"If entered during the period from February 7, 2020 through February 7, 2021....................................................40%",2025_rev_18
9903.45.06,2021-02-08,2022-02-07,0.35,NA,"If entered during the period from February 8, 2021 through February 7, 2022 ................................................................................35%",2025_rev_18
9903.45.06,2022-02-08,2023-02-07,0.3,NA,"If entered during the period from February 8, 2022 through February 7, 2023 ................................................................................30%",2025_rev_18
9903.45.22,2018-02-07,2019-02-06,0.3,NA,"If entered during the period from February 7, 2018 through February 6, 2019....................................................30%",2025_rev_18
9903.45.22,2019-02-07,2020-02-06,0.25,NA,"If entered during the period from February 7, 2019 through February 6, 2020....................................................25%",2025_rev_18
9903.45.22,2020-02-07,2021-02-06,0.2,NA,"If entered during the period from February 7, 2020 through February 6, 2021 ...................................................20%",2025_rev_18
9903.45.22,2021-02-07,2022-02-06,0.18,NA,"If entered during the period from February 7, 2021 through February 6, 2022 ...................................................18%",2025_rev_18
9903.45.22,2022-02-07,2023-02-06,0.1475,NA,"If entered during the period from February 7, 2022 through February 6, 2023 ...................................................14.75%",2025_rev_18
9903.45.22,2023-02-07,2024-02-06,0.145,NA,"If entered during the period from February 7, 2023 through February 6, 2024 ...................................................14.5%",2025_rev_18
9903.45.22,2024-02-07,2025-02-06,0.1425,NA,"If entered during the period from February 7, 2024 through February 6, 2025 ...................................................14.25%",2025_rev_18
9903.45.22,2025-02-07,2026-02-06,0.14,NA,"If entered during the period from February 7, 2025 through February 6, 2026 ...................................................14%",2025_rev_18
9903.45.25,2018-02-07,2019-02-06,0.3,NA,"If entered during the period from February 7, 2018 through February 6, 2019....................................................30%",2025_rev_18
9903.45.25,2019-02-07,2020-02-06,0.25,NA,"If entered during the period from February 7, 2019 through February 6, 2020....................................................25%",2025_rev_18
9903.45.25,2020-02-07,2021-02-06,0.2,NA,"If entered during the period from February 7, 2020 through February 6, 2021 ...................................................20%",2025_rev_18
9903.45.25,2021-02-07,2022-02-06,0.18,NA,"If entered during the period from February 7, 2021 through February 6, 2022 ...................................................18%",2025_rev_18
9903.45.25,2022-02-07,2023-02-06,0.1475,NA,"If entered during the period from February 7, 2022 through February 6, 2023....................................................14.75%",2025_rev_18
9903.45.25,2023-02-07,2024-02-06,0.145,NA,"If entered during the period from February 7, 2023 through February 6, 2024....................................................14.5%",2025_rev_18
9903.45.25,2024-02-07,2025-02-06,0.1425,NA,"If entered during the period from February 7, 2024 through February 6, 2025....................................................14.25%",2025_rev_18
9903.45.25,2025-02-07,2026-02-06,0.14,NA,"If entered during the period from February 7, 2025 through February 6, 2026....................................................14%",2025_rev_18
9903.45.01,2018-02-07,2019-02-06,0.2,NA,"If entered during the period from February 7, 2018 through February 6, 2019....................................................20%",2025_rev_19
9903.45.01,2019-02-07,2020-02-06,0.18,NA,"If entered during the period from February 7, 2019 through February 6, 2020 ...................................................18%",2025_rev_19
9903.45.01,2020-02-07,2021-02-07,0.16,NA,"If entered during the period from February 7, 2020 through February 7, 2021....................................................16%",2025_rev_19
9903.45.01,2021-02-08,2022-02-07,0.15,NA,"If entered during the period from February 8, 2021 through February 7, 2022 ................................................................................15%",2025_rev_19
9903.45.01,2022-02-08,2023-02-07,0.14,NA,"If entered during the period from February 8, 2022 through February 7, 2023 ................................................................................14%",2025_rev_19
9903.45.02,2018-02-07,2019-02-06,0.5,NA,"If entered during the period from February 7, 2018 through February 6, 2019....................................................50%",2025_rev_19
9903.45.02,2019-02-07,2020-02-06,0.45,NA,"If entered during the period from February 7, 2019 through February 6, 2020....................................................45%",2025_rev_19
9903.45.02,2020-02-07,2021-02-07,0.4,NA,"If entered during the period from February 7, 2020 through February 7, 2021....................................................40%",2025_rev_19
9903.45.02,2021-02-08,2022-02-07,0.35,NA,"If entered during the period from February 8, 2021 through February 7, 2022 ................................................................................35%",2025_rev_19
9903.45.02,2022-02-08,2023-02-07,0.3,NA,"If entered during the period from February 8, 2022 through February 7, 2023 ................................................................................30%",2025_rev_19
9903.45.06,2018-02-07,2019-02-06,0.5,NA,"If entered during the period from February 7, 2018 through February 6, 2019....................................................50%",2025_rev_19
9903.45.06,2019-02-07,2020-02-06,0.45,NA,"If entered during the period from February 7, 2019 through February 6, 2020....................................................45%",2025_rev_19
9903.45.06,2020-02-07,2021-02-07,0.4,NA,"If entered during the period from February 7, 2020 through February 7, 2021....................................................40%",2025_rev_19
9903.45.06,2021-02-08,2022-02-07,0.35,NA,"If entered during the period from February 8, 2021 through February 7, 2022 ................................................................................35%",2025_rev_19
9903.45.06,2022-02-08,2023-02-07,0.3,NA,"If entered during the period from February 8, 2022 through February 7, 2023 ................................................................................30%",2025_rev_19
9903.45.22,2018-02-07,2019-02-06,0.3,NA,"If entered during the period from February 7, 2018 through February 6, 2019....................................................30%",2025_rev_19
9903.45.22,2019-02-07,2020-02-06,0.25,NA,"If entered during the period from February 7, 2019 through February 6, 2020....................................................25%",2025_rev_19
9903.45.22,2020-02-07,2021-02-06,0.2,NA,"If entered during the period from February 7, 2020 through February 6, 2021 ...................................................20%",2025_rev_19
9903.45.22,2021-02-07,2022-02-06,0.18,NA,"If entered during the period from February 7, 2021 through February 6, 2022 ...................................................18%",2025_rev_19
9903.45.22,2022-02-07,2023-02-06,0.1475,NA,"If entered during the period from February 7, 2022 through February 6, 2023 ...................................................14.75%",2025_rev_19
9903.45.22,2023-02-07,2024-02-06,0.145,NA,"If entered during the period from February 7, 2023 through February 6, 2024 ...................................................14.5%",2025_rev_19
9903.45.22,2024-02-07,2025-02-06,0.1425,NA,"If entered during the period from February 7, 2024 through February 6, 2025 ...................................................14.25%",2025_rev_19
9903.45.22,2025-02-07,2026-02-06,0.14,NA,"If entered during the period from February 7, 2025 through February 6, 2026 ...................................................14%",2025_rev_19
9903.45.25,2018-02-07,2019-02-06,0.3,NA,"If entered during the period from February 7, 2018 through February 6, 2019....................................................30%",2025_rev_19
9903.45.25,2019-02-07,2020-02-06,0.25,NA,"If entered during the period from February 7, 2019 through February 6, 2020....................................................25%",2025_rev_19
9903.45.25,2020-02-07,2021-02-06,0.2,NA,"If entered during the period from February 7, 2020 through February 6, 2021 ...................................................20%",2025_rev_19
9903.45.25,2021-02-07,2022-02-06,0.18,NA,"If entered during the period from February 7, 2021 through February 6, 2022 ...................................................18%",2025_rev_19
9903.45.25,2022-02-07,2023-02-06,0.1475,NA,"If entered during the period from February 7, 2022 through February 6, 2023....................................................14.75%",2025_rev_19
9903.45.25,2023-02-07,2024-02-06,0.145,NA,"If entered during the period from February 7, 2023 through February 6, 2024....................................................14.5%",2025_rev_19
9903.45.25,2024-02-07,2025-02-06,0.1425,NA,"If entered during the period from February 7, 2024 through February 6, 2025....................................................14.25%",2025_rev_19
9903.45.25,2025-02-07,2026-02-06,0.14,NA,"If entered during the period from February 7, 2025 through February 6, 2026....................................................14%",2025_rev_19
9903.45.01,2018-02-07,2019-02-06,0.2,NA,"If entered during the period from February 7, 2018 through February 6, 2019....................................................20%",2025_rev_2
9903.45.01,2019-02-07,2020-02-06,0.18,NA,"If entered during the period from February 7, 2019 through February 6, 2020 ...................................................18%",2025_rev_2
9903.45.01,2020-02-07,2021-02-07,0.16,NA,"If entered during the period from February 7, 2020 through February 7, 2021....................................................16%",2025_rev_2
9903.45.01,2021-02-08,2022-02-07,0.15,NA,"If entered during the period from February 8, 2021 through February 7, 2022 ................................................................................15%",2025_rev_2
9903.45.01,2022-02-08,2023-02-07,0.14,NA,"If entered during the period from February 8, 2022 through February 7, 2023 ................................................................................14%",2025_rev_2
9903.45.02,2018-02-07,2019-02-06,0.5,NA,"If entered during the period from February 7, 2018 through February 6, 2019....................................................50%",2025_rev_2
9903.45.02,2019-02-07,2020-02-06,0.45,NA,"If entered during the period from February 7, 2019 through February 6, 2020....................................................45%",2025_rev_2
9903.45.02,2020-02-07,2021-02-07,0.4,NA,"If entered during the period from February 7, 2020 through February 7, 2021....................................................40%",2025_rev_2
9903.45.02,2021-02-08,2022-02-07,0.35,NA,"If entered during the period from February 8, 2021 through February 7, 2022 ................................................................................35%",2025_rev_2
9903.45.02,2022-02-08,2023-02-07,0.3,NA,"If entered during the period from February 8, 2022 through February 7, 2023 ................................................................................30%",2025_rev_2
9903.45.06,2018-02-07,2019-02-06,0.5,NA,"If entered during the period from February 7, 2018 through February 6, 2019....................................................50%",2025_rev_2
9903.45.06,2019-02-07,2020-02-06,0.45,NA,"If entered during the period from February 7, 2019 through February 6, 2020....................................................45%",2025_rev_2
9903.45.06,2020-02-07,2021-02-07,0.4,NA,"If entered during the period from February 7, 2020 through February 7, 2021....................................................40%",2025_rev_2
9903.45.06,2021-02-08,2022-02-07,0.35,NA,"If entered during the period from February 8, 2021 through February 7, 2022 ................................................................................35%",2025_rev_2
9903.45.06,2022-02-08,2023-02-07,0.3,NA,"If entered during the period from February 8, 2022 through February 7, 2023 ................................................................................30%",2025_rev_2
9903.45.22,2018-02-07,2019-02-06,0.3,NA,"If entered during the period from February 7, 2018 through February 6, 2019....................................................30%",2025_rev_2
9903.45.22,2019-02-07,2020-02-06,0.25,NA,"If entered during the period from February 7, 2019 through February 6, 2020....................................................25%",2025_rev_2
9903.45.22,2020-02-07,2021-02-06,0.2,NA,"If entered during the period from February 7, 2020 through February 6, 2021 ...................................................20%",2025_rev_2
9903.45.22,2021-02-07,2022-02-06,0.18,NA,"If entered during the period from February 7, 2021 through February 6, 2022 ...................................................18%",2025_rev_2
9903.45.22,2022-02-07,2023-02-06,0.1475,NA,"If entered during the period from February 7, 2022 through February 6, 2023 ...................................................14.75%",2025_rev_2
9903.45.22,2023-02-07,2024-02-06,0.145,NA,"If entered during the period from February 7, 2023 through February 6, 2024 ...................................................14.5%",2025_rev_2
9903.45.22,2024-02-07,2025-02-06,0.1425,NA,"If entered during the period from February 7, 2024 through February 6, 2025 ...................................................14.25%",2025_rev_2
9903.45.22,2025-02-07,2026-02-06,0.14,NA,"If entered during the period from February 7, 2025 through February 6, 2026 ...................................................14%",2025_rev_2
9903.45.25,2018-02-07,2019-02-06,0.3,NA,"If entered during the period from February 7, 2018 through February 6, 2019....................................................30%",2025_rev_2
9903.45.25,2019-02-07,2020-02-06,0.25,NA,"If entered during the period from February 7, 2019 through February 6, 2020....................................................25%",2025_rev_2
9903.45.25,2020-02-07,2021-02-06,0.2,NA,"If entered during the period from February 7, 2020 through February 6, 2021 ...................................................20%",2025_rev_2
9903.45.25,2021-02-07,2022-02-06,0.18,NA,"If entered during the period from February 7, 2021 through February 6, 2022 ...................................................18%",2025_rev_2
9903.45.25,2022-02-07,2023-02-06,0.1475,NA,"If entered during the period from February 7, 2022 through February 6, 2023....................................................14.75%",2025_rev_2
9903.45.25,2023-02-07,2024-02-06,0.145,NA,"If entered during the period from February 7, 2023 through February 6, 2024....................................................14.5%",2025_rev_2
9903.45.25,2024-02-07,2025-02-06,0.1425,NA,"If entered during the period from February 7, 2024 through February 6, 2025....................................................14.25%",2025_rev_2
9903.45.25,2025-02-07,2026-02-06,0.14,NA,"If entered during the period from February 7, 2025 through February 6, 2026....................................................14%",2025_rev_2
9903.45.01,2018-02-07,2019-02-06,0.2,NA,"If entered during the period from February 7, 2018 through February 6, 2019....................................................20%",2025_rev_20
9903.45.01,2019-02-07,2020-02-06,0.18,NA,"If entered during the period from February 7, 2019 through February 6, 2020 ...................................................18%",2025_rev_20
9903.45.01,2020-02-07,2021-02-07,0.16,NA,"If entered during the period from February 7, 2020 through February 7, 2021....................................................16%",2025_rev_20
9903.45.01,2021-02-08,2022-02-07,0.15,NA,"If entered during the period from February 8, 2021 through February 7, 2022 ................................................................................15%",2025_rev_20
9903.45.01,2022-02-08,2023-02-07,0.14,NA,"If entered during the period from February 8, 2022 through February 7, 2023 ................................................................................14%",2025_rev_20
9903.45.02,2018-02-07,2019-02-06,0.5,NA,"If entered during the period from February 7, 2018 through February 6, 2019....................................................50%",2025_rev_20
9903.45.02,2019-02-07,2020-02-06,0.45,NA,"If entered during the period from February 7, 2019 through February 6, 2020....................................................45%",2025_rev_20
9903.45.02,2020-02-07,2021-02-07,0.4,NA,"If entered during the period from February 7, 2020 through February 7, 2021....................................................40%",2025_rev_20
9903.45.02,2021-02-08,2022-02-07,0.35,NA,"If entered during the period from February 8, 2021 through February 7, 2022 ................................................................................35%",2025_rev_20
9903.45.02,2022-02-08,2023-02-07,0.3,NA,"If entered during the period from February 8, 2022 through February 7, 2023 ................................................................................30%",2025_rev_20
9903.45.06,2018-02-07,2019-02-06,0.5,NA,"If entered during the period from February 7, 2018 through February 6, 2019....................................................50%",2025_rev_20
9903.45.06,2019-02-07,2020-02-06,0.45,NA,"If entered during the period from February 7, 2019 through February 6, 2020....................................................45%",2025_rev_20
9903.45.06,2020-02-07,2021-02-07,0.4,NA,"If entered during the period from February 7, 2020 through February 7, 2021....................................................40%",2025_rev_20
9903.45.06,2021-02-08,2022-02-07,0.35,NA,"If entered during the period from February 8, 2021 through February 7, 2022 ................................................................................35%",2025_rev_20
9903.45.06,2022-02-08,2023-02-07,0.3,NA,"If entered during the period from February 8, 2022 through February 7, 2023 ................................................................................30%",2025_rev_20
9903.45.22,2018-02-07,2019-02-06,0.3,NA,"If entered during the period from February 7, 2018 through February 6, 2019....................................................30%",2025_rev_20
9903.45.22,2019-02-07,2020-02-06,0.25,NA,"If entered during the period from February 7, 2019 through February 6, 2020....................................................25%",2025_rev_20
9903.45.22,2020-02-07,2021-02-06,0.2,NA,"If entered during the period from February 7, 2020 through February 6, 2021 ...................................................20%",2025_rev_20
9903.45.22,2021-02-07,2022-02-06,0.18,NA,"If entered during the period from February 7, 2021 through February 6, 2022 ...................................................18%",2025_rev_20
9903.45.22,2022-02-07,2023-02-06,0.1475,NA,"If entered during the period from February 7, 2022 through February 6, 2023 ...................................................14.75%",2025_rev_20
9903.45.22,2023-02-07,2024-02-06,0.145,NA,"If entered during the period from February 7, 2023 through February 6, 2024 ...................................................14.5%",2025_rev_20
9903.45.22,2024-02-07,2025-02-06,0.1425,NA,"If entered during the period from February 7, 2024 through February 6, 2025 ...................................................14.25%",2025_rev_20
9903.45.22,2025-02-07,2026-02-06,0.14,NA,"If entered during the period from February 7, 2025 through February 6, 2026 ...................................................14%",2025_rev_20
9903.45.25,2018-02-07,2019-02-06,0.3,NA,"If entered during the period from February 7, 2018 through February 6, 2019....................................................30%",2025_rev_20
9903.45.25,2019-02-07,2020-02-06,0.25,NA,"If entered during the period from February 7, 2019 through February 6, 2020....................................................25%",2025_rev_20
9903.45.25,2020-02-07,2021-02-06,0.2,NA,"If entered during the period from February 7, 2020 through February 6, 2021 ...................................................20%",2025_rev_20
9903.45.25,2021-02-07,2022-02-06,0.18,NA,"If entered during the period from February 7, 2021 through February 6, 2022 ...................................................18%",2025_rev_20
9903.45.25,2022-02-07,2023-02-06,0.1475,NA,"If entered during the period from February 7, 2022 through February 6, 2023....................................................14.75%",2025_rev_20
9903.45.25,2023-02-07,2024-02-06,0.145,NA,"If entered during the period from February 7, 2023 through February 6, 2024....................................................14.5%",2025_rev_20
9903.45.25,2024-02-07,2025-02-06,0.1425,NA,"If entered during the period from February 7, 2024 through February 6, 2025....................................................14.25%",2025_rev_20
9903.45.25,2025-02-07,2026-02-06,0.14,NA,"If entered during the period from February 7, 2025 through February 6, 2026....................................................14%",2025_rev_20
9903.45.01,2018-02-07,2019-02-06,0.2,NA,"If entered during the period from February 7, 2018 through February 6, 2019....................................................20%",2025_rev_21
9903.45.01,2019-02-07,2020-02-06,0.18,NA,"If entered during the period from February 7, 2019 through February 6, 2020 ...................................................18%",2025_rev_21
9903.45.01,2020-02-07,2021-02-07,0.16,NA,"If entered during the period from February 7, 2020 through February 7, 2021....................................................16%",2025_rev_21
9903.45.01,2021-02-08,2022-02-07,0.15,NA,"If entered during the period from February 8, 2021 through February 7, 2022 ................................................................................15%",2025_rev_21
9903.45.01,2022-02-08,2023-02-07,0.14,NA,"If entered during the period from February 8, 2022 through February 7, 2023 ................................................................................14%",2025_rev_21
9903.45.02,2018-02-07,2019-02-06,0.5,NA,"If entered during the period from February 7, 2018 through February 6, 2019....................................................50%",2025_rev_21
9903.45.02,2019-02-07,2020-02-06,0.45,NA,"If entered during the period from February 7, 2019 through February 6, 2020....................................................45%",2025_rev_21
9903.45.02,2020-02-07,2021-02-07,0.4,NA,"If entered during the period from February 7, 2020 through February 7, 2021....................................................40%",2025_rev_21
9903.45.02,2021-02-08,2022-02-07,0.35,NA,"If entered during the period from February 8, 2021 through February 7, 2022 ................................................................................35%",2025_rev_21
9903.45.02,2022-02-08,2023-02-07,0.3,NA,"If entered during the period from February 8, 2022 through February 7, 2023 ................................................................................30%",2025_rev_21
9903.45.06,2018-02-07,2019-02-06,0.5,NA,"If entered during the period from February 7, 2018 through February 6, 2019....................................................50%",2025_rev_21
9903.45.06,2019-02-07,2020-02-06,0.45,NA,"If entered during the period from February 7, 2019 through February 6, 2020....................................................45%",2025_rev_21
9903.45.06,2020-02-07,2021-02-07,0.4,NA,"If entered during the period from February 7, 2020 through February 7, 2021....................................................40%",2025_rev_21
9903.45.06,2021-02-08,2022-02-07,0.35,NA,"If entered during the period from February 8, 2021 through February 7, 2022 ................................................................................35%",2025_rev_21
9903.45.06,2022-02-08,2023-02-07,0.3,NA,"If entered during the period from February 8, 2022 through February 7, 2023 ................................................................................30%",2025_rev_21
9903.45.22,2018-02-07,2019-02-06,0.3,NA,"If entered during the period from February 7, 2018 through February 6, 2019....................................................30%",2025_rev_21
9903.45.22,2019-02-07,2020-02-06,0.25,NA,"If entered during the period from February 7, 2019 through February 6, 2020....................................................25%",2025_rev_21
9903.45.22,2020-02-07,2021-02-06,0.2,NA,"If entered during the period from February 7, 2020 through February 6, 2021 ...................................................20%",2025_rev_21
9903.45.22,2021-02-07,2022-02-06,0.18,NA,"If entered during the period from February 7, 2021 through February 6, 2022 ...................................................18%",2025_rev_21
9903.45.22,2022-02-07,2023-02-06,0.1475,NA,"If entered during the period from February 7, 2022 through February 6, 2023 ...................................................14.75%",2025_rev_21
9903.45.22,2023-02-07,2024-02-06,0.145,NA,"If entered during the period from February 7, 2023 through February 6, 2024 ...................................................14.5%",2025_rev_21
9903.45.22,2024-02-07,2025-02-06,0.1425,NA,"If entered during the period from February 7, 2024 through February 6, 2025 ...................................................14.25%",2025_rev_21
9903.45.22,2025-02-07,2026-02-06,0.14,NA,"If entered during the period from February 7, 2025 through February 6, 2026 ...................................................14%",2025_rev_21
9903.45.25,2018-02-07,2019-02-06,0.3,NA,"If entered during the period from February 7, 2018 through February 6, 2019....................................................30%",2025_rev_21
9903.45.25,2019-02-07,2020-02-06,0.25,NA,"If entered during the period from February 7, 2019 through February 6, 2020....................................................25%",2025_rev_21
9903.45.25,2020-02-07,2021-02-06,0.2,NA,"If entered during the period from February 7, 2020 through February 6, 2021 ...................................................20%",2025_rev_21
9903.45.25,2021-02-07,2022-02-06,0.18,NA,"If entered during the period from February 7, 2021 through February 6, 2022 ...................................................18%",2025_rev_21
9903.45.25,2022-02-07,2023-02-06,0.1475,NA,"If entered during the period from February 7, 2022 through February 6, 2023....................................................14.75%",2025_rev_21
9903.45.25,2023-02-07,2024-02-06,0.145,NA,"If entered during the period from February 7, 2023 through February 6, 2024....................................................14.5%",2025_rev_21
9903.45.25,2024-02-07,2025-02-06,0.1425,NA,"If entered during the period from February 7, 2024 through February 6, 2025....................................................14.25%",2025_rev_21
9903.45.25,2025-02-07,2026-02-06,0.14,NA,"If entered during the period from February 7, 2025 through February 6, 2026....................................................14%",2025_rev_21
9903.45.01,2018-02-07,2019-02-06,0.2,NA,"If entered during the period from February 7, 2018 through February 6, 2019....................................................20%",2025_rev_22
9903.45.01,2019-02-07,2020-02-06,0.18,NA,"If entered during the period from February 7, 2019 through February 6, 2020 ...................................................18%",2025_rev_22
9903.45.01,2020-02-07,2021-02-07,0.16,NA,"If entered during the period from February 7, 2020 through February 7, 2021....................................................16%",2025_rev_22
9903.45.01,2021-02-08,2022-02-07,0.15,NA,"If entered during the period from February 8, 2021 through February 7, 2022 ................................................................................15%",2025_rev_22
9903.45.01,2022-02-08,2023-02-07,0.14,NA,"If entered during the period from February 8, 2022 through February 7, 2023 ................................................................................14%",2025_rev_22
9903.45.02,2018-02-07,2019-02-06,0.5,NA,"If entered during the period from February 7, 2018 through February 6, 2019....................................................50%",2025_rev_22
9903.45.02,2019-02-07,2020-02-06,0.45,NA,"If entered during the period from February 7, 2019 through February 6, 2020....................................................45%",2025_rev_22
9903.45.02,2020-02-07,2021-02-07,0.4,NA,"If entered during the period from February 7, 2020 through February 7, 2021....................................................40%",2025_rev_22
9903.45.02,2021-02-08,2022-02-07,0.35,NA,"If entered during the period from February 8, 2021 through February 7, 2022 ................................................................................35%",2025_rev_22
9903.45.02,2022-02-08,2023-02-07,0.3,NA,"If entered during the period from February 8, 2022 through February 7, 2023 ................................................................................30%",2025_rev_22
9903.45.06,2018-02-07,2019-02-06,0.5,NA,"If entered during the period from February 7, 2018 through February 6, 2019....................................................50%",2025_rev_22
9903.45.06,2019-02-07,2020-02-06,0.45,NA,"If entered during the period from February 7, 2019 through February 6, 2020....................................................45%",2025_rev_22
9903.45.06,2020-02-07,2021-02-07,0.4,NA,"If entered during the period from February 7, 2020 through February 7, 2021....................................................40%",2025_rev_22
9903.45.06,2021-02-08,2022-02-07,0.35,NA,"If entered during the period from February 8, 2021 through February 7, 2022 ................................................................................35%",2025_rev_22
9903.45.06,2022-02-08,2023-02-07,0.3,NA,"If entered during the period from February 8, 2022 through February 7, 2023 ................................................................................30%",2025_rev_22
9903.45.22,2018-02-07,2019-02-06,0.3,NA,"If entered during the period from February 7, 2018 through February 6, 2019....................................................30%",2025_rev_22
9903.45.22,2019-02-07,2020-02-06,0.25,NA,"If entered during the period from February 7, 2019 through February 6, 2020....................................................25%",2025_rev_22
9903.45.22,2020-02-07,2021-02-06,0.2,NA,"If entered during the period from February 7, 2020 through February 6, 2021 ...................................................20%",2025_rev_22
9903.45.22,2021-02-07,2022-02-06,0.18,NA,"If entered during the period from February 7, 2021 through February 6, 2022 ...................................................18%",2025_rev_22
9903.45.22,2022-02-07,2023-02-06,0.1475,NA,"If entered during the period from February 7, 2022 through February 6, 2023 ...................................................14.75%",2025_rev_22
9903.45.22,2023-02-07,2024-02-06,0.145,NA,"If entered during the period from February 7, 2023 through February 6, 2024 ...................................................14.5%",2025_rev_22
9903.45.22,2024-02-07,2025-02-06,0.1425,NA,"If entered during the period from February 7, 2024 through February 6, 2025 ...................................................14.25%",2025_rev_22
9903.45.22,2025-02-07,2026-02-06,0.14,NA,"If entered during the period from February 7, 2025 through February 6, 2026 ...................................................14%",2025_rev_22
9903.45.25,2018-02-07,2019-02-06,0.3,NA,"If entered during the period from February 7, 2018 through February 6, 2019....................................................30%",2025_rev_22
9903.45.25,2019-02-07,2020-02-06,0.25,NA,"If entered during the period from February 7, 2019 through February 6, 2020....................................................25%",2025_rev_22
9903.45.25,2020-02-07,2021-02-06,0.2,NA,"If entered during the period from February 7, 2020 through February 6, 2021 ...................................................20%",2025_rev_22
9903.45.25,2021-02-07,2022-02-06,0.18,NA,"If entered during the period from February 7, 2021 through February 6, 2022 ...................................................18%",2025_rev_22
9903.45.25,2022-02-07,2023-02-06,0.1475,NA,"If entered during the period from February 7, 2022 through February 6, 2023....................................................14.75%",2025_rev_22
9903.45.25,2023-02-07,2024-02-06,0.145,NA,"If entered during the period from February 7, 2023 through February 6, 2024....................................................14.5%",2025_rev_22
9903.45.25,2024-02-07,2025-02-06,0.1425,NA,"If entered during the period from February 7, 2024 through February 6, 2025....................................................14.25%",2025_rev_22
9903.45.25,2025-02-07,2026-02-06,0.14,NA,"If entered during the period from February 7, 2025 through February 6, 2026....................................................14%",2025_rev_22
9903.45.01,2018-02-07,2019-02-06,0.2,NA,"If entered during the period from February 7, 2018 through February 6, 2019....................................................20%",2025_rev_23
9903.45.01,2019-02-07,2020-02-06,0.18,NA,"If entered during the period from February 7, 2019 through February 6, 2020 ...................................................18%",2025_rev_23
9903.45.01,2020-02-07,2021-02-07,0.16,NA,"If entered during the period from February 7, 2020 through February 7, 2021....................................................16%",2025_rev_23
9903.45.01,2021-02-08,2022-02-07,0.15,NA,"If entered during the period from February 8, 2021 through February 7, 2022 ................................................................................15%",2025_rev_23
9903.45.01,2022-02-08,2023-02-07,0.14,NA,"If entered during the period from February 8, 2022 through February 7, 2023 ................................................................................14%",2025_rev_23
9903.45.02,2018-02-07,2019-02-06,0.5,NA,"If entered during the period from February 7, 2018 through February 6, 2019....................................................50%",2025_rev_23
9903.45.02,2019-02-07,2020-02-06,0.45,NA,"If entered during the period from February 7, 2019 through February 6, 2020....................................................45%",2025_rev_23
9903.45.02,2020-02-07,2021-02-07,0.4,NA,"If entered during the period from February 7, 2020 through February 7, 2021....................................................40%",2025_rev_23
9903.45.02,2021-02-08,2022-02-07,0.35,NA,"If entered during the period from February 8, 2021 through February 7, 2022 ................................................................................35%",2025_rev_23
9903.45.02,2022-02-08,2023-02-07,0.3,NA,"If entered during the period from February 8, 2022 through February 7, 2023 ................................................................................30%",2025_rev_23
9903.45.06,2018-02-07,2019-02-06,0.5,NA,"If entered during the period from February 7, 2018 through February 6, 2019....................................................50%",2025_rev_23
9903.45.06,2019-02-07,2020-02-06,0.45,NA,"If entered during the period from February 7, 2019 through February 6, 2020....................................................45%",2025_rev_23
9903.45.06,2020-02-07,2021-02-07,0.4,NA,"If entered during the period from February 7, 2020 through February 7, 2021....................................................40%",2025_rev_23
9903.45.06,2021-02-08,2022-02-07,0.35,NA,"If entered during the period from February 8, 2021 through February 7, 2022 ................................................................................35%",2025_rev_23
9903.45.06,2022-02-08,2023-02-07,0.3,NA,"If entered during the period from February 8, 2022 through February 7, 2023 ................................................................................30%",2025_rev_23
9903.45.22,2018-02-07,2019-02-06,0.3,NA,"If entered during the period from February 7, 2018 through February 6, 2019....................................................30%",2025_rev_23
9903.45.22,2019-02-07,2020-02-06,0.25,NA,"If entered during the period from February 7, 2019 through February 6, 2020....................................................25%",2025_rev_23
9903.45.22,2020-02-07,2021-02-06,0.2,NA,"If entered during the period from February 7, 2020 through February 6, 2021 ...................................................20%",2025_rev_23
9903.45.22,2021-02-07,2022-02-06,0.18,NA,"If entered during the period from February 7, 2021 through February 6, 2022 ...................................................18%",2025_rev_23
9903.45.22,2022-02-07,2023-02-06,0.1475,NA,"If entered during the period from February 7, 2022 through February 6, 2023 ...................................................14.75%",2025_rev_23
9903.45.22,2023-02-07,2024-02-06,0.145,NA,"If entered during the period from February 7, 2023 through February 6, 2024 ...................................................14.5%",2025_rev_23
9903.45.22,2024-02-07,2025-02-06,0.1425,NA,"If entered during the period from February 7, 2024 through February 6, 2025 ...................................................14.25%",2025_rev_23
9903.45.22,2025-02-07,2026-02-06,0.14,NA,"If entered during the period from February 7, 2025 through February 6, 2026 ...................................................14%",2025_rev_23
9903.45.25,2018-02-07,2019-02-06,0.3,NA,"If entered during the period from February 7, 2018 through February 6, 2019....................................................30%",2025_rev_23
9903.45.25,2019-02-07,2020-02-06,0.25,NA,"If entered during the period from February 7, 2019 through February 6, 2020....................................................25%",2025_rev_23
9903.45.25,2020-02-07,2021-02-06,0.2,NA,"If entered during the period from February 7, 2020 through February 6, 2021 ...................................................20%",2025_rev_23
9903.45.25,2021-02-07,2022-02-06,0.18,NA,"If entered during the period from February 7, 2021 through February 6, 2022 ...................................................18%",2025_rev_23
9903.45.25,2022-02-07,2023-02-06,0.1475,NA,"If entered during the period from February 7, 2022 through February 6, 2023....................................................14.75%",2025_rev_23
9903.45.25,2023-02-07,2024-02-06,0.145,NA,"If entered during the period from February 7, 2023 through February 6, 2024....................................................14.5%",2025_rev_23
9903.45.25,2024-02-07,2025-02-06,0.1425,NA,"If entered during the period from February 7, 2024 through February 6, 2025....................................................14.25%",2025_rev_23
9903.45.25,2025-02-07,2026-02-06,0.14,NA,"If entered during the period from February 7, 2025 through February 6, 2026....................................................14%",2025_rev_23
9903.45.01,2018-02-07,2019-02-06,0.2,NA,"If entered during the period from February 7, 2018 through February 6, 2019....................................................20%",2025_rev_24
9903.45.01,2019-02-07,2020-02-06,0.18,NA,"If entered during the period from February 7, 2019 through February 6, 2020 ...................................................18%",2025_rev_24
9903.45.01,2020-02-07,2021-02-07,0.16,NA,"If entered during the period from February 7, 2020 through February 7, 2021....................................................16%",2025_rev_24
9903.45.01,2021-02-08,2022-02-07,0.15,NA,"If entered during the period from February 8, 2021 through February 7, 2022 ................................................................................15%",2025_rev_24
9903.45.01,2022-02-08,2023-02-07,0.14,NA,"If entered during the period from February 8, 2022 through February 7, 2023 ................................................................................14%",2025_rev_24
9903.45.02,2018-02-07,2019-02-06,0.5,NA,"If entered during the period from February 7, 2018 through February 6, 2019....................................................50%",2025_rev_24
9903.45.02,2019-02-07,2020-02-06,0.45,NA,"If entered during the period from February 7, 2019 through February 6, 2020....................................................45%",2025_rev_24
9903.45.02,2020-02-07,2021-02-07,0.4,NA,"If entered during the period from February 7, 2020 through February 7, 2021....................................................40%",2025_rev_24
9903.45.02,2021-02-08,2022-02-07,0.35,NA,"If entered during the period from February 8, 2021 through February 7, 2022 ................................................................................35%",2025_rev_24
9903.45.02,2022-02-08,2023-02-07,0.3,NA,"If entered during the period from February 8, 2022 through February 7, 2023 ................................................................................30%",2025_rev_24
9903.45.06,2018-02-07,2019-02-06,0.5,NA,"If entered during the period from February 7, 2018 through February 6, 2019....................................................50%",2025_rev_24
9903.45.06,2019-02-07,2020-02-06,0.45,NA,"If entered during the period from February 7, 2019 through February 6, 2020....................................................45%",2025_rev_24
9903.45.06,2020-02-07,2021-02-07,0.4,NA,"If entered during the period from February 7, 2020 through February 7, 2021....................................................40%",2025_rev_24
9903.45.06,2021-02-08,2022-02-07,0.35,NA,"If entered during the period from February 8, 2021 through February 7, 2022 ................................................................................35%",2025_rev_24
9903.45.06,2022-02-08,2023-02-07,0.3,NA,"If entered during the period from February 8, 2022 through February 7, 2023 ................................................................................30%",2025_rev_24
9903.45.22,2018-02-07,2019-02-06,0.3,NA,"If entered during the period from February 7, 2018 through February 6, 2019....................................................30%",2025_rev_24
9903.45.22,2019-02-07,2020-02-06,0.25,NA,"If entered during the period from February 7, 2019 through February 6, 2020....................................................25%",2025_rev_24
9903.45.22,2020-02-07,2021-02-06,0.2,NA,"If entered during the period from February 7, 2020 through February 6, 2021 ...................................................20%",2025_rev_24
9903.45.22,2021-02-07,2022-02-06,0.18,NA,"If entered during the period from February 7, 2021 through February 6, 2022 ...................................................18%",2025_rev_24
9903.45.22,2022-02-07,2023-02-06,0.1475,NA,"If entered during the period from February 7, 2022 through February 6, 2023 ...................................................14.75%",2025_rev_24
9903.45.22,2023-02-07,2024-02-06,0.145,NA,"If entered during the period from February 7, 2023 through February 6, 2024 ...................................................14.5%",2025_rev_24
9903.45.22,2024-02-07,2025-02-06,0.1425,NA,"If entered during the period from February 7, 2024 through February 6, 2025 ...................................................14.25%",2025_rev_24
9903.45.22,2025-02-07,2026-02-06,0.14,NA,"If entered during the period from February 7, 2025 through February 6, 2026 ...................................................14%",2025_rev_24
9903.45.25,2018-02-07,2019-02-06,0.3,NA,"If entered during the period from February 7, 2018 through February 6, 2019....................................................30%",2025_rev_24
9903.45.25,2019-02-07,2020-02-06,0.25,NA,"If entered during the period from February 7, 2019 through February 6, 2020....................................................25%",2025_rev_24
9903.45.25,2020-02-07,2021-02-06,0.2,NA,"If entered during the period from February 7, 2020 through February 6, 2021 ...................................................20%",2025_rev_24
9903.45.25,2021-02-07,2022-02-06,0.18,NA,"If entered during the period from February 7, 2021 through February 6, 2022 ...................................................18%",2025_rev_24
9903.45.25,2022-02-07,2023-02-06,0.1475,NA,"If entered during the period from February 7, 2022 through February 6, 2023....................................................14.75%",2025_rev_24
9903.45.25,2023-02-07,2024-02-06,0.145,NA,"If entered during the period from February 7, 2023 through February 6, 2024....................................................14.5%",2025_rev_24
9903.45.25,2024-02-07,2025-02-06,0.1425,NA,"If entered during the period from February 7, 2024 through February 6, 2025....................................................14.25%",2025_rev_24
9903.45.25,2025-02-07,2026-02-06,0.14,NA,"If entered during the period from February 7, 2025 through February 6, 2026....................................................14%",2025_rev_24
9903.45.01,2018-02-07,2019-02-06,0.2,NA,"If entered during the period from February 7, 2018 through February 6, 2019....................................................20%",2025_rev_25
9903.45.01,2019-02-07,2020-02-06,0.18,NA,"If entered during the period from February 7, 2019 through February 6, 2020 ...................................................18%",2025_rev_25
9903.45.01,2020-02-07,2021-02-07,0.16,NA,"If entered during the period from February 7, 2020 through February 7, 2021....................................................16%",2025_rev_25
9903.45.01,2021-02-08,2022-02-07,0.15,NA,"If entered during the period from February 8, 2021 through February 7, 2022 ................................................................................15%",2025_rev_25
9903.45.01,2022-02-08,2023-02-07,0.14,NA,"If entered during the period from February 8, 2022 through February 7, 2023 ................................................................................14%",2025_rev_25
9903.45.02,2018-02-07,2019-02-06,0.5,NA,"If entered during the period from February 7, 2018 through February 6, 2019....................................................50%",2025_rev_25
9903.45.02,2019-02-07,2020-02-06,0.45,NA,"If entered during the period from February 7, 2019 through February 6, 2020....................................................45%",2025_rev_25
9903.45.02,2020-02-07,2021-02-07,0.4,NA,"If entered during the period from February 7, 2020 through February 7, 2021....................................................40%",2025_rev_25
9903.45.02,2021-02-08,2022-02-07,0.35,NA,"If entered during the period from February 8, 2021 through February 7, 2022 ................................................................................35%",2025_rev_25
9903.45.02,2022-02-08,2023-02-07,0.3,NA,"If entered during the period from February 8, 2022 through February 7, 2023 ................................................................................30%",2025_rev_25
9903.45.06,2018-02-07,2019-02-06,0.5,NA,"If entered during the period from February 7, 2018 through February 6, 2019....................................................50%",2025_rev_25
9903.45.06,2019-02-07,2020-02-06,0.45,NA,"If entered during the period from February 7, 2019 through February 6, 2020....................................................45%",2025_rev_25
9903.45.06,2020-02-07,2021-02-07,0.4,NA,"If entered during the period from February 7, 2020 through February 7, 2021....................................................40%",2025_rev_25
9903.45.06,2021-02-08,2022-02-07,0.35,NA,"If entered during the period from February 8, 2021 through February 7, 2022 ................................................................................35%",2025_rev_25
9903.45.06,2022-02-08,2023-02-07,0.3,NA,"If entered during the period from February 8, 2022 through February 7, 2023 ................................................................................30%",2025_rev_25
9903.45.22,2018-02-07,2019-02-06,0.3,NA,"If entered during the period from February 7, 2018 through February 6, 2019....................................................30%",2025_rev_25
9903.45.22,2019-02-07,2020-02-06,0.25,NA,"If entered during the period from February 7, 2019 through February 6, 2020....................................................25%",2025_rev_25
9903.45.22,2020-02-07,2021-02-06,0.2,NA,"If entered during the period from February 7, 2020 through February 6, 2021 ...................................................20%",2025_rev_25
9903.45.22,2021-02-07,2022-02-06,0.18,NA,"If entered during the period from February 7, 2021 through February 6, 2022 ...................................................18%",2025_rev_25
9903.45.22,2022-02-07,2023-02-06,0.1475,NA,"If entered during the period from February 7, 2022 through February 6, 2023 ...................................................14.75%",2025_rev_25
9903.45.22,2023-02-07,2024-02-06,0.145,NA,"If entered during the period from February 7, 2023 through February 6, 2024 ...................................................14.5%",2025_rev_25
9903.45.22,2024-02-07,2025-02-06,0.1425,NA,"If entered during the period from February 7, 2024 through February 6, 2025 ...................................................14.25%",2025_rev_25
9903.45.22,2025-02-07,2026-02-06,0.14,NA,"If entered during the period from February 7, 2025 through February 6, 2026 ...................................................14%",2025_rev_25
9903.45.25,2018-02-07,2019-02-06,0.3,NA,"If entered during the period from February 7, 2018 through February 6, 2019....................................................30%",2025_rev_25
9903.45.25,2019-02-07,2020-02-06,0.25,NA,"If entered during the period from February 7, 2019 through February 6, 2020....................................................25%",2025_rev_25
9903.45.25,2020-02-07,2021-02-06,0.2,NA,"If entered during the period from February 7, 2020 through February 6, 2021 ...................................................20%",2025_rev_25
9903.45.25,2021-02-07,2022-02-06,0.18,NA,"If entered during the period from February 7, 2021 through February 6, 2022 ...................................................18%",2025_rev_25
9903.45.25,2022-02-07,2023-02-06,0.1475,NA,"If entered during the period from February 7, 2022 through February 6, 2023....................................................14.75%",2025_rev_25
9903.45.25,2023-02-07,2024-02-06,0.145,NA,"If entered during the period from February 7, 2023 through February 6, 2024....................................................14.5%",2025_rev_25
9903.45.25,2024-02-07,2025-02-06,0.1425,NA,"If entered during the period from February 7, 2024 through February 6, 2025....................................................14.25%",2025_rev_25
9903.45.25,2025-02-07,2026-02-06,0.14,NA,"If entered during the period from February 7, 2025 through February 6, 2026....................................................14%",2025_rev_25
9903.45.01,2018-02-07,2019-02-06,0.2,NA,"If entered during the period from February 7, 2018 through February 6, 2019....................................................20%",2025_rev_26
9903.45.01,2019-02-07,2020-02-06,0.18,NA,"If entered during the period from February 7, 2019 through February 6, 2020 ...................................................18%",2025_rev_26
9903.45.01,2020-02-07,2021-02-07,0.16,NA,"If entered during the period from February 7, 2020 through February 7, 2021....................................................16%",2025_rev_26
9903.45.01,2021-02-08,2022-02-07,0.15,NA,"If entered during the period from February 8, 2021 through February 7, 2022 ................................................................................15%",2025_rev_26
9903.45.01,2022-02-08,2023-02-07,0.14,NA,"If entered during the period from February 8, 2022 through February 7, 2023 ................................................................................14%",2025_rev_26
9903.45.02,2018-02-07,2019-02-06,0.5,NA,"If entered during the period from February 7, 2018 through February 6, 2019....................................................50%",2025_rev_26
9903.45.02,2019-02-07,2020-02-06,0.45,NA,"If entered during the period from February 7, 2019 through February 6, 2020....................................................45%",2025_rev_26
9903.45.02,2020-02-07,2021-02-07,0.4,NA,"If entered during the period from February 7, 2020 through February 7, 2021....................................................40%",2025_rev_26
9903.45.02,2021-02-08,2022-02-07,0.35,NA,"If entered during the period from February 8, 2021 through February 7, 2022 ................................................................................35%",2025_rev_26
9903.45.02,2022-02-08,2023-02-07,0.3,NA,"If entered during the period from February 8, 2022 through February 7, 2023 ................................................................................30%",2025_rev_26
9903.45.06,2018-02-07,2019-02-06,0.5,NA,"If entered during the period from February 7, 2018 through February 6, 2019....................................................50%",2025_rev_26
9903.45.06,2019-02-07,2020-02-06,0.45,NA,"If entered during the period from February 7, 2019 through February 6, 2020....................................................45%",2025_rev_26
9903.45.06,2020-02-07,2021-02-07,0.4,NA,"If entered during the period from February 7, 2020 through February 7, 2021....................................................40%",2025_rev_26
9903.45.06,2021-02-08,2022-02-07,0.35,NA,"If entered during the period from February 8, 2021 through February 7, 2022 ................................................................................35%",2025_rev_26
9903.45.06,2022-02-08,2023-02-07,0.3,NA,"If entered during the period from February 8, 2022 through February 7, 2023 ................................................................................30%",2025_rev_26
9903.45.22,2018-02-07,2019-02-06,0.3,NA,"If entered during the period from February 7, 2018 through February 6, 2019....................................................30%",2025_rev_26
9903.45.22,2019-02-07,2020-02-06,0.25,NA,"If entered during the period from February 7, 2019 through February 6, 2020....................................................25%",2025_rev_26
9903.45.22,2020-02-07,2021-02-06,0.2,NA,"If entered during the period from February 7, 2020 through February 6, 2021 ...................................................20%",2025_rev_26
9903.45.22,2021-02-07,2022-02-06,0.18,NA,"If entered during the period from February 7, 2021 through February 6, 2022 ...................................................18%",2025_rev_26
9903.45.22,2022-02-07,2023-02-06,0.1475,NA,"If entered during the period from February 7, 2022 through February 6, 2023 ...................................................14.75%",2025_rev_26
9903.45.22,2023-02-07,2024-02-06,0.145,NA,"If entered during the period from February 7, 2023 through February 6, 2024 ...................................................14.5%",2025_rev_26
9903.45.22,2024-02-07,2025-02-06,0.1425,NA,"If entered during the period from February 7, 2024 through February 6, 2025 ...................................................14.25%",2025_rev_26
9903.45.22,2025-02-07,2026-02-06,0.14,NA,"If entered during the period from February 7, 2025 through February 6, 2026 ...................................................14%",2025_rev_26
9903.45.25,2018-02-07,2019-02-06,0.3,NA,"If entered during the period from February 7, 2018 through February 6, 2019....................................................30%",2025_rev_26
9903.45.25,2019-02-07,2020-02-06,0.25,NA,"If entered during the period from February 7, 2019 through February 6, 2020....................................................25%",2025_rev_26
9903.45.25,2020-02-07,2021-02-06,0.2,NA,"If entered during the period from February 7, 2020 through February 6, 2021 ...................................................20%",2025_rev_26
9903.45.25,2021-02-07,2022-02-06,0.18,NA,"If entered during the period from February 7, 2021 through February 6, 2022 ...................................................18%",2025_rev_26
9903.45.25,2022-02-07,2023-02-06,0.1475,NA,"If entered during the period from February 7, 2022 through February 6, 2023....................................................14.75%",2025_rev_26
9903.45.25,2023-02-07,2024-02-06,0.145,NA,"If entered during the period from February 7, 2023 through February 6, 2024....................................................14.5%",2025_rev_26
9903.45.25,2024-02-07,2025-02-06,0.1425,NA,"If entered during the period from February 7, 2024 through February 6, 2025....................................................14.25%",2025_rev_26
9903.45.25,2025-02-07,2026-02-06,0.14,NA,"If entered during the period from February 7, 2025 through February 6, 2026....................................................14%",2025_rev_26
9903.45.01,2018-02-07,2019-02-06,0.2,NA,"If entered during the period from February 7, 2018 through February 6, 2019....................................................20%",2025_rev_27
9903.45.01,2019-02-07,2020-02-06,0.18,NA,"If entered during the period from February 7, 2019 through February 6, 2020 ...................................................18%",2025_rev_27
9903.45.01,2020-02-07,2021-02-07,0.16,NA,"If entered during the period from February 7, 2020 through February 7, 2021....................................................16%",2025_rev_27
9903.45.01,2021-02-08,2022-02-07,0.15,NA,"If entered during the period from February 8, 2021 through February 7, 2022 ................................................................................15%",2025_rev_27
9903.45.01,2022-02-08,2023-02-07,0.14,NA,"If entered during the period from February 8, 2022 through February 7, 2023 ................................................................................14%",2025_rev_27
9903.45.02,2018-02-07,2019-02-06,0.5,NA,"If entered during the period from February 7, 2018 through February 6, 2019....................................................50%",2025_rev_27
9903.45.02,2019-02-07,2020-02-06,0.45,NA,"If entered during the period from February 7, 2019 through February 6, 2020....................................................45%",2025_rev_27
9903.45.02,2020-02-07,2021-02-07,0.4,NA,"If entered during the period from February 7, 2020 through February 7, 2021....................................................40%",2025_rev_27
9903.45.02,2021-02-08,2022-02-07,0.35,NA,"If entered during the period from February 8, 2021 through February 7, 2022 ................................................................................35%",2025_rev_27
9903.45.02,2022-02-08,2023-02-07,0.3,NA,"If entered during the period from February 8, 2022 through February 7, 2023 ................................................................................30%",2025_rev_27
9903.45.06,2018-02-07,2019-02-06,0.5,NA,"If entered during the period from February 7, 2018 through February 6, 2019....................................................50%",2025_rev_27
9903.45.06,2019-02-07,2020-02-06,0.45,NA,"If entered during the period from February 7, 2019 through February 6, 2020....................................................45%",2025_rev_27
9903.45.06,2020-02-07,2021-02-07,0.4,NA,"If entered during the period from February 7, 2020 through February 7, 2021....................................................40%",2025_rev_27
9903.45.06,2021-02-08,2022-02-07,0.35,NA,"If entered during the period from February 8, 2021 through February 7, 2022 ................................................................................35%",2025_rev_27
9903.45.06,2022-02-08,2023-02-07,0.3,NA,"If entered during the period from February 8, 2022 through February 7, 2023 ................................................................................30%",2025_rev_27
9903.45.22,2018-02-07,2019-02-06,0.3,NA,"If entered during the period from February 7, 2018 through February 6, 2019....................................................30%",2025_rev_27
9903.45.22,2019-02-07,2020-02-06,0.25,NA,"If entered during the period from February 7, 2019 through February 6, 2020....................................................25%",2025_rev_27
9903.45.22,2020-02-07,2021-02-06,0.2,NA,"If entered during the period from February 7, 2020 through February 6, 2021 ...................................................20%",2025_rev_27
9903.45.22,2021-02-07,2022-02-06,0.18,NA,"If entered during the period from February 7, 2021 through February 6, 2022 ...................................................18%",2025_rev_27
9903.45.22,2022-02-07,2023-02-06,0.1475,NA,"If entered during the period from February 7, 2022 through February 6, 2023 ...................................................14.75%",2025_rev_27
9903.45.22,2023-02-07,2024-02-06,0.145,NA,"If entered during the period from February 7, 2023 through February 6, 2024 ...................................................14.5%",2025_rev_27
9903.45.22,2024-02-07,2025-02-06,0.1425,NA,"If entered during the period from February 7, 2024 through February 6, 2025 ...................................................14.25%",2025_rev_27
9903.45.22,2025-02-07,2026-02-06,0.14,NA,"If entered during the period from February 7, 2025 through February 6, 2026 ...................................................14%",2025_rev_27
9903.45.25,2018-02-07,2019-02-06,0.3,NA,"If entered during the period from February 7, 2018 through February 6, 2019....................................................30%",2025_rev_27
9903.45.25,2019-02-07,2020-02-06,0.25,NA,"If entered during the period from February 7, 2019 through February 6, 2020....................................................25%",2025_rev_27
9903.45.25,2020-02-07,2021-02-06,0.2,NA,"If entered during the period from February 7, 2020 through February 6, 2021 ...................................................20%",2025_rev_27
9903.45.25,2021-02-07,2022-02-06,0.18,NA,"If entered during the period from February 7, 2021 through February 6, 2022 ...................................................18%",2025_rev_27
9903.45.25,2022-02-07,2023-02-06,0.1475,NA,"If entered during the period from February 7, 2022 through February 6, 2023....................................................14.75%",2025_rev_27
9903.45.25,2023-02-07,2024-02-06,0.145,NA,"If entered during the period from February 7, 2023 through February 6, 2024....................................................14.5%",2025_rev_27
9903.45.25,2024-02-07,2025-02-06,0.1425,NA,"If entered during the period from February 7, 2024 through February 6, 2025....................................................14.25%",2025_rev_27
9903.45.25,2025-02-07,2026-02-06,0.14,NA,"If entered during the period from February 7, 2025 through February 6, 2026....................................................14%",2025_rev_27
9903.45.01,2018-02-07,2019-02-06,0.2,NA,"If entered during the period from February 7, 2018 through February 6, 2019....................................................20%",2025_rev_28
9903.45.01,2019-02-07,2020-02-06,0.18,NA,"If entered during the period from February 7, 2019 through February 6, 2020 ...................................................18%",2025_rev_28
9903.45.01,2020-02-07,2021-02-07,0.16,NA,"If entered during the period from February 7, 2020 through February 7, 2021....................................................16%",2025_rev_28
9903.45.01,2021-02-08,2022-02-07,0.15,NA,"If entered during the period from February 8, 2021 through February 7, 2022 ................................................................................15%",2025_rev_28
9903.45.01,2022-02-08,2023-02-07,0.14,NA,"If entered during the period from February 8, 2022 through February 7, 2023 ................................................................................14%",2025_rev_28
9903.45.02,2018-02-07,2019-02-06,0.5,NA,"If entered during the period from February 7, 2018 through February 6, 2019....................................................50%",2025_rev_28
9903.45.02,2019-02-07,2020-02-06,0.45,NA,"If entered during the period from February 7, 2019 through February 6, 2020....................................................45%",2025_rev_28
9903.45.02,2020-02-07,2021-02-07,0.4,NA,"If entered during the period from February 7, 2020 through February 7, 2021....................................................40%",2025_rev_28
9903.45.02,2021-02-08,2022-02-07,0.35,NA,"If entered during the period from February 8, 2021 through February 7, 2022 ................................................................................35%",2025_rev_28
9903.45.02,2022-02-08,2023-02-07,0.3,NA,"If entered during the period from February 8, 2022 through February 7, 2023 ................................................................................30%",2025_rev_28
9903.45.06,2018-02-07,2019-02-06,0.5,NA,"If entered during the period from February 7, 2018 through February 6, 2019....................................................50%",2025_rev_28
9903.45.06,2019-02-07,2020-02-06,0.45,NA,"If entered during the period from February 7, 2019 through February 6, 2020....................................................45%",2025_rev_28
9903.45.06,2020-02-07,2021-02-07,0.4,NA,"If entered during the period from February 7, 2020 through February 7, 2021....................................................40%",2025_rev_28
9903.45.06,2021-02-08,2022-02-07,0.35,NA,"If entered during the period from February 8, 2021 through February 7, 2022 ................................................................................35%",2025_rev_28
9903.45.06,2022-02-08,2023-02-07,0.3,NA,"If entered during the period from February 8, 2022 through February 7, 2023 ................................................................................30%",2025_rev_28
9903.45.22,2018-02-07,2019-02-06,0.3,NA,"If entered during the period from February 7, 2018 through February 6, 2019....................................................30%",2025_rev_28
9903.45.22,2019-02-07,2020-02-06,0.25,NA,"If entered during the period from February 7, 2019 through February 6, 2020....................................................25%",2025_rev_28
9903.45.22,2020-02-07,2021-02-06,0.2,NA,"If entered during the period from February 7, 2020 through February 6, 2021 ...................................................20%",2025_rev_28
9903.45.22,2021-02-07,2022-02-06,0.18,NA,"If entered during the period from February 7, 2021 through February 6, 2022 ...................................................18%",2025_rev_28
9903.45.22,2022-02-07,2023-02-06,0.1475,NA,"If entered during the period from February 7, 2022 through February 6, 2023 ...................................................14.75%",2025_rev_28
9903.45.22,2023-02-07,2024-02-06,0.145,NA,"If entered during the period from February 7, 2023 through February 6, 2024 ...................................................14.5%",2025_rev_28
9903.45.22,2024-02-07,2025-02-06,0.1425,NA,"If entered during the period from February 7, 2024 through February 6, 2025 ...................................................14.25%",2025_rev_28
9903.45.22,2025-02-07,2026-02-06,0.14,NA,"If entered during the period from February 7, 2025 through February 6, 2026 ...................................................14%",2025_rev_28
9903.45.25,2018-02-07,2019-02-06,0.3,NA,"If entered during the period from February 7, 2018 through February 6, 2019....................................................30%",2025_rev_28
9903.45.25,2019-02-07,2020-02-06,0.25,NA,"If entered during the period from February 7, 2019 through February 6, 2020....................................................25%",2025_rev_28
9903.45.25,2020-02-07,2021-02-06,0.2,NA,"If entered during the period from February 7, 2020 through February 6, 2021 ...................................................20%",2025_rev_28
9903.45.25,2021-02-07,2022-02-06,0.18,NA,"If entered during the period from February 7, 2021 through February 6, 2022 ...................................................18%",2025_rev_28
9903.45.25,2022-02-07,2023-02-06,0.1475,NA,"If entered during the period from February 7, 2022 through February 6, 2023....................................................14.75%",2025_rev_28
9903.45.25,2023-02-07,2024-02-06,0.145,NA,"If entered during the period from February 7, 2023 through February 6, 2024....................................................14.5%",2025_rev_28
9903.45.25,2024-02-07,2025-02-06,0.1425,NA,"If entered during the period from February 7, 2024 through February 6, 2025....................................................14.25%",2025_rev_28
9903.45.25,2025-02-07,2026-02-06,0.14,NA,"If entered during the period from February 7, 2025 through February 6, 2026....................................................14%",2025_rev_28
9903.45.01,2018-02-07,2019-02-06,0.2,NA,"If entered during the period from February 7, 2018 through February 6, 2019....................................................20%",2025_rev_29
9903.45.01,2019-02-07,2020-02-06,0.18,NA,"If entered during the period from February 7, 2019 through February 6, 2020 ...................................................18%",2025_rev_29
9903.45.01,2020-02-07,2021-02-07,0.16,NA,"If entered during the period from February 7, 2020 through February 7, 2021....................................................16%",2025_rev_29
9903.45.01,2021-02-08,2022-02-07,0.15,NA,"If entered during the period from February 8, 2021 through February 7, 2022 ................................................................................15%",2025_rev_29
9903.45.01,2022-02-08,2023-02-07,0.14,NA,"If entered during the period from February 8, 2022 through February 7, 2023 ................................................................................14%",2025_rev_29
9903.45.02,2018-02-07,2019-02-06,0.5,NA,"If entered during the period from February 7, 2018 through February 6, 2019....................................................50%",2025_rev_29
9903.45.02,2019-02-07,2020-02-06,0.45,NA,"If entered during the period from February 7, 2019 through February 6, 2020....................................................45%",2025_rev_29
9903.45.02,2020-02-07,2021-02-07,0.4,NA,"If entered during the period from February 7, 2020 through February 7, 2021....................................................40%",2025_rev_29
9903.45.02,2021-02-08,2022-02-07,0.35,NA,"If entered during the period from February 8, 2021 through February 7, 2022 ................................................................................35%",2025_rev_29
9903.45.02,2022-02-08,2023-02-07,0.3,NA,"If entered during the period from February 8, 2022 through February 7, 2023 ................................................................................30%",2025_rev_29
9903.45.06,2018-02-07,2019-02-06,0.5,NA,"If entered during the period from February 7, 2018 through February 6, 2019....................................................50%",2025_rev_29
9903.45.06,2019-02-07,2020-02-06,0.45,NA,"If entered during the period from February 7, 2019 through February 6, 2020....................................................45%",2025_rev_29
9903.45.06,2020-02-07,2021-02-07,0.4,NA,"If entered during the period from February 7, 2020 through February 7, 2021....................................................40%",2025_rev_29
9903.45.06,2021-02-08,2022-02-07,0.35,NA,"If entered during the period from February 8, 2021 through February 7, 2022 ................................................................................35%",2025_rev_29
9903.45.06,2022-02-08,2023-02-07,0.3,NA,"If entered during the period from February 8, 2022 through February 7, 2023 ................................................................................30%",2025_rev_29
9903.45.22,2018-02-07,2019-02-06,0.3,NA,"If entered during the period from February 7, 2018 through February 6, 2019....................................................30%",2025_rev_29
9903.45.22,2019-02-07,2020-02-06,0.25,NA,"If entered during the period from February 7, 2019 through February 6, 2020....................................................25%",2025_rev_29
9903.45.22,2020-02-07,2021-02-06,0.2,NA,"If entered during the period from February 7, 2020 through February 6, 2021 ...................................................20%",2025_rev_29
9903.45.22,2021-02-07,2022-02-06,0.18,NA,"If entered during the period from February 7, 2021 through February 6, 2022 ...................................................18%",2025_rev_29
9903.45.22,2022-02-07,2023-02-06,0.1475,NA,"If entered during the period from February 7, 2022 through February 6, 2023 ...................................................14.75%",2025_rev_29
9903.45.22,2023-02-07,2024-02-06,0.145,NA,"If entered during the period from February 7, 2023 through February 6, 2024 ...................................................14.5%",2025_rev_29
9903.45.22,2024-02-07,2025-02-06,0.1425,NA,"If entered during the period from February 7, 2024 through February 6, 2025 ...................................................14.25%",2025_rev_29
9903.45.22,2025-02-07,2026-02-06,0.14,NA,"If entered during the period from February 7, 2025 through February 6, 2026 ...................................................14%",2025_rev_29
9903.45.25,2018-02-07,2019-02-06,0.3,NA,"If entered during the period from February 7, 2018 through February 6, 2019....................................................30%",2025_rev_29
9903.45.25,2019-02-07,2020-02-06,0.25,NA,"If entered during the period from February 7, 2019 through February 6, 2020....................................................25%",2025_rev_29
9903.45.25,2020-02-07,2021-02-06,0.2,NA,"If entered during the period from February 7, 2020 through February 6, 2021 ...................................................20%",2025_rev_29
9903.45.25,2021-02-07,2022-02-06,0.18,NA,"If entered during the period from February 7, 2021 through February 6, 2022 ...................................................18%",2025_rev_29
9903.45.25,2022-02-07,2023-02-06,0.1475,NA,"If entered during the period from February 7, 2022 through February 6, 2023....................................................14.75%",2025_rev_29
9903.45.25,2023-02-07,2024-02-06,0.145,NA,"If entered during the period from February 7, 2023 through February 6, 2024....................................................14.5%",2025_rev_29
9903.45.25,2024-02-07,2025-02-06,0.1425,NA,"If entered during the period from February 7, 2024 through February 6, 2025....................................................14.25%",2025_rev_29
9903.45.25,2025-02-07,2026-02-06,0.14,NA,"If entered during the period from February 7, 2025 through February 6, 2026....................................................14%",2025_rev_29
9903.45.01,2018-02-07,2019-02-06,0.2,NA,"If entered during the period from February 7, 2018 through February 6, 2019....................................................20%",2025_rev_3
9903.45.01,2019-02-07,2020-02-06,0.18,NA,"If entered during the period from February 7, 2019 through February 6, 2020 ...................................................18%",2025_rev_3
9903.45.01,2020-02-07,2021-02-07,0.16,NA,"If entered during the period from February 7, 2020 through February 7, 2021....................................................16%",2025_rev_3
9903.45.01,2021-02-08,2022-02-07,0.15,NA,"If entered during the period from February 8, 2021 through February 7, 2022 ................................................................................15%",2025_rev_3
9903.45.01,2022-02-08,2023-02-07,0.14,NA,"If entered during the period from February 8, 2022 through February 7, 2023 ................................................................................14%",2025_rev_3
9903.45.02,2018-02-07,2019-02-06,0.5,NA,"If entered during the period from February 7, 2018 through February 6, 2019....................................................50%",2025_rev_3
9903.45.02,2019-02-07,2020-02-06,0.45,NA,"If entered during the period from February 7, 2019 through February 6, 2020....................................................45%",2025_rev_3
9903.45.02,2020-02-07,2021-02-07,0.4,NA,"If entered during the period from February 7, 2020 through February 7, 2021....................................................40%",2025_rev_3
9903.45.02,2021-02-08,2022-02-07,0.35,NA,"If entered during the period from February 8, 2021 through February 7, 2022 ................................................................................35%",2025_rev_3
9903.45.02,2022-02-08,2023-02-07,0.3,NA,"If entered during the period from February 8, 2022 through February 7, 2023 ................................................................................30%",2025_rev_3
9903.45.06,2018-02-07,2019-02-06,0.5,NA,"If entered during the period from February 7, 2018 through February 6, 2019....................................................50%",2025_rev_3
9903.45.06,2019-02-07,2020-02-06,0.45,NA,"If entered during the period from February 7, 2019 through February 6, 2020....................................................45%",2025_rev_3
9903.45.06,2020-02-07,2021-02-07,0.4,NA,"If entered during the period from February 7, 2020 through February 7, 2021....................................................40%",2025_rev_3
9903.45.06,2021-02-08,2022-02-07,0.35,NA,"If entered during the period from February 8, 2021 through February 7, 2022 ................................................................................35%",2025_rev_3
9903.45.06,2022-02-08,2023-02-07,0.3,NA,"If entered during the period from February 8, 2022 through February 7, 2023 ................................................................................30%",2025_rev_3
9903.45.22,2018-02-07,2019-02-06,0.3,NA,"If entered during the period from February 7, 2018 through February 6, 2019....................................................30%",2025_rev_3
9903.45.22,2019-02-07,2020-02-06,0.25,NA,"If entered during the period from February 7, 2019 through February 6, 2020....................................................25%",2025_rev_3
9903.45.22,2020-02-07,2021-02-06,0.2,NA,"If entered during the period from February 7, 2020 through February 6, 2021 ...................................................20%",2025_rev_3
9903.45.22,2021-02-07,2022-02-06,0.18,NA,"If entered during the period from February 7, 2021 through February 6, 2022 ...................................................18%",2025_rev_3
9903.45.22,2022-02-07,2023-02-06,0.1475,NA,"If entered during the period from February 7, 2022 through February 6, 2023 ...................................................14.75%",2025_rev_3
9903.45.22,2023-02-07,2024-02-06,0.145,NA,"If entered during the period from February 7, 2023 through February 6, 2024 ...................................................14.5%",2025_rev_3
9903.45.22,2024-02-07,2025-02-06,0.1425,NA,"If entered during the period from February 7, 2024 through February 6, 2025 ...................................................14.25%",2025_rev_3
9903.45.22,2025-02-07,2026-02-06,0.14,NA,"If entered during the period from February 7, 2025 through February 6, 2026 ...................................................14%",2025_rev_3
9903.45.25,2018-02-07,2019-02-06,0.3,NA,"If entered during the period from February 7, 2018 through February 6, 2019....................................................30%",2025_rev_3
9903.45.25,2019-02-07,2020-02-06,0.25,NA,"If entered during the period from February 7, 2019 through February 6, 2020....................................................25%",2025_rev_3
9903.45.25,2020-02-07,2021-02-06,0.2,NA,"If entered during the period from February 7, 2020 through February 6, 2021 ...................................................20%",2025_rev_3
9903.45.25,2021-02-07,2022-02-06,0.18,NA,"If entered during the period from February 7, 2021 through February 6, 2022 ...................................................18%",2025_rev_3
9903.45.25,2022-02-07,2023-02-06,0.1475,NA,"If entered during the period from February 7, 2022 through February 6, 2023....................................................14.75%",2025_rev_3
9903.45.25,2023-02-07,2024-02-06,0.145,NA,"If entered during the period from February 7, 2023 through February 6, 2024....................................................14.5%",2025_rev_3
9903.45.25,2024-02-07,2025-02-06,0.1425,NA,"If entered during the period from February 7, 2024 through February 6, 2025....................................................14.25%",2025_rev_3
9903.45.25,2025-02-07,2026-02-06,0.14,NA,"If entered during the period from February 7, 2025 through February 6, 2026....................................................14%",2025_rev_3
9903.45.01,2018-02-07,2019-02-06,0.2,NA,"If entered during the period from February 7, 2018 through February 6, 2019....................................................20%",2025_rev_30
9903.45.01,2019-02-07,2020-02-06,0.18,NA,"If entered during the period from February 7, 2019 through February 6, 2020 ...................................................18%",2025_rev_30
9903.45.01,2020-02-07,2021-02-07,0.16,NA,"If entered during the period from February 7, 2020 through February 7, 2021....................................................16%",2025_rev_30
9903.45.01,2021-02-08,2022-02-07,0.15,NA,"If entered during the period from February 8, 2021 through February 7, 2022 ................................................................................15%",2025_rev_30
9903.45.01,2022-02-08,2023-02-07,0.14,NA,"If entered during the period from February 8, 2022 through February 7, 2023 ................................................................................14%",2025_rev_30
9903.45.02,2018-02-07,2019-02-06,0.5,NA,"If entered during the period from February 7, 2018 through February 6, 2019....................................................50%",2025_rev_30
9903.45.02,2019-02-07,2020-02-06,0.45,NA,"If entered during the period from February 7, 2019 through February 6, 2020....................................................45%",2025_rev_30
9903.45.02,2020-02-07,2021-02-07,0.4,NA,"If entered during the period from February 7, 2020 through February 7, 2021....................................................40%",2025_rev_30
9903.45.02,2021-02-08,2022-02-07,0.35,NA,"If entered during the period from February 8, 2021 through February 7, 2022 ................................................................................35%",2025_rev_30
9903.45.02,2022-02-08,2023-02-07,0.3,NA,"If entered during the period from February 8, 2022 through February 7, 2023 ................................................................................30%",2025_rev_30
9903.45.06,2018-02-07,2019-02-06,0.5,NA,"If entered during the period from February 7, 2018 through February 6, 2019....................................................50%",2025_rev_30
9903.45.06,2019-02-07,2020-02-06,0.45,NA,"If entered during the period from February 7, 2019 through February 6, 2020....................................................45%",2025_rev_30
9903.45.06,2020-02-07,2021-02-07,0.4,NA,"If entered during the period from February 7, 2020 through February 7, 2021....................................................40%",2025_rev_30
9903.45.06,2021-02-08,2022-02-07,0.35,NA,"If entered during the period from February 8, 2021 through February 7, 2022 ................................................................................35%",2025_rev_30
9903.45.06,2022-02-08,2023-02-07,0.3,NA,"If entered during the period from February 8, 2022 through February 7, 2023 ................................................................................30%",2025_rev_30
9903.45.22,2018-02-07,2019-02-06,0.3,NA,"If entered during the period from February 7, 2018 through February 6, 2019....................................................30%",2025_rev_30
9903.45.22,2019-02-07,2020-02-06,0.25,NA,"If entered during the period from February 7, 2019 through February 6, 2020....................................................25%",2025_rev_30
9903.45.22,2020-02-07,2021-02-06,0.2,NA,"If entered during the period from February 7, 2020 through February 6, 2021 ...................................................20%",2025_rev_30
9903.45.22,2021-02-07,2022-02-06,0.18,NA,"If entered during the period from February 7, 2021 through February 6, 2022 ...................................................18%",2025_rev_30
9903.45.22,2022-02-07,2023-02-06,0.1475,NA,"If entered during the period from February 7, 2022 through February 6, 2023 ...................................................14.75%",2025_rev_30
9903.45.22,2023-02-07,2024-02-06,0.145,NA,"If entered during the period from February 7, 2023 through February 6, 2024 ...................................................14.5%",2025_rev_30
9903.45.22,2024-02-07,2025-02-06,0.1425,NA,"If entered during the period from February 7, 2024 through February 6, 2025 ...................................................14.25%",2025_rev_30
9903.45.22,2025-02-07,2026-02-06,0.14,NA,"If entered during the period from February 7, 2025 through February 6, 2026 ...................................................14%",2025_rev_30
9903.45.25,2018-02-07,2019-02-06,0.3,NA,"If entered during the period from February 7, 2018 through February 6, 2019....................................................30%",2025_rev_30
9903.45.25,2019-02-07,2020-02-06,0.25,NA,"If entered during the period from February 7, 2019 through February 6, 2020....................................................25%",2025_rev_30
9903.45.25,2020-02-07,2021-02-06,0.2,NA,"If entered during the period from February 7, 2020 through February 6, 2021 ...................................................20%",2025_rev_30
9903.45.25,2021-02-07,2022-02-06,0.18,NA,"If entered during the period from February 7, 2021 through February 6, 2022 ...................................................18%",2025_rev_30
9903.45.25,2022-02-07,2023-02-06,0.1475,NA,"If entered during the period from February 7, 2022 through February 6, 2023....................................................14.75%",2025_rev_30
9903.45.25,2023-02-07,2024-02-06,0.145,NA,"If entered during the period from February 7, 2023 through February 6, 2024....................................................14.5%",2025_rev_30
9903.45.25,2024-02-07,2025-02-06,0.1425,NA,"If entered during the period from February 7, 2024 through February 6, 2025....................................................14.25%",2025_rev_30
9903.45.25,2025-02-07,2026-02-06,0.14,NA,"If entered during the period from February 7, 2025 through February 6, 2026....................................................14%",2025_rev_30
9903.45.01,2018-02-07,2019-02-06,0.2,NA,"If entered during the period from February 7, 2018 through February 6, 2019....................................................20%",2025_rev_31
9903.45.01,2019-02-07,2020-02-06,0.18,NA,"If entered during the period from February 7, 2019 through February 6, 2020 ...................................................18%",2025_rev_31
9903.45.01,2020-02-07,2021-02-07,0.16,NA,"If entered during the period from February 7, 2020 through February 7, 2021....................................................16%",2025_rev_31
9903.45.01,2021-02-08,2022-02-07,0.15,NA,"If entered during the period from February 8, 2021 through February 7, 2022 ................................................................................15%",2025_rev_31
9903.45.01,2022-02-08,2023-02-07,0.14,NA,"If entered during the period from February 8, 2022 through February 7, 2023 ................................................................................14%",2025_rev_31
9903.45.02,2018-02-07,2019-02-06,0.5,NA,"If entered during the period from February 7, 2018 through February 6, 2019....................................................50%",2025_rev_31
9903.45.02,2019-02-07,2020-02-06,0.45,NA,"If entered during the period from February 7, 2019 through February 6, 2020....................................................45%",2025_rev_31
9903.45.02,2020-02-07,2021-02-07,0.4,NA,"If entered during the period from February 7, 2020 through February 7, 2021....................................................40%",2025_rev_31
9903.45.02,2021-02-08,2022-02-07,0.35,NA,"If entered during the period from February 8, 2021 through February 7, 2022 ................................................................................35%",2025_rev_31
9903.45.02,2022-02-08,2023-02-07,0.3,NA,"If entered during the period from February 8, 2022 through February 7, 2023 ................................................................................30%",2025_rev_31
9903.45.06,2018-02-07,2019-02-06,0.5,NA,"If entered during the period from February 7, 2018 through February 6, 2019....................................................50%",2025_rev_31
9903.45.06,2019-02-07,2020-02-06,0.45,NA,"If entered during the period from February 7, 2019 through February 6, 2020....................................................45%",2025_rev_31
9903.45.06,2020-02-07,2021-02-07,0.4,NA,"If entered during the period from February 7, 2020 through February 7, 2021....................................................40%",2025_rev_31
9903.45.06,2021-02-08,2022-02-07,0.35,NA,"If entered during the period from February 8, 2021 through February 7, 2022 ................................................................................35%",2025_rev_31
9903.45.06,2022-02-08,2023-02-07,0.3,NA,"If entered during the period from February 8, 2022 through February 7, 2023 ................................................................................30%",2025_rev_31
9903.45.22,2018-02-07,2019-02-06,0.3,NA,"If entered during the period from February 7, 2018 through February 6, 2019....................................................30%",2025_rev_31
9903.45.22,2019-02-07,2020-02-06,0.25,NA,"If entered during the period from February 7, 2019 through February 6, 2020....................................................25%",2025_rev_31
9903.45.22,2020-02-07,2021-02-06,0.2,NA,"If entered during the period from February 7, 2020 through February 6, 2021 ...................................................20%",2025_rev_31
9903.45.22,2021-02-07,2022-02-06,0.18,NA,"If entered during the period from February 7, 2021 through February 6, 2022 ...................................................18%",2025_rev_31
9903.45.22,2022-02-07,2023-02-06,0.1475,NA,"If entered during the period from February 7, 2022 through February 6, 2023 ...................................................14.75%",2025_rev_31
9903.45.22,2023-02-07,2024-02-06,0.145,NA,"If entered during the period from February 7, 2023 through February 6, 2024 ...................................................14.5%",2025_rev_31
9903.45.22,2024-02-07,2025-02-06,0.1425,NA,"If entered during the period from February 7, 2024 through February 6, 2025 ...................................................14.25%",2025_rev_31
9903.45.22,2025-02-07,2026-02-06,0.14,NA,"If entered during the period from February 7, 2025 through February 6, 2026 ...................................................14%",2025_rev_31
9903.45.25,2018-02-07,2019-02-06,0.3,NA,"If entered during the period from February 7, 2018 through February 6, 2019....................................................30%",2025_rev_31
9903.45.25,2019-02-07,2020-02-06,0.25,NA,"If entered during the period from February 7, 2019 through February 6, 2020....................................................25%",2025_rev_31
9903.45.25,2020-02-07,2021-02-06,0.2,NA,"If entered during the period from February 7, 2020 through February 6, 2021 ...................................................20%",2025_rev_31
9903.45.25,2021-02-07,2022-02-06,0.18,NA,"If entered during the period from February 7, 2021 through February 6, 2022 ...................................................18%",2025_rev_31
9903.45.25,2022-02-07,2023-02-06,0.1475,NA,"If entered during the period from February 7, 2022 through February 6, 2023....................................................14.75%",2025_rev_31
9903.45.25,2023-02-07,2024-02-06,0.145,NA,"If entered during the period from February 7, 2023 through February 6, 2024....................................................14.5%",2025_rev_31
9903.45.25,2024-02-07,2025-02-06,0.1425,NA,"If entered during the period from February 7, 2024 through February 6, 2025....................................................14.25%",2025_rev_31
9903.45.25,2025-02-07,2026-02-06,0.14,NA,"If entered during the period from February 7, 2025 through February 6, 2026....................................................14%",2025_rev_31
9903.45.01,2018-02-07,2019-02-06,0.2,NA,"If entered during the period from February 7, 2018 through February 6, 2019....................................................20%",2025_rev_32
9903.45.01,2019-02-07,2020-02-06,0.18,NA,"If entered during the period from February 7, 2019 through February 6, 2020 ...................................................18%",2025_rev_32
9903.45.01,2020-02-07,2021-02-07,0.16,NA,"If entered during the period from February 7, 2020 through February 7, 2021....................................................16%",2025_rev_32
9903.45.01,2021-02-08,2022-02-07,0.15,NA,"If entered during the period from February 8, 2021 through February 7, 2022 ................................................................................15%",2025_rev_32
9903.45.01,2022-02-08,2023-02-07,0.14,NA,"If entered during the period from February 8, 2022 through February 7, 2023 ................................................................................14%",2025_rev_32
9903.45.02,2018-02-07,2019-02-06,0.5,NA,"If entered during the period from February 7, 2018 through February 6, 2019....................................................50%",2025_rev_32
9903.45.02,2019-02-07,2020-02-06,0.45,NA,"If entered during the period from February 7, 2019 through February 6, 2020....................................................45%",2025_rev_32
9903.45.02,2020-02-07,2021-02-07,0.4,NA,"If entered during the period from February 7, 2020 through February 7, 2021....................................................40%",2025_rev_32
9903.45.02,2021-02-08,2022-02-07,0.35,NA,"If entered during the period from February 8, 2021 through February 7, 2022 ................................................................................35%",2025_rev_32
9903.45.02,2022-02-08,2023-02-07,0.3,NA,"If entered during the period from February 8, 2022 through February 7, 2023 ................................................................................30%",2025_rev_32
9903.45.06,2018-02-07,2019-02-06,0.5,NA,"If entered during the period from February 7, 2018 through February 6, 2019....................................................50%",2025_rev_32
9903.45.06,2019-02-07,2020-02-06,0.45,NA,"If entered during the period from February 7, 2019 through February 6, 2020....................................................45%",2025_rev_32
9903.45.06,2020-02-07,2021-02-07,0.4,NA,"If entered during the period from February 7, 2020 through February 7, 2021....................................................40%",2025_rev_32
9903.45.06,2021-02-08,2022-02-07,0.35,NA,"If entered during the period from February 8, 2021 through February 7, 2022 ................................................................................35%",2025_rev_32
9903.45.06,2022-02-08,2023-02-07,0.3,NA,"If entered during the period from February 8, 2022 through February 7, 2023 ................................................................................30%",2025_rev_32
9903.45.22,2018-02-07,2019-02-06,0.3,NA,"If entered during the period from February 7, 2018 through February 6, 2019....................................................30%",2025_rev_32
9903.45.22,2019-02-07,2020-02-06,0.25,NA,"If entered during the period from February 7, 2019 through February 6, 2020....................................................25%",2025_rev_32
9903.45.22,2020-02-07,2021-02-06,0.2,NA,"If entered during the period from February 7, 2020 through February 6, 2021 ...................................................20%",2025_rev_32
9903.45.22,2021-02-07,2022-02-06,0.18,NA,"If entered during the period from February 7, 2021 through February 6, 2022 ...................................................18%",2025_rev_32
9903.45.22,2022-02-07,2023-02-06,0.1475,NA,"If entered during the period from February 7, 2022 through February 6, 2023 ...................................................14.75%",2025_rev_32
9903.45.22,2023-02-07,2024-02-06,0.145,NA,"If entered during the period from February 7, 2023 through February 6, 2024 ...................................................14.5%",2025_rev_32
9903.45.22,2024-02-07,2025-02-06,0.1425,NA,"If entered during the period from February 7, 2024 through February 6, 2025 ...................................................14.25%",2025_rev_32
9903.45.22,2025-02-07,2026-02-06,0.14,NA,"If entered during the period from February 7, 2025 through February 6, 2026 ...................................................14%",2025_rev_32
9903.45.25,2018-02-07,2019-02-06,0.3,NA,"If entered during the period from February 7, 2018 through February 6, 2019....................................................30%",2025_rev_32
9903.45.25,2019-02-07,2020-02-06,0.25,NA,"If entered during the period from February 7, 2019 through February 6, 2020....................................................25%",2025_rev_32
9903.45.25,2020-02-07,2021-02-06,0.2,NA,"If entered during the period from February 7, 2020 through February 6, 2021 ...................................................20%",2025_rev_32
9903.45.25,2021-02-07,2022-02-06,0.18,NA,"If entered during the period from February 7, 2021 through February 6, 2022 ...................................................18%",2025_rev_32
9903.45.25,2022-02-07,2023-02-06,0.1475,NA,"If entered during the period from February 7, 2022 through February 6, 2023....................................................14.75%",2025_rev_32
9903.45.25,2023-02-07,2024-02-06,0.145,NA,"If entered during the period from February 7, 2023 through February 6, 2024....................................................14.5%",2025_rev_32
9903.45.25,2024-02-07,2025-02-06,0.1425,NA,"If entered during the period from February 7, 2024 through February 6, 2025....................................................14.25%",2025_rev_32
9903.45.25,2025-02-07,2026-02-06,0.14,NA,"If entered during the period from February 7, 2025 through February 6, 2026....................................................14%",2025_rev_32
9903.45.01,2018-02-07,2019-02-06,0.2,NA,"If entered during the period from February 7, 2018 through February 6, 2019....................................................20%",2025_rev_4
9903.45.01,2019-02-07,2020-02-06,0.18,NA,"If entered during the period from February 7, 2019 through February 6, 2020 ...................................................18%",2025_rev_4
9903.45.01,2020-02-07,2021-02-07,0.16,NA,"If entered during the period from February 7, 2020 through February 7, 2021....................................................16%",2025_rev_4
9903.45.01,2021-02-08,2022-02-07,0.15,NA,"If entered during the period from February 8, 2021 through February 7, 2022 ................................................................................15%",2025_rev_4
9903.45.01,2022-02-08,2023-02-07,0.14,NA,"If entered during the period from February 8, 2022 through February 7, 2023 ................................................................................14%",2025_rev_4
9903.45.02,2018-02-07,2019-02-06,0.5,NA,"If entered during the period from February 7, 2018 through February 6, 2019....................................................50%",2025_rev_4
9903.45.02,2019-02-07,2020-02-06,0.45,NA,"If entered during the period from February 7, 2019 through February 6, 2020....................................................45%",2025_rev_4
9903.45.02,2020-02-07,2021-02-07,0.4,NA,"If entered during the period from February 7, 2020 through February 7, 2021....................................................40%",2025_rev_4
9903.45.02,2021-02-08,2022-02-07,0.35,NA,"If entered during the period from February 8, 2021 through February 7, 2022 ................................................................................35%",2025_rev_4
9903.45.02,2022-02-08,2023-02-07,0.3,NA,"If entered during the period from February 8, 2022 through February 7, 2023 ................................................................................30%",2025_rev_4
9903.45.06,2018-02-07,2019-02-06,0.5,NA,"If entered during the period from February 7, 2018 through February 6, 2019....................................................50%",2025_rev_4
9903.45.06,2019-02-07,2020-02-06,0.45,NA,"If entered during the period from February 7, 2019 through February 6, 2020....................................................45%",2025_rev_4
9903.45.06,2020-02-07,2021-02-07,0.4,NA,"If entered during the period from February 7, 2020 through February 7, 2021....................................................40%",2025_rev_4
9903.45.06,2021-02-08,2022-02-07,0.35,NA,"If entered during the period from February 8, 2021 through February 7, 2022 ................................................................................35%",2025_rev_4
9903.45.06,2022-02-08,2023-02-07,0.3,NA,"If entered during the period from February 8, 2022 through February 7, 2023 ................................................................................30%",2025_rev_4
9903.45.22,2018-02-07,2019-02-06,0.3,NA,"If entered during the period from February 7, 2018 through February 6, 2019....................................................30%",2025_rev_4
9903.45.22,2019-02-07,2020-02-06,0.25,NA,"If entered during the period from February 7, 2019 through February 6, 2020....................................................25%",2025_rev_4
9903.45.22,2020-02-07,2021-02-06,0.2,NA,"If entered during the period from February 7, 2020 through February 6, 2021 ...................................................20%",2025_rev_4
9903.45.22,2021-02-07,2022-02-06,0.18,NA,"If entered during the period from February 7, 2021 through February 6, 2022 ...................................................18%",2025_rev_4
9903.45.22,2022-02-07,2023-02-06,0.1475,NA,"If entered during the period from February 7, 2022 through February 6, 2023 ...................................................14.75%",2025_rev_4
9903.45.22,2023-02-07,2024-02-06,0.145,NA,"If entered during the period from February 7, 2023 through February 6, 2024 ...................................................14.5%",2025_rev_4
9903.45.22,2024-02-07,2025-02-06,0.1425,NA,"If entered during the period from February 7, 2024 through February 6, 2025 ...................................................14.25%",2025_rev_4
9903.45.22,2025-02-07,2026-02-06,0.14,NA,"If entered during the period from February 7, 2025 through February 6, 2026 ...................................................14%",2025_rev_4
9903.45.25,2018-02-07,2019-02-06,0.3,NA,"If entered during the period from February 7, 2018 through February 6, 2019....................................................30%",2025_rev_4
9903.45.25,2019-02-07,2020-02-06,0.25,NA,"If entered during the period from February 7, 2019 through February 6, 2020....................................................25%",2025_rev_4
9903.45.25,2020-02-07,2021-02-06,0.2,NA,"If entered during the period from February 7, 2020 through February 6, 2021 ...................................................20%",2025_rev_4
9903.45.25,2021-02-07,2022-02-06,0.18,NA,"If entered during the period from February 7, 2021 through February 6, 2022 ...................................................18%",2025_rev_4
9903.45.25,2022-02-07,2023-02-06,0.1475,NA,"If entered during the period from February 7, 2022 through February 6, 2023....................................................14.75%",2025_rev_4
9903.45.25,2023-02-07,2024-02-06,0.145,NA,"If entered during the period from February 7, 2023 through February 6, 2024....................................................14.5%",2025_rev_4
9903.45.25,2024-02-07,2025-02-06,0.1425,NA,"If entered during the period from February 7, 2024 through February 6, 2025....................................................14.25%",2025_rev_4
9903.45.25,2025-02-07,2026-02-06,0.14,NA,"If entered during the period from February 7, 2025 through February 6, 2026....................................................14%",2025_rev_4
9903.45.01,2018-02-07,2019-02-06,0.2,NA,"If entered during the period from February 7, 2018 through February 6, 2019....................................................20%",2025_rev_5
9903.45.01,2019-02-07,2020-02-06,0.18,NA,"If entered during the period from February 7, 2019 through February 6, 2020 ...................................................18%",2025_rev_5
9903.45.01,2020-02-07,2021-02-07,0.16,NA,"If entered during the period from February 7, 2020 through February 7, 2021....................................................16%",2025_rev_5
9903.45.01,2021-02-08,2022-02-07,0.15,NA,"If entered during the period from February 8, 2021 through February 7, 2022 ................................................................................15%",2025_rev_5
9903.45.01,2022-02-08,2023-02-07,0.14,NA,"If entered during the period from February 8, 2022 through February 7, 2023 ................................................................................14%",2025_rev_5
9903.45.02,2018-02-07,2019-02-06,0.5,NA,"If entered during the period from February 7, 2018 through February 6, 2019....................................................50%",2025_rev_5
9903.45.02,2019-02-07,2020-02-06,0.45,NA,"If entered during the period from February 7, 2019 through February 6, 2020....................................................45%",2025_rev_5
9903.45.02,2020-02-07,2021-02-07,0.4,NA,"If entered during the period from February 7, 2020 through February 7, 2021....................................................40%",2025_rev_5
9903.45.02,2021-02-08,2022-02-07,0.35,NA,"If entered during the period from February 8, 2021 through February 7, 2022 ................................................................................35%",2025_rev_5
9903.45.02,2022-02-08,2023-02-07,0.3,NA,"If entered during the period from February 8, 2022 through February 7, 2023 ................................................................................30%",2025_rev_5
9903.45.06,2018-02-07,2019-02-06,0.5,NA,"If entered during the period from February 7, 2018 through February 6, 2019....................................................50%",2025_rev_5
9903.45.06,2019-02-07,2020-02-06,0.45,NA,"If entered during the period from February 7, 2019 through February 6, 2020....................................................45%",2025_rev_5
9903.45.06,2020-02-07,2021-02-07,0.4,NA,"If entered during the period from February 7, 2020 through February 7, 2021....................................................40%",2025_rev_5
9903.45.06,2021-02-08,2022-02-07,0.35,NA,"If entered during the period from February 8, 2021 through February 7, 2022 ................................................................................35%",2025_rev_5
9903.45.06,2022-02-08,2023-02-07,0.3,NA,"If entered during the period from February 8, 2022 through February 7, 2023 ................................................................................30%",2025_rev_5
9903.45.22,2018-02-07,2019-02-06,0.3,NA,"If entered during the period from February 7, 2018 through February 6, 2019....................................................30%",2025_rev_5
9903.45.22,2019-02-07,2020-02-06,0.25,NA,"If entered during the period from February 7, 2019 through February 6, 2020....................................................25%",2025_rev_5
9903.45.22,2020-02-07,2021-02-06,0.2,NA,"If entered during the period from February 7, 2020 through February 6, 2021 ...................................................20%",2025_rev_5
9903.45.22,2021-02-07,2022-02-06,0.18,NA,"If entered during the period from February 7, 2021 through February 6, 2022 ...................................................18%",2025_rev_5
9903.45.22,2022-02-07,2023-02-06,0.1475,NA,"If entered during the period from February 7, 2022 through February 6, 2023 ...................................................14.75%",2025_rev_5
9903.45.22,2023-02-07,2024-02-06,0.145,NA,"If entered during the period from February 7, 2023 through February 6, 2024 ...................................................14.5%",2025_rev_5
9903.45.22,2024-02-07,2025-02-06,0.1425,NA,"If entered during the period from February 7, 2024 through February 6, 2025 ...................................................14.25%",2025_rev_5
9903.45.22,2025-02-07,2026-02-06,0.14,NA,"If entered during the period from February 7, 2025 through February 6, 2026 ...................................................14%",2025_rev_5
9903.45.25,2018-02-07,2019-02-06,0.3,NA,"If entered during the period from February 7, 2018 through February 6, 2019....................................................30%",2025_rev_5
9903.45.25,2019-02-07,2020-02-06,0.25,NA,"If entered during the period from February 7, 2019 through February 6, 2020....................................................25%",2025_rev_5
9903.45.25,2020-02-07,2021-02-06,0.2,NA,"If entered during the period from February 7, 2020 through February 6, 2021 ...................................................20%",2025_rev_5
9903.45.25,2021-02-07,2022-02-06,0.18,NA,"If entered during the period from February 7, 2021 through February 6, 2022 ...................................................18%",2025_rev_5
9903.45.25,2022-02-07,2023-02-06,0.1475,NA,"If entered during the period from February 7, 2022 through February 6, 2023....................................................14.75%",2025_rev_5
9903.45.25,2023-02-07,2024-02-06,0.145,NA,"If entered during the period from February 7, 2023 through February 6, 2024....................................................14.5%",2025_rev_5
9903.45.25,2024-02-07,2025-02-06,0.1425,NA,"If entered during the period from February 7, 2024 through February 6, 2025....................................................14.25%",2025_rev_5
9903.45.25,2025-02-07,2026-02-06,0.14,NA,"If entered during the period from February 7, 2025 through February 6, 2026....................................................14%",2025_rev_5
9903.45.01,2018-02-07,2019-02-06,0.2,NA,"If entered during the period from February 7, 2018 through February 6, 2019....................................................20%",2025_rev_6
9903.45.01,2019-02-07,2020-02-06,0.18,NA,"If entered during the period from February 7, 2019 through February 6, 2020 ...................................................18%",2025_rev_6
9903.45.01,2020-02-07,2021-02-07,0.16,NA,"If entered during the period from February 7, 2020 through February 7, 2021....................................................16%",2025_rev_6
9903.45.01,2021-02-08,2022-02-07,0.15,NA,"If entered during the period from February 8, 2021 through February 7, 2022 ................................................................................15%",2025_rev_6
9903.45.01,2022-02-08,2023-02-07,0.14,NA,"If entered during the period from February 8, 2022 through February 7, 2023 ................................................................................14%",2025_rev_6
9903.45.02,2018-02-07,2019-02-06,0.5,NA,"If entered during the period from February 7, 2018 through February 6, 2019....................................................50%",2025_rev_6
9903.45.02,2019-02-07,2020-02-06,0.45,NA,"If entered during the period from February 7, 2019 through February 6, 2020....................................................45%",2025_rev_6
9903.45.02,2020-02-07,2021-02-07,0.4,NA,"If entered during the period from February 7, 2020 through February 7, 2021....................................................40%",2025_rev_6
9903.45.02,2021-02-08,2022-02-07,0.35,NA,"If entered during the period from February 8, 2021 through February 7, 2022 ................................................................................35%",2025_rev_6
9903.45.02,2022-02-08,2023-02-07,0.3,NA,"If entered during the period from February 8, 2022 through February 7, 2023 ................................................................................30%",2025_rev_6
9903.45.06,2018-02-07,2019-02-06,0.5,NA,"If entered during the period from February 7, 2018 through February 6, 2019....................................................50%",2025_rev_6
9903.45.06,2019-02-07,2020-02-06,0.45,NA,"If entered during the period from February 7, 2019 through February 6, 2020....................................................45%",2025_rev_6
9903.45.06,2020-02-07,2021-02-07,0.4,NA,"If entered during the period from February 7, 2020 through February 7, 2021....................................................40%",2025_rev_6
9903.45.06,2021-02-08,2022-02-07,0.35,NA,"If entered during the period from February 8, 2021 through February 7, 2022 ................................................................................35%",2025_rev_6
9903.45.06,2022-02-08,2023-02-07,0.3,NA,"If entered during the period from February 8, 2022 through February 7, 2023 ................................................................................30%",2025_rev_6
9903.45.22,2018-02-07,2019-02-06,0.3,NA,"If entered during the period from February 7, 2018 through February 6, 2019....................................................30%",2025_rev_6
9903.45.22,2019-02-07,2020-02-06,0.25,NA,"If entered during the period from February 7, 2019 through February 6, 2020....................................................25%",2025_rev_6
9903.45.22,2020-02-07,2021-02-06,0.2,NA,"If entered during the period from February 7, 2020 through February 6, 2021 ...................................................20%",2025_rev_6
9903.45.22,2021-02-07,2022-02-06,0.18,NA,"If entered during the period from February 7, 2021 through February 6, 2022 ...................................................18%",2025_rev_6
9903.45.22,2022-02-07,2023-02-06,0.1475,NA,"If entered during the period from February 7, 2022 through February 6, 2023 ...................................................14.75%",2025_rev_6
9903.45.22,2023-02-07,2024-02-06,0.145,NA,"If entered during the period from February 7, 2023 through February 6, 2024 ...................................................14.5%",2025_rev_6
9903.45.22,2024-02-07,2025-02-06,0.1425,NA,"If entered during the period from February 7, 2024 through February 6, 2025 ...................................................14.25%",2025_rev_6
9903.45.22,2025-02-07,2026-02-06,0.14,NA,"If entered during the period from February 7, 2025 through February 6, 2026 ...................................................14%",2025_rev_6
9903.45.25,2018-02-07,2019-02-06,0.3,NA,"If entered during the period from February 7, 2018 through February 6, 2019....................................................30%",2025_rev_6
9903.45.25,2019-02-07,2020-02-06,0.25,NA,"If entered during the period from February 7, 2019 through February 6, 2020....................................................25%",2025_rev_6
9903.45.25,2020-02-07,2021-02-06,0.2,NA,"If entered during the period from February 7, 2020 through February 6, 2021 ...................................................20%",2025_rev_6
9903.45.25,2021-02-07,2022-02-06,0.18,NA,"If entered during the period from February 7, 2021 through February 6, 2022 ...................................................18%",2025_rev_6
9903.45.25,2022-02-07,2023-02-06,0.1475,NA,"If entered during the period from February 7, 2022 through February 6, 2023....................................................14.75%",2025_rev_6
9903.45.25,2023-02-07,2024-02-06,0.145,NA,"If entered during the period from February 7, 2023 through February 6, 2024....................................................14.5%",2025_rev_6
9903.45.25,2024-02-07,2025-02-06,0.1425,NA,"If entered during the period from February 7, 2024 through February 6, 2025....................................................14.25%",2025_rev_6
9903.45.25,2025-02-07,2026-02-06,0.14,NA,"If entered during the period from February 7, 2025 through February 6, 2026....................................................14%",2025_rev_6
9903.45.01,2018-02-07,2019-02-06,0.2,NA,"If entered during the period from February 7, 2018 through February 6, 2019....................................................20%",2025_rev_7
9903.45.01,2019-02-07,2020-02-06,0.18,NA,"If entered during the period from February 7, 2019 through February 6, 2020 ...................................................18%",2025_rev_7
9903.45.01,2020-02-07,2021-02-07,0.16,NA,"If entered during the period from February 7, 2020 through February 7, 2021....................................................16%",2025_rev_7
9903.45.01,2021-02-08,2022-02-07,0.15,NA,"If entered during the period from February 8, 2021 through February 7, 2022 ................................................................................15%",2025_rev_7
9903.45.01,2022-02-08,2023-02-07,0.14,NA,"If entered during the period from February 8, 2022 through February 7, 2023 ................................................................................14%",2025_rev_7
9903.45.02,2018-02-07,2019-02-06,0.5,NA,"If entered during the period from February 7, 2018 through February 6, 2019....................................................50%",2025_rev_7
9903.45.02,2019-02-07,2020-02-06,0.45,NA,"If entered during the period from February 7, 2019 through February 6, 2020....................................................45%",2025_rev_7
9903.45.02,2020-02-07,2021-02-07,0.4,NA,"If entered during the period from February 7, 2020 through February 7, 2021....................................................40%",2025_rev_7
9903.45.02,2021-02-08,2022-02-07,0.35,NA,"If entered during the period from February 8, 2021 through February 7, 2022 ................................................................................35%",2025_rev_7
9903.45.02,2022-02-08,2023-02-07,0.3,NA,"If entered during the period from February 8, 2022 through February 7, 2023 ................................................................................30%",2025_rev_7
9903.45.06,2018-02-07,2019-02-06,0.5,NA,"If entered during the period from February 7, 2018 through February 6, 2019....................................................50%",2025_rev_7
9903.45.06,2019-02-07,2020-02-06,0.45,NA,"If entered during the period from February 7, 2019 through February 6, 2020....................................................45%",2025_rev_7
9903.45.06,2020-02-07,2021-02-07,0.4,NA,"If entered during the period from February 7, 2020 through February 7, 2021....................................................40%",2025_rev_7
9903.45.06,2021-02-08,2022-02-07,0.35,NA,"If entered during the period from February 8, 2021 through February 7, 2022 ................................................................................35%",2025_rev_7
9903.45.06,2022-02-08,2023-02-07,0.3,NA,"If entered during the period from February 8, 2022 through February 7, 2023 ................................................................................30%",2025_rev_7
9903.45.22,2018-02-07,2019-02-06,0.3,NA,"If entered during the period from February 7, 2018 through February 6, 2019....................................................30%",2025_rev_7
9903.45.22,2019-02-07,2020-02-06,0.25,NA,"If entered during the period from February 7, 2019 through February 6, 2020....................................................25%",2025_rev_7
9903.45.22,2020-02-07,2021-02-06,0.2,NA,"If entered during the period from February 7, 2020 through February 6, 2021 ...................................................20%",2025_rev_7
9903.45.22,2021-02-07,2022-02-06,0.18,NA,"If entered during the period from February 7, 2021 through February 6, 2022 ...................................................18%",2025_rev_7
9903.45.22,2022-02-07,2023-02-06,0.1475,NA,"If entered during the period from February 7, 2022 through February 6, 2023 ...................................................14.75%",2025_rev_7
9903.45.22,2023-02-07,2024-02-06,0.145,NA,"If entered during the period from February 7, 2023 through February 6, 2024 ...................................................14.5%",2025_rev_7
9903.45.22,2024-02-07,2025-02-06,0.1425,NA,"If entered during the period from February 7, 2024 through February 6, 2025 ...................................................14.25%",2025_rev_7
9903.45.22,2025-02-07,2026-02-06,0.14,NA,"If entered during the period from February 7, 2025 through February 6, 2026 ...................................................14%",2025_rev_7
9903.45.25,2018-02-07,2019-02-06,0.3,NA,"If entered during the period from February 7, 2018 through February 6, 2019....................................................30%",2025_rev_7
9903.45.25,2019-02-07,2020-02-06,0.25,NA,"If entered during the period from February 7, 2019 through February 6, 2020....................................................25%",2025_rev_7
9903.45.25,2020-02-07,2021-02-06,0.2,NA,"If entered during the period from February 7, 2020 through February 6, 2021 ...................................................20%",2025_rev_7
9903.45.25,2021-02-07,2022-02-06,0.18,NA,"If entered during the period from February 7, 2021 through February 6, 2022 ...................................................18%",2025_rev_7
9903.45.25,2022-02-07,2023-02-06,0.1475,NA,"If entered during the period from February 7, 2022 through February 6, 2023....................................................14.75%",2025_rev_7
9903.45.25,2023-02-07,2024-02-06,0.145,NA,"If entered during the period from February 7, 2023 through February 6, 2024....................................................14.5%",2025_rev_7
9903.45.25,2024-02-07,2025-02-06,0.1425,NA,"If entered during the period from February 7, 2024 through February 6, 2025....................................................14.25%",2025_rev_7
9903.45.25,2025-02-07,2026-02-06,0.14,NA,"If entered during the period from February 7, 2025 through February 6, 2026....................................................14%",2025_rev_7
9903.45.01,2018-02-07,2019-02-06,0.2,NA,"If entered during the period from February 7, 2018 through February 6, 2019....................................................20%",2025_rev_8
9903.45.01,2019-02-07,2020-02-06,0.18,NA,"If entered during the period from February 7, 2019 through February 6, 2020 ...................................................18%",2025_rev_8
9903.45.01,2020-02-07,2021-02-07,0.16,NA,"If entered during the period from February 7, 2020 through February 7, 2021....................................................16%",2025_rev_8
9903.45.01,2021-02-08,2022-02-07,0.15,NA,"If entered during the period from February 8, 2021 through February 7, 2022 ................................................................................15%",2025_rev_8
9903.45.01,2022-02-08,2023-02-07,0.14,NA,"If entered during the period from February 8, 2022 through February 7, 2023 ................................................................................14%",2025_rev_8
9903.45.02,2018-02-07,2019-02-06,0.5,NA,"If entered during the period from February 7, 2018 through February 6, 2019....................................................50%",2025_rev_8
9903.45.02,2019-02-07,2020-02-06,0.45,NA,"If entered during the period from February 7, 2019 through February 6, 2020....................................................45%",2025_rev_8
9903.45.02,2020-02-07,2021-02-07,0.4,NA,"If entered during the period from February 7, 2020 through February 7, 2021....................................................40%",2025_rev_8
9903.45.02,2021-02-08,2022-02-07,0.35,NA,"If entered during the period from February 8, 2021 through February 7, 2022 ................................................................................35%",2025_rev_8
9903.45.02,2022-02-08,2023-02-07,0.3,NA,"If entered during the period from February 8, 2022 through February 7, 2023 ................................................................................30%",2025_rev_8
9903.45.06,2018-02-07,2019-02-06,0.5,NA,"If entered during the period from February 7, 2018 through February 6, 2019....................................................50%",2025_rev_8
9903.45.06,2019-02-07,2020-02-06,0.45,NA,"If entered during the period from February 7, 2019 through February 6, 2020....................................................45%",2025_rev_8
9903.45.06,2020-02-07,2021-02-07,0.4,NA,"If entered during the period from February 7, 2020 through February 7, 2021....................................................40%",2025_rev_8
9903.45.06,2021-02-08,2022-02-07,0.35,NA,"If entered during the period from February 8, 2021 through February 7, 2022 ................................................................................35%",2025_rev_8
9903.45.06,2022-02-08,2023-02-07,0.3,NA,"If entered during the period from February 8, 2022 through February 7, 2023 ................................................................................30%",2025_rev_8
9903.45.22,2018-02-07,2019-02-06,0.3,NA,"If entered during the period from February 7, 2018 through February 6, 2019....................................................30%",2025_rev_8
9903.45.22,2019-02-07,2020-02-06,0.25,NA,"If entered during the period from February 7, 2019 through February 6, 2020....................................................25%",2025_rev_8
9903.45.22,2020-02-07,2021-02-06,0.2,NA,"If entered during the period from February 7, 2020 through February 6, 2021 ...................................................20%",2025_rev_8
9903.45.22,2021-02-07,2022-02-06,0.18,NA,"If entered during the period from February 7, 2021 through February 6, 2022 ...................................................18%",2025_rev_8
9903.45.22,2022-02-07,2023-02-06,0.1475,NA,"If entered during the period from February 7, 2022 through February 6, 2023 ...................................................14.75%",2025_rev_8
9903.45.22,2023-02-07,2024-02-06,0.145,NA,"If entered during the period from February 7, 2023 through February 6, 2024 ...................................................14.5%",2025_rev_8
9903.45.22,2024-02-07,2025-02-06,0.1425,NA,"If entered during the period from February 7, 2024 through February 6, 2025 ...................................................14.25%",2025_rev_8
9903.45.22,2025-02-07,2026-02-06,0.14,NA,"If entered during the period from February 7, 2025 through February 6, 2026 ...................................................14%",2025_rev_8
9903.45.25,2018-02-07,2019-02-06,0.3,NA,"If entered during the period from February 7, 2018 through February 6, 2019....................................................30%",2025_rev_8
9903.45.25,2019-02-07,2020-02-06,0.25,NA,"If entered during the period from February 7, 2019 through February 6, 2020....................................................25%",2025_rev_8
9903.45.25,2020-02-07,2021-02-06,0.2,NA,"If entered during the period from February 7, 2020 through February 6, 2021 ...................................................20%",2025_rev_8
9903.45.25,2021-02-07,2022-02-06,0.18,NA,"If entered during the period from February 7, 2021 through February 6, 2022 ...................................................18%",2025_rev_8
9903.45.25,2022-02-07,2023-02-06,0.1475,NA,"If entered during the period from February 7, 2022 through February 6, 2023....................................................14.75%",2025_rev_8
9903.45.25,2023-02-07,2024-02-06,0.145,NA,"If entered during the period from February 7, 2023 through February 6, 2024....................................................14.5%",2025_rev_8
9903.45.25,2024-02-07,2025-02-06,0.1425,NA,"If entered during the period from February 7, 2024 through February 6, 2025....................................................14.25%",2025_rev_8
9903.45.25,2025-02-07,2026-02-06,0.14,NA,"If entered during the period from February 7, 2025 through February 6, 2026....................................................14%",2025_rev_8
9903.45.01,2018-02-07,2019-02-06,0.2,NA,"If entered during the period from February 7, 2018 through February 6, 2019....................................................20%",2025_rev_9
9903.45.01,2019-02-07,2020-02-06,0.18,NA,"If entered during the period from February 7, 2019 through February 6, 2020 ...................................................18%",2025_rev_9
9903.45.01,2020-02-07,2021-02-07,0.16,NA,"If entered during the period from February 7, 2020 through February 7, 2021....................................................16%",2025_rev_9
9903.45.01,2021-02-08,2022-02-07,0.15,NA,"If entered during the period from February 8, 2021 through February 7, 2022 ................................................................................15%",2025_rev_9
9903.45.01,2022-02-08,2023-02-07,0.14,NA,"If entered during the period from February 8, 2022 through February 7, 2023 ................................................................................14%",2025_rev_9
9903.45.02,2018-02-07,2019-02-06,0.5,NA,"If entered during the period from February 7, 2018 through February 6, 2019....................................................50%",2025_rev_9
9903.45.02,2019-02-07,2020-02-06,0.45,NA,"If entered during the period from February 7, 2019 through February 6, 2020....................................................45%",2025_rev_9
9903.45.02,2020-02-07,2021-02-07,0.4,NA,"If entered during the period from February 7, 2020 through February 7, 2021....................................................40%",2025_rev_9
9903.45.02,2021-02-08,2022-02-07,0.35,NA,"If entered during the period from February 8, 2021 through February 7, 2022 ................................................................................35%",2025_rev_9
9903.45.02,2022-02-08,2023-02-07,0.3,NA,"If entered during the period from February 8, 2022 through February 7, 2023 ................................................................................30%",2025_rev_9
9903.45.06,2018-02-07,2019-02-06,0.5,NA,"If entered during the period from February 7, 2018 through February 6, 2019....................................................50%",2025_rev_9
9903.45.06,2019-02-07,2020-02-06,0.45,NA,"If entered during the period from February 7, 2019 through February 6, 2020....................................................45%",2025_rev_9
9903.45.06,2020-02-07,2021-02-07,0.4,NA,"If entered during the period from February 7, 2020 through February 7, 2021....................................................40%",2025_rev_9
9903.45.06,2021-02-08,2022-02-07,0.35,NA,"If entered during the period from February 8, 2021 through February 7, 2022 ................................................................................35%",2025_rev_9
9903.45.06,2022-02-08,2023-02-07,0.3,NA,"If entered during the period from February 8, 2022 through February 7, 2023 ................................................................................30%",2025_rev_9
9903.45.22,2018-02-07,2019-02-06,0.3,NA,"If entered during the period from February 7, 2018 through February 6, 2019....................................................30%",2025_rev_9
9903.45.22,2019-02-07,2020-02-06,0.25,NA,"If entered during the period from February 7, 2019 through February 6, 2020....................................................25%",2025_rev_9
9903.45.22,2020-02-07,2021-02-06,0.2,NA,"If entered during the period from February 7, 2020 through February 6, 2021 ...................................................20%",2025_rev_9
9903.45.22,2021-02-07,2022-02-06,0.18,NA,"If entered during the period from February 7, 2021 through February 6, 2022 ...................................................18%",2025_rev_9
9903.45.22,2022-02-07,2023-02-06,0.1475,NA,"If entered during the period from February 7, 2022 through February 6, 2023 ...................................................14.75%",2025_rev_9
9903.45.22,2023-02-07,2024-02-06,0.145,NA,"If entered during the period from February 7, 2023 through February 6, 2024 ...................................................14.5%",2025_rev_9
9903.45.22,2024-02-07,2025-02-06,0.1425,NA,"If entered during the period from February 7, 2024 through February 6, 2025 ...................................................14.25%",2025_rev_9
9903.45.22,2025-02-07,2026-02-06,0.14,NA,"If entered during the period from February 7, 2025 through February 6, 2026 ...................................................14%",2025_rev_9
9903.45.25,2018-02-07,2019-02-06,0.3,NA,"If entered during the period from February 7, 2018 through February 6, 2019....................................................30%",2025_rev_9
9903.45.25,2019-02-07,2020-02-06,0.25,NA,"If entered during the period from February 7, 2019 through February 6, 2020....................................................25%",2025_rev_9
9903.45.25,2020-02-07,2021-02-06,0.2,NA,"If entered during the period from February 7, 2020 through February 6, 2021 ...................................................20%",2025_rev_9
9903.45.25,2021-02-07,2022-02-06,0.18,NA,"If entered during the period from February 7, 2021 through February 6, 2022 ...................................................18%",2025_rev_9
9903.45.25,2022-02-07,2023-02-06,0.1475,NA,"If entered during the period from February 7, 2022 through February 6, 2023....................................................14.75%",2025_rev_9
9903.45.25,2023-02-07,2024-02-06,0.145,NA,"If entered during the period from February 7, 2023 through February 6, 2024....................................................14.5%",2025_rev_9
9903.45.25,2024-02-07,2025-02-06,0.1425,NA,"If entered during the period from February 7, 2024 through February 6, 2025....................................................14.25%",2025_rev_9
9903.45.25,2025-02-07,2026-02-06,0.14,NA,"If entered during the period from February 7, 2025 through February 6, 2026....................................................14%",2025_rev_9
9903.45.01,2018-02-07,2019-02-06,0.2,NA,"If entered during the period from February 7, 2018 through February 6, 2019....................................................20%",2026_basic
9903.45.01,2019-02-07,2020-02-06,0.18,NA,"If entered during the period from February 7, 2019 through February 6, 2020 ...................................................18%",2026_basic
9903.45.01,2020-02-07,2021-02-07,0.16,NA,"If entered during the period from February 7, 2020 through February 7, 2021....................................................16%",2026_basic
9903.45.01,2021-02-08,2022-02-07,0.15,NA,"If entered during the period from February 8, 2021 through February 7, 2022 ................................................................................15%",2026_basic
9903.45.01,2022-02-08,2023-02-07,0.14,NA,"If entered during the period from February 8, 2022 through February 7, 2023 ................................................................................14%",2026_basic
9903.45.02,2018-02-07,2019-02-06,0.5,NA,"If entered during the period from February 7, 2018 through February 6, 2019....................................................50%",2026_basic
9903.45.02,2019-02-07,2020-02-06,0.45,NA,"If entered during the period from February 7, 2019 through February 6, 2020....................................................45%",2026_basic
9903.45.02,2020-02-07,2021-02-07,0.4,NA,"If entered during the period from February 7, 2020 through February 7, 2021....................................................40%",2026_basic
9903.45.02,2021-02-08,2022-02-07,0.35,NA,"If entered during the period from February 8, 2021 through February 7, 2022 ................................................................................35%",2026_basic
9903.45.02,2022-02-08,2023-02-07,0.3,NA,"If entered during the period from February 8, 2022 through February 7, 2023 ................................................................................30%",2026_basic
9903.45.06,2018-02-07,2019-02-06,0.5,NA,"If entered during the period from February 7, 2018 through February 6, 2019....................................................50%",2026_basic
9903.45.06,2019-02-07,2020-02-06,0.45,NA,"If entered during the period from February 7, 2019 through February 6, 2020....................................................45%",2026_basic
9903.45.06,2020-02-07,2021-02-07,0.4,NA,"If entered during the period from February 7, 2020 through February 7, 2021....................................................40%",2026_basic
9903.45.06,2021-02-08,2022-02-07,0.35,NA,"If entered during the period from February 8, 2021 through February 7, 2022 ................................................................................35%",2026_basic
9903.45.06,2022-02-08,2023-02-07,0.3,NA,"If entered during the period from February 8, 2022 through February 7, 2023 ................................................................................30%",2026_basic
9903.45.22,2018-02-07,2019-02-06,0.3,NA,"If entered during the period from February 7, 2018 through February 6, 2019....................................................30%",2026_basic
9903.45.22,2019-02-07,2020-02-06,0.25,NA,"If entered during the period from February 7, 2019 through February 6, 2020....................................................25%",2026_basic
9903.45.22,2020-02-07,2021-02-06,0.2,NA,"If entered during the period from February 7, 2020 through February 6, 2021 ...................................................20%",2026_basic
9903.45.22,2021-02-07,2022-02-06,0.18,NA,"If entered during the period from February 7, 2021 through February 6, 2022 ...................................................18%",2026_basic
9903.45.22,2022-02-07,2023-02-06,0.1475,NA,"If entered during the period from February 7, 2022 through February 6, 2023 ...................................................14.75%",2026_basic
9903.45.22,2023-02-07,2024-02-06,0.145,NA,"If entered during the period from February 7, 2023 through February 6, 2024 ...................................................14.5%",2026_basic
9903.45.22,2024-02-07,2025-02-06,0.1425,NA,"If entered during the period from February 7, 2024 through February 6, 2025 ...................................................14.25%",2026_basic
9903.45.22,2025-02-07,2026-02-06,0.14,NA,"If entered during the period from February 7, 2025 through February 6, 2026 ...................................................14%",2026_basic
9903.45.25,2018-02-07,2019-02-06,0.3,NA,"If entered during the period from February 7, 2018 through February 6, 2019....................................................30%",2026_basic
9903.45.25,2019-02-07,2020-02-06,0.25,NA,"If entered during the period from February 7, 2019 through February 6, 2020....................................................25%",2026_basic
9903.45.25,2020-02-07,2021-02-06,0.2,NA,"If entered during the period from February 7, 2020 through February 6, 2021 ...................................................20%",2026_basic
9903.45.25,2021-02-07,2022-02-06,0.18,NA,"If entered during the period from February 7, 2021 through February 6, 2022 ...................................................18%",2026_basic
9903.45.25,2022-02-07,2023-02-06,0.1475,NA,"If entered during the period from February 7, 2022 through February 6, 2023....................................................14.75%",2026_basic
9903.45.25,2023-02-07,2024-02-06,0.145,NA,"If entered during the period from February 7, 2023 through February 6, 2024....................................................14.5%",2026_basic
9903.45.25,2024-02-07,2025-02-06,0.1425,NA,"If entered during the period from February 7, 2024 through February 6, 2025....................................................14.25%",2026_basic
9903.45.25,2025-02-07,2026-02-06,0.14,NA,"If entered during the period from February 7, 2025 through February 6, 2026....................................................14%",2026_basic
9903.45.01,2018-02-07,2019-02-06,0.2,NA,"If entered during the period from February 7, 2018 through February 6, 2019....................................................20%",2026_rev_1
9903.45.01,2019-02-07,2020-02-06,0.18,NA,"If entered during the period from February 7, 2019 through February 6, 2020 ...................................................18%",2026_rev_1
9903.45.01,2020-02-07,2021-02-07,0.16,NA,"If entered during the period from February 7, 2020 through February 7, 2021....................................................16%",2026_rev_1
9903.45.01,2021-02-08,2022-02-07,0.15,NA,"If entered during the period from February 8, 2021 through February 7, 2022 ................................................................................15%",2026_rev_1
9903.45.01,2022-02-08,2023-02-07,0.14,NA,"If entered during the period from February 8, 2022 through February 7, 2023 ................................................................................14%",2026_rev_1
9903.45.02,2018-02-07,2019-02-06,0.5,NA,"If entered during the period from February 7, 2018 through February 6, 2019....................................................50%",2026_rev_1
9903.45.02,2019-02-07,2020-02-06,0.45,NA,"If entered during the period from February 7, 2019 through February 6, 2020....................................................45%",2026_rev_1
9903.45.02,2020-02-07,2021-02-07,0.4,NA,"If entered during the period from February 7, 2020 through February 7, 2021....................................................40%",2026_rev_1
9903.45.02,2021-02-08,2022-02-07,0.35,NA,"If entered during the period from February 8, 2021 through February 7, 2022 ................................................................................35%",2026_rev_1
9903.45.02,2022-02-08,2023-02-07,0.3,NA,"If entered during the period from February 8, 2022 through February 7, 2023 ................................................................................30%",2026_rev_1
9903.45.06,2018-02-07,2019-02-06,0.5,NA,"If entered during the period from February 7, 2018 through February 6, 2019....................................................50%",2026_rev_1
9903.45.06,2019-02-07,2020-02-06,0.45,NA,"If entered during the period from February 7, 2019 through February 6, 2020....................................................45%",2026_rev_1
9903.45.06,2020-02-07,2021-02-07,0.4,NA,"If entered during the period from February 7, 2020 through February 7, 2021....................................................40%",2026_rev_1
9903.45.06,2021-02-08,2022-02-07,0.35,NA,"If entered during the period from February 8, 2021 through February 7, 2022 ................................................................................35%",2026_rev_1
9903.45.06,2022-02-08,2023-02-07,0.3,NA,"If entered during the period from February 8, 2022 through February 7, 2023 ................................................................................30%",2026_rev_1
9903.45.22,2018-02-07,2019-02-06,0.3,NA,"If entered during the period from February 7, 2018 through February 6, 2019....................................................30%",2026_rev_1
9903.45.22,2019-02-07,2020-02-06,0.25,NA,"If entered during the period from February 7, 2019 through February 6, 2020....................................................25%",2026_rev_1
9903.45.22,2020-02-07,2021-02-06,0.2,NA,"If entered during the period from February 7, 2020 through February 6, 2021 ...................................................20%",2026_rev_1
9903.45.22,2021-02-07,2022-02-06,0.18,NA,"If entered during the period from February 7, 2021 through February 6, 2022 ...................................................18%",2026_rev_1
9903.45.22,2022-02-07,2023-02-06,0.1475,NA,"If entered during the period from February 7, 2022 through February 6, 2023 ...................................................14.75%",2026_rev_1
9903.45.22,2023-02-07,2024-02-06,0.145,NA,"If entered during the period from February 7, 2023 through February 6, 2024 ...................................................14.5%",2026_rev_1
9903.45.22,2024-02-07,2025-02-06,0.1425,NA,"If entered during the period from February 7, 2024 through February 6, 2025 ...................................................14.25%",2026_rev_1
9903.45.22,2025-02-07,2026-02-06,0.14,NA,"If entered during the period from February 7, 2025 through February 6, 2026 ...................................................14%",2026_rev_1
9903.45.25,2018-02-07,2019-02-06,0.3,NA,"If entered during the period from February 7, 2018 through February 6, 2019....................................................30%",2026_rev_1
9903.45.25,2019-02-07,2020-02-06,0.25,NA,"If entered during the period from February 7, 2019 through February 6, 2020....................................................25%",2026_rev_1
9903.45.25,2020-02-07,2021-02-06,0.2,NA,"If entered during the period from February 7, 2020 through February 6, 2021 ...................................................20%",2026_rev_1
9903.45.25,2021-02-07,2022-02-06,0.18,NA,"If entered during the period from February 7, 2021 through February 6, 2022 ...................................................18%",2026_rev_1
9903.45.25,2022-02-07,2023-02-06,0.1475,NA,"If entered during the period from February 7, 2022 through February 6, 2023....................................................14.75%",2026_rev_1
9903.45.25,2023-02-07,2024-02-06,0.145,NA,"If entered during the period from February 7, 2023 through February 6, 2024....................................................14.5%",2026_rev_1
9903.45.25,2024-02-07,2025-02-06,0.1425,NA,"If entered during the period from February 7, 2024 through February 6, 2025....................................................14.25%",2026_rev_1
9903.45.25,2025-02-07,2026-02-06,0.14,NA,"If entered during the period from February 7, 2025 through February 6, 2026....................................................14%",2026_rev_1
9903.45.01,2018-02-07,2019-02-06,0.2,NA,"If entered during the period from February 7, 2018 through February 6, 2019....................................................20%",2026_rev_10
9903.45.01,2019-02-07,2020-02-06,0.18,NA,"If entered during the period from February 7, 2019 through February 6, 2020 ...................................................18%",2026_rev_10
9903.45.01,2020-02-07,2021-02-07,0.16,NA,"If entered during the period from February 7, 2020 through February 7, 2021....................................................16%",2026_rev_10
9903.45.01,2021-02-08,2022-02-07,0.15,NA,"If entered during the period from February 8, 2021 through February 7, 2022 ................................................................................15%",2026_rev_10
9903.45.01,2022-02-08,2023-02-07,0.14,NA,"If entered during the period from February 8, 2022 through February 7, 2023 ................................................................................14%",2026_rev_10
9903.45.02,2018-02-07,2019-02-06,0.5,NA,"If entered during the period from February 7, 2018 through February 6, 2019....................................................50%",2026_rev_10
9903.45.02,2019-02-07,2020-02-06,0.45,NA,"If entered during the period from February 7, 2019 through February 6, 2020....................................................45%",2026_rev_10
9903.45.02,2020-02-07,2021-02-07,0.4,NA,"If entered during the period from February 7, 2020 through February 7, 2021....................................................40%",2026_rev_10
9903.45.02,2021-02-08,2022-02-07,0.35,NA,"If entered during the period from February 8, 2021 through February 7, 2022 ................................................................................35%",2026_rev_10
9903.45.02,2022-02-08,2023-02-07,0.3,NA,"If entered during the period from February 8, 2022 through February 7, 2023 ................................................................................30%",2026_rev_10
9903.45.06,2018-02-07,2019-02-06,0.5,NA,"If entered during the period from February 7, 2018 through February 6, 2019....................................................50%",2026_rev_10
9903.45.06,2019-02-07,2020-02-06,0.45,NA,"If entered during the period from February 7, 2019 through February 6, 2020....................................................45%",2026_rev_10
9903.45.06,2020-02-07,2021-02-07,0.4,NA,"If entered during the period from February 7, 2020 through February 7, 2021....................................................40%",2026_rev_10
9903.45.06,2021-02-08,2022-02-07,0.35,NA,"If entered during the period from February 8, 2021 through February 7, 2022 ................................................................................35%",2026_rev_10
9903.45.06,2022-02-08,2023-02-07,0.3,NA,"If entered during the period from February 8, 2022 through February 7, 2023 ................................................................................30%",2026_rev_10
9903.45.22,2018-02-07,2019-02-06,0.3,NA,"If entered during the period from February 7, 2018 through February 6, 2019....................................................30%",2026_rev_10
9903.45.22,2019-02-07,2020-02-06,0.25,NA,"If entered during the period from February 7, 2019 through February 6, 2020....................................................25%",2026_rev_10
9903.45.22,2020-02-07,2021-02-06,0.2,NA,"If entered during the period from February 7, 2020 through February 6, 2021 ...................................................20%",2026_rev_10
9903.45.22,2021-02-07,2022-02-06,0.18,NA,"If entered during the period from February 7, 2021 through February 6, 2022 ...................................................18%",2026_rev_10
9903.45.22,2022-02-07,2023-02-06,0.1475,NA,"If entered during the period from February 7, 2022 through February 6, 2023 ...................................................14.75%",2026_rev_10
9903.45.22,2023-02-07,2024-02-06,0.145,NA,"If entered during the period from February 7, 2023 through February 6, 2024 ...................................................14.5%",2026_rev_10
9903.45.22,2024-02-07,2025-02-06,0.1425,NA,"If entered during the period from February 7, 2024 through February 6, 2025 ...................................................14.25%",2026_rev_10
9903.45.22,2025-02-07,2026-02-06,0.14,NA,"If entered during the period from February 7, 2025 through February 6, 2026 ...................................................14%",2026_rev_10
9903.45.25,2018-02-07,2019-02-06,0.3,NA,"If entered during the period from February 7, 2018 through February 6, 2019....................................................30%",2026_rev_10
9903.45.25,2019-02-07,2020-02-06,0.25,NA,"If entered during the period from February 7, 2019 through February 6, 2020....................................................25%",2026_rev_10
9903.45.25,2020-02-07,2021-02-06,0.2,NA,"If entered during the period from February 7, 2020 through February 6, 2021 ...................................................20%",2026_rev_10
9903.45.25,2021-02-07,2022-02-06,0.18,NA,"If entered during the period from February 7, 2021 through February 6, 2022 ...................................................18%",2026_rev_10
9903.45.25,2022-02-07,2023-02-06,0.1475,NA,"If entered during the period from February 7, 2022 through February 6, 2023....................................................14.75%",2026_rev_10
9903.45.25,2023-02-07,2024-02-06,0.145,NA,"If entered during the period from February 7, 2023 through February 6, 2024....................................................14.5%",2026_rev_10
9903.45.25,2024-02-07,2025-02-06,0.1425,NA,"If entered during the period from February 7, 2024 through February 6, 2025....................................................14.25%",2026_rev_10
9903.45.25,2025-02-07,2026-02-06,0.14,NA,"If entered during the period from February 7, 2025 through February 6, 2026....................................................14%",2026_rev_10
9903.45.01,2018-02-07,2019-02-06,0.2,NA,"If entered during the period from February 7, 2018 through February 6, 2019....................................................20%",2026_rev_11
9903.45.01,2019-02-07,2020-02-06,0.18,NA,"If entered during the period from February 7, 2019 through February 6, 2020 ...................................................18%",2026_rev_11
9903.45.01,2020-02-07,2021-02-07,0.16,NA,"If entered during the period from February 7, 2020 through February 7, 2021....................................................16%",2026_rev_11
9903.45.01,2021-02-08,2022-02-07,0.15,NA,"If entered during the period from February 8, 2021 through February 7, 2022 ................................................................................15%",2026_rev_11
9903.45.01,2022-02-08,2023-02-07,0.14,NA,"If entered during the period from February 8, 2022 through February 7, 2023 ................................................................................14%",2026_rev_11
9903.45.02,2018-02-07,2019-02-06,0.5,NA,"If entered during the period from February 7, 2018 through February 6, 2019....................................................50%",2026_rev_11
9903.45.02,2019-02-07,2020-02-06,0.45,NA,"If entered during the period from February 7, 2019 through February 6, 2020....................................................45%",2026_rev_11
9903.45.02,2020-02-07,2021-02-07,0.4,NA,"If entered during the period from February 7, 2020 through February 7, 2021....................................................40%",2026_rev_11
9903.45.02,2021-02-08,2022-02-07,0.35,NA,"If entered during the period from February 8, 2021 through February 7, 2022 ................................................................................35%",2026_rev_11
9903.45.02,2022-02-08,2023-02-07,0.3,NA,"If entered during the period from February 8, 2022 through February 7, 2023 ................................................................................30%",2026_rev_11
9903.45.06,2018-02-07,2019-02-06,0.5,NA,"If entered during the period from February 7, 2018 through February 6, 2019....................................................50%",2026_rev_11
9903.45.06,2019-02-07,2020-02-06,0.45,NA,"If entered during the period from February 7, 2019 through February 6, 2020....................................................45%",2026_rev_11
9903.45.06,2020-02-07,2021-02-07,0.4,NA,"If entered during the period from February 7, 2020 through February 7, 2021....................................................40%",2026_rev_11
9903.45.06,2021-02-08,2022-02-07,0.35,NA,"If entered during the period from February 8, 2021 through February 7, 2022 ................................................................................35%",2026_rev_11
9903.45.06,2022-02-08,2023-02-07,0.3,NA,"If entered during the period from February 8, 2022 through February 7, 2023 ................................................................................30%",2026_rev_11
9903.45.22,2018-02-07,2019-02-06,0.3,NA,"If entered during the period from February 7, 2018 through February 6, 2019....................................................30%",2026_rev_11
9903.45.22,2019-02-07,2020-02-06,0.25,NA,"If entered during the period from February 7, 2019 through February 6, 2020....................................................25%",2026_rev_11
9903.45.22,2020-02-07,2021-02-06,0.2,NA,"If entered during the period from February 7, 2020 through February 6, 2021 ...................................................20%",2026_rev_11
9903.45.22,2021-02-07,2022-02-06,0.18,NA,"If entered during the period from February 7, 2021 through February 6, 2022 ...................................................18%",2026_rev_11
9903.45.22,2022-02-07,2023-02-06,0.1475,NA,"If entered during the period from February 7, 2022 through February 6, 2023 ...................................................14.75%",2026_rev_11
9903.45.22,2023-02-07,2024-02-06,0.145,NA,"If entered during the period from February 7, 2023 through February 6, 2024 ...................................................14.5%",2026_rev_11
9903.45.22,2024-02-07,2025-02-06,0.1425,NA,"If entered during the period from February 7, 2024 through February 6, 2025 ...................................................14.25%",2026_rev_11
9903.45.22,2025-02-07,2026-02-06,0.14,NA,"If entered during the period from February 7, 2025 through February 6, 2026 ...................................................14%",2026_rev_11
9903.45.25,2018-02-07,2019-02-06,0.3,NA,"If entered during the period from February 7, 2018 through February 6, 2019....................................................30%",2026_rev_11
9903.45.25,2019-02-07,2020-02-06,0.25,NA,"If entered during the period from February 7, 2019 through February 6, 2020....................................................25%",2026_rev_11
9903.45.25,2020-02-07,2021-02-06,0.2,NA,"If entered during the period from February 7, 2020 through February 6, 2021 ...................................................20%",2026_rev_11
9903.45.25,2021-02-07,2022-02-06,0.18,NA,"If entered during the period from February 7, 2021 through February 6, 2022 ...................................................18%",2026_rev_11
9903.45.25,2022-02-07,2023-02-06,0.1475,NA,"If entered during the period from February 7, 2022 through February 6, 2023....................................................14.75%",2026_rev_11
9903.45.25,2023-02-07,2024-02-06,0.145,NA,"If entered during the period from February 7, 2023 through February 6, 2024....................................................14.5%",2026_rev_11
9903.45.25,2024-02-07,2025-02-06,0.1425,NA,"If entered during the period from February 7, 2024 through February 6, 2025....................................................14.25%",2026_rev_11
9903.45.25,2025-02-07,2026-02-06,0.14,NA,"If entered during the period from February 7, 2025 through February 6, 2026....................................................14%",2026_rev_11
9903.45.01,2018-02-07,2019-02-06,0.2,NA,"If entered during the period from February 7, 2018 through February 6, 2019....................................................20%",2026_rev_12
9903.45.01,2019-02-07,2020-02-06,0.18,NA,"If entered during the period from February 7, 2019 through February 6, 2020 ...................................................18%",2026_rev_12
9903.45.01,2020-02-07,2021-02-07,0.16,NA,"If entered during the period from February 7, 2020 through February 7, 2021....................................................16%",2026_rev_12
9903.45.01,2021-02-08,2022-02-07,0.15,NA,"If entered during the period from February 8, 2021 through February 7, 2022 ................................................................................15%",2026_rev_12
9903.45.01,2022-02-08,2023-02-07,0.14,NA,"If entered during the period from February 8, 2022 through February 7, 2023 ................................................................................14%",2026_rev_12
9903.45.02,2018-02-07,2019-02-06,0.5,NA,"If entered during the period from February 7, 2018 through February 6, 2019....................................................50%",2026_rev_12
9903.45.02,2019-02-07,2020-02-06,0.45,NA,"If entered during the period from February 7, 2019 through February 6, 2020....................................................45%",2026_rev_12
9903.45.02,2020-02-07,2021-02-07,0.4,NA,"If entered during the period from February 7, 2020 through February 7, 2021....................................................40%",2026_rev_12
9903.45.02,2021-02-08,2022-02-07,0.35,NA,"If entered during the period from February 8, 2021 through February 7, 2022 ................................................................................35%",2026_rev_12
9903.45.02,2022-02-08,2023-02-07,0.3,NA,"If entered during the period from February 8, 2022 through February 7, 2023 ................................................................................30%",2026_rev_12
9903.45.06,2018-02-07,2019-02-06,0.5,NA,"If entered during the period from February 7, 2018 through February 6, 2019....................................................50%",2026_rev_12
9903.45.06,2019-02-07,2020-02-06,0.45,NA,"If entered during the period from February 7, 2019 through February 6, 2020....................................................45%",2026_rev_12
9903.45.06,2020-02-07,2021-02-07,0.4,NA,"If entered during the period from February 7, 2020 through February 7, 2021....................................................40%",2026_rev_12
9903.45.06,2021-02-08,2022-02-07,0.35,NA,"If entered during the period from February 8, 2021 through February 7, 2022 ................................................................................35%",2026_rev_12
9903.45.06,2022-02-08,2023-02-07,0.3,NA,"If entered during the period from February 8, 2022 through February 7, 2023 ................................................................................30%",2026_rev_12
9903.45.22,2018-02-07,2019-02-06,0.3,NA,"If entered during the period from February 7, 2018 through February 6, 2019....................................................30%",2026_rev_12
9903.45.22,2019-02-07,2020-02-06,0.25,NA,"If entered during the period from February 7, 2019 through February 6, 2020....................................................25%",2026_rev_12
9903.45.22,2020-02-07,2021-02-06,0.2,NA,"If entered during the period from February 7, 2020 through February 6, 2021 ...................................................20%",2026_rev_12
9903.45.22,2021-02-07,2022-02-06,0.18,NA,"If entered during the period from February 7, 2021 through February 6, 2022 ...................................................18%",2026_rev_12
9903.45.22,2022-02-07,2023-02-06,0.1475,NA,"If entered during the period from February 7, 2022 through February 6, 2023 ...................................................14.75%",2026_rev_12
9903.45.22,2023-02-07,2024-02-06,0.145,NA,"If entered during the period from February 7, 2023 through February 6, 2024 ...................................................14.5%",2026_rev_12
9903.45.22,2024-02-07,2025-02-06,0.1425,NA,"If entered during the period from February 7, 2024 through February 6, 2025 ...................................................14.25%",2026_rev_12
9903.45.22,2025-02-07,2026-02-06,0.14,NA,"If entered during the period from February 7, 2025 through February 6, 2026 ...................................................14%",2026_rev_12
9903.45.25,2018-02-07,2019-02-06,0.3,NA,"If entered during the period from February 7, 2018 through February 6, 2019....................................................30%",2026_rev_12
9903.45.25,2019-02-07,2020-02-06,0.25,NA,"If entered during the period from February 7, 2019 through February 6, 2020....................................................25%",2026_rev_12
9903.45.25,2020-02-07,2021-02-06,0.2,NA,"If entered during the period from February 7, 2020 through February 6, 2021 ...................................................20%",2026_rev_12
9903.45.25,2021-02-07,2022-02-06,0.18,NA,"If entered during the period from February 7, 2021 through February 6, 2022 ...................................................18%",2026_rev_12
9903.45.25,2022-02-07,2023-02-06,0.1475,NA,"If entered during the period from February 7, 2022 through February 6, 2023....................................................14.75%",2026_rev_12
9903.45.25,2023-02-07,2024-02-06,0.145,NA,"If entered during the period from February 7, 2023 through February 6, 2024....................................................14.5%",2026_rev_12
9903.45.25,2024-02-07,2025-02-06,0.1425,NA,"If entered during the period from February 7, 2024 through February 6, 2025....................................................14.25%",2026_rev_12
9903.45.25,2025-02-07,2026-02-06,0.14,NA,"If entered during the period from February 7, 2025 through February 6, 2026....................................................14%",2026_rev_12
9903.45.01,2018-02-07,2019-02-06,0.2,NA,"If entered during the period from February 7, 2018 through February 6, 2019....................................................20%",2026_rev_13
9903.45.01,2019-02-07,2020-02-06,0.18,NA,"If entered during the period from February 7, 2019 through February 6, 2020 ...................................................18%",2026_rev_13
9903.45.01,2020-02-07,2021-02-07,0.16,NA,"If entered during the period from February 7, 2020 through February 7, 2021....................................................16%",2026_rev_13
9903.45.01,2021-02-08,2022-02-07,0.15,NA,"If entered during the period from February 8, 2021 through February 7, 2022 ................................................................................15%",2026_rev_13
9903.45.01,2022-02-08,2023-02-07,0.14,NA,"If entered during the period from February 8, 2022 through February 7, 2023 ................................................................................14%",2026_rev_13
9903.45.02,2018-02-07,2019-02-06,0.5,NA,"If entered during the period from February 7, 2018 through February 6, 2019....................................................50%",2026_rev_13
9903.45.02,2019-02-07,2020-02-06,0.45,NA,"If entered during the period from February 7, 2019 through February 6, 2020....................................................45%",2026_rev_13
9903.45.02,2020-02-07,2021-02-07,0.4,NA,"If entered during the period from February 7, 2020 through February 7, 2021....................................................40%",2026_rev_13
9903.45.02,2021-02-08,2022-02-07,0.35,NA,"If entered during the period from February 8, 2021 through February 7, 2022 ................................................................................35%",2026_rev_13
9903.45.02,2022-02-08,2023-02-07,0.3,NA,"If entered during the period from February 8, 2022 through February 7, 2023 ................................................................................30%",2026_rev_13
9903.45.06,2018-02-07,2019-02-06,0.5,NA,"If entered during the period from February 7, 2018 through February 6, 2019....................................................50%",2026_rev_13
9903.45.06,2019-02-07,2020-02-06,0.45,NA,"If entered during the period from February 7, 2019 through February 6, 2020....................................................45%",2026_rev_13
9903.45.06,2020-02-07,2021-02-07,0.4,NA,"If entered during the period from February 7, 2020 through February 7, 2021....................................................40%",2026_rev_13
9903.45.06,2021-02-08,2022-02-07,0.35,NA,"If entered during the period from February 8, 2021 through February 7, 2022 ................................................................................35%",2026_rev_13
9903.45.06,2022-02-08,2023-02-07,0.3,NA,"If entered during the period from February 8, 2022 through February 7, 2023 ................................................................................30%",2026_rev_13
9903.45.22,2018-02-07,2019-02-06,0.3,NA,"If entered during the period from February 7, 2018 through February 6, 2019....................................................30%",2026_rev_13
9903.45.22,2019-02-07,2020-02-06,0.25,NA,"If entered during the period from February 7, 2019 through February 6, 2020....................................................25%",2026_rev_13
9903.45.22,2020-02-07,2021-02-06,0.2,NA,"If entered during the period from February 7, 2020 through February 6, 2021 ...................................................20%",2026_rev_13
9903.45.22,2021-02-07,2022-02-06,0.18,NA,"If entered during the period from February 7, 2021 through February 6, 2022 ...................................................18%",2026_rev_13
9903.45.22,2022-02-07,2023-02-06,0.1475,NA,"If entered during the period from February 7, 2022 through February 6, 2023 ...................................................14.75%",2026_rev_13
9903.45.22,2023-02-07,2024-02-06,0.145,NA,"If entered during the period from February 7, 2023 through February 6, 2024 ...................................................14.5%",2026_rev_13
9903.45.22,2024-02-07,2025-02-06,0.1425,NA,"If entered during the period from February 7, 2024 through February 6, 2025 ...................................................14.25%",2026_rev_13
9903.45.22,2025-02-07,2026-02-06,0.14,NA,"If entered during the period from February 7, 2025 through February 6, 2026 ...................................................14%",2026_rev_13
9903.45.25,2018-02-07,2019-02-06,0.3,NA,"If entered during the period from February 7, 2018 through February 6, 2019....................................................30%",2026_rev_13
9903.45.25,2019-02-07,2020-02-06,0.25,NA,"If entered during the period from February 7, 2019 through February 6, 2020....................................................25%",2026_rev_13
9903.45.25,2020-02-07,2021-02-06,0.2,NA,"If entered during the period from February 7, 2020 through February 6, 2021 ...................................................20%",2026_rev_13
9903.45.25,2021-02-07,2022-02-06,0.18,NA,"If entered during the period from February 7, 2021 through February 6, 2022 ...................................................18%",2026_rev_13
9903.45.25,2022-02-07,2023-02-06,0.1475,NA,"If entered during the period from February 7, 2022 through February 6, 2023....................................................14.75%",2026_rev_13
9903.45.25,2023-02-07,2024-02-06,0.145,NA,"If entered during the period from February 7, 2023 through February 6, 2024....................................................14.5%",2026_rev_13
9903.45.25,2024-02-07,2025-02-06,0.1425,NA,"If entered during the period from February 7, 2024 through February 6, 2025....................................................14.25%",2026_rev_13
9903.45.25,2025-02-07,2026-02-06,0.14,NA,"If entered during the period from February 7, 2025 through February 6, 2026....................................................14%",2026_rev_13
9903.45.01,2018-02-07,2019-02-06,0.2,NA,"If entered during the period from February 7, 2018 through February 6, 2019....................................................20%",2026_rev_14
9903.45.01,2019-02-07,2020-02-06,0.18,NA,"If entered during the period from February 7, 2019 through February 6, 2020 ...................................................18%",2026_rev_14
9903.45.01,2020-02-07,2021-02-07,0.16,NA,"If entered during the period from February 7, 2020 through February 7, 2021....................................................16%",2026_rev_14
9903.45.01,2021-02-08,2022-02-07,0.15,NA,"If entered during the period from February 8, 2021 through February 7, 2022 ................................................................................15%",2026_rev_14
9903.45.01,2022-02-08,2023-02-07,0.14,NA,"If entered during the period from February 8, 2022 through February 7, 2023 ................................................................................14%",2026_rev_14
9903.45.02,2018-02-07,2019-02-06,0.5,NA,"If entered during the period from February 7, 2018 through February 6, 2019....................................................50%",2026_rev_14
9903.45.02,2019-02-07,2020-02-06,0.45,NA,"If entered during the period from February 7, 2019 through February 6, 2020....................................................45%",2026_rev_14
9903.45.02,2020-02-07,2021-02-07,0.4,NA,"If entered during the period from February 7, 2020 through February 7, 2021....................................................40%",2026_rev_14
9903.45.02,2021-02-08,2022-02-07,0.35,NA,"If entered during the period from February 8, 2021 through February 7, 2022 ................................................................................35%",2026_rev_14
9903.45.02,2022-02-08,2023-02-07,0.3,NA,"If entered during the period from February 8, 2022 through February 7, 2023 ................................................................................30%",2026_rev_14
9903.45.06,2018-02-07,2019-02-06,0.5,NA,"If entered during the period from February 7, 2018 through February 6, 2019....................................................50%",2026_rev_14
9903.45.06,2019-02-07,2020-02-06,0.45,NA,"If entered during the period from February 7, 2019 through February 6, 2020....................................................45%",2026_rev_14
9903.45.06,2020-02-07,2021-02-07,0.4,NA,"If entered during the period from February 7, 2020 through February 7, 2021....................................................40%",2026_rev_14
9903.45.06,2021-02-08,2022-02-07,0.35,NA,"If entered during the period from February 8, 2021 through February 7, 2022 ................................................................................35%",2026_rev_14
9903.45.06,2022-02-08,2023-02-07,0.3,NA,"If entered during the period from February 8, 2022 through February 7, 2023 ................................................................................30%",2026_rev_14
9903.45.22,2018-02-07,2019-02-06,0.3,NA,"If entered during the period from February 7, 2018 through February 6, 2019....................................................30%",2026_rev_14
9903.45.22,2019-02-07,2020-02-06,0.25,NA,"If entered during the period from February 7, 2019 through February 6, 2020....................................................25%",2026_rev_14
9903.45.22,2020-02-07,2021-02-06,0.2,NA,"If entered during the period from February 7, 2020 through February 6, 2021 ...................................................20%",2026_rev_14
9903.45.22,2021-02-07,2022-02-06,0.18,NA,"If entered during the period from February 7, 2021 through February 6, 2022 ...................................................18%",2026_rev_14
9903.45.22,2022-02-07,2023-02-06,0.1475,NA,"If entered during the period from February 7, 2022 through February 6, 2023 ...................................................14.75%",2026_rev_14
9903.45.22,2023-02-07,2024-02-06,0.145,NA,"If entered during the period from February 7, 2023 through February 6, 2024 ...................................................14.5%",2026_rev_14
9903.45.22,2024-02-07,2025-02-06,0.1425,NA,"If entered during the period from February 7, 2024 through February 6, 2025 ...................................................14.25%",2026_rev_14
9903.45.22,2025-02-07,2026-02-06,0.14,NA,"If entered during the period from February 7, 2025 through February 6, 2026 ...................................................14%",2026_rev_14
9903.45.25,2018-02-07,2019-02-06,0.3,NA,"If entered during the period from February 7, 2018 through February 6, 2019....................................................30%",2026_rev_14
9903.45.25,2019-02-07,2020-02-06,0.25,NA,"If entered during the period from February 7, 2019 through February 6, 2020....................................................25%",2026_rev_14
9903.45.25,2020-02-07,2021-02-06,0.2,NA,"If entered during the period from February 7, 2020 through February 6, 2021 ...................................................20%",2026_rev_14
9903.45.25,2021-02-07,2022-02-06,0.18,NA,"If entered during the period from February 7, 2021 through February 6, 2022 ...................................................18%",2026_rev_14
9903.45.25,2022-02-07,2023-02-06,0.1475,NA,"If entered during the period from February 7, 2022 through February 6, 2023....................................................14.75%",2026_rev_14
9903.45.25,2023-02-07,2024-02-06,0.145,NA,"If entered during the period from February 7, 2023 through February 6, 2024....................................................14.5%",2026_rev_14
9903.45.25,2024-02-07,2025-02-06,0.1425,NA,"If entered during the period from February 7, 2024 through February 6, 2025....................................................14.25%",2026_rev_14
9903.45.25,2025-02-07,2026-02-06,0.14,NA,"If entered during the period from February 7, 2025 through February 6, 2026....................................................14%",2026_rev_14
9903.45.01,2018-02-07,2019-02-06,0.2,NA,"If entered during the period from February 7, 2018 through February 6, 2019....................................................20%",2026_rev_15
9903.45.01,2019-02-07,2020-02-06,0.18,NA,"If entered during the period from February 7, 2019 through February 6, 2020 ...................................................18%",2026_rev_15
9903.45.01,2020-02-07,2021-02-07,0.16,NA,"If entered during the period from February 7, 2020 through February 7, 2021....................................................16%",2026_rev_15
9903.45.01,2021-02-08,2022-02-07,0.15,NA,"If entered during the period from February 8, 2021 through February 7, 2022 ................................................................................15%",2026_rev_15
9903.45.01,2022-02-08,2023-02-07,0.14,NA,"If entered during the period from February 8, 2022 through February 7, 2023 ................................................................................14%",2026_rev_15
9903.45.02,2018-02-07,2019-02-06,0.5,NA,"If entered during the period from February 7, 2018 through February 6, 2019....................................................50%",2026_rev_15
9903.45.02,2019-02-07,2020-02-06,0.45,NA,"If entered during the period from February 7, 2019 through February 6, 2020....................................................45%",2026_rev_15
9903.45.02,2020-02-07,2021-02-07,0.4,NA,"If entered during the period from February 7, 2020 through February 7, 2021....................................................40%",2026_rev_15
9903.45.02,2021-02-08,2022-02-07,0.35,NA,"If entered during the period from February 8, 2021 through February 7, 2022 ................................................................................35%",2026_rev_15
9903.45.02,2022-02-08,2023-02-07,0.3,NA,"If entered during the period from February 8, 2022 through February 7, 2023 ................................................................................30%",2026_rev_15
9903.45.06,2018-02-07,2019-02-06,0.5,NA,"If entered during the period from February 7, 2018 through February 6, 2019....................................................50%",2026_rev_15
9903.45.06,2019-02-07,2020-02-06,0.45,NA,"If entered during the period from February 7, 2019 through February 6, 2020....................................................45%",2026_rev_15
9903.45.06,2020-02-07,2021-02-07,0.4,NA,"If entered during the period from February 7, 2020 through February 7, 2021....................................................40%",2026_rev_15
9903.45.06,2021-02-08,2022-02-07,0.35,NA,"If entered during the period from February 8, 2021 through February 7, 2022 ................................................................................35%",2026_rev_15
9903.45.06,2022-02-08,2023-02-07,0.3,NA,"If entered during the period from February 8, 2022 through February 7, 2023 ................................................................................30%",2026_rev_15
9903.45.22,2018-02-07,2019-02-06,0.3,NA,"If entered during the period from February 7, 2018 through February 6, 2019....................................................30%",2026_rev_15
9903.45.22,2019-02-07,2020-02-06,0.25,NA,"If entered during the period from February 7, 2019 through February 6, 2020....................................................25%",2026_rev_15
9903.45.22,2020-02-07,2021-02-06,0.2,NA,"If entered during the period from February 7, 2020 through February 6, 2021 ...................................................20%",2026_rev_15
9903.45.22,2021-02-07,2022-02-06,0.18,NA,"If entered during the period from February 7, 2021 through February 6, 2022 ...................................................18%",2026_rev_15
9903.45.22,2022-02-07,2023-02-06,0.1475,NA,"If entered during the period from February 7, 2022 through February 6, 2023 ...................................................14.75%",2026_rev_15
9903.45.22,2023-02-07,2024-02-06,0.145,NA,"If entered during the period from February 7, 2023 through February 6, 2024 ...................................................14.5%",2026_rev_15
9903.45.22,2024-02-07,2025-02-06,0.1425,NA,"If entered during the period from February 7, 2024 through February 6, 2025 ...................................................14.25%",2026_rev_15
9903.45.22,2025-02-07,2026-02-06,0.14,NA,"If entered during the period from February 7, 2025 through February 6, 2026 ...................................................14%",2026_rev_15
9903.45.25,2018-02-07,2019-02-06,0.3,NA,"If entered during the period from February 7, 2018 through February 6, 2019....................................................30%",2026_rev_15
9903.45.25,2019-02-07,2020-02-06,0.25,NA,"If entered during the period from February 7, 2019 through February 6, 2020....................................................25%",2026_rev_15
9903.45.25,2020-02-07,2021-02-06,0.2,NA,"If entered during the period from February 7, 2020 through February 6, 2021 ...................................................20%",2026_rev_15
9903.45.25,2021-02-07,2022-02-06,0.18,NA,"If entered during the period from February 7, 2021 through February 6, 2022 ...................................................18%",2026_rev_15
9903.45.25,2022-02-07,2023-02-06,0.1475,NA,"If entered during the period from February 7, 2022 through February 6, 2023....................................................14.75%",2026_rev_15
9903.45.25,2023-02-07,2024-02-06,0.145,NA,"If entered during the period from February 7, 2023 through February 6, 2024....................................................14.5%",2026_rev_15
9903.45.25,2024-02-07,2025-02-06,0.1425,NA,"If entered during the period from February 7, 2024 through February 6, 2025....................................................14.25%",2026_rev_15
9903.45.25,2025-02-07,2026-02-06,0.14,NA,"If entered during the period from February 7, 2025 through February 6, 2026....................................................14%",2026_rev_15
9903.45.01,2018-02-07,2019-02-06,0.2,NA,"If entered during the period from February 7, 2018 through February 6, 2019....................................................20%",2026_rev_16
9903.45.01,2019-02-07,2020-02-06,0.18,NA,"If entered during the period from February 7, 2019 through February 6, 2020 ...................................................18%",2026_rev_16
9903.45.01,2020-02-07,2021-02-07,0.16,NA,"If entered during the period from February 7, 2020 through February 7, 2021....................................................16%",2026_rev_16
9903.45.01,2021-02-08,2022-02-07,0.15,NA,"If entered during the period from February 8, 2021 through February 7, 2022 ................................................................................15%",2026_rev_16
9903.45.01,2022-02-08,2023-02-07,0.14,NA,"If entered during the period from February 8, 2022 through February 7, 2023 ................................................................................14%",2026_rev_16
9903.45.02,2018-02-07,2019-02-06,0.5,NA,"If entered during the period from February 7, 2018 through February 6, 2019....................................................50%",2026_rev_16
9903.45.02,2019-02-07,2020-02-06,0.45,NA,"If entered during the period from February 7, 2019 through February 6, 2020....................................................45%",2026_rev_16
9903.45.02,2020-02-07,2021-02-07,0.4,NA,"If entered during the period from February 7, 2020 through February 7, 2021....................................................40%",2026_rev_16
9903.45.02,2021-02-08,2022-02-07,0.35,NA,"If entered during the period from February 8, 2021 through February 7, 2022 ................................................................................35%",2026_rev_16
9903.45.02,2022-02-08,2023-02-07,0.3,NA,"If entered during the period from February 8, 2022 through February 7, 2023 ................................................................................30%",2026_rev_16
9903.45.06,2018-02-07,2019-02-06,0.5,NA,"If entered during the period from February 7, 2018 through February 6, 2019....................................................50%",2026_rev_16
9903.45.06,2019-02-07,2020-02-06,0.45,NA,"If entered during the period from February 7, 2019 through February 6, 2020....................................................45%",2026_rev_16
9903.45.06,2020-02-07,2021-02-07,0.4,NA,"If entered during the period from February 7, 2020 through February 7, 2021....................................................40%",2026_rev_16
9903.45.06,2021-02-08,2022-02-07,0.35,NA,"If entered during the period from February 8, 2021 through February 7, 2022 ................................................................................35%",2026_rev_16
9903.45.06,2022-02-08,2023-02-07,0.3,NA,"If entered during the period from February 8, 2022 through February 7, 2023 ................................................................................30%",2026_rev_16
9903.45.22,2018-02-07,2019-02-06,0.3,NA,"If entered during the period from February 7, 2018 through February 6, 2019....................................................30%",2026_rev_16
9903.45.22,2019-02-07,2020-02-06,0.25,NA,"If entered during the period from February 7, 2019 through February 6, 2020....................................................25%",2026_rev_16
9903.45.22,2020-02-07,2021-02-06,0.2,NA,"If entered during the period from February 7, 2020 through February 6, 2021 ...................................................20%",2026_rev_16
9903.45.22,2021-02-07,2022-02-06,0.18,NA,"If entered during the period from February 7, 2021 through February 6, 2022 ...................................................18%",2026_rev_16
9903.45.22,2022-02-07,2023-02-06,0.1475,NA,"If entered during the period from February 7, 2022 through February 6, 2023 ...................................................14.75%",2026_rev_16
9903.45.22,2023-02-07,2024-02-06,0.145,NA,"If entered during the period from February 7, 2023 through February 6, 2024 ...................................................14.5%",2026_rev_16
9903.45.22,2024-02-07,2025-02-06,0.1425,NA,"If entered during the period from February 7, 2024 through February 6, 2025 ...................................................14.25%",2026_rev_16
9903.45.22,2025-02-07,2026-02-06,0.14,NA,"If entered during the period from February 7, 2025 through February 6, 2026 ...................................................14%",2026_rev_16
9903.45.25,2018-02-07,2019-02-06,0.3,NA,"If entered during the period from February 7, 2018 through February 6, 2019....................................................30%",2026_rev_16
9903.45.25,2019-02-07,2020-02-06,0.25,NA,"If entered during the period from February 7, 2019 through February 6, 2020....................................................25%",2026_rev_16
9903.45.25,2020-02-07,2021-02-06,0.2,NA,"If entered during the period from February 7, 2020 through February 6, 2021 ...................................................20%",2026_rev_16
9903.45.25,2021-02-07,2022-02-06,0.18,NA,"If entered during the period from February 7, 2021 through February 6, 2022 ...................................................18%",2026_rev_16
9903.45.25,2022-02-07,2023-02-06,0.1475,NA,"If entered during the period from February 7, 2022 through February 6, 2023....................................................14.75%",2026_rev_16
9903.45.25,2023-02-07,2024-02-06,0.145,NA,"If entered during the period from February 7, 2023 through February 6, 2024....................................................14.5%",2026_rev_16
9903.45.25,2024-02-07,2025-02-06,0.1425,NA,"If entered during the period from February 7, 2024 through February 6, 2025....................................................14.25%",2026_rev_16
9903.45.25,2025-02-07,2026-02-06,0.14,NA,"If entered during the period from February 7, 2025 through February 6, 2026....................................................14%",2026_rev_16
9903.45.01,2018-02-07,2019-02-06,0.2,NA,"If entered during the period from February 7, 2018 through February 6, 2019....................................................20%",2026_rev_2
9903.45.01,2019-02-07,2020-02-06,0.18,NA,"If entered during the period from February 7, 2019 through February 6, 2020 ...................................................18%",2026_rev_2
9903.45.01,2020-02-07,2021-02-07,0.16,NA,"If entered during the period from February 7, 2020 through February 7, 2021....................................................16%",2026_rev_2
9903.45.01,2021-02-08,2022-02-07,0.15,NA,"If entered during the period from February 8, 2021 through February 7, 2022 ................................................................................15%",2026_rev_2
9903.45.01,2022-02-08,2023-02-07,0.14,NA,"If entered during the period from February 8, 2022 through February 7, 2023 ................................................................................14%",2026_rev_2
9903.45.02,2018-02-07,2019-02-06,0.5,NA,"If entered during the period from February 7, 2018 through February 6, 2019....................................................50%",2026_rev_2
9903.45.02,2019-02-07,2020-02-06,0.45,NA,"If entered during the period from February 7, 2019 through February 6, 2020....................................................45%",2026_rev_2
9903.45.02,2020-02-07,2021-02-07,0.4,NA,"If entered during the period from February 7, 2020 through February 7, 2021....................................................40%",2026_rev_2
9903.45.02,2021-02-08,2022-02-07,0.35,NA,"If entered during the period from February 8, 2021 through February 7, 2022 ................................................................................35%",2026_rev_2
9903.45.02,2022-02-08,2023-02-07,0.3,NA,"If entered during the period from February 8, 2022 through February 7, 2023 ................................................................................30%",2026_rev_2
9903.45.06,2018-02-07,2019-02-06,0.5,NA,"If entered during the period from February 7, 2018 through February 6, 2019....................................................50%",2026_rev_2
9903.45.06,2019-02-07,2020-02-06,0.45,NA,"If entered during the period from February 7, 2019 through February 6, 2020....................................................45%",2026_rev_2
9903.45.06,2020-02-07,2021-02-07,0.4,NA,"If entered during the period from February 7, 2020 through February 7, 2021....................................................40%",2026_rev_2
9903.45.06,2021-02-08,2022-02-07,0.35,NA,"If entered during the period from February 8, 2021 through February 7, 2022 ................................................................................35%",2026_rev_2
9903.45.06,2022-02-08,2023-02-07,0.3,NA,"If entered during the period from February 8, 2022 through February 7, 2023 ................................................................................30%",2026_rev_2
9903.45.22,2018-02-07,2019-02-06,0.3,NA,"If entered during the period from February 7, 2018 through February 6, 2019....................................................30%",2026_rev_2
9903.45.22,2019-02-07,2020-02-06,0.25,NA,"If entered during the period from February 7, 2019 through February 6, 2020....................................................25%",2026_rev_2
9903.45.22,2020-02-07,2021-02-06,0.2,NA,"If entered during the period from February 7, 2020 through February 6, 2021 ...................................................20%",2026_rev_2
9903.45.22,2021-02-07,2022-02-06,0.18,NA,"If entered during the period from February 7, 2021 through February 6, 2022 ...................................................18%",2026_rev_2
9903.45.22,2022-02-07,2023-02-06,0.1475,NA,"If entered during the period from February 7, 2022 through February 6, 2023 ...................................................14.75%",2026_rev_2
9903.45.22,2023-02-07,2024-02-06,0.145,NA,"If entered during the period from February 7, 2023 through February 6, 2024 ...................................................14.5%",2026_rev_2
9903.45.22,2024-02-07,2025-02-06,0.1425,NA,"If entered during the period from February 7, 2024 through February 6, 2025 ...................................................14.25%",2026_rev_2
9903.45.22,2025-02-07,2026-02-06,0.14,NA,"If entered during the period from February 7, 2025 through February 6, 2026 ...................................................14%",2026_rev_2
9903.45.25,2018-02-07,2019-02-06,0.3,NA,"If entered during the period from February 7, 2018 through February 6, 2019....................................................30%",2026_rev_2
9903.45.25,2019-02-07,2020-02-06,0.25,NA,"If entered during the period from February 7, 2019 through February 6, 2020....................................................25%",2026_rev_2
9903.45.25,2020-02-07,2021-02-06,0.2,NA,"If entered during the period from February 7, 2020 through February 6, 2021 ...................................................20%",2026_rev_2
9903.45.25,2021-02-07,2022-02-06,0.18,NA,"If entered during the period from February 7, 2021 through February 6, 2022 ...................................................18%",2026_rev_2
9903.45.25,2022-02-07,2023-02-06,0.1475,NA,"If entered during the period from February 7, 2022 through February 6, 2023....................................................14.75%",2026_rev_2
9903.45.25,2023-02-07,2024-02-06,0.145,NA,"If entered during the period from February 7, 2023 through February 6, 2024....................................................14.5%",2026_rev_2
9903.45.25,2024-02-07,2025-02-06,0.1425,NA,"If entered during the period from February 7, 2024 through February 6, 2025....................................................14.25%",2026_rev_2
9903.45.25,2025-02-07,2026-02-06,0.14,NA,"If entered during the period from February 7, 2025 through February 6, 2026....................................................14%",2026_rev_2
9903.45.01,2018-02-07,2019-02-06,0.2,NA,"If entered during the period from February 7, 2018 through February 6, 2019....................................................20%",2026_rev_3
9903.45.01,2019-02-07,2020-02-06,0.18,NA,"If entered during the period from February 7, 2019 through February 6, 2020 ...................................................18%",2026_rev_3
9903.45.01,2020-02-07,2021-02-07,0.16,NA,"If entered during the period from February 7, 2020 through February 7, 2021....................................................16%",2026_rev_3
9903.45.01,2021-02-08,2022-02-07,0.15,NA,"If entered during the period from February 8, 2021 through February 7, 2022 ................................................................................15%",2026_rev_3
9903.45.01,2022-02-08,2023-02-07,0.14,NA,"If entered during the period from February 8, 2022 through February 7, 2023 ................................................................................14%",2026_rev_3
9903.45.02,2018-02-07,2019-02-06,0.5,NA,"If entered during the period from February 7, 2018 through February 6, 2019....................................................50%",2026_rev_3
9903.45.02,2019-02-07,2020-02-06,0.45,NA,"If entered during the period from February 7, 2019 through February 6, 2020....................................................45%",2026_rev_3
9903.45.02,2020-02-07,2021-02-07,0.4,NA,"If entered during the period from February 7, 2020 through February 7, 2021....................................................40%",2026_rev_3
9903.45.02,2021-02-08,2022-02-07,0.35,NA,"If entered during the period from February 8, 2021 through February 7, 2022 ................................................................................35%",2026_rev_3
9903.45.02,2022-02-08,2023-02-07,0.3,NA,"If entered during the period from February 8, 2022 through February 7, 2023 ................................................................................30%",2026_rev_3
9903.45.06,2018-02-07,2019-02-06,0.5,NA,"If entered during the period from February 7, 2018 through February 6, 2019....................................................50%",2026_rev_3
9903.45.06,2019-02-07,2020-02-06,0.45,NA,"If entered during the period from February 7, 2019 through February 6, 2020....................................................45%",2026_rev_3
9903.45.06,2020-02-07,2021-02-07,0.4,NA,"If entered during the period from February 7, 2020 through February 7, 2021....................................................40%",2026_rev_3
9903.45.06,2021-02-08,2022-02-07,0.35,NA,"If entered during the period from February 8, 2021 through February 7, 2022 ................................................................................35%",2026_rev_3
9903.45.06,2022-02-08,2023-02-07,0.3,NA,"If entered during the period from February 8, 2022 through February 7, 2023 ................................................................................30%",2026_rev_3
9903.45.22,2018-02-07,2019-02-06,0.3,NA,"If entered during the period from February 7, 2018 through February 6, 2019....................................................30%",2026_rev_3
9903.45.22,2019-02-07,2020-02-06,0.25,NA,"If entered during the period from February 7, 2019 through February 6, 2020....................................................25%",2026_rev_3
9903.45.22,2020-02-07,2021-02-06,0.2,NA,"If entered during the period from February 7, 2020 through February 6, 2021 ...................................................20%",2026_rev_3
9903.45.22,2021-02-07,2022-02-06,0.18,NA,"If entered during the period from February 7, 2021 through February 6, 2022 ...................................................18%",2026_rev_3
9903.45.22,2022-02-07,2023-02-06,0.1475,NA,"If entered during the period from February 7, 2022 through February 6, 2023 ...................................................14.75%",2026_rev_3
9903.45.22,2023-02-07,2024-02-06,0.145,NA,"If entered during the period from February 7, 2023 through February 6, 2024 ...................................................14.5%",2026_rev_3
9903.45.22,2024-02-07,2025-02-06,0.1425,NA,"If entered during the period from February 7, 2024 through February 6, 2025 ...................................................14.25%",2026_rev_3
9903.45.22,2025-02-07,2026-02-06,0.14,NA,"If entered during the period from February 7, 2025 through February 6, 2026 ...................................................14%",2026_rev_3
9903.45.25,2018-02-07,2019-02-06,0.3,NA,"If entered during the period from February 7, 2018 through February 6, 2019....................................................30%",2026_rev_3
9903.45.25,2019-02-07,2020-02-06,0.25,NA,"If entered during the period from February 7, 2019 through February 6, 2020....................................................25%",2026_rev_3
9903.45.25,2020-02-07,2021-02-06,0.2,NA,"If entered during the period from February 7, 2020 through February 6, 2021 ...................................................20%",2026_rev_3
9903.45.25,2021-02-07,2022-02-06,0.18,NA,"If entered during the period from February 7, 2021 through February 6, 2022 ...................................................18%",2026_rev_3
9903.45.25,2022-02-07,2023-02-06,0.1475,NA,"If entered during the period from February 7, 2022 through February 6, 2023....................................................14.75%",2026_rev_3
9903.45.25,2023-02-07,2024-02-06,0.145,NA,"If entered during the period from February 7, 2023 through February 6, 2024....................................................14.5%",2026_rev_3
9903.45.25,2024-02-07,2025-02-06,0.1425,NA,"If entered during the period from February 7, 2024 through February 6, 2025....................................................14.25%",2026_rev_3
9903.45.25,2025-02-07,2026-02-06,0.14,NA,"If entered during the period from February 7, 2025 through February 6, 2026....................................................14%",2026_rev_3
9903.45.01,2018-02-07,2019-02-06,0.2,NA,"If entered during the period from February 7, 2018 through February 6, 2019....................................................20%",2026_rev_4
9903.45.01,2019-02-07,2020-02-06,0.18,NA,"If entered during the period from February 7, 2019 through February 6, 2020 ...................................................18%",2026_rev_4
9903.45.01,2020-02-07,2021-02-07,0.16,NA,"If entered during the period from February 7, 2020 through February 7, 2021....................................................16%",2026_rev_4
9903.45.01,2021-02-08,2022-02-07,0.15,NA,"If entered during the period from February 8, 2021 through February 7, 2022 ................................................................................15%",2026_rev_4
9903.45.01,2022-02-08,2023-02-07,0.14,NA,"If entered during the period from February 8, 2022 through February 7, 2023 ................................................................................14%",2026_rev_4
9903.45.02,2018-02-07,2019-02-06,0.5,NA,"If entered during the period from February 7, 2018 through February 6, 2019....................................................50%",2026_rev_4
9903.45.02,2019-02-07,2020-02-06,0.45,NA,"If entered during the period from February 7, 2019 through February 6, 2020....................................................45%",2026_rev_4
9903.45.02,2020-02-07,2021-02-07,0.4,NA,"If entered during the period from February 7, 2020 through February 7, 2021....................................................40%",2026_rev_4
9903.45.02,2021-02-08,2022-02-07,0.35,NA,"If entered during the period from February 8, 2021 through February 7, 2022 ................................................................................35%",2026_rev_4
9903.45.02,2022-02-08,2023-02-07,0.3,NA,"If entered during the period from February 8, 2022 through February 7, 2023 ................................................................................30%",2026_rev_4
9903.45.06,2018-02-07,2019-02-06,0.5,NA,"If entered during the period from February 7, 2018 through February 6, 2019....................................................50%",2026_rev_4
9903.45.06,2019-02-07,2020-02-06,0.45,NA,"If entered during the period from February 7, 2019 through February 6, 2020....................................................45%",2026_rev_4
9903.45.06,2020-02-07,2021-02-07,0.4,NA,"If entered during the period from February 7, 2020 through February 7, 2021....................................................40%",2026_rev_4
9903.45.06,2021-02-08,2022-02-07,0.35,NA,"If entered during the period from February 8, 2021 through February 7, 2022 ................................................................................35%",2026_rev_4
9903.45.06,2022-02-08,2023-02-07,0.3,NA,"If entered during the period from February 8, 2022 through February 7, 2023 ................................................................................30%",2026_rev_4
9903.45.22,2018-02-07,2019-02-06,0.3,NA,"If entered during the period from February 7, 2018 through February 6, 2019....................................................30%",2026_rev_4
9903.45.22,2019-02-07,2020-02-06,0.25,NA,"If entered during the period from February 7, 2019 through February 6, 2020....................................................25%",2026_rev_4
9903.45.22,2020-02-07,2021-02-06,0.2,NA,"If entered during the period from February 7, 2020 through February 6, 2021 ...................................................20%",2026_rev_4
9903.45.22,2021-02-07,2022-02-06,0.18,NA,"If entered during the period from February 7, 2021 through February 6, 2022 ...................................................18%",2026_rev_4
9903.45.22,2022-02-07,2023-02-06,0.1475,NA,"If entered during the period from February 7, 2022 through February 6, 2023 ...................................................14.75%",2026_rev_4
9903.45.22,2023-02-07,2024-02-06,0.145,NA,"If entered during the period from February 7, 2023 through February 6, 2024 ...................................................14.5%",2026_rev_4
9903.45.22,2024-02-07,2025-02-06,0.1425,NA,"If entered during the period from February 7, 2024 through February 6, 2025 ...................................................14.25%",2026_rev_4
9903.45.22,2025-02-07,2026-02-06,0.14,NA,"If entered during the period from February 7, 2025 through February 6, 2026 ...................................................14%",2026_rev_4
9903.45.25,2018-02-07,2019-02-06,0.3,NA,"If entered during the period from February 7, 2018 through February 6, 2019....................................................30%",2026_rev_4
9903.45.25,2019-02-07,2020-02-06,0.25,NA,"If entered during the period from February 7, 2019 through February 6, 2020....................................................25%",2026_rev_4
9903.45.25,2020-02-07,2021-02-06,0.2,NA,"If entered during the period from February 7, 2020 through February 6, 2021 ...................................................20%",2026_rev_4
9903.45.25,2021-02-07,2022-02-06,0.18,NA,"If entered during the period from February 7, 2021 through February 6, 2022 ...................................................18%",2026_rev_4
9903.45.25,2022-02-07,2023-02-06,0.1475,NA,"If entered during the period from February 7, 2022 through February 6, 2023....................................................14.75%",2026_rev_4
9903.45.25,2023-02-07,2024-02-06,0.145,NA,"If entered during the period from February 7, 2023 through February 6, 2024....................................................14.5%",2026_rev_4
9903.45.25,2024-02-07,2025-02-06,0.1425,NA,"If entered during the period from February 7, 2024 through February 6, 2025....................................................14.25%",2026_rev_4
9903.45.25,2025-02-07,2026-02-06,0.14,NA,"If entered during the period from February 7, 2025 through February 6, 2026....................................................14%",2026_rev_4
9903.45.01,2018-02-07,2019-02-06,0.2,NA,"If entered during the period from February 7, 2018 through February 6, 2019....................................................20%",2026_rev_5
9903.45.01,2019-02-07,2020-02-06,0.18,NA,"If entered during the period from February 7, 2019 through February 6, 2020 ...................................................18%",2026_rev_5
9903.45.01,2020-02-07,2021-02-07,0.16,NA,"If entered during the period from February 7, 2020 through February 7, 2021....................................................16%",2026_rev_5
9903.45.01,2021-02-08,2022-02-07,0.15,NA,"If entered during the period from February 8, 2021 through February 7, 2022 ................................................................................15%",2026_rev_5
9903.45.01,2022-02-08,2023-02-07,0.14,NA,"If entered during the period from February 8, 2022 through February 7, 2023 ................................................................................14%",2026_rev_5
9903.45.02,2018-02-07,2019-02-06,0.5,NA,"If entered during the period from February 7, 2018 through February 6, 2019....................................................50%",2026_rev_5
9903.45.02,2019-02-07,2020-02-06,0.45,NA,"If entered during the period from February 7, 2019 through February 6, 2020....................................................45%",2026_rev_5
9903.45.02,2020-02-07,2021-02-07,0.4,NA,"If entered during the period from February 7, 2020 through February 7, 2021....................................................40%",2026_rev_5
9903.45.02,2021-02-08,2022-02-07,0.35,NA,"If entered during the period from February 8, 2021 through February 7, 2022 ................................................................................35%",2026_rev_5
9903.45.02,2022-02-08,2023-02-07,0.3,NA,"If entered during the period from February 8, 2022 through February 7, 2023 ................................................................................30%",2026_rev_5
9903.45.06,2018-02-07,2019-02-06,0.5,NA,"If entered during the period from February 7, 2018 through February 6, 2019....................................................50%",2026_rev_5
9903.45.06,2019-02-07,2020-02-06,0.45,NA,"If entered during the period from February 7, 2019 through February 6, 2020....................................................45%",2026_rev_5
9903.45.06,2020-02-07,2021-02-07,0.4,NA,"If entered during the period from February 7, 2020 through February 7, 2021....................................................40%",2026_rev_5
9903.45.06,2021-02-08,2022-02-07,0.35,NA,"If entered during the period from February 8, 2021 through February 7, 2022 ................................................................................35%",2026_rev_5
9903.45.06,2022-02-08,2023-02-07,0.3,NA,"If entered during the period from February 8, 2022 through February 7, 2023 ................................................................................30%",2026_rev_5
9903.45.22,2018-02-07,2019-02-06,0.3,NA,"If entered during the period from February 7, 2018 through February 6, 2019....................................................30%",2026_rev_5
9903.45.22,2019-02-07,2020-02-06,0.25,NA,"If entered during the period from February 7, 2019 through February 6, 2020....................................................25%",2026_rev_5
9903.45.22,2020-02-07,2021-02-06,0.2,NA,"If entered during the period from February 7, 2020 through February 6, 2021 ...................................................20%",2026_rev_5
9903.45.22,2021-02-07,2022-02-06,0.18,NA,"If entered during the period from February 7, 2021 through February 6, 2022 ...................................................18%",2026_rev_5
9903.45.22,2022-02-07,2023-02-06,0.1475,NA,"If entered during the period from February 7, 2022 through February 6, 2023 ...................................................14.75%",2026_rev_5
9903.45.22,2023-02-07,2024-02-06,0.145,NA,"If entered during the period from February 7, 2023 through February 6, 2024 ...................................................14.5%",2026_rev_5
9903.45.22,2024-02-07,2025-02-06,0.1425,NA,"If entered during the period from February 7, 2024 through February 6, 2025 ...................................................14.25%",2026_rev_5
9903.45.22,2025-02-07,2026-02-06,0.14,NA,"If entered during the period from February 7, 2025 through February 6, 2026 ...................................................14%",2026_rev_5
9903.45.25,2018-02-07,2019-02-06,0.3,NA,"If entered during the period from February 7, 2018 through February 6, 2019....................................................30%",2026_rev_5
9903.45.25,2019-02-07,2020-02-06,0.25,NA,"If entered during the period from February 7, 2019 through February 6, 2020....................................................25%",2026_rev_5
9903.45.25,2020-02-07,2021-02-06,0.2,NA,"If entered during the period from February 7, 2020 through February 6, 2021 ...................................................20%",2026_rev_5
9903.45.25,2021-02-07,2022-02-06,0.18,NA,"If entered during the period from February 7, 2021 through February 6, 2022 ...................................................18%",2026_rev_5
9903.45.25,2022-02-07,2023-02-06,0.1475,NA,"If entered during the period from February 7, 2022 through February 6, 2023....................................................14.75%",2026_rev_5
9903.45.25,2023-02-07,2024-02-06,0.145,NA,"If entered during the period from February 7, 2023 through February 6, 2024....................................................14.5%",2026_rev_5
9903.45.25,2024-02-07,2025-02-06,0.1425,NA,"If entered during the period from February 7, 2024 through February 6, 2025....................................................14.25%",2026_rev_5
9903.45.25,2025-02-07,2026-02-06,0.14,NA,"If entered during the period from February 7, 2025 through February 6, 2026....................................................14%",2026_rev_5
9903.45.01,2018-02-07,2019-02-06,0.2,NA,"If entered during the period from February 7, 2018 through February 6, 2019....................................................20%",2026_rev_6
9903.45.01,2019-02-07,2020-02-06,0.18,NA,"If entered during the period from February 7, 2019 through February 6, 2020 ...................................................18%",2026_rev_6
9903.45.01,2020-02-07,2021-02-07,0.16,NA,"If entered during the period from February 7, 2020 through February 7, 2021....................................................16%",2026_rev_6
9903.45.01,2021-02-08,2022-02-07,0.15,NA,"If entered during the period from February 8, 2021 through February 7, 2022 ................................................................................15%",2026_rev_6
9903.45.01,2022-02-08,2023-02-07,0.14,NA,"If entered during the period from February 8, 2022 through February 7, 2023 ................................................................................14%",2026_rev_6
9903.45.02,2018-02-07,2019-02-06,0.5,NA,"If entered during the period from February 7, 2018 through February 6, 2019....................................................50%",2026_rev_6
9903.45.02,2019-02-07,2020-02-06,0.45,NA,"If entered during the period from February 7, 2019 through February 6, 2020....................................................45%",2026_rev_6
9903.45.02,2020-02-07,2021-02-07,0.4,NA,"If entered during the period from February 7, 2020 through February 7, 2021....................................................40%",2026_rev_6
9903.45.02,2021-02-08,2022-02-07,0.35,NA,"If entered during the period from February 8, 2021 through February 7, 2022 ................................................................................35%",2026_rev_6
9903.45.02,2022-02-08,2023-02-07,0.3,NA,"If entered during the period from February 8, 2022 through February 7, 2023 ................................................................................30%",2026_rev_6
9903.45.06,2018-02-07,2019-02-06,0.5,NA,"If entered during the period from February 7, 2018 through February 6, 2019....................................................50%",2026_rev_6
9903.45.06,2019-02-07,2020-02-06,0.45,NA,"If entered during the period from February 7, 2019 through February 6, 2020....................................................45%",2026_rev_6
9903.45.06,2020-02-07,2021-02-07,0.4,NA,"If entered during the period from February 7, 2020 through February 7, 2021....................................................40%",2026_rev_6
9903.45.06,2021-02-08,2022-02-07,0.35,NA,"If entered during the period from February 8, 2021 through February 7, 2022 ................................................................................35%",2026_rev_6
9903.45.06,2022-02-08,2023-02-07,0.3,NA,"If entered during the period from February 8, 2022 through February 7, 2023 ................................................................................30%",2026_rev_6
9903.45.22,2018-02-07,2019-02-06,0.3,NA,"If entered during the period from February 7, 2018 through February 6, 2019....................................................30%",2026_rev_6
9903.45.22,2019-02-07,2020-02-06,0.25,NA,"If entered during the period from February 7, 2019 through February 6, 2020....................................................25%",2026_rev_6
9903.45.22,2020-02-07,2021-02-06,0.2,NA,"If entered during the period from February 7, 2020 through February 6, 2021 ...................................................20%",2026_rev_6
9903.45.22,2021-02-07,2022-02-06,0.18,NA,"If entered during the period from February 7, 2021 through February 6, 2022 ...................................................18%",2026_rev_6
9903.45.22,2022-02-07,2023-02-06,0.1475,NA,"If entered during the period from February 7, 2022 through February 6, 2023 ...................................................14.75%",2026_rev_6
9903.45.22,2023-02-07,2024-02-06,0.145,NA,"If entered during the period from February 7, 2023 through February 6, 2024 ...................................................14.5%",2026_rev_6
9903.45.22,2024-02-07,2025-02-06,0.1425,NA,"If entered during the period from February 7, 2024 through February 6, 2025 ...................................................14.25%",2026_rev_6
9903.45.22,2025-02-07,2026-02-06,0.14,NA,"If entered during the period from February 7, 2025 through February 6, 2026 ...................................................14%",2026_rev_6
9903.45.25,2018-02-07,2019-02-06,0.3,NA,"If entered during the period from February 7, 2018 through February 6, 2019....................................................30%",2026_rev_6
9903.45.25,2019-02-07,2020-02-06,0.25,NA,"If entered during the period from February 7, 2019 through February 6, 2020....................................................25%",2026_rev_6
9903.45.25,2020-02-07,2021-02-06,0.2,NA,"If entered during the period from February 7, 2020 through February 6, 2021 ...................................................20%",2026_rev_6
9903.45.25,2021-02-07,2022-02-06,0.18,NA,"If entered during the period from February 7, 2021 through February 6, 2022 ...................................................18%",2026_rev_6
9903.45.25,2022-02-07,2023-02-06,0.1475,NA,"If entered during the period from February 7, 2022 through February 6, 2023....................................................14.75%",2026_rev_6
9903.45.25,2023-02-07,2024-02-06,0.145,NA,"If entered during the period from February 7, 2023 through February 6, 2024....................................................14.5%",2026_rev_6
9903.45.25,2024-02-07,2025-02-06,0.1425,NA,"If entered during the period from February 7, 2024 through February 6, 2025....................................................14.25%",2026_rev_6
9903.45.25,2025-02-07,2026-02-06,0.14,NA,"If entered during the period from February 7, 2025 through February 6, 2026....................................................14%",2026_rev_6
9903.45.01,2018-02-07,2019-02-06,0.2,NA,"If entered during the period from February 7, 2018 through February 6, 2019....................................................20%",2026_rev_7
9903.45.01,2019-02-07,2020-02-06,0.18,NA,"If entered during the period from February 7, 2019 through February 6, 2020 ...................................................18%",2026_rev_7
9903.45.01,2020-02-07,2021-02-07,0.16,NA,"If entered during the period from February 7, 2020 through February 7, 2021....................................................16%",2026_rev_7
9903.45.01,2021-02-08,2022-02-07,0.15,NA,"If entered during the period from February 8, 2021 through February 7, 2022 ................................................................................15%",2026_rev_7
9903.45.01,2022-02-08,2023-02-07,0.14,NA,"If entered during the period from February 8, 2022 through February 7, 2023 ................................................................................14%",2026_rev_7
9903.45.02,2018-02-07,2019-02-06,0.5,NA,"If entered during the period from February 7, 2018 through February 6, 2019....................................................50%",2026_rev_7
9903.45.02,2019-02-07,2020-02-06,0.45,NA,"If entered during the period from February 7, 2019 through February 6, 2020....................................................45%",2026_rev_7
9903.45.02,2020-02-07,2021-02-07,0.4,NA,"If entered during the period from February 7, 2020 through February 7, 2021....................................................40%",2026_rev_7
9903.45.02,2021-02-08,2022-02-07,0.35,NA,"If entered during the period from February 8, 2021 through February 7, 2022 ................................................................................35%",2026_rev_7
9903.45.02,2022-02-08,2023-02-07,0.3,NA,"If entered during the period from February 8, 2022 through February 7, 2023 ................................................................................30%",2026_rev_7
9903.45.06,2018-02-07,2019-02-06,0.5,NA,"If entered during the period from February 7, 2018 through February 6, 2019....................................................50%",2026_rev_7
9903.45.06,2019-02-07,2020-02-06,0.45,NA,"If entered during the period from February 7, 2019 through February 6, 2020....................................................45%",2026_rev_7
9903.45.06,2020-02-07,2021-02-07,0.4,NA,"If entered during the period from February 7, 2020 through February 7, 2021....................................................40%",2026_rev_7
9903.45.06,2021-02-08,2022-02-07,0.35,NA,"If entered during the period from February 8, 2021 through February 7, 2022 ................................................................................35%",2026_rev_7
9903.45.06,2022-02-08,2023-02-07,0.3,NA,"If entered during the period from February 8, 2022 through February 7, 2023 ................................................................................30%",2026_rev_7
9903.45.22,2018-02-07,2019-02-06,0.3,NA,"If entered during the period from February 7, 2018 through February 6, 2019....................................................30%",2026_rev_7
9903.45.22,2019-02-07,2020-02-06,0.25,NA,"If entered during the period from February 7, 2019 through February 6, 2020....................................................25%",2026_rev_7
9903.45.22,2020-02-07,2021-02-06,0.2,NA,"If entered during the period from February 7, 2020 through February 6, 2021 ...................................................20%",2026_rev_7
9903.45.22,2021-02-07,2022-02-06,0.18,NA,"If entered during the period from February 7, 2021 through February 6, 2022 ...................................................18%",2026_rev_7
9903.45.22,2022-02-07,2023-02-06,0.1475,NA,"If entered during the period from February 7, 2022 through February 6, 2023 ...................................................14.75%",2026_rev_7
9903.45.22,2023-02-07,2024-02-06,0.145,NA,"If entered during the period from February 7, 2023 through February 6, 2024 ...................................................14.5%",2026_rev_7
9903.45.22,2024-02-07,2025-02-06,0.1425,NA,"If entered during the period from February 7, 2024 through February 6, 2025 ...................................................14.25%",2026_rev_7
9903.45.22,2025-02-07,2026-02-06,0.14,NA,"If entered during the period from February 7, 2025 through February 6, 2026 ...................................................14%",2026_rev_7
9903.45.25,2018-02-07,2019-02-06,0.3,NA,"If entered during the period from February 7, 2018 through February 6, 2019....................................................30%",2026_rev_7
9903.45.25,2019-02-07,2020-02-06,0.25,NA,"If entered during the period from February 7, 2019 through February 6, 2020....................................................25%",2026_rev_7
9903.45.25,2020-02-07,2021-02-06,0.2,NA,"If entered during the period from February 7, 2020 through February 6, 2021 ...................................................20%",2026_rev_7
9903.45.25,2021-02-07,2022-02-06,0.18,NA,"If entered during the period from February 7, 2021 through February 6, 2022 ...................................................18%",2026_rev_7
9903.45.25,2022-02-07,2023-02-06,0.1475,NA,"If entered during the period from February 7, 2022 through February 6, 2023....................................................14.75%",2026_rev_7
9903.45.25,2023-02-07,2024-02-06,0.145,NA,"If entered during the period from February 7, 2023 through February 6, 2024....................................................14.5%",2026_rev_7
9903.45.25,2024-02-07,2025-02-06,0.1425,NA,"If entered during the period from February 7, 2024 through February 6, 2025....................................................14.25%",2026_rev_7
9903.45.25,2025-02-07,2026-02-06,0.14,NA,"If entered during the period from February 7, 2025 through February 6, 2026....................................................14%",2026_rev_7
9903.45.01,2018-02-07,2019-02-06,0.2,NA,"If entered during the period from February 7, 2018 through February 6, 2019....................................................20%",2026_rev_8
9903.45.01,2019-02-07,2020-02-06,0.18,NA,"If entered during the period from February 7, 2019 through February 6, 2020 ...................................................18%",2026_rev_8
9903.45.01,2020-02-07,2021-02-07,0.16,NA,"If entered during the period from February 7, 2020 through February 7, 2021....................................................16%",2026_rev_8
9903.45.01,2021-02-08,2022-02-07,0.15,NA,"If entered during the period from February 8, 2021 through February 7, 2022 ................................................................................15%",2026_rev_8
9903.45.01,2022-02-08,2023-02-07,0.14,NA,"If entered during the period from February 8, 2022 through February 7, 2023 ................................................................................14%",2026_rev_8
9903.45.02,2018-02-07,2019-02-06,0.5,NA,"If entered during the period from February 7, 2018 through February 6, 2019....................................................50%",2026_rev_8
9903.45.02,2019-02-07,2020-02-06,0.45,NA,"If entered during the period from February 7, 2019 through February 6, 2020....................................................45%",2026_rev_8
9903.45.02,2020-02-07,2021-02-07,0.4,NA,"If entered during the period from February 7, 2020 through February 7, 2021....................................................40%",2026_rev_8
9903.45.02,2021-02-08,2022-02-07,0.35,NA,"If entered during the period from February 8, 2021 through February 7, 2022 ................................................................................35%",2026_rev_8
9903.45.02,2022-02-08,2023-02-07,0.3,NA,"If entered during the period from February 8, 2022 through February 7, 2023 ................................................................................30%",2026_rev_8
9903.45.06,2018-02-07,2019-02-06,0.5,NA,"If entered during the period from February 7, 2018 through February 6, 2019....................................................50%",2026_rev_8
9903.45.06,2019-02-07,2020-02-06,0.45,NA,"If entered during the period from February 7, 2019 through February 6, 2020....................................................45%",2026_rev_8
9903.45.06,2020-02-07,2021-02-07,0.4,NA,"If entered during the period from February 7, 2020 through February 7, 2021....................................................40%",2026_rev_8
9903.45.06,2021-02-08,2022-02-07,0.35,NA,"If entered during the period from February 8, 2021 through February 7, 2022 ................................................................................35%",2026_rev_8
9903.45.06,2022-02-08,2023-02-07,0.3,NA,"If entered during the period from February 8, 2022 through February 7, 2023 ................................................................................30%",2026_rev_8
9903.45.22,2018-02-07,2019-02-06,0.3,NA,"If entered during the period from February 7, 2018 through February 6, 2019....................................................30%",2026_rev_8
9903.45.22,2019-02-07,2020-02-06,0.25,NA,"If entered during the period from February 7, 2019 through February 6, 2020....................................................25%",2026_rev_8
9903.45.22,2020-02-07,2021-02-06,0.2,NA,"If entered during the period from February 7, 2020 through February 6, 2021 ...................................................20%",2026_rev_8
9903.45.22,2021-02-07,2022-02-06,0.18,NA,"If entered during the period from February 7, 2021 through February 6, 2022 ...................................................18%",2026_rev_8
9903.45.22,2022-02-07,2023-02-06,0.1475,NA,"If entered during the period from February 7, 2022 through February 6, 2023 ...................................................14.75%",2026_rev_8
9903.45.22,2023-02-07,2024-02-06,0.145,NA,"If entered during the period from February 7, 2023 through February 6, 2024 ...................................................14.5%",2026_rev_8
9903.45.22,2024-02-07,2025-02-06,0.1425,NA,"If entered during the period from February 7, 2024 through February 6, 2025 ...................................................14.25%",2026_rev_8
9903.45.22,2025-02-07,2026-02-06,0.14,NA,"If entered during the period from February 7, 2025 through February 6, 2026 ...................................................14%",2026_rev_8
9903.45.25,2018-02-07,2019-02-06,0.3,NA,"If entered during the period from February 7, 2018 through February 6, 2019....................................................30%",2026_rev_8
9903.45.25,2019-02-07,2020-02-06,0.25,NA,"If entered during the period from February 7, 2019 through February 6, 2020....................................................25%",2026_rev_8
9903.45.25,2020-02-07,2021-02-06,0.2,NA,"If entered during the period from February 7, 2020 through February 6, 2021 ...................................................20%",2026_rev_8
9903.45.25,2021-02-07,2022-02-06,0.18,NA,"If entered during the period from February 7, 2021 through February 6, 2022 ...................................................18%",2026_rev_8
9903.45.25,2022-02-07,2023-02-06,0.1475,NA,"If entered during the period from February 7, 2022 through February 6, 2023....................................................14.75%",2026_rev_8
9903.45.25,2023-02-07,2024-02-06,0.145,NA,"If entered during the period from February 7, 2023 through February 6, 2024....................................................14.5%",2026_rev_8
9903.45.25,2024-02-07,2025-02-06,0.1425,NA,"If entered during the period from February 7, 2024 through February 6, 2025....................................................14.25%",2026_rev_8
9903.45.25,2025-02-07,2026-02-06,0.14,NA,"If entered during the period from February 7, 2025 through February 6, 2026....................................................14%",2026_rev_8
9903.45.01,2018-02-07,2019-02-06,0.2,NA,"If entered during the period from February 7, 2018 through February 6, 2019....................................................20%",2026_rev_9
9903.45.01,2019-02-07,2020-02-06,0.18,NA,"If entered during the period from February 7, 2019 through February 6, 2020 ...................................................18%",2026_rev_9
9903.45.01,2020-02-07,2021-02-07,0.16,NA,"If entered during the period from February 7, 2020 through February 7, 2021....................................................16%",2026_rev_9
9903.45.01,2021-02-08,2022-02-07,0.15,NA,"If entered during the period from February 8, 2021 through February 7, 2022 ................................................................................15%",2026_rev_9
9903.45.01,2022-02-08,2023-02-07,0.14,NA,"If entered during the period from February 8, 2022 through February 7, 2023 ................................................................................14%",2026_rev_9
9903.45.02,2018-02-07,2019-02-06,0.5,NA,"If entered during the period from February 7, 2018 through February 6, 2019....................................................50%",2026_rev_9
9903.45.02,2019-02-07,2020-02-06,0.45,NA,"If entered during the period from February 7, 2019 through February 6, 2020....................................................45%",2026_rev_9
9903.45.02,2020-02-07,2021-02-07,0.4,NA,"If entered during the period from February 7, 2020 through February 7, 2021....................................................40%",2026_rev_9
9903.45.02,2021-02-08,2022-02-07,0.35,NA,"If entered during the period from February 8, 2021 through February 7, 2022 ................................................................................35%",2026_rev_9
9903.45.02,2022-02-08,2023-02-07,0.3,NA,"If entered during the period from February 8, 2022 through February 7, 2023 ................................................................................30%",2026_rev_9
9903.45.06,2018-02-07,2019-02-06,0.5,NA,"If entered during the period from February 7, 2018 through February 6, 2019....................................................50%",2026_rev_9
9903.45.06,2019-02-07,2020-02-06,0.45,NA,"If entered during the period from February 7, 2019 through February 6, 2020....................................................45%",2026_rev_9
9903.45.06,2020-02-07,2021-02-07,0.4,NA,"If entered during the period from February 7, 2020 through February 7, 2021....................................................40%",2026_rev_9
9903.45.06,2021-02-08,2022-02-07,0.35,NA,"If entered during the period from February 8, 2021 through February 7, 2022 ................................................................................35%",2026_rev_9
9903.45.06,2022-02-08,2023-02-07,0.3,NA,"If entered during the period from February 8, 2022 through February 7, 2023 ................................................................................30%",2026_rev_9
9903.45.22,2018-02-07,2019-02-06,0.3,NA,"If entered during the period from February 7, 2018 through February 6, 2019....................................................30%",2026_rev_9
9903.45.22,2019-02-07,2020-02-06,0.25,NA,"If entered during the period from February 7, 2019 through February 6, 2020....................................................25%",2026_rev_9
9903.45.22,2020-02-07,2021-02-06,0.2,NA,"If entered during the period from February 7, 2020 through February 6, 2021 ...................................................20%",2026_rev_9
9903.45.22,2021-02-07,2022-02-06,0.18,NA,"If entered during the period from February 7, 2021 through February 6, 2022 ...................................................18%",2026_rev_9
9903.45.22,2022-02-07,2023-02-06,0.1475,NA,"If entered during the period from February 7, 2022 through February 6, 2023 ...................................................14.75%",2026_rev_9
9903.45.22,2023-02-07,2024-02-06,0.145,NA,"If entered during the period from February 7, 2023 through February 6, 2024 ...................................................14.5%",2026_rev_9
9903.45.22,2024-02-07,2025-02-06,0.1425,NA,"If entered during the period from February 7, 2024 through February 6, 2025 ...................................................14.25%",2026_rev_9
9903.45.22,2025-02-07,2026-02-06,0.14,NA,"If entered during the period from February 7, 2025 through February 6, 2026 ...................................................14%",2026_rev_9
9903.45.25,2018-02-07,2019-02-06,0.3,NA,"If entered during the period from February 7, 2018 through February 6, 2019....................................................30%",2026_rev_9
9903.45.25,2019-02-07,2020-02-06,0.25,NA,"If entered during the period from February 7, 2019 through February 6, 2020....................................................25%",2026_rev_9
9903.45.25,2020-02-07,2021-02-06,0.2,NA,"If entered during the period from February 7, 2020 through February 6, 2021 ...................................................20%",2026_rev_9
9903.45.25,2021-02-07,2022-02-06,0.18,NA,"If entered during the period from February 7, 2021 through February 6, 2022 ...................................................18%",2026_rev_9
9903.45.25,2022-02-07,2023-02-06,0.1475,NA,"If entered during the period from February 7, 2022 through February 6, 2023....................................................14.75%",2026_rev_9
9903.45.25,2023-02-07,2024-02-06,0.145,NA,"If entered during the period from February 7, 2023 through February 6, 2024....................................................14.5%",2026_rev_9
9903.45.25,2024-02-07,2025-02-06,0.1425,NA,"If entered during the period from February 7, 2024 through February 6, 2025....................................................14.25%",2026_rev_9
9903.45.25,2025-02-07,2026-02-06,0.14,NA,"If entered during the period from February 7, 2025 through February 6, 2026....................................................14%",2026_rev_9
9903.45.01,2018-02-07,2019-02-06,0.2,NA,"If entered during the period from February 7, 2018 through February 6, 2019....................................................20%",basic
9903.45.01,2019-02-07,2020-02-06,0.18,NA,"If entered during the period from February 7, 2019 through February 6, 2020 ...................................................18%",basic
9903.45.01,2020-02-07,2021-02-07,0.16,NA,"If entered during the period from February 7, 2020 through February 7, 2021....................................................16%",basic
9903.45.01,2021-02-08,2022-02-07,0.15,NA,"If entered during the period from February 8, 2021 through February 7, 2022 ................................................................................15%",basic
9903.45.01,2022-02-08,2023-02-07,0.14,NA,"If entered during the period from February 8, 2022 through February 7, 2023 ................................................................................14%",basic
9903.45.02,2018-02-07,2019-02-06,0.5,NA,"If entered during the period from February 7, 2018 through February 6, 2019....................................................50%",basic
9903.45.02,2019-02-07,2020-02-06,0.45,NA,"If entered during the period from February 7, 2019 through February 6, 2020....................................................45%",basic
9903.45.02,2020-02-07,2021-02-07,0.4,NA,"If entered during the period from February 7, 2020 through February 7, 2021....................................................40%",basic
9903.45.02,2021-02-08,2022-02-07,0.35,NA,"If entered during the period from February 8, 2021 through February 7, 2022 ................................................................................35%",basic
9903.45.02,2022-02-08,2023-02-07,0.3,NA,"If entered during the period from February 8, 2022 through February 7, 2023 ................................................................................30%",basic
9903.45.06,2018-02-07,2019-02-06,0.5,NA,"If entered during the period from February 7, 2018 through February 6, 2019....................................................50%",basic
9903.45.06,2019-02-07,2020-02-06,0.45,NA,"If entered during the period from February 7, 2019 through February 6, 2020....................................................45%",basic
9903.45.06,2020-02-07,2021-02-07,0.4,NA,"If entered during the period from February 7, 2020 through February 7, 2021....................................................40%",basic
9903.45.06,2021-02-08,2022-02-07,0.35,NA,"If entered during the period from February 8, 2021 through February 7, 2022 ................................................................................35%",basic
9903.45.06,2022-02-08,2023-02-07,0.3,NA,"If entered during the period from February 8, 2022 through February 7, 2023 ................................................................................30%",basic
9903.45.22,2018-02-07,2019-02-06,0.3,NA,"If entered during the period from February 7, 2018 through February 6, 2019....................................................30%",basic
9903.45.22,2019-02-07,2020-02-06,0.25,NA,"If entered during the period from February 7, 2019 through February 6, 2020....................................................25%",basic
9903.45.22,2020-02-07,2021-02-06,0.2,NA,"If entered during the period from February 7, 2020 through February 6, 2021 ...................................................20%",basic
9903.45.22,2021-02-07,2022-02-06,0.18,NA,"If entered during the period from February 7, 2021 through February 6, 2022 ...................................................18%",basic
9903.45.22,2022-02-07,2023-02-06,0.1475,NA,"If entered during the period from February 7, 2022 through February 6, 2023 ...................................................14.75%",basic
9903.45.22,2023-02-07,2024-02-06,0.145,NA,"If entered during the period from February 7, 2023 through February 6, 2024 ...................................................14.5%",basic
9903.45.22,2024-02-07,2025-02-06,0.1425,NA,"If entered during the period from February 7, 2024 through February 6, 2025 ...................................................14.25%",basic
9903.45.22,2025-02-07,2026-02-06,0.14,NA,"If entered during the period from February 7, 2025 through February 6, 2026 ...................................................14%",basic
9903.45.25,2018-02-07,2019-02-06,0.3,NA,"If entered during the period from February 7, 2018 through February 6, 2019....................................................30%",basic
9903.45.25,2019-02-07,2020-02-06,0.25,NA,"If entered during the period from February 7, 2019 through February 6, 2020....................................................25%",basic
9903.45.25,2020-02-07,2021-02-06,0.2,NA,"If entered during the period from February 7, 2020 through February 6, 2021 ...................................................20%",basic
9903.45.25,2021-02-07,2022-02-06,0.18,NA,"If entered during the period from February 7, 2021 through February 6, 2022 ...................................................18%",basic
9903.45.25,2022-02-07,2023-02-06,0.1475,NA,"If entered during the period from February 7, 2022 through February 6, 2023....................................................14.75%",basic
9903.45.25,2023-02-07,2024-02-06,0.145,NA,"If entered during the period from February 7, 2023 through February 6, 2024....................................................14.5%",basic
9903.45.25,2024-02-07,2025-02-06,0.1425,NA,"If entered during the period from February 7, 2024 through February 6, 2025....................................................14.25%",basic
9903.45.25,2025-02-07,2026-02-06,0.14,NA,"If entered during the period from February 7, 2025 through February 6, 2026....................................................14%",basic
9903.45.01,2018-02-07,2019-02-06,0.2,NA,"If entered during the period from February 7, 2018 through February 6, 2019....................................................20%",rev_1
9903.45.01,2019-02-07,2020-02-06,0.18,NA,"If entered during the period from February 7, 2019 through February 6, 2020 ...................................................18%",rev_1
9903.45.01,2020-02-07,2021-02-07,0.16,NA,"If entered during the period from February 7, 2020 through February 7, 2021....................................................16%",rev_1
9903.45.01,2021-02-08,2022-02-07,0.15,NA,"If entered during the period from February 8, 2021 through February 7, 2022 ................................................................................15%",rev_1
9903.45.01,2022-02-08,2023-02-07,0.14,NA,"If entered during the period from February 8, 2022 through February 7, 2023 ................................................................................14%",rev_1
9903.45.02,2018-02-07,2019-02-06,0.5,NA,"If entered during the period from February 7, 2018 through February 6, 2019....................................................50%",rev_1
9903.45.02,2019-02-07,2020-02-06,0.45,NA,"If entered during the period from February 7, 2019 through February 6, 2020....................................................45%",rev_1
9903.45.02,2020-02-07,2021-02-07,0.4,NA,"If entered during the period from February 7, 2020 through February 7, 2021....................................................40%",rev_1
9903.45.02,2021-02-08,2022-02-07,0.35,NA,"If entered during the period from February 8, 2021 through February 7, 2022 ................................................................................35%",rev_1
9903.45.02,2022-02-08,2023-02-07,0.3,NA,"If entered during the period from February 8, 2022 through February 7, 2023 ................................................................................30%",rev_1
9903.45.06,2018-02-07,2019-02-06,0.5,NA,"If entered during the period from February 7, 2018 through February 6, 2019....................................................50%",rev_1
9903.45.06,2019-02-07,2020-02-06,0.45,NA,"If entered during the period from February 7, 2019 through February 6, 2020....................................................45%",rev_1
9903.45.06,2020-02-07,2021-02-07,0.4,NA,"If entered during the period from February 7, 2020 through February 7, 2021....................................................40%",rev_1
9903.45.06,2021-02-08,2022-02-07,0.35,NA,"If entered during the period from February 8, 2021 through February 7, 2022 ................................................................................35%",rev_1
9903.45.06,2022-02-08,2023-02-07,0.3,NA,"If entered during the period from February 8, 2022 through February 7, 2023 ................................................................................30%",rev_1
9903.45.22,2018-02-07,2019-02-06,0.3,NA,"If entered during the period from February 7, 2018 through February 6, 2019....................................................30%",rev_1
9903.45.22,2019-02-07,2020-02-06,0.25,NA,"If entered during the period from February 7, 2019 through February 6, 2020....................................................25%",rev_1
9903.45.22,2020-02-07,2021-02-06,0.2,NA,"If entered during the period from February 7, 2020 through February 6, 2021 ...................................................20%",rev_1
9903.45.22,2021-02-07,2022-02-06,0.18,NA,"If entered during the period from February 7, 2021 through February 6, 2022 ...................................................18%",rev_1
9903.45.22,2022-02-07,2023-02-06,0.1475,NA,"If entered during the period from February 7, 2022 through February 6, 2023 ...................................................14.75%",rev_1
9903.45.22,2023-02-07,2024-02-06,0.145,NA,"If entered during the period from February 7, 2023 through February 6, 2024 ...................................................14.5%",rev_1
9903.45.22,2024-02-07,2025-02-06,0.1425,NA,"If entered during the period from February 7, 2024 through February 6, 2025 ...................................................14.25%",rev_1
9903.45.22,2025-02-07,2026-02-06,0.14,NA,"If entered during the period from February 7, 2025 through February 6, 2026 ...................................................14%",rev_1
9903.45.25,2018-02-07,2019-02-06,0.3,NA,"If entered during the period from February 7, 2018 through February 6, 2019....................................................30%",rev_1
9903.45.25,2019-02-07,2020-02-06,0.25,NA,"If entered during the period from February 7, 2019 through February 6, 2020....................................................25%",rev_1
9903.45.25,2020-02-07,2021-02-06,0.2,NA,"If entered during the period from February 7, 2020 through February 6, 2021 ...................................................20%",rev_1
9903.45.25,2021-02-07,2022-02-06,0.18,NA,"If entered during the period from February 7, 2021 through February 6, 2022 ...................................................18%",rev_1
9903.45.25,2022-02-07,2023-02-06,0.1475,NA,"If entered during the period from February 7, 2022 through February 6, 2023....................................................14.75%",rev_1
9903.45.25,2023-02-07,2024-02-06,0.145,NA,"If entered during the period from February 7, 2023 through February 6, 2024....................................................14.5%",rev_1
9903.45.25,2024-02-07,2025-02-06,0.1425,NA,"If entered during the period from February 7, 2024 through February 6, 2025....................................................14.25%",rev_1
9903.45.25,2025-02-07,2026-02-06,0.14,NA,"If entered during the period from February 7, 2025 through February 6, 2026....................................................14%",rev_1
9903.45.01,2018-02-07,2019-02-06,0.2,NA,"If entered during the period from February 7, 2018 through February 6, 2019....................................................20%",rev_10
9903.45.01,2019-02-07,2020-02-06,0.18,NA,"If entered during the period from February 7, 2019 through February 6, 2020 ...................................................18%",rev_10
9903.45.01,2020-02-07,2021-02-07,0.16,NA,"If entered during the period from February 7, 2020 through February 7, 2021....................................................16%",rev_10
9903.45.01,2021-02-08,2022-02-07,0.15,NA,"If entered during the period from February 8, 2021 through February 7, 2022 ................................................................................15%",rev_10
9903.45.01,2022-02-08,2023-02-07,0.14,NA,"If entered during the period from February 8, 2022 through February 7, 2023 ................................................................................14%",rev_10
9903.45.02,2018-02-07,2019-02-06,0.5,NA,"If entered during the period from February 7, 2018 through February 6, 2019....................................................50%",rev_10
9903.45.02,2019-02-07,2020-02-06,0.45,NA,"If entered during the period from February 7, 2019 through February 6, 2020....................................................45%",rev_10
9903.45.02,2020-02-07,2021-02-07,0.4,NA,"If entered during the period from February 7, 2020 through February 7, 2021....................................................40%",rev_10
9903.45.02,2021-02-08,2022-02-07,0.35,NA,"If entered during the period from February 8, 2021 through February 7, 2022 ................................................................................35%",rev_10
9903.45.02,2022-02-08,2023-02-07,0.3,NA,"If entered during the period from February 8, 2022 through February 7, 2023 ................................................................................30%",rev_10
9903.45.06,2018-02-07,2019-02-06,0.5,NA,"If entered during the period from February 7, 2018 through February 6, 2019....................................................50%",rev_10
9903.45.06,2019-02-07,2020-02-06,0.45,NA,"If entered during the period from February 7, 2019 through February 6, 2020....................................................45%",rev_10
9903.45.06,2020-02-07,2021-02-07,0.4,NA,"If entered during the period from February 7, 2020 through February 7, 2021....................................................40%",rev_10
9903.45.06,2021-02-08,2022-02-07,0.35,NA,"If entered during the period from February 8, 2021 through February 7, 2022 ................................................................................35%",rev_10
9903.45.06,2022-02-08,2023-02-07,0.3,NA,"If entered during the period from February 8, 2022 through February 7, 2023 ................................................................................30%",rev_10
9903.45.22,2018-02-07,2019-02-06,0.3,NA,"If entered during the period from February 7, 2018 through February 6, 2019....................................................30%",rev_10
9903.45.22,2019-02-07,2020-02-06,0.25,NA,"If entered during the period from February 7, 2019 through February 6, 2020....................................................25%",rev_10
9903.45.22,2020-02-07,2021-02-06,0.2,NA,"If entered during the period from February 7, 2020 through February 6, 2021 ...................................................20%",rev_10
9903.45.22,2021-02-07,2022-02-06,0.18,NA,"If entered during the period from February 7, 2021 through February 6, 2022 ...................................................18%",rev_10
9903.45.22,2022-02-07,2023-02-06,0.1475,NA,"If entered during the period from February 7, 2022 through February 6, 2023 ...................................................14.75%",rev_10
9903.45.22,2023-02-07,2024-02-06,0.145,NA,"If entered during the period from February 7, 2023 through February 6, 2024 ...................................................14.5%",rev_10
9903.45.22,2024-02-07,2025-02-06,0.1425,NA,"If entered during the period from February 7, 2024 through February 6, 2025 ...................................................14.25%",rev_10
9903.45.22,2025-02-07,2026-02-06,0.14,NA,"If entered during the period from February 7, 2025 through February 6, 2026 ...................................................14%",rev_10
9903.45.25,2018-02-07,2019-02-06,0.3,NA,"If entered during the period from February 7, 2018 through February 6, 2019....................................................30%",rev_10
9903.45.25,2019-02-07,2020-02-06,0.25,NA,"If entered during the period from February 7, 2019 through February 6, 2020....................................................25%",rev_10
9903.45.25,2020-02-07,2021-02-06,0.2,NA,"If entered during the period from February 7, 2020 through February 6, 2021 ...................................................20%",rev_10
9903.45.25,2021-02-07,2022-02-06,0.18,NA,"If entered during the period from February 7, 2021 through February 6, 2022 ...................................................18%",rev_10
9903.45.25,2022-02-07,2023-02-06,0.1475,NA,"If entered during the period from February 7, 2022 through February 6, 2023....................................................14.75%",rev_10
9903.45.25,2023-02-07,2024-02-06,0.145,NA,"If entered during the period from February 7, 2023 through February 6, 2024....................................................14.5%",rev_10
9903.45.25,2024-02-07,2025-02-06,0.1425,NA,"If entered during the period from February 7, 2024 through February 6, 2025....................................................14.25%",rev_10
9903.45.25,2025-02-07,2026-02-06,0.14,NA,"If entered during the period from February 7, 2025 through February 6, 2026....................................................14%",rev_10
9903.45.01,2018-02-07,2019-02-06,0.2,NA,"If entered during the period from February 7, 2018 through February 6, 2019....................................................20%",rev_11
9903.45.01,2019-02-07,2020-02-06,0.18,NA,"If entered during the period from February 7, 2019 through February 6, 2020 ...................................................18%",rev_11
9903.45.01,2020-02-07,2021-02-07,0.16,NA,"If entered during the period from February 7, 2020 through February 7, 2021....................................................16%",rev_11
9903.45.01,2021-02-08,2022-02-07,0.15,NA,"If entered during the period from February 8, 2021 through February 7, 2022 ................................................................................15%",rev_11
9903.45.01,2022-02-08,2023-02-07,0.14,NA,"If entered during the period from February 8, 2022 through February 7, 2023 ................................................................................14%",rev_11
9903.45.02,2018-02-07,2019-02-06,0.5,NA,"If entered during the period from February 7, 2018 through February 6, 2019....................................................50%",rev_11
9903.45.02,2019-02-07,2020-02-06,0.45,NA,"If entered during the period from February 7, 2019 through February 6, 2020....................................................45%",rev_11
9903.45.02,2020-02-07,2021-02-07,0.4,NA,"If entered during the period from February 7, 2020 through February 7, 2021....................................................40%",rev_11
9903.45.02,2021-02-08,2022-02-07,0.35,NA,"If entered during the period from February 8, 2021 through February 7, 2022 ................................................................................35%",rev_11
9903.45.02,2022-02-08,2023-02-07,0.3,NA,"If entered during the period from February 8, 2022 through February 7, 2023 ................................................................................30%",rev_11
9903.45.06,2018-02-07,2019-02-06,0.5,NA,"If entered during the period from February 7, 2018 through February 6, 2019....................................................50%",rev_11
9903.45.06,2019-02-07,2020-02-06,0.45,NA,"If entered during the period from February 7, 2019 through February 6, 2020....................................................45%",rev_11
9903.45.06,2020-02-07,2021-02-07,0.4,NA,"If entered during the period from February 7, 2020 through February 7, 2021....................................................40%",rev_11
9903.45.06,2021-02-08,2022-02-07,0.35,NA,"If entered during the period from February 8, 2021 through February 7, 2022 ................................................................................35%",rev_11
9903.45.06,2022-02-08,2023-02-07,0.3,NA,"If entered during the period from February 8, 2022 through February 7, 2023 ................................................................................30%",rev_11
9903.45.22,2018-02-07,2019-02-06,0.3,NA,"If entered during the period from February 7, 2018 through February 6, 2019....................................................30%",rev_11
9903.45.22,2019-02-07,2020-02-06,0.25,NA,"If entered during the period from February 7, 2019 through February 6, 2020....................................................25%",rev_11
9903.45.22,2020-02-07,2021-02-06,0.2,NA,"If entered during the period from February 7, 2020 through February 6, 2021 ...................................................20%",rev_11
9903.45.22,2021-02-07,2022-02-06,0.18,NA,"If entered during the period from February 7, 2021 through February 6, 2022 ...................................................18%",rev_11
9903.45.22,2022-02-07,2023-02-06,0.1475,NA,"If entered during the period from February 7, 2022 through February 6, 2023 ...................................................14.75%",rev_11
9903.45.22,2023-02-07,2024-02-06,0.145,NA,"If entered during the period from February 7, 2023 through February 6, 2024 ...................................................14.5%",rev_11
9903.45.22,2024-02-07,2025-02-06,0.1425,NA,"If entered during the period from February 7, 2024 through February 6, 2025 ...................................................14.25%",rev_11
9903.45.22,2025-02-07,2026-02-06,0.14,NA,"If entered during the period from February 7, 2025 through February 6, 2026 ...................................................14%",rev_11
9903.45.25,2018-02-07,2019-02-06,0.3,NA,"If entered during the period from February 7, 2018 through February 6, 2019....................................................30%",rev_11
9903.45.25,2019-02-07,2020-02-06,0.25,NA,"If entered during the period from February 7, 2019 through February 6, 2020....................................................25%",rev_11
9903.45.25,2020-02-07,2021-02-06,0.2,NA,"If entered during the period from February 7, 2020 through February 6, 2021 ...................................................20%",rev_11
9903.45.25,2021-02-07,2022-02-06,0.18,NA,"If entered during the period from February 7, 2021 through February 6, 2022 ...................................................18%",rev_11
9903.45.25,2022-02-07,2023-02-06,0.1475,NA,"If entered during the period from February 7, 2022 through February 6, 2023....................................................14.75%",rev_11
9903.45.25,2023-02-07,2024-02-06,0.145,NA,"If entered during the period from February 7, 2023 through February 6, 2024....................................................14.5%",rev_11
9903.45.25,2024-02-07,2025-02-06,0.1425,NA,"If entered during the period from February 7, 2024 through February 6, 2025....................................................14.25%",rev_11
9903.45.25,2025-02-07,2026-02-06,0.14,NA,"If entered during the period from February 7, 2025 through February 6, 2026....................................................14%",rev_11
9903.45.01,2018-02-07,2019-02-06,0.2,NA,"If entered during the period from February 7, 2018 through February 6, 2019....................................................20%",rev_12
9903.45.01,2019-02-07,2020-02-06,0.18,NA,"If entered during the period from February 7, 2019 through February 6, 2020 ...................................................18%",rev_12
9903.45.01,2020-02-07,2021-02-07,0.16,NA,"If entered during the period from February 7, 2020 through February 7, 2021....................................................16%",rev_12
9903.45.01,2021-02-08,2022-02-07,0.15,NA,"If entered during the period from February 8, 2021 through February 7, 2022 ................................................................................15%",rev_12
9903.45.01,2022-02-08,2023-02-07,0.14,NA,"If entered during the period from February 8, 2022 through February 7, 2023 ................................................................................14%",rev_12
9903.45.02,2018-02-07,2019-02-06,0.5,NA,"If entered during the period from February 7, 2018 through February 6, 2019....................................................50%",rev_12
9903.45.02,2019-02-07,2020-02-06,0.45,NA,"If entered during the period from February 7, 2019 through February 6, 2020....................................................45%",rev_12
9903.45.02,2020-02-07,2021-02-07,0.4,NA,"If entered during the period from February 7, 2020 through February 7, 2021....................................................40%",rev_12
9903.45.02,2021-02-08,2022-02-07,0.35,NA,"If entered during the period from February 8, 2021 through February 7, 2022 ................................................................................35%",rev_12
9903.45.02,2022-02-08,2023-02-07,0.3,NA,"If entered during the period from February 8, 2022 through February 7, 2023 ................................................................................30%",rev_12
9903.45.06,2018-02-07,2019-02-06,0.5,NA,"If entered during the period from February 7, 2018 through February 6, 2019....................................................50%",rev_12
9903.45.06,2019-02-07,2020-02-06,0.45,NA,"If entered during the period from February 7, 2019 through February 6, 2020....................................................45%",rev_12
9903.45.06,2020-02-07,2021-02-07,0.4,NA,"If entered during the period from February 7, 2020 through February 7, 2021....................................................40%",rev_12
9903.45.06,2021-02-08,2022-02-07,0.35,NA,"If entered during the period from February 8, 2021 through February 7, 2022 ................................................................................35%",rev_12
9903.45.06,2022-02-08,2023-02-07,0.3,NA,"If entered during the period from February 8, 2022 through February 7, 2023 ................................................................................30%",rev_12
9903.45.22,2018-02-07,2019-02-06,0.3,NA,"If entered during the period from February 7, 2018 through February 6, 2019....................................................30%",rev_12
9903.45.22,2019-02-07,2020-02-06,0.25,NA,"If entered during the period from February 7, 2019 through February 6, 2020....................................................25%",rev_12
9903.45.22,2020-02-07,2021-02-06,0.2,NA,"If entered during the period from February 7, 2020 through February 6, 2021 ...................................................20%",rev_12
9903.45.22,2021-02-07,2022-02-06,0.18,NA,"If entered during the period from February 7, 2021 through February 6, 2022 ...................................................18%",rev_12
9903.45.22,2022-02-07,2023-02-06,0.1475,NA,"If entered during the period from February 7, 2022 through February 6, 2023 ...................................................14.75%",rev_12
9903.45.22,2023-02-07,2024-02-06,0.145,NA,"If entered during the period from February 7, 2023 through February 6, 2024 ...................................................14.5%",rev_12
9903.45.22,2024-02-07,2025-02-06,0.1425,NA,"If entered during the period from February 7, 2024 through February 6, 2025 ...................................................14.25%",rev_12
9903.45.22,2025-02-07,2026-02-06,0.14,NA,"If entered during the period from February 7, 2025 through February 6, 2026 ...................................................14%",rev_12
9903.45.25,2018-02-07,2019-02-06,0.3,NA,"If entered during the period from February 7, 2018 through February 6, 2019....................................................30%",rev_12
9903.45.25,2019-02-07,2020-02-06,0.25,NA,"If entered during the period from February 7, 2019 through February 6, 2020....................................................25%",rev_12
9903.45.25,2020-02-07,2021-02-06,0.2,NA,"If entered during the period from February 7, 2020 through February 6, 2021 ...................................................20%",rev_12
9903.45.25,2021-02-07,2022-02-06,0.18,NA,"If entered during the period from February 7, 2021 through February 6, 2022 ...................................................18%",rev_12
9903.45.25,2022-02-07,2023-02-06,0.1475,NA,"If entered during the period from February 7, 2022 through February 6, 2023....................................................14.75%",rev_12
9903.45.25,2023-02-07,2024-02-06,0.145,NA,"If entered during the period from February 7, 2023 through February 6, 2024....................................................14.5%",rev_12
9903.45.25,2024-02-07,2025-02-06,0.1425,NA,"If entered during the period from February 7, 2024 through February 6, 2025....................................................14.25%",rev_12
9903.45.25,2025-02-07,2026-02-06,0.14,NA,"If entered during the period from February 7, 2025 through February 6, 2026....................................................14%",rev_12
9903.45.01,2018-02-07,2019-02-06,0.2,NA,"If entered during the period from February 7, 2018 through February 6, 2019....................................................20%",rev_13
9903.45.01,2019-02-07,2020-02-06,0.18,NA,"If entered during the period from February 7, 2019 through February 6, 2020 ...................................................18%",rev_13
9903.45.01,2020-02-07,2021-02-07,0.16,NA,"If entered during the period from February 7, 2020 through February 7, 2021....................................................16%",rev_13
9903.45.01,2021-02-08,2022-02-07,0.15,NA,"If entered during the period from February 8, 2021 through February 7, 2022 ................................................................................15%",rev_13
9903.45.01,2022-02-08,2023-02-07,0.14,NA,"If entered during the period from February 8, 2022 through February 7, 2023 ................................................................................14%",rev_13
9903.45.02,2018-02-07,2019-02-06,0.5,NA,"If entered during the period from February 7, 2018 through February 6, 2019....................................................50%",rev_13
9903.45.02,2019-02-07,2020-02-06,0.45,NA,"If entered during the period from February 7, 2019 through February 6, 2020....................................................45%",rev_13
9903.45.02,2020-02-07,2021-02-07,0.4,NA,"If entered during the period from February 7, 2020 through February 7, 2021....................................................40%",rev_13
9903.45.02,2021-02-08,2022-02-07,0.35,NA,"If entered during the period from February 8, 2021 through February 7, 2022 ................................................................................35%",rev_13
9903.45.02,2022-02-08,2023-02-07,0.3,NA,"If entered during the period from February 8, 2022 through February 7, 2023 ................................................................................30%",rev_13
9903.45.06,2018-02-07,2019-02-06,0.5,NA,"If entered during the period from February 7, 2018 through February 6, 2019....................................................50%",rev_13
9903.45.06,2019-02-07,2020-02-06,0.45,NA,"If entered during the period from February 7, 2019 through February 6, 2020....................................................45%",rev_13
9903.45.06,2020-02-07,2021-02-07,0.4,NA,"If entered during the period from February 7, 2020 through February 7, 2021....................................................40%",rev_13
9903.45.06,2021-02-08,2022-02-07,0.35,NA,"If entered during the period from February 8, 2021 through February 7, 2022 ................................................................................35%",rev_13
9903.45.06,2022-02-08,2023-02-07,0.3,NA,"If entered during the period from February 8, 2022 through February 7, 2023 ................................................................................30%",rev_13
9903.45.22,2018-02-07,2019-02-06,0.3,NA,"If entered during the period from February 7, 2018 through February 6, 2019....................................................30%",rev_13
9903.45.22,2019-02-07,2020-02-06,0.25,NA,"If entered during the period from February 7, 2019 through February 6, 2020....................................................25%",rev_13
9903.45.22,2020-02-07,2021-02-06,0.2,NA,"If entered during the period from February 7, 2020 through February 6, 2021 ...................................................20%",rev_13
9903.45.22,2021-02-07,2022-02-06,0.18,NA,"If entered during the period from February 7, 2021 through February 6, 2022 ...................................................18%",rev_13
9903.45.22,2022-02-07,2023-02-06,0.1475,NA,"If entered during the period from February 7, 2022 through February 6, 2023 ...................................................14.75%",rev_13
9903.45.22,2023-02-07,2024-02-06,0.145,NA,"If entered during the period from February 7, 2023 through February 6, 2024 ...................................................14.5%",rev_13
9903.45.22,2024-02-07,2025-02-06,0.1425,NA,"If entered during the period from February 7, 2024 through February 6, 2025 ...................................................14.25%",rev_13
9903.45.22,2025-02-07,2026-02-06,0.14,NA,"If entered during the period from February 7, 2025 through February 6, 2026 ...................................................14%",rev_13
9903.45.25,2018-02-07,2019-02-06,0.3,NA,"If entered during the period from February 7, 2018 through February 6, 2019....................................................30%",rev_13
9903.45.25,2019-02-07,2020-02-06,0.25,NA,"If entered during the period from February 7, 2019 through February 6, 2020....................................................25%",rev_13
9903.45.25,2020-02-07,2021-02-06,0.2,NA,"If entered during the period from February 7, 2020 through February 6, 2021 ...................................................20%",rev_13
9903.45.25,2021-02-07,2022-02-06,0.18,NA,"If entered during the period from February 7, 2021 through February 6, 2022 ...................................................18%",rev_13
9903.45.25,2022-02-07,2023-02-06,0.1475,NA,"If entered during the period from February 7, 2022 through February 6, 2023....................................................14.75%",rev_13
9903.45.25,2023-02-07,2024-02-06,0.145,NA,"If entered during the period from February 7, 2023 through February 6, 2024....................................................14.5%",rev_13
9903.45.25,2024-02-07,2025-02-06,0.1425,NA,"If entered during the period from February 7, 2024 through February 6, 2025....................................................14.25%",rev_13
9903.45.25,2025-02-07,2026-02-06,0.14,NA,"If entered during the period from February 7, 2025 through February 6, 2026....................................................14%",rev_13
9903.45.01,2018-02-07,2019-02-06,0.2,NA,"If entered during the period from February 7, 2018 through February 6, 2019....................................................20%",rev_14
9903.45.01,2019-02-07,2020-02-06,0.18,NA,"If entered during the period from February 7, 2019 through February 6, 2020 ...................................................18%",rev_14
9903.45.01,2020-02-07,2021-02-07,0.16,NA,"If entered during the period from February 7, 2020 through February 7, 2021....................................................16%",rev_14
9903.45.01,2021-02-08,2022-02-07,0.15,NA,"If entered during the period from February 8, 2021 through February 7, 2022 ................................................................................15%",rev_14
9903.45.01,2022-02-08,2023-02-07,0.14,NA,"If entered during the period from February 8, 2022 through February 7, 2023 ................................................................................14%",rev_14
9903.45.02,2018-02-07,2019-02-06,0.5,NA,"If entered during the period from February 7, 2018 through February 6, 2019....................................................50%",rev_14
9903.45.02,2019-02-07,2020-02-06,0.45,NA,"If entered during the period from February 7, 2019 through February 6, 2020....................................................45%",rev_14
9903.45.02,2020-02-07,2021-02-07,0.4,NA,"If entered during the period from February 7, 2020 through February 7, 2021....................................................40%",rev_14
9903.45.02,2021-02-08,2022-02-07,0.35,NA,"If entered during the period from February 8, 2021 through February 7, 2022 ................................................................................35%",rev_14
9903.45.02,2022-02-08,2023-02-07,0.3,NA,"If entered during the period from February 8, 2022 through February 7, 2023 ................................................................................30%",rev_14
9903.45.06,2018-02-07,2019-02-06,0.5,NA,"If entered during the period from February 7, 2018 through February 6, 2019....................................................50%",rev_14
9903.45.06,2019-02-07,2020-02-06,0.45,NA,"If entered during the period from February 7, 2019 through February 6, 2020....................................................45%",rev_14
9903.45.06,2020-02-07,2021-02-07,0.4,NA,"If entered during the period from February 7, 2020 through February 7, 2021....................................................40%",rev_14
9903.45.06,2021-02-08,2022-02-07,0.35,NA,"If entered during the period from February 8, 2021 through February 7, 2022 ................................................................................35%",rev_14
9903.45.06,2022-02-08,2023-02-07,0.3,NA,"If entered during the period from February 8, 2022 through February 7, 2023 ................................................................................30%",rev_14
9903.45.22,2018-02-07,2019-02-06,0.3,NA,"If entered during the period from February 7, 2018 through February 6, 2019....................................................30%",rev_14
9903.45.22,2019-02-07,2020-02-06,0.25,NA,"If entered during the period from February 7, 2019 through February 6, 2020....................................................25%",rev_14
9903.45.22,2020-02-07,2021-02-06,0.2,NA,"If entered during the period from February 7, 2020 through February 6, 2021 ...................................................20%",rev_14
9903.45.22,2021-02-07,2022-02-06,0.18,NA,"If entered during the period from February 7, 2021 through February 6, 2022 ...................................................18%",rev_14
9903.45.22,2022-02-07,2023-02-06,0.1475,NA,"If entered during the period from February 7, 2022 through February 6, 2023 ...................................................14.75%",rev_14
9903.45.22,2023-02-07,2024-02-06,0.145,NA,"If entered during the period from February 7, 2023 through February 6, 2024 ...................................................14.5%",rev_14
9903.45.22,2024-02-07,2025-02-06,0.1425,NA,"If entered during the period from February 7, 2024 through February 6, 2025 ...................................................14.25%",rev_14
9903.45.22,2025-02-07,2026-02-06,0.14,NA,"If entered during the period from February 7, 2025 through February 6, 2026 ...................................................14%",rev_14
9903.45.25,2018-02-07,2019-02-06,0.3,NA,"If entered during the period from February 7, 2018 through February 6, 2019....................................................30%",rev_14
9903.45.25,2019-02-07,2020-02-06,0.25,NA,"If entered during the period from February 7, 2019 through February 6, 2020....................................................25%",rev_14
9903.45.25,2020-02-07,2021-02-06,0.2,NA,"If entered during the period from February 7, 2020 through February 6, 2021 ...................................................20%",rev_14
9903.45.25,2021-02-07,2022-02-06,0.18,NA,"If entered during the period from February 7, 2021 through February 6, 2022 ...................................................18%",rev_14
9903.45.25,2022-02-07,2023-02-06,0.1475,NA,"If entered during the period from February 7, 2022 through February 6, 2023....................................................14.75%",rev_14
9903.45.25,2023-02-07,2024-02-06,0.145,NA,"If entered during the period from February 7, 2023 through February 6, 2024....................................................14.5%",rev_14
9903.45.25,2024-02-07,2025-02-06,0.1425,NA,"If entered during the period from February 7, 2024 through February 6, 2025....................................................14.25%",rev_14
9903.45.25,2025-02-07,2026-02-06,0.14,NA,"If entered during the period from February 7, 2025 through February 6, 2026....................................................14%",rev_14
9903.45.01,2018-02-07,2019-02-06,0.2,NA,"If entered during the period from February 7, 2018 through February 6, 2019....................................................20%",rev_15
9903.45.01,2019-02-07,2020-02-06,0.18,NA,"If entered during the period from February 7, 2019 through February 6, 2020 ...................................................18%",rev_15
9903.45.01,2020-02-07,2021-02-07,0.16,NA,"If entered during the period from February 7, 2020 through February 7, 2021....................................................16%",rev_15
9903.45.01,2021-02-08,2022-02-07,0.15,NA,"If entered during the period from February 8, 2021 through February 7, 2022 ................................................................................15%",rev_15
9903.45.01,2022-02-08,2023-02-07,0.14,NA,"If entered during the period from February 8, 2022 through February 7, 2023 ................................................................................14%",rev_15
9903.45.02,2018-02-07,2019-02-06,0.5,NA,"If entered during the period from February 7, 2018 through February 6, 2019....................................................50%",rev_15
9903.45.02,2019-02-07,2020-02-06,0.45,NA,"If entered during the period from February 7, 2019 through February 6, 2020....................................................45%",rev_15
9903.45.02,2020-02-07,2021-02-07,0.4,NA,"If entered during the period from February 7, 2020 through February 7, 2021....................................................40%",rev_15
9903.45.02,2021-02-08,2022-02-07,0.35,NA,"If entered during the period from February 8, 2021 through February 7, 2022 ................................................................................35%",rev_15
9903.45.02,2022-02-08,2023-02-07,0.3,NA,"If entered during the period from February 8, 2022 through February 7, 2023 ................................................................................30%",rev_15
9903.45.06,2018-02-07,2019-02-06,0.5,NA,"If entered during the period from February 7, 2018 through February 6, 2019....................................................50%",rev_15
9903.45.06,2019-02-07,2020-02-06,0.45,NA,"If entered during the period from February 7, 2019 through February 6, 2020....................................................45%",rev_15
9903.45.06,2020-02-07,2021-02-07,0.4,NA,"If entered during the period from February 7, 2020 through February 7, 2021....................................................40%",rev_15
9903.45.06,2021-02-08,2022-02-07,0.35,NA,"If entered during the period from February 8, 2021 through February 7, 2022 ................................................................................35%",rev_15
9903.45.06,2022-02-08,2023-02-07,0.3,NA,"If entered during the period from February 8, 2022 through February 7, 2023 ................................................................................30%",rev_15
9903.45.22,2018-02-07,2019-02-06,0.3,NA,"If entered during the period from February 7, 2018 through February 6, 2019....................................................30%",rev_15
9903.45.22,2019-02-07,2020-02-06,0.25,NA,"If entered during the period from February 7, 2019 through February 6, 2020....................................................25%",rev_15
9903.45.22,2020-02-07,2021-02-06,0.2,NA,"If entered during the period from February 7, 2020 through February 6, 2021 ...................................................20%",rev_15
9903.45.22,2021-02-07,2022-02-06,0.18,NA,"If entered during the period from February 7, 2021 through February 6, 2022 ...................................................18%",rev_15
9903.45.22,2022-02-07,2023-02-06,0.1475,NA,"If entered during the period from February 7, 2022 through February 6, 2023 ...................................................14.75%",rev_15
9903.45.22,2023-02-07,2024-02-06,0.145,NA,"If entered during the period from February 7, 2023 through February 6, 2024 ...................................................14.5%",rev_15
9903.45.22,2024-02-07,2025-02-06,0.1425,NA,"If entered during the period from February 7, 2024 through February 6, 2025 ...................................................14.25%",rev_15
9903.45.22,2025-02-07,2026-02-06,0.14,NA,"If entered during the period from February 7, 2025 through February 6, 2026 ...................................................14%",rev_15
9903.45.25,2018-02-07,2019-02-06,0.3,NA,"If entered during the period from February 7, 2018 through February 6, 2019....................................................30%",rev_15
9903.45.25,2019-02-07,2020-02-06,0.25,NA,"If entered during the period from February 7, 2019 through February 6, 2020....................................................25%",rev_15
9903.45.25,2020-02-07,2021-02-06,0.2,NA,"If entered during the period from February 7, 2020 through February 6, 2021 ...................................................20%",rev_15
9903.45.25,2021-02-07,2022-02-06,0.18,NA,"If entered during the period from February 7, 2021 through February 6, 2022 ...................................................18%",rev_15
9903.45.25,2022-02-07,2023-02-06,0.1475,NA,"If entered during the period from February 7, 2022 through February 6, 2023....................................................14.75%",rev_15
9903.45.25,2023-02-07,2024-02-06,0.145,NA,"If entered during the period from February 7, 2023 through February 6, 2024....................................................14.5%",rev_15
9903.45.25,2024-02-07,2025-02-06,0.1425,NA,"If entered during the period from February 7, 2024 through February 6, 2025....................................................14.25%",rev_15
9903.45.25,2025-02-07,2026-02-06,0.14,NA,"If entered during the period from February 7, 2025 through February 6, 2026....................................................14%",rev_15
9903.45.01,2018-02-07,2019-02-06,0.2,NA,"If entered during the period from February 7, 2018 through February 6, 2019....................................................20%",rev_16
9903.45.01,2019-02-07,2020-02-06,0.18,NA,"If entered during the period from February 7, 2019 through February 6, 2020 ...................................................18%",rev_16
9903.45.01,2020-02-07,2021-02-07,0.16,NA,"If entered during the period from February 7, 2020 through February 7, 2021....................................................16%",rev_16
9903.45.01,2021-02-08,2022-02-07,0.15,NA,"If entered during the period from February 8, 2021 through February 7, 2022 ................................................................................15%",rev_16
9903.45.01,2022-02-08,2023-02-07,0.14,NA,"If entered during the period from February 8, 2022 through February 7, 2023 ................................................................................14%",rev_16
9903.45.02,2018-02-07,2019-02-06,0.5,NA,"If entered during the period from February 7, 2018 through February 6, 2019....................................................50%",rev_16
9903.45.02,2019-02-07,2020-02-06,0.45,NA,"If entered during the period from February 7, 2019 through February 6, 2020....................................................45%",rev_16
9903.45.02,2020-02-07,2021-02-07,0.4,NA,"If entered during the period from February 7, 2020 through February 7, 2021....................................................40%",rev_16
9903.45.02,2021-02-08,2022-02-07,0.35,NA,"If entered during the period from February 8, 2021 through February 7, 2022 ................................................................................35%",rev_16
9903.45.02,2022-02-08,2023-02-07,0.3,NA,"If entered during the period from February 8, 2022 through February 7, 2023 ................................................................................30%",rev_16
9903.45.06,2018-02-07,2019-02-06,0.5,NA,"If entered during the period from February 7, 2018 through February 6, 2019....................................................50%",rev_16
9903.45.06,2019-02-07,2020-02-06,0.45,NA,"If entered during the period from February 7, 2019 through February 6, 2020....................................................45%",rev_16
9903.45.06,2020-02-07,2021-02-07,0.4,NA,"If entered during the period from February 7, 2020 through February 7, 2021....................................................40%",rev_16
9903.45.06,2021-02-08,2022-02-07,0.35,NA,"If entered during the period from February 8, 2021 through February 7, 2022 ................................................................................35%",rev_16
9903.45.06,2022-02-08,2023-02-07,0.3,NA,"If entered during the period from February 8, 2022 through February 7, 2023 ................................................................................30%",rev_16
9903.45.22,2018-02-07,2019-02-06,0.3,NA,"If entered during the period from February 7, 2018 through February 6, 2019....................................................30%",rev_16
9903.45.22,2019-02-07,2020-02-06,0.25,NA,"If entered during the period from February 7, 2019 through February 6, 2020....................................................25%",rev_16
9903.45.22,2020-02-07,2021-02-06,0.2,NA,"If entered during the period from February 7, 2020 through February 6, 2021 ...................................................20%",rev_16
9903.45.22,2021-02-07,2022-02-06,0.18,NA,"If entered during the period from February 7, 2021 through February 6, 2022 ...................................................18%",rev_16
9903.45.22,2022-02-07,2023-02-06,0.1475,NA,"If entered during the period from February 7, 2022 through February 6, 2023 ...................................................14.75%",rev_16
9903.45.22,2023-02-07,2024-02-06,0.145,NA,"If entered during the period from February 7, 2023 through February 6, 2024 ...................................................14.5%",rev_16
9903.45.22,2024-02-07,2025-02-06,0.1425,NA,"If entered during the period from February 7, 2024 through February 6, 2025 ...................................................14.25%",rev_16
9903.45.22,2025-02-07,2026-02-06,0.14,NA,"If entered during the period from February 7, 2025 through February 6, 2026 ...................................................14%",rev_16
9903.45.25,2018-02-07,2019-02-06,0.3,NA,"If entered during the period from February 7, 2018 through February 6, 2019....................................................30%",rev_16
9903.45.25,2019-02-07,2020-02-06,0.25,NA,"If entered during the period from February 7, 2019 through February 6, 2020....................................................25%",rev_16
9903.45.25,2020-02-07,2021-02-06,0.2,NA,"If entered during the period from February 7, 2020 through February 6, 2021 ...................................................20%",rev_16
9903.45.25,2021-02-07,2022-02-06,0.18,NA,"If entered during the period from February 7, 2021 through February 6, 2022 ...................................................18%",rev_16
9903.45.25,2022-02-07,2023-02-06,0.1475,NA,"If entered during the period from February 7, 2022 through February 6, 2023....................................................14.75%",rev_16
9903.45.25,2023-02-07,2024-02-06,0.145,NA,"If entered during the period from February 7, 2023 through February 6, 2024....................................................14.5%",rev_16
9903.45.25,2024-02-07,2025-02-06,0.1425,NA,"If entered during the period from February 7, 2024 through February 6, 2025....................................................14.25%",rev_16
9903.45.25,2025-02-07,2026-02-06,0.14,NA,"If entered during the period from February 7, 2025 through February 6, 2026....................................................14%",rev_16
9903.45.01,2018-02-07,2019-02-06,0.2,NA,"If entered during the period from February 7, 2018 through February 6, 2019....................................................20%",rev_17
9903.45.01,2019-02-07,2020-02-06,0.18,NA,"If entered during the period from February 7, 2019 through February 6, 2020 ...................................................18%",rev_17
9903.45.01,2020-02-07,2021-02-07,0.16,NA,"If entered during the period from February 7, 2020 through February 7, 2021....................................................16%",rev_17
9903.45.01,2021-02-08,2022-02-07,0.15,NA,"If entered during the period from February 8, 2021 through February 7, 2022 ................................................................................15%",rev_17
9903.45.01,2022-02-08,2023-02-07,0.14,NA,"If entered during the period from February 8, 2022 through February 7, 2023 ................................................................................14%",rev_17
9903.45.02,2018-02-07,2019-02-06,0.5,NA,"If entered during the period from February 7, 2018 through February 6, 2019....................................................50%",rev_17
9903.45.02,2019-02-07,2020-02-06,0.45,NA,"If entered during the period from February 7, 2019 through February 6, 2020....................................................45%",rev_17
9903.45.02,2020-02-07,2021-02-07,0.4,NA,"If entered during the period from February 7, 2020 through February 7, 2021....................................................40%",rev_17
9903.45.02,2021-02-08,2022-02-07,0.35,NA,"If entered during the period from February 8, 2021 through February 7, 2022 ................................................................................35%",rev_17
9903.45.02,2022-02-08,2023-02-07,0.3,NA,"If entered during the period from February 8, 2022 through February 7, 2023 ................................................................................30%",rev_17
9903.45.06,2018-02-07,2019-02-06,0.5,NA,"If entered during the period from February 7, 2018 through February 6, 2019....................................................50%",rev_17
9903.45.06,2019-02-07,2020-02-06,0.45,NA,"If entered during the period from February 7, 2019 through February 6, 2020....................................................45%",rev_17
9903.45.06,2020-02-07,2021-02-07,0.4,NA,"If entered during the period from February 7, 2020 through February 7, 2021....................................................40%",rev_17
9903.45.06,2021-02-08,2022-02-07,0.35,NA,"If entered during the period from February 8, 2021 through February 7, 2022 ................................................................................35%",rev_17
9903.45.06,2022-02-08,2023-02-07,0.3,NA,"If entered during the period from February 8, 2022 through February 7, 2023 ................................................................................30%",rev_17
9903.45.22,2018-02-07,2019-02-06,0.3,NA,"If entered during the period from February 7, 2018 through February 6, 2019....................................................30%",rev_17
9903.45.22,2019-02-07,2020-02-06,0.25,NA,"If entered during the period from February 7, 2019 through February 6, 2020....................................................25%",rev_17
9903.45.22,2020-02-07,2021-02-06,0.2,NA,"If entered during the period from February 7, 2020 through February 6, 2021 ...................................................20%",rev_17
9903.45.22,2021-02-07,2022-02-06,0.18,NA,"If entered during the period from February 7, 2021 through February 6, 2022 ...................................................18%",rev_17
9903.45.22,2022-02-07,2023-02-06,0.1475,NA,"If entered during the period from February 7, 2022 through February 6, 2023 ...................................................14.75%",rev_17
9903.45.22,2023-02-07,2024-02-06,0.145,NA,"If entered during the period from February 7, 2023 through February 6, 2024 ...................................................14.5%",rev_17
9903.45.22,2024-02-07,2025-02-06,0.1425,NA,"If entered during the period from February 7, 2024 through February 6, 2025 ...................................................14.25%",rev_17
9903.45.22,2025-02-07,2026-02-06,0.14,NA,"If entered during the period from February 7, 2025 through February 6, 2026 ...................................................14%",rev_17
9903.45.25,2018-02-07,2019-02-06,0.3,NA,"If entered during the period from February 7, 2018 through February 6, 2019....................................................30%",rev_17
9903.45.25,2019-02-07,2020-02-06,0.25,NA,"If entered during the period from February 7, 2019 through February 6, 2020....................................................25%",rev_17
9903.45.25,2020-02-07,2021-02-06,0.2,NA,"If entered during the period from February 7, 2020 through February 6, 2021 ...................................................20%",rev_17
9903.45.25,2021-02-07,2022-02-06,0.18,NA,"If entered during the period from February 7, 2021 through February 6, 2022 ...................................................18%",rev_17
9903.45.25,2022-02-07,2023-02-06,0.1475,NA,"If entered during the period from February 7, 2022 through February 6, 2023....................................................14.75%",rev_17
9903.45.25,2023-02-07,2024-02-06,0.145,NA,"If entered during the period from February 7, 2023 through February 6, 2024....................................................14.5%",rev_17
9903.45.25,2024-02-07,2025-02-06,0.1425,NA,"If entered during the period from February 7, 2024 through February 6, 2025....................................................14.25%",rev_17
9903.45.25,2025-02-07,2026-02-06,0.14,NA,"If entered during the period from February 7, 2025 through February 6, 2026....................................................14%",rev_17
9903.45.01,2018-02-07,2019-02-06,0.2,NA,"If entered during the period from February 7, 2018 through February 6, 2019....................................................20%",rev_18
9903.45.01,2019-02-07,2020-02-06,0.18,NA,"If entered during the period from February 7, 2019 through February 6, 2020 ...................................................18%",rev_18
9903.45.01,2020-02-07,2021-02-07,0.16,NA,"If entered during the period from February 7, 2020 through February 7, 2021....................................................16%",rev_18
9903.45.01,2021-02-08,2022-02-07,0.15,NA,"If entered during the period from February 8, 2021 through February 7, 2022 ................................................................................15%",rev_18
9903.45.01,2022-02-08,2023-02-07,0.14,NA,"If entered during the period from February 8, 2022 through February 7, 2023 ................................................................................14%",rev_18
9903.45.02,2018-02-07,2019-02-06,0.5,NA,"If entered during the period from February 7, 2018 through February 6, 2019....................................................50%",rev_18
9903.45.02,2019-02-07,2020-02-06,0.45,NA,"If entered during the period from February 7, 2019 through February 6, 2020....................................................45%",rev_18
9903.45.02,2020-02-07,2021-02-07,0.4,NA,"If entered during the period from February 7, 2020 through February 7, 2021....................................................40%",rev_18
9903.45.02,2021-02-08,2022-02-07,0.35,NA,"If entered during the period from February 8, 2021 through February 7, 2022 ................................................................................35%",rev_18
9903.45.02,2022-02-08,2023-02-07,0.3,NA,"If entered during the period from February 8, 2022 through February 7, 2023 ................................................................................30%",rev_18
9903.45.06,2018-02-07,2019-02-06,0.5,NA,"If entered during the period from February 7, 2018 through February 6, 2019....................................................50%",rev_18
9903.45.06,2019-02-07,2020-02-06,0.45,NA,"If entered during the period from February 7, 2019 through February 6, 2020....................................................45%",rev_18
9903.45.06,2020-02-07,2021-02-07,0.4,NA,"If entered during the period from February 7, 2020 through February 7, 2021....................................................40%",rev_18
9903.45.06,2021-02-08,2022-02-07,0.35,NA,"If entered during the period from February 8, 2021 through February 7, 2022 ................................................................................35%",rev_18
9903.45.06,2022-02-08,2023-02-07,0.3,NA,"If entered during the period from February 8, 2022 through February 7, 2023 ................................................................................30%",rev_18
9903.45.22,2018-02-07,2019-02-06,0.3,NA,"If entered during the period from February 7, 2018 through February 6, 2019....................................................30%",rev_18
9903.45.22,2019-02-07,2020-02-06,0.25,NA,"If entered during the period from February 7, 2019 through February 6, 2020....................................................25%",rev_18
9903.45.22,2020-02-07,2021-02-06,0.2,NA,"If entered during the period from February 7, 2020 through February 6, 2021 ...................................................20%",rev_18
9903.45.22,2021-02-07,2022-02-06,0.18,NA,"If entered during the period from February 7, 2021 through February 6, 2022 ...................................................18%",rev_18
9903.45.22,2022-02-07,2023-02-06,0.1475,NA,"If entered during the period from February 7, 2022 through February 6, 2023 ...................................................14.75%",rev_18
9903.45.22,2023-02-07,2024-02-06,0.145,NA,"If entered during the period from February 7, 2023 through February 6, 2024 ...................................................14.5%",rev_18
9903.45.22,2024-02-07,2025-02-06,0.1425,NA,"If entered during the period from February 7, 2024 through February 6, 2025 ...................................................14.25%",rev_18
9903.45.22,2025-02-07,2026-02-06,0.14,NA,"If entered during the period from February 7, 2025 through February 6, 2026 ...................................................14%",rev_18
9903.45.25,2018-02-07,2019-02-06,0.3,NA,"If entered during the period from February 7, 2018 through February 6, 2019....................................................30%",rev_18
9903.45.25,2019-02-07,2020-02-06,0.25,NA,"If entered during the period from February 7, 2019 through February 6, 2020....................................................25%",rev_18
9903.45.25,2020-02-07,2021-02-06,0.2,NA,"If entered during the period from February 7, 2020 through February 6, 2021 ...................................................20%",rev_18
9903.45.25,2021-02-07,2022-02-06,0.18,NA,"If entered during the period from February 7, 2021 through February 6, 2022 ...................................................18%",rev_18
9903.45.25,2022-02-07,2023-02-06,0.1475,NA,"If entered during the period from February 7, 2022 through February 6, 2023....................................................14.75%",rev_18
9903.45.25,2023-02-07,2024-02-06,0.145,NA,"If entered during the period from February 7, 2023 through February 6, 2024....................................................14.5%",rev_18
9903.45.25,2024-02-07,2025-02-06,0.1425,NA,"If entered during the period from February 7, 2024 through February 6, 2025....................................................14.25%",rev_18
9903.45.25,2025-02-07,2026-02-06,0.14,NA,"If entered during the period from February 7, 2025 through February 6, 2026....................................................14%",rev_18
9903.45.01,2018-02-07,2019-02-06,0.2,NA,"If entered during the period from February 7, 2018 through February 6, 2019....................................................20%",rev_19
9903.45.01,2019-02-07,2020-02-06,0.18,NA,"If entered during the period from February 7, 2019 through February 6, 2020 ...................................................18%",rev_19
9903.45.01,2020-02-07,2021-02-07,0.16,NA,"If entered during the period from February 7, 2020 through February 7, 2021....................................................16%",rev_19
9903.45.01,2021-02-08,2022-02-07,0.15,NA,"If entered during the period from February 8, 2021 through February 7, 2022 ................................................................................15%",rev_19
9903.45.01,2022-02-08,2023-02-07,0.14,NA,"If entered during the period from February 8, 2022 through February 7, 2023 ................................................................................14%",rev_19
9903.45.02,2018-02-07,2019-02-06,0.5,NA,"If entered during the period from February 7, 2018 through February 6, 2019....................................................50%",rev_19
9903.45.02,2019-02-07,2020-02-06,0.45,NA,"If entered during the period from February 7, 2019 through February 6, 2020....................................................45%",rev_19
9903.45.02,2020-02-07,2021-02-07,0.4,NA,"If entered during the period from February 7, 2020 through February 7, 2021....................................................40%",rev_19
9903.45.02,2021-02-08,2022-02-07,0.35,NA,"If entered during the period from February 8, 2021 through February 7, 2022 ................................................................................35%",rev_19
9903.45.02,2022-02-08,2023-02-07,0.3,NA,"If entered during the period from February 8, 2022 through February 7, 2023 ................................................................................30%",rev_19
9903.45.06,2018-02-07,2019-02-06,0.5,NA,"If entered during the period from February 7, 2018 through February 6, 2019....................................................50%",rev_19
9903.45.06,2019-02-07,2020-02-06,0.45,NA,"If entered during the period from February 7, 2019 through February 6, 2020....................................................45%",rev_19
9903.45.06,2020-02-07,2021-02-07,0.4,NA,"If entered during the period from February 7, 2020 through February 7, 2021....................................................40%",rev_19
9903.45.06,2021-02-08,2022-02-07,0.35,NA,"If entered during the period from February 8, 2021 through February 7, 2022 ................................................................................35%",rev_19
9903.45.06,2022-02-08,2023-02-07,0.3,NA,"If entered during the period from February 8, 2022 through February 7, 2023 ................................................................................30%",rev_19
9903.45.22,2018-02-07,2019-02-06,0.3,NA,"If entered during the period from February 7, 2018 through February 6, 2019....................................................30%",rev_19
9903.45.22,2019-02-07,2020-02-06,0.25,NA,"If entered during the period from February 7, 2019 through February 6, 2020....................................................25%",rev_19
9903.45.22,2020-02-07,2021-02-06,0.2,NA,"If entered during the period from February 7, 2020 through February 6, 2021 ...................................................20%",rev_19
9903.45.22,2021-02-07,2022-02-06,0.18,NA,"If entered during the period from February 7, 2021 through February 6, 2022 ...................................................18%",rev_19
9903.45.22,2022-02-07,2023-02-06,0.1475,NA,"If entered during the period from February 7, 2022 through February 6, 2023 ...................................................14.75%",rev_19
9903.45.22,2023-02-07,2024-02-06,0.145,NA,"If entered during the period from February 7, 2023 through February 6, 2024 ...................................................14.5%",rev_19
9903.45.22,2024-02-07,2025-02-06,0.1425,NA,"If entered during the period from February 7, 2024 through February 6, 2025 ...................................................14.25%",rev_19
9903.45.22,2025-02-07,2026-02-06,0.14,NA,"If entered during the period from February 7, 2025 through February 6, 2026 ...................................................14%",rev_19
9903.45.25,2018-02-07,2019-02-06,0.3,NA,"If entered during the period from February 7, 2018 through February 6, 2019....................................................30%",rev_19
9903.45.25,2019-02-07,2020-02-06,0.25,NA,"If entered during the period from February 7, 2019 through February 6, 2020....................................................25%",rev_19
9903.45.25,2020-02-07,2021-02-06,0.2,NA,"If entered during the period from February 7, 2020 through February 6, 2021 ...................................................20%",rev_19
9903.45.25,2021-02-07,2022-02-06,0.18,NA,"If entered during the period from February 7, 2021 through February 6, 2022 ...................................................18%",rev_19
9903.45.25,2022-02-07,2023-02-06,0.1475,NA,"If entered during the period from February 7, 2022 through February 6, 2023....................................................14.75%",rev_19
9903.45.25,2023-02-07,2024-02-06,0.145,NA,"If entered during the period from February 7, 2023 through February 6, 2024....................................................14.5%",rev_19
9903.45.25,2024-02-07,2025-02-06,0.1425,NA,"If entered during the period from February 7, 2024 through February 6, 2025....................................................14.25%",rev_19
9903.45.25,2025-02-07,2026-02-06,0.14,NA,"If entered during the period from February 7, 2025 through February 6, 2026....................................................14%",rev_19
9903.45.01,2018-02-07,2019-02-06,0.2,NA,"If entered during the period from February 7, 2018 through February 6, 2019....................................................20%",rev_2
9903.45.01,2019-02-07,2020-02-06,0.18,NA,"If entered during the period from February 7, 2019 through February 6, 2020 ...................................................18%",rev_2
9903.45.01,2020-02-07,2021-02-07,0.16,NA,"If entered during the period from February 7, 2020 through February 7, 2021....................................................16%",rev_2
9903.45.01,2021-02-08,2022-02-07,0.15,NA,"If entered during the period from February 8, 2021 through February 7, 2022 ................................................................................15%",rev_2
9903.45.01,2022-02-08,2023-02-07,0.14,NA,"If entered during the period from February 8, 2022 through February 7, 2023 ................................................................................14%",rev_2
9903.45.02,2018-02-07,2019-02-06,0.5,NA,"If entered during the period from February 7, 2018 through February 6, 2019....................................................50%",rev_2
9903.45.02,2019-02-07,2020-02-06,0.45,NA,"If entered during the period from February 7, 2019 through February 6, 2020....................................................45%",rev_2
9903.45.02,2020-02-07,2021-02-07,0.4,NA,"If entered during the period from February 7, 2020 through February 7, 2021....................................................40%",rev_2
9903.45.02,2021-02-08,2022-02-07,0.35,NA,"If entered during the period from February 8, 2021 through February 7, 2022 ................................................................................35%",rev_2
9903.45.02,2022-02-08,2023-02-07,0.3,NA,"If entered during the period from February 8, 2022 through February 7, 2023 ................................................................................30%",rev_2
9903.45.06,2018-02-07,2019-02-06,0.5,NA,"If entered during the period from February 7, 2018 through February 6, 2019....................................................50%",rev_2
9903.45.06,2019-02-07,2020-02-06,0.45,NA,"If entered during the period from February 7, 2019 through February 6, 2020....................................................45%",rev_2
9903.45.06,2020-02-07,2021-02-07,0.4,NA,"If entered during the period from February 7, 2020 through February 7, 2021....................................................40%",rev_2
9903.45.06,2021-02-08,2022-02-07,0.35,NA,"If entered during the period from February 8, 2021 through February 7, 2022 ................................................................................35%",rev_2
9903.45.06,2022-02-08,2023-02-07,0.3,NA,"If entered during the period from February 8, 2022 through February 7, 2023 ................................................................................30%",rev_2
9903.45.22,2018-02-07,2019-02-06,0.3,NA,"If entered during the period from February 7, 2018 through February 6, 2019....................................................30%",rev_2
9903.45.22,2019-02-07,2020-02-06,0.25,NA,"If entered during the period from February 7, 2019 through February 6, 2020....................................................25%",rev_2
9903.45.22,2020-02-07,2021-02-06,0.2,NA,"If entered during the period from February 7, 2020 through February 6, 2021 ...................................................20%",rev_2
9903.45.22,2021-02-07,2022-02-06,0.18,NA,"If entered during the period from February 7, 2021 through February 6, 2022 ...................................................18%",rev_2
9903.45.22,2022-02-07,2023-02-06,0.1475,NA,"If entered during the period from February 7, 2022 through February 6, 2023 ...................................................14.75%",rev_2
9903.45.22,2023-02-07,2024-02-06,0.145,NA,"If entered during the period from February 7, 2023 through February 6, 2024 ...................................................14.5%",rev_2
9903.45.22,2024-02-07,2025-02-06,0.1425,NA,"If entered during the period from February 7, 2024 through February 6, 2025 ...................................................14.25%",rev_2
9903.45.22,2025-02-07,2026-02-06,0.14,NA,"If entered during the period from February 7, 2025 through February 6, 2026 ...................................................14%",rev_2
9903.45.25,2018-02-07,2019-02-06,0.3,NA,"If entered during the period from February 7, 2018 through February 6, 2019....................................................30%",rev_2
9903.45.25,2019-02-07,2020-02-06,0.25,NA,"If entered during the period from February 7, 2019 through February 6, 2020....................................................25%",rev_2
9903.45.25,2020-02-07,2021-02-06,0.2,NA,"If entered during the period from February 7, 2020 through February 6, 2021 ...................................................20%",rev_2
9903.45.25,2021-02-07,2022-02-06,0.18,NA,"If entered during the period from February 7, 2021 through February 6, 2022 ...................................................18%",rev_2
9903.45.25,2022-02-07,2023-02-06,0.1475,NA,"If entered during the period from February 7, 2022 through February 6, 2023....................................................14.75%",rev_2
9903.45.25,2023-02-07,2024-02-06,0.145,NA,"If entered during the period from February 7, 2023 through February 6, 2024....................................................14.5%",rev_2
9903.45.25,2024-02-07,2025-02-06,0.1425,NA,"If entered during the period from February 7, 2024 through February 6, 2025....................................................14.25%",rev_2
9903.45.25,2025-02-07,2026-02-06,0.14,NA,"If entered during the period from February 7, 2025 through February 6, 2026....................................................14%",rev_2
9903.45.01,2018-02-07,2019-02-06,0.2,NA,"If entered during the period from February 7, 2018 through February 6, 2019....................................................20%",rev_20
9903.45.01,2019-02-07,2020-02-06,0.18,NA,"If entered during the period from February 7, 2019 through February 6, 2020 ...................................................18%",rev_20
9903.45.01,2020-02-07,2021-02-07,0.16,NA,"If entered during the period from February 7, 2020 through February 7, 2021....................................................16%",rev_20
9903.45.01,2021-02-08,2022-02-07,0.15,NA,"If entered during the period from February 8, 2021 through February 7, 2022 ................................................................................15%",rev_20
9903.45.01,2022-02-08,2023-02-07,0.14,NA,"If entered during the period from February 8, 2022 through February 7, 2023 ................................................................................14%",rev_20
9903.45.02,2018-02-07,2019-02-06,0.5,NA,"If entered during the period from February 7, 2018 through February 6, 2019....................................................50%",rev_20
9903.45.02,2019-02-07,2020-02-06,0.45,NA,"If entered during the period from February 7, 2019 through February 6, 2020....................................................45%",rev_20
9903.45.02,2020-02-07,2021-02-07,0.4,NA,"If entered during the period from February 7, 2020 through February 7, 2021....................................................40%",rev_20
9903.45.02,2021-02-08,2022-02-07,0.35,NA,"If entered during the period from February 8, 2021 through February 7, 2022 ................................................................................35%",rev_20
9903.45.02,2022-02-08,2023-02-07,0.3,NA,"If entered during the period from February 8, 2022 through February 7, 2023 ................................................................................30%",rev_20
9903.45.06,2018-02-07,2019-02-06,0.5,NA,"If entered during the period from February 7, 2018 through February 6, 2019....................................................50%",rev_20
9903.45.06,2019-02-07,2020-02-06,0.45,NA,"If entered during the period from February 7, 2019 through February 6, 2020....................................................45%",rev_20
9903.45.06,2020-02-07,2021-02-07,0.4,NA,"If entered during the period from February 7, 2020 through February 7, 2021....................................................40%",rev_20
9903.45.06,2021-02-08,2022-02-07,0.35,NA,"If entered during the period from February 8, 2021 through February 7, 2022 ................................................................................35%",rev_20
9903.45.06,2022-02-08,2023-02-07,0.3,NA,"If entered during the period from February 8, 2022 through February 7, 2023 ................................................................................30%",rev_20
9903.45.22,2018-02-07,2019-02-06,0.3,NA,"If entered during the period from February 7, 2018 through February 6, 2019....................................................30%",rev_20
9903.45.22,2019-02-07,2020-02-06,0.25,NA,"If entered during the period from February 7, 2019 through February 6, 2020....................................................25%",rev_20
9903.45.22,2020-02-07,2021-02-06,0.2,NA,"If entered during the period from February 7, 2020 through February 6, 2021 ...................................................20%",rev_20
9903.45.22,2021-02-07,2022-02-06,0.18,NA,"If entered during the period from February 7, 2021 through February 6, 2022 ...................................................18%",rev_20
9903.45.22,2022-02-07,2023-02-06,0.1475,NA,"If entered during the period from February 7, 2022 through February 6, 2023 ...................................................14.75%",rev_20
9903.45.22,2023-02-07,2024-02-06,0.145,NA,"If entered during the period from February 7, 2023 through February 6, 2024 ...................................................14.5%",rev_20
9903.45.22,2024-02-07,2025-02-06,0.1425,NA,"If entered during the period from February 7, 2024 through February 6, 2025 ...................................................14.25%",rev_20
9903.45.22,2025-02-07,2026-02-06,0.14,NA,"If entered during the period from February 7, 2025 through February 6, 2026 ...................................................14%",rev_20
9903.45.25,2018-02-07,2019-02-06,0.3,NA,"If entered during the period from February 7, 2018 through February 6, 2019....................................................30%",rev_20
9903.45.25,2019-02-07,2020-02-06,0.25,NA,"If entered during the period from February 7, 2019 through February 6, 2020....................................................25%",rev_20
9903.45.25,2020-02-07,2021-02-06,0.2,NA,"If entered during the period from February 7, 2020 through February 6, 2021 ...................................................20%",rev_20
9903.45.25,2021-02-07,2022-02-06,0.18,NA,"If entered during the period from February 7, 2021 through February 6, 2022 ...................................................18%",rev_20
9903.45.25,2022-02-07,2023-02-06,0.1475,NA,"If entered during the period from February 7, 2022 through February 6, 2023....................................................14.75%",rev_20
9903.45.25,2023-02-07,2024-02-06,0.145,NA,"If entered during the period from February 7, 2023 through February 6, 2024....................................................14.5%",rev_20
9903.45.25,2024-02-07,2025-02-06,0.1425,NA,"If entered during the period from February 7, 2024 through February 6, 2025....................................................14.25%",rev_20
9903.45.25,2025-02-07,2026-02-06,0.14,NA,"If entered during the period from February 7, 2025 through February 6, 2026....................................................14%",rev_20
9903.45.01,2018-02-07,2019-02-06,0.2,NA,"If entered during the period from February 7, 2018 through February 6, 2019....................................................20%",rev_21
9903.45.01,2019-02-07,2020-02-06,0.18,NA,"If entered during the period from February 7, 2019 through February 6, 2020 ...................................................18%",rev_21
9903.45.01,2020-02-07,2021-02-07,0.16,NA,"If entered during the period from February 7, 2020 through February 7, 2021....................................................16%",rev_21
9903.45.01,2021-02-08,2022-02-07,0.15,NA,"If entered during the period from February 8, 2021 through February 7, 2022 ................................................................................15%",rev_21
9903.45.01,2022-02-08,2023-02-07,0.14,NA,"If entered during the period from February 8, 2022 through February 7, 2023 ................................................................................14%",rev_21
9903.45.02,2018-02-07,2019-02-06,0.5,NA,"If entered during the period from February 7, 2018 through February 6, 2019....................................................50%",rev_21
9903.45.02,2019-02-07,2020-02-06,0.45,NA,"If entered during the period from February 7, 2019 through February 6, 2020....................................................45%",rev_21
9903.45.02,2020-02-07,2021-02-07,0.4,NA,"If entered during the period from February 7, 2020 through February 7, 2021....................................................40%",rev_21
9903.45.02,2021-02-08,2022-02-07,0.35,NA,"If entered during the period from February 8, 2021 through February 7, 2022 ................................................................................35%",rev_21
9903.45.02,2022-02-08,2023-02-07,0.3,NA,"If entered during the period from February 8, 2022 through February 7, 2023 ................................................................................30%",rev_21
9903.45.06,2018-02-07,2019-02-06,0.5,NA,"If entered during the period from February 7, 2018 through February 6, 2019....................................................50%",rev_21
9903.45.06,2019-02-07,2020-02-06,0.45,NA,"If entered during the period from February 7, 2019 through February 6, 2020....................................................45%",rev_21
9903.45.06,2020-02-07,2021-02-07,0.4,NA,"If entered during the period from February 7, 2020 through February 7, 2021....................................................40%",rev_21
9903.45.06,2021-02-08,2022-02-07,0.35,NA,"If entered during the period from February 8, 2021 through February 7, 2022 ................................................................................35%",rev_21
9903.45.06,2022-02-08,2023-02-07,0.3,NA,"If entered during the period from February 8, 2022 through February 7, 2023 ................................................................................30%",rev_21
9903.45.22,2018-02-07,2019-02-06,0.3,NA,"If entered during the period from February 7, 2018 through February 6, 2019....................................................30%",rev_21
9903.45.22,2019-02-07,2020-02-06,0.25,NA,"If entered during the period from February 7, 2019 through February 6, 2020....................................................25%",rev_21
9903.45.22,2020-02-07,2021-02-06,0.2,NA,"If entered during the period from February 7, 2020 through February 6, 2021 ...................................................20%",rev_21
9903.45.22,2021-02-07,2022-02-06,0.18,NA,"If entered during the period from February 7, 2021 through February 6, 2022 ...................................................18%",rev_21
9903.45.22,2022-02-07,2023-02-06,0.1475,NA,"If entered during the period from February 7, 2022 through February 6, 2023 ...................................................14.75%",rev_21
9903.45.22,2023-02-07,2024-02-06,0.145,NA,"If entered during the period from February 7, 2023 through February 6, 2024 ...................................................14.5%",rev_21
9903.45.22,2024-02-07,2025-02-06,0.1425,NA,"If entered during the period from February 7, 2024 through February 6, 2025 ...................................................14.25%",rev_21
9903.45.22,2025-02-07,2026-02-06,0.14,NA,"If entered during the period from February 7, 2025 through February 6, 2026 ...................................................14%",rev_21
9903.45.25,2018-02-07,2019-02-06,0.3,NA,"If entered during the period from February 7, 2018 through February 6, 2019....................................................30%",rev_21
9903.45.25,2019-02-07,2020-02-06,0.25,NA,"If entered during the period from February 7, 2019 through February 6, 2020....................................................25%",rev_21
9903.45.25,2020-02-07,2021-02-06,0.2,NA,"If entered during the period from February 7, 2020 through February 6, 2021 ...................................................20%",rev_21
9903.45.25,2021-02-07,2022-02-06,0.18,NA,"If entered during the period from February 7, 2021 through February 6, 2022 ...................................................18%",rev_21
9903.45.25,2022-02-07,2023-02-06,0.1475,NA,"If entered during the period from February 7, 2022 through February 6, 2023....................................................14.75%",rev_21
9903.45.25,2023-02-07,2024-02-06,0.145,NA,"If entered during the period from February 7, 2023 through February 6, 2024....................................................14.5%",rev_21
9903.45.25,2024-02-07,2025-02-06,0.1425,NA,"If entered during the period from February 7, 2024 through February 6, 2025....................................................14.25%",rev_21
9903.45.25,2025-02-07,2026-02-06,0.14,NA,"If entered during the period from February 7, 2025 through February 6, 2026....................................................14%",rev_21
9903.45.01,2018-02-07,2019-02-06,0.2,NA,"If entered during the period from February 7, 2018 through February 6, 2019....................................................20%",rev_22
9903.45.01,2019-02-07,2020-02-06,0.18,NA,"If entered during the period from February 7, 2019 through February 6, 2020 ...................................................18%",rev_22
9903.45.01,2020-02-07,2021-02-07,0.16,NA,"If entered during the period from February 7, 2020 through February 7, 2021....................................................16%",rev_22
9903.45.01,2021-02-08,2022-02-07,0.15,NA,"If entered during the period from February 8, 2021 through February 7, 2022 ................................................................................15%",rev_22
9903.45.01,2022-02-08,2023-02-07,0.14,NA,"If entered during the period from February 8, 2022 through February 7, 2023 ................................................................................14%",rev_22
9903.45.02,2018-02-07,2019-02-06,0.5,NA,"If entered during the period from February 7, 2018 through February 6, 2019....................................................50%",rev_22
9903.45.02,2019-02-07,2020-02-06,0.45,NA,"If entered during the period from February 7, 2019 through February 6, 2020....................................................45%",rev_22
9903.45.02,2020-02-07,2021-02-07,0.4,NA,"If entered during the period from February 7, 2020 through February 7, 2021....................................................40%",rev_22
9903.45.02,2021-02-08,2022-02-07,0.35,NA,"If entered during the period from February 8, 2021 through February 7, 2022 ................................................................................35%",rev_22
9903.45.02,2022-02-08,2023-02-07,0.3,NA,"If entered during the period from February 8, 2022 through February 7, 2023 ................................................................................30%",rev_22
9903.45.06,2018-02-07,2019-02-06,0.5,NA,"If entered during the period from February 7, 2018 through February 6, 2019....................................................50%",rev_22
9903.45.06,2019-02-07,2020-02-06,0.45,NA,"If entered during the period from February 7, 2019 through February 6, 2020....................................................45%",rev_22
9903.45.06,2020-02-07,2021-02-07,0.4,NA,"If entered during the period from February 7, 2020 through February 7, 2021....................................................40%",rev_22
9903.45.06,2021-02-08,2022-02-07,0.35,NA,"If entered during the period from February 8, 2021 through February 7, 2022 ................................................................................35%",rev_22
9903.45.06,2022-02-08,2023-02-07,0.3,NA,"If entered during the period from February 8, 2022 through February 7, 2023 ................................................................................30%",rev_22
9903.45.22,2018-02-07,2019-02-06,0.3,NA,"If entered during the period from February 7, 2018 through February 6, 2019....................................................30%",rev_22
9903.45.22,2019-02-07,2020-02-06,0.25,NA,"If entered during the period from February 7, 2019 through February 6, 2020....................................................25%",rev_22
9903.45.22,2020-02-07,2021-02-06,0.2,NA,"If entered during the period from February 7, 2020 through February 6, 2021 ...................................................20%",rev_22
9903.45.22,2021-02-07,2022-02-06,0.18,NA,"If entered during the period from February 7, 2021 through February 6, 2022 ...................................................18%",rev_22
9903.45.22,2022-02-07,2023-02-06,0.1475,NA,"If entered during the period from February 7, 2022 through February 6, 2023 ...................................................14.75%",rev_22
9903.45.22,2023-02-07,2024-02-06,0.145,NA,"If entered during the period from February 7, 2023 through February 6, 2024 ...................................................14.5%",rev_22
9903.45.22,2024-02-07,2025-02-06,0.1425,NA,"If entered during the period from February 7, 2024 through February 6, 2025 ...................................................14.25%",rev_22
9903.45.22,2025-02-07,2026-02-06,0.14,NA,"If entered during the period from February 7, 2025 through February 6, 2026 ...................................................14%",rev_22
9903.45.25,2018-02-07,2019-02-06,0.3,NA,"If entered during the period from February 7, 2018 through February 6, 2019....................................................30%",rev_22
9903.45.25,2019-02-07,2020-02-06,0.25,NA,"If entered during the period from February 7, 2019 through February 6, 2020....................................................25%",rev_22
9903.45.25,2020-02-07,2021-02-06,0.2,NA,"If entered during the period from February 7, 2020 through February 6, 2021 ...................................................20%",rev_22
9903.45.25,2021-02-07,2022-02-06,0.18,NA,"If entered during the period from February 7, 2021 through February 6, 2022 ...................................................18%",rev_22
9903.45.25,2022-02-07,2023-02-06,0.1475,NA,"If entered during the period from February 7, 2022 through February 6, 2023....................................................14.75%",rev_22
9903.45.25,2023-02-07,2024-02-06,0.145,NA,"If entered during the period from February 7, 2023 through February 6, 2024....................................................14.5%",rev_22
9903.45.25,2024-02-07,2025-02-06,0.1425,NA,"If entered during the period from February 7, 2024 through February 6, 2025....................................................14.25%",rev_22
9903.45.25,2025-02-07,2026-02-06,0.14,NA,"If entered during the period from February 7, 2025 through February 6, 2026....................................................14%",rev_22
9903.45.01,2018-02-07,2019-02-06,0.2,NA,"If entered during the period from February 7, 2018 through February 6, 2019....................................................20%",rev_23
9903.45.01,2019-02-07,2020-02-06,0.18,NA,"If entered during the period from February 7, 2019 through February 6, 2020 ...................................................18%",rev_23
9903.45.01,2020-02-07,2021-02-07,0.16,NA,"If entered during the period from February 7, 2020 through February 7, 2021....................................................16%",rev_23
9903.45.01,2021-02-08,2022-02-07,0.15,NA,"If entered during the period from February 8, 2021 through February 7, 2022 ................................................................................15%",rev_23
9903.45.01,2022-02-08,2023-02-07,0.14,NA,"If entered during the period from February 8, 2022 through February 7, 2023 ................................................................................14%",rev_23
9903.45.02,2018-02-07,2019-02-06,0.5,NA,"If entered during the period from February 7, 2018 through February 6, 2019....................................................50%",rev_23
9903.45.02,2019-02-07,2020-02-06,0.45,NA,"If entered during the period from February 7, 2019 through February 6, 2020....................................................45%",rev_23
9903.45.02,2020-02-07,2021-02-07,0.4,NA,"If entered during the period from February 7, 2020 through February 7, 2021....................................................40%",rev_23
9903.45.02,2021-02-08,2022-02-07,0.35,NA,"If entered during the period from February 8, 2021 through February 7, 2022 ................................................................................35%",rev_23
9903.45.02,2022-02-08,2023-02-07,0.3,NA,"If entered during the period from February 8, 2022 through February 7, 2023 ................................................................................30%",rev_23
9903.45.06,2018-02-07,2019-02-06,0.5,NA,"If entered during the period from February 7, 2018 through February 6, 2019....................................................50%",rev_23
9903.45.06,2019-02-07,2020-02-06,0.45,NA,"If entered during the period from February 7, 2019 through February 6, 2020....................................................45%",rev_23
9903.45.06,2020-02-07,2021-02-07,0.4,NA,"If entered during the period from February 7, 2020 through February 7, 2021....................................................40%",rev_23
9903.45.06,2021-02-08,2022-02-07,0.35,NA,"If entered during the period from February 8, 2021 through February 7, 2022 ................................................................................35%",rev_23
9903.45.06,2022-02-08,2023-02-07,0.3,NA,"If entered during the period from February 8, 2022 through February 7, 2023 ................................................................................30%",rev_23
9903.45.22,2018-02-07,2019-02-06,0.3,NA,"If entered during the period from February 7, 2018 through February 6, 2019....................................................30%",rev_23
9903.45.22,2019-02-07,2020-02-06,0.25,NA,"If entered during the period from February 7, 2019 through February 6, 2020....................................................25%",rev_23
9903.45.22,2020-02-07,2021-02-06,0.2,NA,"If entered during the period from February 7, 2020 through February 6, 2021 ...................................................20%",rev_23
9903.45.22,2021-02-07,2022-02-06,0.18,NA,"If entered during the period from February 7, 2021 through February 6, 2022 ...................................................18%",rev_23
9903.45.22,2022-02-07,2023-02-06,0.1475,NA,"If entered during the period from February 7, 2022 through February 6, 2023 ...................................................14.75%",rev_23
9903.45.22,2023-02-07,2024-02-06,0.145,NA,"If entered during the period from February 7, 2023 through February 6, 2024 ...................................................14.5%",rev_23
9903.45.22,2024-02-07,2025-02-06,0.1425,NA,"If entered during the period from February 7, 2024 through February 6, 2025 ...................................................14.25%",rev_23
9903.45.22,2025-02-07,2026-02-06,0.14,NA,"If entered during the period from February 7, 2025 through February 6, 2026 ...................................................14%",rev_23
9903.45.25,2018-02-07,2019-02-06,0.3,NA,"If entered during the period from February 7, 2018 through February 6, 2019....................................................30%",rev_23
9903.45.25,2019-02-07,2020-02-06,0.25,NA,"If entered during the period from February 7, 2019 through February 6, 2020....................................................25%",rev_23
9903.45.25,2020-02-07,2021-02-06,0.2,NA,"If entered during the period from February 7, 2020 through February 6, 2021 ...................................................20%",rev_23
9903.45.25,2021-02-07,2022-02-06,0.18,NA,"If entered during the period from February 7, 2021 through February 6, 2022 ...................................................18%",rev_23
9903.45.25,2022-02-07,2023-02-06,0.1475,NA,"If entered during the period from February 7, 2022 through February 6, 2023....................................................14.75%",rev_23
9903.45.25,2023-02-07,2024-02-06,0.145,NA,"If entered during the period from February 7, 2023 through February 6, 2024....................................................14.5%",rev_23
9903.45.25,2024-02-07,2025-02-06,0.1425,NA,"If entered during the period from February 7, 2024 through February 6, 2025....................................................14.25%",rev_23
9903.45.25,2025-02-07,2026-02-06,0.14,NA,"If entered during the period from February 7, 2025 through February 6, 2026....................................................14%",rev_23
9903.45.01,2018-02-07,2019-02-06,0.2,NA,"If entered during the period from February 7, 2018 through February 6, 2019....................................................20%",rev_24
9903.45.01,2019-02-07,2020-02-06,0.18,NA,"If entered during the period from February 7, 2019 through February 6, 2020 ...................................................18%",rev_24
9903.45.01,2020-02-07,2021-02-07,0.16,NA,"If entered during the period from February 7, 2020 through February 7, 2021....................................................16%",rev_24
9903.45.01,2021-02-08,2022-02-07,0.15,NA,"If entered during the period from February 8, 2021 through February 7, 2022 ................................................................................15%",rev_24
9903.45.01,2022-02-08,2023-02-07,0.14,NA,"If entered during the period from February 8, 2022 through February 7, 2023 ................................................................................14%",rev_24
9903.45.02,2018-02-07,2019-02-06,0.5,NA,"If entered during the period from February 7, 2018 through February 6, 2019....................................................50%",rev_24
9903.45.02,2019-02-07,2020-02-06,0.45,NA,"If entered during the period from February 7, 2019 through February 6, 2020....................................................45%",rev_24
9903.45.02,2020-02-07,2021-02-07,0.4,NA,"If entered during the period from February 7, 2020 through February 7, 2021....................................................40%",rev_24
9903.45.02,2021-02-08,2022-02-07,0.35,NA,"If entered during the period from February 8, 2021 through February 7, 2022 ................................................................................35%",rev_24
9903.45.02,2022-02-08,2023-02-07,0.3,NA,"If entered during the period from February 8, 2022 through February 7, 2023 ................................................................................30%",rev_24
9903.45.06,2018-02-07,2019-02-06,0.5,NA,"If entered during the period from February 7, 2018 through February 6, 2019....................................................50%",rev_24
9903.45.06,2019-02-07,2020-02-06,0.45,NA,"If entered during the period from February 7, 2019 through February 6, 2020....................................................45%",rev_24
9903.45.06,2020-02-07,2021-02-07,0.4,NA,"If entered during the period from February 7, 2020 through February 7, 2021....................................................40%",rev_24
9903.45.06,2021-02-08,2022-02-07,0.35,NA,"If entered during the period from February 8, 2021 through February 7, 2022 ................................................................................35%",rev_24
9903.45.06,2022-02-08,2023-02-07,0.3,NA,"If entered during the period from February 8, 2022 through February 7, 2023 ................................................................................30%",rev_24
9903.45.22,2018-02-07,2019-02-06,0.3,NA,"If entered during the period from February 7, 2018 through February 6, 2019....................................................30%",rev_24
9903.45.22,2019-02-07,2020-02-06,0.25,NA,"If entered during the period from February 7, 2019 through February 6, 2020....................................................25%",rev_24
9903.45.22,2020-02-07,2021-02-06,0.2,NA,"If entered during the period from February 7, 2020 through February 6, 2021 ...................................................20%",rev_24
9903.45.22,2021-02-07,2022-02-06,0.18,NA,"If entered during the period from February 7, 2021 through February 6, 2022 ...................................................18%",rev_24
9903.45.22,2022-02-07,2023-02-06,0.1475,NA,"If entered during the period from February 7, 2022 through February 6, 2023 ...................................................14.75%",rev_24
9903.45.22,2023-02-07,2024-02-06,0.145,NA,"If entered during the period from February 7, 2023 through February 6, 2024 ...................................................14.5%",rev_24
9903.45.22,2024-02-07,2025-02-06,0.1425,NA,"If entered during the period from February 7, 2024 through February 6, 2025 ...................................................14.25%",rev_24
9903.45.22,2025-02-07,2026-02-06,0.14,NA,"If entered during the period from February 7, 2025 through February 6, 2026 ...................................................14%",rev_24
9903.45.25,2018-02-07,2019-02-06,0.3,NA,"If entered during the period from February 7, 2018 through February 6, 2019....................................................30%",rev_24
9903.45.25,2019-02-07,2020-02-06,0.25,NA,"If entered during the period from February 7, 2019 through February 6, 2020....................................................25%",rev_24
9903.45.25,2020-02-07,2021-02-06,0.2,NA,"If entered during the period from February 7, 2020 through February 6, 2021 ...................................................20%",rev_24
9903.45.25,2021-02-07,2022-02-06,0.18,NA,"If entered during the period from February 7, 2021 through February 6, 2022 ...................................................18%",rev_24
9903.45.25,2022-02-07,2023-02-06,0.1475,NA,"If entered during the period from February 7, 2022 through February 6, 2023....................................................14.75%",rev_24
9903.45.25,2023-02-07,2024-02-06,0.145,NA,"If entered during the period from February 7, 2023 through February 6, 2024....................................................14.5%",rev_24
9903.45.25,2024-02-07,2025-02-06,0.1425,NA,"If entered during the period from February 7, 2024 through February 6, 2025....................................................14.25%",rev_24
9903.45.25,2025-02-07,2026-02-06,0.14,NA,"If entered during the period from February 7, 2025 through February 6, 2026....................................................14%",rev_24
9903.45.01,2018-02-07,2019-02-06,0.2,NA,"If entered during the period from February 7, 2018 through February 6, 2019....................................................20%",rev_25
9903.45.01,2019-02-07,2020-02-06,0.18,NA,"If entered during the period from February 7, 2019 through February 6, 2020 ...................................................18%",rev_25
9903.45.01,2020-02-07,2021-02-07,0.16,NA,"If entered during the period from February 7, 2020 through February 7, 2021....................................................16%",rev_25
9903.45.01,2021-02-08,2022-02-07,0.15,NA,"If entered during the period from February 8, 2021 through February 7, 2022 ................................................................................15%",rev_25
9903.45.01,2022-02-08,2023-02-07,0.14,NA,"If entered during the period from February 8, 2022 through February 7, 2023 ................................................................................14%",rev_25
9903.45.02,2018-02-07,2019-02-06,0.5,NA,"If entered during the period from February 7, 2018 through February 6, 2019....................................................50%",rev_25
9903.45.02,2019-02-07,2020-02-06,0.45,NA,"If entered during the period from February 7, 2019 through February 6, 2020....................................................45%",rev_25
9903.45.02,2020-02-07,2021-02-07,0.4,NA,"If entered during the period from February 7, 2020 through February 7, 2021....................................................40%",rev_25
9903.45.02,2021-02-08,2022-02-07,0.35,NA,"If entered during the period from February 8, 2021 through February 7, 2022 ................................................................................35%",rev_25
9903.45.02,2022-02-08,2023-02-07,0.3,NA,"If entered during the period from February 8, 2022 through February 7, 2023 ................................................................................30%",rev_25
9903.45.06,2018-02-07,2019-02-06,0.5,NA,"If entered during the period from February 7, 2018 through February 6, 2019....................................................50%",rev_25
9903.45.06,2019-02-07,2020-02-06,0.45,NA,"If entered during the period from February 7, 2019 through February 6, 2020....................................................45%",rev_25
9903.45.06,2020-02-07,2021-02-07,0.4,NA,"If entered during the period from February 7, 2020 through February 7, 2021....................................................40%",rev_25
9903.45.06,2021-02-08,2022-02-07,0.35,NA,"If entered during the period from February 8, 2021 through February 7, 2022 ................................................................................35%",rev_25
9903.45.06,2022-02-08,2023-02-07,0.3,NA,"If entered during the period from February 8, 2022 through February 7, 2023 ................................................................................30%",rev_25
9903.45.22,2018-02-07,2019-02-06,0.3,NA,"If entered during the period from February 7, 2018 through February 6, 2019....................................................30%",rev_25
9903.45.22,2019-02-07,2020-02-06,0.25,NA,"If entered during the period from February 7, 2019 through February 6, 2020....................................................25%",rev_25
9903.45.22,2020-02-07,2021-02-06,0.2,NA,"If entered during the period from February 7, 2020 through February 6, 2021 ...................................................20%",rev_25
9903.45.22,2021-02-07,2022-02-06,0.18,NA,"If entered during the period from February 7, 2021 through February 6, 2022 ...................................................18%",rev_25
9903.45.22,2022-02-07,2023-02-06,0.1475,NA,"If entered during the period from February 7, 2022 through February 6, 2023 ...................................................14.75%",rev_25
9903.45.22,2023-02-07,2024-02-06,0.145,NA,"If entered during the period from February 7, 2023 through February 6, 2024 ...................................................14.5%",rev_25
9903.45.22,2024-02-07,2025-02-06,0.1425,NA,"If entered during the period from February 7, 2024 through February 6, 2025 ...................................................14.25%",rev_25
9903.45.22,2025-02-07,2026-02-06,0.14,NA,"If entered during the period from February 7, 2025 through February 6, 2026 ...................................................14%",rev_25
9903.45.25,2018-02-07,2019-02-06,0.3,NA,"If entered during the period from February 7, 2018 through February 6, 2019....................................................30%",rev_25
9903.45.25,2019-02-07,2020-02-06,0.25,NA,"If entered during the period from February 7, 2019 through February 6, 2020....................................................25%",rev_25
9903.45.25,2020-02-07,2021-02-06,0.2,NA,"If entered during the period from February 7, 2020 through February 6, 2021 ...................................................20%",rev_25
9903.45.25,2021-02-07,2022-02-06,0.18,NA,"If entered during the period from February 7, 2021 through February 6, 2022 ...................................................18%",rev_25
9903.45.25,2022-02-07,2023-02-06,0.1475,NA,"If entered during the period from February 7, 2022 through February 6, 2023....................................................14.75%",rev_25
9903.45.25,2023-02-07,2024-02-06,0.145,NA,"If entered during the period from February 7, 2023 through February 6, 2024....................................................14.5%",rev_25
9903.45.25,2024-02-07,2025-02-06,0.1425,NA,"If entered during the period from February 7, 2024 through February 6, 2025....................................................14.25%",rev_25
9903.45.25,2025-02-07,2026-02-06,0.14,NA,"If entered during the period from February 7, 2025 through February 6, 2026....................................................14%",rev_25
9903.45.01,2018-02-07,2019-02-06,0.2,NA,"If entered during the period from February 7, 2018 through February 6, 2019....................................................20%",rev_26
9903.45.01,2019-02-07,2020-02-06,0.18,NA,"If entered during the period from February 7, 2019 through February 6, 2020 ...................................................18%",rev_26
9903.45.01,2020-02-07,2021-02-07,0.16,NA,"If entered during the period from February 7, 2020 through February 7, 2021....................................................16%",rev_26
9903.45.01,2021-02-08,2022-02-07,0.15,NA,"If entered during the period from February 8, 2021 through February 7, 2022 ................................................................................15%",rev_26
9903.45.01,2022-02-08,2023-02-07,0.14,NA,"If entered during the period from February 8, 2022 through February 7, 2023 ................................................................................14%",rev_26
9903.45.02,2018-02-07,2019-02-06,0.5,NA,"If entered during the period from February 7, 2018 through February 6, 2019....................................................50%",rev_26
9903.45.02,2019-02-07,2020-02-06,0.45,NA,"If entered during the period from February 7, 2019 through February 6, 2020....................................................45%",rev_26
9903.45.02,2020-02-07,2021-02-07,0.4,NA,"If entered during the period from February 7, 2020 through February 7, 2021....................................................40%",rev_26
9903.45.02,2021-02-08,2022-02-07,0.35,NA,"If entered during the period from February 8, 2021 through February 7, 2022 ................................................................................35%",rev_26
9903.45.02,2022-02-08,2023-02-07,0.3,NA,"If entered during the period from February 8, 2022 through February 7, 2023 ................................................................................30%",rev_26
9903.45.06,2018-02-07,2019-02-06,0.5,NA,"If entered during the period from February 7, 2018 through February 6, 2019....................................................50%",rev_26
9903.45.06,2019-02-07,2020-02-06,0.45,NA,"If entered during the period from February 7, 2019 through February 6, 2020....................................................45%",rev_26
9903.45.06,2020-02-07,2021-02-07,0.4,NA,"If entered during the period from February 7, 2020 through February 7, 2021....................................................40%",rev_26
9903.45.06,2021-02-08,2022-02-07,0.35,NA,"If entered during the period from February 8, 2021 through February 7, 2022 ................................................................................35%",rev_26
9903.45.06,2022-02-08,2023-02-07,0.3,NA,"If entered during the period from February 8, 2022 through February 7, 2023 ................................................................................30%",rev_26
9903.45.22,2018-02-07,2019-02-06,0.3,NA,"If entered during the period from February 7, 2018 through February 6, 2019....................................................30%",rev_26
9903.45.22,2019-02-07,2020-02-06,0.25,NA,"If entered during the period from February 7, 2019 through February 6, 2020....................................................25%",rev_26
9903.45.22,2020-02-07,2021-02-06,0.2,NA,"If entered during the period from February 7, 2020 through February 6, 2021 ...................................................20%",rev_26
9903.45.22,2021-02-07,2022-02-06,0.18,NA,"If entered during the period from February 7, 2021 through February 6, 2022 ...................................................18%",rev_26
9903.45.22,2022-02-07,2023-02-06,0.1475,NA,"If entered during the period from February 7, 2022 through February 6, 2023 ...................................................14.75%",rev_26
9903.45.22,2023-02-07,2024-02-06,0.145,NA,"If entered during the period from February 7, 2023 through February 6, 2024 ...................................................14.5%",rev_26
9903.45.22,2024-02-07,2025-02-06,0.1425,NA,"If entered during the period from February 7, 2024 through February 6, 2025 ...................................................14.25%",rev_26
9903.45.22,2025-02-07,2026-02-06,0.14,NA,"If entered during the period from February 7, 2025 through February 6, 2026 ...................................................14%",rev_26
9903.45.25,2018-02-07,2019-02-06,0.3,NA,"If entered during the period from February 7, 2018 through February 6, 2019....................................................30%",rev_26
9903.45.25,2019-02-07,2020-02-06,0.25,NA,"If entered during the period from February 7, 2019 through February 6, 2020....................................................25%",rev_26
9903.45.25,2020-02-07,2021-02-06,0.2,NA,"If entered during the period from February 7, 2020 through February 6, 2021 ...................................................20%",rev_26
9903.45.25,2021-02-07,2022-02-06,0.18,NA,"If entered during the period from February 7, 2021 through February 6, 2022 ...................................................18%",rev_26
9903.45.25,2022-02-07,2023-02-06,0.1475,NA,"If entered during the period from February 7, 2022 through February 6, 2023....................................................14.75%",rev_26
9903.45.25,2023-02-07,2024-02-06,0.145,NA,"If entered during the period from February 7, 2023 through February 6, 2024....................................................14.5%",rev_26
9903.45.25,2024-02-07,2025-02-06,0.1425,NA,"If entered during the period from February 7, 2024 through February 6, 2025....................................................14.25%",rev_26
9903.45.25,2025-02-07,2026-02-06,0.14,NA,"If entered during the period from February 7, 2025 through February 6, 2026....................................................14%",rev_26
9903.45.01,2018-02-07,2019-02-06,0.2,NA,"If entered during the period from February 7, 2018 through February 6, 2019....................................................20%",rev_27
9903.45.01,2019-02-07,2020-02-06,0.18,NA,"If entered during the period from February 7, 2019 through February 6, 2020 ...................................................18%",rev_27
9903.45.01,2020-02-07,2021-02-07,0.16,NA,"If entered during the period from February 7, 2020 through February 7, 2021....................................................16%",rev_27
9903.45.01,2021-02-08,2022-02-07,0.15,NA,"If entered during the period from February 8, 2021 through February 7, 2022 ................................................................................15%",rev_27
9903.45.01,2022-02-08,2023-02-07,0.14,NA,"If entered during the period from February 8, 2022 through February 7, 2023 ................................................................................14%",rev_27
9903.45.02,2018-02-07,2019-02-06,0.5,NA,"If entered during the period from February 7, 2018 through February 6, 2019....................................................50%",rev_27
9903.45.02,2019-02-07,2020-02-06,0.45,NA,"If entered during the period from February 7, 2019 through February 6, 2020....................................................45%",rev_27
9903.45.02,2020-02-07,2021-02-07,0.4,NA,"If entered during the period from February 7, 2020 through February 7, 2021....................................................40%",rev_27
9903.45.02,2021-02-08,2022-02-07,0.35,NA,"If entered during the period from February 8, 2021 through February 7, 2022 ................................................................................35%",rev_27
9903.45.02,2022-02-08,2023-02-07,0.3,NA,"If entered during the period from February 8, 2022 through February 7, 2023 ................................................................................30%",rev_27
9903.45.06,2018-02-07,2019-02-06,0.5,NA,"If entered during the period from February 7, 2018 through February 6, 2019....................................................50%",rev_27
9903.45.06,2019-02-07,2020-02-06,0.45,NA,"If entered during the period from February 7, 2019 through February 6, 2020....................................................45%",rev_27
9903.45.06,2020-02-07,2021-02-07,0.4,NA,"If entered during the period from February 7, 2020 through February 7, 2021....................................................40%",rev_27
9903.45.06,2021-02-08,2022-02-07,0.35,NA,"If entered during the period from February 8, 2021 through February 7, 2022 ................................................................................35%",rev_27
9903.45.06,2022-02-08,2023-02-07,0.3,NA,"If entered during the period from February 8, 2022 through February 7, 2023 ................................................................................30%",rev_27
9903.45.22,2018-02-07,2019-02-06,0.3,NA,"If entered during the period from February 7, 2018 through February 6, 2019....................................................30%",rev_27
9903.45.22,2019-02-07,2020-02-06,0.25,NA,"If entered during the period from February 7, 2019 through February 6, 2020....................................................25%",rev_27
9903.45.22,2020-02-07,2021-02-06,0.2,NA,"If entered during the period from February 7, 2020 through February 6, 2021 ...................................................20%",rev_27
9903.45.22,2021-02-07,2022-02-06,0.18,NA,"If entered during the period from February 7, 2021 through February 6, 2022 ...................................................18%",rev_27
9903.45.22,2022-02-07,2023-02-06,0.1475,NA,"If entered during the period from February 7, 2022 through February 6, 2023 ...................................................14.75%",rev_27
9903.45.22,2023-02-07,2024-02-06,0.145,NA,"If entered during the period from February 7, 2023 through February 6, 2024 ...................................................14.5%",rev_27
9903.45.22,2024-02-07,2025-02-06,0.1425,NA,"If entered during the period from February 7, 2024 through February 6, 2025 ...................................................14.25%",rev_27
9903.45.22,2025-02-07,2026-02-06,0.14,NA,"If entered during the period from February 7, 2025 through February 6, 2026 ...................................................14%",rev_27
9903.45.25,2018-02-07,2019-02-06,0.3,NA,"If entered during the period from February 7, 2018 through February 6, 2019....................................................30%",rev_27
9903.45.25,2019-02-07,2020-02-06,0.25,NA,"If entered during the period from February 7, 2019 through February 6, 2020....................................................25%",rev_27
9903.45.25,2020-02-07,2021-02-06,0.2,NA,"If entered during the period from February 7, 2020 through February 6, 2021 ...................................................20%",rev_27
9903.45.25,2021-02-07,2022-02-06,0.18,NA,"If entered during the period from February 7, 2021 through February 6, 2022 ...................................................18%",rev_27
9903.45.25,2022-02-07,2023-02-06,0.1475,NA,"If entered during the period from February 7, 2022 through February 6, 2023....................................................14.75%",rev_27
9903.45.25,2023-02-07,2024-02-06,0.145,NA,"If entered during the period from February 7, 2023 through February 6, 2024....................................................14.5%",rev_27
9903.45.25,2024-02-07,2025-02-06,0.1425,NA,"If entered during the period from February 7, 2024 through February 6, 2025....................................................14.25%",rev_27
9903.45.25,2025-02-07,2026-02-06,0.14,NA,"If entered during the period from February 7, 2025 through February 6, 2026....................................................14%",rev_27
9903.45.01,2018-02-07,2019-02-06,0.2,NA,"If entered during the period from February 7, 2018 through February 6, 2019....................................................20%",rev_28
9903.45.01,2019-02-07,2020-02-06,0.18,NA,"If entered during the period from February 7, 2019 through February 6, 2020 ...................................................18%",rev_28
9903.45.01,2020-02-07,2021-02-07,0.16,NA,"If entered during the period from February 7, 2020 through February 7, 2021....................................................16%",rev_28
9903.45.01,2021-02-08,2022-02-07,0.15,NA,"If entered during the period from February 8, 2021 through February 7, 2022 ................................................................................15%",rev_28
9903.45.01,2022-02-08,2023-02-07,0.14,NA,"If entered during the period from February 8, 2022 through February 7, 2023 ................................................................................14%",rev_28
9903.45.02,2018-02-07,2019-02-06,0.5,NA,"If entered during the period from February 7, 2018 through February 6, 2019....................................................50%",rev_28
9903.45.02,2019-02-07,2020-02-06,0.45,NA,"If entered during the period from February 7, 2019 through February 6, 2020....................................................45%",rev_28
9903.45.02,2020-02-07,2021-02-07,0.4,NA,"If entered during the period from February 7, 2020 through February 7, 2021....................................................40%",rev_28
9903.45.02,2021-02-08,2022-02-07,0.35,NA,"If entered during the period from February 8, 2021 through February 7, 2022 ................................................................................35%",rev_28
9903.45.02,2022-02-08,2023-02-07,0.3,NA,"If entered during the period from February 8, 2022 through February 7, 2023 ................................................................................30%",rev_28
9903.45.06,2018-02-07,2019-02-06,0.5,NA,"If entered during the period from February 7, 2018 through February 6, 2019....................................................50%",rev_28
9903.45.06,2019-02-07,2020-02-06,0.45,NA,"If entered during the period from February 7, 2019 through February 6, 2020....................................................45%",rev_28
9903.45.06,2020-02-07,2021-02-07,0.4,NA,"If entered during the period from February 7, 2020 through February 7, 2021....................................................40%",rev_28
9903.45.06,2021-02-08,2022-02-07,0.35,NA,"If entered during the period from February 8, 2021 through February 7, 2022 ................................................................................35%",rev_28
9903.45.06,2022-02-08,2023-02-07,0.3,NA,"If entered during the period from February 8, 2022 through February 7, 2023 ................................................................................30%",rev_28
9903.45.22,2018-02-07,2019-02-06,0.3,NA,"If entered during the period from February 7, 2018 through February 6, 2019....................................................30%",rev_28
9903.45.22,2019-02-07,2020-02-06,0.25,NA,"If entered during the period from February 7, 2019 through February 6, 2020....................................................25%",rev_28
9903.45.22,2020-02-07,2021-02-06,0.2,NA,"If entered during the period from February 7, 2020 through February 6, 2021 ...................................................20%",rev_28
9903.45.22,2021-02-07,2022-02-06,0.18,NA,"If entered during the period from February 7, 2021 through February 6, 2022 ...................................................18%",rev_28
9903.45.22,2022-02-07,2023-02-06,0.1475,NA,"If entered during the period from February 7, 2022 through February 6, 2023 ...................................................14.75%",rev_28
9903.45.22,2023-02-07,2024-02-06,0.145,NA,"If entered during the period from February 7, 2023 through February 6, 2024 ...................................................14.5%",rev_28
9903.45.22,2024-02-07,2025-02-06,0.1425,NA,"If entered during the period from February 7, 2024 through February 6, 2025 ...................................................14.25%",rev_28
9903.45.22,2025-02-07,2026-02-06,0.14,NA,"If entered during the period from February 7, 2025 through February 6, 2026 ...................................................14%",rev_28
9903.45.25,2018-02-07,2019-02-06,0.3,NA,"If entered during the period from February 7, 2018 through February 6, 2019....................................................30%",rev_28
9903.45.25,2019-02-07,2020-02-06,0.25,NA,"If entered during the period from February 7, 2019 through February 6, 2020....................................................25%",rev_28
9903.45.25,2020-02-07,2021-02-06,0.2,NA,"If entered during the period from February 7, 2020 through February 6, 2021 ...................................................20%",rev_28
9903.45.25,2021-02-07,2022-02-06,0.18,NA,"If entered during the period from February 7, 2021 through February 6, 2022 ...................................................18%",rev_28
9903.45.25,2022-02-07,2023-02-06,0.1475,NA,"If entered during the period from February 7, 2022 through February 6, 2023....................................................14.75%",rev_28
9903.45.25,2023-02-07,2024-02-06,0.145,NA,"If entered during the period from February 7, 2023 through February 6, 2024....................................................14.5%",rev_28
9903.45.25,2024-02-07,2025-02-06,0.1425,NA,"If entered during the period from February 7, 2024 through February 6, 2025....................................................14.25%",rev_28
9903.45.25,2025-02-07,2026-02-06,0.14,NA,"If entered during the period from February 7, 2025 through February 6, 2026....................................................14%",rev_28
9903.45.01,2018-02-07,2019-02-06,0.2,NA,"If entered during the period from February 7, 2018 through February 6, 2019....................................................20%",rev_29
9903.45.01,2019-02-07,2020-02-06,0.18,NA,"If entered during the period from February 7, 2019 through February 6, 2020 ...................................................18%",rev_29
9903.45.01,2020-02-07,2021-02-07,0.16,NA,"If entered during the period from February 7, 2020 through February 7, 2021....................................................16%",rev_29
9903.45.01,2021-02-08,2022-02-07,0.15,NA,"If entered during the period from February 8, 2021 through February 7, 2022 ................................................................................15%",rev_29
9903.45.01,2022-02-08,2023-02-07,0.14,NA,"If entered during the period from February 8, 2022 through February 7, 2023 ................................................................................14%",rev_29
9903.45.02,2018-02-07,2019-02-06,0.5,NA,"If entered during the period from February 7, 2018 through February 6, 2019....................................................50%",rev_29
9903.45.02,2019-02-07,2020-02-06,0.45,NA,"If entered during the period from February 7, 2019 through February 6, 2020....................................................45%",rev_29
9903.45.02,2020-02-07,2021-02-07,0.4,NA,"If entered during the period from February 7, 2020 through February 7, 2021....................................................40%",rev_29
9903.45.02,2021-02-08,2022-02-07,0.35,NA,"If entered during the period from February 8, 2021 through February 7, 2022 ................................................................................35%",rev_29
9903.45.02,2022-02-08,2023-02-07,0.3,NA,"If entered during the period from February 8, 2022 through February 7, 2023 ................................................................................30%",rev_29
9903.45.06,2018-02-07,2019-02-06,0.5,NA,"If entered during the period from February 7, 2018 through February 6, 2019....................................................50%",rev_29
9903.45.06,2019-02-07,2020-02-06,0.45,NA,"If entered during the period from February 7, 2019 through February 6, 2020....................................................45%",rev_29
9903.45.06,2020-02-07,2021-02-07,0.4,NA,"If entered during the period from February 7, 2020 through February 7, 2021....................................................40%",rev_29
9903.45.06,2021-02-08,2022-02-07,0.35,NA,"If entered during the period from February 8, 2021 through February 7, 2022 ................................................................................35%",rev_29
9903.45.06,2022-02-08,2023-02-07,0.3,NA,"If entered during the period from February 8, 2022 through February 7, 2023 ................................................................................30%",rev_29
9903.45.22,2018-02-07,2019-02-06,0.3,NA,"If entered during the period from February 7, 2018 through February 6, 2019....................................................30%",rev_29
9903.45.22,2019-02-07,2020-02-06,0.25,NA,"If entered during the period from February 7, 2019 through February 6, 2020....................................................25%",rev_29
9903.45.22,2020-02-07,2021-02-06,0.2,NA,"If entered during the period from February 7, 2020 through February 6, 2021 ...................................................20%",rev_29
9903.45.22,2021-02-07,2022-02-06,0.18,NA,"If entered during the period from February 7, 2021 through February 6, 2022 ...................................................18%",rev_29
9903.45.22,2022-02-07,2023-02-06,0.1475,NA,"If entered during the period from February 7, 2022 through February 6, 2023 ...................................................14.75%",rev_29
9903.45.22,2023-02-07,2024-02-06,0.145,NA,"If entered during the period from February 7, 2023 through February 6, 2024 ...................................................14.5%",rev_29
9903.45.22,2024-02-07,2025-02-06,0.1425,NA,"If entered during the period from February 7, 2024 through February 6, 2025 ...................................................14.25%",rev_29
9903.45.22,2025-02-07,2026-02-06,0.14,NA,"If entered during the period from February 7, 2025 through February 6, 2026 ...................................................14%",rev_29
9903.45.25,2018-02-07,2019-02-06,0.3,NA,"If entered during the period from February 7, 2018 through February 6, 2019....................................................30%",rev_29
9903.45.25,2019-02-07,2020-02-06,0.25,NA,"If entered during the period from February 7, 2019 through February 6, 2020....................................................25%",rev_29
9903.45.25,2020-02-07,2021-02-06,0.2,NA,"If entered during the period from February 7, 2020 through February 6, 2021 ...................................................20%",rev_29
9903.45.25,2021-02-07,2022-02-06,0.18,NA,"If entered during the period from February 7, 2021 through February 6, 2022 ...................................................18%",rev_29
9903.45.25,2022-02-07,2023-02-06,0.1475,NA,"If entered during the period from February 7, 2022 through February 6, 2023....................................................14.75%",rev_29
9903.45.25,2023-02-07,2024-02-06,0.145,NA,"If entered during the period from February 7, 2023 through February 6, 2024....................................................14.5%",rev_29
9903.45.25,2024-02-07,2025-02-06,0.1425,NA,"If entered during the period from February 7, 2024 through February 6, 2025....................................................14.25%",rev_29
9903.45.25,2025-02-07,2026-02-06,0.14,NA,"If entered during the period from February 7, 2025 through February 6, 2026....................................................14%",rev_29
9903.45.01,2018-02-07,2019-02-06,0.2,NA,"If entered during the period from February 7, 2018 through February 6, 2019....................................................20%",rev_3
9903.45.01,2019-02-07,2020-02-06,0.18,NA,"If entered during the period from February 7, 2019 through February 6, 2020 ...................................................18%",rev_3
9903.45.01,2020-02-07,2021-02-07,0.16,NA,"If entered during the period from February 7, 2020 through February 7, 2021....................................................16%",rev_3
9903.45.01,2021-02-08,2022-02-07,0.15,NA,"If entered during the period from February 8, 2021 through February 7, 2022 ................................................................................15%",rev_3
9903.45.01,2022-02-08,2023-02-07,0.14,NA,"If entered during the period from February 8, 2022 through February 7, 2023 ................................................................................14%",rev_3
9903.45.02,2018-02-07,2019-02-06,0.5,NA,"If entered during the period from February 7, 2018 through February 6, 2019....................................................50%",rev_3
9903.45.02,2019-02-07,2020-02-06,0.45,NA,"If entered during the period from February 7, 2019 through February 6, 2020....................................................45%",rev_3
9903.45.02,2020-02-07,2021-02-07,0.4,NA,"If entered during the period from February 7, 2020 through February 7, 2021....................................................40%",rev_3
9903.45.02,2021-02-08,2022-02-07,0.35,NA,"If entered during the period from February 8, 2021 through February 7, 2022 ................................................................................35%",rev_3
9903.45.02,2022-02-08,2023-02-07,0.3,NA,"If entered during the period from February 8, 2022 through February 7, 2023 ................................................................................30%",rev_3
9903.45.06,2018-02-07,2019-02-06,0.5,NA,"If entered during the period from February 7, 2018 through February 6, 2019....................................................50%",rev_3
9903.45.06,2019-02-07,2020-02-06,0.45,NA,"If entered during the period from February 7, 2019 through February 6, 2020....................................................45%",rev_3
9903.45.06,2020-02-07,2021-02-07,0.4,NA,"If entered during the period from February 7, 2020 through February 7, 2021....................................................40%",rev_3
9903.45.06,2021-02-08,2022-02-07,0.35,NA,"If entered during the period from February 8, 2021 through February 7, 2022 ................................................................................35%",rev_3
9903.45.06,2022-02-08,2023-02-07,0.3,NA,"If entered during the period from February 8, 2022 through February 7, 2023 ................................................................................30%",rev_3
9903.45.22,2018-02-07,2019-02-06,0.3,NA,"If entered during the period from February 7, 2018 through February 6, 2019....................................................30%",rev_3
9903.45.22,2019-02-07,2020-02-06,0.25,NA,"If entered during the period from February 7, 2019 through February 6, 2020....................................................25%",rev_3
9903.45.22,2020-02-07,2021-02-06,0.2,NA,"If entered during the period from February 7, 2020 through February 6, 2021 ...................................................20%",rev_3
9903.45.22,2021-02-07,2022-02-06,0.18,NA,"If entered during the period from February 7, 2021 through February 6, 2022 ...................................................18%",rev_3
9903.45.22,2022-02-07,2023-02-06,0.1475,NA,"If entered during the period from February 7, 2022 through February 6, 2023 ...................................................14.75%",rev_3
9903.45.22,2023-02-07,2024-02-06,0.145,NA,"If entered during the period from February 7, 2023 through February 6, 2024 ...................................................14.5%",rev_3
9903.45.22,2024-02-07,2025-02-06,0.1425,NA,"If entered during the period from February 7, 2024 through February 6, 2025 ...................................................14.25%",rev_3
9903.45.22,2025-02-07,2026-02-06,0.14,NA,"If entered during the period from February 7, 2025 through February 6, 2026 ...................................................14%",rev_3
9903.45.25,2018-02-07,2019-02-06,0.3,NA,"If entered during the period from February 7, 2018 through February 6, 2019....................................................30%",rev_3
9903.45.25,2019-02-07,2020-02-06,0.25,NA,"If entered during the period from February 7, 2019 through February 6, 2020....................................................25%",rev_3
9903.45.25,2020-02-07,2021-02-06,0.2,NA,"If entered during the period from February 7, 2020 through February 6, 2021 ...................................................20%",rev_3
9903.45.25,2021-02-07,2022-02-06,0.18,NA,"If entered during the period from February 7, 2021 through February 6, 2022 ...................................................18%",rev_3
9903.45.25,2022-02-07,2023-02-06,0.1475,NA,"If entered during the period from February 7, 2022 through February 6, 2023....................................................14.75%",rev_3
9903.45.25,2023-02-07,2024-02-06,0.145,NA,"If entered during the period from February 7, 2023 through February 6, 2024....................................................14.5%",rev_3
9903.45.25,2024-02-07,2025-02-06,0.1425,NA,"If entered during the period from February 7, 2024 through February 6, 2025....................................................14.25%",rev_3
9903.45.25,2025-02-07,2026-02-06,0.14,NA,"If entered during the period from February 7, 2025 through February 6, 2026....................................................14%",rev_3
9903.45.01,2018-02-07,2019-02-06,0.2,NA,"If entered during the period from February 7, 2018 through February 6, 2019....................................................20%",rev_30
9903.45.01,2019-02-07,2020-02-06,0.18,NA,"If entered during the period from February 7, 2019 through February 6, 2020 ...................................................18%",rev_30
9903.45.01,2020-02-07,2021-02-07,0.16,NA,"If entered during the period from February 7, 2020 through February 7, 2021....................................................16%",rev_30
9903.45.01,2021-02-08,2022-02-07,0.15,NA,"If entered during the period from February 8, 2021 through February 7, 2022 ................................................................................15%",rev_30
9903.45.01,2022-02-08,2023-02-07,0.14,NA,"If entered during the period from February 8, 2022 through February 7, 2023 ................................................................................14%",rev_30
9903.45.02,2018-02-07,2019-02-06,0.5,NA,"If entered during the period from February 7, 2018 through February 6, 2019....................................................50%",rev_30
9903.45.02,2019-02-07,2020-02-06,0.45,NA,"If entered during the period from February 7, 2019 through February 6, 2020....................................................45%",rev_30
9903.45.02,2020-02-07,2021-02-07,0.4,NA,"If entered during the period from February 7, 2020 through February 7, 2021....................................................40%",rev_30
9903.45.02,2021-02-08,2022-02-07,0.35,NA,"If entered during the period from February 8, 2021 through February 7, 2022 ................................................................................35%",rev_30
9903.45.02,2022-02-08,2023-02-07,0.3,NA,"If entered during the period from February 8, 2022 through February 7, 2023 ................................................................................30%",rev_30
9903.45.06,2018-02-07,2019-02-06,0.5,NA,"If entered during the period from February 7, 2018 through February 6, 2019....................................................50%",rev_30
9903.45.06,2019-02-07,2020-02-06,0.45,NA,"If entered during the period from February 7, 2019 through February 6, 2020....................................................45%",rev_30
9903.45.06,2020-02-07,2021-02-07,0.4,NA,"If entered during the period from February 7, 2020 through February 7, 2021....................................................40%",rev_30
9903.45.06,2021-02-08,2022-02-07,0.35,NA,"If entered during the period from February 8, 2021 through February 7, 2022 ................................................................................35%",rev_30
9903.45.06,2022-02-08,2023-02-07,0.3,NA,"If entered during the period from February 8, 2022 through February 7, 2023 ................................................................................30%",rev_30
9903.45.22,2018-02-07,2019-02-06,0.3,NA,"If entered during the period from February 7, 2018 through February 6, 2019....................................................30%",rev_30
9903.45.22,2019-02-07,2020-02-06,0.25,NA,"If entered during the period from February 7, 2019 through February 6, 2020....................................................25%",rev_30
9903.45.22,2020-02-07,2021-02-06,0.2,NA,"If entered during the period from February 7, 2020 through February 6, 2021 ...................................................20%",rev_30
9903.45.22,2021-02-07,2022-02-06,0.18,NA,"If entered during the period from February 7, 2021 through February 6, 2022 ...................................................18%",rev_30
9903.45.22,2022-02-07,2023-02-06,0.1475,NA,"If entered during the period from February 7, 2022 through February 6, 2023 ...................................................14.75%",rev_30
9903.45.22,2023-02-07,2024-02-06,0.145,NA,"If entered during the period from February 7, 2023 through February 6, 2024 ...................................................14.5%",rev_30
9903.45.22,2024-02-07,2025-02-06,0.1425,NA,"If entered during the period from February 7, 2024 through February 6, 2025 ...................................................14.25%",rev_30
9903.45.22,2025-02-07,2026-02-06,0.14,NA,"If entered during the period from February 7, 2025 through February 6, 2026 ...................................................14%",rev_30
9903.45.25,2018-02-07,2019-02-06,0.3,NA,"If entered during the period from February 7, 2018 through February 6, 2019....................................................30%",rev_30
9903.45.25,2019-02-07,2020-02-06,0.25,NA,"If entered during the period from February 7, 2019 through February 6, 2020....................................................25%",rev_30
9903.45.25,2020-02-07,2021-02-06,0.2,NA,"If entered during the period from February 7, 2020 through February 6, 2021 ...................................................20%",rev_30
9903.45.25,2021-02-07,2022-02-06,0.18,NA,"If entered during the period from February 7, 2021 through February 6, 2022 ...................................................18%",rev_30
9903.45.25,2022-02-07,2023-02-06,0.1475,NA,"If entered during the period from February 7, 2022 through February 6, 2023....................................................14.75%",rev_30
9903.45.25,2023-02-07,2024-02-06,0.145,NA,"If entered during the period from February 7, 2023 through February 6, 2024....................................................14.5%",rev_30
9903.45.25,2024-02-07,2025-02-06,0.1425,NA,"If entered during the period from February 7, 2024 through February 6, 2025....................................................14.25%",rev_30
9903.45.25,2025-02-07,2026-02-06,0.14,NA,"If entered during the period from February 7, 2025 through February 6, 2026....................................................14%",rev_30
9903.45.01,2018-02-07,2019-02-06,0.2,NA,"If entered during the period from February 7, 2018 through February 6, 2019....................................................20%",rev_31
9903.45.01,2019-02-07,2020-02-06,0.18,NA,"If entered during the period from February 7, 2019 through February 6, 2020 ...................................................18%",rev_31
9903.45.01,2020-02-07,2021-02-07,0.16,NA,"If entered during the period from February 7, 2020 through February 7, 2021....................................................16%",rev_31
9903.45.01,2021-02-08,2022-02-07,0.15,NA,"If entered during the period from February 8, 2021 through February 7, 2022 ................................................................................15%",rev_31
9903.45.01,2022-02-08,2023-02-07,0.14,NA,"If entered during the period from February 8, 2022 through February 7, 2023 ................................................................................14%",rev_31
9903.45.02,2018-02-07,2019-02-06,0.5,NA,"If entered during the period from February 7, 2018 through February 6, 2019....................................................50%",rev_31
9903.45.02,2019-02-07,2020-02-06,0.45,NA,"If entered during the period from February 7, 2019 through February 6, 2020....................................................45%",rev_31
9903.45.02,2020-02-07,2021-02-07,0.4,NA,"If entered during the period from February 7, 2020 through February 7, 2021....................................................40%",rev_31
9903.45.02,2021-02-08,2022-02-07,0.35,NA,"If entered during the period from February 8, 2021 through February 7, 2022 ................................................................................35%",rev_31
9903.45.02,2022-02-08,2023-02-07,0.3,NA,"If entered during the period from February 8, 2022 through February 7, 2023 ................................................................................30%",rev_31
9903.45.06,2018-02-07,2019-02-06,0.5,NA,"If entered during the period from February 7, 2018 through February 6, 2019....................................................50%",rev_31
9903.45.06,2019-02-07,2020-02-06,0.45,NA,"If entered during the period from February 7, 2019 through February 6, 2020....................................................45%",rev_31
9903.45.06,2020-02-07,2021-02-07,0.4,NA,"If entered during the period from February 7, 2020 through February 7, 2021....................................................40%",rev_31
9903.45.06,2021-02-08,2022-02-07,0.35,NA,"If entered during the period from February 8, 2021 through February 7, 2022 ................................................................................35%",rev_31
9903.45.06,2022-02-08,2023-02-07,0.3,NA,"If entered during the period from February 8, 2022 through February 7, 2023 ................................................................................30%",rev_31
9903.45.22,2018-02-07,2019-02-06,0.3,NA,"If entered during the period from February 7, 2018 through February 6, 2019....................................................30%",rev_31
9903.45.22,2019-02-07,2020-02-06,0.25,NA,"If entered during the period from February 7, 2019 through February 6, 2020....................................................25%",rev_31
9903.45.22,2020-02-07,2021-02-06,0.2,NA,"If entered during the period from February 7, 2020 through February 6, 2021 ...................................................20%",rev_31
9903.45.22,2021-02-07,2022-02-06,0.18,NA,"If entered during the period from February 7, 2021 through February 6, 2022 ...................................................18%",rev_31
9903.45.22,2022-02-07,2023-02-06,0.1475,NA,"If entered during the period from February 7, 2022 through February 6, 2023 ...................................................14.75%",rev_31
9903.45.22,2023-02-07,2024-02-06,0.145,NA,"If entered during the period from February 7, 2023 through February 6, 2024 ...................................................14.5%",rev_31
9903.45.22,2024-02-07,2025-02-06,0.1425,NA,"If entered during the period from February 7, 2024 through February 6, 2025 ...................................................14.25%",rev_31
9903.45.22,2025-02-07,2026-02-06,0.14,NA,"If entered during the period from February 7, 2025 through February 6, 2026 ...................................................14%",rev_31
9903.45.25,2018-02-07,2019-02-06,0.3,NA,"If entered during the period from February 7, 2018 through February 6, 2019....................................................30%",rev_31
9903.45.25,2019-02-07,2020-02-06,0.25,NA,"If entered during the period from February 7, 2019 through February 6, 2020....................................................25%",rev_31
9903.45.25,2020-02-07,2021-02-06,0.2,NA,"If entered during the period from February 7, 2020 through February 6, 2021 ...................................................20%",rev_31
9903.45.25,2021-02-07,2022-02-06,0.18,NA,"If entered during the period from February 7, 2021 through February 6, 2022 ...................................................18%",rev_31
9903.45.25,2022-02-07,2023-02-06,0.1475,NA,"If entered during the period from February 7, 2022 through February 6, 2023....................................................14.75%",rev_31
9903.45.25,2023-02-07,2024-02-06,0.145,NA,"If entered during the period from February 7, 2023 through February 6, 2024....................................................14.5%",rev_31
9903.45.25,2024-02-07,2025-02-06,0.1425,NA,"If entered during the period from February 7, 2024 through February 6, 2025....................................................14.25%",rev_31
9903.45.25,2025-02-07,2026-02-06,0.14,NA,"If entered during the period from February 7, 2025 through February 6, 2026....................................................14%",rev_31
9903.45.01,2018-02-07,2019-02-06,0.2,NA,"If entered during the period from February 7, 2018 through February 6, 2019....................................................20%",rev_32
9903.45.01,2019-02-07,2020-02-06,0.18,NA,"If entered during the period from February 7, 2019 through February 6, 2020 ...................................................18%",rev_32
9903.45.01,2020-02-07,2021-02-07,0.16,NA,"If entered during the period from February 7, 2020 through February 7, 2021....................................................16%",rev_32
9903.45.01,2021-02-08,2022-02-07,0.15,NA,"If entered during the period from February 8, 2021 through February 7, 2022 ................................................................................15%",rev_32
9903.45.01,2022-02-08,2023-02-07,0.14,NA,"If entered during the period from February 8, 2022 through February 7, 2023 ................................................................................14%",rev_32
9903.45.02,2018-02-07,2019-02-06,0.5,NA,"If entered during the period from February 7, 2018 through February 6, 2019....................................................50%",rev_32
9903.45.02,2019-02-07,2020-02-06,0.45,NA,"If entered during the period from February 7, 2019 through February 6, 2020....................................................45%",rev_32
9903.45.02,2020-02-07,2021-02-07,0.4,NA,"If entered during the period from February 7, 2020 through February 7, 2021....................................................40%",rev_32
9903.45.02,2021-02-08,2022-02-07,0.35,NA,"If entered during the period from February 8, 2021 through February 7, 2022 ................................................................................35%",rev_32
9903.45.02,2022-02-08,2023-02-07,0.3,NA,"If entered during the period from February 8, 2022 through February 7, 2023 ................................................................................30%",rev_32
9903.45.06,2018-02-07,2019-02-06,0.5,NA,"If entered during the period from February 7, 2018 through February 6, 2019....................................................50%",rev_32
9903.45.06,2019-02-07,2020-02-06,0.45,NA,"If entered during the period from February 7, 2019 through February 6, 2020....................................................45%",rev_32
9903.45.06,2020-02-07,2021-02-07,0.4,NA,"If entered during the period from February 7, 2020 through February 7, 2021....................................................40%",rev_32
9903.45.06,2021-02-08,2022-02-07,0.35,NA,"If entered during the period from February 8, 2021 through February 7, 2022 ................................................................................35%",rev_32
9903.45.06,2022-02-08,2023-02-07,0.3,NA,"If entered during the period from February 8, 2022 through February 7, 2023 ................................................................................30%",rev_32
9903.45.22,2018-02-07,2019-02-06,0.3,NA,"If entered during the period from February 7, 2018 through February 6, 2019....................................................30%",rev_32
9903.45.22,2019-02-07,2020-02-06,0.25,NA,"If entered during the period from February 7, 2019 through February 6, 2020....................................................25%",rev_32
9903.45.22,2020-02-07,2021-02-06,0.2,NA,"If entered during the period from February 7, 2020 through February 6, 2021 ...................................................20%",rev_32
9903.45.22,2021-02-07,2022-02-06,0.18,NA,"If entered during the period from February 7, 2021 through February 6, 2022 ...................................................18%",rev_32
9903.45.22,2022-02-07,2023-02-06,0.1475,NA,"If entered during the period from February 7, 2022 through February 6, 2023 ...................................................14.75%",rev_32
9903.45.22,2023-02-07,2024-02-06,0.145,NA,"If entered during the period from February 7, 2023 through February 6, 2024 ...................................................14.5%",rev_32
9903.45.22,2024-02-07,2025-02-06,0.1425,NA,"If entered during the period from February 7, 2024 through February 6, 2025 ...................................................14.25%",rev_32
9903.45.22,2025-02-07,2026-02-06,0.14,NA,"If entered during the period from February 7, 2025 through February 6, 2026 ...................................................14%",rev_32
9903.45.25,2018-02-07,2019-02-06,0.3,NA,"If entered during the period from February 7, 2018 through February 6, 2019....................................................30%",rev_32
9903.45.25,2019-02-07,2020-02-06,0.25,NA,"If entered during the period from February 7, 2019 through February 6, 2020....................................................25%",rev_32
9903.45.25,2020-02-07,2021-02-06,0.2,NA,"If entered during the period from February 7, 2020 through February 6, 2021 ...................................................20%",rev_32
9903.45.25,2021-02-07,2022-02-06,0.18,NA,"If entered during the period from February 7, 2021 through February 6, 2022 ...................................................18%",rev_32
9903.45.25,2022-02-07,2023-02-06,0.1475,NA,"If entered during the period from February 7, 2022 through February 6, 2023....................................................14.75%",rev_32
9903.45.25,2023-02-07,2024-02-06,0.145,NA,"If entered during the period from February 7, 2023 through February 6, 2024....................................................14.5%",rev_32
9903.45.25,2024-02-07,2025-02-06,0.1425,NA,"If entered during the period from February 7, 2024 through February 6, 2025....................................................14.25%",rev_32
9903.45.25,2025-02-07,2026-02-06,0.14,NA,"If entered during the period from February 7, 2025 through February 6, 2026....................................................14%",rev_32
9903.45.01,2018-02-07,2019-02-06,0.2,NA,"If entered during the period from February 7, 2018 through February 6, 2019....................................................20%",rev_4
9903.45.01,2019-02-07,2020-02-06,0.18,NA,"If entered during the period from February 7, 2019 through February 6, 2020 ...................................................18%",rev_4
9903.45.01,2020-02-07,2021-02-07,0.16,NA,"If entered during the period from February 7, 2020 through February 7, 2021....................................................16%",rev_4
9903.45.01,2021-02-08,2022-02-07,0.15,NA,"If entered during the period from February 8, 2021 through February 7, 2022 ................................................................................15%",rev_4
9903.45.01,2022-02-08,2023-02-07,0.14,NA,"If entered during the period from February 8, 2022 through February 7, 2023 ................................................................................14%",rev_4
9903.45.02,2018-02-07,2019-02-06,0.5,NA,"If entered during the period from February 7, 2018 through February 6, 2019....................................................50%",rev_4
9903.45.02,2019-02-07,2020-02-06,0.45,NA,"If entered during the period from February 7, 2019 through February 6, 2020....................................................45%",rev_4
9903.45.02,2020-02-07,2021-02-07,0.4,NA,"If entered during the period from February 7, 2020 through February 7, 2021....................................................40%",rev_4
9903.45.02,2021-02-08,2022-02-07,0.35,NA,"If entered during the period from February 8, 2021 through February 7, 2022 ................................................................................35%",rev_4
9903.45.02,2022-02-08,2023-02-07,0.3,NA,"If entered during the period from February 8, 2022 through February 7, 2023 ................................................................................30%",rev_4
9903.45.06,2018-02-07,2019-02-06,0.5,NA,"If entered during the period from February 7, 2018 through February 6, 2019....................................................50%",rev_4
9903.45.06,2019-02-07,2020-02-06,0.45,NA,"If entered during the period from February 7, 2019 through February 6, 2020....................................................45%",rev_4
9903.45.06,2020-02-07,2021-02-07,0.4,NA,"If entered during the period from February 7, 2020 through February 7, 2021....................................................40%",rev_4
9903.45.06,2021-02-08,2022-02-07,0.35,NA,"If entered during the period from February 8, 2021 through February 7, 2022 ................................................................................35%",rev_4
9903.45.06,2022-02-08,2023-02-07,0.3,NA,"If entered during the period from February 8, 2022 through February 7, 2023 ................................................................................30%",rev_4
9903.45.22,2018-02-07,2019-02-06,0.3,NA,"If entered during the period from February 7, 2018 through February 6, 2019....................................................30%",rev_4
9903.45.22,2019-02-07,2020-02-06,0.25,NA,"If entered during the period from February 7, 2019 through February 6, 2020....................................................25%",rev_4
9903.45.22,2020-02-07,2021-02-06,0.2,NA,"If entered during the period from February 7, 2020 through February 6, 2021 ...................................................20%",rev_4
9903.45.22,2021-02-07,2022-02-06,0.18,NA,"If entered during the period from February 7, 2021 through February 6, 2022 ...................................................18%",rev_4
9903.45.22,2022-02-07,2023-02-06,0.1475,NA,"If entered during the period from February 7, 2022 through February 6, 2023 ...................................................14.75%",rev_4
9903.45.22,2023-02-07,2024-02-06,0.145,NA,"If entered during the period from February 7, 2023 through February 6, 2024 ...................................................14.5%",rev_4
9903.45.22,2024-02-07,2025-02-06,0.1425,NA,"If entered during the period from February 7, 2024 through February 6, 2025 ...................................................14.25%",rev_4
9903.45.22,2025-02-07,2026-02-06,0.14,NA,"If entered during the period from February 7, 2025 through February 6, 2026 ...................................................14%",rev_4
9903.45.25,2018-02-07,2019-02-06,0.3,NA,"If entered during the period from February 7, 2018 through February 6, 2019....................................................30%",rev_4
9903.45.25,2019-02-07,2020-02-06,0.25,NA,"If entered during the period from February 7, 2019 through February 6, 2020....................................................25%",rev_4
9903.45.25,2020-02-07,2021-02-06,0.2,NA,"If entered during the period from February 7, 2020 through February 6, 2021 ...................................................20%",rev_4
9903.45.25,2021-02-07,2022-02-06,0.18,NA,"If entered during the period from February 7, 2021 through February 6, 2022 ...................................................18%",rev_4
9903.45.25,2022-02-07,2023-02-06,0.1475,NA,"If entered during the period from February 7, 2022 through February 6, 2023....................................................14.75%",rev_4
9903.45.25,2023-02-07,2024-02-06,0.145,NA,"If entered during the period from February 7, 2023 through February 6, 2024....................................................14.5%",rev_4
9903.45.25,2024-02-07,2025-02-06,0.1425,NA,"If entered during the period from February 7, 2024 through February 6, 2025....................................................14.25%",rev_4
9903.45.25,2025-02-07,2026-02-06,0.14,NA,"If entered during the period from February 7, 2025 through February 6, 2026....................................................14%",rev_4
9903.45.01,2018-02-07,2019-02-06,0.2,NA,"If entered during the period from February 7, 2018 through February 6, 2019....................................................20%",rev_5
9903.45.01,2019-02-07,2020-02-06,0.18,NA,"If entered during the period from February 7, 2019 through February 6, 2020 ...................................................18%",rev_5
9903.45.01,2020-02-07,2021-02-07,0.16,NA,"If entered during the period from February 7, 2020 through February 7, 2021....................................................16%",rev_5
9903.45.01,2021-02-08,2022-02-07,0.15,NA,"If entered during the period from February 8, 2021 through February 7, 2022 ................................................................................15%",rev_5
9903.45.01,2022-02-08,2023-02-07,0.14,NA,"If entered during the period from February 8, 2022 through February 7, 2023 ................................................................................14%",rev_5
9903.45.02,2018-02-07,2019-02-06,0.5,NA,"If entered during the period from February 7, 2018 through February 6, 2019....................................................50%",rev_5
9903.45.02,2019-02-07,2020-02-06,0.45,NA,"If entered during the period from February 7, 2019 through February 6, 2020....................................................45%",rev_5
9903.45.02,2020-02-07,2021-02-07,0.4,NA,"If entered during the period from February 7, 2020 through February 7, 2021....................................................40%",rev_5
9903.45.02,2021-02-08,2022-02-07,0.35,NA,"If entered during the period from February 8, 2021 through February 7, 2022 ................................................................................35%",rev_5
9903.45.02,2022-02-08,2023-02-07,0.3,NA,"If entered during the period from February 8, 2022 through February 7, 2023 ................................................................................30%",rev_5
9903.45.06,2018-02-07,2019-02-06,0.5,NA,"If entered during the period from February 7, 2018 through February 6, 2019....................................................50%",rev_5
9903.45.06,2019-02-07,2020-02-06,0.45,NA,"If entered during the period from February 7, 2019 through February 6, 2020....................................................45%",rev_5
9903.45.06,2020-02-07,2021-02-07,0.4,NA,"If entered during the period from February 7, 2020 through February 7, 2021....................................................40%",rev_5
9903.45.06,2021-02-08,2022-02-07,0.35,NA,"If entered during the period from February 8, 2021 through February 7, 2022 ................................................................................35%",rev_5
9903.45.06,2022-02-08,2023-02-07,0.3,NA,"If entered during the period from February 8, 2022 through February 7, 2023 ................................................................................30%",rev_5
9903.45.22,2018-02-07,2019-02-06,0.3,NA,"If entered during the period from February 7, 2018 through February 6, 2019....................................................30%",rev_5
9903.45.22,2019-02-07,2020-02-06,0.25,NA,"If entered during the period from February 7, 2019 through February 6, 2020....................................................25%",rev_5
9903.45.22,2020-02-07,2021-02-06,0.2,NA,"If entered during the period from February 7, 2020 through February 6, 2021 ...................................................20%",rev_5
9903.45.22,2021-02-07,2022-02-06,0.18,NA,"If entered during the period from February 7, 2021 through February 6, 2022 ...................................................18%",rev_5
9903.45.22,2022-02-07,2023-02-06,0.1475,NA,"If entered during the period from February 7, 2022 through February 6, 2023 ...................................................14.75%",rev_5
9903.45.22,2023-02-07,2024-02-06,0.145,NA,"If entered during the period from February 7, 2023 through February 6, 2024 ...................................................14.5%",rev_5
9903.45.22,2024-02-07,2025-02-06,0.1425,NA,"If entered during the period from February 7, 2024 through February 6, 2025 ...................................................14.25%",rev_5
9903.45.22,2025-02-07,2026-02-06,0.14,NA,"If entered during the period from February 7, 2025 through February 6, 2026 ...................................................14%",rev_5
9903.45.25,2018-02-07,2019-02-06,0.3,NA,"If entered during the period from February 7, 2018 through February 6, 2019....................................................30%",rev_5
9903.45.25,2019-02-07,2020-02-06,0.25,NA,"If entered during the period from February 7, 2019 through February 6, 2020....................................................25%",rev_5
9903.45.25,2020-02-07,2021-02-06,0.2,NA,"If entered during the period from February 7, 2020 through February 6, 2021 ...................................................20%",rev_5
9903.45.25,2021-02-07,2022-02-06,0.18,NA,"If entered during the period from February 7, 2021 through February 6, 2022 ...................................................18%",rev_5
9903.45.25,2022-02-07,2023-02-06,0.1475,NA,"If entered during the period from February 7, 2022 through February 6, 2023....................................................14.75%",rev_5
9903.45.25,2023-02-07,2024-02-06,0.145,NA,"If entered during the period from February 7, 2023 through February 6, 2024....................................................14.5%",rev_5
9903.45.25,2024-02-07,2025-02-06,0.1425,NA,"If entered during the period from February 7, 2024 through February 6, 2025....................................................14.25%",rev_5
9903.45.25,2025-02-07,2026-02-06,0.14,NA,"If entered during the period from February 7, 2025 through February 6, 2026....................................................14%",rev_5
9903.45.01,2018-02-07,2019-02-06,0.2,NA,"If entered during the period from February 7, 2018 through February 6, 2019....................................................20%",rev_6
9903.45.01,2019-02-07,2020-02-06,0.18,NA,"If entered during the period from February 7, 2019 through February 6, 2020 ...................................................18%",rev_6
9903.45.01,2020-02-07,2021-02-07,0.16,NA,"If entered during the period from February 7, 2020 through February 7, 2021....................................................16%",rev_6
9903.45.01,2021-02-08,2022-02-07,0.15,NA,"If entered during the period from February 8, 2021 through February 7, 2022 ................................................................................15%",rev_6
9903.45.01,2022-02-08,2023-02-07,0.14,NA,"If entered during the period from February 8, 2022 through February 7, 2023 ................................................................................14%",rev_6
9903.45.02,2018-02-07,2019-02-06,0.5,NA,"If entered during the period from February 7, 2018 through February 6, 2019....................................................50%",rev_6
9903.45.02,2019-02-07,2020-02-06,0.45,NA,"If entered during the period from February 7, 2019 through February 6, 2020....................................................45%",rev_6
9903.45.02,2020-02-07,2021-02-07,0.4,NA,"If entered during the period from February 7, 2020 through February 7, 2021....................................................40%",rev_6
9903.45.02,2021-02-08,2022-02-07,0.35,NA,"If entered during the period from February 8, 2021 through February 7, 2022 ................................................................................35%",rev_6
9903.45.02,2022-02-08,2023-02-07,0.3,NA,"If entered during the period from February 8, 2022 through February 7, 2023 ................................................................................30%",rev_6
9903.45.06,2018-02-07,2019-02-06,0.5,NA,"If entered during the period from February 7, 2018 through February 6, 2019....................................................50%",rev_6
9903.45.06,2019-02-07,2020-02-06,0.45,NA,"If entered during the period from February 7, 2019 through February 6, 2020....................................................45%",rev_6
9903.45.06,2020-02-07,2021-02-07,0.4,NA,"If entered during the period from February 7, 2020 through February 7, 2021....................................................40%",rev_6
9903.45.06,2021-02-08,2022-02-07,0.35,NA,"If entered during the period from February 8, 2021 through February 7, 2022 ................................................................................35%",rev_6
9903.45.06,2022-02-08,2023-02-07,0.3,NA,"If entered during the period from February 8, 2022 through February 7, 2023 ................................................................................30%",rev_6
9903.45.22,2018-02-07,2019-02-06,0.3,NA,"If entered during the period from February 7, 2018 through February 6, 2019....................................................30%",rev_6
9903.45.22,2019-02-07,2020-02-06,0.25,NA,"If entered during the period from February 7, 2019 through February 6, 2020....................................................25%",rev_6
9903.45.22,2020-02-07,2021-02-06,0.2,NA,"If entered during the period from February 7, 2020 through February 6, 2021 ...................................................20%",rev_6
9903.45.22,2021-02-07,2022-02-06,0.18,NA,"If entered during the period from February 7, 2021 through February 6, 2022 ...................................................18%",rev_6
9903.45.22,2022-02-07,2023-02-06,0.1475,NA,"If entered during the period from February 7, 2022 through February 6, 2023 ...................................................14.75%",rev_6
9903.45.22,2023-02-07,2024-02-06,0.145,NA,"If entered during the period from February 7, 2023 through February 6, 2024 ...................................................14.5%",rev_6
9903.45.22,2024-02-07,2025-02-06,0.1425,NA,"If entered during the period from February 7, 2024 through February 6, 2025 ...................................................14.25%",rev_6
9903.45.22,2025-02-07,2026-02-06,0.14,NA,"If entered during the period from February 7, 2025 through February 6, 2026 ...................................................14%",rev_6
9903.45.25,2018-02-07,2019-02-06,0.3,NA,"If entered during the period from February 7, 2018 through February 6, 2019....................................................30%",rev_6
9903.45.25,2019-02-07,2020-02-06,0.25,NA,"If entered during the period from February 7, 2019 through February 6, 2020....................................................25%",rev_6
9903.45.25,2020-02-07,2021-02-06,0.2,NA,"If entered during the period from February 7, 2020 through February 6, 2021 ...................................................20%",rev_6
9903.45.25,2021-02-07,2022-02-06,0.18,NA,"If entered during the period from February 7, 2021 through February 6, 2022 ...................................................18%",rev_6
9903.45.25,2022-02-07,2023-02-06,0.1475,NA,"If entered during the period from February 7, 2022 through February 6, 2023....................................................14.75%",rev_6
9903.45.25,2023-02-07,2024-02-06,0.145,NA,"If entered during the period from February 7, 2023 through February 6, 2024....................................................14.5%",rev_6
9903.45.25,2024-02-07,2025-02-06,0.1425,NA,"If entered during the period from February 7, 2024 through February 6, 2025....................................................14.25%",rev_6
9903.45.25,2025-02-07,2026-02-06,0.14,NA,"If entered during the period from February 7, 2025 through February 6, 2026....................................................14%",rev_6
9903.45.01,2018-02-07,2019-02-06,0.2,NA,"If entered during the period from February 7, 2018 through February 6, 2019....................................................20%",rev_7
9903.45.01,2019-02-07,2020-02-06,0.18,NA,"If entered during the period from February 7, 2019 through February 6, 2020 ...................................................18%",rev_7
9903.45.01,2020-02-07,2021-02-07,0.16,NA,"If entered during the period from February 7, 2020 through February 7, 2021....................................................16%",rev_7
9903.45.01,2021-02-08,2022-02-07,0.15,NA,"If entered during the period from February 8, 2021 through February 7, 2022 ................................................................................15%",rev_7
9903.45.01,2022-02-08,2023-02-07,0.14,NA,"If entered during the period from February 8, 2022 through February 7, 2023 ................................................................................14%",rev_7
9903.45.02,2018-02-07,2019-02-06,0.5,NA,"If entered during the period from February 7, 2018 through February 6, 2019....................................................50%",rev_7
9903.45.02,2019-02-07,2020-02-06,0.45,NA,"If entered during the period from February 7, 2019 through February 6, 2020....................................................45%",rev_7
9903.45.02,2020-02-07,2021-02-07,0.4,NA,"If entered during the period from February 7, 2020 through February 7, 2021....................................................40%",rev_7
9903.45.02,2021-02-08,2022-02-07,0.35,NA,"If entered during the period from February 8, 2021 through February 7, 2022 ................................................................................35%",rev_7
9903.45.02,2022-02-08,2023-02-07,0.3,NA,"If entered during the period from February 8, 2022 through February 7, 2023 ................................................................................30%",rev_7
9903.45.06,2018-02-07,2019-02-06,0.5,NA,"If entered during the period from February 7, 2018 through February 6, 2019....................................................50%",rev_7
9903.45.06,2019-02-07,2020-02-06,0.45,NA,"If entered during the period from February 7, 2019 through February 6, 2020....................................................45%",rev_7
9903.45.06,2020-02-07,2021-02-07,0.4,NA,"If entered during the period from February 7, 2020 through February 7, 2021....................................................40%",rev_7
9903.45.06,2021-02-08,2022-02-07,0.35,NA,"If entered during the period from February 8, 2021 through February 7, 2022 ................................................................................35%",rev_7
9903.45.06,2022-02-08,2023-02-07,0.3,NA,"If entered during the period from February 8, 2022 through February 7, 2023 ................................................................................30%",rev_7
9903.45.22,2018-02-07,2019-02-06,0.3,NA,"If entered during the period from February 7, 2018 through February 6, 2019....................................................30%",rev_7
9903.45.22,2019-02-07,2020-02-06,0.25,NA,"If entered during the period from February 7, 2019 through February 6, 2020....................................................25%",rev_7
9903.45.22,2020-02-07,2021-02-06,0.2,NA,"If entered during the period from February 7, 2020 through February 6, 2021 ...................................................20%",rev_7
9903.45.22,2021-02-07,2022-02-06,0.18,NA,"If entered during the period from February 7, 2021 through February 6, 2022 ...................................................18%",rev_7
9903.45.22,2022-02-07,2023-02-06,0.1475,NA,"If entered during the period from February 7, 2022 through February 6, 2023 ...................................................14.75%",rev_7
9903.45.22,2023-02-07,2024-02-06,0.145,NA,"If entered during the period from February 7, 2023 through February 6, 2024 ...................................................14.5%",rev_7
9903.45.22,2024-02-07,2025-02-06,0.1425,NA,"If entered during the period from February 7, 2024 through February 6, 2025 ...................................................14.25%",rev_7
9903.45.22,2025-02-07,2026-02-06,0.14,NA,"If entered during the period from February 7, 2025 through February 6, 2026 ...................................................14%",rev_7
9903.45.25,2018-02-07,2019-02-06,0.3,NA,"If entered during the period from February 7, 2018 through February 6, 2019....................................................30%",rev_7
9903.45.25,2019-02-07,2020-02-06,0.25,NA,"If entered during the period from February 7, 2019 through February 6, 2020....................................................25%",rev_7
9903.45.25,2020-02-07,2021-02-06,0.2,NA,"If entered during the period from February 7, 2020 through February 6, 2021 ...................................................20%",rev_7
9903.45.25,2021-02-07,2022-02-06,0.18,NA,"If entered during the period from February 7, 2021 through February 6, 2022 ...................................................18%",rev_7
9903.45.25,2022-02-07,2023-02-06,0.1475,NA,"If entered during the period from February 7, 2022 through February 6, 2023....................................................14.75%",rev_7
9903.45.25,2023-02-07,2024-02-06,0.145,NA,"If entered during the period from February 7, 2023 through February 6, 2024....................................................14.5%",rev_7
9903.45.25,2024-02-07,2025-02-06,0.1425,NA,"If entered during the period from February 7, 2024 through February 6, 2025....................................................14.25%",rev_7
9903.45.25,2025-02-07,2026-02-06,0.14,NA,"If entered during the period from February 7, 2025 through February 6, 2026....................................................14%",rev_7
9903.45.01,2018-02-07,2019-02-06,0.2,NA,"If entered during the period from February 7, 2018 through February 6, 2019....................................................20%",rev_8
9903.45.01,2019-02-07,2020-02-06,0.18,NA,"If entered during the period from February 7, 2019 through February 6, 2020 ...................................................18%",rev_8
9903.45.01,2020-02-07,2021-02-07,0.16,NA,"If entered during the period from February 7, 2020 through February 7, 2021....................................................16%",rev_8
9903.45.01,2021-02-08,2022-02-07,0.15,NA,"If entered during the period from February 8, 2021 through February 7, 2022 ................................................................................15%",rev_8
9903.45.01,2022-02-08,2023-02-07,0.14,NA,"If entered during the period from February 8, 2022 through February 7, 2023 ................................................................................14%",rev_8
9903.45.02,2018-02-07,2019-02-06,0.5,NA,"If entered during the period from February 7, 2018 through February 6, 2019....................................................50%",rev_8
9903.45.02,2019-02-07,2020-02-06,0.45,NA,"If entered during the period from February 7, 2019 through February 6, 2020....................................................45%",rev_8
9903.45.02,2020-02-07,2021-02-07,0.4,NA,"If entered during the period from February 7, 2020 through February 7, 2021....................................................40%",rev_8
9903.45.02,2021-02-08,2022-02-07,0.35,NA,"If entered during the period from February 8, 2021 through February 7, 2022 ................................................................................35%",rev_8
9903.45.02,2022-02-08,2023-02-07,0.3,NA,"If entered during the period from February 8, 2022 through February 7, 2023 ................................................................................30%",rev_8
9903.45.06,2018-02-07,2019-02-06,0.5,NA,"If entered during the period from February 7, 2018 through February 6, 2019....................................................50%",rev_8
9903.45.06,2019-02-07,2020-02-06,0.45,NA,"If entered during the period from February 7, 2019 through February 6, 2020....................................................45%",rev_8
9903.45.06,2020-02-07,2021-02-07,0.4,NA,"If entered during the period from February 7, 2020 through February 7, 2021....................................................40%",rev_8
9903.45.06,2021-02-08,2022-02-07,0.35,NA,"If entered during the period from February 8, 2021 through February 7, 2022 ................................................................................35%",rev_8
9903.45.06,2022-02-08,2023-02-07,0.3,NA,"If entered during the period from February 8, 2022 through February 7, 2023 ................................................................................30%",rev_8
9903.45.22,2018-02-07,2019-02-06,0.3,NA,"If entered during the period from February 7, 2018 through February 6, 2019....................................................30%",rev_8
9903.45.22,2019-02-07,2020-02-06,0.25,NA,"If entered during the period from February 7, 2019 through February 6, 2020....................................................25%",rev_8
9903.45.22,2020-02-07,2021-02-06,0.2,NA,"If entered during the period from February 7, 2020 through February 6, 2021 ...................................................20%",rev_8
9903.45.22,2021-02-07,2022-02-06,0.18,NA,"If entered during the period from February 7, 2021 through February 6, 2022 ...................................................18%",rev_8
9903.45.22,2022-02-07,2023-02-06,0.1475,NA,"If entered during the period from February 7, 2022 through February 6, 2023 ...................................................14.75%",rev_8
9903.45.22,2023-02-07,2024-02-06,0.145,NA,"If entered during the period from February 7, 2023 through February 6, 2024 ...................................................14.5%",rev_8
9903.45.22,2024-02-07,2025-02-06,0.1425,NA,"If entered during the period from February 7, 2024 through February 6, 2025 ...................................................14.25%",rev_8
9903.45.22,2025-02-07,2026-02-06,0.14,NA,"If entered during the period from February 7, 2025 through February 6, 2026 ...................................................14%",rev_8
9903.45.25,2018-02-07,2019-02-06,0.3,NA,"If entered during the period from February 7, 2018 through February 6, 2019....................................................30%",rev_8
9903.45.25,2019-02-07,2020-02-06,0.25,NA,"If entered during the period from February 7, 2019 through February 6, 2020....................................................25%",rev_8
9903.45.25,2020-02-07,2021-02-06,0.2,NA,"If entered during the period from February 7, 2020 through February 6, 2021 ...................................................20%",rev_8
9903.45.25,2021-02-07,2022-02-06,0.18,NA,"If entered during the period from February 7, 2021 through February 6, 2022 ...................................................18%",rev_8
9903.45.25,2022-02-07,2023-02-06,0.1475,NA,"If entered during the period from February 7, 2022 through February 6, 2023....................................................14.75%",rev_8
9903.45.25,2023-02-07,2024-02-06,0.145,NA,"If entered during the period from February 7, 2023 through February 6, 2024....................................................14.5%",rev_8
9903.45.25,2024-02-07,2025-02-06,0.1425,NA,"If entered during the period from February 7, 2024 through February 6, 2025....................................................14.25%",rev_8
9903.45.25,2025-02-07,2026-02-06,0.14,NA,"If entered during the period from February 7, 2025 through February 6, 2026....................................................14%",rev_8
9903.45.01,2018-02-07,2019-02-06,0.2,NA,"If entered during the period from February 7, 2018 through February 6, 2019....................................................20%",rev_9
9903.45.01,2019-02-07,2020-02-06,0.18,NA,"If entered during the period from February 7, 2019 through February 6, 2020 ...................................................18%",rev_9
9903.45.01,2020-02-07,2021-02-07,0.16,NA,"If entered during the period from February 7, 2020 through February 7, 2021....................................................16%",rev_9
9903.45.01,2021-02-08,2022-02-07,0.15,NA,"If entered during the period from February 8, 2021 through February 7, 2022 ................................................................................15%",rev_9
9903.45.01,2022-02-08,2023-02-07,0.14,NA,"If entered during the period from February 8, 2022 through February 7, 2023 ................................................................................14%",rev_9
9903.45.02,2018-02-07,2019-02-06,0.5,NA,"If entered during the period from February 7, 2018 through February 6, 2019....................................................50%",rev_9
9903.45.02,2019-02-07,2020-02-06,0.45,NA,"If entered during the period from February 7, 2019 through February 6, 2020....................................................45%",rev_9
9903.45.02,2020-02-07,2021-02-07,0.4,NA,"If entered during the period from February 7, 2020 through February 7, 2021....................................................40%",rev_9
9903.45.02,2021-02-08,2022-02-07,0.35,NA,"If entered during the period from February 8, 2021 through February 7, 2022 ................................................................................35%",rev_9
9903.45.02,2022-02-08,2023-02-07,0.3,NA,"If entered during the period from February 8, 2022 through February 7, 2023 ................................................................................30%",rev_9
9903.45.06,2018-02-07,2019-02-06,0.5,NA,"If entered during the period from February 7, 2018 through February 6, 2019....................................................50%",rev_9
9903.45.06,2019-02-07,2020-02-06,0.45,NA,"If entered during the period from February 7, 2019 through February 6, 2020....................................................45%",rev_9
9903.45.06,2020-02-07,2021-02-07,0.4,NA,"If entered during the period from February 7, 2020 through February 7, 2021....................................................40%",rev_9
9903.45.06,2021-02-08,2022-02-07,0.35,NA,"If entered during the period from February 8, 2021 through February 7, 2022 ................................................................................35%",rev_9
9903.45.06,2022-02-08,2023-02-07,0.3,NA,"If entered during the period from February 8, 2022 through February 7, 2023 ................................................................................30%",rev_9
9903.45.22,2018-02-07,2019-02-06,0.3,NA,"If entered during the period from February 7, 2018 through February 6, 2019....................................................30%",rev_9
9903.45.22,2019-02-07,2020-02-06,0.25,NA,"If entered during the period from February 7, 2019 through February 6, 2020....................................................25%",rev_9
9903.45.22,2020-02-07,2021-02-06,0.2,NA,"If entered during the period from February 7, 2020 through February 6, 2021 ...................................................20%",rev_9
9903.45.22,2021-02-07,2022-02-06,0.18,NA,"If entered during the period from February 7, 2021 through February 6, 2022 ...................................................18%",rev_9
9903.45.22,2022-02-07,2023-02-06,0.1475,NA,"If entered during the period from February 7, 2022 through February 6, 2023 ...................................................14.75%",rev_9
9903.45.22,2023-02-07,2024-02-06,0.145,NA,"If entered during the period from February 7, 2023 through February 6, 2024 ...................................................14.5%",rev_9
9903.45.22,2024-02-07,2025-02-06,0.1425,NA,"If entered during the period from February 7, 2024 through February 6, 2025 ...................................................14.25%",rev_9
9903.45.22,2025-02-07,2026-02-06,0.14,NA,"If entered during the period from February 7, 2025 through February 6, 2026 ...................................................14%",rev_9
9903.45.25,2018-02-07,2019-02-06,0.3,NA,"If entered during the period from February 7, 2018 through February 6, 2019....................................................30%",rev_9
9903.45.25,2019-02-07,2020-02-06,0.25,NA,"If entered during the period from February 7, 2019 through February 6, 2020....................................................25%",rev_9
9903.45.25,2020-02-07,2021-02-06,0.2,NA,"If entered during the period from February 7, 2020 through February 6, 2021 ...................................................20%",rev_9
9903.45.25,2021-02-07,2022-02-06,0.18,NA,"If entered during the period from February 7, 2021 through February 6, 2022 ...................................................18%",rev_9
9903.45.25,2022-02-07,2023-02-06,0.1475,NA,"If entered during the period from February 7, 2022 through February 6, 2023....................................................14.75%",rev_9
9903.45.25,2023-02-07,2024-02-06,0.145,NA,"If entered during the period from February 7, 2023 through February 6, 2024....................................................14.5%",rev_9
9903.45.25,2024-02-07,2025-02-06,0.1425,NA,"If entered during the period from February 7, 2024 through February 6, 2025....................................................14.25%",rev_9
9903.45.25,2025-02-07,2026-02-06,0.14,NA,"If entered during the period from February 7, 2025 through February 6, 2026....................................................14%",rev_9
