symbol,program_name,revision,source_url,fallback_from
A,Generalized System of Preferences,2024_rev_4,reststop General+Note+3 @ 2024HTSRev4,NA
A*,Generalized System of Preferences,2024_rev_4,reststop General+Note+3 @ 2024HTSRev4,NA
A+,Generalized System of Preferences,2024_rev_4,reststop General+Note+3 @ 2024HTSRev4,NA
AU,United States-Australia Free Trade Agreement,2024_rev_4,reststop General+Note+3 @ 2024HTSRev4,NA
B,Automotive Products Trade Act,2024_rev_4,reststop General+Note+3 @ 2024HTSRev4,NA
BH,United States-Bahrain Free Trade Agreement Implementation Act,2024_rev_4,reststop General+Note+3 @ 2024HTSRev4,NA
C,Agreement on Trade in Civil Aircraft,2024_rev_4,reststop General+Note+3 @ 2024HTSRev4,NA
CL,United States-Chile Free Trade Agreement,2024_rev_4,reststop General+Note+3 @ 2024HTSRev4,NA
D,African Growth and Opportunity Act,2024_rev_4,reststop General+Note+3 @ 2024HTSRev4,NA
E,Caribbean Basin Economic Recovery Act,2024_rev_4,reststop General+Note+3 @ 2024HTSRev4,NA
E*,Caribbean Basin Economic Recovery Act,2024_rev_4,reststop General+Note+3 @ 2024HTSRev4,NA
IL,United States-Israel Free Trade Area,2024_rev_4,reststop General+Note+3 @ 2024HTSRev4,NA
JO,United States-Jordan Free Trade Area Implementation Act,2024_rev_4,reststop General+Note+3 @ 2024HTSRev4,NA
JP,Trade Agreement Between the United States and Japan,2024_rev_4,reststop General+Note+3 @ 2024HTSRev4,NA
K,Agreement on Trade in Pharmaceutical Products,2024_rev_4,reststop General+Note+3 @ 2024HTSRev4,NA
P,Dominican Republic-Central America-United States Free Trade Agreement Implementation Act,2024_rev_4,reststop General+Note+3 @ 2024HTSRev4,NA
P+,Dominican Republic-Central America-United States Free Trade Agreement Implementation Act,2024_rev_4,reststop General+Note+3 @ 2024HTSRev4,NA
L,Uruguay Round Concessions on Intermediate Chemicals for Dyes,2024_rev_4,reststop General+Note+3 @ 2024HTSRev4,NA
R,United States-Caribbean Basin Trade Partnership Act,2024_rev_4,reststop General+Note+3 @ 2024HTSRev4,NA
MA,United States-Morocco Free Trade Agreement Implementation Act,2024_rev_4,reststop General+Note+3 @ 2024HTSRev4,NA
SG,United States-Singapore Free Trade Agreement,2024_rev_4,reststop General+Note+3 @ 2024HTSRev4,NA
OM,United States-Oman Free Trade Agreement Implementation Act,2024_rev_4,reststop General+Note+3 @ 2024HTSRev4,NA
PE,United States-Peru Trade Promotion Agreement Implementation Act,2024_rev_4,reststop General+Note+3 @ 2024HTSRev4,NA
KR,United States-Korea Free Trade Agreement Implementation Act,2024_rev_4,reststop General+Note+3 @ 2024HTSRev4,NA
CO,United States-Colombia Trade Promotion Agreement Implementation Act,2024_rev_4,reststop General+Note+3 @ 2024HTSRev4,NA
PA,United States-Panama Trade Promotion Agreement Implementation Act,2024_rev_4,reststop General+Note+3 @ 2024HTSRev4,NA
NP,Nepal Preference Program,2024_rev_4,reststop General+Note+3 @ 2024HTSRev4,NA
S,United States-Mexico-Canada Agreement,2024_rev_4,reststop General+Note+3 @ 2024HTSRev4,NA
S+,United States-Mexico-Canada Agreement,2024_rev_4,reststop General+Note+3 @ 2024HTSRev4,NA
A,Generalized System of Preferences,2026_rev_9,reststop General+Note+3 @ 2026HTSRev9,NA
A*,Generalized System of Preferences,2026_rev_9,reststop General+Note+3 @ 2026HTSRev9,NA
A+,Generalized System of Preferences,2026_rev_9,reststop General+Note+3 @ 2026HTSRev9,NA
AU,United States-Australia Free Trade Agreement,2026_rev_9,reststop General+Note+3 @ 2026HTSRev9,NA
B,Automotive Products Trade Act,2026_rev_9,reststop General+Note+3 @ 2026HTSRev9,NA
BH,United States-Bahrain Free Trade Agreement Implementation Act,2026_rev_9,reststop General+Note+3 @ 2026HTSRev9,NA
C,Agreement on Trade in Civil Aircraft,2026_rev_9,reststop General+Note+3 @ 2026HTSRev9,NA
CL,United States-Chile Free Trade Agreement,2026_rev_9,reststop General+Note+3 @ 2026HTSRev9,NA
D,African Growth and Opportunity Act,2026_rev_9,reststop General+Note+3 @ 2026HTSRev9,NA
E,Caribbean Basin Economic Recovery Act,2026_rev_9,reststop General+Note+3 @ 2026HTSRev9,NA
E*,Caribbean Basin Economic Recovery Act,2026_rev_9,reststop General+Note+3 @ 2026HTSRev9,NA
IL,United States-Israel Free Trade Area,2026_rev_9,reststop General+Note+3 @ 2026HTSRev9,NA
JO,United States-Jordan Free Trade Area Implementation Act,2026_rev_9,reststop General+Note+3 @ 2026HTSRev9,NA
JP,Trade Agreement Between the United States and Japan,2026_rev_9,reststop General+Note+3 @ 2026HTSRev9,NA
K,Agreement on Trade in Pharmaceutical Products,2026_rev_9,reststop General+Note+3 @ 2026HTSRev9,NA
P,Dominican Republic-Central America-United States Free Trade Agreement Implementation Act,2026_rev_9,reststop General+Note+3 @ 2026HTSRev9,NA
P+,Dominican Republic-Central America-United States Free Trade Agreement Implementation Act,2026_rev_9,reststop General+Note+3 @ 2026HTSRev9,NA
L,Uruguay Round Concessions on Intermediate Chemicals for Dyes,2026_rev_9,reststop General+Note+3 @ 2026HTSRev9,NA
R,United States-Caribbean Basin Trade Partnership Act,2026_rev_9,reststop General+Note+3 @ 2026HTSRev9,NA
MA,United States-Morocco Free Trade Agreement Implementation Act,2026_rev_9,reststop General+Note+3 @ 2026HTSRev9,NA
SG,United States-Singapore Free Trade Agreement,2026_rev_9,reststop General+Note+3 @ 2026HTSRev9,NA
OM,United States-Oman Free Trade Agreement Implementation Act,2026_rev_9,reststop General+Note+3 @ 2026HTSRev9,NA
PE,United States-Peru Trade Promotion Agreement Implementation Act,2026_rev_9,reststop General+Note+3 @ 2026HTSRev9,NA
KR,United States-Korea Free Trade Agreement Implementation Act,2026_rev_9,reststop General+Note+3 @ 2026HTSRev9,NA
CO,United States-Colombia Trade Promotion Agreement Implementation Act,2026_rev_9,reststop General+Note+3 @ 2026HTSRev9,NA
PA,United States-Panama Trade Promotion Agreement Implementation Act,2026_rev_9,reststop General+Note+3 @ 2026HTSRev9,NA
NP,Nepal Preference Program,2026_rev_9,reststop General+Note+3 @ 2026HTSRev9,NA
S,United States-Mexico-Canada Agreement,2026_rev_9,reststop General+Note+3 @ 2026HTSRev9,NA
S+,United States-Mexico-Canada Agreement,2026_rev_9,reststop General+Note+3 @ 2026HTSRev9,NA
A,Generalized System of Preferences,2024_basic,reststop General+Note+3 @ 2024HTSBasic,NA
A*,Generalized System of Preferences,2024_basic,reststop General+Note+3 @ 2024HTSBasic,NA
A+,Generalized System of Preferences,2024_basic,reststop General+Note+3 @ 2024HTSBasic,NA
AU,United States-Australia Free Trade Agreement,2024_basic,reststop General+Note+3 @ 2024HTSBasic,NA
B,Automotive Products Trade Act,2024_basic,reststop General+Note+3 @ 2024HTSBasic,NA
BH,United States-Bahrain Free Trade Agreement Implementation Act,2024_basic,reststop General+Note+3 @ 2024HTSBasic,NA
C,Agreement on Trade in Civil Aircraft,2024_basic,reststop General+Note+3 @ 2024HTSBasic,NA
CL,United States-Chile Free Trade Agreement,2024_basic,reststop General+Note+3 @ 2024HTSBasic,NA
D,African Growth and Opportunity Act,2024_basic,reststop General+Note+3 @ 2024HTSBasic,NA
E,Caribbean Basin Economic Recovery Act,2024_basic,reststop General+Note+3 @ 2024HTSBasic,NA
E*,Caribbean Basin Economic Recovery Act,2024_basic,reststop General+Note+3 @ 2024HTSBasic,NA
IL,United States-Israel Free Trade Area,2024_basic,reststop General+Note+3 @ 2024HTSBasic,NA
JO,United States-Jordan Free Trade Area Implementation Act,2024_basic,reststop General+Note+3 @ 2024HTSBasic,NA
JP,Trade Agreement Between the United States and Japan,2024_basic,reststop General+Note+3 @ 2024HTSBasic,NA
K,Agreement on Trade in Pharmaceutical Products,2024_basic,reststop General+Note+3 @ 2024HTSBasic,NA
P,Dominican Republic-Central America-United States Free Trade Agreement Implementation Act,2024_basic,reststop General+Note+3 @ 2024HTSBasic,NA
P+,Dominican Republic-Central America-United States Free Trade Agreement Implementation Act,2024_basic,reststop General+Note+3 @ 2024HTSBasic,NA
L,Uruguay Round Concessions on Intermediate Chemicals for Dyes,2024_basic,reststop General+Note+3 @ 2024HTSBasic,NA
R,United States-Caribbean Basin Trade Partnership Act,2024_basic,reststop General+Note+3 @ 2024HTSBasic,NA
MA,United States-Morocco Free Trade Agreement Implementation Act,2024_basic,reststop General+Note+3 @ 2024HTSBasic,NA
SG,United States-Singapore Free Trade Agreement,2024_basic,reststop General+Note+3 @ 2024HTSBasic,NA
OM,United States-Oman Free Trade Agreement Implementation Act,2024_basic,reststop General+Note+3 @ 2024HTSBasic,NA
PE,United States-Peru Trade Promotion Agreement Implementation Act,2024_basic,reststop General+Note+3 @ 2024HTSBasic,NA
KR,United States-Korea Free Trade Agreement Implementation Act,2024_basic,reststop General+Note+3 @ 2024HTSBasic,NA
CO,United States-Colombia Trade Promotion Agreement Implementation Act,2024_basic,reststop General+Note+3 @ 2024HTSBasic,NA
PA,United States-Panama Trade Promotion Agreement Implementation Act,2024_basic,reststop General+Note+3 @ 2024HTSBasic,NA
NP,Nepal Preference Program,2024_basic,reststop General+Note+3 @ 2024HTSBasic,NA
S,United States-Mexico-Canada Agreement,2024_basic,reststop General+Note+3 @ 2024HTSBasic,NA
S+,United States-Mexico-Canada Agreement,2024_basic,reststop General+Note+3 @ 2024HTSBasic,NA
A,Generalized System of Preferences,2024_rev_1,reststop General+Note+3 @ 2024HTSRev1,NA
A*,Generalized System of Preferences,2024_rev_1,reststop General+Note+3 @ 2024HTSRev1,NA
A+,Generalized System of Preferences,2024_rev_1,reststop General+Note+3 @ 2024HTSRev1,NA
AU,United States-Australia Free Trade Agreement,2024_rev_1,reststop General+Note+3 @ 2024HTSRev1,NA
B,Automotive Products Trade Act,2024_rev_1,reststop General+Note+3 @ 2024HTSRev1,NA
BH,United States-Bahrain Free Trade Agreement Implementation Act,2024_rev_1,reststop General+Note+3 @ 2024HTSRev1,NA
C,Agreement on Trade in Civil Aircraft,2024_rev_1,reststop General+Note+3 @ 2024HTSRev1,NA
CL,United States-Chile Free Trade Agreement,2024_rev_1,reststop General+Note+3 @ 2024HTSRev1,NA
D,African Growth and Opportunity Act,2024_rev_1,reststop General+Note+3 @ 2024HTSRev1,NA
E,Caribbean Basin Economic Recovery Act,2024_rev_1,reststop General+Note+3 @ 2024HTSRev1,NA
E*,Caribbean Basin Economic Recovery Act,2024_rev_1,reststop General+Note+3 @ 2024HTSRev1,NA
IL,United States-Israel Free Trade Area,2024_rev_1,reststop General+Note+3 @ 2024HTSRev1,NA
JO,United States-Jordan Free Trade Area Implementation Act,2024_rev_1,reststop General+Note+3 @ 2024HTSRev1,NA
JP,Trade Agreement Between the United States and Japan,2024_rev_1,reststop General+Note+3 @ 2024HTSRev1,NA
K,Agreement on Trade in Pharmaceutical Products,2024_rev_1,reststop General+Note+3 @ 2024HTSRev1,NA
P,Dominican Republic-Central America-United States Free Trade Agreement Implementation Act,2024_rev_1,reststop General+Note+3 @ 2024HTSRev1,NA
P+,Dominican Republic-Central America-United States Free Trade Agreement Implementation Act,2024_rev_1,reststop General+Note+3 @ 2024HTSRev1,NA
L,Uruguay Round Concessions on Intermediate Chemicals for Dyes,2024_rev_1,reststop General+Note+3 @ 2024HTSRev1,NA
R,United States-Caribbean Basin Trade Partnership Act,2024_rev_1,reststop General+Note+3 @ 2024HTSRev1,NA
MA,United States-Morocco Free Trade Agreement Implementation Act,2024_rev_1,reststop General+Note+3 @ 2024HTSRev1,NA
SG,United States-Singapore Free Trade Agreement,2024_rev_1,reststop General+Note+3 @ 2024HTSRev1,NA
OM,United States-Oman Free Trade Agreement Implementation Act,2024_rev_1,reststop General+Note+3 @ 2024HTSRev1,NA
PE,United States-Peru Trade Promotion Agreement Implementation Act,2024_rev_1,reststop General+Note+3 @ 2024HTSRev1,NA
KR,United States-Korea Free Trade Agreement Implementation Act,2024_rev_1,reststop General+Note+3 @ 2024HTSRev1,NA
CO,United States-Colombia Trade Promotion Agreement Implementation Act,2024_rev_1,reststop General+Note+3 @ 2024HTSRev1,NA
PA,United States-Panama Trade Promotion Agreement Implementation Act,2024_rev_1,reststop General+Note+3 @ 2024HTSRev1,NA
NP,Nepal Preference Program,2024_rev_1,reststop General+Note+3 @ 2024HTSRev1,NA
S,United States-Mexico-Canada Agreement,2024_rev_1,reststop General+Note+3 @ 2024HTSRev1,NA
S+,United States-Mexico-Canada Agreement,2024_rev_1,reststop General+Note+3 @ 2024HTSRev1,NA
A,Generalized System of Preferences,2024_rev_2,reststop General+Note+3 @ 2024HTSRev2,NA
A*,Generalized System of Preferences,2024_rev_2,reststop General+Note+3 @ 2024HTSRev2,NA
A+,Generalized System of Preferences,2024_rev_2,reststop General+Note+3 @ 2024HTSRev2,NA
AU,United States-Australia Free Trade Agreement,2024_rev_2,reststop General+Note+3 @ 2024HTSRev2,NA
B,Automotive Products Trade Act,2024_rev_2,reststop General+Note+3 @ 2024HTSRev2,NA
BH,United States-Bahrain Free Trade Agreement Implementation Act,2024_rev_2,reststop General+Note+3 @ 2024HTSRev2,NA
C,Agreement on Trade in Civil Aircraft,2024_rev_2,reststop General+Note+3 @ 2024HTSRev2,NA
CL,United States-Chile Free Trade Agreement,2024_rev_2,reststop General+Note+3 @ 2024HTSRev2,NA
D,African Growth and Opportunity Act,2024_rev_2,reststop General+Note+3 @ 2024HTSRev2,NA
E,Caribbean Basin Economic Recovery Act,2024_rev_2,reststop General+Note+3 @ 2024HTSRev2,NA
E*,Caribbean Basin Economic Recovery Act,2024_rev_2,reststop General+Note+3 @ 2024HTSRev2,NA
IL,United States-Israel Free Trade Area,2024_rev_2,reststop General+Note+3 @ 2024HTSRev2,NA
JO,United States-Jordan Free Trade Area Implementation Act,2024_rev_2,reststop General+Note+3 @ 2024HTSRev2,NA
JP,Trade Agreement Between the United States and Japan,2024_rev_2,reststop General+Note+3 @ 2024HTSRev2,NA
K,Agreement on Trade in Pharmaceutical Products,2024_rev_2,reststop General+Note+3 @ 2024HTSRev2,NA
P,Dominican Republic-Central America-United States Free Trade Agreement Implementation Act,2024_rev_2,reststop General+Note+3 @ 2024HTSRev2,NA
P+,Dominican Republic-Central America-United States Free Trade Agreement Implementation Act,2024_rev_2,reststop General+Note+3 @ 2024HTSRev2,NA
L,Uruguay Round Concessions on Intermediate Chemicals for Dyes,2024_rev_2,reststop General+Note+3 @ 2024HTSRev2,NA
R,United States-Caribbean Basin Trade Partnership Act,2024_rev_2,reststop General+Note+3 @ 2024HTSRev2,NA
MA,United States-Morocco Free Trade Agreement Implementation Act,2024_rev_2,reststop General+Note+3 @ 2024HTSRev2,NA
SG,United States-Singapore Free Trade Agreement,2024_rev_2,reststop General+Note+3 @ 2024HTSRev2,NA
OM,United States-Oman Free Trade Agreement Implementation Act,2024_rev_2,reststop General+Note+3 @ 2024HTSRev2,NA
PE,United States-Peru Trade Promotion Agreement Implementation Act,2024_rev_2,reststop General+Note+3 @ 2024HTSRev2,NA
KR,United States-Korea Free Trade Agreement Implementation Act,2024_rev_2,reststop General+Note+3 @ 2024HTSRev2,NA
CO,United States-Colombia Trade Promotion Agreement Implementation Act,2024_rev_2,reststop General+Note+3 @ 2024HTSRev2,NA
PA,United States-Panama Trade Promotion Agreement Implementation Act,2024_rev_2,reststop General+Note+3 @ 2024HTSRev2,NA
NP,Nepal Preference Program,2024_rev_2,reststop General+Note+3 @ 2024HTSRev2,NA
S,United States-Mexico-Canada Agreement,2024_rev_2,reststop General+Note+3 @ 2024HTSRev2,NA
S+,United States-Mexico-Canada Agreement,2024_rev_2,reststop General+Note+3 @ 2024HTSRev2,NA
A,Generalized System of Preferences,2024_rev_3,reststop General+Note+3 @ 2024HTSRev3,NA
A*,Generalized System of Preferences,2024_rev_3,reststop General+Note+3 @ 2024HTSRev3,NA
A+,Generalized System of Preferences,2024_rev_3,reststop General+Note+3 @ 2024HTSRev3,NA
AU,United States-Australia Free Trade Agreement,2024_rev_3,reststop General+Note+3 @ 2024HTSRev3,NA
B,Automotive Products Trade Act,2024_rev_3,reststop General+Note+3 @ 2024HTSRev3,NA
BH,United States-Bahrain Free Trade Agreement Implementation Act,2024_rev_3,reststop General+Note+3 @ 2024HTSRev3,NA
C,Agreement on Trade in Civil Aircraft,2024_rev_3,reststop General+Note+3 @ 2024HTSRev3,NA
CL,United States-Chile Free Trade Agreement,2024_rev_3,reststop General+Note+3 @ 2024HTSRev3,NA
D,African Growth and Opportunity Act,2024_rev_3,reststop General+Note+3 @ 2024HTSRev3,NA
E,Caribbean Basin Economic Recovery Act,2024_rev_3,reststop General+Note+3 @ 2024HTSRev3,NA
E*,Caribbean Basin Economic Recovery Act,2024_rev_3,reststop General+Note+3 @ 2024HTSRev3,NA
IL,United States-Israel Free Trade Area,2024_rev_3,reststop General+Note+3 @ 2024HTSRev3,NA
JO,United States-Jordan Free Trade Area Implementation Act,2024_rev_3,reststop General+Note+3 @ 2024HTSRev3,NA
JP,Trade Agreement Between the United States and Japan,2024_rev_3,reststop General+Note+3 @ 2024HTSRev3,NA
K,Agreement on Trade in Pharmaceutical Products,2024_rev_3,reststop General+Note+3 @ 2024HTSRev3,NA
P,Dominican Republic-Central America-United States Free Trade Agreement Implementation Act,2024_rev_3,reststop General+Note+3 @ 2024HTSRev3,NA
P+,Dominican Republic-Central America-United States Free Trade Agreement Implementation Act,2024_rev_3,reststop General+Note+3 @ 2024HTSRev3,NA
L,Uruguay Round Concessions on Intermediate Chemicals for Dyes,2024_rev_3,reststop General+Note+3 @ 2024HTSRev3,NA
R,United States-Caribbean Basin Trade Partnership Act,2024_rev_3,reststop General+Note+3 @ 2024HTSRev3,NA
MA,United States-Morocco Free Trade Agreement Implementation Act,2024_rev_3,reststop General+Note+3 @ 2024HTSRev3,NA
SG,United States-Singapore Free Trade Agreement,2024_rev_3,reststop General+Note+3 @ 2024HTSRev3,NA
OM,United States-Oman Free Trade Agreement Implementation Act,2024_rev_3,reststop General+Note+3 @ 2024HTSRev3,NA
PE,United States-Peru Trade Promotion Agreement Implementation Act,2024_rev_3,reststop General+Note+3 @ 2024HTSRev3,NA
KR,United States-Korea Free Trade Agreement Implementation Act,2024_rev_3,reststop General+Note+3 @ 2024HTSRev3,NA
CO,United States-Colombia Trade Promotion Agreement Implementation Act,2024_rev_3,reststop General+Note+3 @ 2024HTSRev3,NA
PA,United States-Panama Trade Promotion Agreement Implementation Act,2024_rev_3,reststop General+Note+3 @ 2024HTSRev3,NA
NP,Nepal Preference Program,2024_rev_3,reststop General+Note+3 @ 2024HTSRev3,NA
S,United States-Mexico-Canada Agreement,2024_rev_3,reststop General+Note+3 @ 2024HTSRev3,NA
S+,United States-Mexico-Canada Agreement,2024_rev_3,reststop General+Note+3 @ 2024HTSRev3,NA
A,Generalized System of Preferences,2024_rev_5,reststop General+Note+3 @ 2024HTSRev5,NA
A*,Generalized System of Preferences,2024_rev_5,reststop General+Note+3 @ 2024HTSRev5,NA
A+,Generalized System of Preferences,2024_rev_5,reststop General+Note+3 @ 2024HTSRev5,NA
AU,United States-Australia Free Trade Agreement,2024_rev_5,reststop General+Note+3 @ 2024HTSRev5,NA
B,Automotive Products Trade Act,2024_rev_5,reststop General+Note+3 @ 2024HTSRev5,NA
BH,United States-Bahrain Free Trade Agreement Implementation Act,2024_rev_5,reststop General+Note+3 @ 2024HTSRev5,NA
C,Agreement on Trade in Civil Aircraft,2024_rev_5,reststop General+Note+3 @ 2024HTSRev5,NA
CL,United States-Chile Free Trade Agreement,2024_rev_5,reststop General+Note+3 @ 2024HTSRev5,NA
D,African Growth and Opportunity Act,2024_rev_5,reststop General+Note+3 @ 2024HTSRev5,NA
E,Caribbean Basin Economic Recovery Act,2024_rev_5,reststop General+Note+3 @ 2024HTSRev5,NA
E*,Caribbean Basin Economic Recovery Act,2024_rev_5,reststop General+Note+3 @ 2024HTSRev5,NA
IL,United States-Israel Free Trade Area,2024_rev_5,reststop General+Note+3 @ 2024HTSRev5,NA
JO,United States-Jordan Free Trade Area Implementation Act,2024_rev_5,reststop General+Note+3 @ 2024HTSRev5,NA
JP,Trade Agreement Between the United States and Japan,2024_rev_5,reststop General+Note+3 @ 2024HTSRev5,NA
K,Agreement on Trade in Pharmaceutical Products,2024_rev_5,reststop General+Note+3 @ 2024HTSRev5,NA
P,Dominican Republic-Central America-United States Free Trade Agreement Implementation Act,2024_rev_5,reststop General+Note+3 @ 2024HTSRev5,NA
P+,Dominican Republic-Central America-United States Free Trade Agreement Implementation Act,2024_rev_5,reststop General+Note+3 @ 2024HTSRev5,NA
L,Uruguay Round Concessions on Intermediate Chemicals for Dyes,2024_rev_5,reststop General+Note+3 @ 2024HTSRev5,NA
R,United States-Caribbean Basin Trade Partnership Act,2024_rev_5,reststop General+Note+3 @ 2024HTSRev5,NA
MA,United States-Morocco Free Trade Agreement Implementation Act,2024_rev_5,reststop General+Note+3 @ 2024HTSRev5,NA
SG,United States-Singapore Free Trade Agreement,2024_rev_5,reststop General+Note+3 @ 2024HTSRev5,NA
OM,United States-Oman Free Trade Agreement Implementation Act,2024_rev_5,reststop General+Note+3 @ 2024HTSRev5,NA
PE,United States-Peru Trade Promotion Agreement Implementation Act,2024_rev_5,reststop General+Note+3 @ 2024HTSRev5,NA
KR,United States-Korea Free Trade Agreement Implementation Act,2024_rev_5,reststop General+Note+3 @ 2024HTSRev5,NA
CO,United States-Colombia Trade Promotion Agreement Implementation Act,2024_rev_5,reststop General+Note+3 @ 2024HTSRev5,NA
PA,United States-Panama Trade Promotion Agreement Implementation Act,2024_rev_5,reststop General+Note+3 @ 2024HTSRev5,NA
NP,Nepal Preference Program,2024_rev_5,reststop General+Note+3 @ 2024HTSRev5,NA
S,United States-Mexico-Canada Agreement,2024_rev_5,reststop General+Note+3 @ 2024HTSRev5,NA
S+,United States-Mexico-Canada Agreement,2024_rev_5,reststop General+Note+3 @ 2024HTSRev5,NA
A,Generalized System of Preferences,2024_rev_6,reststop General+Note+3 @ 2024HTSRev6,NA
A*,Generalized System of Preferences,2024_rev_6,reststop General+Note+3 @ 2024HTSRev6,NA
A+,Generalized System of Preferences,2024_rev_6,reststop General+Note+3 @ 2024HTSRev6,NA
AU,United States-Australia Free Trade Agreement,2024_rev_6,reststop General+Note+3 @ 2024HTSRev6,NA
B,Automotive Products Trade Act,2024_rev_6,reststop General+Note+3 @ 2024HTSRev6,NA
BH,United States-Bahrain Free Trade Agreement Implementation Act,2024_rev_6,reststop General+Note+3 @ 2024HTSRev6,NA
C,Agreement on Trade in Civil Aircraft,2024_rev_6,reststop General+Note+3 @ 2024HTSRev6,NA
CL,United States-Chile Free Trade Agreement,2024_rev_6,reststop General+Note+3 @ 2024HTSRev6,NA
D,African Growth and Opportunity Act,2024_rev_6,reststop General+Note+3 @ 2024HTSRev6,NA
E,Caribbean Basin Economic Recovery Act,2024_rev_6,reststop General+Note+3 @ 2024HTSRev6,NA
E*,Caribbean Basin Economic Recovery Act,2024_rev_6,reststop General+Note+3 @ 2024HTSRev6,NA
IL,United States-Israel Free Trade Area,2024_rev_6,reststop General+Note+3 @ 2024HTSRev6,NA
JO,United States-Jordan Free Trade Area Implementation Act,2024_rev_6,reststop General+Note+3 @ 2024HTSRev6,NA
JP,Trade Agreement Between the United States and Japan,2024_rev_6,reststop General+Note+3 @ 2024HTSRev6,NA
K,Agreement on Trade in Pharmaceutical Products,2024_rev_6,reststop General+Note+3 @ 2024HTSRev6,NA
P,Dominican Republic-Central America-United States Free Trade Agreement Implementation Act,2024_rev_6,reststop General+Note+3 @ 2024HTSRev6,NA
P+,Dominican Republic-Central America-United States Free Trade Agreement Implementation Act,2024_rev_6,reststop General+Note+3 @ 2024HTSRev6,NA
L,Uruguay Round Concessions on Intermediate Chemicals for Dyes,2024_rev_6,reststop General+Note+3 @ 2024HTSRev6,NA
R,United States-Caribbean Basin Trade Partnership Act,2024_rev_6,reststop General+Note+3 @ 2024HTSRev6,NA
MA,United States-Morocco Free Trade Agreement Implementation Act,2024_rev_6,reststop General+Note+3 @ 2024HTSRev6,NA
SG,United States-Singapore Free Trade Agreement,2024_rev_6,reststop General+Note+3 @ 2024HTSRev6,NA
OM,United States-Oman Free Trade Agreement Implementation Act,2024_rev_6,reststop General+Note+3 @ 2024HTSRev6,NA
PE,United States-Peru Trade Promotion Agreement Implementation Act,2024_rev_6,reststop General+Note+3 @ 2024HTSRev6,NA
KR,United States-Korea Free Trade Agreement Implementation Act,2024_rev_6,reststop General+Note+3 @ 2024HTSRev6,NA
CO,United States-Colombia Trade Promotion Agreement Implementation Act,2024_rev_6,reststop General+Note+3 @ 2024HTSRev6,NA
PA,United States-Panama Trade Promotion Agreement Implementation Act,2024_rev_6,reststop General+Note+3 @ 2024HTSRev6,NA
NP,Nepal Preference Program,2024_rev_6,reststop General+Note+3 @ 2024HTSRev6,NA
S,United States-Mexico-Canada Agreement,2024_rev_6,reststop General+Note+3 @ 2024HTSRev6,NA
S+,United States-Mexico-Canada Agreement,2024_rev_6,reststop General+Note+3 @ 2024HTSRev6,NA
A,Generalized System of Preferences,2024_rev_7,reststop General+Note+3 @ 2024HTSRev7,NA
A*,Generalized System of Preferences,2024_rev_7,reststop General+Note+3 @ 2024HTSRev7,NA
A+,Generalized System of Preferences,2024_rev_7,reststop General+Note+3 @ 2024HTSRev7,NA
AU,United States-Australia Free Trade Agreement,2024_rev_7,reststop General+Note+3 @ 2024HTSRev7,NA
B,Automotive Products Trade Act,2024_rev_7,reststop General+Note+3 @ 2024HTSRev7,NA
BH,United States-Bahrain Free Trade Agreement Implementation Act,2024_rev_7,reststop General+Note+3 @ 2024HTSRev7,NA
C,Agreement on Trade in Civil Aircraft,2024_rev_7,reststop General+Note+3 @ 2024HTSRev7,NA
CL,United States-Chile Free Trade Agreement,2024_rev_7,reststop General+Note+3 @ 2024HTSRev7,NA
D,African Growth and Opportunity Act,2024_rev_7,reststop General+Note+3 @ 2024HTSRev7,NA
E,Caribbean Basin Economic Recovery Act,2024_rev_7,reststop General+Note+3 @ 2024HTSRev7,NA
E*,Caribbean Basin Economic Recovery Act,2024_rev_7,reststop General+Note+3 @ 2024HTSRev7,NA
IL,United States-Israel Free Trade Area,2024_rev_7,reststop General+Note+3 @ 2024HTSRev7,NA
JO,United States-Jordan Free Trade Area Implementation Act,2024_rev_7,reststop General+Note+3 @ 2024HTSRev7,NA
JP,Trade Agreement Between the United States and Japan,2024_rev_7,reststop General+Note+3 @ 2024HTSRev7,NA
K,Agreement on Trade in Pharmaceutical Products,2024_rev_7,reststop General+Note+3 @ 2024HTSRev7,NA
P,Dominican Republic-Central America-United States Free Trade Agreement Implementation Act,2024_rev_7,reststop General+Note+3 @ 2024HTSRev7,NA
P+,Dominican Republic-Central America-United States Free Trade Agreement Implementation Act,2024_rev_7,reststop General+Note+3 @ 2024HTSRev7,NA
L,Uruguay Round Concessions on Intermediate Chemicals for Dyes,2024_rev_7,reststop General+Note+3 @ 2024HTSRev7,NA
R,United States-Caribbean Basin Trade Partnership Act,2024_rev_7,reststop General+Note+3 @ 2024HTSRev7,NA
MA,United States-Morocco Free Trade Agreement Implementation Act,2024_rev_7,reststop General+Note+3 @ 2024HTSRev7,NA
SG,United States-Singapore Free Trade Agreement,2024_rev_7,reststop General+Note+3 @ 2024HTSRev7,NA
OM,United States-Oman Free Trade Agreement Implementation Act,2024_rev_7,reststop General+Note+3 @ 2024HTSRev7,NA
PE,United States-Peru Trade Promotion Agreement Implementation Act,2024_rev_7,reststop General+Note+3 @ 2024HTSRev7,NA
KR,United States-Korea Free Trade Agreement Implementation Act,2024_rev_7,reststop General+Note+3 @ 2024HTSRev7,NA
CO,United States-Colombia Trade Promotion Agreement Implementation Act,2024_rev_7,reststop General+Note+3 @ 2024HTSRev7,NA
PA,United States-Panama Trade Promotion Agreement Implementation Act,2024_rev_7,reststop General+Note+3 @ 2024HTSRev7,NA
NP,Nepal Preference Program,2024_rev_7,reststop General+Note+3 @ 2024HTSRev7,NA
S,United States-Mexico-Canada Agreement,2024_rev_7,reststop General+Note+3 @ 2024HTSRev7,NA
S+,United States-Mexico-Canada Agreement,2024_rev_7,reststop General+Note+3 @ 2024HTSRev7,NA
A,Generalized System of Preferences,2024_rev_8,reststop General+Note+3 @ 2024HTSRev8,NA
A*,Generalized System of Preferences,2024_rev_8,reststop General+Note+3 @ 2024HTSRev8,NA
A+,Generalized System of Preferences,2024_rev_8,reststop General+Note+3 @ 2024HTSRev8,NA
AU,United States-Australia Free Trade Agreement,2024_rev_8,reststop General+Note+3 @ 2024HTSRev8,NA
B,Automotive Products Trade Act,2024_rev_8,reststop General+Note+3 @ 2024HTSRev8,NA
BH,United States-Bahrain Free Trade Agreement Implementation Act,2024_rev_8,reststop General+Note+3 @ 2024HTSRev8,NA
C,Agreement on Trade in Civil Aircraft,2024_rev_8,reststop General+Note+3 @ 2024HTSRev8,NA
CL,United States-Chile Free Trade Agreement,2024_rev_8,reststop General+Note+3 @ 2024HTSRev8,NA
D,African Growth and Opportunity Act,2024_rev_8,reststop General+Note+3 @ 2024HTSRev8,NA
E,Caribbean Basin Economic Recovery Act,2024_rev_8,reststop General+Note+3 @ 2024HTSRev8,NA
E*,Caribbean Basin Economic Recovery Act,2024_rev_8,reststop General+Note+3 @ 2024HTSRev8,NA
IL,United States-Israel Free Trade Area,2024_rev_8,reststop General+Note+3 @ 2024HTSRev8,NA
JO,United States-Jordan Free Trade Area Implementation Act,2024_rev_8,reststop General+Note+3 @ 2024HTSRev8,NA
JP,Trade Agreement Between the United States and Japan,2024_rev_8,reststop General+Note+3 @ 2024HTSRev8,NA
K,Agreement on Trade in Pharmaceutical Products,2024_rev_8,reststop General+Note+3 @ 2024HTSRev8,NA
P,Dominican Republic-Central America-United States Free Trade Agreement Implementation Act,2024_rev_8,reststop General+Note+3 @ 2024HTSRev8,NA
P+,Dominican Republic-Central America-United States Free Trade Agreement Implementation Act,2024_rev_8,reststop General+Note+3 @ 2024HTSRev8,NA
L,Uruguay Round Concessions on Intermediate Chemicals for Dyes,2024_rev_8,reststop General+Note+3 @ 2024HTSRev8,NA
R,United States-Caribbean Basin Trade Partnership Act,2024_rev_8,reststop General+Note+3 @ 2024HTSRev8,NA
MA,United States-Morocco Free Trade Agreement Implementation Act,2024_rev_8,reststop General+Note+3 @ 2024HTSRev8,NA
SG,United States-Singapore Free Trade Agreement,2024_rev_8,reststop General+Note+3 @ 2024HTSRev8,NA
OM,United States-Oman Free Trade Agreement Implementation Act,2024_rev_8,reststop General+Note+3 @ 2024HTSRev8,NA
PE,United States-Peru Trade Promotion Agreement Implementation Act,2024_rev_8,reststop General+Note+3 @ 2024HTSRev8,NA
KR,United States-Korea Free Trade Agreement Implementation Act,2024_rev_8,reststop General+Note+3 @ 2024HTSRev8,NA
CO,United States-Colombia Trade Promotion Agreement Implementation Act,2024_rev_8,reststop General+Note+3 @ 2024HTSRev8,NA
PA,United States-Panama Trade Promotion Agreement Implementation Act,2024_rev_8,reststop General+Note+3 @ 2024HTSRev8,NA
NP,Nepal Preference Program,2024_rev_8,reststop General+Note+3 @ 2024HTSRev8,NA
S,United States-Mexico-Canada Agreement,2024_rev_8,reststop General+Note+3 @ 2024HTSRev8,NA
S+,United States-Mexico-Canada Agreement,2024_rev_8,reststop General+Note+3 @ 2024HTSRev8,NA
A,Generalized System of Preferences,2024_rev_9,reststop General+Note+3 @ 2024HTSRev9,NA
A*,Generalized System of Preferences,2024_rev_9,reststop General+Note+3 @ 2024HTSRev9,NA
A+,Generalized System of Preferences,2024_rev_9,reststop General+Note+3 @ 2024HTSRev9,NA
AU,United States-Australia Free Trade Agreement,2024_rev_9,reststop General+Note+3 @ 2024HTSRev9,NA
B,Automotive Products Trade Act,2024_rev_9,reststop General+Note+3 @ 2024HTSRev9,NA
BH,United States-Bahrain Free Trade Agreement Implementation Act,2024_rev_9,reststop General+Note+3 @ 2024HTSRev9,NA
C,Agreement on Trade in Civil Aircraft,2024_rev_9,reststop General+Note+3 @ 2024HTSRev9,NA
CL,United States-Chile Free Trade Agreement,2024_rev_9,reststop General+Note+3 @ 2024HTSRev9,NA
D,African Growth and Opportunity Act,2024_rev_9,reststop General+Note+3 @ 2024HTSRev9,NA
E,Caribbean Basin Economic Recovery Act,2024_rev_9,reststop General+Note+3 @ 2024HTSRev9,NA
E*,Caribbean Basin Economic Recovery Act,2024_rev_9,reststop General+Note+3 @ 2024HTSRev9,NA
IL,United States-Israel Free Trade Area,2024_rev_9,reststop General+Note+3 @ 2024HTSRev9,NA
JO,United States-Jordan Free Trade Area Implementation Act,2024_rev_9,reststop General+Note+3 @ 2024HTSRev9,NA
JP,Trade Agreement Between the United States and Japan,2024_rev_9,reststop General+Note+3 @ 2024HTSRev9,NA
K,Agreement on Trade in Pharmaceutical Products,2024_rev_9,reststop General+Note+3 @ 2024HTSRev9,NA
P,Dominican Republic-Central America-United States Free Trade Agreement Implementation Act,2024_rev_9,reststop General+Note+3 @ 2024HTSRev9,NA
P+,Dominican Republic-Central America-United States Free Trade Agreement Implementation Act,2024_rev_9,reststop General+Note+3 @ 2024HTSRev9,NA
L,Uruguay Round Concessions on Intermediate Chemicals for Dyes,2024_rev_9,reststop General+Note+3 @ 2024HTSRev9,NA
R,United States-Caribbean Basin Trade Partnership Act,2024_rev_9,reststop General+Note+3 @ 2024HTSRev9,NA
MA,United States-Morocco Free Trade Agreement Implementation Act,2024_rev_9,reststop General+Note+3 @ 2024HTSRev9,NA
SG,United States-Singapore Free Trade Agreement,2024_rev_9,reststop General+Note+3 @ 2024HTSRev9,NA
OM,United States-Oman Free Trade Agreement Implementation Act,2024_rev_9,reststop General+Note+3 @ 2024HTSRev9,NA
PE,United States-Peru Trade Promotion Agreement Implementation Act,2024_rev_9,reststop General+Note+3 @ 2024HTSRev9,NA
KR,United States-Korea Free Trade Agreement Implementation Act,2024_rev_9,reststop General+Note+3 @ 2024HTSRev9,NA
CO,United States-Colombia Trade Promotion Agreement Implementation Act,2024_rev_9,reststop General+Note+3 @ 2024HTSRev9,NA
PA,United States-Panama Trade Promotion Agreement Implementation Act,2024_rev_9,reststop General+Note+3 @ 2024HTSRev9,NA
NP,Nepal Preference Program,2024_rev_9,reststop General+Note+3 @ 2024HTSRev9,NA
S,United States-Mexico-Canada Agreement,2024_rev_9,reststop General+Note+3 @ 2024HTSRev9,NA
S+,United States-Mexico-Canada Agreement,2024_rev_9,reststop General+Note+3 @ 2024HTSRev9,NA
A,Generalized System of Preferences,2024_rev_10,reststop General+Note+3 @ 2024HTSRev10,NA
A*,Generalized System of Preferences,2024_rev_10,reststop General+Note+3 @ 2024HTSRev10,NA
A+,Generalized System of Preferences,2024_rev_10,reststop General+Note+3 @ 2024HTSRev10,NA
AU,United States-Australia Free Trade Agreement,2024_rev_10,reststop General+Note+3 @ 2024HTSRev10,NA
B,Automotive Products Trade Act,2024_rev_10,reststop General+Note+3 @ 2024HTSRev10,NA
BH,United States-Bahrain Free Trade Agreement Implementation Act,2024_rev_10,reststop General+Note+3 @ 2024HTSRev10,NA
C,Agreement on Trade in Civil Aircraft,2024_rev_10,reststop General+Note+3 @ 2024HTSRev10,NA
CL,United States-Chile Free Trade Agreement,2024_rev_10,reststop General+Note+3 @ 2024HTSRev10,NA
D,African Growth and Opportunity Act,2024_rev_10,reststop General+Note+3 @ 2024HTSRev10,NA
E,Caribbean Basin Economic Recovery Act,2024_rev_10,reststop General+Note+3 @ 2024HTSRev10,NA
E*,Caribbean Basin Economic Recovery Act,2024_rev_10,reststop General+Note+3 @ 2024HTSRev10,NA
IL,United States-Israel Free Trade Area,2024_rev_10,reststop General+Note+3 @ 2024HTSRev10,NA
JO,United States-Jordan Free Trade Area Implementation Act,2024_rev_10,reststop General+Note+3 @ 2024HTSRev10,NA
JP,Trade Agreement Between the United States and Japan,2024_rev_10,reststop General+Note+3 @ 2024HTSRev10,NA
K,Agreement on Trade in Pharmaceutical Products,2024_rev_10,reststop General+Note+3 @ 2024HTSRev10,NA
P,Dominican Republic-Central America-United States Free Trade Agreement Implementation Act,2024_rev_10,reststop General+Note+3 @ 2024HTSRev10,NA
P+,Dominican Republic-Central America-United States Free Trade Agreement Implementation Act,2024_rev_10,reststop General+Note+3 @ 2024HTSRev10,NA
L,Uruguay Round Concessions on Intermediate Chemicals for Dyes,2024_rev_10,reststop General+Note+3 @ 2024HTSRev10,NA
R,United States-Caribbean Basin Trade Partnership Act,2024_rev_10,reststop General+Note+3 @ 2024HTSRev10,NA
MA,United States-Morocco Free Trade Agreement Implementation Act,2024_rev_10,reststop General+Note+3 @ 2024HTSRev10,NA
SG,United States-Singapore Free Trade Agreement,2024_rev_10,reststop General+Note+3 @ 2024HTSRev10,NA
OM,United States-Oman Free Trade Agreement Implementation Act,2024_rev_10,reststop General+Note+3 @ 2024HTSRev10,NA
PE,United States-Peru Trade Promotion Agreement Implementation Act,2024_rev_10,reststop General+Note+3 @ 2024HTSRev10,NA
KR,United States-Korea Free Trade Agreement Implementation Act,2024_rev_10,reststop General+Note+3 @ 2024HTSRev10,NA
CO,United States-Colombia Trade Promotion Agreement Implementation Act,2024_rev_10,reststop General+Note+3 @ 2024HTSRev10,NA
PA,United States-Panama Trade Promotion Agreement Implementation Act,2024_rev_10,reststop General+Note+3 @ 2024HTSRev10,NA
NP,Nepal Preference Program,2024_rev_10,reststop General+Note+3 @ 2024HTSRev10,NA
S,United States-Mexico-Canada Agreement,2024_rev_10,reststop General+Note+3 @ 2024HTSRev10,NA
S+,United States-Mexico-Canada Agreement,2024_rev_10,reststop General+Note+3 @ 2024HTSRev10,NA
A,Generalized System of Preferences,2025_basic,reststop General+Note+3 @ 2025HTSBasic,NA
A*,Generalized System of Preferences,2025_basic,reststop General+Note+3 @ 2025HTSBasic,NA
A+,Generalized System of Preferences,2025_basic,reststop General+Note+3 @ 2025HTSBasic,NA
AU,United States-Australia Free Trade Agreement,2025_basic,reststop General+Note+3 @ 2025HTSBasic,NA
B,Automotive Products Trade Act,2025_basic,reststop General+Note+3 @ 2025HTSBasic,NA
BH,United States-Bahrain Free Trade Agreement Implementation Act,2025_basic,reststop General+Note+3 @ 2025HTSBasic,NA
C,Agreement on Trade in Civil Aircraft,2025_basic,reststop General+Note+3 @ 2025HTSBasic,NA
CL,United States-Chile Free Trade Agreement,2025_basic,reststop General+Note+3 @ 2025HTSBasic,NA
D,African Growth and Opportunity Act,2025_basic,reststop General+Note+3 @ 2025HTSBasic,NA
E,Caribbean Basin Economic Recovery Act,2025_basic,reststop General+Note+3 @ 2025HTSBasic,NA
E*,Caribbean Basin Economic Recovery Act,2025_basic,reststop General+Note+3 @ 2025HTSBasic,NA
IL,United States-Israel Free Trade Area,2025_basic,reststop General+Note+3 @ 2025HTSBasic,NA
JO,United States-Jordan Free Trade Area Implementation Act,2025_basic,reststop General+Note+3 @ 2025HTSBasic,NA
JP,Trade Agreement Between the United States and Japan,2025_basic,reststop General+Note+3 @ 2025HTSBasic,NA
K,Agreement on Trade in Pharmaceutical Products,2025_basic,reststop General+Note+3 @ 2025HTSBasic,NA
P,Dominican Republic-Central America-United States Free Trade Agreement Implementation Act,2025_basic,reststop General+Note+3 @ 2025HTSBasic,NA
P+,Dominican Republic-Central America-United States Free Trade Agreement Implementation Act,2025_basic,reststop General+Note+3 @ 2025HTSBasic,NA
L,Uruguay Round Concessions on Intermediate Chemicals for Dyes,2025_basic,reststop General+Note+3 @ 2025HTSBasic,NA
R,United States-Caribbean Basin Trade Partnership Act,2025_basic,reststop General+Note+3 @ 2025HTSBasic,NA
MA,United States-Morocco Free Trade Agreement Implementation Act,2025_basic,reststop General+Note+3 @ 2025HTSBasic,NA
SG,United States-Singapore Free Trade Agreement,2025_basic,reststop General+Note+3 @ 2025HTSBasic,NA
OM,United States-Oman Free Trade Agreement Implementation Act,2025_basic,reststop General+Note+3 @ 2025HTSBasic,NA
PE,United States-Peru Trade Promotion Agreement Implementation Act,2025_basic,reststop General+Note+3 @ 2025HTSBasic,NA
KR,United States-Korea Free Trade Agreement Implementation Act,2025_basic,reststop General+Note+3 @ 2025HTSBasic,NA
CO,United States-Colombia Trade Promotion Agreement Implementation Act,2025_basic,reststop General+Note+3 @ 2025HTSBasic,NA
PA,United States-Panama Trade Promotion Agreement Implementation Act,2025_basic,reststop General+Note+3 @ 2025HTSBasic,NA
NP,Nepal Preference Program,2025_basic,reststop General+Note+3 @ 2025HTSBasic,NA
S,United States-Mexico-Canada Agreement,2025_basic,reststop General+Note+3 @ 2025HTSBasic,NA
S+,United States-Mexico-Canada Agreement,2025_basic,reststop General+Note+3 @ 2025HTSBasic,NA
A,Generalized System of Preferences,2025_rev_1,reststop General+Note+3 @ 2025HTSRev1,NA
A*,Generalized System of Preferences,2025_rev_1,reststop General+Note+3 @ 2025HTSRev1,NA
A+,Generalized System of Preferences,2025_rev_1,reststop General+Note+3 @ 2025HTSRev1,NA
AU,United States-Australia Free Trade Agreement,2025_rev_1,reststop General+Note+3 @ 2025HTSRev1,NA
B,Automotive Products Trade Act,2025_rev_1,reststop General+Note+3 @ 2025HTSRev1,NA
BH,United States-Bahrain Free Trade Agreement Implementation Act,2025_rev_1,reststop General+Note+3 @ 2025HTSRev1,NA
C,Agreement on Trade in Civil Aircraft,2025_rev_1,reststop General+Note+3 @ 2025HTSRev1,NA
CL,United States-Chile Free Trade Agreement,2025_rev_1,reststop General+Note+3 @ 2025HTSRev1,NA
D,African Growth and Opportunity Act,2025_rev_1,reststop General+Note+3 @ 2025HTSRev1,NA
E,Caribbean Basin Economic Recovery Act,2025_rev_1,reststop General+Note+3 @ 2025HTSRev1,NA
E*,Caribbean Basin Economic Recovery Act,2025_rev_1,reststop General+Note+3 @ 2025HTSRev1,NA
IL,United States-Israel Free Trade Area,2025_rev_1,reststop General+Note+3 @ 2025HTSRev1,NA
JO,United States-Jordan Free Trade Area Implementation Act,2025_rev_1,reststop General+Note+3 @ 2025HTSRev1,NA
JP,Trade Agreement Between the United States and Japan,2025_rev_1,reststop General+Note+3 @ 2025HTSRev1,NA
K,Agreement on Trade in Pharmaceutical Products,2025_rev_1,reststop General+Note+3 @ 2025HTSRev1,NA
P,Dominican Republic-Central America-United States Free Trade Agreement Implementation Act,2025_rev_1,reststop General+Note+3 @ 2025HTSRev1,NA
P+,Dominican Republic-Central America-United States Free Trade Agreement Implementation Act,2025_rev_1,reststop General+Note+3 @ 2025HTSRev1,NA
L,Uruguay Round Concessions on Intermediate Chemicals for Dyes,2025_rev_1,reststop General+Note+3 @ 2025HTSRev1,NA
R,United States-Caribbean Basin Trade Partnership Act,2025_rev_1,reststop General+Note+3 @ 2025HTSRev1,NA
MA,United States-Morocco Free Trade Agreement Implementation Act,2025_rev_1,reststop General+Note+3 @ 2025HTSRev1,NA
SG,United States-Singapore Free Trade Agreement,2025_rev_1,reststop General+Note+3 @ 2025HTSRev1,NA
OM,United States-Oman Free Trade Agreement Implementation Act,2025_rev_1,reststop General+Note+3 @ 2025HTSRev1,NA
PE,United States-Peru Trade Promotion Agreement Implementation Act,2025_rev_1,reststop General+Note+3 @ 2025HTSRev1,NA
KR,United States-Korea Free Trade Agreement Implementation Act,2025_rev_1,reststop General+Note+3 @ 2025HTSRev1,NA
CO,United States-Colombia Trade Promotion Agreement Implementation Act,2025_rev_1,reststop General+Note+3 @ 2025HTSRev1,NA
PA,United States-Panama Trade Promotion Agreement Implementation Act,2025_rev_1,reststop General+Note+3 @ 2025HTSRev1,NA
NP,Nepal Preference Program,2025_rev_1,reststop General+Note+3 @ 2025HTSRev1,NA
S,United States-Mexico-Canada Agreement,2025_rev_1,reststop General+Note+3 @ 2025HTSRev1,NA
S+,United States-Mexico-Canada Agreement,2025_rev_1,reststop General+Note+3 @ 2025HTSRev1,NA
A,Generalized System of Preferences,2025_rev_2,reststop General+Note+3 @ 2025HTSRev2,NA
A*,Generalized System of Preferences,2025_rev_2,reststop General+Note+3 @ 2025HTSRev2,NA
A+,Generalized System of Preferences,2025_rev_2,reststop General+Note+3 @ 2025HTSRev2,NA
AU,United States-Australia Free Trade Agreement,2025_rev_2,reststop General+Note+3 @ 2025HTSRev2,NA
B,Automotive Products Trade Act,2025_rev_2,reststop General+Note+3 @ 2025HTSRev2,NA
BH,United States-Bahrain Free Trade Agreement Implementation Act,2025_rev_2,reststop General+Note+3 @ 2025HTSRev2,NA
C,Agreement on Trade in Civil Aircraft,2025_rev_2,reststop General+Note+3 @ 2025HTSRev2,NA
CL,United States-Chile Free Trade Agreement,2025_rev_2,reststop General+Note+3 @ 2025HTSRev2,NA
D,African Growth and Opportunity Act,2025_rev_2,reststop General+Note+3 @ 2025HTSRev2,NA
E,Caribbean Basin Economic Recovery Act,2025_rev_2,reststop General+Note+3 @ 2025HTSRev2,NA
E*,Caribbean Basin Economic Recovery Act,2025_rev_2,reststop General+Note+3 @ 2025HTSRev2,NA
IL,United States-Israel Free Trade Area,2025_rev_2,reststop General+Note+3 @ 2025HTSRev2,NA
JO,United States-Jordan Free Trade Area Implementation Act,2025_rev_2,reststop General+Note+3 @ 2025HTSRev2,NA
JP,Trade Agreement Between the United States and Japan,2025_rev_2,reststop General+Note+3 @ 2025HTSRev2,NA
K,Agreement on Trade in Pharmaceutical Products,2025_rev_2,reststop General+Note+3 @ 2025HTSRev2,NA
P,Dominican Republic-Central America-United States Free Trade Agreement Implementation Act,2025_rev_2,reststop General+Note+3 @ 2025HTSRev2,NA
P+,Dominican Republic-Central America-United States Free Trade Agreement Implementation Act,2025_rev_2,reststop General+Note+3 @ 2025HTSRev2,NA
L,Uruguay Round Concessions on Intermediate Chemicals for Dyes,2025_rev_2,reststop General+Note+3 @ 2025HTSRev2,NA
R,United States-Caribbean Basin Trade Partnership Act,2025_rev_2,reststop General+Note+3 @ 2025HTSRev2,NA
MA,United States-Morocco Free Trade Agreement Implementation Act,2025_rev_2,reststop General+Note+3 @ 2025HTSRev2,NA
SG,United States-Singapore Free Trade Agreement,2025_rev_2,reststop General+Note+3 @ 2025HTSRev2,NA
OM,United States-Oman Free Trade Agreement Implementation Act,2025_rev_2,reststop General+Note+3 @ 2025HTSRev2,NA
PE,United States-Peru Trade Promotion Agreement Implementation Act,2025_rev_2,reststop General+Note+3 @ 2025HTSRev2,NA
KR,United States-Korea Free Trade Agreement Implementation Act,2025_rev_2,reststop General+Note+3 @ 2025HTSRev2,NA
CO,United States-Colombia Trade Promotion Agreement Implementation Act,2025_rev_2,reststop General+Note+3 @ 2025HTSRev2,NA
PA,United States-Panama Trade Promotion Agreement Implementation Act,2025_rev_2,reststop General+Note+3 @ 2025HTSRev2,NA
NP,Nepal Preference Program,2025_rev_2,reststop General+Note+3 @ 2025HTSRev2,NA
S,United States-Mexico-Canada Agreement,2025_rev_2,reststop General+Note+3 @ 2025HTSRev2,NA
S+,United States-Mexico-Canada Agreement,2025_rev_2,reststop General+Note+3 @ 2025HTSRev2,NA
A,Generalized System of Preferences,2025_rev_3,reststop General+Note+3 @ 2025HTSRev3,NA
A*,Generalized System of Preferences,2025_rev_3,reststop General+Note+3 @ 2025HTSRev3,NA
A+,Generalized System of Preferences,2025_rev_3,reststop General+Note+3 @ 2025HTSRev3,NA
AU,United States-Australia Free Trade Agreement,2025_rev_3,reststop General+Note+3 @ 2025HTSRev3,NA
B,Automotive Products Trade Act,2025_rev_3,reststop General+Note+3 @ 2025HTSRev3,NA
BH,United States-Bahrain Free Trade Agreement Implementation Act,2025_rev_3,reststop General+Note+3 @ 2025HTSRev3,NA
C,Agreement on Trade in Civil Aircraft,2025_rev_3,reststop General+Note+3 @ 2025HTSRev3,NA
CL,United States-Chile Free Trade Agreement,2025_rev_3,reststop General+Note+3 @ 2025HTSRev3,NA
D,African Growth and Opportunity Act,2025_rev_3,reststop General+Note+3 @ 2025HTSRev3,NA
E,Caribbean Basin Economic Recovery Act,2025_rev_3,reststop General+Note+3 @ 2025HTSRev3,NA
E*,Caribbean Basin Economic Recovery Act,2025_rev_3,reststop General+Note+3 @ 2025HTSRev3,NA
IL,United States-Israel Free Trade Area,2025_rev_3,reststop General+Note+3 @ 2025HTSRev3,NA
JO,United States-Jordan Free Trade Area Implementation Act,2025_rev_3,reststop General+Note+3 @ 2025HTSRev3,NA
JP,Trade Agreement Between the United States and Japan,2025_rev_3,reststop General+Note+3 @ 2025HTSRev3,NA
K,Agreement on Trade in Pharmaceutical Products,2025_rev_3,reststop General+Note+3 @ 2025HTSRev3,NA
P,Dominican Republic-Central America-United States Free Trade Agreement Implementation Act,2025_rev_3,reststop General+Note+3 @ 2025HTSRev3,NA
P+,Dominican Republic-Central America-United States Free Trade Agreement Implementation Act,2025_rev_3,reststop General+Note+3 @ 2025HTSRev3,NA
L,Uruguay Round Concessions on Intermediate Chemicals for Dyes,2025_rev_3,reststop General+Note+3 @ 2025HTSRev3,NA
R,United States-Caribbean Basin Trade Partnership Act,2025_rev_3,reststop General+Note+3 @ 2025HTSRev3,NA
MA,United States-Morocco Free Trade Agreement Implementation Act,2025_rev_3,reststop General+Note+3 @ 2025HTSRev3,NA
SG,United States-Singapore Free Trade Agreement,2025_rev_3,reststop General+Note+3 @ 2025HTSRev3,NA
OM,United States-Oman Free Trade Agreement Implementation Act,2025_rev_3,reststop General+Note+3 @ 2025HTSRev3,NA
PE,United States-Peru Trade Promotion Agreement Implementation Act,2025_rev_3,reststop General+Note+3 @ 2025HTSRev3,NA
KR,United States-Korea Free Trade Agreement Implementation Act,2025_rev_3,reststop General+Note+3 @ 2025HTSRev3,NA
CO,United States-Colombia Trade Promotion Agreement Implementation Act,2025_rev_3,reststop General+Note+3 @ 2025HTSRev3,NA
PA,United States-Panama Trade Promotion Agreement Implementation Act,2025_rev_3,reststop General+Note+3 @ 2025HTSRev3,NA
NP,Nepal Preference Program,2025_rev_3,reststop General+Note+3 @ 2025HTSRev3,NA
S,United States-Mexico-Canada Agreement,2025_rev_3,reststop General+Note+3 @ 2025HTSRev3,NA
S+,United States-Mexico-Canada Agreement,2025_rev_3,reststop General+Note+3 @ 2025HTSRev3,NA
A,Generalized System of Preferences,2025_rev_4,reststop General+Note+3 @ 2025HTSRev4,NA
A*,Generalized System of Preferences,2025_rev_4,reststop General+Note+3 @ 2025HTSRev4,NA
A+,Generalized System of Preferences,2025_rev_4,reststop General+Note+3 @ 2025HTSRev4,NA
AU,United States-Australia Free Trade Agreement,2025_rev_4,reststop General+Note+3 @ 2025HTSRev4,NA
B,Automotive Products Trade Act,2025_rev_4,reststop General+Note+3 @ 2025HTSRev4,NA
BH,United States-Bahrain Free Trade Agreement Implementation Act,2025_rev_4,reststop General+Note+3 @ 2025HTSRev4,NA
C,Agreement on Trade in Civil Aircraft,2025_rev_4,reststop General+Note+3 @ 2025HTSRev4,NA
CL,United States-Chile Free Trade Agreement,2025_rev_4,reststop General+Note+3 @ 2025HTSRev4,NA
D,African Growth and Opportunity Act,2025_rev_4,reststop General+Note+3 @ 2025HTSRev4,NA
E,Caribbean Basin Economic Recovery Act,2025_rev_4,reststop General+Note+3 @ 2025HTSRev4,NA
E*,Caribbean Basin Economic Recovery Act,2025_rev_4,reststop General+Note+3 @ 2025HTSRev4,NA
IL,United States-Israel Free Trade Area,2025_rev_4,reststop General+Note+3 @ 2025HTSRev4,NA
JO,United States-Jordan Free Trade Area Implementation Act,2025_rev_4,reststop General+Note+3 @ 2025HTSRev4,NA
JP,Trade Agreement Between the United States and Japan,2025_rev_4,reststop General+Note+3 @ 2025HTSRev4,NA
K,Agreement on Trade in Pharmaceutical Products,2025_rev_4,reststop General+Note+3 @ 2025HTSRev4,NA
P,Dominican Republic-Central America-United States Free Trade Agreement Implementation Act,2025_rev_4,reststop General+Note+3 @ 2025HTSRev4,NA
P+,Dominican Republic-Central America-United States Free Trade Agreement Implementation Act,2025_rev_4,reststop General+Note+3 @ 2025HTSRev4,NA
L,Uruguay Round Concessions on Intermediate Chemicals for Dyes,2025_rev_4,reststop General+Note+3 @ 2025HTSRev4,NA
R,United States-Caribbean Basin Trade Partnership Act,2025_rev_4,reststop General+Note+3 @ 2025HTSRev4,NA
MA,United States-Morocco Free Trade Agreement Implementation Act,2025_rev_4,reststop General+Note+3 @ 2025HTSRev4,NA
SG,United States-Singapore Free Trade Agreement,2025_rev_4,reststop General+Note+3 @ 2025HTSRev4,NA
OM,United States-Oman Free Trade Agreement Implementation Act,2025_rev_4,reststop General+Note+3 @ 2025HTSRev4,NA
PE,United States-Peru Trade Promotion Agreement Implementation Act,2025_rev_4,reststop General+Note+3 @ 2025HTSRev4,NA
KR,United States-Korea Free Trade Agreement Implementation Act,2025_rev_4,reststop General+Note+3 @ 2025HTSRev4,NA
CO,United States-Colombia Trade Promotion Agreement Implementation Act,2025_rev_4,reststop General+Note+3 @ 2025HTSRev4,NA
PA,United States-Panama Trade Promotion Agreement Implementation Act,2025_rev_4,reststop General+Note+3 @ 2025HTSRev4,NA
NP,Nepal Preference Program,2025_rev_4,reststop General+Note+3 @ 2025HTSRev4,NA
S,United States-Mexico-Canada Agreement,2025_rev_4,reststop General+Note+3 @ 2025HTSRev4,NA
S+,United States-Mexico-Canada Agreement,2025_rev_4,reststop General+Note+3 @ 2025HTSRev4,NA
A,Generalized System of Preferences,2025_rev_5,reststop General+Note+3 @ 2025HTSRev5,NA
A*,Generalized System of Preferences,2025_rev_5,reststop General+Note+3 @ 2025HTSRev5,NA
A+,Generalized System of Preferences,2025_rev_5,reststop General+Note+3 @ 2025HTSRev5,NA
AU,United States-Australia Free Trade Agreement,2025_rev_5,reststop General+Note+3 @ 2025HTSRev5,NA
B,Automotive Products Trade Act,2025_rev_5,reststop General+Note+3 @ 2025HTSRev5,NA
BH,United States-Bahrain Free Trade Agreement Implementation Act,2025_rev_5,reststop General+Note+3 @ 2025HTSRev5,NA
C,Agreement on Trade in Civil Aircraft,2025_rev_5,reststop General+Note+3 @ 2025HTSRev5,NA
CL,United States-Chile Free Trade Agreement,2025_rev_5,reststop General+Note+3 @ 2025HTSRev5,NA
D,African Growth and Opportunity Act,2025_rev_5,reststop General+Note+3 @ 2025HTSRev5,NA
E,Caribbean Basin Economic Recovery Act,2025_rev_5,reststop General+Note+3 @ 2025HTSRev5,NA
E*,Caribbean Basin Economic Recovery Act,2025_rev_5,reststop General+Note+3 @ 2025HTSRev5,NA
IL,United States-Israel Free Trade Area,2025_rev_5,reststop General+Note+3 @ 2025HTSRev5,NA
JO,United States-Jordan Free Trade Area Implementation Act,2025_rev_5,reststop General+Note+3 @ 2025HTSRev5,NA
JP,Trade Agreement Between the United States and Japan,2025_rev_5,reststop General+Note+3 @ 2025HTSRev5,NA
K,Agreement on Trade in Pharmaceutical Products,2025_rev_5,reststop General+Note+3 @ 2025HTSRev5,NA
P,Dominican Republic-Central America-United States Free Trade Agreement Implementation Act,2025_rev_5,reststop General+Note+3 @ 2025HTSRev5,NA
P+,Dominican Republic-Central America-United States Free Trade Agreement Implementation Act,2025_rev_5,reststop General+Note+3 @ 2025HTSRev5,NA
L,Uruguay Round Concessions on Intermediate Chemicals for Dyes,2025_rev_5,reststop General+Note+3 @ 2025HTSRev5,NA
R,United States-Caribbean Basin Trade Partnership Act,2025_rev_5,reststop General+Note+3 @ 2025HTSRev5,NA
MA,United States-Morocco Free Trade Agreement Implementation Act,2025_rev_5,reststop General+Note+3 @ 2025HTSRev5,NA
SG,United States-Singapore Free Trade Agreement,2025_rev_5,reststop General+Note+3 @ 2025HTSRev5,NA
OM,United States-Oman Free Trade Agreement Implementation Act,2025_rev_5,reststop General+Note+3 @ 2025HTSRev5,NA
PE,United States-Peru Trade Promotion Agreement Implementation Act,2025_rev_5,reststop General+Note+3 @ 2025HTSRev5,NA
KR,United States-Korea Free Trade Agreement Implementation Act,2025_rev_5,reststop General+Note+3 @ 2025HTSRev5,NA
CO,United States-Colombia Trade Promotion Agreement Implementation Act,2025_rev_5,reststop General+Note+3 @ 2025HTSRev5,NA
PA,United States-Panama Trade Promotion Agreement Implementation Act,2025_rev_5,reststop General+Note+3 @ 2025HTSRev5,NA
NP,Nepal Preference Program,2025_rev_5,reststop General+Note+3 @ 2025HTSRev5,NA
S,United States-Mexico-Canada Agreement,2025_rev_5,reststop General+Note+3 @ 2025HTSRev5,NA
S+,United States-Mexico-Canada Agreement,2025_rev_5,reststop General+Note+3 @ 2025HTSRev5,NA
A,Generalized System of Preferences,2025_rev_6,reststop General+Note+3 @ 2025HTSRev6,NA
A*,Generalized System of Preferences,2025_rev_6,reststop General+Note+3 @ 2025HTSRev6,NA
A+,Generalized System of Preferences,2025_rev_6,reststop General+Note+3 @ 2025HTSRev6,NA
AU,United States-Australia Free Trade Agreement,2025_rev_6,reststop General+Note+3 @ 2025HTSRev6,NA
B,Automotive Products Trade Act,2025_rev_6,reststop General+Note+3 @ 2025HTSRev6,NA
BH,United States-Bahrain Free Trade Agreement Implementation Act,2025_rev_6,reststop General+Note+3 @ 2025HTSRev6,NA
C,Agreement on Trade in Civil Aircraft,2025_rev_6,reststop General+Note+3 @ 2025HTSRev6,NA
CL,United States-Chile Free Trade Agreement,2025_rev_6,reststop General+Note+3 @ 2025HTSRev6,NA
D,African Growth and Opportunity Act,2025_rev_6,reststop General+Note+3 @ 2025HTSRev6,NA
E,Caribbean Basin Economic Recovery Act,2025_rev_6,reststop General+Note+3 @ 2025HTSRev6,NA
E*,Caribbean Basin Economic Recovery Act,2025_rev_6,reststop General+Note+3 @ 2025HTSRev6,NA
IL,United States-Israel Free Trade Area,2025_rev_6,reststop General+Note+3 @ 2025HTSRev6,NA
JO,United States-Jordan Free Trade Area Implementation Act,2025_rev_6,reststop General+Note+3 @ 2025HTSRev6,NA
JP,Trade Agreement Between the United States and Japan,2025_rev_6,reststop General+Note+3 @ 2025HTSRev6,NA
K,Agreement on Trade in Pharmaceutical Products,2025_rev_6,reststop General+Note+3 @ 2025HTSRev6,NA
P,Dominican Republic-Central America-United States Free Trade Agreement Implementation Act,2025_rev_6,reststop General+Note+3 @ 2025HTSRev6,NA
P+,Dominican Republic-Central America-United States Free Trade Agreement Implementation Act,2025_rev_6,reststop General+Note+3 @ 2025HTSRev6,NA
L,Uruguay Round Concessions on Intermediate Chemicals for Dyes,2025_rev_6,reststop General+Note+3 @ 2025HTSRev6,NA
R,United States-Caribbean Basin Trade Partnership Act,2025_rev_6,reststop General+Note+3 @ 2025HTSRev6,NA
MA,United States-Morocco Free Trade Agreement Implementation Act,2025_rev_6,reststop General+Note+3 @ 2025HTSRev6,NA
SG,United States-Singapore Free Trade Agreement,2025_rev_6,reststop General+Note+3 @ 2025HTSRev6,NA
OM,United States-Oman Free Trade Agreement Implementation Act,2025_rev_6,reststop General+Note+3 @ 2025HTSRev6,NA
PE,United States-Peru Trade Promotion Agreement Implementation Act,2025_rev_6,reststop General+Note+3 @ 2025HTSRev6,NA
KR,United States-Korea Free Trade Agreement Implementation Act,2025_rev_6,reststop General+Note+3 @ 2025HTSRev6,NA
CO,United States-Colombia Trade Promotion Agreement Implementation Act,2025_rev_6,reststop General+Note+3 @ 2025HTSRev6,NA
PA,United States-Panama Trade Promotion Agreement Implementation Act,2025_rev_6,reststop General+Note+3 @ 2025HTSRev6,NA
NP,Nepal Preference Program,2025_rev_6,reststop General+Note+3 @ 2025HTSRev6,NA
S,United States-Mexico-Canada Agreement,2025_rev_6,reststop General+Note+3 @ 2025HTSRev6,NA
S+,United States-Mexico-Canada Agreement,2025_rev_6,reststop General+Note+3 @ 2025HTSRev6,NA
A,Generalized System of Preferences,2025_rev_7,reststop General+Note+3 @ 2025HTSRev7,NA
A*,Generalized System of Preferences,2025_rev_7,reststop General+Note+3 @ 2025HTSRev7,NA
A+,Generalized System of Preferences,2025_rev_7,reststop General+Note+3 @ 2025HTSRev7,NA
AU,United States-Australia Free Trade Agreement,2025_rev_7,reststop General+Note+3 @ 2025HTSRev7,NA
B,Automotive Products Trade Act,2025_rev_7,reststop General+Note+3 @ 2025HTSRev7,NA
BH,United States-Bahrain Free Trade Agreement Implementation Act,2025_rev_7,reststop General+Note+3 @ 2025HTSRev7,NA
C,Agreement on Trade in Civil Aircraft,2025_rev_7,reststop General+Note+3 @ 2025HTSRev7,NA
CL,United States-Chile Free Trade Agreement,2025_rev_7,reststop General+Note+3 @ 2025HTSRev7,NA
D,African Growth and Opportunity Act,2025_rev_7,reststop General+Note+3 @ 2025HTSRev7,NA
E,Caribbean Basin Economic Recovery Act,2025_rev_7,reststop General+Note+3 @ 2025HTSRev7,NA
E*,Caribbean Basin Economic Recovery Act,2025_rev_7,reststop General+Note+3 @ 2025HTSRev7,NA
IL,United States-Israel Free Trade Area,2025_rev_7,reststop General+Note+3 @ 2025HTSRev7,NA
JO,United States-Jordan Free Trade Area Implementation Act,2025_rev_7,reststop General+Note+3 @ 2025HTSRev7,NA
JP,Trade Agreement Between the United States and Japan,2025_rev_7,reststop General+Note+3 @ 2025HTSRev7,NA
K,Agreement on Trade in Pharmaceutical Products,2025_rev_7,reststop General+Note+3 @ 2025HTSRev7,NA
P,Dominican Republic-Central America-United States Free Trade Agreement Implementation Act,2025_rev_7,reststop General+Note+3 @ 2025HTSRev7,NA
P+,Dominican Republic-Central America-United States Free Trade Agreement Implementation Act,2025_rev_7,reststop General+Note+3 @ 2025HTSRev7,NA
L,Uruguay Round Concessions on Intermediate Chemicals for Dyes,2025_rev_7,reststop General+Note+3 @ 2025HTSRev7,NA
R,United States-Caribbean Basin Trade Partnership Act,2025_rev_7,reststop General+Note+3 @ 2025HTSRev7,NA
MA,United States-Morocco Free Trade Agreement Implementation Act,2025_rev_7,reststop General+Note+3 @ 2025HTSRev7,NA
SG,United States-Singapore Free Trade Agreement,2025_rev_7,reststop General+Note+3 @ 2025HTSRev7,NA
OM,United States-Oman Free Trade Agreement Implementation Act,2025_rev_7,reststop General+Note+3 @ 2025HTSRev7,NA
PE,United States-Peru Trade Promotion Agreement Implementation Act,2025_rev_7,reststop General+Note+3 @ 2025HTSRev7,NA
KR,United States-Korea Free Trade Agreement Implementation Act,2025_rev_7,reststop General+Note+3 @ 2025HTSRev7,NA
CO,United States-Colombia Trade Promotion Agreement Implementation Act,2025_rev_7,reststop General+Note+3 @ 2025HTSRev7,NA
PA,United States-Panama Trade Promotion Agreement Implementation Act,2025_rev_7,reststop General+Note+3 @ 2025HTSRev7,NA
NP,Nepal Preference Program,2025_rev_7,reststop General+Note+3 @ 2025HTSRev7,NA
S,United States-Mexico-Canada Agreement,2025_rev_7,reststop General+Note+3 @ 2025HTSRev7,NA
S+,United States-Mexico-Canada Agreement,2025_rev_7,reststop General+Note+3 @ 2025HTSRev7,NA
A,Generalized System of Preferences,2025_rev_8,reststop General+Note+3 @ 2025HTSRev8,NA
A*,Generalized System of Preferences,2025_rev_8,reststop General+Note+3 @ 2025HTSRev8,NA
A+,Generalized System of Preferences,2025_rev_8,reststop General+Note+3 @ 2025HTSRev8,NA
AU,United States-Australia Free Trade Agreement,2025_rev_8,reststop General+Note+3 @ 2025HTSRev8,NA
B,Automotive Products Trade Act,2025_rev_8,reststop General+Note+3 @ 2025HTSRev8,NA
BH,United States-Bahrain Free Trade Agreement Implementation Act,2025_rev_8,reststop General+Note+3 @ 2025HTSRev8,NA
C,Agreement on Trade in Civil Aircraft,2025_rev_8,reststop General+Note+3 @ 2025HTSRev8,NA
CL,United States-Chile Free Trade Agreement,2025_rev_8,reststop General+Note+3 @ 2025HTSRev8,NA
D,African Growth and Opportunity Act,2025_rev_8,reststop General+Note+3 @ 2025HTSRev8,NA
E,Caribbean Basin Economic Recovery Act,2025_rev_8,reststop General+Note+3 @ 2025HTSRev8,NA
E*,Caribbean Basin Economic Recovery Act,2025_rev_8,reststop General+Note+3 @ 2025HTSRev8,NA
IL,United States-Israel Free Trade Area,2025_rev_8,reststop General+Note+3 @ 2025HTSRev8,NA
JO,United States-Jordan Free Trade Area Implementation Act,2025_rev_8,reststop General+Note+3 @ 2025HTSRev8,NA
JP,Trade Agreement Between the United States and Japan,2025_rev_8,reststop General+Note+3 @ 2025HTSRev8,NA
K,Agreement on Trade in Pharmaceutical Products,2025_rev_8,reststop General+Note+3 @ 2025HTSRev8,NA
P,Dominican Republic-Central America-United States Free Trade Agreement Implementation Act,2025_rev_8,reststop General+Note+3 @ 2025HTSRev8,NA
P+,Dominican Republic-Central America-United States Free Trade Agreement Implementation Act,2025_rev_8,reststop General+Note+3 @ 2025HTSRev8,NA
L,Uruguay Round Concessions on Intermediate Chemicals for Dyes,2025_rev_8,reststop General+Note+3 @ 2025HTSRev8,NA
R,United States-Caribbean Basin Trade Partnership Act,2025_rev_8,reststop General+Note+3 @ 2025HTSRev8,NA
MA,United States-Morocco Free Trade Agreement Implementation Act,2025_rev_8,reststop General+Note+3 @ 2025HTSRev8,NA
SG,United States-Singapore Free Trade Agreement,2025_rev_8,reststop General+Note+3 @ 2025HTSRev8,NA
OM,United States-Oman Free Trade Agreement Implementation Act,2025_rev_8,reststop General+Note+3 @ 2025HTSRev8,NA
PE,United States-Peru Trade Promotion Agreement Implementation Act,2025_rev_8,reststop General+Note+3 @ 2025HTSRev8,NA
KR,United States-Korea Free Trade Agreement Implementation Act,2025_rev_8,reststop General+Note+3 @ 2025HTSRev8,NA
CO,United States-Colombia Trade Promotion Agreement Implementation Act,2025_rev_8,reststop General+Note+3 @ 2025HTSRev8,NA
PA,United States-Panama Trade Promotion Agreement Implementation Act,2025_rev_8,reststop General+Note+3 @ 2025HTSRev8,NA
NP,Nepal Preference Program,2025_rev_8,reststop General+Note+3 @ 2025HTSRev8,NA
S,United States-Mexico-Canada Agreement,2025_rev_8,reststop General+Note+3 @ 2025HTSRev8,NA
S+,United States-Mexico-Canada Agreement,2025_rev_8,reststop General+Note+3 @ 2025HTSRev8,NA
A,Generalized System of Preferences,2025_rev_9,reststop General+Note+3 @ 2025HTSRev9,NA
A*,Generalized System of Preferences,2025_rev_9,reststop General+Note+3 @ 2025HTSRev9,NA
A+,Generalized System of Preferences,2025_rev_9,reststop General+Note+3 @ 2025HTSRev9,NA
AU,United States-Australia Free Trade Agreement,2025_rev_9,reststop General+Note+3 @ 2025HTSRev9,NA
B,Automotive Products Trade Act,2025_rev_9,reststop General+Note+3 @ 2025HTSRev9,NA
BH,United States-Bahrain Free Trade Agreement Implementation Act,2025_rev_9,reststop General+Note+3 @ 2025HTSRev9,NA
C,Agreement on Trade in Civil Aircraft,2025_rev_9,reststop General+Note+3 @ 2025HTSRev9,NA
CL,United States-Chile Free Trade Agreement,2025_rev_9,reststop General+Note+3 @ 2025HTSRev9,NA
D,African Growth and Opportunity Act,2025_rev_9,reststop General+Note+3 @ 2025HTSRev9,NA
E,Caribbean Basin Economic Recovery Act,2025_rev_9,reststop General+Note+3 @ 2025HTSRev9,NA
E*,Caribbean Basin Economic Recovery Act,2025_rev_9,reststop General+Note+3 @ 2025HTSRev9,NA
IL,United States-Israel Free Trade Area,2025_rev_9,reststop General+Note+3 @ 2025HTSRev9,NA
JO,United States-Jordan Free Trade Area Implementation Act,2025_rev_9,reststop General+Note+3 @ 2025HTSRev9,NA
JP,Trade Agreement Between the United States and Japan,2025_rev_9,reststop General+Note+3 @ 2025HTSRev9,NA
K,Agreement on Trade in Pharmaceutical Products,2025_rev_9,reststop General+Note+3 @ 2025HTSRev9,NA
P,Dominican Republic-Central America-United States Free Trade Agreement Implementation Act,2025_rev_9,reststop General+Note+3 @ 2025HTSRev9,NA
P+,Dominican Republic-Central America-United States Free Trade Agreement Implementation Act,2025_rev_9,reststop General+Note+3 @ 2025HTSRev9,NA
L,Uruguay Round Concessions on Intermediate Chemicals for Dyes,2025_rev_9,reststop General+Note+3 @ 2025HTSRev9,NA
R,United States-Caribbean Basin Trade Partnership Act,2025_rev_9,reststop General+Note+3 @ 2025HTSRev9,NA
MA,United States-Morocco Free Trade Agreement Implementation Act,2025_rev_9,reststop General+Note+3 @ 2025HTSRev9,NA
SG,United States-Singapore Free Trade Agreement,2025_rev_9,reststop General+Note+3 @ 2025HTSRev9,NA
OM,United States-Oman Free Trade Agreement Implementation Act,2025_rev_9,reststop General+Note+3 @ 2025HTSRev9,NA
PE,United States-Peru Trade Promotion Agreement Implementation Act,2025_rev_9,reststop General+Note+3 @ 2025HTSRev9,NA
KR,United States-Korea Free Trade Agreement Implementation Act,2025_rev_9,reststop General+Note+3 @ 2025HTSRev9,NA
CO,United States-Colombia Trade Promotion Agreement Implementation Act,2025_rev_9,reststop General+Note+3 @ 2025HTSRev9,NA
PA,United States-Panama Trade Promotion Agreement Implementation Act,2025_rev_9,reststop General+Note+3 @ 2025HTSRev9,NA
NP,Nepal Preference Program,2025_rev_9,reststop General+Note+3 @ 2025HTSRev9,NA
S,United States-Mexico-Canada Agreement,2025_rev_9,reststop General+Note+3 @ 2025HTSRev9,NA
S+,United States-Mexico-Canada Agreement,2025_rev_9,reststop General+Note+3 @ 2025HTSRev9,NA
A,Generalized System of Preferences,2025_rev_10,reststop General+Note+3 @ 2025HTSRev10,NA
A*,Generalized System of Preferences,2025_rev_10,reststop General+Note+3 @ 2025HTSRev10,NA
A+,Generalized System of Preferences,2025_rev_10,reststop General+Note+3 @ 2025HTSRev10,NA
AU,United States-Australia Free Trade Agreement,2025_rev_10,reststop General+Note+3 @ 2025HTSRev10,NA
B,Automotive Products Trade Act,2025_rev_10,reststop General+Note+3 @ 2025HTSRev10,NA
BH,United States-Bahrain Free Trade Agreement Implementation Act,2025_rev_10,reststop General+Note+3 @ 2025HTSRev10,NA
C,Agreement on Trade in Civil Aircraft,2025_rev_10,reststop General+Note+3 @ 2025HTSRev10,NA
CL,United States-Chile Free Trade Agreement,2025_rev_10,reststop General+Note+3 @ 2025HTSRev10,NA
D,African Growth and Opportunity Act,2025_rev_10,reststop General+Note+3 @ 2025HTSRev10,NA
E,Caribbean Basin Economic Recovery Act,2025_rev_10,reststop General+Note+3 @ 2025HTSRev10,NA
E*,Caribbean Basin Economic Recovery Act,2025_rev_10,reststop General+Note+3 @ 2025HTSRev10,NA
IL,United States-Israel Free Trade Area,2025_rev_10,reststop General+Note+3 @ 2025HTSRev10,NA
JO,United States-Jordan Free Trade Area Implementation Act,2025_rev_10,reststop General+Note+3 @ 2025HTSRev10,NA
JP,Trade Agreement Between the United States and Japan,2025_rev_10,reststop General+Note+3 @ 2025HTSRev10,NA
K,Agreement on Trade in Pharmaceutical Products,2025_rev_10,reststop General+Note+3 @ 2025HTSRev10,NA
P,Dominican Republic-Central America-United States Free Trade Agreement Implementation Act,2025_rev_10,reststop General+Note+3 @ 2025HTSRev10,NA
P+,Dominican Republic-Central America-United States Free Trade Agreement Implementation Act,2025_rev_10,reststop General+Note+3 @ 2025HTSRev10,NA
L,Uruguay Round Concessions on Intermediate Chemicals for Dyes,2025_rev_10,reststop General+Note+3 @ 2025HTSRev10,NA
R,United States-Caribbean Basin Trade Partnership Act,2025_rev_10,reststop General+Note+3 @ 2025HTSRev10,NA
MA,United States-Morocco Free Trade Agreement Implementation Act,2025_rev_10,reststop General+Note+3 @ 2025HTSRev10,NA
SG,United States-Singapore Free Trade Agreement,2025_rev_10,reststop General+Note+3 @ 2025HTSRev10,NA
OM,United States-Oman Free Trade Agreement Implementation Act,2025_rev_10,reststop General+Note+3 @ 2025HTSRev10,NA
PE,United States-Peru Trade Promotion Agreement Implementation Act,2025_rev_10,reststop General+Note+3 @ 2025HTSRev10,NA
KR,United States-Korea Free Trade Agreement Implementation Act,2025_rev_10,reststop General+Note+3 @ 2025HTSRev10,NA
CO,United States-Colombia Trade Promotion Agreement Implementation Act,2025_rev_10,reststop General+Note+3 @ 2025HTSRev10,NA
PA,United States-Panama Trade Promotion Agreement Implementation Act,2025_rev_10,reststop General+Note+3 @ 2025HTSRev10,NA
NP,Nepal Preference Program,2025_rev_10,reststop General+Note+3 @ 2025HTSRev10,NA
S,United States-Mexico-Canada Agreement,2025_rev_10,reststop General+Note+3 @ 2025HTSRev10,NA
S+,United States-Mexico-Canada Agreement,2025_rev_10,reststop General+Note+3 @ 2025HTSRev10,NA
A,Generalized System of Preferences,2025_rev_11,reststop General+Note+3 @ 2025HTSRev11,NA
A*,Generalized System of Preferences,2025_rev_11,reststop General+Note+3 @ 2025HTSRev11,NA
A+,Generalized System of Preferences,2025_rev_11,reststop General+Note+3 @ 2025HTSRev11,NA
AU,United States-Australia Free Trade Agreement,2025_rev_11,reststop General+Note+3 @ 2025HTSRev11,NA
B,Automotive Products Trade Act,2025_rev_11,reststop General+Note+3 @ 2025HTSRev11,NA
BH,United States-Bahrain Free Trade Agreement Implementation Act,2025_rev_11,reststop General+Note+3 @ 2025HTSRev11,NA
C,Agreement on Trade in Civil Aircraft,2025_rev_11,reststop General+Note+3 @ 2025HTSRev11,NA
CL,United States-Chile Free Trade Agreement,2025_rev_11,reststop General+Note+3 @ 2025HTSRev11,NA
D,African Growth and Opportunity Act,2025_rev_11,reststop General+Note+3 @ 2025HTSRev11,NA
E,Caribbean Basin Economic Recovery Act,2025_rev_11,reststop General+Note+3 @ 2025HTSRev11,NA
E*,Caribbean Basin Economic Recovery Act,2025_rev_11,reststop General+Note+3 @ 2025HTSRev11,NA
IL,United States-Israel Free Trade Area,2025_rev_11,reststop General+Note+3 @ 2025HTSRev11,NA
JO,United States-Jordan Free Trade Area Implementation Act,2025_rev_11,reststop General+Note+3 @ 2025HTSRev11,NA
JP,Trade Agreement Between the United States and Japan,2025_rev_11,reststop General+Note+3 @ 2025HTSRev11,NA
K,Agreement on Trade in Pharmaceutical Products,2025_rev_11,reststop General+Note+3 @ 2025HTSRev11,NA
P,Dominican Republic-Central America-United States Free Trade Agreement Implementation Act,2025_rev_11,reststop General+Note+3 @ 2025HTSRev11,NA
P+,Dominican Republic-Central America-United States Free Trade Agreement Implementation Act,2025_rev_11,reststop General+Note+3 @ 2025HTSRev11,NA
L,Uruguay Round Concessions on Intermediate Chemicals for Dyes,2025_rev_11,reststop General+Note+3 @ 2025HTSRev11,NA
R,United States-Caribbean Basin Trade Partnership Act,2025_rev_11,reststop General+Note+3 @ 2025HTSRev11,NA
MA,United States-Morocco Free Trade Agreement Implementation Act,2025_rev_11,reststop General+Note+3 @ 2025HTSRev11,NA
SG,United States-Singapore Free Trade Agreement,2025_rev_11,reststop General+Note+3 @ 2025HTSRev11,NA
OM,United States-Oman Free Trade Agreement Implementation Act,2025_rev_11,reststop General+Note+3 @ 2025HTSRev11,NA
PE,United States-Peru Trade Promotion Agreement Implementation Act,2025_rev_11,reststop General+Note+3 @ 2025HTSRev11,NA
KR,United States-Korea Free Trade Agreement Implementation Act,2025_rev_11,reststop General+Note+3 @ 2025HTSRev11,NA
CO,United States-Colombia Trade Promotion Agreement Implementation Act,2025_rev_11,reststop General+Note+3 @ 2025HTSRev11,NA
PA,United States-Panama Trade Promotion Agreement Implementation Act,2025_rev_11,reststop General+Note+3 @ 2025HTSRev11,NA
NP,Nepal Preference Program,2025_rev_11,reststop General+Note+3 @ 2025HTSRev11,NA
S,United States-Mexico-Canada Agreement,2025_rev_11,reststop General+Note+3 @ 2025HTSRev11,NA
S+,United States-Mexico-Canada Agreement,2025_rev_11,reststop General+Note+3 @ 2025HTSRev11,NA
A,Generalized System of Preferences,2025_rev_12,reststop General+Note+3 @ 2025HTSRev12,NA
A*,Generalized System of Preferences,2025_rev_12,reststop General+Note+3 @ 2025HTSRev12,NA
A+,Generalized System of Preferences,2025_rev_12,reststop General+Note+3 @ 2025HTSRev12,NA
AU,United States-Australia Free Trade Agreement,2025_rev_12,reststop General+Note+3 @ 2025HTSRev12,NA
B,Automotive Products Trade Act,2025_rev_12,reststop General+Note+3 @ 2025HTSRev12,NA
BH,United States-Bahrain Free Trade Agreement Implementation Act,2025_rev_12,reststop General+Note+3 @ 2025HTSRev12,NA
C,Agreement on Trade in Civil Aircraft,2025_rev_12,reststop General+Note+3 @ 2025HTSRev12,NA
CL,United States-Chile Free Trade Agreement,2025_rev_12,reststop General+Note+3 @ 2025HTSRev12,NA
D,African Growth and Opportunity Act,2025_rev_12,reststop General+Note+3 @ 2025HTSRev12,NA
E,Caribbean Basin Economic Recovery Act,2025_rev_12,reststop General+Note+3 @ 2025HTSRev12,NA
E*,Caribbean Basin Economic Recovery Act,2025_rev_12,reststop General+Note+3 @ 2025HTSRev12,NA
IL,United States-Israel Free Trade Area,2025_rev_12,reststop General+Note+3 @ 2025HTSRev12,NA
JO,United States-Jordan Free Trade Area Implementation Act,2025_rev_12,reststop General+Note+3 @ 2025HTSRev12,NA
JP,Trade Agreement Between the United States and Japan,2025_rev_12,reststop General+Note+3 @ 2025HTSRev12,NA
K,Agreement on Trade in Pharmaceutical Products,2025_rev_12,reststop General+Note+3 @ 2025HTSRev12,NA
P,Dominican Republic-Central America-United States Free Trade Agreement Implementation Act,2025_rev_12,reststop General+Note+3 @ 2025HTSRev12,NA
P+,Dominican Republic-Central America-United States Free Trade Agreement Implementation Act,2025_rev_12,reststop General+Note+3 @ 2025HTSRev12,NA
L,Uruguay Round Concessions on Intermediate Chemicals for Dyes,2025_rev_12,reststop General+Note+3 @ 2025HTSRev12,NA
R,United States-Caribbean Basin Trade Partnership Act,2025_rev_12,reststop General+Note+3 @ 2025HTSRev12,NA
MA,United States-Morocco Free Trade Agreement Implementation Act,2025_rev_12,reststop General+Note+3 @ 2025HTSRev12,NA
SG,United States-Singapore Free Trade Agreement,2025_rev_12,reststop General+Note+3 @ 2025HTSRev12,NA
OM,United States-Oman Free Trade Agreement Implementation Act,2025_rev_12,reststop General+Note+3 @ 2025HTSRev12,NA
PE,United States-Peru Trade Promotion Agreement Implementation Act,2025_rev_12,reststop General+Note+3 @ 2025HTSRev12,NA
KR,United States-Korea Free Trade Agreement Implementation Act,2025_rev_12,reststop General+Note+3 @ 2025HTSRev12,NA
CO,United States-Colombia Trade Promotion Agreement Implementation Act,2025_rev_12,reststop General+Note+3 @ 2025HTSRev12,NA
PA,United States-Panama Trade Promotion Agreement Implementation Act,2025_rev_12,reststop General+Note+3 @ 2025HTSRev12,NA
NP,Nepal Preference Program,2025_rev_12,reststop General+Note+3 @ 2025HTSRev12,NA
S,United States-Mexico-Canada Agreement,2025_rev_12,reststop General+Note+3 @ 2025HTSRev12,NA
S+,United States-Mexico-Canada Agreement,2025_rev_12,reststop General+Note+3 @ 2025HTSRev12,NA
A,Generalized System of Preferences,2025_rev_13,reststop General+Note+3 @ 2025HTSRev13,NA
A*,Generalized System of Preferences,2025_rev_13,reststop General+Note+3 @ 2025HTSRev13,NA
A+,Generalized System of Preferences,2025_rev_13,reststop General+Note+3 @ 2025HTSRev13,NA
AU,United States-Australia Free Trade Agreement,2025_rev_13,reststop General+Note+3 @ 2025HTSRev13,NA
B,Automotive Products Trade Act,2025_rev_13,reststop General+Note+3 @ 2025HTSRev13,NA
BH,United States-Bahrain Free Trade Agreement Implementation Act,2025_rev_13,reststop General+Note+3 @ 2025HTSRev13,NA
C,Agreement on Trade in Civil Aircraft,2025_rev_13,reststop General+Note+3 @ 2025HTSRev13,NA
CL,United States-Chile Free Trade Agreement,2025_rev_13,reststop General+Note+3 @ 2025HTSRev13,NA
D,African Growth and Opportunity Act,2025_rev_13,reststop General+Note+3 @ 2025HTSRev13,NA
E,Caribbean Basin Economic Recovery Act,2025_rev_13,reststop General+Note+3 @ 2025HTSRev13,NA
E*,Caribbean Basin Economic Recovery Act,2025_rev_13,reststop General+Note+3 @ 2025HTSRev13,NA
IL,United States-Israel Free Trade Area,2025_rev_13,reststop General+Note+3 @ 2025HTSRev13,NA
JO,United States-Jordan Free Trade Area Implementation Act,2025_rev_13,reststop General+Note+3 @ 2025HTSRev13,NA
JP,Trade Agreement Between the United States and Japan,2025_rev_13,reststop General+Note+3 @ 2025HTSRev13,NA
K,Agreement on Trade in Pharmaceutical Products,2025_rev_13,reststop General+Note+3 @ 2025HTSRev13,NA
P,Dominican Republic-Central America-United States Free Trade Agreement Implementation Act,2025_rev_13,reststop General+Note+3 @ 2025HTSRev13,NA
P+,Dominican Republic-Central America-United States Free Trade Agreement Implementation Act,2025_rev_13,reststop General+Note+3 @ 2025HTSRev13,NA
L,Uruguay Round Concessions on Intermediate Chemicals for Dyes,2025_rev_13,reststop General+Note+3 @ 2025HTSRev13,NA
R,United States-Caribbean Basin Trade Partnership Act,2025_rev_13,reststop General+Note+3 @ 2025HTSRev13,NA
MA,United States-Morocco Free Trade Agreement Implementation Act,2025_rev_13,reststop General+Note+3 @ 2025HTSRev13,NA
SG,United States-Singapore Free Trade Agreement,2025_rev_13,reststop General+Note+3 @ 2025HTSRev13,NA
OM,United States-Oman Free Trade Agreement Implementation Act,2025_rev_13,reststop General+Note+3 @ 2025HTSRev13,NA
PE,United States-Peru Trade Promotion Agreement Implementation Act,2025_rev_13,reststop General+Note+3 @ 2025HTSRev13,NA
KR,United States-Korea Free Trade Agreement Implementation Act,2025_rev_13,reststop General+Note+3 @ 2025HTSRev13,NA
CO,United States-Colombia Trade Promotion Agreement Implementation Act,2025_rev_13,reststop General+Note+3 @ 2025HTSRev13,NA
PA,United States-Panama Trade Promotion Agreement Implementation Act,2025_rev_13,reststop General+Note+3 @ 2025HTSRev13,NA
NP,Nepal Preference Program,2025_rev_13,reststop General+Note+3 @ 2025HTSRev13,NA
S,United States-Mexico-Canada Agreement,2025_rev_13,reststop General+Note+3 @ 2025HTSRev13,NA
S+,United States-Mexico-Canada Agreement,2025_rev_13,reststop General+Note+3 @ 2025HTSRev13,NA
A,Generalized System of Preferences,2025_rev_14,reststop General+Note+3 @ 2025HTSRev14,NA
A*,Generalized System of Preferences,2025_rev_14,reststop General+Note+3 @ 2025HTSRev14,NA
A+,Generalized System of Preferences,2025_rev_14,reststop General+Note+3 @ 2025HTSRev14,NA
AU,United States-Australia Free Trade Agreement,2025_rev_14,reststop General+Note+3 @ 2025HTSRev14,NA
B,Automotive Products Trade Act,2025_rev_14,reststop General+Note+3 @ 2025HTSRev14,NA
BH,United States-Bahrain Free Trade Agreement Implementation Act,2025_rev_14,reststop General+Note+3 @ 2025HTSRev14,NA
C,Agreement on Trade in Civil Aircraft,2025_rev_14,reststop General+Note+3 @ 2025HTSRev14,NA
CL,United States-Chile Free Trade Agreement,2025_rev_14,reststop General+Note+3 @ 2025HTSRev14,NA
D,African Growth and Opportunity Act,2025_rev_14,reststop General+Note+3 @ 2025HTSRev14,NA
E,Caribbean Basin Economic Recovery Act,2025_rev_14,reststop General+Note+3 @ 2025HTSRev14,NA
E*,Caribbean Basin Economic Recovery Act,2025_rev_14,reststop General+Note+3 @ 2025HTSRev14,NA
IL,United States-Israel Free Trade Area,2025_rev_14,reststop General+Note+3 @ 2025HTSRev14,NA
JO,United States-Jordan Free Trade Area Implementation Act,2025_rev_14,reststop General+Note+3 @ 2025HTSRev14,NA
JP,Trade Agreement Between the United States and Japan,2025_rev_14,reststop General+Note+3 @ 2025HTSRev14,NA
K,Agreement on Trade in Pharmaceutical Products,2025_rev_14,reststop General+Note+3 @ 2025HTSRev14,NA
P,Dominican Republic-Central America-United States Free Trade Agreement Implementation Act,2025_rev_14,reststop General+Note+3 @ 2025HTSRev14,NA
P+,Dominican Republic-Central America-United States Free Trade Agreement Implementation Act,2025_rev_14,reststop General+Note+3 @ 2025HTSRev14,NA
L,Uruguay Round Concessions on Intermediate Chemicals for Dyes,2025_rev_14,reststop General+Note+3 @ 2025HTSRev14,NA
R,United States-Caribbean Basin Trade Partnership Act,2025_rev_14,reststop General+Note+3 @ 2025HTSRev14,NA
MA,United States-Morocco Free Trade Agreement Implementation Act,2025_rev_14,reststop General+Note+3 @ 2025HTSRev14,NA
SG,United States-Singapore Free Trade Agreement,2025_rev_14,reststop General+Note+3 @ 2025HTSRev14,NA
OM,United States-Oman Free Trade Agreement Implementation Act,2025_rev_14,reststop General+Note+3 @ 2025HTSRev14,NA
PE,United States-Peru Trade Promotion Agreement Implementation Act,2025_rev_14,reststop General+Note+3 @ 2025HTSRev14,NA
KR,United States-Korea Free Trade Agreement Implementation Act,2025_rev_14,reststop General+Note+3 @ 2025HTSRev14,NA
CO,United States-Colombia Trade Promotion Agreement Implementation Act,2025_rev_14,reststop General+Note+3 @ 2025HTSRev14,NA
PA,United States-Panama Trade Promotion Agreement Implementation Act,2025_rev_14,reststop General+Note+3 @ 2025HTSRev14,NA
NP,Nepal Preference Program,2025_rev_14,reststop General+Note+3 @ 2025HTSRev14,NA
S,United States-Mexico-Canada Agreement,2025_rev_14,reststop General+Note+3 @ 2025HTSRev14,NA
S+,United States-Mexico-Canada Agreement,2025_rev_14,reststop General+Note+3 @ 2025HTSRev14,NA
A,Generalized System of Preferences,2025_rev_15,reststop General+Note+3 @ 2025HTSRev15,NA
A*,Generalized System of Preferences,2025_rev_15,reststop General+Note+3 @ 2025HTSRev15,NA
A+,Generalized System of Preferences,2025_rev_15,reststop General+Note+3 @ 2025HTSRev15,NA
AU,United States-Australia Free Trade Agreement,2025_rev_15,reststop General+Note+3 @ 2025HTSRev15,NA
B,Automotive Products Trade Act,2025_rev_15,reststop General+Note+3 @ 2025HTSRev15,NA
BH,United States-Bahrain Free Trade Agreement Implementation Act,2025_rev_15,reststop General+Note+3 @ 2025HTSRev15,NA
C,Agreement on Trade in Civil Aircraft,2025_rev_15,reststop General+Note+3 @ 2025HTSRev15,NA
CL,United States-Chile Free Trade Agreement,2025_rev_15,reststop General+Note+3 @ 2025HTSRev15,NA
D,African Growth and Opportunity Act,2025_rev_15,reststop General+Note+3 @ 2025HTSRev15,NA
E,Caribbean Basin Economic Recovery Act,2025_rev_15,reststop General+Note+3 @ 2025HTSRev15,NA
E*,Caribbean Basin Economic Recovery Act,2025_rev_15,reststop General+Note+3 @ 2025HTSRev15,NA
IL,United States-Israel Free Trade Area,2025_rev_15,reststop General+Note+3 @ 2025HTSRev15,NA
JO,United States-Jordan Free Trade Area Implementation Act,2025_rev_15,reststop General+Note+3 @ 2025HTSRev15,NA
JP,Trade Agreement Between the United States and Japan,2025_rev_15,reststop General+Note+3 @ 2025HTSRev15,NA
K,Agreement on Trade in Pharmaceutical Products,2025_rev_15,reststop General+Note+3 @ 2025HTSRev15,NA
P,Dominican Republic-Central America-United States Free Trade Agreement Implementation Act,2025_rev_15,reststop General+Note+3 @ 2025HTSRev15,NA
P+,Dominican Republic-Central America-United States Free Trade Agreement Implementation Act,2025_rev_15,reststop General+Note+3 @ 2025HTSRev15,NA
L,Uruguay Round Concessions on Intermediate Chemicals for Dyes,2025_rev_15,reststop General+Note+3 @ 2025HTSRev15,NA
R,United States-Caribbean Basin Trade Partnership Act,2025_rev_15,reststop General+Note+3 @ 2025HTSRev15,NA
MA,United States-Morocco Free Trade Agreement Implementation Act,2025_rev_15,reststop General+Note+3 @ 2025HTSRev15,NA
SG,United States-Singapore Free Trade Agreement,2025_rev_15,reststop General+Note+3 @ 2025HTSRev15,NA
OM,United States-Oman Free Trade Agreement Implementation Act,2025_rev_15,reststop General+Note+3 @ 2025HTSRev15,NA
PE,United States-Peru Trade Promotion Agreement Implementation Act,2025_rev_15,reststop General+Note+3 @ 2025HTSRev15,NA
KR,United States-Korea Free Trade Agreement Implementation Act,2025_rev_15,reststop General+Note+3 @ 2025HTSRev15,NA
CO,United States-Colombia Trade Promotion Agreement Implementation Act,2025_rev_15,reststop General+Note+3 @ 2025HTSRev15,NA
PA,United States-Panama Trade Promotion Agreement Implementation Act,2025_rev_15,reststop General+Note+3 @ 2025HTSRev15,NA
NP,Nepal Preference Program,2025_rev_15,reststop General+Note+3 @ 2025HTSRev15,NA
S,United States-Mexico-Canada Agreement,2025_rev_15,reststop General+Note+3 @ 2025HTSRev15,NA
S+,United States-Mexico-Canada Agreement,2025_rev_15,reststop General+Note+3 @ 2025HTSRev15,NA
A,Generalized System of Preferences,2025_rev_16,reststop General+Note+3 @ 2025HTSRev16,NA
A*,Generalized System of Preferences,2025_rev_16,reststop General+Note+3 @ 2025HTSRev16,NA
A+,Generalized System of Preferences,2025_rev_16,reststop General+Note+3 @ 2025HTSRev16,NA
AU,United States-Australia Free Trade Agreement,2025_rev_16,reststop General+Note+3 @ 2025HTSRev16,NA
B,Automotive Products Trade Act,2025_rev_16,reststop General+Note+3 @ 2025HTSRev16,NA
BH,United States-Bahrain Free Trade Agreement Implementation Act,2025_rev_16,reststop General+Note+3 @ 2025HTSRev16,NA
C,Agreement on Trade in Civil Aircraft,2025_rev_16,reststop General+Note+3 @ 2025HTSRev16,NA
CL,United States-Chile Free Trade Agreement,2025_rev_16,reststop General+Note+3 @ 2025HTSRev16,NA
D,African Growth and Opportunity Act,2025_rev_16,reststop General+Note+3 @ 2025HTSRev16,NA
E,Caribbean Basin Economic Recovery Act,2025_rev_16,reststop General+Note+3 @ 2025HTSRev16,NA
E*,Caribbean Basin Economic Recovery Act,2025_rev_16,reststop General+Note+3 @ 2025HTSRev16,NA
IL,United States-Israel Free Trade Area,2025_rev_16,reststop General+Note+3 @ 2025HTSRev16,NA
JO,United States-Jordan Free Trade Area Implementation Act,2025_rev_16,reststop General+Note+3 @ 2025HTSRev16,NA
JP,Trade Agreement Between the United States and Japan,2025_rev_16,reststop General+Note+3 @ 2025HTSRev16,NA
K,Agreement on Trade in Pharmaceutical Products,2025_rev_16,reststop General+Note+3 @ 2025HTSRev16,NA
P,Dominican Republic-Central America-United States Free Trade Agreement Implementation Act,2025_rev_16,reststop General+Note+3 @ 2025HTSRev16,NA
P+,Dominican Republic-Central America-United States Free Trade Agreement Implementation Act,2025_rev_16,reststop General+Note+3 @ 2025HTSRev16,NA
L,Uruguay Round Concessions on Intermediate Chemicals for Dyes,2025_rev_16,reststop General+Note+3 @ 2025HTSRev16,NA
R,United States-Caribbean Basin Trade Partnership Act,2025_rev_16,reststop General+Note+3 @ 2025HTSRev16,NA
MA,United States-Morocco Free Trade Agreement Implementation Act,2025_rev_16,reststop General+Note+3 @ 2025HTSRev16,NA
SG,United States-Singapore Free Trade Agreement,2025_rev_16,reststop General+Note+3 @ 2025HTSRev16,NA
OM,United States-Oman Free Trade Agreement Implementation Act,2025_rev_16,reststop General+Note+3 @ 2025HTSRev16,NA
PE,United States-Peru Trade Promotion Agreement Implementation Act,2025_rev_16,reststop General+Note+3 @ 2025HTSRev16,NA
KR,United States-Korea Free Trade Agreement Implementation Act,2025_rev_16,reststop General+Note+3 @ 2025HTSRev16,NA
CO,United States-Colombia Trade Promotion Agreement Implementation Act,2025_rev_16,reststop General+Note+3 @ 2025HTSRev16,NA
PA,United States-Panama Trade Promotion Agreement Implementation Act,2025_rev_16,reststop General+Note+3 @ 2025HTSRev16,NA
NP,Nepal Preference Program,2025_rev_16,reststop General+Note+3 @ 2025HTSRev16,NA
S,United States-Mexico-Canada Agreement,2025_rev_16,reststop General+Note+3 @ 2025HTSRev16,NA
S+,United States-Mexico-Canada Agreement,2025_rev_16,reststop General+Note+3 @ 2025HTSRev16,NA
A,Generalized System of Preferences,2025_rev_17,reststop General+Note+3 @ 2025HTSRev17,NA
A*,Generalized System of Preferences,2025_rev_17,reststop General+Note+3 @ 2025HTSRev17,NA
A+,Generalized System of Preferences,2025_rev_17,reststop General+Note+3 @ 2025HTSRev17,NA
AU,United States-Australia Free Trade Agreement,2025_rev_17,reststop General+Note+3 @ 2025HTSRev17,NA
B,Automotive Products Trade Act,2025_rev_17,reststop General+Note+3 @ 2025HTSRev17,NA
BH,United States-Bahrain Free Trade Agreement Implementation Act,2025_rev_17,reststop General+Note+3 @ 2025HTSRev17,NA
C,Agreement on Trade in Civil Aircraft,2025_rev_17,reststop General+Note+3 @ 2025HTSRev17,NA
CL,United States-Chile Free Trade Agreement,2025_rev_17,reststop General+Note+3 @ 2025HTSRev17,NA
D,African Growth and Opportunity Act,2025_rev_17,reststop General+Note+3 @ 2025HTSRev17,NA
E,Caribbean Basin Economic Recovery Act,2025_rev_17,reststop General+Note+3 @ 2025HTSRev17,NA
E*,Caribbean Basin Economic Recovery Act,2025_rev_17,reststop General+Note+3 @ 2025HTSRev17,NA
IL,United States-Israel Free Trade Area,2025_rev_17,reststop General+Note+3 @ 2025HTSRev17,NA
JO,United States-Jordan Free Trade Area Implementation Act,2025_rev_17,reststop General+Note+3 @ 2025HTSRev17,NA
JP,Trade Agreement Between the United States and Japan,2025_rev_17,reststop General+Note+3 @ 2025HTSRev17,NA
K,Agreement on Trade in Pharmaceutical Products,2025_rev_17,reststop General+Note+3 @ 2025HTSRev17,NA
P,Dominican Republic-Central America-United States Free Trade Agreement Implementation Act,2025_rev_17,reststop General+Note+3 @ 2025HTSRev17,NA
P+,Dominican Republic-Central America-United States Free Trade Agreement Implementation Act,2025_rev_17,reststop General+Note+3 @ 2025HTSRev17,NA
L,Uruguay Round Concessions on Intermediate Chemicals for Dyes,2025_rev_17,reststop General+Note+3 @ 2025HTSRev17,NA
R,United States-Caribbean Basin Trade Partnership Act,2025_rev_17,reststop General+Note+3 @ 2025HTSRev17,NA
MA,United States-Morocco Free Trade Agreement Implementation Act,2025_rev_17,reststop General+Note+3 @ 2025HTSRev17,NA
SG,United States-Singapore Free Trade Agreement,2025_rev_17,reststop General+Note+3 @ 2025HTSRev17,NA
OM,United States-Oman Free Trade Agreement Implementation Act,2025_rev_17,reststop General+Note+3 @ 2025HTSRev17,NA
PE,United States-Peru Trade Promotion Agreement Implementation Act,2025_rev_17,reststop General+Note+3 @ 2025HTSRev17,NA
KR,United States-Korea Free Trade Agreement Implementation Act,2025_rev_17,reststop General+Note+3 @ 2025HTSRev17,NA
CO,United States-Colombia Trade Promotion Agreement Implementation Act,2025_rev_17,reststop General+Note+3 @ 2025HTSRev17,NA
PA,United States-Panama Trade Promotion Agreement Implementation Act,2025_rev_17,reststop General+Note+3 @ 2025HTSRev17,NA
NP,Nepal Preference Program,2025_rev_17,reststop General+Note+3 @ 2025HTSRev17,NA
S,United States-Mexico-Canada Agreement,2025_rev_17,reststop General+Note+3 @ 2025HTSRev17,NA
S+,United States-Mexico-Canada Agreement,2025_rev_17,reststop General+Note+3 @ 2025HTSRev17,NA
A,Generalized System of Preferences,2025_rev_18,reststop General+Note+3 @ 2025HTSRev18,NA
A*,Generalized System of Preferences,2025_rev_18,reststop General+Note+3 @ 2025HTSRev18,NA
A+,Generalized System of Preferences,2025_rev_18,reststop General+Note+3 @ 2025HTSRev18,NA
AU,United States-Australia Free Trade Agreement,2025_rev_18,reststop General+Note+3 @ 2025HTSRev18,NA
B,Automotive Products Trade Act,2025_rev_18,reststop General+Note+3 @ 2025HTSRev18,NA
BH,United States-Bahrain Free Trade Agreement Implementation Act,2025_rev_18,reststop General+Note+3 @ 2025HTSRev18,NA
C,Agreement on Trade in Civil Aircraft,2025_rev_18,reststop General+Note+3 @ 2025HTSRev18,NA
CL,United States-Chile Free Trade Agreement,2025_rev_18,reststop General+Note+3 @ 2025HTSRev18,NA
D,African Growth and Opportunity Act,2025_rev_18,reststop General+Note+3 @ 2025HTSRev18,NA
E,Caribbean Basin Economic Recovery Act,2025_rev_18,reststop General+Note+3 @ 2025HTSRev18,NA
E*,Caribbean Basin Economic Recovery Act,2025_rev_18,reststop General+Note+3 @ 2025HTSRev18,NA
IL,United States-Israel Free Trade Area,2025_rev_18,reststop General+Note+3 @ 2025HTSRev18,NA
JO,United States-Jordan Free Trade Area Implementation Act,2025_rev_18,reststop General+Note+3 @ 2025HTSRev18,NA
JP,Trade Agreement Between the United States and Japan,2025_rev_18,reststop General+Note+3 @ 2025HTSRev18,NA
K,Agreement on Trade in Pharmaceutical Products,2025_rev_18,reststop General+Note+3 @ 2025HTSRev18,NA
P,Dominican Republic-Central America-United States Free Trade Agreement Implementation Act,2025_rev_18,reststop General+Note+3 @ 2025HTSRev18,NA
P+,Dominican Republic-Central America-United States Free Trade Agreement Implementation Act,2025_rev_18,reststop General+Note+3 @ 2025HTSRev18,NA
L,Uruguay Round Concessions on Intermediate Chemicals for Dyes,2025_rev_18,reststop General+Note+3 @ 2025HTSRev18,NA
R,United States-Caribbean Basin Trade Partnership Act,2025_rev_18,reststop General+Note+3 @ 2025HTSRev18,NA
MA,United States-Morocco Free Trade Agreement Implementation Act,2025_rev_18,reststop General+Note+3 @ 2025HTSRev18,NA
SG,United States-Singapore Free Trade Agreement,2025_rev_18,reststop General+Note+3 @ 2025HTSRev18,NA
OM,United States-Oman Free Trade Agreement Implementation Act,2025_rev_18,reststop General+Note+3 @ 2025HTSRev18,NA
PE,United States-Peru Trade Promotion Agreement Implementation Act,2025_rev_18,reststop General+Note+3 @ 2025HTSRev18,NA
KR,United States-Korea Free Trade Agreement Implementation Act,2025_rev_18,reststop General+Note+3 @ 2025HTSRev18,NA
CO,United States-Colombia Trade Promotion Agreement Implementation Act,2025_rev_18,reststop General+Note+3 @ 2025HTSRev18,NA
PA,United States-Panama Trade Promotion Agreement Implementation Act,2025_rev_18,reststop General+Note+3 @ 2025HTSRev18,NA
NP,Nepal Preference Program,2025_rev_18,reststop General+Note+3 @ 2025HTSRev18,NA
S,United States-Mexico-Canada Agreement,2025_rev_18,reststop General+Note+3 @ 2025HTSRev18,NA
S+,United States-Mexico-Canada Agreement,2025_rev_18,reststop General+Note+3 @ 2025HTSRev18,NA
A,Generalized System of Preferences,2025_rev_19,reststop General+Note+3 @ 2025HTSRev19,NA
A*,Generalized System of Preferences,2025_rev_19,reststop General+Note+3 @ 2025HTSRev19,NA
A+,Generalized System of Preferences,2025_rev_19,reststop General+Note+3 @ 2025HTSRev19,NA
AU,United States-Australia Free Trade Agreement,2025_rev_19,reststop General+Note+3 @ 2025HTSRev19,NA
B,Automotive Products Trade Act,2025_rev_19,reststop General+Note+3 @ 2025HTSRev19,NA
BH,United States-Bahrain Free Trade Agreement Implementation Act,2025_rev_19,reststop General+Note+3 @ 2025HTSRev19,NA
C,Agreement on Trade in Civil Aircraft,2025_rev_19,reststop General+Note+3 @ 2025HTSRev19,NA
CL,United States-Chile Free Trade Agreement,2025_rev_19,reststop General+Note+3 @ 2025HTSRev19,NA
D,African Growth and Opportunity Act,2025_rev_19,reststop General+Note+3 @ 2025HTSRev19,NA
E,Caribbean Basin Economic Recovery Act,2025_rev_19,reststop General+Note+3 @ 2025HTSRev19,NA
E*,Caribbean Basin Economic Recovery Act,2025_rev_19,reststop General+Note+3 @ 2025HTSRev19,NA
IL,United States-Israel Free Trade Area,2025_rev_19,reststop General+Note+3 @ 2025HTSRev19,NA
JO,United States-Jordan Free Trade Area Implementation Act,2025_rev_19,reststop General+Note+3 @ 2025HTSRev19,NA
JP,Trade Agreement Between the United States and Japan,2025_rev_19,reststop General+Note+3 @ 2025HTSRev19,NA
K,Agreement on Trade in Pharmaceutical Products,2025_rev_19,reststop General+Note+3 @ 2025HTSRev19,NA
P,Dominican Republic-Central America-United States Free Trade Agreement Implementation Act,2025_rev_19,reststop General+Note+3 @ 2025HTSRev19,NA
P+,Dominican Republic-Central America-United States Free Trade Agreement Implementation Act,2025_rev_19,reststop General+Note+3 @ 2025HTSRev19,NA
L,Uruguay Round Concessions on Intermediate Chemicals for Dyes,2025_rev_19,reststop General+Note+3 @ 2025HTSRev19,NA
R,United States-Caribbean Basin Trade Partnership Act,2025_rev_19,reststop General+Note+3 @ 2025HTSRev19,NA
MA,United States-Morocco Free Trade Agreement Implementation Act,2025_rev_19,reststop General+Note+3 @ 2025HTSRev19,NA
SG,United States-Singapore Free Trade Agreement,2025_rev_19,reststop General+Note+3 @ 2025HTSRev19,NA
OM,United States-Oman Free Trade Agreement Implementation Act,2025_rev_19,reststop General+Note+3 @ 2025HTSRev19,NA
PE,United States-Peru Trade Promotion Agreement Implementation Act,2025_rev_19,reststop General+Note+3 @ 2025HTSRev19,NA
KR,United States-Korea Free Trade Agreement Implementation Act,2025_rev_19,reststop General+Note+3 @ 2025HTSRev19,NA
CO,United States-Colombia Trade Promotion Agreement Implementation Act,2025_rev_19,reststop General+Note+3 @ 2025HTSRev19,NA
PA,United States-Panama Trade Promotion Agreement Implementation Act,2025_rev_19,reststop General+Note+3 @ 2025HTSRev19,NA
NP,Nepal Preference Program,2025_rev_19,reststop General+Note+3 @ 2025HTSRev19,NA
S,United States-Mexico-Canada Agreement,2025_rev_19,reststop General+Note+3 @ 2025HTSRev19,NA
S+,United States-Mexico-Canada Agreement,2025_rev_19,reststop General+Note+3 @ 2025HTSRev19,NA
A,Generalized System of Preferences,2025_rev_20,reststop General+Note+3 @ 2025HTSRev20,NA
A*,Generalized System of Preferences,2025_rev_20,reststop General+Note+3 @ 2025HTSRev20,NA
A+,Generalized System of Preferences,2025_rev_20,reststop General+Note+3 @ 2025HTSRev20,NA
AU,United States-Australia Free Trade Agreement,2025_rev_20,reststop General+Note+3 @ 2025HTSRev20,NA
B,Automotive Products Trade Act,2025_rev_20,reststop General+Note+3 @ 2025HTSRev20,NA
BH,United States-Bahrain Free Trade Agreement Implementation Act,2025_rev_20,reststop General+Note+3 @ 2025HTSRev20,NA
C,Agreement on Trade in Civil Aircraft,2025_rev_20,reststop General+Note+3 @ 2025HTSRev20,NA
CL,United States-Chile Free Trade Agreement,2025_rev_20,reststop General+Note+3 @ 2025HTSRev20,NA
D,African Growth and Opportunity Act,2025_rev_20,reststop General+Note+3 @ 2025HTSRev20,NA
E,Caribbean Basin Economic Recovery Act,2025_rev_20,reststop General+Note+3 @ 2025HTSRev20,NA
E*,Caribbean Basin Economic Recovery Act,2025_rev_20,reststop General+Note+3 @ 2025HTSRev20,NA
IL,United States-Israel Free Trade Area,2025_rev_20,reststop General+Note+3 @ 2025HTSRev20,NA
JO,United States-Jordan Free Trade Area Implementation Act,2025_rev_20,reststop General+Note+3 @ 2025HTSRev20,NA
JP,Trade Agreement Between the United States and Japan,2025_rev_20,reststop General+Note+3 @ 2025HTSRev20,NA
K,Agreement on Trade in Pharmaceutical Products,2025_rev_20,reststop General+Note+3 @ 2025HTSRev20,NA
P,Dominican Republic-Central America-United States Free Trade Agreement Implementation Act,2025_rev_20,reststop General+Note+3 @ 2025HTSRev20,NA
P+,Dominican Republic-Central America-United States Free Trade Agreement Implementation Act,2025_rev_20,reststop General+Note+3 @ 2025HTSRev20,NA
L,Uruguay Round Concessions on Intermediate Chemicals for Dyes,2025_rev_20,reststop General+Note+3 @ 2025HTSRev20,NA
R,United States-Caribbean Basin Trade Partnership Act,2025_rev_20,reststop General+Note+3 @ 2025HTSRev20,NA
MA,United States-Morocco Free Trade Agreement Implementation Act,2025_rev_20,reststop General+Note+3 @ 2025HTSRev20,NA
SG,United States-Singapore Free Trade Agreement,2025_rev_20,reststop General+Note+3 @ 2025HTSRev20,NA
OM,United States-Oman Free Trade Agreement Implementation Act,2025_rev_20,reststop General+Note+3 @ 2025HTSRev20,NA
PE,United States-Peru Trade Promotion Agreement Implementation Act,2025_rev_20,reststop General+Note+3 @ 2025HTSRev20,NA
KR,United States-Korea Free Trade Agreement Implementation Act,2025_rev_20,reststop General+Note+3 @ 2025HTSRev20,NA
CO,United States-Colombia Trade Promotion Agreement Implementation Act,2025_rev_20,reststop General+Note+3 @ 2025HTSRev20,NA
PA,United States-Panama Trade Promotion Agreement Implementation Act,2025_rev_20,reststop General+Note+3 @ 2025HTSRev20,NA
NP,Nepal Preference Program,2025_rev_20,reststop General+Note+3 @ 2025HTSRev20,NA
S,United States-Mexico-Canada Agreement,2025_rev_20,reststop General+Note+3 @ 2025HTSRev20,NA
S+,United States-Mexico-Canada Agreement,2025_rev_20,reststop General+Note+3 @ 2025HTSRev20,NA
A,Generalized System of Preferences,2025_rev_21,reststop General+Note+3 @ 2025HTSRev21,NA
A*,Generalized System of Preferences,2025_rev_21,reststop General+Note+3 @ 2025HTSRev21,NA
A+,Generalized System of Preferences,2025_rev_21,reststop General+Note+3 @ 2025HTSRev21,NA
AU,United States-Australia Free Trade Agreement,2025_rev_21,reststop General+Note+3 @ 2025HTSRev21,NA
B,Automotive Products Trade Act,2025_rev_21,reststop General+Note+3 @ 2025HTSRev21,NA
BH,United States-Bahrain Free Trade Agreement Implementation Act,2025_rev_21,reststop General+Note+3 @ 2025HTSRev21,NA
C,Agreement on Trade in Civil Aircraft,2025_rev_21,reststop General+Note+3 @ 2025HTSRev21,NA
CL,United States-Chile Free Trade Agreement,2025_rev_21,reststop General+Note+3 @ 2025HTSRev21,NA
D,African Growth and Opportunity Act,2025_rev_21,reststop General+Note+3 @ 2025HTSRev21,NA
E,Caribbean Basin Economic Recovery Act,2025_rev_21,reststop General+Note+3 @ 2025HTSRev21,NA
E*,Caribbean Basin Economic Recovery Act,2025_rev_21,reststop General+Note+3 @ 2025HTSRev21,NA
IL,United States-Israel Free Trade Area,2025_rev_21,reststop General+Note+3 @ 2025HTSRev21,NA
JO,United States-Jordan Free Trade Area Implementation Act,2025_rev_21,reststop General+Note+3 @ 2025HTSRev21,NA
JP,Trade Agreement Between the United States and Japan,2025_rev_21,reststop General+Note+3 @ 2025HTSRev21,NA
K,Agreement on Trade in Pharmaceutical Products,2025_rev_21,reststop General+Note+3 @ 2025HTSRev21,NA
P,Dominican Republic-Central America-United States Free Trade Agreement Implementation Act,2025_rev_21,reststop General+Note+3 @ 2025HTSRev21,NA
P+,Dominican Republic-Central America-United States Free Trade Agreement Implementation Act,2025_rev_21,reststop General+Note+3 @ 2025HTSRev21,NA
L,Uruguay Round Concessions on Intermediate Chemicals for Dyes,2025_rev_21,reststop General+Note+3 @ 2025HTSRev21,NA
R,United States-Caribbean Basin Trade Partnership Act,2025_rev_21,reststop General+Note+3 @ 2025HTSRev21,NA
MA,United States-Morocco Free Trade Agreement Implementation Act,2025_rev_21,reststop General+Note+3 @ 2025HTSRev21,NA
SG,United States-Singapore Free Trade Agreement,2025_rev_21,reststop General+Note+3 @ 2025HTSRev21,NA
OM,United States-Oman Free Trade Agreement Implementation Act,2025_rev_21,reststop General+Note+3 @ 2025HTSRev21,NA
PE,United States-Peru Trade Promotion Agreement Implementation Act,2025_rev_21,reststop General+Note+3 @ 2025HTSRev21,NA
KR,United States-Korea Free Trade Agreement Implementation Act,2025_rev_21,reststop General+Note+3 @ 2025HTSRev21,NA
CO,United States-Colombia Trade Promotion Agreement Implementation Act,2025_rev_21,reststop General+Note+3 @ 2025HTSRev21,NA
PA,United States-Panama Trade Promotion Agreement Implementation Act,2025_rev_21,reststop General+Note+3 @ 2025HTSRev21,NA
NP,Nepal Preference Program,2025_rev_21,reststop General+Note+3 @ 2025HTSRev21,NA
S,United States-Mexico-Canada Agreement,2025_rev_21,reststop General+Note+3 @ 2025HTSRev21,NA
S+,United States-Mexico-Canada Agreement,2025_rev_21,reststop General+Note+3 @ 2025HTSRev21,NA
A,Generalized System of Preferences,2025_rev_22,reststop General+Note+3 @ 2025HTSRev22,NA
A*,Generalized System of Preferences,2025_rev_22,reststop General+Note+3 @ 2025HTSRev22,NA
A+,Generalized System of Preferences,2025_rev_22,reststop General+Note+3 @ 2025HTSRev22,NA
AU,United States-Australia Free Trade Agreement,2025_rev_22,reststop General+Note+3 @ 2025HTSRev22,NA
B,Automotive Products Trade Act,2025_rev_22,reststop General+Note+3 @ 2025HTSRev22,NA
BH,United States-Bahrain Free Trade Agreement Implementation Act,2025_rev_22,reststop General+Note+3 @ 2025HTSRev22,NA
C,Agreement on Trade in Civil Aircraft,2025_rev_22,reststop General+Note+3 @ 2025HTSRev22,NA
CL,United States-Chile Free Trade Agreement,2025_rev_22,reststop General+Note+3 @ 2025HTSRev22,NA
D,African Growth and Opportunity Act,2025_rev_22,reststop General+Note+3 @ 2025HTSRev22,NA
E,Caribbean Basin Economic Recovery Act,2025_rev_22,reststop General+Note+3 @ 2025HTSRev22,NA
E*,Caribbean Basin Economic Recovery Act,2025_rev_22,reststop General+Note+3 @ 2025HTSRev22,NA
IL,United States-Israel Free Trade Area,2025_rev_22,reststop General+Note+3 @ 2025HTSRev22,NA
JO,United States-Jordan Free Trade Area Implementation Act,2025_rev_22,reststop General+Note+3 @ 2025HTSRev22,NA
JP,Trade Agreement Between the United States and Japan,2025_rev_22,reststop General+Note+3 @ 2025HTSRev22,NA
K,Agreement on Trade in Pharmaceutical Products,2025_rev_22,reststop General+Note+3 @ 2025HTSRev22,NA
P,Dominican Republic-Central America-United States Free Trade Agreement Implementation Act,2025_rev_22,reststop General+Note+3 @ 2025HTSRev22,NA
P+,Dominican Republic-Central America-United States Free Trade Agreement Implementation Act,2025_rev_22,reststop General+Note+3 @ 2025HTSRev22,NA
L,Uruguay Round Concessions on Intermediate Chemicals for Dyes,2025_rev_22,reststop General+Note+3 @ 2025HTSRev22,NA
R,United States-Caribbean Basin Trade Partnership Act,2025_rev_22,reststop General+Note+3 @ 2025HTSRev22,NA
MA,United States-Morocco Free Trade Agreement Implementation Act,2025_rev_22,reststop General+Note+3 @ 2025HTSRev22,NA
SG,United States-Singapore Free Trade Agreement,2025_rev_22,reststop General+Note+3 @ 2025HTSRev22,NA
OM,United States-Oman Free Trade Agreement Implementation Act,2025_rev_22,reststop General+Note+3 @ 2025HTSRev22,NA
PE,United States-Peru Trade Promotion Agreement Implementation Act,2025_rev_22,reststop General+Note+3 @ 2025HTSRev22,NA
KR,United States-Korea Free Trade Agreement Implementation Act,2025_rev_22,reststop General+Note+3 @ 2025HTSRev22,NA
CO,United States-Colombia Trade Promotion Agreement Implementation Act,2025_rev_22,reststop General+Note+3 @ 2025HTSRev22,NA
PA,United States-Panama Trade Promotion Agreement Implementation Act,2025_rev_22,reststop General+Note+3 @ 2025HTSRev22,NA
NP,Nepal Preference Program,2025_rev_22,reststop General+Note+3 @ 2025HTSRev22,NA
S,United States-Mexico-Canada Agreement,2025_rev_22,reststop General+Note+3 @ 2025HTSRev22,NA
S+,United States-Mexico-Canada Agreement,2025_rev_22,reststop General+Note+3 @ 2025HTSRev22,NA
A,Generalized System of Preferences,2025_rev_23,reststop General+Note+3 @ 2025HTSRev23,NA
A*,Generalized System of Preferences,2025_rev_23,reststop General+Note+3 @ 2025HTSRev23,NA
A+,Generalized System of Preferences,2025_rev_23,reststop General+Note+3 @ 2025HTSRev23,NA
AU,United States-Australia Free Trade Agreement,2025_rev_23,reststop General+Note+3 @ 2025HTSRev23,NA
B,Automotive Products Trade Act,2025_rev_23,reststop General+Note+3 @ 2025HTSRev23,NA
BH,United States-Bahrain Free Trade Agreement Implementation Act,2025_rev_23,reststop General+Note+3 @ 2025HTSRev23,NA
C,Agreement on Trade in Civil Aircraft,2025_rev_23,reststop General+Note+3 @ 2025HTSRev23,NA
CL,United States-Chile Free Trade Agreement,2025_rev_23,reststop General+Note+3 @ 2025HTSRev23,NA
D,African Growth and Opportunity Act,2025_rev_23,reststop General+Note+3 @ 2025HTSRev23,NA
E,Caribbean Basin Economic Recovery Act,2025_rev_23,reststop General+Note+3 @ 2025HTSRev23,NA
E*,Caribbean Basin Economic Recovery Act,2025_rev_23,reststop General+Note+3 @ 2025HTSRev23,NA
IL,United States-Israel Free Trade Area,2025_rev_23,reststop General+Note+3 @ 2025HTSRev23,NA
JO,United States-Jordan Free Trade Area Implementation Act,2025_rev_23,reststop General+Note+3 @ 2025HTSRev23,NA
JP,Trade Agreement Between the United States and Japan,2025_rev_23,reststop General+Note+3 @ 2025HTSRev23,NA
K,Agreement on Trade in Pharmaceutical Products,2025_rev_23,reststop General+Note+3 @ 2025HTSRev23,NA
P,Dominican Republic-Central America-United States Free Trade Agreement Implementation Act,2025_rev_23,reststop General+Note+3 @ 2025HTSRev23,NA
P+,Dominican Republic-Central America-United States Free Trade Agreement Implementation Act,2025_rev_23,reststop General+Note+3 @ 2025HTSRev23,NA
L,Uruguay Round Concessions on Intermediate Chemicals for Dyes,2025_rev_23,reststop General+Note+3 @ 2025HTSRev23,NA
R,United States-Caribbean Basin Trade Partnership Act,2025_rev_23,reststop General+Note+3 @ 2025HTSRev23,NA
MA,United States-Morocco Free Trade Agreement Implementation Act,2025_rev_23,reststop General+Note+3 @ 2025HTSRev23,NA
SG,United States-Singapore Free Trade Agreement,2025_rev_23,reststop General+Note+3 @ 2025HTSRev23,NA
OM,United States-Oman Free Trade Agreement Implementation Act,2025_rev_23,reststop General+Note+3 @ 2025HTSRev23,NA
PE,United States-Peru Trade Promotion Agreement Implementation Act,2025_rev_23,reststop General+Note+3 @ 2025HTSRev23,NA
KR,United States-Korea Free Trade Agreement Implementation Act,2025_rev_23,reststop General+Note+3 @ 2025HTSRev23,NA
CO,United States-Colombia Trade Promotion Agreement Implementation Act,2025_rev_23,reststop General+Note+3 @ 2025HTSRev23,NA
PA,United States-Panama Trade Promotion Agreement Implementation Act,2025_rev_23,reststop General+Note+3 @ 2025HTSRev23,NA
NP,Nepal Preference Program,2025_rev_23,reststop General+Note+3 @ 2025HTSRev23,NA
S,United States-Mexico-Canada Agreement,2025_rev_23,reststop General+Note+3 @ 2025HTSRev23,NA
S+,United States-Mexico-Canada Agreement,2025_rev_23,reststop General+Note+3 @ 2025HTSRev23,NA
A,Generalized System of Preferences,2025_rev_24,reststop General+Note+3 @ 2025HTSRev24,NA
A*,Generalized System of Preferences,2025_rev_24,reststop General+Note+3 @ 2025HTSRev24,NA
A+,Generalized System of Preferences,2025_rev_24,reststop General+Note+3 @ 2025HTSRev24,NA
AU,United States-Australia Free Trade Agreement,2025_rev_24,reststop General+Note+3 @ 2025HTSRev24,NA
B,Automotive Products Trade Act,2025_rev_24,reststop General+Note+3 @ 2025HTSRev24,NA
BH,United States-Bahrain Free Trade Agreement Implementation Act,2025_rev_24,reststop General+Note+3 @ 2025HTSRev24,NA
C,Agreement on Trade in Civil Aircraft,2025_rev_24,reststop General+Note+3 @ 2025HTSRev24,NA
CL,United States-Chile Free Trade Agreement,2025_rev_24,reststop General+Note+3 @ 2025HTSRev24,NA
D,African Growth and Opportunity Act,2025_rev_24,reststop General+Note+3 @ 2025HTSRev24,NA
E,Caribbean Basin Economic Recovery Act,2025_rev_24,reststop General+Note+3 @ 2025HTSRev24,NA
E*,Caribbean Basin Economic Recovery Act,2025_rev_24,reststop General+Note+3 @ 2025HTSRev24,NA
IL,United States-Israel Free Trade Area,2025_rev_24,reststop General+Note+3 @ 2025HTSRev24,NA
JO,United States-Jordan Free Trade Area Implementation Act,2025_rev_24,reststop General+Note+3 @ 2025HTSRev24,NA
JP,Trade Agreement Between the United States and Japan,2025_rev_24,reststop General+Note+3 @ 2025HTSRev24,NA
K,Agreement on Trade in Pharmaceutical Products,2025_rev_24,reststop General+Note+3 @ 2025HTSRev24,NA
P,Dominican Republic-Central America-United States Free Trade Agreement Implementation Act,2025_rev_24,reststop General+Note+3 @ 2025HTSRev24,NA
P+,Dominican Republic-Central America-United States Free Trade Agreement Implementation Act,2025_rev_24,reststop General+Note+3 @ 2025HTSRev24,NA
L,Uruguay Round Concessions on Intermediate Chemicals for Dyes,2025_rev_24,reststop General+Note+3 @ 2025HTSRev24,NA
R,United States-Caribbean Basin Trade Partnership Act,2025_rev_24,reststop General+Note+3 @ 2025HTSRev24,NA
MA,United States-Morocco Free Trade Agreement Implementation Act,2025_rev_24,reststop General+Note+3 @ 2025HTSRev24,NA
SG,United States-Singapore Free Trade Agreement,2025_rev_24,reststop General+Note+3 @ 2025HTSRev24,NA
OM,United States-Oman Free Trade Agreement Implementation Act,2025_rev_24,reststop General+Note+3 @ 2025HTSRev24,NA
PE,United States-Peru Trade Promotion Agreement Implementation Act,2025_rev_24,reststop General+Note+3 @ 2025HTSRev24,NA
KR,United States-Korea Free Trade Agreement Implementation Act,2025_rev_24,reststop General+Note+3 @ 2025HTSRev24,NA
CO,United States-Colombia Trade Promotion Agreement Implementation Act,2025_rev_24,reststop General+Note+3 @ 2025HTSRev24,NA
PA,United States-Panama Trade Promotion Agreement Implementation Act,2025_rev_24,reststop General+Note+3 @ 2025HTSRev24,NA
NP,Nepal Preference Program,2025_rev_24,reststop General+Note+3 @ 2025HTSRev24,NA
S,United States-Mexico-Canada Agreement,2025_rev_24,reststop General+Note+3 @ 2025HTSRev24,NA
S+,United States-Mexico-Canada Agreement,2025_rev_24,reststop General+Note+3 @ 2025HTSRev24,NA
A,Generalized System of Preferences,2025_rev_25,reststop General+Note+3 @ 2025HTSRev25,NA
A*,Generalized System of Preferences,2025_rev_25,reststop General+Note+3 @ 2025HTSRev25,NA
A+,Generalized System of Preferences,2025_rev_25,reststop General+Note+3 @ 2025HTSRev25,NA
AU,United States-Australia Free Trade Agreement,2025_rev_25,reststop General+Note+3 @ 2025HTSRev25,NA
B,Automotive Products Trade Act,2025_rev_25,reststop General+Note+3 @ 2025HTSRev25,NA
BH,United States-Bahrain Free Trade Agreement Implementation Act,2025_rev_25,reststop General+Note+3 @ 2025HTSRev25,NA
C,Agreement on Trade in Civil Aircraft,2025_rev_25,reststop General+Note+3 @ 2025HTSRev25,NA
CL,United States-Chile Free Trade Agreement,2025_rev_25,reststop General+Note+3 @ 2025HTSRev25,NA
D,African Growth and Opportunity Act,2025_rev_25,reststop General+Note+3 @ 2025HTSRev25,NA
E,Caribbean Basin Economic Recovery Act,2025_rev_25,reststop General+Note+3 @ 2025HTSRev25,NA
E*,Caribbean Basin Economic Recovery Act,2025_rev_25,reststop General+Note+3 @ 2025HTSRev25,NA
IL,United States-Israel Free Trade Area,2025_rev_25,reststop General+Note+3 @ 2025HTSRev25,NA
JO,United States-Jordan Free Trade Area Implementation Act,2025_rev_25,reststop General+Note+3 @ 2025HTSRev25,NA
JP,Trade Agreement Between the United States and Japan,2025_rev_25,reststop General+Note+3 @ 2025HTSRev25,NA
K,Agreement on Trade in Pharmaceutical Products,2025_rev_25,reststop General+Note+3 @ 2025HTSRev25,NA
P,Dominican Republic-Central America-United States Free Trade Agreement Implementation Act,2025_rev_25,reststop General+Note+3 @ 2025HTSRev25,NA
P+,Dominican Republic-Central America-United States Free Trade Agreement Implementation Act,2025_rev_25,reststop General+Note+3 @ 2025HTSRev25,NA
L,Uruguay Round Concessions on Intermediate Chemicals for Dyes,2025_rev_25,reststop General+Note+3 @ 2025HTSRev25,NA
R,United States-Caribbean Basin Trade Partnership Act,2025_rev_25,reststop General+Note+3 @ 2025HTSRev25,NA
MA,United States-Morocco Free Trade Agreement Implementation Act,2025_rev_25,reststop General+Note+3 @ 2025HTSRev25,NA
SG,United States-Singapore Free Trade Agreement,2025_rev_25,reststop General+Note+3 @ 2025HTSRev25,NA
OM,United States-Oman Free Trade Agreement Implementation Act,2025_rev_25,reststop General+Note+3 @ 2025HTSRev25,NA
PE,United States-Peru Trade Promotion Agreement Implementation Act,2025_rev_25,reststop General+Note+3 @ 2025HTSRev25,NA
KR,United States-Korea Free Trade Agreement Implementation Act,2025_rev_25,reststop General+Note+3 @ 2025HTSRev25,NA
CO,United States-Colombia Trade Promotion Agreement Implementation Act,2025_rev_25,reststop General+Note+3 @ 2025HTSRev25,NA
PA,United States-Panama Trade Promotion Agreement Implementation Act,2025_rev_25,reststop General+Note+3 @ 2025HTSRev25,NA
NP,Nepal Preference Program,2025_rev_25,reststop General+Note+3 @ 2025HTSRev25,NA
S,United States-Mexico-Canada Agreement,2025_rev_25,reststop General+Note+3 @ 2025HTSRev25,NA
S+,United States-Mexico-Canada Agreement,2025_rev_25,reststop General+Note+3 @ 2025HTSRev25,NA
A,Generalized System of Preferences,2025_rev_26,reststop General+Note+3 @ 2025HTSRev26,NA
A*,Generalized System of Preferences,2025_rev_26,reststop General+Note+3 @ 2025HTSRev26,NA
A+,Generalized System of Preferences,2025_rev_26,reststop General+Note+3 @ 2025HTSRev26,NA
AU,United States-Australia Free Trade Agreement,2025_rev_26,reststop General+Note+3 @ 2025HTSRev26,NA
B,Automotive Products Trade Act,2025_rev_26,reststop General+Note+3 @ 2025HTSRev26,NA
BH,United States-Bahrain Free Trade Agreement Implementation Act,2025_rev_26,reststop General+Note+3 @ 2025HTSRev26,NA
C,Agreement on Trade in Civil Aircraft,2025_rev_26,reststop General+Note+3 @ 2025HTSRev26,NA
CL,United States-Chile Free Trade Agreement,2025_rev_26,reststop General+Note+3 @ 2025HTSRev26,NA
D,African Growth and Opportunity Act,2025_rev_26,reststop General+Note+3 @ 2025HTSRev26,NA
E,Caribbean Basin Economic Recovery Act,2025_rev_26,reststop General+Note+3 @ 2025HTSRev26,NA
E*,Caribbean Basin Economic Recovery Act,2025_rev_26,reststop General+Note+3 @ 2025HTSRev26,NA
IL,United States-Israel Free Trade Area,2025_rev_26,reststop General+Note+3 @ 2025HTSRev26,NA
JO,United States-Jordan Free Trade Area Implementation Act,2025_rev_26,reststop General+Note+3 @ 2025HTSRev26,NA
JP,Trade Agreement Between the United States and Japan,2025_rev_26,reststop General+Note+3 @ 2025HTSRev26,NA
K,Agreement on Trade in Pharmaceutical Products,2025_rev_26,reststop General+Note+3 @ 2025HTSRev26,NA
P,Dominican Republic-Central America-United States Free Trade Agreement Implementation Act,2025_rev_26,reststop General+Note+3 @ 2025HTSRev26,NA
P+,Dominican Republic-Central America-United States Free Trade Agreement Implementation Act,2025_rev_26,reststop General+Note+3 @ 2025HTSRev26,NA
L,Uruguay Round Concessions on Intermediate Chemicals for Dyes,2025_rev_26,reststop General+Note+3 @ 2025HTSRev26,NA
R,United States-Caribbean Basin Trade Partnership Act,2025_rev_26,reststop General+Note+3 @ 2025HTSRev26,NA
MA,United States-Morocco Free Trade Agreement Implementation Act,2025_rev_26,reststop General+Note+3 @ 2025HTSRev26,NA
SG,United States-Singapore Free Trade Agreement,2025_rev_26,reststop General+Note+3 @ 2025HTSRev26,NA
OM,United States-Oman Free Trade Agreement Implementation Act,2025_rev_26,reststop General+Note+3 @ 2025HTSRev26,NA
PE,United States-Peru Trade Promotion Agreement Implementation Act,2025_rev_26,reststop General+Note+3 @ 2025HTSRev26,NA
KR,United States-Korea Free Trade Agreement Implementation Act,2025_rev_26,reststop General+Note+3 @ 2025HTSRev26,NA
CO,United States-Colombia Trade Promotion Agreement Implementation Act,2025_rev_26,reststop General+Note+3 @ 2025HTSRev26,NA
PA,United States-Panama Trade Promotion Agreement Implementation Act,2025_rev_26,reststop General+Note+3 @ 2025HTSRev26,NA
NP,Nepal Preference Program,2025_rev_26,reststop General+Note+3 @ 2025HTSRev26,NA
S,United States-Mexico-Canada Agreement,2025_rev_26,reststop General+Note+3 @ 2025HTSRev26,NA
S+,United States-Mexico-Canada Agreement,2025_rev_26,reststop General+Note+3 @ 2025HTSRev26,NA
A,Generalized System of Preferences,2025_rev_27,reststop General+Note+3 @ 2025HTSRev27,NA
A*,Generalized System of Preferences,2025_rev_27,reststop General+Note+3 @ 2025HTSRev27,NA
A+,Generalized System of Preferences,2025_rev_27,reststop General+Note+3 @ 2025HTSRev27,NA
AU,United States-Australia Free Trade Agreement,2025_rev_27,reststop General+Note+3 @ 2025HTSRev27,NA
B,Automotive Products Trade Act,2025_rev_27,reststop General+Note+3 @ 2025HTSRev27,NA
BH,United States-Bahrain Free Trade Agreement Implementation Act,2025_rev_27,reststop General+Note+3 @ 2025HTSRev27,NA
C,Agreement on Trade in Civil Aircraft,2025_rev_27,reststop General+Note+3 @ 2025HTSRev27,NA
CL,United States-Chile Free Trade Agreement,2025_rev_27,reststop General+Note+3 @ 2025HTSRev27,NA
D,African Growth and Opportunity Act,2025_rev_27,reststop General+Note+3 @ 2025HTSRev27,NA
E,Caribbean Basin Economic Recovery Act,2025_rev_27,reststop General+Note+3 @ 2025HTSRev27,NA
E*,Caribbean Basin Economic Recovery Act,2025_rev_27,reststop General+Note+3 @ 2025HTSRev27,NA
IL,United States-Israel Free Trade Area,2025_rev_27,reststop General+Note+3 @ 2025HTSRev27,NA
JO,United States-Jordan Free Trade Area Implementation Act,2025_rev_27,reststop General+Note+3 @ 2025HTSRev27,NA
JP,Trade Agreement Between the United States and Japan,2025_rev_27,reststop General+Note+3 @ 2025HTSRev27,NA
K,Agreement on Trade in Pharmaceutical Products,2025_rev_27,reststop General+Note+3 @ 2025HTSRev27,NA
P,Dominican Republic-Central America-United States Free Trade Agreement Implementation Act,2025_rev_27,reststop General+Note+3 @ 2025HTSRev27,NA
P+,Dominican Republic-Central America-United States Free Trade Agreement Implementation Act,2025_rev_27,reststop General+Note+3 @ 2025HTSRev27,NA
L,Uruguay Round Concessions on Intermediate Chemicals for Dyes,2025_rev_27,reststop General+Note+3 @ 2025HTSRev27,NA
R,United States-Caribbean Basin Trade Partnership Act,2025_rev_27,reststop General+Note+3 @ 2025HTSRev27,NA
MA,United States-Morocco Free Trade Agreement Implementation Act,2025_rev_27,reststop General+Note+3 @ 2025HTSRev27,NA
SG,United States-Singapore Free Trade Agreement,2025_rev_27,reststop General+Note+3 @ 2025HTSRev27,NA
OM,United States-Oman Free Trade Agreement Implementation Act,2025_rev_27,reststop General+Note+3 @ 2025HTSRev27,NA
PE,United States-Peru Trade Promotion Agreement Implementation Act,2025_rev_27,reststop General+Note+3 @ 2025HTSRev27,NA
KR,United States-Korea Free Trade Agreement Implementation Act,2025_rev_27,reststop General+Note+3 @ 2025HTSRev27,NA
CO,United States-Colombia Trade Promotion Agreement Implementation Act,2025_rev_27,reststop General+Note+3 @ 2025HTSRev27,NA
PA,United States-Panama Trade Promotion Agreement Implementation Act,2025_rev_27,reststop General+Note+3 @ 2025HTSRev27,NA
NP,Nepal Preference Program,2025_rev_27,reststop General+Note+3 @ 2025HTSRev27,NA
S,United States-Mexico-Canada Agreement,2025_rev_27,reststop General+Note+3 @ 2025HTSRev27,NA
S+,United States-Mexico-Canada Agreement,2025_rev_27,reststop General+Note+3 @ 2025HTSRev27,NA
A,Generalized System of Preferences,2025_rev_28,reststop General+Note+3 @ 2025HTSRev28,NA
A*,Generalized System of Preferences,2025_rev_28,reststop General+Note+3 @ 2025HTSRev28,NA
A+,Generalized System of Preferences,2025_rev_28,reststop General+Note+3 @ 2025HTSRev28,NA
AU,United States-Australia Free Trade Agreement,2025_rev_28,reststop General+Note+3 @ 2025HTSRev28,NA
B,Automotive Products Trade Act,2025_rev_28,reststop General+Note+3 @ 2025HTSRev28,NA
BH,United States-Bahrain Free Trade Agreement Implementation Act,2025_rev_28,reststop General+Note+3 @ 2025HTSRev28,NA
C,Agreement on Trade in Civil Aircraft,2025_rev_28,reststop General+Note+3 @ 2025HTSRev28,NA
CL,United States-Chile Free Trade Agreement,2025_rev_28,reststop General+Note+3 @ 2025HTSRev28,NA
D,African Growth and Opportunity Act,2025_rev_28,reststop General+Note+3 @ 2025HTSRev28,NA
E,Caribbean Basin Economic Recovery Act,2025_rev_28,reststop General+Note+3 @ 2025HTSRev28,NA
E*,Caribbean Basin Economic Recovery Act,2025_rev_28,reststop General+Note+3 @ 2025HTSRev28,NA
IL,United States-Israel Free Trade Area,2025_rev_28,reststop General+Note+3 @ 2025HTSRev28,NA
JO,United States-Jordan Free Trade Area Implementation Act,2025_rev_28,reststop General+Note+3 @ 2025HTSRev28,NA
JP,Trade Agreement Between the United States and Japan,2025_rev_28,reststop General+Note+3 @ 2025HTSRev28,NA
K,Agreement on Trade in Pharmaceutical Products,2025_rev_28,reststop General+Note+3 @ 2025HTSRev28,NA
P,Dominican Republic-Central America-United States Free Trade Agreement Implementation Act,2025_rev_28,reststop General+Note+3 @ 2025HTSRev28,NA
P+,Dominican Republic-Central America-United States Free Trade Agreement Implementation Act,2025_rev_28,reststop General+Note+3 @ 2025HTSRev28,NA
L,Uruguay Round Concessions on Intermediate Chemicals for Dyes,2025_rev_28,reststop General+Note+3 @ 2025HTSRev28,NA
R,United States-Caribbean Basin Trade Partnership Act,2025_rev_28,reststop General+Note+3 @ 2025HTSRev28,NA
MA,United States-Morocco Free Trade Agreement Implementation Act,2025_rev_28,reststop General+Note+3 @ 2025HTSRev28,NA
SG,United States-Singapore Free Trade Agreement,2025_rev_28,reststop General+Note+3 @ 2025HTSRev28,NA
OM,United States-Oman Free Trade Agreement Implementation Act,2025_rev_28,reststop General+Note+3 @ 2025HTSRev28,NA
PE,United States-Peru Trade Promotion Agreement Implementation Act,2025_rev_28,reststop General+Note+3 @ 2025HTSRev28,NA
KR,United States-Korea Free Trade Agreement Implementation Act,2025_rev_28,reststop General+Note+3 @ 2025HTSRev28,NA
CO,United States-Colombia Trade Promotion Agreement Implementation Act,2025_rev_28,reststop General+Note+3 @ 2025HTSRev28,NA
PA,United States-Panama Trade Promotion Agreement Implementation Act,2025_rev_28,reststop General+Note+3 @ 2025HTSRev28,NA
NP,Nepal Preference Program,2025_rev_28,reststop General+Note+3 @ 2025HTSRev28,NA
S,United States-Mexico-Canada Agreement,2025_rev_28,reststop General+Note+3 @ 2025HTSRev28,NA
S+,United States-Mexico-Canada Agreement,2025_rev_28,reststop General+Note+3 @ 2025HTSRev28,NA
A,Generalized System of Preferences,2025_rev_29,reststop General+Note+3 @ 2025HTSRev29,NA
A*,Generalized System of Preferences,2025_rev_29,reststop General+Note+3 @ 2025HTSRev29,NA
A+,Generalized System of Preferences,2025_rev_29,reststop General+Note+3 @ 2025HTSRev29,NA
AU,United States-Australia Free Trade Agreement,2025_rev_29,reststop General+Note+3 @ 2025HTSRev29,NA
B,Automotive Products Trade Act,2025_rev_29,reststop General+Note+3 @ 2025HTSRev29,NA
BH,United States-Bahrain Free Trade Agreement Implementation Act,2025_rev_29,reststop General+Note+3 @ 2025HTSRev29,NA
C,Agreement on Trade in Civil Aircraft,2025_rev_29,reststop General+Note+3 @ 2025HTSRev29,NA
CL,United States-Chile Free Trade Agreement,2025_rev_29,reststop General+Note+3 @ 2025HTSRev29,NA
D,African Growth and Opportunity Act,2025_rev_29,reststop General+Note+3 @ 2025HTSRev29,NA
E,Caribbean Basin Economic Recovery Act,2025_rev_29,reststop General+Note+3 @ 2025HTSRev29,NA
E*,Caribbean Basin Economic Recovery Act,2025_rev_29,reststop General+Note+3 @ 2025HTSRev29,NA
IL,United States-Israel Free Trade Area,2025_rev_29,reststop General+Note+3 @ 2025HTSRev29,NA
JO,United States-Jordan Free Trade Area Implementation Act,2025_rev_29,reststop General+Note+3 @ 2025HTSRev29,NA
JP,Trade Agreement Between the United States and Japan,2025_rev_29,reststop General+Note+3 @ 2025HTSRev29,NA
K,Agreement on Trade in Pharmaceutical Products,2025_rev_29,reststop General+Note+3 @ 2025HTSRev29,NA
P,Dominican Republic-Central America-United States Free Trade Agreement Implementation Act,2025_rev_29,reststop General+Note+3 @ 2025HTSRev29,NA
P+,Dominican Republic-Central America-United States Free Trade Agreement Implementation Act,2025_rev_29,reststop General+Note+3 @ 2025HTSRev29,NA
L,Uruguay Round Concessions on Intermediate Chemicals for Dyes,2025_rev_29,reststop General+Note+3 @ 2025HTSRev29,NA
R,United States-Caribbean Basin Trade Partnership Act,2025_rev_29,reststop General+Note+3 @ 2025HTSRev29,NA
MA,United States-Morocco Free Trade Agreement Implementation Act,2025_rev_29,reststop General+Note+3 @ 2025HTSRev29,NA
SG,United States-Singapore Free Trade Agreement,2025_rev_29,reststop General+Note+3 @ 2025HTSRev29,NA
OM,United States-Oman Free Trade Agreement Implementation Act,2025_rev_29,reststop General+Note+3 @ 2025HTSRev29,NA
PE,United States-Peru Trade Promotion Agreement Implementation Act,2025_rev_29,reststop General+Note+3 @ 2025HTSRev29,NA
KR,United States-Korea Free Trade Agreement Implementation Act,2025_rev_29,reststop General+Note+3 @ 2025HTSRev29,NA
CO,United States-Colombia Trade Promotion Agreement Implementation Act,2025_rev_29,reststop General+Note+3 @ 2025HTSRev29,NA
PA,United States-Panama Trade Promotion Agreement Implementation Act,2025_rev_29,reststop General+Note+3 @ 2025HTSRev29,NA
NP,Nepal Preference Program,2025_rev_29,reststop General+Note+3 @ 2025HTSRev29,NA
S,United States-Mexico-Canada Agreement,2025_rev_29,reststop General+Note+3 @ 2025HTSRev29,NA
S+,United States-Mexico-Canada Agreement,2025_rev_29,reststop General+Note+3 @ 2025HTSRev29,NA
A,Generalized System of Preferences,2025_rev_30,reststop General+Note+3 @ 2025HTSRev30,NA
A*,Generalized System of Preferences,2025_rev_30,reststop General+Note+3 @ 2025HTSRev30,NA
A+,Generalized System of Preferences,2025_rev_30,reststop General+Note+3 @ 2025HTSRev30,NA
AU,United States-Australia Free Trade Agreement,2025_rev_30,reststop General+Note+3 @ 2025HTSRev30,NA
B,Automotive Products Trade Act,2025_rev_30,reststop General+Note+3 @ 2025HTSRev30,NA
BH,United States-Bahrain Free Trade Agreement Implementation Act,2025_rev_30,reststop General+Note+3 @ 2025HTSRev30,NA
C,Agreement on Trade in Civil Aircraft,2025_rev_30,reststop General+Note+3 @ 2025HTSRev30,NA
CL,United States-Chile Free Trade Agreement,2025_rev_30,reststop General+Note+3 @ 2025HTSRev30,NA
D,African Growth and Opportunity Act,2025_rev_30,reststop General+Note+3 @ 2025HTSRev30,NA
E,Caribbean Basin Economic Recovery Act,2025_rev_30,reststop General+Note+3 @ 2025HTSRev30,NA
E*,Caribbean Basin Economic Recovery Act,2025_rev_30,reststop General+Note+3 @ 2025HTSRev30,NA
IL,United States-Israel Free Trade Area,2025_rev_30,reststop General+Note+3 @ 2025HTSRev30,NA
JO,United States-Jordan Free Trade Area Implementation Act,2025_rev_30,reststop General+Note+3 @ 2025HTSRev30,NA
JP,Trade Agreement Between the United States and Japan,2025_rev_30,reststop General+Note+3 @ 2025HTSRev30,NA
K,Agreement on Trade in Pharmaceutical Products,2025_rev_30,reststop General+Note+3 @ 2025HTSRev30,NA
P,Dominican Republic-Central America-United States Free Trade Agreement Implementation Act,2025_rev_30,reststop General+Note+3 @ 2025HTSRev30,NA
P+,Dominican Republic-Central America-United States Free Trade Agreement Implementation Act,2025_rev_30,reststop General+Note+3 @ 2025HTSRev30,NA
L,Uruguay Round Concessions on Intermediate Chemicals for Dyes,2025_rev_30,reststop General+Note+3 @ 2025HTSRev30,NA
R,United States-Caribbean Basin Trade Partnership Act,2025_rev_30,reststop General+Note+3 @ 2025HTSRev30,NA
MA,United States-Morocco Free Trade Agreement Implementation Act,2025_rev_30,reststop General+Note+3 @ 2025HTSRev30,NA
SG,United States-Singapore Free Trade Agreement,2025_rev_30,reststop General+Note+3 @ 2025HTSRev30,NA
OM,United States-Oman Free Trade Agreement Implementation Act,2025_rev_30,reststop General+Note+3 @ 2025HTSRev30,NA
PE,United States-Peru Trade Promotion Agreement Implementation Act,2025_rev_30,reststop General+Note+3 @ 2025HTSRev30,NA
KR,United States-Korea Free Trade Agreement Implementation Act,2025_rev_30,reststop General+Note+3 @ 2025HTSRev30,NA
CO,United States-Colombia Trade Promotion Agreement Implementation Act,2025_rev_30,reststop General+Note+3 @ 2025HTSRev30,NA
PA,United States-Panama Trade Promotion Agreement Implementation Act,2025_rev_30,reststop General+Note+3 @ 2025HTSRev30,NA
NP,Nepal Preference Program,2025_rev_30,reststop General+Note+3 @ 2025HTSRev30,NA
S,United States-Mexico-Canada Agreement,2025_rev_30,reststop General+Note+3 @ 2025HTSRev30,NA
S+,United States-Mexico-Canada Agreement,2025_rev_30,reststop General+Note+3 @ 2025HTSRev30,NA
A,Generalized System of Preferences,2025_rev_31,reststop General+Note+3 @ 2025HTSRev31,NA
A*,Generalized System of Preferences,2025_rev_31,reststop General+Note+3 @ 2025HTSRev31,NA
A+,Generalized System of Preferences,2025_rev_31,reststop General+Note+3 @ 2025HTSRev31,NA
AU,United States-Australia Free Trade Agreement,2025_rev_31,reststop General+Note+3 @ 2025HTSRev31,NA
B,Automotive Products Trade Act,2025_rev_31,reststop General+Note+3 @ 2025HTSRev31,NA
BH,United States-Bahrain Free Trade Agreement Implementation Act,2025_rev_31,reststop General+Note+3 @ 2025HTSRev31,NA
C,Agreement on Trade in Civil Aircraft,2025_rev_31,reststop General+Note+3 @ 2025HTSRev31,NA
CL,United States-Chile Free Trade Agreement,2025_rev_31,reststop General+Note+3 @ 2025HTSRev31,NA
D,African Growth and Opportunity Act,2025_rev_31,reststop General+Note+3 @ 2025HTSRev31,NA
E,Caribbean Basin Economic Recovery Act,2025_rev_31,reststop General+Note+3 @ 2025HTSRev31,NA
E*,Caribbean Basin Economic Recovery Act,2025_rev_31,reststop General+Note+3 @ 2025HTSRev31,NA
IL,United States-Israel Free Trade Area,2025_rev_31,reststop General+Note+3 @ 2025HTSRev31,NA
JO,United States-Jordan Free Trade Area Implementation Act,2025_rev_31,reststop General+Note+3 @ 2025HTSRev31,NA
JP,Trade Agreement Between the United States and Japan,2025_rev_31,reststop General+Note+3 @ 2025HTSRev31,NA
K,Agreement on Trade in Pharmaceutical Products,2025_rev_31,reststop General+Note+3 @ 2025HTSRev31,NA
P,Dominican Republic-Central America-United States Free Trade Agreement Implementation Act,2025_rev_31,reststop General+Note+3 @ 2025HTSRev31,NA
P+,Dominican Republic-Central America-United States Free Trade Agreement Implementation Act,2025_rev_31,reststop General+Note+3 @ 2025HTSRev31,NA
L,Uruguay Round Concessions on Intermediate Chemicals for Dyes,2025_rev_31,reststop General+Note+3 @ 2025HTSRev31,NA
R,United States-Caribbean Basin Trade Partnership Act,2025_rev_31,reststop General+Note+3 @ 2025HTSRev31,NA
MA,United States-Morocco Free Trade Agreement Implementation Act,2025_rev_31,reststop General+Note+3 @ 2025HTSRev31,NA
SG,United States-Singapore Free Trade Agreement,2025_rev_31,reststop General+Note+3 @ 2025HTSRev31,NA
OM,United States-Oman Free Trade Agreement Implementation Act,2025_rev_31,reststop General+Note+3 @ 2025HTSRev31,NA
PE,United States-Peru Trade Promotion Agreement Implementation Act,2025_rev_31,reststop General+Note+3 @ 2025HTSRev31,NA
KR,United States-Korea Free Trade Agreement Implementation Act,2025_rev_31,reststop General+Note+3 @ 2025HTSRev31,NA
CO,United States-Colombia Trade Promotion Agreement Implementation Act,2025_rev_31,reststop General+Note+3 @ 2025HTSRev31,NA
PA,United States-Panama Trade Promotion Agreement Implementation Act,2025_rev_31,reststop General+Note+3 @ 2025HTSRev31,NA
NP,Nepal Preference Program,2025_rev_31,reststop General+Note+3 @ 2025HTSRev31,NA
S,United States-Mexico-Canada Agreement,2025_rev_31,reststop General+Note+3 @ 2025HTSRev31,NA
S+,United States-Mexico-Canada Agreement,2025_rev_31,reststop General+Note+3 @ 2025HTSRev31,NA
A,Generalized System of Preferences,2025_rev_32,reststop General+Note+3 @ 2025HTSRev32,NA
A*,Generalized System of Preferences,2025_rev_32,reststop General+Note+3 @ 2025HTSRev32,NA
A+,Generalized System of Preferences,2025_rev_32,reststop General+Note+3 @ 2025HTSRev32,NA
AU,United States-Australia Free Trade Agreement,2025_rev_32,reststop General+Note+3 @ 2025HTSRev32,NA
B,Automotive Products Trade Act,2025_rev_32,reststop General+Note+3 @ 2025HTSRev32,NA
BH,United States-Bahrain Free Trade Agreement Implementation Act,2025_rev_32,reststop General+Note+3 @ 2025HTSRev32,NA
C,Agreement on Trade in Civil Aircraft,2025_rev_32,reststop General+Note+3 @ 2025HTSRev32,NA
CL,United States-Chile Free Trade Agreement,2025_rev_32,reststop General+Note+3 @ 2025HTSRev32,NA
D,African Growth and Opportunity Act,2025_rev_32,reststop General+Note+3 @ 2025HTSRev32,NA
E,Caribbean Basin Economic Recovery Act,2025_rev_32,reststop General+Note+3 @ 2025HTSRev32,NA
E*,Caribbean Basin Economic Recovery Act,2025_rev_32,reststop General+Note+3 @ 2025HTSRev32,NA
IL,United States-Israel Free Trade Area,2025_rev_32,reststop General+Note+3 @ 2025HTSRev32,NA
JO,United States-Jordan Free Trade Area Implementation Act,2025_rev_32,reststop General+Note+3 @ 2025HTSRev32,NA
JP,Trade Agreement Between the United States and Japan,2025_rev_32,reststop General+Note+3 @ 2025HTSRev32,NA
K,Agreement on Trade in Pharmaceutical Products,2025_rev_32,reststop General+Note+3 @ 2025HTSRev32,NA
P,Dominican Republic-Central America-United States Free Trade Agreement Implementation Act,2025_rev_32,reststop General+Note+3 @ 2025HTSRev32,NA
P+,Dominican Republic-Central America-United States Free Trade Agreement Implementation Act,2025_rev_32,reststop General+Note+3 @ 2025HTSRev32,NA
L,Uruguay Round Concessions on Intermediate Chemicals for Dyes,2025_rev_32,reststop General+Note+3 @ 2025HTSRev32,NA
R,United States-Caribbean Basin Trade Partnership Act,2025_rev_32,reststop General+Note+3 @ 2025HTSRev32,NA
MA,United States-Morocco Free Trade Agreement Implementation Act,2025_rev_32,reststop General+Note+3 @ 2025HTSRev32,NA
SG,United States-Singapore Free Trade Agreement,2025_rev_32,reststop General+Note+3 @ 2025HTSRev32,NA
OM,United States-Oman Free Trade Agreement Implementation Act,2025_rev_32,reststop General+Note+3 @ 2025HTSRev32,NA
PE,United States-Peru Trade Promotion Agreement Implementation Act,2025_rev_32,reststop General+Note+3 @ 2025HTSRev32,NA
KR,United States-Korea Free Trade Agreement Implementation Act,2025_rev_32,reststop General+Note+3 @ 2025HTSRev32,NA
CO,United States-Colombia Trade Promotion Agreement Implementation Act,2025_rev_32,reststop General+Note+3 @ 2025HTSRev32,NA
PA,United States-Panama Trade Promotion Agreement Implementation Act,2025_rev_32,reststop General+Note+3 @ 2025HTSRev32,NA
NP,Nepal Preference Program,2025_rev_32,reststop General+Note+3 @ 2025HTSRev32,NA
S,United States-Mexico-Canada Agreement,2025_rev_32,reststop General+Note+3 @ 2025HTSRev32,NA
S+,United States-Mexico-Canada Agreement,2025_rev_32,reststop General+Note+3 @ 2025HTSRev32,NA
A,Generalized System of Preferences,2026_basic,reststop General+Note+3 @ 2026HTSBasic,NA
A*,Generalized System of Preferences,2026_basic,reststop General+Note+3 @ 2026HTSBasic,NA
A+,Generalized System of Preferences,2026_basic,reststop General+Note+3 @ 2026HTSBasic,NA
AU,United States-Australia Free Trade Agreement,2026_basic,reststop General+Note+3 @ 2026HTSBasic,NA
B,Automotive Products Trade Act,2026_basic,reststop General+Note+3 @ 2026HTSBasic,NA
BH,United States-Bahrain Free Trade Agreement Implementation Act,2026_basic,reststop General+Note+3 @ 2026HTSBasic,NA
C,Agreement on Trade in Civil Aircraft,2026_basic,reststop General+Note+3 @ 2026HTSBasic,NA
CL,United States-Chile Free Trade Agreement,2026_basic,reststop General+Note+3 @ 2026HTSBasic,NA
D,African Growth and Opportunity Act,2026_basic,reststop General+Note+3 @ 2026HTSBasic,NA
E,Caribbean Basin Economic Recovery Act,2026_basic,reststop General+Note+3 @ 2026HTSBasic,NA
E*,Caribbean Basin Economic Recovery Act,2026_basic,reststop General+Note+3 @ 2026HTSBasic,NA
IL,United States-Israel Free Trade Area,2026_basic,reststop General+Note+3 @ 2026HTSBasic,NA
JO,United States-Jordan Free Trade Area Implementation Act,2026_basic,reststop General+Note+3 @ 2026HTSBasic,NA
JP,Trade Agreement Between the United States and Japan,2026_basic,reststop General+Note+3 @ 2026HTSBasic,NA
K,Agreement on Trade in Pharmaceutical Products,2026_basic,reststop General+Note+3 @ 2026HTSBasic,NA
P,Dominican Republic-Central America-United States Free Trade Agreement Implementation Act,2026_basic,reststop General+Note+3 @ 2026HTSBasic,NA
P+,Dominican Republic-Central America-United States Free Trade Agreement Implementation Act,2026_basic,reststop General+Note+3 @ 2026HTSBasic,NA
L,Uruguay Round Concessions on Intermediate Chemicals for Dyes,2026_basic,reststop General+Note+3 @ 2026HTSBasic,NA
R,United States-Caribbean Basin Trade Partnership Act,2026_basic,reststop General+Note+3 @ 2026HTSBasic,NA
MA,United States-Morocco Free Trade Agreement Implementation Act,2026_basic,reststop General+Note+3 @ 2026HTSBasic,NA
SG,United States-Singapore Free Trade Agreement,2026_basic,reststop General+Note+3 @ 2026HTSBasic,NA
OM,United States-Oman Free Trade Agreement Implementation Act,2026_basic,reststop General+Note+3 @ 2026HTSBasic,NA
PE,United States-Peru Trade Promotion Agreement Implementation Act,2026_basic,reststop General+Note+3 @ 2026HTSBasic,NA
KR,United States-Korea Free Trade Agreement Implementation Act,2026_basic,reststop General+Note+3 @ 2026HTSBasic,NA
CO,United States-Colombia Trade Promotion Agreement Implementation Act,2026_basic,reststop General+Note+3 @ 2026HTSBasic,NA
PA,United States-Panama Trade Promotion Agreement Implementation Act,2026_basic,reststop General+Note+3 @ 2026HTSBasic,NA
NP,Nepal Preference Program,2026_basic,reststop General+Note+3 @ 2026HTSBasic,NA
S,United States-Mexico-Canada Agreement,2026_basic,reststop General+Note+3 @ 2026HTSBasic,NA
S+,United States-Mexico-Canada Agreement,2026_basic,reststop General+Note+3 @ 2026HTSBasic,NA
A,Generalized System of Preferences,2026_rev_1,reststop General+Note+3 @ 2026HTSRev1,NA
A*,Generalized System of Preferences,2026_rev_1,reststop General+Note+3 @ 2026HTSRev1,NA
A+,Generalized System of Preferences,2026_rev_1,reststop General+Note+3 @ 2026HTSRev1,NA
AU,United States-Australia Free Trade Agreement,2026_rev_1,reststop General+Note+3 @ 2026HTSRev1,NA
B,Automotive Products Trade Act,2026_rev_1,reststop General+Note+3 @ 2026HTSRev1,NA
BH,United States-Bahrain Free Trade Agreement Implementation Act,2026_rev_1,reststop General+Note+3 @ 2026HTSRev1,NA
C,Agreement on Trade in Civil Aircraft,2026_rev_1,reststop General+Note+3 @ 2026HTSRev1,NA
CL,United States-Chile Free Trade Agreement,2026_rev_1,reststop General+Note+3 @ 2026HTSRev1,NA
D,African Growth and Opportunity Act,2026_rev_1,reststop General+Note+3 @ 2026HTSRev1,NA
E,Caribbean Basin Economic Recovery Act,2026_rev_1,reststop General+Note+3 @ 2026HTSRev1,NA
E*,Caribbean Basin Economic Recovery Act,2026_rev_1,reststop General+Note+3 @ 2026HTSRev1,NA
IL,United States-Israel Free Trade Area,2026_rev_1,reststop General+Note+3 @ 2026HTSRev1,NA
JO,United States-Jordan Free Trade Area Implementation Act,2026_rev_1,reststop General+Note+3 @ 2026HTSRev1,NA
JP,Trade Agreement Between the United States and Japan,2026_rev_1,reststop General+Note+3 @ 2026HTSRev1,NA
K,Agreement on Trade in Pharmaceutical Products,2026_rev_1,reststop General+Note+3 @ 2026HTSRev1,NA
P,Dominican Republic-Central America-United States Free Trade Agreement Implementation Act,2026_rev_1,reststop General+Note+3 @ 2026HTSRev1,NA
P+,Dominican Republic-Central America-United States Free Trade Agreement Implementation Act,2026_rev_1,reststop General+Note+3 @ 2026HTSRev1,NA
L,Uruguay Round Concessions on Intermediate Chemicals for Dyes,2026_rev_1,reststop General+Note+3 @ 2026HTSRev1,NA
R,United States-Caribbean Basin Trade Partnership Act,2026_rev_1,reststop General+Note+3 @ 2026HTSRev1,NA
MA,United States-Morocco Free Trade Agreement Implementation Act,2026_rev_1,reststop General+Note+3 @ 2026HTSRev1,NA
SG,United States-Singapore Free Trade Agreement,2026_rev_1,reststop General+Note+3 @ 2026HTSRev1,NA
OM,United States-Oman Free Trade Agreement Implementation Act,2026_rev_1,reststop General+Note+3 @ 2026HTSRev1,NA
PE,United States-Peru Trade Promotion Agreement Implementation Act,2026_rev_1,reststop General+Note+3 @ 2026HTSRev1,NA
KR,United States-Korea Free Trade Agreement Implementation Act,2026_rev_1,reststop General+Note+3 @ 2026HTSRev1,NA
CO,United States-Colombia Trade Promotion Agreement Implementation Act,2026_rev_1,reststop General+Note+3 @ 2026HTSRev1,NA
PA,United States-Panama Trade Promotion Agreement Implementation Act,2026_rev_1,reststop General+Note+3 @ 2026HTSRev1,NA
NP,Nepal Preference Program,2026_rev_1,reststop General+Note+3 @ 2026HTSRev1,NA
S,United States-Mexico-Canada Agreement,2026_rev_1,reststop General+Note+3 @ 2026HTSRev1,NA
S+,United States-Mexico-Canada Agreement,2026_rev_1,reststop General+Note+3 @ 2026HTSRev1,NA
A,Generalized System of Preferences,2026_rev_2,reststop General+Note+3 @ 2026HTSRev2,NA
A*,Generalized System of Preferences,2026_rev_2,reststop General+Note+3 @ 2026HTSRev2,NA
A+,Generalized System of Preferences,2026_rev_2,reststop General+Note+3 @ 2026HTSRev2,NA
AU,United States-Australia Free Trade Agreement,2026_rev_2,reststop General+Note+3 @ 2026HTSRev2,NA
B,Automotive Products Trade Act,2026_rev_2,reststop General+Note+3 @ 2026HTSRev2,NA
BH,United States-Bahrain Free Trade Agreement Implementation Act,2026_rev_2,reststop General+Note+3 @ 2026HTSRev2,NA
C,Agreement on Trade in Civil Aircraft,2026_rev_2,reststop General+Note+3 @ 2026HTSRev2,NA
CL,United States-Chile Free Trade Agreement,2026_rev_2,reststop General+Note+3 @ 2026HTSRev2,NA
D,African Growth and Opportunity Act,2026_rev_2,reststop General+Note+3 @ 2026HTSRev2,NA
E,Caribbean Basin Economic Recovery Act,2026_rev_2,reststop General+Note+3 @ 2026HTSRev2,NA
E*,Caribbean Basin Economic Recovery Act,2026_rev_2,reststop General+Note+3 @ 2026HTSRev2,NA
IL,United States-Israel Free Trade Area,2026_rev_2,reststop General+Note+3 @ 2026HTSRev2,NA
JO,United States-Jordan Free Trade Area Implementation Act,2026_rev_2,reststop General+Note+3 @ 2026HTSRev2,NA
JP,Trade Agreement Between the United States and Japan,2026_rev_2,reststop General+Note+3 @ 2026HTSRev2,NA
K,Agreement on Trade in Pharmaceutical Products,2026_rev_2,reststop General+Note+3 @ 2026HTSRev2,NA
P,Dominican Republic-Central America-United States Free Trade Agreement Implementation Act,2026_rev_2,reststop General+Note+3 @ 2026HTSRev2,NA
P+,Dominican Republic-Central America-United States Free Trade Agreement Implementation Act,2026_rev_2,reststop General+Note+3 @ 2026HTSRev2,NA
L,Uruguay Round Concessions on Intermediate Chemicals for Dyes,2026_rev_2,reststop General+Note+3 @ 2026HTSRev2,NA
R,United States-Caribbean Basin Trade Partnership Act,2026_rev_2,reststop General+Note+3 @ 2026HTSRev2,NA
MA,United States-Morocco Free Trade Agreement Implementation Act,2026_rev_2,reststop General+Note+3 @ 2026HTSRev2,NA
SG,United States-Singapore Free Trade Agreement,2026_rev_2,reststop General+Note+3 @ 2026HTSRev2,NA
OM,United States-Oman Free Trade Agreement Implementation Act,2026_rev_2,reststop General+Note+3 @ 2026HTSRev2,NA
PE,United States-Peru Trade Promotion Agreement Implementation Act,2026_rev_2,reststop General+Note+3 @ 2026HTSRev2,NA
KR,United States-Korea Free Trade Agreement Implementation Act,2026_rev_2,reststop General+Note+3 @ 2026HTSRev2,NA
CO,United States-Colombia Trade Promotion Agreement Implementation Act,2026_rev_2,reststop General+Note+3 @ 2026HTSRev2,NA
PA,United States-Panama Trade Promotion Agreement Implementation Act,2026_rev_2,reststop General+Note+3 @ 2026HTSRev2,NA
NP,Nepal Preference Program,2026_rev_2,reststop General+Note+3 @ 2026HTSRev2,NA
S,United States-Mexico-Canada Agreement,2026_rev_2,reststop General+Note+3 @ 2026HTSRev2,NA
S+,United States-Mexico-Canada Agreement,2026_rev_2,reststop General+Note+3 @ 2026HTSRev2,NA
A,Generalized System of Preferences,2026_rev_3,reststop General+Note+3 @ 2026HTSRev3,NA
A*,Generalized System of Preferences,2026_rev_3,reststop General+Note+3 @ 2026HTSRev3,NA
A+,Generalized System of Preferences,2026_rev_3,reststop General+Note+3 @ 2026HTSRev3,NA
AU,United States-Australia Free Trade Agreement,2026_rev_3,reststop General+Note+3 @ 2026HTSRev3,NA
B,Automotive Products Trade Act,2026_rev_3,reststop General+Note+3 @ 2026HTSRev3,NA
BH,United States-Bahrain Free Trade Agreement Implementation Act,2026_rev_3,reststop General+Note+3 @ 2026HTSRev3,NA
C,Agreement on Trade in Civil Aircraft,2026_rev_3,reststop General+Note+3 @ 2026HTSRev3,NA
CL,United States-Chile Free Trade Agreement,2026_rev_3,reststop General+Note+3 @ 2026HTSRev3,NA
D,African Growth and Opportunity Act,2026_rev_3,reststop General+Note+3 @ 2026HTSRev3,NA
E,Caribbean Basin Economic Recovery Act,2026_rev_3,reststop General+Note+3 @ 2026HTSRev3,NA
E*,Caribbean Basin Economic Recovery Act,2026_rev_3,reststop General+Note+3 @ 2026HTSRev3,NA
IL,United States-Israel Free Trade Area,2026_rev_3,reststop General+Note+3 @ 2026HTSRev3,NA
JO,United States-Jordan Free Trade Area Implementation Act,2026_rev_3,reststop General+Note+3 @ 2026HTSRev3,NA
JP,Trade Agreement Between the United States and Japan,2026_rev_3,reststop General+Note+3 @ 2026HTSRev3,NA
K,Agreement on Trade in Pharmaceutical Products,2026_rev_3,reststop General+Note+3 @ 2026HTSRev3,NA
P,Dominican Republic-Central America-United States Free Trade Agreement Implementation Act,2026_rev_3,reststop General+Note+3 @ 2026HTSRev3,NA
P+,Dominican Republic-Central America-United States Free Trade Agreement Implementation Act,2026_rev_3,reststop General+Note+3 @ 2026HTSRev3,NA
L,Uruguay Round Concessions on Intermediate Chemicals for Dyes,2026_rev_3,reststop General+Note+3 @ 2026HTSRev3,NA
R,United States-Caribbean Basin Trade Partnership Act,2026_rev_3,reststop General+Note+3 @ 2026HTSRev3,NA
MA,United States-Morocco Free Trade Agreement Implementation Act,2026_rev_3,reststop General+Note+3 @ 2026HTSRev3,NA
SG,United States-Singapore Free Trade Agreement,2026_rev_3,reststop General+Note+3 @ 2026HTSRev3,NA
OM,United States-Oman Free Trade Agreement Implementation Act,2026_rev_3,reststop General+Note+3 @ 2026HTSRev3,NA
PE,United States-Peru Trade Promotion Agreement Implementation Act,2026_rev_3,reststop General+Note+3 @ 2026HTSRev3,NA
KR,United States-Korea Free Trade Agreement Implementation Act,2026_rev_3,reststop General+Note+3 @ 2026HTSRev3,NA
CO,United States-Colombia Trade Promotion Agreement Implementation Act,2026_rev_3,reststop General+Note+3 @ 2026HTSRev3,NA
PA,United States-Panama Trade Promotion Agreement Implementation Act,2026_rev_3,reststop General+Note+3 @ 2026HTSRev3,NA
NP,Nepal Preference Program,2026_rev_3,reststop General+Note+3 @ 2026HTSRev3,NA
S,United States-Mexico-Canada Agreement,2026_rev_3,reststop General+Note+3 @ 2026HTSRev3,NA
S+,United States-Mexico-Canada Agreement,2026_rev_3,reststop General+Note+3 @ 2026HTSRev3,NA
A,Generalized System of Preferences,2026_rev_4,reststop General+Note+3 @ 2026HTSRev4,NA
A*,Generalized System of Preferences,2026_rev_4,reststop General+Note+3 @ 2026HTSRev4,NA
A+,Generalized System of Preferences,2026_rev_4,reststop General+Note+3 @ 2026HTSRev4,NA
AU,United States-Australia Free Trade Agreement,2026_rev_4,reststop General+Note+3 @ 2026HTSRev4,NA
B,Automotive Products Trade Act,2026_rev_4,reststop General+Note+3 @ 2026HTSRev4,NA
BH,United States-Bahrain Free Trade Agreement Implementation Act,2026_rev_4,reststop General+Note+3 @ 2026HTSRev4,NA
C,Agreement on Trade in Civil Aircraft,2026_rev_4,reststop General+Note+3 @ 2026HTSRev4,NA
CL,United States-Chile Free Trade Agreement,2026_rev_4,reststop General+Note+3 @ 2026HTSRev4,NA
D,African Growth and Opportunity Act,2026_rev_4,reststop General+Note+3 @ 2026HTSRev4,NA
E,Caribbean Basin Economic Recovery Act,2026_rev_4,reststop General+Note+3 @ 2026HTSRev4,NA
E*,Caribbean Basin Economic Recovery Act,2026_rev_4,reststop General+Note+3 @ 2026HTSRev4,NA
IL,United States-Israel Free Trade Area,2026_rev_4,reststop General+Note+3 @ 2026HTSRev4,NA
JO,United States-Jordan Free Trade Area Implementation Act,2026_rev_4,reststop General+Note+3 @ 2026HTSRev4,NA
JP,Trade Agreement Between the United States and Japan,2026_rev_4,reststop General+Note+3 @ 2026HTSRev4,NA
K,Agreement on Trade in Pharmaceutical Products,2026_rev_4,reststop General+Note+3 @ 2026HTSRev4,NA
P,Dominican Republic-Central America-United States Free Trade Agreement Implementation Act,2026_rev_4,reststop General+Note+3 @ 2026HTSRev4,NA
P+,Dominican Republic-Central America-United States Free Trade Agreement Implementation Act,2026_rev_4,reststop General+Note+3 @ 2026HTSRev4,NA
L,Uruguay Round Concessions on Intermediate Chemicals for Dyes,2026_rev_4,reststop General+Note+3 @ 2026HTSRev4,NA
R,United States-Caribbean Basin Trade Partnership Act,2026_rev_4,reststop General+Note+3 @ 2026HTSRev4,NA
MA,United States-Morocco Free Trade Agreement Implementation Act,2026_rev_4,reststop General+Note+3 @ 2026HTSRev4,NA
SG,United States-Singapore Free Trade Agreement,2026_rev_4,reststop General+Note+3 @ 2026HTSRev4,NA
OM,United States-Oman Free Trade Agreement Implementation Act,2026_rev_4,reststop General+Note+3 @ 2026HTSRev4,NA
PE,United States-Peru Trade Promotion Agreement Implementation Act,2026_rev_4,reststop General+Note+3 @ 2026HTSRev4,NA
KR,United States-Korea Free Trade Agreement Implementation Act,2026_rev_4,reststop General+Note+3 @ 2026HTSRev4,NA
CO,United States-Colombia Trade Promotion Agreement Implementation Act,2026_rev_4,reststop General+Note+3 @ 2026HTSRev4,NA
PA,United States-Panama Trade Promotion Agreement Implementation Act,2026_rev_4,reststop General+Note+3 @ 2026HTSRev4,NA
NP,Nepal Preference Program,2026_rev_4,reststop General+Note+3 @ 2026HTSRev4,NA
S,United States-Mexico-Canada Agreement,2026_rev_4,reststop General+Note+3 @ 2026HTSRev4,NA
S+,United States-Mexico-Canada Agreement,2026_rev_4,reststop General+Note+3 @ 2026HTSRev4,NA
A,Generalized System of Preferences,2026_rev_5,reststop General+Note+3 @ 2026HTSRev5,NA
A*,Generalized System of Preferences,2026_rev_5,reststop General+Note+3 @ 2026HTSRev5,NA
A+,Generalized System of Preferences,2026_rev_5,reststop General+Note+3 @ 2026HTSRev5,NA
AU,United States-Australia Free Trade Agreement,2026_rev_5,reststop General+Note+3 @ 2026HTSRev5,NA
B,Automotive Products Trade Act,2026_rev_5,reststop General+Note+3 @ 2026HTSRev5,NA
BH,United States-Bahrain Free Trade Agreement Implementation Act,2026_rev_5,reststop General+Note+3 @ 2026HTSRev5,NA
C,Agreement on Trade in Civil Aircraft,2026_rev_5,reststop General+Note+3 @ 2026HTSRev5,NA
CL,United States-Chile Free Trade Agreement,2026_rev_5,reststop General+Note+3 @ 2026HTSRev5,NA
D,African Growth and Opportunity Act,2026_rev_5,reststop General+Note+3 @ 2026HTSRev5,NA
E,Caribbean Basin Economic Recovery Act,2026_rev_5,reststop General+Note+3 @ 2026HTSRev5,NA
E*,Caribbean Basin Economic Recovery Act,2026_rev_5,reststop General+Note+3 @ 2026HTSRev5,NA
IL,United States-Israel Free Trade Area,2026_rev_5,reststop General+Note+3 @ 2026HTSRev5,NA
JO,United States-Jordan Free Trade Area Implementation Act,2026_rev_5,reststop General+Note+3 @ 2026HTSRev5,NA
JP,Trade Agreement Between the United States and Japan,2026_rev_5,reststop General+Note+3 @ 2026HTSRev5,NA
K,Agreement on Trade in Pharmaceutical Products,2026_rev_5,reststop General+Note+3 @ 2026HTSRev5,NA
P,Dominican Republic-Central America-United States Free Trade Agreement Implementation Act,2026_rev_5,reststop General+Note+3 @ 2026HTSRev5,NA
P+,Dominican Republic-Central America-United States Free Trade Agreement Implementation Act,2026_rev_5,reststop General+Note+3 @ 2026HTSRev5,NA
L,Uruguay Round Concessions on Intermediate Chemicals for Dyes,2026_rev_5,reststop General+Note+3 @ 2026HTSRev5,NA
R,United States-Caribbean Basin Trade Partnership Act,2026_rev_5,reststop General+Note+3 @ 2026HTSRev5,NA
MA,United States-Morocco Free Trade Agreement Implementation Act,2026_rev_5,reststop General+Note+3 @ 2026HTSRev5,NA
SG,United States-Singapore Free Trade Agreement,2026_rev_5,reststop General+Note+3 @ 2026HTSRev5,NA
OM,United States-Oman Free Trade Agreement Implementation Act,2026_rev_5,reststop General+Note+3 @ 2026HTSRev5,NA
PE,United States-Peru Trade Promotion Agreement Implementation Act,2026_rev_5,reststop General+Note+3 @ 2026HTSRev5,NA
KR,United States-Korea Free Trade Agreement Implementation Act,2026_rev_5,reststop General+Note+3 @ 2026HTSRev5,NA
CO,United States-Colombia Trade Promotion Agreement Implementation Act,2026_rev_5,reststop General+Note+3 @ 2026HTSRev5,NA
PA,United States-Panama Trade Promotion Agreement Implementation Act,2026_rev_5,reststop General+Note+3 @ 2026HTSRev5,NA
NP,Nepal Preference Program,2026_rev_5,reststop General+Note+3 @ 2026HTSRev5,NA
S,United States-Mexico-Canada Agreement,2026_rev_5,reststop General+Note+3 @ 2026HTSRev5,NA
S+,United States-Mexico-Canada Agreement,2026_rev_5,reststop General+Note+3 @ 2026HTSRev5,NA
A,Generalized System of Preferences,2026_rev_6,reststop General+Note+3 @ 2026HTSRev6,NA
A*,Generalized System of Preferences,2026_rev_6,reststop General+Note+3 @ 2026HTSRev6,NA
A+,Generalized System of Preferences,2026_rev_6,reststop General+Note+3 @ 2026HTSRev6,NA
AU,United States-Australia Free Trade Agreement,2026_rev_6,reststop General+Note+3 @ 2026HTSRev6,NA
B,Automotive Products Trade Act,2026_rev_6,reststop General+Note+3 @ 2026HTSRev6,NA
BH,United States-Bahrain Free Trade Agreement Implementation Act,2026_rev_6,reststop General+Note+3 @ 2026HTSRev6,NA
C,Agreement on Trade in Civil Aircraft,2026_rev_6,reststop General+Note+3 @ 2026HTSRev6,NA
CL,United States-Chile Free Trade Agreement,2026_rev_6,reststop General+Note+3 @ 2026HTSRev6,NA
D,African Growth and Opportunity Act,2026_rev_6,reststop General+Note+3 @ 2026HTSRev6,NA
E,Caribbean Basin Economic Recovery Act,2026_rev_6,reststop General+Note+3 @ 2026HTSRev6,NA
E*,Caribbean Basin Economic Recovery Act,2026_rev_6,reststop General+Note+3 @ 2026HTSRev6,NA
IL,United States-Israel Free Trade Area,2026_rev_6,reststop General+Note+3 @ 2026HTSRev6,NA
JO,United States-Jordan Free Trade Area Implementation Act,2026_rev_6,reststop General+Note+3 @ 2026HTSRev6,NA
JP,Trade Agreement Between the United States and Japan,2026_rev_6,reststop General+Note+3 @ 2026HTSRev6,NA
K,Agreement on Trade in Pharmaceutical Products,2026_rev_6,reststop General+Note+3 @ 2026HTSRev6,NA
P,Dominican Republic-Central America-United States Free Trade Agreement Implementation Act,2026_rev_6,reststop General+Note+3 @ 2026HTSRev6,NA
P+,Dominican Republic-Central America-United States Free Trade Agreement Implementation Act,2026_rev_6,reststop General+Note+3 @ 2026HTSRev6,NA
L,Uruguay Round Concessions on Intermediate Chemicals for Dyes,2026_rev_6,reststop General+Note+3 @ 2026HTSRev6,NA
R,United States-Caribbean Basin Trade Partnership Act,2026_rev_6,reststop General+Note+3 @ 2026HTSRev6,NA
MA,United States-Morocco Free Trade Agreement Implementation Act,2026_rev_6,reststop General+Note+3 @ 2026HTSRev6,NA
SG,United States-Singapore Free Trade Agreement,2026_rev_6,reststop General+Note+3 @ 2026HTSRev6,NA
OM,United States-Oman Free Trade Agreement Implementation Act,2026_rev_6,reststop General+Note+3 @ 2026HTSRev6,NA
PE,United States-Peru Trade Promotion Agreement Implementation Act,2026_rev_6,reststop General+Note+3 @ 2026HTSRev6,NA
KR,United States-Korea Free Trade Agreement Implementation Act,2026_rev_6,reststop General+Note+3 @ 2026HTSRev6,NA
CO,United States-Colombia Trade Promotion Agreement Implementation Act,2026_rev_6,reststop General+Note+3 @ 2026HTSRev6,NA
PA,United States-Panama Trade Promotion Agreement Implementation Act,2026_rev_6,reststop General+Note+3 @ 2026HTSRev6,NA
NP,Nepal Preference Program,2026_rev_6,reststop General+Note+3 @ 2026HTSRev6,NA
S,United States-Mexico-Canada Agreement,2026_rev_6,reststop General+Note+3 @ 2026HTSRev6,NA
S+,United States-Mexico-Canada Agreement,2026_rev_6,reststop General+Note+3 @ 2026HTSRev6,NA
A,Generalized System of Preferences,2026_rev_7,reststop General+Note+3 @ 2026HTSRev7,NA
A*,Generalized System of Preferences,2026_rev_7,reststop General+Note+3 @ 2026HTSRev7,NA
A+,Generalized System of Preferences,2026_rev_7,reststop General+Note+3 @ 2026HTSRev7,NA
AU,United States-Australia Free Trade Agreement,2026_rev_7,reststop General+Note+3 @ 2026HTSRev7,NA
B,Automotive Products Trade Act,2026_rev_7,reststop General+Note+3 @ 2026HTSRev7,NA
BH,United States-Bahrain Free Trade Agreement Implementation Act,2026_rev_7,reststop General+Note+3 @ 2026HTSRev7,NA
C,Agreement on Trade in Civil Aircraft,2026_rev_7,reststop General+Note+3 @ 2026HTSRev7,NA
CL,United States-Chile Free Trade Agreement,2026_rev_7,reststop General+Note+3 @ 2026HTSRev7,NA
D,African Growth and Opportunity Act,2026_rev_7,reststop General+Note+3 @ 2026HTSRev7,NA
E,Caribbean Basin Economic Recovery Act,2026_rev_7,reststop General+Note+3 @ 2026HTSRev7,NA
E*,Caribbean Basin Economic Recovery Act,2026_rev_7,reststop General+Note+3 @ 2026HTSRev7,NA
IL,United States-Israel Free Trade Area,2026_rev_7,reststop General+Note+3 @ 2026HTSRev7,NA
JO,United States-Jordan Free Trade Area Implementation Act,2026_rev_7,reststop General+Note+3 @ 2026HTSRev7,NA
JP,Trade Agreement Between the United States and Japan,2026_rev_7,reststop General+Note+3 @ 2026HTSRev7,NA
K,Agreement on Trade in Pharmaceutical Products,2026_rev_7,reststop General+Note+3 @ 2026HTSRev7,NA
P,Dominican Republic-Central America-United States Free Trade Agreement Implementation Act,2026_rev_7,reststop General+Note+3 @ 2026HTSRev7,NA
P+,Dominican Republic-Central America-United States Free Trade Agreement Implementation Act,2026_rev_7,reststop General+Note+3 @ 2026HTSRev7,NA
L,Uruguay Round Concessions on Intermediate Chemicals for Dyes,2026_rev_7,reststop General+Note+3 @ 2026HTSRev7,NA
R,United States-Caribbean Basin Trade Partnership Act,2026_rev_7,reststop General+Note+3 @ 2026HTSRev7,NA
MA,United States-Morocco Free Trade Agreement Implementation Act,2026_rev_7,reststop General+Note+3 @ 2026HTSRev7,NA
SG,United States-Singapore Free Trade Agreement,2026_rev_7,reststop General+Note+3 @ 2026HTSRev7,NA
OM,United States-Oman Free Trade Agreement Implementation Act,2026_rev_7,reststop General+Note+3 @ 2026HTSRev7,NA
PE,United States-Peru Trade Promotion Agreement Implementation Act,2026_rev_7,reststop General+Note+3 @ 2026HTSRev7,NA
KR,United States-Korea Free Trade Agreement Implementation Act,2026_rev_7,reststop General+Note+3 @ 2026HTSRev7,NA
CO,United States-Colombia Trade Promotion Agreement Implementation Act,2026_rev_7,reststop General+Note+3 @ 2026HTSRev7,NA
PA,United States-Panama Trade Promotion Agreement Implementation Act,2026_rev_7,reststop General+Note+3 @ 2026HTSRev7,NA
NP,Nepal Preference Program,2026_rev_7,reststop General+Note+3 @ 2026HTSRev7,NA
S,United States-Mexico-Canada Agreement,2026_rev_7,reststop General+Note+3 @ 2026HTSRev7,NA
S+,United States-Mexico-Canada Agreement,2026_rev_7,reststop General+Note+3 @ 2026HTSRev7,NA
A,Generalized System of Preferences,2026_rev_8,reststop General+Note+3 @ 2026HTSRev8,NA
A*,Generalized System of Preferences,2026_rev_8,reststop General+Note+3 @ 2026HTSRev8,NA
A+,Generalized System of Preferences,2026_rev_8,reststop General+Note+3 @ 2026HTSRev8,NA
AU,United States-Australia Free Trade Agreement,2026_rev_8,reststop General+Note+3 @ 2026HTSRev8,NA
B,Automotive Products Trade Act,2026_rev_8,reststop General+Note+3 @ 2026HTSRev8,NA
BH,United States-Bahrain Free Trade Agreement Implementation Act,2026_rev_8,reststop General+Note+3 @ 2026HTSRev8,NA
C,Agreement on Trade in Civil Aircraft,2026_rev_8,reststop General+Note+3 @ 2026HTSRev8,NA
CL,United States-Chile Free Trade Agreement,2026_rev_8,reststop General+Note+3 @ 2026HTSRev8,NA
D,African Growth and Opportunity Act,2026_rev_8,reststop General+Note+3 @ 2026HTSRev8,NA
E,Caribbean Basin Economic Recovery Act,2026_rev_8,reststop General+Note+3 @ 2026HTSRev8,NA
E*,Caribbean Basin Economic Recovery Act,2026_rev_8,reststop General+Note+3 @ 2026HTSRev8,NA
IL,United States-Israel Free Trade Area,2026_rev_8,reststop General+Note+3 @ 2026HTSRev8,NA
JO,United States-Jordan Free Trade Area Implementation Act,2026_rev_8,reststop General+Note+3 @ 2026HTSRev8,NA
JP,Trade Agreement Between the United States and Japan,2026_rev_8,reststop General+Note+3 @ 2026HTSRev8,NA
K,Agreement on Trade in Pharmaceutical Products,2026_rev_8,reststop General+Note+3 @ 2026HTSRev8,NA
P,Dominican Republic-Central America-United States Free Trade Agreement Implementation Act,2026_rev_8,reststop General+Note+3 @ 2026HTSRev8,NA
P+,Dominican Republic-Central America-United States Free Trade Agreement Implementation Act,2026_rev_8,reststop General+Note+3 @ 2026HTSRev8,NA
L,Uruguay Round Concessions on Intermediate Chemicals for Dyes,2026_rev_8,reststop General+Note+3 @ 2026HTSRev8,NA
R,United States-Caribbean Basin Trade Partnership Act,2026_rev_8,reststop General+Note+3 @ 2026HTSRev8,NA
MA,United States-Morocco Free Trade Agreement Implementation Act,2026_rev_8,reststop General+Note+3 @ 2026HTSRev8,NA
SG,United States-Singapore Free Trade Agreement,2026_rev_8,reststop General+Note+3 @ 2026HTSRev8,NA
OM,United States-Oman Free Trade Agreement Implementation Act,2026_rev_8,reststop General+Note+3 @ 2026HTSRev8,NA
PE,United States-Peru Trade Promotion Agreement Implementation Act,2026_rev_8,reststop General+Note+3 @ 2026HTSRev8,NA
KR,United States-Korea Free Trade Agreement Implementation Act,2026_rev_8,reststop General+Note+3 @ 2026HTSRev8,NA
CO,United States-Colombia Trade Promotion Agreement Implementation Act,2026_rev_8,reststop General+Note+3 @ 2026HTSRev8,NA
PA,United States-Panama Trade Promotion Agreement Implementation Act,2026_rev_8,reststop General+Note+3 @ 2026HTSRev8,NA
NP,Nepal Preference Program,2026_rev_8,reststop General+Note+3 @ 2026HTSRev8,NA
S,United States-Mexico-Canada Agreement,2026_rev_8,reststop General+Note+3 @ 2026HTSRev8,NA
S+,United States-Mexico-Canada Agreement,2026_rev_8,reststop General+Note+3 @ 2026HTSRev8,NA
A,Generalized System of Preferences,2019_basic,carried_forward_from 2026_rev_9,2026_rev_9
A*,Generalized System of Preferences,2019_basic,carried_forward_from 2026_rev_9,2026_rev_9
A+,Generalized System of Preferences,2019_basic,carried_forward_from 2026_rev_9,2026_rev_9
AU,United States-Australia Free Trade Agreement,2019_basic,carried_forward_from 2026_rev_9,2026_rev_9
B,Automotive Products Trade Act,2019_basic,carried_forward_from 2026_rev_9,2026_rev_9
BH,United States-Bahrain Free Trade Agreement Implementation Act,2019_basic,carried_forward_from 2026_rev_9,2026_rev_9
C,Agreement on Trade in Civil Aircraft,2019_basic,carried_forward_from 2026_rev_9,2026_rev_9
CL,United States-Chile Free Trade Agreement,2019_basic,carried_forward_from 2026_rev_9,2026_rev_9
D,African Growth and Opportunity Act,2019_basic,carried_forward_from 2026_rev_9,2026_rev_9
E,Caribbean Basin Economic Recovery Act,2019_basic,carried_forward_from 2026_rev_9,2026_rev_9
E*,Caribbean Basin Economic Recovery Act,2019_basic,carried_forward_from 2026_rev_9,2026_rev_9
IL,United States-Israel Free Trade Area,2019_basic,carried_forward_from 2026_rev_9,2026_rev_9
JO,United States-Jordan Free Trade Area Implementation Act,2019_basic,carried_forward_from 2026_rev_9,2026_rev_9
JP,Trade Agreement Between the United States and Japan,2019_basic,carried_forward_from 2026_rev_9,2026_rev_9
K,Agreement on Trade in Pharmaceutical Products,2019_basic,carried_forward_from 2026_rev_9,2026_rev_9
P,Dominican Republic-Central America-United States Free Trade Agreement Implementation Act,2019_basic,carried_forward_from 2026_rev_9,2026_rev_9
P+,Dominican Republic-Central America-United States Free Trade Agreement Implementation Act,2019_basic,carried_forward_from 2026_rev_9,2026_rev_9
L,Uruguay Round Concessions on Intermediate Chemicals for Dyes,2019_basic,carried_forward_from 2026_rev_9,2026_rev_9
R,United States-Caribbean Basin Trade Partnership Act,2019_basic,carried_forward_from 2026_rev_9,2026_rev_9
MA,United States-Morocco Free Trade Agreement Implementation Act,2019_basic,carried_forward_from 2026_rev_9,2026_rev_9
SG,United States-Singapore Free Trade Agreement,2019_basic,carried_forward_from 2026_rev_9,2026_rev_9
OM,United States-Oman Free Trade Agreement Implementation Act,2019_basic,carried_forward_from 2026_rev_9,2026_rev_9
PE,United States-Peru Trade Promotion Agreement Implementation Act,2019_basic,carried_forward_from 2026_rev_9,2026_rev_9
KR,United States-Korea Free Trade Agreement Implementation Act,2019_basic,carried_forward_from 2026_rev_9,2026_rev_9
CO,United States-Colombia Trade Promotion Agreement Implementation Act,2019_basic,carried_forward_from 2026_rev_9,2026_rev_9
PA,United States-Panama Trade Promotion Agreement Implementation Act,2019_basic,carried_forward_from 2026_rev_9,2026_rev_9
NP,Nepal Preference Program,2019_basic,carried_forward_from 2026_rev_9,2026_rev_9
S,United States-Mexico-Canada Agreement,2019_basic,carried_forward_from 2026_rev_9,2026_rev_9
S+,United States-Mexico-Canada Agreement,2019_basic,carried_forward_from 2026_rev_9,2026_rev_9
A,Generalized System of Preferences,2019_rev_1,carried_forward_from 2026_rev_9,2026_rev_9
A*,Generalized System of Preferences,2019_rev_1,carried_forward_from 2026_rev_9,2026_rev_9
A+,Generalized System of Preferences,2019_rev_1,carried_forward_from 2026_rev_9,2026_rev_9
AU,United States-Australia Free Trade Agreement,2019_rev_1,carried_forward_from 2026_rev_9,2026_rev_9
B,Automotive Products Trade Act,2019_rev_1,carried_forward_from 2026_rev_9,2026_rev_9
BH,United States-Bahrain Free Trade Agreement Implementation Act,2019_rev_1,carried_forward_from 2026_rev_9,2026_rev_9
C,Agreement on Trade in Civil Aircraft,2019_rev_1,carried_forward_from 2026_rev_9,2026_rev_9
CL,United States-Chile Free Trade Agreement,2019_rev_1,carried_forward_from 2026_rev_9,2026_rev_9
D,African Growth and Opportunity Act,2019_rev_1,carried_forward_from 2026_rev_9,2026_rev_9
E,Caribbean Basin Economic Recovery Act,2019_rev_1,carried_forward_from 2026_rev_9,2026_rev_9
E*,Caribbean Basin Economic Recovery Act,2019_rev_1,carried_forward_from 2026_rev_9,2026_rev_9
IL,United States-Israel Free Trade Area,2019_rev_1,carried_forward_from 2026_rev_9,2026_rev_9
JO,United States-Jordan Free Trade Area Implementation Act,2019_rev_1,carried_forward_from 2026_rev_9,2026_rev_9
JP,Trade Agreement Between the United States and Japan,2019_rev_1,carried_forward_from 2026_rev_9,2026_rev_9
K,Agreement on Trade in Pharmaceutical Products,2019_rev_1,carried_forward_from 2026_rev_9,2026_rev_9
P,Dominican Republic-Central America-United States Free Trade Agreement Implementation Act,2019_rev_1,carried_forward_from 2026_rev_9,2026_rev_9
P+,Dominican Republic-Central America-United States Free Trade Agreement Implementation Act,2019_rev_1,carried_forward_from 2026_rev_9,2026_rev_9
L,Uruguay Round Concessions on Intermediate Chemicals for Dyes,2019_rev_1,carried_forward_from 2026_rev_9,2026_rev_9
R,United States-Caribbean Basin Trade Partnership Act,2019_rev_1,carried_forward_from 2026_rev_9,2026_rev_9
MA,United States-Morocco Free Trade Agreement Implementation Act,2019_rev_1,carried_forward_from 2026_rev_9,2026_rev_9
SG,United States-Singapore Free Trade Agreement,2019_rev_1,carried_forward_from 2026_rev_9,2026_rev_9
OM,United States-Oman Free Trade Agreement Implementation Act,2019_rev_1,carried_forward_from 2026_rev_9,2026_rev_9
PE,United States-Peru Trade Promotion Agreement Implementation Act,2019_rev_1,carried_forward_from 2026_rev_9,2026_rev_9
KR,United States-Korea Free Trade Agreement Implementation Act,2019_rev_1,carried_forward_from 2026_rev_9,2026_rev_9
CO,United States-Colombia Trade Promotion Agreement Implementation Act,2019_rev_1,carried_forward_from 2026_rev_9,2026_rev_9
PA,United States-Panama Trade Promotion Agreement Implementation Act,2019_rev_1,carried_forward_from 2026_rev_9,2026_rev_9
NP,Nepal Preference Program,2019_rev_1,carried_forward_from 2026_rev_9,2026_rev_9
S,United States-Mexico-Canada Agreement,2019_rev_1,carried_forward_from 2026_rev_9,2026_rev_9
S+,United States-Mexico-Canada Agreement,2019_rev_1,carried_forward_from 2026_rev_9,2026_rev_9
A,Generalized System of Preferences,2019_rev_2,carried_forward_from 2026_rev_9,2026_rev_9
A*,Generalized System of Preferences,2019_rev_2,carried_forward_from 2026_rev_9,2026_rev_9
A+,Generalized System of Preferences,2019_rev_2,carried_forward_from 2026_rev_9,2026_rev_9
AU,United States-Australia Free Trade Agreement,2019_rev_2,carried_forward_from 2026_rev_9,2026_rev_9
B,Automotive Products Trade Act,2019_rev_2,carried_forward_from 2026_rev_9,2026_rev_9
BH,United States-Bahrain Free Trade Agreement Implementation Act,2019_rev_2,carried_forward_from 2026_rev_9,2026_rev_9
C,Agreement on Trade in Civil Aircraft,2019_rev_2,carried_forward_from 2026_rev_9,2026_rev_9
CL,United States-Chile Free Trade Agreement,2019_rev_2,carried_forward_from 2026_rev_9,2026_rev_9
D,African Growth and Opportunity Act,2019_rev_2,carried_forward_from 2026_rev_9,2026_rev_9
E,Caribbean Basin Economic Recovery Act,2019_rev_2,carried_forward_from 2026_rev_9,2026_rev_9
E*,Caribbean Basin Economic Recovery Act,2019_rev_2,carried_forward_from 2026_rev_9,2026_rev_9
IL,United States-Israel Free Trade Area,2019_rev_2,carried_forward_from 2026_rev_9,2026_rev_9
JO,United States-Jordan Free Trade Area Implementation Act,2019_rev_2,carried_forward_from 2026_rev_9,2026_rev_9
JP,Trade Agreement Between the United States and Japan,2019_rev_2,carried_forward_from 2026_rev_9,2026_rev_9
K,Agreement on Trade in Pharmaceutical Products,2019_rev_2,carried_forward_from 2026_rev_9,2026_rev_9
P,Dominican Republic-Central America-United States Free Trade Agreement Implementation Act,2019_rev_2,carried_forward_from 2026_rev_9,2026_rev_9
P+,Dominican Republic-Central America-United States Free Trade Agreement Implementation Act,2019_rev_2,carried_forward_from 2026_rev_9,2026_rev_9
L,Uruguay Round Concessions on Intermediate Chemicals for Dyes,2019_rev_2,carried_forward_from 2026_rev_9,2026_rev_9
R,United States-Caribbean Basin Trade Partnership Act,2019_rev_2,carried_forward_from 2026_rev_9,2026_rev_9
MA,United States-Morocco Free Trade Agreement Implementation Act,2019_rev_2,carried_forward_from 2026_rev_9,2026_rev_9
SG,United States-Singapore Free Trade Agreement,2019_rev_2,carried_forward_from 2026_rev_9,2026_rev_9
OM,United States-Oman Free Trade Agreement Implementation Act,2019_rev_2,carried_forward_from 2026_rev_9,2026_rev_9
PE,United States-Peru Trade Promotion Agreement Implementation Act,2019_rev_2,carried_forward_from 2026_rev_9,2026_rev_9
KR,United States-Korea Free Trade Agreement Implementation Act,2019_rev_2,carried_forward_from 2026_rev_9,2026_rev_9
CO,United States-Colombia Trade Promotion Agreement Implementation Act,2019_rev_2,carried_forward_from 2026_rev_9,2026_rev_9
PA,United States-Panama Trade Promotion Agreement Implementation Act,2019_rev_2,carried_forward_from 2026_rev_9,2026_rev_9
NP,Nepal Preference Program,2019_rev_2,carried_forward_from 2026_rev_9,2026_rev_9
S,United States-Mexico-Canada Agreement,2019_rev_2,carried_forward_from 2026_rev_9,2026_rev_9
S+,United States-Mexico-Canada Agreement,2019_rev_2,carried_forward_from 2026_rev_9,2026_rev_9
A,Generalized System of Preferences,2019_rev_3,carried_forward_from 2026_rev_9,2026_rev_9
A*,Generalized System of Preferences,2019_rev_3,carried_forward_from 2026_rev_9,2026_rev_9
A+,Generalized System of Preferences,2019_rev_3,carried_forward_from 2026_rev_9,2026_rev_9
AU,United States-Australia Free Trade Agreement,2019_rev_3,carried_forward_from 2026_rev_9,2026_rev_9
B,Automotive Products Trade Act,2019_rev_3,carried_forward_from 2026_rev_9,2026_rev_9
BH,United States-Bahrain Free Trade Agreement Implementation Act,2019_rev_3,carried_forward_from 2026_rev_9,2026_rev_9
C,Agreement on Trade in Civil Aircraft,2019_rev_3,carried_forward_from 2026_rev_9,2026_rev_9
CL,United States-Chile Free Trade Agreement,2019_rev_3,carried_forward_from 2026_rev_9,2026_rev_9
D,African Growth and Opportunity Act,2019_rev_3,carried_forward_from 2026_rev_9,2026_rev_9
E,Caribbean Basin Economic Recovery Act,2019_rev_3,carried_forward_from 2026_rev_9,2026_rev_9
E*,Caribbean Basin Economic Recovery Act,2019_rev_3,carried_forward_from 2026_rev_9,2026_rev_9
IL,United States-Israel Free Trade Area,2019_rev_3,carried_forward_from 2026_rev_9,2026_rev_9
JO,United States-Jordan Free Trade Area Implementation Act,2019_rev_3,carried_forward_from 2026_rev_9,2026_rev_9
JP,Trade Agreement Between the United States and Japan,2019_rev_3,carried_forward_from 2026_rev_9,2026_rev_9
K,Agreement on Trade in Pharmaceutical Products,2019_rev_3,carried_forward_from 2026_rev_9,2026_rev_9
P,Dominican Republic-Central America-United States Free Trade Agreement Implementation Act,2019_rev_3,carried_forward_from 2026_rev_9,2026_rev_9
P+,Dominican Republic-Central America-United States Free Trade Agreement Implementation Act,2019_rev_3,carried_forward_from 2026_rev_9,2026_rev_9
L,Uruguay Round Concessions on Intermediate Chemicals for Dyes,2019_rev_3,carried_forward_from 2026_rev_9,2026_rev_9
R,United States-Caribbean Basin Trade Partnership Act,2019_rev_3,carried_forward_from 2026_rev_9,2026_rev_9
MA,United States-Morocco Free Trade Agreement Implementation Act,2019_rev_3,carried_forward_from 2026_rev_9,2026_rev_9
SG,United States-Singapore Free Trade Agreement,2019_rev_3,carried_forward_from 2026_rev_9,2026_rev_9
OM,United States-Oman Free Trade Agreement Implementation Act,2019_rev_3,carried_forward_from 2026_rev_9,2026_rev_9
PE,United States-Peru Trade Promotion Agreement Implementation Act,2019_rev_3,carried_forward_from 2026_rev_9,2026_rev_9
KR,United States-Korea Free Trade Agreement Implementation Act,2019_rev_3,carried_forward_from 2026_rev_9,2026_rev_9
CO,United States-Colombia Trade Promotion Agreement Implementation Act,2019_rev_3,carried_forward_from 2026_rev_9,2026_rev_9
PA,United States-Panama Trade Promotion Agreement Implementation Act,2019_rev_3,carried_forward_from 2026_rev_9,2026_rev_9
NP,Nepal Preference Program,2019_rev_3,carried_forward_from 2026_rev_9,2026_rev_9
S,United States-Mexico-Canada Agreement,2019_rev_3,carried_forward_from 2026_rev_9,2026_rev_9
S+,United States-Mexico-Canada Agreement,2019_rev_3,carried_forward_from 2026_rev_9,2026_rev_9
A,Generalized System of Preferences,2019_rev_4,carried_forward_from 2026_rev_9,2026_rev_9
A*,Generalized System of Preferences,2019_rev_4,carried_forward_from 2026_rev_9,2026_rev_9
A+,Generalized System of Preferences,2019_rev_4,carried_forward_from 2026_rev_9,2026_rev_9
AU,United States-Australia Free Trade Agreement,2019_rev_4,carried_forward_from 2026_rev_9,2026_rev_9
B,Automotive Products Trade Act,2019_rev_4,carried_forward_from 2026_rev_9,2026_rev_9
BH,United States-Bahrain Free Trade Agreement Implementation Act,2019_rev_4,carried_forward_from 2026_rev_9,2026_rev_9
C,Agreement on Trade in Civil Aircraft,2019_rev_4,carried_forward_from 2026_rev_9,2026_rev_9
CL,United States-Chile Free Trade Agreement,2019_rev_4,carried_forward_from 2026_rev_9,2026_rev_9
D,African Growth and Opportunity Act,2019_rev_4,carried_forward_from 2026_rev_9,2026_rev_9
E,Caribbean Basin Economic Recovery Act,2019_rev_4,carried_forward_from 2026_rev_9,2026_rev_9
E*,Caribbean Basin Economic Recovery Act,2019_rev_4,carried_forward_from 2026_rev_9,2026_rev_9
IL,United States-Israel Free Trade Area,2019_rev_4,carried_forward_from 2026_rev_9,2026_rev_9
JO,United States-Jordan Free Trade Area Implementation Act,2019_rev_4,carried_forward_from 2026_rev_9,2026_rev_9
JP,Trade Agreement Between the United States and Japan,2019_rev_4,carried_forward_from 2026_rev_9,2026_rev_9
K,Agreement on Trade in Pharmaceutical Products,2019_rev_4,carried_forward_from 2026_rev_9,2026_rev_9
P,Dominican Republic-Central America-United States Free Trade Agreement Implementation Act,2019_rev_4,carried_forward_from 2026_rev_9,2026_rev_9
P+,Dominican Republic-Central America-United States Free Trade Agreement Implementation Act,2019_rev_4,carried_forward_from 2026_rev_9,2026_rev_9
L,Uruguay Round Concessions on Intermediate Chemicals for Dyes,2019_rev_4,carried_forward_from 2026_rev_9,2026_rev_9
R,United States-Caribbean Basin Trade Partnership Act,2019_rev_4,carried_forward_from 2026_rev_9,2026_rev_9
MA,United States-Morocco Free Trade Agreement Implementation Act,2019_rev_4,carried_forward_from 2026_rev_9,2026_rev_9
SG,United States-Singapore Free Trade Agreement,2019_rev_4,carried_forward_from 2026_rev_9,2026_rev_9
OM,United States-Oman Free Trade Agreement Implementation Act,2019_rev_4,carried_forward_from 2026_rev_9,2026_rev_9
PE,United States-Peru Trade Promotion Agreement Implementation Act,2019_rev_4,carried_forward_from 2026_rev_9,2026_rev_9
KR,United States-Korea Free Trade Agreement Implementation Act,2019_rev_4,carried_forward_from 2026_rev_9,2026_rev_9
CO,United States-Colombia Trade Promotion Agreement Implementation Act,2019_rev_4,carried_forward_from 2026_rev_9,2026_rev_9
PA,United States-Panama Trade Promotion Agreement Implementation Act,2019_rev_4,carried_forward_from 2026_rev_9,2026_rev_9
NP,Nepal Preference Program,2019_rev_4,carried_forward_from 2026_rev_9,2026_rev_9
S,United States-Mexico-Canada Agreement,2019_rev_4,carried_forward_from 2026_rev_9,2026_rev_9
S+,United States-Mexico-Canada Agreement,2019_rev_4,carried_forward_from 2026_rev_9,2026_rev_9
A,Generalized System of Preferences,2019_rev_5,carried_forward_from 2026_rev_9,2026_rev_9
A*,Generalized System of Preferences,2019_rev_5,carried_forward_from 2026_rev_9,2026_rev_9
A+,Generalized System of Preferences,2019_rev_5,carried_forward_from 2026_rev_9,2026_rev_9
AU,United States-Australia Free Trade Agreement,2019_rev_5,carried_forward_from 2026_rev_9,2026_rev_9
B,Automotive Products Trade Act,2019_rev_5,carried_forward_from 2026_rev_9,2026_rev_9
BH,United States-Bahrain Free Trade Agreement Implementation Act,2019_rev_5,carried_forward_from 2026_rev_9,2026_rev_9
C,Agreement on Trade in Civil Aircraft,2019_rev_5,carried_forward_from 2026_rev_9,2026_rev_9
CL,United States-Chile Free Trade Agreement,2019_rev_5,carried_forward_from 2026_rev_9,2026_rev_9
D,African Growth and Opportunity Act,2019_rev_5,carried_forward_from 2026_rev_9,2026_rev_9
E,Caribbean Basin Economic Recovery Act,2019_rev_5,carried_forward_from 2026_rev_9,2026_rev_9
E*,Caribbean Basin Economic Recovery Act,2019_rev_5,carried_forward_from 2026_rev_9,2026_rev_9
IL,United States-Israel Free Trade Area,2019_rev_5,carried_forward_from 2026_rev_9,2026_rev_9
JO,United States-Jordan Free Trade Area Implementation Act,2019_rev_5,carried_forward_from 2026_rev_9,2026_rev_9
JP,Trade Agreement Between the United States and Japan,2019_rev_5,carried_forward_from 2026_rev_9,2026_rev_9
K,Agreement on Trade in Pharmaceutical Products,2019_rev_5,carried_forward_from 2026_rev_9,2026_rev_9
P,Dominican Republic-Central America-United States Free Trade Agreement Implementation Act,2019_rev_5,carried_forward_from 2026_rev_9,2026_rev_9
P+,Dominican Republic-Central America-United States Free Trade Agreement Implementation Act,2019_rev_5,carried_forward_from 2026_rev_9,2026_rev_9
L,Uruguay Round Concessions on Intermediate Chemicals for Dyes,2019_rev_5,carried_forward_from 2026_rev_9,2026_rev_9
R,United States-Caribbean Basin Trade Partnership Act,2019_rev_5,carried_forward_from 2026_rev_9,2026_rev_9
MA,United States-Morocco Free Trade Agreement Implementation Act,2019_rev_5,carried_forward_from 2026_rev_9,2026_rev_9
SG,United States-Singapore Free Trade Agreement,2019_rev_5,carried_forward_from 2026_rev_9,2026_rev_9
OM,United States-Oman Free Trade Agreement Implementation Act,2019_rev_5,carried_forward_from 2026_rev_9,2026_rev_9
PE,United States-Peru Trade Promotion Agreement Implementation Act,2019_rev_5,carried_forward_from 2026_rev_9,2026_rev_9
KR,United States-Korea Free Trade Agreement Implementation Act,2019_rev_5,carried_forward_from 2026_rev_9,2026_rev_9
CO,United States-Colombia Trade Promotion Agreement Implementation Act,2019_rev_5,carried_forward_from 2026_rev_9,2026_rev_9
PA,United States-Panama Trade Promotion Agreement Implementation Act,2019_rev_5,carried_forward_from 2026_rev_9,2026_rev_9
NP,Nepal Preference Program,2019_rev_5,carried_forward_from 2026_rev_9,2026_rev_9
S,United States-Mexico-Canada Agreement,2019_rev_5,carried_forward_from 2026_rev_9,2026_rev_9
S+,United States-Mexico-Canada Agreement,2019_rev_5,carried_forward_from 2026_rev_9,2026_rev_9
A,Generalized System of Preferences,2019_rev_6,carried_forward_from 2026_rev_9,2026_rev_9
A*,Generalized System of Preferences,2019_rev_6,carried_forward_from 2026_rev_9,2026_rev_9
A+,Generalized System of Preferences,2019_rev_6,carried_forward_from 2026_rev_9,2026_rev_9
AU,United States-Australia Free Trade Agreement,2019_rev_6,carried_forward_from 2026_rev_9,2026_rev_9
B,Automotive Products Trade Act,2019_rev_6,carried_forward_from 2026_rev_9,2026_rev_9
BH,United States-Bahrain Free Trade Agreement Implementation Act,2019_rev_6,carried_forward_from 2026_rev_9,2026_rev_9
C,Agreement on Trade in Civil Aircraft,2019_rev_6,carried_forward_from 2026_rev_9,2026_rev_9
CL,United States-Chile Free Trade Agreement,2019_rev_6,carried_forward_from 2026_rev_9,2026_rev_9
D,African Growth and Opportunity Act,2019_rev_6,carried_forward_from 2026_rev_9,2026_rev_9
E,Caribbean Basin Economic Recovery Act,2019_rev_6,carried_forward_from 2026_rev_9,2026_rev_9
E*,Caribbean Basin Economic Recovery Act,2019_rev_6,carried_forward_from 2026_rev_9,2026_rev_9
IL,United States-Israel Free Trade Area,2019_rev_6,carried_forward_from 2026_rev_9,2026_rev_9
JO,United States-Jordan Free Trade Area Implementation Act,2019_rev_6,carried_forward_from 2026_rev_9,2026_rev_9
JP,Trade Agreement Between the United States and Japan,2019_rev_6,carried_forward_from 2026_rev_9,2026_rev_9
K,Agreement on Trade in Pharmaceutical Products,2019_rev_6,carried_forward_from 2026_rev_9,2026_rev_9
P,Dominican Republic-Central America-United States Free Trade Agreement Implementation Act,2019_rev_6,carried_forward_from 2026_rev_9,2026_rev_9
P+,Dominican Republic-Central America-United States Free Trade Agreement Implementation Act,2019_rev_6,carried_forward_from 2026_rev_9,2026_rev_9
L,Uruguay Round Concessions on Intermediate Chemicals for Dyes,2019_rev_6,carried_forward_from 2026_rev_9,2026_rev_9
R,United States-Caribbean Basin Trade Partnership Act,2019_rev_6,carried_forward_from 2026_rev_9,2026_rev_9
MA,United States-Morocco Free Trade Agreement Implementation Act,2019_rev_6,carried_forward_from 2026_rev_9,2026_rev_9
SG,United States-Singapore Free Trade Agreement,2019_rev_6,carried_forward_from 2026_rev_9,2026_rev_9
OM,United States-Oman Free Trade Agreement Implementation Act,2019_rev_6,carried_forward_from 2026_rev_9,2026_rev_9
PE,United States-Peru Trade Promotion Agreement Implementation Act,2019_rev_6,carried_forward_from 2026_rev_9,2026_rev_9
KR,United States-Korea Free Trade Agreement Implementation Act,2019_rev_6,carried_forward_from 2026_rev_9,2026_rev_9
CO,United States-Colombia Trade Promotion Agreement Implementation Act,2019_rev_6,carried_forward_from 2026_rev_9,2026_rev_9
PA,United States-Panama Trade Promotion Agreement Implementation Act,2019_rev_6,carried_forward_from 2026_rev_9,2026_rev_9
NP,Nepal Preference Program,2019_rev_6,carried_forward_from 2026_rev_9,2026_rev_9
S,United States-Mexico-Canada Agreement,2019_rev_6,carried_forward_from 2026_rev_9,2026_rev_9
S+,United States-Mexico-Canada Agreement,2019_rev_6,carried_forward_from 2026_rev_9,2026_rev_9
A,Generalized System of Preferences,2019_rev_7,carried_forward_from 2026_rev_9,2026_rev_9
A*,Generalized System of Preferences,2019_rev_7,carried_forward_from 2026_rev_9,2026_rev_9
A+,Generalized System of Preferences,2019_rev_7,carried_forward_from 2026_rev_9,2026_rev_9
AU,United States-Australia Free Trade Agreement,2019_rev_7,carried_forward_from 2026_rev_9,2026_rev_9
B,Automotive Products Trade Act,2019_rev_7,carried_forward_from 2026_rev_9,2026_rev_9
BH,United States-Bahrain Free Trade Agreement Implementation Act,2019_rev_7,carried_forward_from 2026_rev_9,2026_rev_9
C,Agreement on Trade in Civil Aircraft,2019_rev_7,carried_forward_from 2026_rev_9,2026_rev_9
CL,United States-Chile Free Trade Agreement,2019_rev_7,carried_forward_from 2026_rev_9,2026_rev_9
D,African Growth and Opportunity Act,2019_rev_7,carried_forward_from 2026_rev_9,2026_rev_9
E,Caribbean Basin Economic Recovery Act,2019_rev_7,carried_forward_from 2026_rev_9,2026_rev_9
E*,Caribbean Basin Economic Recovery Act,2019_rev_7,carried_forward_from 2026_rev_9,2026_rev_9
IL,United States-Israel Free Trade Area,2019_rev_7,carried_forward_from 2026_rev_9,2026_rev_9
JO,United States-Jordan Free Trade Area Implementation Act,2019_rev_7,carried_forward_from 2026_rev_9,2026_rev_9
JP,Trade Agreement Between the United States and Japan,2019_rev_7,carried_forward_from 2026_rev_9,2026_rev_9
K,Agreement on Trade in Pharmaceutical Products,2019_rev_7,carried_forward_from 2026_rev_9,2026_rev_9
P,Dominican Republic-Central America-United States Free Trade Agreement Implementation Act,2019_rev_7,carried_forward_from 2026_rev_9,2026_rev_9
P+,Dominican Republic-Central America-United States Free Trade Agreement Implementation Act,2019_rev_7,carried_forward_from 2026_rev_9,2026_rev_9
L,Uruguay Round Concessions on Intermediate Chemicals for Dyes,2019_rev_7,carried_forward_from 2026_rev_9,2026_rev_9
R,United States-Caribbean Basin Trade Partnership Act,2019_rev_7,carried_forward_from 2026_rev_9,2026_rev_9
MA,United States-Morocco Free Trade Agreement Implementation Act,2019_rev_7,carried_forward_from 2026_rev_9,2026_rev_9
SG,United States-Singapore Free Trade Agreement,2019_rev_7,carried_forward_from 2026_rev_9,2026_rev_9
OM,United States-Oman Free Trade Agreement Implementation Act,2019_rev_7,carried_forward_from 2026_rev_9,2026_rev_9
PE,United States-Peru Trade Promotion Agreement Implementation Act,2019_rev_7,carried_forward_from 2026_rev_9,2026_rev_9
KR,United States-Korea Free Trade Agreement Implementation Act,2019_rev_7,carried_forward_from 2026_rev_9,2026_rev_9
CO,United States-Colombia Trade Promotion Agreement Implementation Act,2019_rev_7,carried_forward_from 2026_rev_9,2026_rev_9
PA,United States-Panama Trade Promotion Agreement Implementation Act,2019_rev_7,carried_forward_from 2026_rev_9,2026_rev_9
NP,Nepal Preference Program,2019_rev_7,carried_forward_from 2026_rev_9,2026_rev_9
S,United States-Mexico-Canada Agreement,2019_rev_7,carried_forward_from 2026_rev_9,2026_rev_9
S+,United States-Mexico-Canada Agreement,2019_rev_7,carried_forward_from 2026_rev_9,2026_rev_9
A,Generalized System of Preferences,2019_rev_8,carried_forward_from 2026_rev_9,2026_rev_9
A*,Generalized System of Preferences,2019_rev_8,carried_forward_from 2026_rev_9,2026_rev_9
A+,Generalized System of Preferences,2019_rev_8,carried_forward_from 2026_rev_9,2026_rev_9
AU,United States-Australia Free Trade Agreement,2019_rev_8,carried_forward_from 2026_rev_9,2026_rev_9
B,Automotive Products Trade Act,2019_rev_8,carried_forward_from 2026_rev_9,2026_rev_9
BH,United States-Bahrain Free Trade Agreement Implementation Act,2019_rev_8,carried_forward_from 2026_rev_9,2026_rev_9
C,Agreement on Trade in Civil Aircraft,2019_rev_8,carried_forward_from 2026_rev_9,2026_rev_9
CL,United States-Chile Free Trade Agreement,2019_rev_8,carried_forward_from 2026_rev_9,2026_rev_9
D,African Growth and Opportunity Act,2019_rev_8,carried_forward_from 2026_rev_9,2026_rev_9
E,Caribbean Basin Economic Recovery Act,2019_rev_8,carried_forward_from 2026_rev_9,2026_rev_9
E*,Caribbean Basin Economic Recovery Act,2019_rev_8,carried_forward_from 2026_rev_9,2026_rev_9
IL,United States-Israel Free Trade Area,2019_rev_8,carried_forward_from 2026_rev_9,2026_rev_9
JO,United States-Jordan Free Trade Area Implementation Act,2019_rev_8,carried_forward_from 2026_rev_9,2026_rev_9
JP,Trade Agreement Between the United States and Japan,2019_rev_8,carried_forward_from 2026_rev_9,2026_rev_9
K,Agreement on Trade in Pharmaceutical Products,2019_rev_8,carried_forward_from 2026_rev_9,2026_rev_9
P,Dominican Republic-Central America-United States Free Trade Agreement Implementation Act,2019_rev_8,carried_forward_from 2026_rev_9,2026_rev_9
P+,Dominican Republic-Central America-United States Free Trade Agreement Implementation Act,2019_rev_8,carried_forward_from 2026_rev_9,2026_rev_9
L,Uruguay Round Concessions on Intermediate Chemicals for Dyes,2019_rev_8,carried_forward_from 2026_rev_9,2026_rev_9
R,United States-Caribbean Basin Trade Partnership Act,2019_rev_8,carried_forward_from 2026_rev_9,2026_rev_9
MA,United States-Morocco Free Trade Agreement Implementation Act,2019_rev_8,carried_forward_from 2026_rev_9,2026_rev_9
SG,United States-Singapore Free Trade Agreement,2019_rev_8,carried_forward_from 2026_rev_9,2026_rev_9
OM,United States-Oman Free Trade Agreement Implementation Act,2019_rev_8,carried_forward_from 2026_rev_9,2026_rev_9
PE,United States-Peru Trade Promotion Agreement Implementation Act,2019_rev_8,carried_forward_from 2026_rev_9,2026_rev_9
KR,United States-Korea Free Trade Agreement Implementation Act,2019_rev_8,carried_forward_from 2026_rev_9,2026_rev_9
CO,United States-Colombia Trade Promotion Agreement Implementation Act,2019_rev_8,carried_forward_from 2026_rev_9,2026_rev_9
PA,United States-Panama Trade Promotion Agreement Implementation Act,2019_rev_8,carried_forward_from 2026_rev_9,2026_rev_9
NP,Nepal Preference Program,2019_rev_8,carried_forward_from 2026_rev_9,2026_rev_9
S,United States-Mexico-Canada Agreement,2019_rev_8,carried_forward_from 2026_rev_9,2026_rev_9
S+,United States-Mexico-Canada Agreement,2019_rev_8,carried_forward_from 2026_rev_9,2026_rev_9
A,Generalized System of Preferences,2019_rev_9,carried_forward_from 2026_rev_9,2026_rev_9
A*,Generalized System of Preferences,2019_rev_9,carried_forward_from 2026_rev_9,2026_rev_9
A+,Generalized System of Preferences,2019_rev_9,carried_forward_from 2026_rev_9,2026_rev_9
AU,United States-Australia Free Trade Agreement,2019_rev_9,carried_forward_from 2026_rev_9,2026_rev_9
B,Automotive Products Trade Act,2019_rev_9,carried_forward_from 2026_rev_9,2026_rev_9
BH,United States-Bahrain Free Trade Agreement Implementation Act,2019_rev_9,carried_forward_from 2026_rev_9,2026_rev_9
C,Agreement on Trade in Civil Aircraft,2019_rev_9,carried_forward_from 2026_rev_9,2026_rev_9
CL,United States-Chile Free Trade Agreement,2019_rev_9,carried_forward_from 2026_rev_9,2026_rev_9
D,African Growth and Opportunity Act,2019_rev_9,carried_forward_from 2026_rev_9,2026_rev_9
E,Caribbean Basin Economic Recovery Act,2019_rev_9,carried_forward_from 2026_rev_9,2026_rev_9
E*,Caribbean Basin Economic Recovery Act,2019_rev_9,carried_forward_from 2026_rev_9,2026_rev_9
IL,United States-Israel Free Trade Area,2019_rev_9,carried_forward_from 2026_rev_9,2026_rev_9
JO,United States-Jordan Free Trade Area Implementation Act,2019_rev_9,carried_forward_from 2026_rev_9,2026_rev_9
JP,Trade Agreement Between the United States and Japan,2019_rev_9,carried_forward_from 2026_rev_9,2026_rev_9
K,Agreement on Trade in Pharmaceutical Products,2019_rev_9,carried_forward_from 2026_rev_9,2026_rev_9
P,Dominican Republic-Central America-United States Free Trade Agreement Implementation Act,2019_rev_9,carried_forward_from 2026_rev_9,2026_rev_9
P+,Dominican Republic-Central America-United States Free Trade Agreement Implementation Act,2019_rev_9,carried_forward_from 2026_rev_9,2026_rev_9
L,Uruguay Round Concessions on Intermediate Chemicals for Dyes,2019_rev_9,carried_forward_from 2026_rev_9,2026_rev_9
R,United States-Caribbean Basin Trade Partnership Act,2019_rev_9,carried_forward_from 2026_rev_9,2026_rev_9
MA,United States-Morocco Free Trade Agreement Implementation Act,2019_rev_9,carried_forward_from 2026_rev_9,2026_rev_9
SG,United States-Singapore Free Trade Agreement,2019_rev_9,carried_forward_from 2026_rev_9,2026_rev_9
OM,United States-Oman Free Trade Agreement Implementation Act,2019_rev_9,carried_forward_from 2026_rev_9,2026_rev_9
PE,United States-Peru Trade Promotion Agreement Implementation Act,2019_rev_9,carried_forward_from 2026_rev_9,2026_rev_9
KR,United States-Korea Free Trade Agreement Implementation Act,2019_rev_9,carried_forward_from 2026_rev_9,2026_rev_9
CO,United States-Colombia Trade Promotion Agreement Implementation Act,2019_rev_9,carried_forward_from 2026_rev_9,2026_rev_9
PA,United States-Panama Trade Promotion Agreement Implementation Act,2019_rev_9,carried_forward_from 2026_rev_9,2026_rev_9
NP,Nepal Preference Program,2019_rev_9,carried_forward_from 2026_rev_9,2026_rev_9
S,United States-Mexico-Canada Agreement,2019_rev_9,carried_forward_from 2026_rev_9,2026_rev_9
S+,United States-Mexico-Canada Agreement,2019_rev_9,carried_forward_from 2026_rev_9,2026_rev_9
A,Generalized System of Preferences,2019_rev_10,carried_forward_from 2026_rev_9,2026_rev_9
A*,Generalized System of Preferences,2019_rev_10,carried_forward_from 2026_rev_9,2026_rev_9
A+,Generalized System of Preferences,2019_rev_10,carried_forward_from 2026_rev_9,2026_rev_9
AU,United States-Australia Free Trade Agreement,2019_rev_10,carried_forward_from 2026_rev_9,2026_rev_9
B,Automotive Products Trade Act,2019_rev_10,carried_forward_from 2026_rev_9,2026_rev_9
BH,United States-Bahrain Free Trade Agreement Implementation Act,2019_rev_10,carried_forward_from 2026_rev_9,2026_rev_9
C,Agreement on Trade in Civil Aircraft,2019_rev_10,carried_forward_from 2026_rev_9,2026_rev_9
CL,United States-Chile Free Trade Agreement,2019_rev_10,carried_forward_from 2026_rev_9,2026_rev_9
D,African Growth and Opportunity Act,2019_rev_10,carried_forward_from 2026_rev_9,2026_rev_9
E,Caribbean Basin Economic Recovery Act,2019_rev_10,carried_forward_from 2026_rev_9,2026_rev_9
E*,Caribbean Basin Economic Recovery Act,2019_rev_10,carried_forward_from 2026_rev_9,2026_rev_9
IL,United States-Israel Free Trade Area,2019_rev_10,carried_forward_from 2026_rev_9,2026_rev_9
JO,United States-Jordan Free Trade Area Implementation Act,2019_rev_10,carried_forward_from 2026_rev_9,2026_rev_9
JP,Trade Agreement Between the United States and Japan,2019_rev_10,carried_forward_from 2026_rev_9,2026_rev_9
K,Agreement on Trade in Pharmaceutical Products,2019_rev_10,carried_forward_from 2026_rev_9,2026_rev_9
P,Dominican Republic-Central America-United States Free Trade Agreement Implementation Act,2019_rev_10,carried_forward_from 2026_rev_9,2026_rev_9
P+,Dominican Republic-Central America-United States Free Trade Agreement Implementation Act,2019_rev_10,carried_forward_from 2026_rev_9,2026_rev_9
L,Uruguay Round Concessions on Intermediate Chemicals for Dyes,2019_rev_10,carried_forward_from 2026_rev_9,2026_rev_9
R,United States-Caribbean Basin Trade Partnership Act,2019_rev_10,carried_forward_from 2026_rev_9,2026_rev_9
MA,United States-Morocco Free Trade Agreement Implementation Act,2019_rev_10,carried_forward_from 2026_rev_9,2026_rev_9
SG,United States-Singapore Free Trade Agreement,2019_rev_10,carried_forward_from 2026_rev_9,2026_rev_9
OM,United States-Oman Free Trade Agreement Implementation Act,2019_rev_10,carried_forward_from 2026_rev_9,2026_rev_9
PE,United States-Peru Trade Promotion Agreement Implementation Act,2019_rev_10,carried_forward_from 2026_rev_9,2026_rev_9
KR,United States-Korea Free Trade Agreement Implementation Act,2019_rev_10,carried_forward_from 2026_rev_9,2026_rev_9
CO,United States-Colombia Trade Promotion Agreement Implementation Act,2019_rev_10,carried_forward_from 2026_rev_9,2026_rev_9
PA,United States-Panama Trade Promotion Agreement Implementation Act,2019_rev_10,carried_forward_from 2026_rev_9,2026_rev_9
NP,Nepal Preference Program,2019_rev_10,carried_forward_from 2026_rev_9,2026_rev_9
S,United States-Mexico-Canada Agreement,2019_rev_10,carried_forward_from 2026_rev_9,2026_rev_9
S+,United States-Mexico-Canada Agreement,2019_rev_10,carried_forward_from 2026_rev_9,2026_rev_9
A,Generalized System of Preferences,2019_rev_11,carried_forward_from 2026_rev_9,2026_rev_9
A*,Generalized System of Preferences,2019_rev_11,carried_forward_from 2026_rev_9,2026_rev_9
A+,Generalized System of Preferences,2019_rev_11,carried_forward_from 2026_rev_9,2026_rev_9
AU,United States-Australia Free Trade Agreement,2019_rev_11,carried_forward_from 2026_rev_9,2026_rev_9
B,Automotive Products Trade Act,2019_rev_11,carried_forward_from 2026_rev_9,2026_rev_9
BH,United States-Bahrain Free Trade Agreement Implementation Act,2019_rev_11,carried_forward_from 2026_rev_9,2026_rev_9
C,Agreement on Trade in Civil Aircraft,2019_rev_11,carried_forward_from 2026_rev_9,2026_rev_9
CL,United States-Chile Free Trade Agreement,2019_rev_11,carried_forward_from 2026_rev_9,2026_rev_9
D,African Growth and Opportunity Act,2019_rev_11,carried_forward_from 2026_rev_9,2026_rev_9
E,Caribbean Basin Economic Recovery Act,2019_rev_11,carried_forward_from 2026_rev_9,2026_rev_9
E*,Caribbean Basin Economic Recovery Act,2019_rev_11,carried_forward_from 2026_rev_9,2026_rev_9
IL,United States-Israel Free Trade Area,2019_rev_11,carried_forward_from 2026_rev_9,2026_rev_9
JO,United States-Jordan Free Trade Area Implementation Act,2019_rev_11,carried_forward_from 2026_rev_9,2026_rev_9
JP,Trade Agreement Between the United States and Japan,2019_rev_11,carried_forward_from 2026_rev_9,2026_rev_9
K,Agreement on Trade in Pharmaceutical Products,2019_rev_11,carried_forward_from 2026_rev_9,2026_rev_9
P,Dominican Republic-Central America-United States Free Trade Agreement Implementation Act,2019_rev_11,carried_forward_from 2026_rev_9,2026_rev_9
P+,Dominican Republic-Central America-United States Free Trade Agreement Implementation Act,2019_rev_11,carried_forward_from 2026_rev_9,2026_rev_9
L,Uruguay Round Concessions on Intermediate Chemicals for Dyes,2019_rev_11,carried_forward_from 2026_rev_9,2026_rev_9
R,United States-Caribbean Basin Trade Partnership Act,2019_rev_11,carried_forward_from 2026_rev_9,2026_rev_9
MA,United States-Morocco Free Trade Agreement Implementation Act,2019_rev_11,carried_forward_from 2026_rev_9,2026_rev_9
SG,United States-Singapore Free Trade Agreement,2019_rev_11,carried_forward_from 2026_rev_9,2026_rev_9
OM,United States-Oman Free Trade Agreement Implementation Act,2019_rev_11,carried_forward_from 2026_rev_9,2026_rev_9
PE,United States-Peru Trade Promotion Agreement Implementation Act,2019_rev_11,carried_forward_from 2026_rev_9,2026_rev_9
KR,United States-Korea Free Trade Agreement Implementation Act,2019_rev_11,carried_forward_from 2026_rev_9,2026_rev_9
CO,United States-Colombia Trade Promotion Agreement Implementation Act,2019_rev_11,carried_forward_from 2026_rev_9,2026_rev_9
PA,United States-Panama Trade Promotion Agreement Implementation Act,2019_rev_11,carried_forward_from 2026_rev_9,2026_rev_9
NP,Nepal Preference Program,2019_rev_11,carried_forward_from 2026_rev_9,2026_rev_9
S,United States-Mexico-Canada Agreement,2019_rev_11,carried_forward_from 2026_rev_9,2026_rev_9
S+,United States-Mexico-Canada Agreement,2019_rev_11,carried_forward_from 2026_rev_9,2026_rev_9
A,Generalized System of Preferences,2019_rev_12,carried_forward_from 2026_rev_9,2026_rev_9
A*,Generalized System of Preferences,2019_rev_12,carried_forward_from 2026_rev_9,2026_rev_9
A+,Generalized System of Preferences,2019_rev_12,carried_forward_from 2026_rev_9,2026_rev_9
AU,United States-Australia Free Trade Agreement,2019_rev_12,carried_forward_from 2026_rev_9,2026_rev_9
B,Automotive Products Trade Act,2019_rev_12,carried_forward_from 2026_rev_9,2026_rev_9
BH,United States-Bahrain Free Trade Agreement Implementation Act,2019_rev_12,carried_forward_from 2026_rev_9,2026_rev_9
C,Agreement on Trade in Civil Aircraft,2019_rev_12,carried_forward_from 2026_rev_9,2026_rev_9
CL,United States-Chile Free Trade Agreement,2019_rev_12,carried_forward_from 2026_rev_9,2026_rev_9
D,African Growth and Opportunity Act,2019_rev_12,carried_forward_from 2026_rev_9,2026_rev_9
E,Caribbean Basin Economic Recovery Act,2019_rev_12,carried_forward_from 2026_rev_9,2026_rev_9
E*,Caribbean Basin Economic Recovery Act,2019_rev_12,carried_forward_from 2026_rev_9,2026_rev_9
IL,United States-Israel Free Trade Area,2019_rev_12,carried_forward_from 2026_rev_9,2026_rev_9
JO,United States-Jordan Free Trade Area Implementation Act,2019_rev_12,carried_forward_from 2026_rev_9,2026_rev_9
JP,Trade Agreement Between the United States and Japan,2019_rev_12,carried_forward_from 2026_rev_9,2026_rev_9
K,Agreement on Trade in Pharmaceutical Products,2019_rev_12,carried_forward_from 2026_rev_9,2026_rev_9
P,Dominican Republic-Central America-United States Free Trade Agreement Implementation Act,2019_rev_12,carried_forward_from 2026_rev_9,2026_rev_9
P+,Dominican Republic-Central America-United States Free Trade Agreement Implementation Act,2019_rev_12,carried_forward_from 2026_rev_9,2026_rev_9
L,Uruguay Round Concessions on Intermediate Chemicals for Dyes,2019_rev_12,carried_forward_from 2026_rev_9,2026_rev_9
R,United States-Caribbean Basin Trade Partnership Act,2019_rev_12,carried_forward_from 2026_rev_9,2026_rev_9
MA,United States-Morocco Free Trade Agreement Implementation Act,2019_rev_12,carried_forward_from 2026_rev_9,2026_rev_9
SG,United States-Singapore Free Trade Agreement,2019_rev_12,carried_forward_from 2026_rev_9,2026_rev_9
OM,United States-Oman Free Trade Agreement Implementation Act,2019_rev_12,carried_forward_from 2026_rev_9,2026_rev_9
PE,United States-Peru Trade Promotion Agreement Implementation Act,2019_rev_12,carried_forward_from 2026_rev_9,2026_rev_9
KR,United States-Korea Free Trade Agreement Implementation Act,2019_rev_12,carried_forward_from 2026_rev_9,2026_rev_9
CO,United States-Colombia Trade Promotion Agreement Implementation Act,2019_rev_12,carried_forward_from 2026_rev_9,2026_rev_9
PA,United States-Panama Trade Promotion Agreement Implementation Act,2019_rev_12,carried_forward_from 2026_rev_9,2026_rev_9
NP,Nepal Preference Program,2019_rev_12,carried_forward_from 2026_rev_9,2026_rev_9
S,United States-Mexico-Canada Agreement,2019_rev_12,carried_forward_from 2026_rev_9,2026_rev_9
S+,United States-Mexico-Canada Agreement,2019_rev_12,carried_forward_from 2026_rev_9,2026_rev_9
A,Generalized System of Preferences,2019_rev_13,carried_forward_from 2026_rev_9,2026_rev_9
A*,Generalized System of Preferences,2019_rev_13,carried_forward_from 2026_rev_9,2026_rev_9
A+,Generalized System of Preferences,2019_rev_13,carried_forward_from 2026_rev_9,2026_rev_9
AU,United States-Australia Free Trade Agreement,2019_rev_13,carried_forward_from 2026_rev_9,2026_rev_9
B,Automotive Products Trade Act,2019_rev_13,carried_forward_from 2026_rev_9,2026_rev_9
BH,United States-Bahrain Free Trade Agreement Implementation Act,2019_rev_13,carried_forward_from 2026_rev_9,2026_rev_9
C,Agreement on Trade in Civil Aircraft,2019_rev_13,carried_forward_from 2026_rev_9,2026_rev_9
CL,United States-Chile Free Trade Agreement,2019_rev_13,carried_forward_from 2026_rev_9,2026_rev_9
D,African Growth and Opportunity Act,2019_rev_13,carried_forward_from 2026_rev_9,2026_rev_9
E,Caribbean Basin Economic Recovery Act,2019_rev_13,carried_forward_from 2026_rev_9,2026_rev_9
E*,Caribbean Basin Economic Recovery Act,2019_rev_13,carried_forward_from 2026_rev_9,2026_rev_9
IL,United States-Israel Free Trade Area,2019_rev_13,carried_forward_from 2026_rev_9,2026_rev_9
JO,United States-Jordan Free Trade Area Implementation Act,2019_rev_13,carried_forward_from 2026_rev_9,2026_rev_9
JP,Trade Agreement Between the United States and Japan,2019_rev_13,carried_forward_from 2026_rev_9,2026_rev_9
K,Agreement on Trade in Pharmaceutical Products,2019_rev_13,carried_forward_from 2026_rev_9,2026_rev_9
P,Dominican Republic-Central America-United States Free Trade Agreement Implementation Act,2019_rev_13,carried_forward_from 2026_rev_9,2026_rev_9
P+,Dominican Republic-Central America-United States Free Trade Agreement Implementation Act,2019_rev_13,carried_forward_from 2026_rev_9,2026_rev_9
L,Uruguay Round Concessions on Intermediate Chemicals for Dyes,2019_rev_13,carried_forward_from 2026_rev_9,2026_rev_9
R,United States-Caribbean Basin Trade Partnership Act,2019_rev_13,carried_forward_from 2026_rev_9,2026_rev_9
MA,United States-Morocco Free Trade Agreement Implementation Act,2019_rev_13,carried_forward_from 2026_rev_9,2026_rev_9
SG,United States-Singapore Free Trade Agreement,2019_rev_13,carried_forward_from 2026_rev_9,2026_rev_9
OM,United States-Oman Free Trade Agreement Implementation Act,2019_rev_13,carried_forward_from 2026_rev_9,2026_rev_9
PE,United States-Peru Trade Promotion Agreement Implementation Act,2019_rev_13,carried_forward_from 2026_rev_9,2026_rev_9
KR,United States-Korea Free Trade Agreement Implementation Act,2019_rev_13,carried_forward_from 2026_rev_9,2026_rev_9
CO,United States-Colombia Trade Promotion Agreement Implementation Act,2019_rev_13,carried_forward_from 2026_rev_9,2026_rev_9
PA,United States-Panama Trade Promotion Agreement Implementation Act,2019_rev_13,carried_forward_from 2026_rev_9,2026_rev_9
NP,Nepal Preference Program,2019_rev_13,carried_forward_from 2026_rev_9,2026_rev_9
S,United States-Mexico-Canada Agreement,2019_rev_13,carried_forward_from 2026_rev_9,2026_rev_9
S+,United States-Mexico-Canada Agreement,2019_rev_13,carried_forward_from 2026_rev_9,2026_rev_9
A,Generalized System of Preferences,2019_rev_14,carried_forward_from 2026_rev_9,2026_rev_9
A*,Generalized System of Preferences,2019_rev_14,carried_forward_from 2026_rev_9,2026_rev_9
A+,Generalized System of Preferences,2019_rev_14,carried_forward_from 2026_rev_9,2026_rev_9
AU,United States-Australia Free Trade Agreement,2019_rev_14,carried_forward_from 2026_rev_9,2026_rev_9
B,Automotive Products Trade Act,2019_rev_14,carried_forward_from 2026_rev_9,2026_rev_9
BH,United States-Bahrain Free Trade Agreement Implementation Act,2019_rev_14,carried_forward_from 2026_rev_9,2026_rev_9
C,Agreement on Trade in Civil Aircraft,2019_rev_14,carried_forward_from 2026_rev_9,2026_rev_9
CL,United States-Chile Free Trade Agreement,2019_rev_14,carried_forward_from 2026_rev_9,2026_rev_9
D,African Growth and Opportunity Act,2019_rev_14,carried_forward_from 2026_rev_9,2026_rev_9
E,Caribbean Basin Economic Recovery Act,2019_rev_14,carried_forward_from 2026_rev_9,2026_rev_9
E*,Caribbean Basin Economic Recovery Act,2019_rev_14,carried_forward_from 2026_rev_9,2026_rev_9
IL,United States-Israel Free Trade Area,2019_rev_14,carried_forward_from 2026_rev_9,2026_rev_9
JO,United States-Jordan Free Trade Area Implementation Act,2019_rev_14,carried_forward_from 2026_rev_9,2026_rev_9
JP,Trade Agreement Between the United States and Japan,2019_rev_14,carried_forward_from 2026_rev_9,2026_rev_9
K,Agreement on Trade in Pharmaceutical Products,2019_rev_14,carried_forward_from 2026_rev_9,2026_rev_9
P,Dominican Republic-Central America-United States Free Trade Agreement Implementation Act,2019_rev_14,carried_forward_from 2026_rev_9,2026_rev_9
P+,Dominican Republic-Central America-United States Free Trade Agreement Implementation Act,2019_rev_14,carried_forward_from 2026_rev_9,2026_rev_9
L,Uruguay Round Concessions on Intermediate Chemicals for Dyes,2019_rev_14,carried_forward_from 2026_rev_9,2026_rev_9
R,United States-Caribbean Basin Trade Partnership Act,2019_rev_14,carried_forward_from 2026_rev_9,2026_rev_9
MA,United States-Morocco Free Trade Agreement Implementation Act,2019_rev_14,carried_forward_from 2026_rev_9,2026_rev_9
SG,United States-Singapore Free Trade Agreement,2019_rev_14,carried_forward_from 2026_rev_9,2026_rev_9
OM,United States-Oman Free Trade Agreement Implementation Act,2019_rev_14,carried_forward_from 2026_rev_9,2026_rev_9
PE,United States-Peru Trade Promotion Agreement Implementation Act,2019_rev_14,carried_forward_from 2026_rev_9,2026_rev_9
KR,United States-Korea Free Trade Agreement Implementation Act,2019_rev_14,carried_forward_from 2026_rev_9,2026_rev_9
CO,United States-Colombia Trade Promotion Agreement Implementation Act,2019_rev_14,carried_forward_from 2026_rev_9,2026_rev_9
PA,United States-Panama Trade Promotion Agreement Implementation Act,2019_rev_14,carried_forward_from 2026_rev_9,2026_rev_9
NP,Nepal Preference Program,2019_rev_14,carried_forward_from 2026_rev_9,2026_rev_9
S,United States-Mexico-Canada Agreement,2019_rev_14,carried_forward_from 2026_rev_9,2026_rev_9
S+,United States-Mexico-Canada Agreement,2019_rev_14,carried_forward_from 2026_rev_9,2026_rev_9
A,Generalized System of Preferences,2019_rev_15,carried_forward_from 2026_rev_9,2026_rev_9
A*,Generalized System of Preferences,2019_rev_15,carried_forward_from 2026_rev_9,2026_rev_9
A+,Generalized System of Preferences,2019_rev_15,carried_forward_from 2026_rev_9,2026_rev_9
AU,United States-Australia Free Trade Agreement,2019_rev_15,carried_forward_from 2026_rev_9,2026_rev_9
B,Automotive Products Trade Act,2019_rev_15,carried_forward_from 2026_rev_9,2026_rev_9
BH,United States-Bahrain Free Trade Agreement Implementation Act,2019_rev_15,carried_forward_from 2026_rev_9,2026_rev_9
C,Agreement on Trade in Civil Aircraft,2019_rev_15,carried_forward_from 2026_rev_9,2026_rev_9
CL,United States-Chile Free Trade Agreement,2019_rev_15,carried_forward_from 2026_rev_9,2026_rev_9
D,African Growth and Opportunity Act,2019_rev_15,carried_forward_from 2026_rev_9,2026_rev_9
E,Caribbean Basin Economic Recovery Act,2019_rev_15,carried_forward_from 2026_rev_9,2026_rev_9
E*,Caribbean Basin Economic Recovery Act,2019_rev_15,carried_forward_from 2026_rev_9,2026_rev_9
IL,United States-Israel Free Trade Area,2019_rev_15,carried_forward_from 2026_rev_9,2026_rev_9
JO,United States-Jordan Free Trade Area Implementation Act,2019_rev_15,carried_forward_from 2026_rev_9,2026_rev_9
JP,Trade Agreement Between the United States and Japan,2019_rev_15,carried_forward_from 2026_rev_9,2026_rev_9
K,Agreement on Trade in Pharmaceutical Products,2019_rev_15,carried_forward_from 2026_rev_9,2026_rev_9
P,Dominican Republic-Central America-United States Free Trade Agreement Implementation Act,2019_rev_15,carried_forward_from 2026_rev_9,2026_rev_9
P+,Dominican Republic-Central America-United States Free Trade Agreement Implementation Act,2019_rev_15,carried_forward_from 2026_rev_9,2026_rev_9
L,Uruguay Round Concessions on Intermediate Chemicals for Dyes,2019_rev_15,carried_forward_from 2026_rev_9,2026_rev_9
R,United States-Caribbean Basin Trade Partnership Act,2019_rev_15,carried_forward_from 2026_rev_9,2026_rev_9
MA,United States-Morocco Free Trade Agreement Implementation Act,2019_rev_15,carried_forward_from 2026_rev_9,2026_rev_9
SG,United States-Singapore Free Trade Agreement,2019_rev_15,carried_forward_from 2026_rev_9,2026_rev_9
OM,United States-Oman Free Trade Agreement Implementation Act,2019_rev_15,carried_forward_from 2026_rev_9,2026_rev_9
PE,United States-Peru Trade Promotion Agreement Implementation Act,2019_rev_15,carried_forward_from 2026_rev_9,2026_rev_9
KR,United States-Korea Free Trade Agreement Implementation Act,2019_rev_15,carried_forward_from 2026_rev_9,2026_rev_9
CO,United States-Colombia Trade Promotion Agreement Implementation Act,2019_rev_15,carried_forward_from 2026_rev_9,2026_rev_9
PA,United States-Panama Trade Promotion Agreement Implementation Act,2019_rev_15,carried_forward_from 2026_rev_9,2026_rev_9
NP,Nepal Preference Program,2019_rev_15,carried_forward_from 2026_rev_9,2026_rev_9
S,United States-Mexico-Canada Agreement,2019_rev_15,carried_forward_from 2026_rev_9,2026_rev_9
S+,United States-Mexico-Canada Agreement,2019_rev_15,carried_forward_from 2026_rev_9,2026_rev_9
A,Generalized System of Preferences,2019_rev_16,carried_forward_from 2026_rev_9,2026_rev_9
A*,Generalized System of Preferences,2019_rev_16,carried_forward_from 2026_rev_9,2026_rev_9
A+,Generalized System of Preferences,2019_rev_16,carried_forward_from 2026_rev_9,2026_rev_9
AU,United States-Australia Free Trade Agreement,2019_rev_16,carried_forward_from 2026_rev_9,2026_rev_9
B,Automotive Products Trade Act,2019_rev_16,carried_forward_from 2026_rev_9,2026_rev_9
BH,United States-Bahrain Free Trade Agreement Implementation Act,2019_rev_16,carried_forward_from 2026_rev_9,2026_rev_9
C,Agreement on Trade in Civil Aircraft,2019_rev_16,carried_forward_from 2026_rev_9,2026_rev_9
CL,United States-Chile Free Trade Agreement,2019_rev_16,carried_forward_from 2026_rev_9,2026_rev_9
D,African Growth and Opportunity Act,2019_rev_16,carried_forward_from 2026_rev_9,2026_rev_9
E,Caribbean Basin Economic Recovery Act,2019_rev_16,carried_forward_from 2026_rev_9,2026_rev_9
E*,Caribbean Basin Economic Recovery Act,2019_rev_16,carried_forward_from 2026_rev_9,2026_rev_9
IL,United States-Israel Free Trade Area,2019_rev_16,carried_forward_from 2026_rev_9,2026_rev_9
JO,United States-Jordan Free Trade Area Implementation Act,2019_rev_16,carried_forward_from 2026_rev_9,2026_rev_9
JP,Trade Agreement Between the United States and Japan,2019_rev_16,carried_forward_from 2026_rev_9,2026_rev_9
K,Agreement on Trade in Pharmaceutical Products,2019_rev_16,carried_forward_from 2026_rev_9,2026_rev_9
P,Dominican Republic-Central America-United States Free Trade Agreement Implementation Act,2019_rev_16,carried_forward_from 2026_rev_9,2026_rev_9
P+,Dominican Republic-Central America-United States Free Trade Agreement Implementation Act,2019_rev_16,carried_forward_from 2026_rev_9,2026_rev_9
L,Uruguay Round Concessions on Intermediate Chemicals for Dyes,2019_rev_16,carried_forward_from 2026_rev_9,2026_rev_9
R,United States-Caribbean Basin Trade Partnership Act,2019_rev_16,carried_forward_from 2026_rev_9,2026_rev_9
MA,United States-Morocco Free Trade Agreement Implementation Act,2019_rev_16,carried_forward_from 2026_rev_9,2026_rev_9
SG,United States-Singapore Free Trade Agreement,2019_rev_16,carried_forward_from 2026_rev_9,2026_rev_9
OM,United States-Oman Free Trade Agreement Implementation Act,2019_rev_16,carried_forward_from 2026_rev_9,2026_rev_9
PE,United States-Peru Trade Promotion Agreement Implementation Act,2019_rev_16,carried_forward_from 2026_rev_9,2026_rev_9
KR,United States-Korea Free Trade Agreement Implementation Act,2019_rev_16,carried_forward_from 2026_rev_9,2026_rev_9
CO,United States-Colombia Trade Promotion Agreement Implementation Act,2019_rev_16,carried_forward_from 2026_rev_9,2026_rev_9
PA,United States-Panama Trade Promotion Agreement Implementation Act,2019_rev_16,carried_forward_from 2026_rev_9,2026_rev_9
NP,Nepal Preference Program,2019_rev_16,carried_forward_from 2026_rev_9,2026_rev_9
S,United States-Mexico-Canada Agreement,2019_rev_16,carried_forward_from 2026_rev_9,2026_rev_9
S+,United States-Mexico-Canada Agreement,2019_rev_16,carried_forward_from 2026_rev_9,2026_rev_9
A,Generalized System of Preferences,2019_rev_17,carried_forward_from 2026_rev_9,2026_rev_9
A*,Generalized System of Preferences,2019_rev_17,carried_forward_from 2026_rev_9,2026_rev_9
A+,Generalized System of Preferences,2019_rev_17,carried_forward_from 2026_rev_9,2026_rev_9
AU,United States-Australia Free Trade Agreement,2019_rev_17,carried_forward_from 2026_rev_9,2026_rev_9
B,Automotive Products Trade Act,2019_rev_17,carried_forward_from 2026_rev_9,2026_rev_9
BH,United States-Bahrain Free Trade Agreement Implementation Act,2019_rev_17,carried_forward_from 2026_rev_9,2026_rev_9
C,Agreement on Trade in Civil Aircraft,2019_rev_17,carried_forward_from 2026_rev_9,2026_rev_9
CL,United States-Chile Free Trade Agreement,2019_rev_17,carried_forward_from 2026_rev_9,2026_rev_9
D,African Growth and Opportunity Act,2019_rev_17,carried_forward_from 2026_rev_9,2026_rev_9
E,Caribbean Basin Economic Recovery Act,2019_rev_17,carried_forward_from 2026_rev_9,2026_rev_9
E*,Caribbean Basin Economic Recovery Act,2019_rev_17,carried_forward_from 2026_rev_9,2026_rev_9
IL,United States-Israel Free Trade Area,2019_rev_17,carried_forward_from 2026_rev_9,2026_rev_9
JO,United States-Jordan Free Trade Area Implementation Act,2019_rev_17,carried_forward_from 2026_rev_9,2026_rev_9
JP,Trade Agreement Between the United States and Japan,2019_rev_17,carried_forward_from 2026_rev_9,2026_rev_9
K,Agreement on Trade in Pharmaceutical Products,2019_rev_17,carried_forward_from 2026_rev_9,2026_rev_9
P,Dominican Republic-Central America-United States Free Trade Agreement Implementation Act,2019_rev_17,carried_forward_from 2026_rev_9,2026_rev_9
P+,Dominican Republic-Central America-United States Free Trade Agreement Implementation Act,2019_rev_17,carried_forward_from 2026_rev_9,2026_rev_9
L,Uruguay Round Concessions on Intermediate Chemicals for Dyes,2019_rev_17,carried_forward_from 2026_rev_9,2026_rev_9
R,United States-Caribbean Basin Trade Partnership Act,2019_rev_17,carried_forward_from 2026_rev_9,2026_rev_9
MA,United States-Morocco Free Trade Agreement Implementation Act,2019_rev_17,carried_forward_from 2026_rev_9,2026_rev_9
SG,United States-Singapore Free Trade Agreement,2019_rev_17,carried_forward_from 2026_rev_9,2026_rev_9
OM,United States-Oman Free Trade Agreement Implementation Act,2019_rev_17,carried_forward_from 2026_rev_9,2026_rev_9
PE,United States-Peru Trade Promotion Agreement Implementation Act,2019_rev_17,carried_forward_from 2026_rev_9,2026_rev_9
KR,United States-Korea Free Trade Agreement Implementation Act,2019_rev_17,carried_forward_from 2026_rev_9,2026_rev_9
CO,United States-Colombia Trade Promotion Agreement Implementation Act,2019_rev_17,carried_forward_from 2026_rev_9,2026_rev_9
PA,United States-Panama Trade Promotion Agreement Implementation Act,2019_rev_17,carried_forward_from 2026_rev_9,2026_rev_9
NP,Nepal Preference Program,2019_rev_17,carried_forward_from 2026_rev_9,2026_rev_9
S,United States-Mexico-Canada Agreement,2019_rev_17,carried_forward_from 2026_rev_9,2026_rev_9
S+,United States-Mexico-Canada Agreement,2019_rev_17,carried_forward_from 2026_rev_9,2026_rev_9
A,Generalized System of Preferences,2019_rev_18,carried_forward_from 2026_rev_9,2026_rev_9
A*,Generalized System of Preferences,2019_rev_18,carried_forward_from 2026_rev_9,2026_rev_9
A+,Generalized System of Preferences,2019_rev_18,carried_forward_from 2026_rev_9,2026_rev_9
AU,United States-Australia Free Trade Agreement,2019_rev_18,carried_forward_from 2026_rev_9,2026_rev_9
B,Automotive Products Trade Act,2019_rev_18,carried_forward_from 2026_rev_9,2026_rev_9
BH,United States-Bahrain Free Trade Agreement Implementation Act,2019_rev_18,carried_forward_from 2026_rev_9,2026_rev_9
C,Agreement on Trade in Civil Aircraft,2019_rev_18,carried_forward_from 2026_rev_9,2026_rev_9
CL,United States-Chile Free Trade Agreement,2019_rev_18,carried_forward_from 2026_rev_9,2026_rev_9
D,African Growth and Opportunity Act,2019_rev_18,carried_forward_from 2026_rev_9,2026_rev_9
E,Caribbean Basin Economic Recovery Act,2019_rev_18,carried_forward_from 2026_rev_9,2026_rev_9
E*,Caribbean Basin Economic Recovery Act,2019_rev_18,carried_forward_from 2026_rev_9,2026_rev_9
IL,United States-Israel Free Trade Area,2019_rev_18,carried_forward_from 2026_rev_9,2026_rev_9
JO,United States-Jordan Free Trade Area Implementation Act,2019_rev_18,carried_forward_from 2026_rev_9,2026_rev_9
JP,Trade Agreement Between the United States and Japan,2019_rev_18,carried_forward_from 2026_rev_9,2026_rev_9
K,Agreement on Trade in Pharmaceutical Products,2019_rev_18,carried_forward_from 2026_rev_9,2026_rev_9
P,Dominican Republic-Central America-United States Free Trade Agreement Implementation Act,2019_rev_18,carried_forward_from 2026_rev_9,2026_rev_9
P+,Dominican Republic-Central America-United States Free Trade Agreement Implementation Act,2019_rev_18,carried_forward_from 2026_rev_9,2026_rev_9
L,Uruguay Round Concessions on Intermediate Chemicals for Dyes,2019_rev_18,carried_forward_from 2026_rev_9,2026_rev_9
R,United States-Caribbean Basin Trade Partnership Act,2019_rev_18,carried_forward_from 2026_rev_9,2026_rev_9
MA,United States-Morocco Free Trade Agreement Implementation Act,2019_rev_18,carried_forward_from 2026_rev_9,2026_rev_9
SG,United States-Singapore Free Trade Agreement,2019_rev_18,carried_forward_from 2026_rev_9,2026_rev_9
OM,United States-Oman Free Trade Agreement Implementation Act,2019_rev_18,carried_forward_from 2026_rev_9,2026_rev_9
PE,United States-Peru Trade Promotion Agreement Implementation Act,2019_rev_18,carried_forward_from 2026_rev_9,2026_rev_9
KR,United States-Korea Free Trade Agreement Implementation Act,2019_rev_18,carried_forward_from 2026_rev_9,2026_rev_9
CO,United States-Colombia Trade Promotion Agreement Implementation Act,2019_rev_18,carried_forward_from 2026_rev_9,2026_rev_9
PA,United States-Panama Trade Promotion Agreement Implementation Act,2019_rev_18,carried_forward_from 2026_rev_9,2026_rev_9
NP,Nepal Preference Program,2019_rev_18,carried_forward_from 2026_rev_9,2026_rev_9
S,United States-Mexico-Canada Agreement,2019_rev_18,carried_forward_from 2026_rev_9,2026_rev_9
S+,United States-Mexico-Canada Agreement,2019_rev_18,carried_forward_from 2026_rev_9,2026_rev_9
A,Generalized System of Preferences,2019_rev_19,carried_forward_from 2026_rev_9,2026_rev_9
A*,Generalized System of Preferences,2019_rev_19,carried_forward_from 2026_rev_9,2026_rev_9
A+,Generalized System of Preferences,2019_rev_19,carried_forward_from 2026_rev_9,2026_rev_9
AU,United States-Australia Free Trade Agreement,2019_rev_19,carried_forward_from 2026_rev_9,2026_rev_9
B,Automotive Products Trade Act,2019_rev_19,carried_forward_from 2026_rev_9,2026_rev_9
BH,United States-Bahrain Free Trade Agreement Implementation Act,2019_rev_19,carried_forward_from 2026_rev_9,2026_rev_9
C,Agreement on Trade in Civil Aircraft,2019_rev_19,carried_forward_from 2026_rev_9,2026_rev_9
CL,United States-Chile Free Trade Agreement,2019_rev_19,carried_forward_from 2026_rev_9,2026_rev_9
D,African Growth and Opportunity Act,2019_rev_19,carried_forward_from 2026_rev_9,2026_rev_9
E,Caribbean Basin Economic Recovery Act,2019_rev_19,carried_forward_from 2026_rev_9,2026_rev_9
E*,Caribbean Basin Economic Recovery Act,2019_rev_19,carried_forward_from 2026_rev_9,2026_rev_9
IL,United States-Israel Free Trade Area,2019_rev_19,carried_forward_from 2026_rev_9,2026_rev_9
JO,United States-Jordan Free Trade Area Implementation Act,2019_rev_19,carried_forward_from 2026_rev_9,2026_rev_9
JP,Trade Agreement Between the United States and Japan,2019_rev_19,carried_forward_from 2026_rev_9,2026_rev_9
K,Agreement on Trade in Pharmaceutical Products,2019_rev_19,carried_forward_from 2026_rev_9,2026_rev_9
P,Dominican Republic-Central America-United States Free Trade Agreement Implementation Act,2019_rev_19,carried_forward_from 2026_rev_9,2026_rev_9
P+,Dominican Republic-Central America-United States Free Trade Agreement Implementation Act,2019_rev_19,carried_forward_from 2026_rev_9,2026_rev_9
L,Uruguay Round Concessions on Intermediate Chemicals for Dyes,2019_rev_19,carried_forward_from 2026_rev_9,2026_rev_9
R,United States-Caribbean Basin Trade Partnership Act,2019_rev_19,carried_forward_from 2026_rev_9,2026_rev_9
MA,United States-Morocco Free Trade Agreement Implementation Act,2019_rev_19,carried_forward_from 2026_rev_9,2026_rev_9
SG,United States-Singapore Free Trade Agreement,2019_rev_19,carried_forward_from 2026_rev_9,2026_rev_9
OM,United States-Oman Free Trade Agreement Implementation Act,2019_rev_19,carried_forward_from 2026_rev_9,2026_rev_9
PE,United States-Peru Trade Promotion Agreement Implementation Act,2019_rev_19,carried_forward_from 2026_rev_9,2026_rev_9
KR,United States-Korea Free Trade Agreement Implementation Act,2019_rev_19,carried_forward_from 2026_rev_9,2026_rev_9
CO,United States-Colombia Trade Promotion Agreement Implementation Act,2019_rev_19,carried_forward_from 2026_rev_9,2026_rev_9
PA,United States-Panama Trade Promotion Agreement Implementation Act,2019_rev_19,carried_forward_from 2026_rev_9,2026_rev_9
NP,Nepal Preference Program,2019_rev_19,carried_forward_from 2026_rev_9,2026_rev_9
S,United States-Mexico-Canada Agreement,2019_rev_19,carried_forward_from 2026_rev_9,2026_rev_9
S+,United States-Mexico-Canada Agreement,2019_rev_19,carried_forward_from 2026_rev_9,2026_rev_9
A,Generalized System of Preferences,2019_rev_20,carried_forward_from 2026_rev_9,2026_rev_9
A*,Generalized System of Preferences,2019_rev_20,carried_forward_from 2026_rev_9,2026_rev_9
A+,Generalized System of Preferences,2019_rev_20,carried_forward_from 2026_rev_9,2026_rev_9
AU,United States-Australia Free Trade Agreement,2019_rev_20,carried_forward_from 2026_rev_9,2026_rev_9
B,Automotive Products Trade Act,2019_rev_20,carried_forward_from 2026_rev_9,2026_rev_9
BH,United States-Bahrain Free Trade Agreement Implementation Act,2019_rev_20,carried_forward_from 2026_rev_9,2026_rev_9
C,Agreement on Trade in Civil Aircraft,2019_rev_20,carried_forward_from 2026_rev_9,2026_rev_9
CL,United States-Chile Free Trade Agreement,2019_rev_20,carried_forward_from 2026_rev_9,2026_rev_9
D,African Growth and Opportunity Act,2019_rev_20,carried_forward_from 2026_rev_9,2026_rev_9
E,Caribbean Basin Economic Recovery Act,2019_rev_20,carried_forward_from 2026_rev_9,2026_rev_9
E*,Caribbean Basin Economic Recovery Act,2019_rev_20,carried_forward_from 2026_rev_9,2026_rev_9
IL,United States-Israel Free Trade Area,2019_rev_20,carried_forward_from 2026_rev_9,2026_rev_9
JO,United States-Jordan Free Trade Area Implementation Act,2019_rev_20,carried_forward_from 2026_rev_9,2026_rev_9
JP,Trade Agreement Between the United States and Japan,2019_rev_20,carried_forward_from 2026_rev_9,2026_rev_9
K,Agreement on Trade in Pharmaceutical Products,2019_rev_20,carried_forward_from 2026_rev_9,2026_rev_9
P,Dominican Republic-Central America-United States Free Trade Agreement Implementation Act,2019_rev_20,carried_forward_from 2026_rev_9,2026_rev_9
P+,Dominican Republic-Central America-United States Free Trade Agreement Implementation Act,2019_rev_20,carried_forward_from 2026_rev_9,2026_rev_9
L,Uruguay Round Concessions on Intermediate Chemicals for Dyes,2019_rev_20,carried_forward_from 2026_rev_9,2026_rev_9
R,United States-Caribbean Basin Trade Partnership Act,2019_rev_20,carried_forward_from 2026_rev_9,2026_rev_9
MA,United States-Morocco Free Trade Agreement Implementation Act,2019_rev_20,carried_forward_from 2026_rev_9,2026_rev_9
SG,United States-Singapore Free Trade Agreement,2019_rev_20,carried_forward_from 2026_rev_9,2026_rev_9
OM,United States-Oman Free Trade Agreement Implementation Act,2019_rev_20,carried_forward_from 2026_rev_9,2026_rev_9
PE,United States-Peru Trade Promotion Agreement Implementation Act,2019_rev_20,carried_forward_from 2026_rev_9,2026_rev_9
KR,United States-Korea Free Trade Agreement Implementation Act,2019_rev_20,carried_forward_from 2026_rev_9,2026_rev_9
CO,United States-Colombia Trade Promotion Agreement Implementation Act,2019_rev_20,carried_forward_from 2026_rev_9,2026_rev_9
PA,United States-Panama Trade Promotion Agreement Implementation Act,2019_rev_20,carried_forward_from 2026_rev_9,2026_rev_9
NP,Nepal Preference Program,2019_rev_20,carried_forward_from 2026_rev_9,2026_rev_9
S,United States-Mexico-Canada Agreement,2019_rev_20,carried_forward_from 2026_rev_9,2026_rev_9
S+,United States-Mexico-Canada Agreement,2019_rev_20,carried_forward_from 2026_rev_9,2026_rev_9
A,Generalized System of Preferences,2020_basic,carried_forward_from 2026_rev_9,2026_rev_9
A*,Generalized System of Preferences,2020_basic,carried_forward_from 2026_rev_9,2026_rev_9
A+,Generalized System of Preferences,2020_basic,carried_forward_from 2026_rev_9,2026_rev_9
AU,United States-Australia Free Trade Agreement,2020_basic,carried_forward_from 2026_rev_9,2026_rev_9
B,Automotive Products Trade Act,2020_basic,carried_forward_from 2026_rev_9,2026_rev_9
BH,United States-Bahrain Free Trade Agreement Implementation Act,2020_basic,carried_forward_from 2026_rev_9,2026_rev_9
C,Agreement on Trade in Civil Aircraft,2020_basic,carried_forward_from 2026_rev_9,2026_rev_9
CL,United States-Chile Free Trade Agreement,2020_basic,carried_forward_from 2026_rev_9,2026_rev_9
D,African Growth and Opportunity Act,2020_basic,carried_forward_from 2026_rev_9,2026_rev_9
E,Caribbean Basin Economic Recovery Act,2020_basic,carried_forward_from 2026_rev_9,2026_rev_9
E*,Caribbean Basin Economic Recovery Act,2020_basic,carried_forward_from 2026_rev_9,2026_rev_9
IL,United States-Israel Free Trade Area,2020_basic,carried_forward_from 2026_rev_9,2026_rev_9
JO,United States-Jordan Free Trade Area Implementation Act,2020_basic,carried_forward_from 2026_rev_9,2026_rev_9
JP,Trade Agreement Between the United States and Japan,2020_basic,carried_forward_from 2026_rev_9,2026_rev_9
K,Agreement on Trade in Pharmaceutical Products,2020_basic,carried_forward_from 2026_rev_9,2026_rev_9
P,Dominican Republic-Central America-United States Free Trade Agreement Implementation Act,2020_basic,carried_forward_from 2026_rev_9,2026_rev_9
P+,Dominican Republic-Central America-United States Free Trade Agreement Implementation Act,2020_basic,carried_forward_from 2026_rev_9,2026_rev_9
L,Uruguay Round Concessions on Intermediate Chemicals for Dyes,2020_basic,carried_forward_from 2026_rev_9,2026_rev_9
R,United States-Caribbean Basin Trade Partnership Act,2020_basic,carried_forward_from 2026_rev_9,2026_rev_9
MA,United States-Morocco Free Trade Agreement Implementation Act,2020_basic,carried_forward_from 2026_rev_9,2026_rev_9
SG,United States-Singapore Free Trade Agreement,2020_basic,carried_forward_from 2026_rev_9,2026_rev_9
OM,United States-Oman Free Trade Agreement Implementation Act,2020_basic,carried_forward_from 2026_rev_9,2026_rev_9
PE,United States-Peru Trade Promotion Agreement Implementation Act,2020_basic,carried_forward_from 2026_rev_9,2026_rev_9
KR,United States-Korea Free Trade Agreement Implementation Act,2020_basic,carried_forward_from 2026_rev_9,2026_rev_9
CO,United States-Colombia Trade Promotion Agreement Implementation Act,2020_basic,carried_forward_from 2026_rev_9,2026_rev_9
PA,United States-Panama Trade Promotion Agreement Implementation Act,2020_basic,carried_forward_from 2026_rev_9,2026_rev_9
NP,Nepal Preference Program,2020_basic,carried_forward_from 2026_rev_9,2026_rev_9
S,United States-Mexico-Canada Agreement,2020_basic,carried_forward_from 2026_rev_9,2026_rev_9
S+,United States-Mexico-Canada Agreement,2020_basic,carried_forward_from 2026_rev_9,2026_rev_9
A,Generalized System of Preferences,2020_rev_1,carried_forward_from 2026_rev_9,2026_rev_9
A*,Generalized System of Preferences,2020_rev_1,carried_forward_from 2026_rev_9,2026_rev_9
A+,Generalized System of Preferences,2020_rev_1,carried_forward_from 2026_rev_9,2026_rev_9
AU,United States-Australia Free Trade Agreement,2020_rev_1,carried_forward_from 2026_rev_9,2026_rev_9
B,Automotive Products Trade Act,2020_rev_1,carried_forward_from 2026_rev_9,2026_rev_9
BH,United States-Bahrain Free Trade Agreement Implementation Act,2020_rev_1,carried_forward_from 2026_rev_9,2026_rev_9
C,Agreement on Trade in Civil Aircraft,2020_rev_1,carried_forward_from 2026_rev_9,2026_rev_9
CL,United States-Chile Free Trade Agreement,2020_rev_1,carried_forward_from 2026_rev_9,2026_rev_9
D,African Growth and Opportunity Act,2020_rev_1,carried_forward_from 2026_rev_9,2026_rev_9
E,Caribbean Basin Economic Recovery Act,2020_rev_1,carried_forward_from 2026_rev_9,2026_rev_9
E*,Caribbean Basin Economic Recovery Act,2020_rev_1,carried_forward_from 2026_rev_9,2026_rev_9
IL,United States-Israel Free Trade Area,2020_rev_1,carried_forward_from 2026_rev_9,2026_rev_9
JO,United States-Jordan Free Trade Area Implementation Act,2020_rev_1,carried_forward_from 2026_rev_9,2026_rev_9
JP,Trade Agreement Between the United States and Japan,2020_rev_1,carried_forward_from 2026_rev_9,2026_rev_9
K,Agreement on Trade in Pharmaceutical Products,2020_rev_1,carried_forward_from 2026_rev_9,2026_rev_9
P,Dominican Republic-Central America-United States Free Trade Agreement Implementation Act,2020_rev_1,carried_forward_from 2026_rev_9,2026_rev_9
P+,Dominican Republic-Central America-United States Free Trade Agreement Implementation Act,2020_rev_1,carried_forward_from 2026_rev_9,2026_rev_9
L,Uruguay Round Concessions on Intermediate Chemicals for Dyes,2020_rev_1,carried_forward_from 2026_rev_9,2026_rev_9
R,United States-Caribbean Basin Trade Partnership Act,2020_rev_1,carried_forward_from 2026_rev_9,2026_rev_9
MA,United States-Morocco Free Trade Agreement Implementation Act,2020_rev_1,carried_forward_from 2026_rev_9,2026_rev_9
SG,United States-Singapore Free Trade Agreement,2020_rev_1,carried_forward_from 2026_rev_9,2026_rev_9
OM,United States-Oman Free Trade Agreement Implementation Act,2020_rev_1,carried_forward_from 2026_rev_9,2026_rev_9
PE,United States-Peru Trade Promotion Agreement Implementation Act,2020_rev_1,carried_forward_from 2026_rev_9,2026_rev_9
KR,United States-Korea Free Trade Agreement Implementation Act,2020_rev_1,carried_forward_from 2026_rev_9,2026_rev_9
CO,United States-Colombia Trade Promotion Agreement Implementation Act,2020_rev_1,carried_forward_from 2026_rev_9,2026_rev_9
PA,United States-Panama Trade Promotion Agreement Implementation Act,2020_rev_1,carried_forward_from 2026_rev_9,2026_rev_9
NP,Nepal Preference Program,2020_rev_1,carried_forward_from 2026_rev_9,2026_rev_9
S,United States-Mexico-Canada Agreement,2020_rev_1,carried_forward_from 2026_rev_9,2026_rev_9
S+,United States-Mexico-Canada Agreement,2020_rev_1,carried_forward_from 2026_rev_9,2026_rev_9
A,Generalized System of Preferences,2020_rev_2,carried_forward_from 2026_rev_9,2026_rev_9
A*,Generalized System of Preferences,2020_rev_2,carried_forward_from 2026_rev_9,2026_rev_9
A+,Generalized System of Preferences,2020_rev_2,carried_forward_from 2026_rev_9,2026_rev_9
AU,United States-Australia Free Trade Agreement,2020_rev_2,carried_forward_from 2026_rev_9,2026_rev_9
B,Automotive Products Trade Act,2020_rev_2,carried_forward_from 2026_rev_9,2026_rev_9
BH,United States-Bahrain Free Trade Agreement Implementation Act,2020_rev_2,carried_forward_from 2026_rev_9,2026_rev_9
C,Agreement on Trade in Civil Aircraft,2020_rev_2,carried_forward_from 2026_rev_9,2026_rev_9
CL,United States-Chile Free Trade Agreement,2020_rev_2,carried_forward_from 2026_rev_9,2026_rev_9
D,African Growth and Opportunity Act,2020_rev_2,carried_forward_from 2026_rev_9,2026_rev_9
E,Caribbean Basin Economic Recovery Act,2020_rev_2,carried_forward_from 2026_rev_9,2026_rev_9
E*,Caribbean Basin Economic Recovery Act,2020_rev_2,carried_forward_from 2026_rev_9,2026_rev_9
IL,United States-Israel Free Trade Area,2020_rev_2,carried_forward_from 2026_rev_9,2026_rev_9
JO,United States-Jordan Free Trade Area Implementation Act,2020_rev_2,carried_forward_from 2026_rev_9,2026_rev_9
JP,Trade Agreement Between the United States and Japan,2020_rev_2,carried_forward_from 2026_rev_9,2026_rev_9
K,Agreement on Trade in Pharmaceutical Products,2020_rev_2,carried_forward_from 2026_rev_9,2026_rev_9
P,Dominican Republic-Central America-United States Free Trade Agreement Implementation Act,2020_rev_2,carried_forward_from 2026_rev_9,2026_rev_9
P+,Dominican Republic-Central America-United States Free Trade Agreement Implementation Act,2020_rev_2,carried_forward_from 2026_rev_9,2026_rev_9
L,Uruguay Round Concessions on Intermediate Chemicals for Dyes,2020_rev_2,carried_forward_from 2026_rev_9,2026_rev_9
R,United States-Caribbean Basin Trade Partnership Act,2020_rev_2,carried_forward_from 2026_rev_9,2026_rev_9
MA,United States-Morocco Free Trade Agreement Implementation Act,2020_rev_2,carried_forward_from 2026_rev_9,2026_rev_9
SG,United States-Singapore Free Trade Agreement,2020_rev_2,carried_forward_from 2026_rev_9,2026_rev_9
OM,United States-Oman Free Trade Agreement Implementation Act,2020_rev_2,carried_forward_from 2026_rev_9,2026_rev_9
PE,United States-Peru Trade Promotion Agreement Implementation Act,2020_rev_2,carried_forward_from 2026_rev_9,2026_rev_9
KR,United States-Korea Free Trade Agreement Implementation Act,2020_rev_2,carried_forward_from 2026_rev_9,2026_rev_9
CO,United States-Colombia Trade Promotion Agreement Implementation Act,2020_rev_2,carried_forward_from 2026_rev_9,2026_rev_9
PA,United States-Panama Trade Promotion Agreement Implementation Act,2020_rev_2,carried_forward_from 2026_rev_9,2026_rev_9
NP,Nepal Preference Program,2020_rev_2,carried_forward_from 2026_rev_9,2026_rev_9
S,United States-Mexico-Canada Agreement,2020_rev_2,carried_forward_from 2026_rev_9,2026_rev_9
S+,United States-Mexico-Canada Agreement,2020_rev_2,carried_forward_from 2026_rev_9,2026_rev_9
A,Generalized System of Preferences,2020_rev_3,carried_forward_from 2026_rev_9,2026_rev_9
A*,Generalized System of Preferences,2020_rev_3,carried_forward_from 2026_rev_9,2026_rev_9
A+,Generalized System of Preferences,2020_rev_3,carried_forward_from 2026_rev_9,2026_rev_9
AU,United States-Australia Free Trade Agreement,2020_rev_3,carried_forward_from 2026_rev_9,2026_rev_9
B,Automotive Products Trade Act,2020_rev_3,carried_forward_from 2026_rev_9,2026_rev_9
BH,United States-Bahrain Free Trade Agreement Implementation Act,2020_rev_3,carried_forward_from 2026_rev_9,2026_rev_9
C,Agreement on Trade in Civil Aircraft,2020_rev_3,carried_forward_from 2026_rev_9,2026_rev_9
CL,United States-Chile Free Trade Agreement,2020_rev_3,carried_forward_from 2026_rev_9,2026_rev_9
D,African Growth and Opportunity Act,2020_rev_3,carried_forward_from 2026_rev_9,2026_rev_9
E,Caribbean Basin Economic Recovery Act,2020_rev_3,carried_forward_from 2026_rev_9,2026_rev_9
E*,Caribbean Basin Economic Recovery Act,2020_rev_3,carried_forward_from 2026_rev_9,2026_rev_9
IL,United States-Israel Free Trade Area,2020_rev_3,carried_forward_from 2026_rev_9,2026_rev_9
JO,United States-Jordan Free Trade Area Implementation Act,2020_rev_3,carried_forward_from 2026_rev_9,2026_rev_9
JP,Trade Agreement Between the United States and Japan,2020_rev_3,carried_forward_from 2026_rev_9,2026_rev_9
K,Agreement on Trade in Pharmaceutical Products,2020_rev_3,carried_forward_from 2026_rev_9,2026_rev_9
P,Dominican Republic-Central America-United States Free Trade Agreement Implementation Act,2020_rev_3,carried_forward_from 2026_rev_9,2026_rev_9
P+,Dominican Republic-Central America-United States Free Trade Agreement Implementation Act,2020_rev_3,carried_forward_from 2026_rev_9,2026_rev_9
L,Uruguay Round Concessions on Intermediate Chemicals for Dyes,2020_rev_3,carried_forward_from 2026_rev_9,2026_rev_9
R,United States-Caribbean Basin Trade Partnership Act,2020_rev_3,carried_forward_from 2026_rev_9,2026_rev_9
MA,United States-Morocco Free Trade Agreement Implementation Act,2020_rev_3,carried_forward_from 2026_rev_9,2026_rev_9
SG,United States-Singapore Free Trade Agreement,2020_rev_3,carried_forward_from 2026_rev_9,2026_rev_9
OM,United States-Oman Free Trade Agreement Implementation Act,2020_rev_3,carried_forward_from 2026_rev_9,2026_rev_9
PE,United States-Peru Trade Promotion Agreement Implementation Act,2020_rev_3,carried_forward_from 2026_rev_9,2026_rev_9
KR,United States-Korea Free Trade Agreement Implementation Act,2020_rev_3,carried_forward_from 2026_rev_9,2026_rev_9
CO,United States-Colombia Trade Promotion Agreement Implementation Act,2020_rev_3,carried_forward_from 2026_rev_9,2026_rev_9
PA,United States-Panama Trade Promotion Agreement Implementation Act,2020_rev_3,carried_forward_from 2026_rev_9,2026_rev_9
NP,Nepal Preference Program,2020_rev_3,carried_forward_from 2026_rev_9,2026_rev_9
S,United States-Mexico-Canada Agreement,2020_rev_3,carried_forward_from 2026_rev_9,2026_rev_9
S+,United States-Mexico-Canada Agreement,2020_rev_3,carried_forward_from 2026_rev_9,2026_rev_9
A,Generalized System of Preferences,2020_rev_4,carried_forward_from 2026_rev_9,2026_rev_9
A*,Generalized System of Preferences,2020_rev_4,carried_forward_from 2026_rev_9,2026_rev_9
A+,Generalized System of Preferences,2020_rev_4,carried_forward_from 2026_rev_9,2026_rev_9
AU,United States-Australia Free Trade Agreement,2020_rev_4,carried_forward_from 2026_rev_9,2026_rev_9
B,Automotive Products Trade Act,2020_rev_4,carried_forward_from 2026_rev_9,2026_rev_9
BH,United States-Bahrain Free Trade Agreement Implementation Act,2020_rev_4,carried_forward_from 2026_rev_9,2026_rev_9
C,Agreement on Trade in Civil Aircraft,2020_rev_4,carried_forward_from 2026_rev_9,2026_rev_9
CL,United States-Chile Free Trade Agreement,2020_rev_4,carried_forward_from 2026_rev_9,2026_rev_9
D,African Growth and Opportunity Act,2020_rev_4,carried_forward_from 2026_rev_9,2026_rev_9
E,Caribbean Basin Economic Recovery Act,2020_rev_4,carried_forward_from 2026_rev_9,2026_rev_9
E*,Caribbean Basin Economic Recovery Act,2020_rev_4,carried_forward_from 2026_rev_9,2026_rev_9
IL,United States-Israel Free Trade Area,2020_rev_4,carried_forward_from 2026_rev_9,2026_rev_9
JO,United States-Jordan Free Trade Area Implementation Act,2020_rev_4,carried_forward_from 2026_rev_9,2026_rev_9
JP,Trade Agreement Between the United States and Japan,2020_rev_4,carried_forward_from 2026_rev_9,2026_rev_9
K,Agreement on Trade in Pharmaceutical Products,2020_rev_4,carried_forward_from 2026_rev_9,2026_rev_9
P,Dominican Republic-Central America-United States Free Trade Agreement Implementation Act,2020_rev_4,carried_forward_from 2026_rev_9,2026_rev_9
P+,Dominican Republic-Central America-United States Free Trade Agreement Implementation Act,2020_rev_4,carried_forward_from 2026_rev_9,2026_rev_9
L,Uruguay Round Concessions on Intermediate Chemicals for Dyes,2020_rev_4,carried_forward_from 2026_rev_9,2026_rev_9
R,United States-Caribbean Basin Trade Partnership Act,2020_rev_4,carried_forward_from 2026_rev_9,2026_rev_9
MA,United States-Morocco Free Trade Agreement Implementation Act,2020_rev_4,carried_forward_from 2026_rev_9,2026_rev_9
SG,United States-Singapore Free Trade Agreement,2020_rev_4,carried_forward_from 2026_rev_9,2026_rev_9
OM,United States-Oman Free Trade Agreement Implementation Act,2020_rev_4,carried_forward_from 2026_rev_9,2026_rev_9
PE,United States-Peru Trade Promotion Agreement Implementation Act,2020_rev_4,carried_forward_from 2026_rev_9,2026_rev_9
KR,United States-Korea Free Trade Agreement Implementation Act,2020_rev_4,carried_forward_from 2026_rev_9,2026_rev_9
CO,United States-Colombia Trade Promotion Agreement Implementation Act,2020_rev_4,carried_forward_from 2026_rev_9,2026_rev_9
PA,United States-Panama Trade Promotion Agreement Implementation Act,2020_rev_4,carried_forward_from 2026_rev_9,2026_rev_9
NP,Nepal Preference Program,2020_rev_4,carried_forward_from 2026_rev_9,2026_rev_9
S,United States-Mexico-Canada Agreement,2020_rev_4,carried_forward_from 2026_rev_9,2026_rev_9
S+,United States-Mexico-Canada Agreement,2020_rev_4,carried_forward_from 2026_rev_9,2026_rev_9
A,Generalized System of Preferences,2020_rev_5,carried_forward_from 2026_rev_9,2026_rev_9
A*,Generalized System of Preferences,2020_rev_5,carried_forward_from 2026_rev_9,2026_rev_9
A+,Generalized System of Preferences,2020_rev_5,carried_forward_from 2026_rev_9,2026_rev_9
AU,United States-Australia Free Trade Agreement,2020_rev_5,carried_forward_from 2026_rev_9,2026_rev_9
B,Automotive Products Trade Act,2020_rev_5,carried_forward_from 2026_rev_9,2026_rev_9
BH,United States-Bahrain Free Trade Agreement Implementation Act,2020_rev_5,carried_forward_from 2026_rev_9,2026_rev_9
C,Agreement on Trade in Civil Aircraft,2020_rev_5,carried_forward_from 2026_rev_9,2026_rev_9
CL,United States-Chile Free Trade Agreement,2020_rev_5,carried_forward_from 2026_rev_9,2026_rev_9
D,African Growth and Opportunity Act,2020_rev_5,carried_forward_from 2026_rev_9,2026_rev_9
E,Caribbean Basin Economic Recovery Act,2020_rev_5,carried_forward_from 2026_rev_9,2026_rev_9
E*,Caribbean Basin Economic Recovery Act,2020_rev_5,carried_forward_from 2026_rev_9,2026_rev_9
IL,United States-Israel Free Trade Area,2020_rev_5,carried_forward_from 2026_rev_9,2026_rev_9
JO,United States-Jordan Free Trade Area Implementation Act,2020_rev_5,carried_forward_from 2026_rev_9,2026_rev_9
JP,Trade Agreement Between the United States and Japan,2020_rev_5,carried_forward_from 2026_rev_9,2026_rev_9
K,Agreement on Trade in Pharmaceutical Products,2020_rev_5,carried_forward_from 2026_rev_9,2026_rev_9
P,Dominican Republic-Central America-United States Free Trade Agreement Implementation Act,2020_rev_5,carried_forward_from 2026_rev_9,2026_rev_9
P+,Dominican Republic-Central America-United States Free Trade Agreement Implementation Act,2020_rev_5,carried_forward_from 2026_rev_9,2026_rev_9
L,Uruguay Round Concessions on Intermediate Chemicals for Dyes,2020_rev_5,carried_forward_from 2026_rev_9,2026_rev_9
R,United States-Caribbean Basin Trade Partnership Act,2020_rev_5,carried_forward_from 2026_rev_9,2026_rev_9
MA,United States-Morocco Free Trade Agreement Implementation Act,2020_rev_5,carried_forward_from 2026_rev_9,2026_rev_9
SG,United States-Singapore Free Trade Agreement,2020_rev_5,carried_forward_from 2026_rev_9,2026_rev_9
OM,United States-Oman Free Trade Agreement Implementation Act,2020_rev_5,carried_forward_from 2026_rev_9,2026_rev_9
PE,United States-Peru Trade Promotion Agreement Implementation Act,2020_rev_5,carried_forward_from 2026_rev_9,2026_rev_9
KR,United States-Korea Free Trade Agreement Implementation Act,2020_rev_5,carried_forward_from 2026_rev_9,2026_rev_9
CO,United States-Colombia Trade Promotion Agreement Implementation Act,2020_rev_5,carried_forward_from 2026_rev_9,2026_rev_9
PA,United States-Panama Trade Promotion Agreement Implementation Act,2020_rev_5,carried_forward_from 2026_rev_9,2026_rev_9
NP,Nepal Preference Program,2020_rev_5,carried_forward_from 2026_rev_9,2026_rev_9
S,United States-Mexico-Canada Agreement,2020_rev_5,carried_forward_from 2026_rev_9,2026_rev_9
S+,United States-Mexico-Canada Agreement,2020_rev_5,carried_forward_from 2026_rev_9,2026_rev_9
A,Generalized System of Preferences,2020_rev_6,carried_forward_from 2026_rev_9,2026_rev_9
A*,Generalized System of Preferences,2020_rev_6,carried_forward_from 2026_rev_9,2026_rev_9
A+,Generalized System of Preferences,2020_rev_6,carried_forward_from 2026_rev_9,2026_rev_9
AU,United States-Australia Free Trade Agreement,2020_rev_6,carried_forward_from 2026_rev_9,2026_rev_9
B,Automotive Products Trade Act,2020_rev_6,carried_forward_from 2026_rev_9,2026_rev_9
BH,United States-Bahrain Free Trade Agreement Implementation Act,2020_rev_6,carried_forward_from 2026_rev_9,2026_rev_9
C,Agreement on Trade in Civil Aircraft,2020_rev_6,carried_forward_from 2026_rev_9,2026_rev_9
CL,United States-Chile Free Trade Agreement,2020_rev_6,carried_forward_from 2026_rev_9,2026_rev_9
D,African Growth and Opportunity Act,2020_rev_6,carried_forward_from 2026_rev_9,2026_rev_9
E,Caribbean Basin Economic Recovery Act,2020_rev_6,carried_forward_from 2026_rev_9,2026_rev_9
E*,Caribbean Basin Economic Recovery Act,2020_rev_6,carried_forward_from 2026_rev_9,2026_rev_9
IL,United States-Israel Free Trade Area,2020_rev_6,carried_forward_from 2026_rev_9,2026_rev_9
JO,United States-Jordan Free Trade Area Implementation Act,2020_rev_6,carried_forward_from 2026_rev_9,2026_rev_9
JP,Trade Agreement Between the United States and Japan,2020_rev_6,carried_forward_from 2026_rev_9,2026_rev_9
K,Agreement on Trade in Pharmaceutical Products,2020_rev_6,carried_forward_from 2026_rev_9,2026_rev_9
P,Dominican Republic-Central America-United States Free Trade Agreement Implementation Act,2020_rev_6,carried_forward_from 2026_rev_9,2026_rev_9
P+,Dominican Republic-Central America-United States Free Trade Agreement Implementation Act,2020_rev_6,carried_forward_from 2026_rev_9,2026_rev_9
L,Uruguay Round Concessions on Intermediate Chemicals for Dyes,2020_rev_6,carried_forward_from 2026_rev_9,2026_rev_9
R,United States-Caribbean Basin Trade Partnership Act,2020_rev_6,carried_forward_from 2026_rev_9,2026_rev_9
MA,United States-Morocco Free Trade Agreement Implementation Act,2020_rev_6,carried_forward_from 2026_rev_9,2026_rev_9
SG,United States-Singapore Free Trade Agreement,2020_rev_6,carried_forward_from 2026_rev_9,2026_rev_9
OM,United States-Oman Free Trade Agreement Implementation Act,2020_rev_6,carried_forward_from 2026_rev_9,2026_rev_9
PE,United States-Peru Trade Promotion Agreement Implementation Act,2020_rev_6,carried_forward_from 2026_rev_9,2026_rev_9
KR,United States-Korea Free Trade Agreement Implementation Act,2020_rev_6,carried_forward_from 2026_rev_9,2026_rev_9
CO,United States-Colombia Trade Promotion Agreement Implementation Act,2020_rev_6,carried_forward_from 2026_rev_9,2026_rev_9
PA,United States-Panama Trade Promotion Agreement Implementation Act,2020_rev_6,carried_forward_from 2026_rev_9,2026_rev_9
NP,Nepal Preference Program,2020_rev_6,carried_forward_from 2026_rev_9,2026_rev_9
S,United States-Mexico-Canada Agreement,2020_rev_6,carried_forward_from 2026_rev_9,2026_rev_9
S+,United States-Mexico-Canada Agreement,2020_rev_6,carried_forward_from 2026_rev_9,2026_rev_9
A,Generalized System of Preferences,2020_rev_7,carried_forward_from 2026_rev_9,2026_rev_9
A*,Generalized System of Preferences,2020_rev_7,carried_forward_from 2026_rev_9,2026_rev_9
A+,Generalized System of Preferences,2020_rev_7,carried_forward_from 2026_rev_9,2026_rev_9
AU,United States-Australia Free Trade Agreement,2020_rev_7,carried_forward_from 2026_rev_9,2026_rev_9
B,Automotive Products Trade Act,2020_rev_7,carried_forward_from 2026_rev_9,2026_rev_9
BH,United States-Bahrain Free Trade Agreement Implementation Act,2020_rev_7,carried_forward_from 2026_rev_9,2026_rev_9
C,Agreement on Trade in Civil Aircraft,2020_rev_7,carried_forward_from 2026_rev_9,2026_rev_9
CL,United States-Chile Free Trade Agreement,2020_rev_7,carried_forward_from 2026_rev_9,2026_rev_9
D,African Growth and Opportunity Act,2020_rev_7,carried_forward_from 2026_rev_9,2026_rev_9
E,Caribbean Basin Economic Recovery Act,2020_rev_7,carried_forward_from 2026_rev_9,2026_rev_9
E*,Caribbean Basin Economic Recovery Act,2020_rev_7,carried_forward_from 2026_rev_9,2026_rev_9
IL,United States-Israel Free Trade Area,2020_rev_7,carried_forward_from 2026_rev_9,2026_rev_9
JO,United States-Jordan Free Trade Area Implementation Act,2020_rev_7,carried_forward_from 2026_rev_9,2026_rev_9
JP,Trade Agreement Between the United States and Japan,2020_rev_7,carried_forward_from 2026_rev_9,2026_rev_9
K,Agreement on Trade in Pharmaceutical Products,2020_rev_7,carried_forward_from 2026_rev_9,2026_rev_9
P,Dominican Republic-Central America-United States Free Trade Agreement Implementation Act,2020_rev_7,carried_forward_from 2026_rev_9,2026_rev_9
P+,Dominican Republic-Central America-United States Free Trade Agreement Implementation Act,2020_rev_7,carried_forward_from 2026_rev_9,2026_rev_9
L,Uruguay Round Concessions on Intermediate Chemicals for Dyes,2020_rev_7,carried_forward_from 2026_rev_9,2026_rev_9
R,United States-Caribbean Basin Trade Partnership Act,2020_rev_7,carried_forward_from 2026_rev_9,2026_rev_9
MA,United States-Morocco Free Trade Agreement Implementation Act,2020_rev_7,carried_forward_from 2026_rev_9,2026_rev_9
SG,United States-Singapore Free Trade Agreement,2020_rev_7,carried_forward_from 2026_rev_9,2026_rev_9
OM,United States-Oman Free Trade Agreement Implementation Act,2020_rev_7,carried_forward_from 2026_rev_9,2026_rev_9
PE,United States-Peru Trade Promotion Agreement Implementation Act,2020_rev_7,carried_forward_from 2026_rev_9,2026_rev_9
KR,United States-Korea Free Trade Agreement Implementation Act,2020_rev_7,carried_forward_from 2026_rev_9,2026_rev_9
CO,United States-Colombia Trade Promotion Agreement Implementation Act,2020_rev_7,carried_forward_from 2026_rev_9,2026_rev_9
PA,United States-Panama Trade Promotion Agreement Implementation Act,2020_rev_7,carried_forward_from 2026_rev_9,2026_rev_9
NP,Nepal Preference Program,2020_rev_7,carried_forward_from 2026_rev_9,2026_rev_9
S,United States-Mexico-Canada Agreement,2020_rev_7,carried_forward_from 2026_rev_9,2026_rev_9
S+,United States-Mexico-Canada Agreement,2020_rev_7,carried_forward_from 2026_rev_9,2026_rev_9
A,Generalized System of Preferences,2020_rev_8,carried_forward_from 2026_rev_9,2026_rev_9
A*,Generalized System of Preferences,2020_rev_8,carried_forward_from 2026_rev_9,2026_rev_9
A+,Generalized System of Preferences,2020_rev_8,carried_forward_from 2026_rev_9,2026_rev_9
AU,United States-Australia Free Trade Agreement,2020_rev_8,carried_forward_from 2026_rev_9,2026_rev_9
B,Automotive Products Trade Act,2020_rev_8,carried_forward_from 2026_rev_9,2026_rev_9
BH,United States-Bahrain Free Trade Agreement Implementation Act,2020_rev_8,carried_forward_from 2026_rev_9,2026_rev_9
C,Agreement on Trade in Civil Aircraft,2020_rev_8,carried_forward_from 2026_rev_9,2026_rev_9
CL,United States-Chile Free Trade Agreement,2020_rev_8,carried_forward_from 2026_rev_9,2026_rev_9
D,African Growth and Opportunity Act,2020_rev_8,carried_forward_from 2026_rev_9,2026_rev_9
E,Caribbean Basin Economic Recovery Act,2020_rev_8,carried_forward_from 2026_rev_9,2026_rev_9
E*,Caribbean Basin Economic Recovery Act,2020_rev_8,carried_forward_from 2026_rev_9,2026_rev_9
IL,United States-Israel Free Trade Area,2020_rev_8,carried_forward_from 2026_rev_9,2026_rev_9
JO,United States-Jordan Free Trade Area Implementation Act,2020_rev_8,carried_forward_from 2026_rev_9,2026_rev_9
JP,Trade Agreement Between the United States and Japan,2020_rev_8,carried_forward_from 2026_rev_9,2026_rev_9
K,Agreement on Trade in Pharmaceutical Products,2020_rev_8,carried_forward_from 2026_rev_9,2026_rev_9
P,Dominican Republic-Central America-United States Free Trade Agreement Implementation Act,2020_rev_8,carried_forward_from 2026_rev_9,2026_rev_9
P+,Dominican Republic-Central America-United States Free Trade Agreement Implementation Act,2020_rev_8,carried_forward_from 2026_rev_9,2026_rev_9
L,Uruguay Round Concessions on Intermediate Chemicals for Dyes,2020_rev_8,carried_forward_from 2026_rev_9,2026_rev_9
R,United States-Caribbean Basin Trade Partnership Act,2020_rev_8,carried_forward_from 2026_rev_9,2026_rev_9
MA,United States-Morocco Free Trade Agreement Implementation Act,2020_rev_8,carried_forward_from 2026_rev_9,2026_rev_9
SG,United States-Singapore Free Trade Agreement,2020_rev_8,carried_forward_from 2026_rev_9,2026_rev_9
OM,United States-Oman Free Trade Agreement Implementation Act,2020_rev_8,carried_forward_from 2026_rev_9,2026_rev_9
PE,United States-Peru Trade Promotion Agreement Implementation Act,2020_rev_8,carried_forward_from 2026_rev_9,2026_rev_9
KR,United States-Korea Free Trade Agreement Implementation Act,2020_rev_8,carried_forward_from 2026_rev_9,2026_rev_9
CO,United States-Colombia Trade Promotion Agreement Implementation Act,2020_rev_8,carried_forward_from 2026_rev_9,2026_rev_9
PA,United States-Panama Trade Promotion Agreement Implementation Act,2020_rev_8,carried_forward_from 2026_rev_9,2026_rev_9
NP,Nepal Preference Program,2020_rev_8,carried_forward_from 2026_rev_9,2026_rev_9
S,United States-Mexico-Canada Agreement,2020_rev_8,carried_forward_from 2026_rev_9,2026_rev_9
S+,United States-Mexico-Canada Agreement,2020_rev_8,carried_forward_from 2026_rev_9,2026_rev_9
A,Generalized System of Preferences,2020_rev_9,carried_forward_from 2026_rev_9,2026_rev_9
A*,Generalized System of Preferences,2020_rev_9,carried_forward_from 2026_rev_9,2026_rev_9
A+,Generalized System of Preferences,2020_rev_9,carried_forward_from 2026_rev_9,2026_rev_9
AU,United States-Australia Free Trade Agreement,2020_rev_9,carried_forward_from 2026_rev_9,2026_rev_9
B,Automotive Products Trade Act,2020_rev_9,carried_forward_from 2026_rev_9,2026_rev_9
BH,United States-Bahrain Free Trade Agreement Implementation Act,2020_rev_9,carried_forward_from 2026_rev_9,2026_rev_9
C,Agreement on Trade in Civil Aircraft,2020_rev_9,carried_forward_from 2026_rev_9,2026_rev_9
CL,United States-Chile Free Trade Agreement,2020_rev_9,carried_forward_from 2026_rev_9,2026_rev_9
D,African Growth and Opportunity Act,2020_rev_9,carried_forward_from 2026_rev_9,2026_rev_9
E,Caribbean Basin Economic Recovery Act,2020_rev_9,carried_forward_from 2026_rev_9,2026_rev_9
E*,Caribbean Basin Economic Recovery Act,2020_rev_9,carried_forward_from 2026_rev_9,2026_rev_9
IL,United States-Israel Free Trade Area,2020_rev_9,carried_forward_from 2026_rev_9,2026_rev_9
JO,United States-Jordan Free Trade Area Implementation Act,2020_rev_9,carried_forward_from 2026_rev_9,2026_rev_9
JP,Trade Agreement Between the United States and Japan,2020_rev_9,carried_forward_from 2026_rev_9,2026_rev_9
K,Agreement on Trade in Pharmaceutical Products,2020_rev_9,carried_forward_from 2026_rev_9,2026_rev_9
P,Dominican Republic-Central America-United States Free Trade Agreement Implementation Act,2020_rev_9,carried_forward_from 2026_rev_9,2026_rev_9
P+,Dominican Republic-Central America-United States Free Trade Agreement Implementation Act,2020_rev_9,carried_forward_from 2026_rev_9,2026_rev_9
L,Uruguay Round Concessions on Intermediate Chemicals for Dyes,2020_rev_9,carried_forward_from 2026_rev_9,2026_rev_9
R,United States-Caribbean Basin Trade Partnership Act,2020_rev_9,carried_forward_from 2026_rev_9,2026_rev_9
MA,United States-Morocco Free Trade Agreement Implementation Act,2020_rev_9,carried_forward_from 2026_rev_9,2026_rev_9
SG,United States-Singapore Free Trade Agreement,2020_rev_9,carried_forward_from 2026_rev_9,2026_rev_9
OM,United States-Oman Free Trade Agreement Implementation Act,2020_rev_9,carried_forward_from 2026_rev_9,2026_rev_9
PE,United States-Peru Trade Promotion Agreement Implementation Act,2020_rev_9,carried_forward_from 2026_rev_9,2026_rev_9
KR,United States-Korea Free Trade Agreement Implementation Act,2020_rev_9,carried_forward_from 2026_rev_9,2026_rev_9
CO,United States-Colombia Trade Promotion Agreement Implementation Act,2020_rev_9,carried_forward_from 2026_rev_9,2026_rev_9
PA,United States-Panama Trade Promotion Agreement Implementation Act,2020_rev_9,carried_forward_from 2026_rev_9,2026_rev_9
NP,Nepal Preference Program,2020_rev_9,carried_forward_from 2026_rev_9,2026_rev_9
S,United States-Mexico-Canada Agreement,2020_rev_9,carried_forward_from 2026_rev_9,2026_rev_9
S+,United States-Mexico-Canada Agreement,2020_rev_9,carried_forward_from 2026_rev_9,2026_rev_9
A,Generalized System of Preferences,2020_rev_10,carried_forward_from 2026_rev_9,2026_rev_9
A*,Generalized System of Preferences,2020_rev_10,carried_forward_from 2026_rev_9,2026_rev_9
A+,Generalized System of Preferences,2020_rev_10,carried_forward_from 2026_rev_9,2026_rev_9
AU,United States-Australia Free Trade Agreement,2020_rev_10,carried_forward_from 2026_rev_9,2026_rev_9
B,Automotive Products Trade Act,2020_rev_10,carried_forward_from 2026_rev_9,2026_rev_9
BH,United States-Bahrain Free Trade Agreement Implementation Act,2020_rev_10,carried_forward_from 2026_rev_9,2026_rev_9
C,Agreement on Trade in Civil Aircraft,2020_rev_10,carried_forward_from 2026_rev_9,2026_rev_9
CL,United States-Chile Free Trade Agreement,2020_rev_10,carried_forward_from 2026_rev_9,2026_rev_9
D,African Growth and Opportunity Act,2020_rev_10,carried_forward_from 2026_rev_9,2026_rev_9
E,Caribbean Basin Economic Recovery Act,2020_rev_10,carried_forward_from 2026_rev_9,2026_rev_9
E*,Caribbean Basin Economic Recovery Act,2020_rev_10,carried_forward_from 2026_rev_9,2026_rev_9
IL,United States-Israel Free Trade Area,2020_rev_10,carried_forward_from 2026_rev_9,2026_rev_9
JO,United States-Jordan Free Trade Area Implementation Act,2020_rev_10,carried_forward_from 2026_rev_9,2026_rev_9
JP,Trade Agreement Between the United States and Japan,2020_rev_10,carried_forward_from 2026_rev_9,2026_rev_9
K,Agreement on Trade in Pharmaceutical Products,2020_rev_10,carried_forward_from 2026_rev_9,2026_rev_9
P,Dominican Republic-Central America-United States Free Trade Agreement Implementation Act,2020_rev_10,carried_forward_from 2026_rev_9,2026_rev_9
P+,Dominican Republic-Central America-United States Free Trade Agreement Implementation Act,2020_rev_10,carried_forward_from 2026_rev_9,2026_rev_9
L,Uruguay Round Concessions on Intermediate Chemicals for Dyes,2020_rev_10,carried_forward_from 2026_rev_9,2026_rev_9
R,United States-Caribbean Basin Trade Partnership Act,2020_rev_10,carried_forward_from 2026_rev_9,2026_rev_9
MA,United States-Morocco Free Trade Agreement Implementation Act,2020_rev_10,carried_forward_from 2026_rev_9,2026_rev_9
SG,United States-Singapore Free Trade Agreement,2020_rev_10,carried_forward_from 2026_rev_9,2026_rev_9
OM,United States-Oman Free Trade Agreement Implementation Act,2020_rev_10,carried_forward_from 2026_rev_9,2026_rev_9
PE,United States-Peru Trade Promotion Agreement Implementation Act,2020_rev_10,carried_forward_from 2026_rev_9,2026_rev_9
KR,United States-Korea Free Trade Agreement Implementation Act,2020_rev_10,carried_forward_from 2026_rev_9,2026_rev_9
CO,United States-Colombia Trade Promotion Agreement Implementation Act,2020_rev_10,carried_forward_from 2026_rev_9,2026_rev_9
PA,United States-Panama Trade Promotion Agreement Implementation Act,2020_rev_10,carried_forward_from 2026_rev_9,2026_rev_9
NP,Nepal Preference Program,2020_rev_10,carried_forward_from 2026_rev_9,2026_rev_9
S,United States-Mexico-Canada Agreement,2020_rev_10,carried_forward_from 2026_rev_9,2026_rev_9
S+,United States-Mexico-Canada Agreement,2020_rev_10,carried_forward_from 2026_rev_9,2026_rev_9
A,Generalized System of Preferences,2020_rev_11,carried_forward_from 2026_rev_9,2026_rev_9
A*,Generalized System of Preferences,2020_rev_11,carried_forward_from 2026_rev_9,2026_rev_9
A+,Generalized System of Preferences,2020_rev_11,carried_forward_from 2026_rev_9,2026_rev_9
AU,United States-Australia Free Trade Agreement,2020_rev_11,carried_forward_from 2026_rev_9,2026_rev_9
B,Automotive Products Trade Act,2020_rev_11,carried_forward_from 2026_rev_9,2026_rev_9
BH,United States-Bahrain Free Trade Agreement Implementation Act,2020_rev_11,carried_forward_from 2026_rev_9,2026_rev_9
C,Agreement on Trade in Civil Aircraft,2020_rev_11,carried_forward_from 2026_rev_9,2026_rev_9
CL,United States-Chile Free Trade Agreement,2020_rev_11,carried_forward_from 2026_rev_9,2026_rev_9
D,African Growth and Opportunity Act,2020_rev_11,carried_forward_from 2026_rev_9,2026_rev_9
E,Caribbean Basin Economic Recovery Act,2020_rev_11,carried_forward_from 2026_rev_9,2026_rev_9
E*,Caribbean Basin Economic Recovery Act,2020_rev_11,carried_forward_from 2026_rev_9,2026_rev_9
IL,United States-Israel Free Trade Area,2020_rev_11,carried_forward_from 2026_rev_9,2026_rev_9
JO,United States-Jordan Free Trade Area Implementation Act,2020_rev_11,carried_forward_from 2026_rev_9,2026_rev_9
JP,Trade Agreement Between the United States and Japan,2020_rev_11,carried_forward_from 2026_rev_9,2026_rev_9
K,Agreement on Trade in Pharmaceutical Products,2020_rev_11,carried_forward_from 2026_rev_9,2026_rev_9
P,Dominican Republic-Central America-United States Free Trade Agreement Implementation Act,2020_rev_11,carried_forward_from 2026_rev_9,2026_rev_9
P+,Dominican Republic-Central America-United States Free Trade Agreement Implementation Act,2020_rev_11,carried_forward_from 2026_rev_9,2026_rev_9
L,Uruguay Round Concessions on Intermediate Chemicals for Dyes,2020_rev_11,carried_forward_from 2026_rev_9,2026_rev_9
R,United States-Caribbean Basin Trade Partnership Act,2020_rev_11,carried_forward_from 2026_rev_9,2026_rev_9
MA,United States-Morocco Free Trade Agreement Implementation Act,2020_rev_11,carried_forward_from 2026_rev_9,2026_rev_9
SG,United States-Singapore Free Trade Agreement,2020_rev_11,carried_forward_from 2026_rev_9,2026_rev_9
OM,United States-Oman Free Trade Agreement Implementation Act,2020_rev_11,carried_forward_from 2026_rev_9,2026_rev_9
PE,United States-Peru Trade Promotion Agreement Implementation Act,2020_rev_11,carried_forward_from 2026_rev_9,2026_rev_9
KR,United States-Korea Free Trade Agreement Implementation Act,2020_rev_11,carried_forward_from 2026_rev_9,2026_rev_9
CO,United States-Colombia Trade Promotion Agreement Implementation Act,2020_rev_11,carried_forward_from 2026_rev_9,2026_rev_9
PA,United States-Panama Trade Promotion Agreement Implementation Act,2020_rev_11,carried_forward_from 2026_rev_9,2026_rev_9
NP,Nepal Preference Program,2020_rev_11,carried_forward_from 2026_rev_9,2026_rev_9
S,United States-Mexico-Canada Agreement,2020_rev_11,carried_forward_from 2026_rev_9,2026_rev_9
S+,United States-Mexico-Canada Agreement,2020_rev_11,carried_forward_from 2026_rev_9,2026_rev_9
A,Generalized System of Preferences,2020_rev_12,carried_forward_from 2026_rev_9,2026_rev_9
A*,Generalized System of Preferences,2020_rev_12,carried_forward_from 2026_rev_9,2026_rev_9
A+,Generalized System of Preferences,2020_rev_12,carried_forward_from 2026_rev_9,2026_rev_9
AU,United States-Australia Free Trade Agreement,2020_rev_12,carried_forward_from 2026_rev_9,2026_rev_9
B,Automotive Products Trade Act,2020_rev_12,carried_forward_from 2026_rev_9,2026_rev_9
BH,United States-Bahrain Free Trade Agreement Implementation Act,2020_rev_12,carried_forward_from 2026_rev_9,2026_rev_9
C,Agreement on Trade in Civil Aircraft,2020_rev_12,carried_forward_from 2026_rev_9,2026_rev_9
CL,United States-Chile Free Trade Agreement,2020_rev_12,carried_forward_from 2026_rev_9,2026_rev_9
D,African Growth and Opportunity Act,2020_rev_12,carried_forward_from 2026_rev_9,2026_rev_9
E,Caribbean Basin Economic Recovery Act,2020_rev_12,carried_forward_from 2026_rev_9,2026_rev_9
E*,Caribbean Basin Economic Recovery Act,2020_rev_12,carried_forward_from 2026_rev_9,2026_rev_9
IL,United States-Israel Free Trade Area,2020_rev_12,carried_forward_from 2026_rev_9,2026_rev_9
JO,United States-Jordan Free Trade Area Implementation Act,2020_rev_12,carried_forward_from 2026_rev_9,2026_rev_9
JP,Trade Agreement Between the United States and Japan,2020_rev_12,carried_forward_from 2026_rev_9,2026_rev_9
K,Agreement on Trade in Pharmaceutical Products,2020_rev_12,carried_forward_from 2026_rev_9,2026_rev_9
P,Dominican Republic-Central America-United States Free Trade Agreement Implementation Act,2020_rev_12,carried_forward_from 2026_rev_9,2026_rev_9
P+,Dominican Republic-Central America-United States Free Trade Agreement Implementation Act,2020_rev_12,carried_forward_from 2026_rev_9,2026_rev_9
L,Uruguay Round Concessions on Intermediate Chemicals for Dyes,2020_rev_12,carried_forward_from 2026_rev_9,2026_rev_9
R,United States-Caribbean Basin Trade Partnership Act,2020_rev_12,carried_forward_from 2026_rev_9,2026_rev_9
MA,United States-Morocco Free Trade Agreement Implementation Act,2020_rev_12,carried_forward_from 2026_rev_9,2026_rev_9
SG,United States-Singapore Free Trade Agreement,2020_rev_12,carried_forward_from 2026_rev_9,2026_rev_9
OM,United States-Oman Free Trade Agreement Implementation Act,2020_rev_12,carried_forward_from 2026_rev_9,2026_rev_9
PE,United States-Peru Trade Promotion Agreement Implementation Act,2020_rev_12,carried_forward_from 2026_rev_9,2026_rev_9
KR,United States-Korea Free Trade Agreement Implementation Act,2020_rev_12,carried_forward_from 2026_rev_9,2026_rev_9
CO,United States-Colombia Trade Promotion Agreement Implementation Act,2020_rev_12,carried_forward_from 2026_rev_9,2026_rev_9
PA,United States-Panama Trade Promotion Agreement Implementation Act,2020_rev_12,carried_forward_from 2026_rev_9,2026_rev_9
NP,Nepal Preference Program,2020_rev_12,carried_forward_from 2026_rev_9,2026_rev_9
S,United States-Mexico-Canada Agreement,2020_rev_12,carried_forward_from 2026_rev_9,2026_rev_9
S+,United States-Mexico-Canada Agreement,2020_rev_12,carried_forward_from 2026_rev_9,2026_rev_9
A,Generalized System of Preferences,2020_rev_13,carried_forward_from 2026_rev_9,2026_rev_9
A*,Generalized System of Preferences,2020_rev_13,carried_forward_from 2026_rev_9,2026_rev_9
A+,Generalized System of Preferences,2020_rev_13,carried_forward_from 2026_rev_9,2026_rev_9
AU,United States-Australia Free Trade Agreement,2020_rev_13,carried_forward_from 2026_rev_9,2026_rev_9
B,Automotive Products Trade Act,2020_rev_13,carried_forward_from 2026_rev_9,2026_rev_9
BH,United States-Bahrain Free Trade Agreement Implementation Act,2020_rev_13,carried_forward_from 2026_rev_9,2026_rev_9
C,Agreement on Trade in Civil Aircraft,2020_rev_13,carried_forward_from 2026_rev_9,2026_rev_9
CL,United States-Chile Free Trade Agreement,2020_rev_13,carried_forward_from 2026_rev_9,2026_rev_9
D,African Growth and Opportunity Act,2020_rev_13,carried_forward_from 2026_rev_9,2026_rev_9
E,Caribbean Basin Economic Recovery Act,2020_rev_13,carried_forward_from 2026_rev_9,2026_rev_9
E*,Caribbean Basin Economic Recovery Act,2020_rev_13,carried_forward_from 2026_rev_9,2026_rev_9
IL,United States-Israel Free Trade Area,2020_rev_13,carried_forward_from 2026_rev_9,2026_rev_9
JO,United States-Jordan Free Trade Area Implementation Act,2020_rev_13,carried_forward_from 2026_rev_9,2026_rev_9
JP,Trade Agreement Between the United States and Japan,2020_rev_13,carried_forward_from 2026_rev_9,2026_rev_9
K,Agreement on Trade in Pharmaceutical Products,2020_rev_13,carried_forward_from 2026_rev_9,2026_rev_9
P,Dominican Republic-Central America-United States Free Trade Agreement Implementation Act,2020_rev_13,carried_forward_from 2026_rev_9,2026_rev_9
P+,Dominican Republic-Central America-United States Free Trade Agreement Implementation Act,2020_rev_13,carried_forward_from 2026_rev_9,2026_rev_9
L,Uruguay Round Concessions on Intermediate Chemicals for Dyes,2020_rev_13,carried_forward_from 2026_rev_9,2026_rev_9
R,United States-Caribbean Basin Trade Partnership Act,2020_rev_13,carried_forward_from 2026_rev_9,2026_rev_9
MA,United States-Morocco Free Trade Agreement Implementation Act,2020_rev_13,carried_forward_from 2026_rev_9,2026_rev_9
SG,United States-Singapore Free Trade Agreement,2020_rev_13,carried_forward_from 2026_rev_9,2026_rev_9
OM,United States-Oman Free Trade Agreement Implementation Act,2020_rev_13,carried_forward_from 2026_rev_9,2026_rev_9
PE,United States-Peru Trade Promotion Agreement Implementation Act,2020_rev_13,carried_forward_from 2026_rev_9,2026_rev_9
KR,United States-Korea Free Trade Agreement Implementation Act,2020_rev_13,carried_forward_from 2026_rev_9,2026_rev_9
CO,United States-Colombia Trade Promotion Agreement Implementation Act,2020_rev_13,carried_forward_from 2026_rev_9,2026_rev_9
PA,United States-Panama Trade Promotion Agreement Implementation Act,2020_rev_13,carried_forward_from 2026_rev_9,2026_rev_9
NP,Nepal Preference Program,2020_rev_13,carried_forward_from 2026_rev_9,2026_rev_9
S,United States-Mexico-Canada Agreement,2020_rev_13,carried_forward_from 2026_rev_9,2026_rev_9
S+,United States-Mexico-Canada Agreement,2020_rev_13,carried_forward_from 2026_rev_9,2026_rev_9
A,Generalized System of Preferences,2020_rev_14,carried_forward_from 2026_rev_9,2026_rev_9
A*,Generalized System of Preferences,2020_rev_14,carried_forward_from 2026_rev_9,2026_rev_9
A+,Generalized System of Preferences,2020_rev_14,carried_forward_from 2026_rev_9,2026_rev_9
AU,United States-Australia Free Trade Agreement,2020_rev_14,carried_forward_from 2026_rev_9,2026_rev_9
B,Automotive Products Trade Act,2020_rev_14,carried_forward_from 2026_rev_9,2026_rev_9
BH,United States-Bahrain Free Trade Agreement Implementation Act,2020_rev_14,carried_forward_from 2026_rev_9,2026_rev_9
C,Agreement on Trade in Civil Aircraft,2020_rev_14,carried_forward_from 2026_rev_9,2026_rev_9
CL,United States-Chile Free Trade Agreement,2020_rev_14,carried_forward_from 2026_rev_9,2026_rev_9
D,African Growth and Opportunity Act,2020_rev_14,carried_forward_from 2026_rev_9,2026_rev_9
E,Caribbean Basin Economic Recovery Act,2020_rev_14,carried_forward_from 2026_rev_9,2026_rev_9
E*,Caribbean Basin Economic Recovery Act,2020_rev_14,carried_forward_from 2026_rev_9,2026_rev_9
IL,United States-Israel Free Trade Area,2020_rev_14,carried_forward_from 2026_rev_9,2026_rev_9
JO,United States-Jordan Free Trade Area Implementation Act,2020_rev_14,carried_forward_from 2026_rev_9,2026_rev_9
JP,Trade Agreement Between the United States and Japan,2020_rev_14,carried_forward_from 2026_rev_9,2026_rev_9
K,Agreement on Trade in Pharmaceutical Products,2020_rev_14,carried_forward_from 2026_rev_9,2026_rev_9
P,Dominican Republic-Central America-United States Free Trade Agreement Implementation Act,2020_rev_14,carried_forward_from 2026_rev_9,2026_rev_9
P+,Dominican Republic-Central America-United States Free Trade Agreement Implementation Act,2020_rev_14,carried_forward_from 2026_rev_9,2026_rev_9
L,Uruguay Round Concessions on Intermediate Chemicals for Dyes,2020_rev_14,carried_forward_from 2026_rev_9,2026_rev_9
R,United States-Caribbean Basin Trade Partnership Act,2020_rev_14,carried_forward_from 2026_rev_9,2026_rev_9
MA,United States-Morocco Free Trade Agreement Implementation Act,2020_rev_14,carried_forward_from 2026_rev_9,2026_rev_9
SG,United States-Singapore Free Trade Agreement,2020_rev_14,carried_forward_from 2026_rev_9,2026_rev_9
OM,United States-Oman Free Trade Agreement Implementation Act,2020_rev_14,carried_forward_from 2026_rev_9,2026_rev_9
PE,United States-Peru Trade Promotion Agreement Implementation Act,2020_rev_14,carried_forward_from 2026_rev_9,2026_rev_9
KR,United States-Korea Free Trade Agreement Implementation Act,2020_rev_14,carried_forward_from 2026_rev_9,2026_rev_9
CO,United States-Colombia Trade Promotion Agreement Implementation Act,2020_rev_14,carried_forward_from 2026_rev_9,2026_rev_9
PA,United States-Panama Trade Promotion Agreement Implementation Act,2020_rev_14,carried_forward_from 2026_rev_9,2026_rev_9
NP,Nepal Preference Program,2020_rev_14,carried_forward_from 2026_rev_9,2026_rev_9
S,United States-Mexico-Canada Agreement,2020_rev_14,carried_forward_from 2026_rev_9,2026_rev_9
S+,United States-Mexico-Canada Agreement,2020_rev_14,carried_forward_from 2026_rev_9,2026_rev_9
A,Generalized System of Preferences,2020_rev_15,carried_forward_from 2026_rev_9,2026_rev_9
A*,Generalized System of Preferences,2020_rev_15,carried_forward_from 2026_rev_9,2026_rev_9
A+,Generalized System of Preferences,2020_rev_15,carried_forward_from 2026_rev_9,2026_rev_9
AU,United States-Australia Free Trade Agreement,2020_rev_15,carried_forward_from 2026_rev_9,2026_rev_9
B,Automotive Products Trade Act,2020_rev_15,carried_forward_from 2026_rev_9,2026_rev_9
BH,United States-Bahrain Free Trade Agreement Implementation Act,2020_rev_15,carried_forward_from 2026_rev_9,2026_rev_9
C,Agreement on Trade in Civil Aircraft,2020_rev_15,carried_forward_from 2026_rev_9,2026_rev_9
CL,United States-Chile Free Trade Agreement,2020_rev_15,carried_forward_from 2026_rev_9,2026_rev_9
D,African Growth and Opportunity Act,2020_rev_15,carried_forward_from 2026_rev_9,2026_rev_9
E,Caribbean Basin Economic Recovery Act,2020_rev_15,carried_forward_from 2026_rev_9,2026_rev_9
E*,Caribbean Basin Economic Recovery Act,2020_rev_15,carried_forward_from 2026_rev_9,2026_rev_9
IL,United States-Israel Free Trade Area,2020_rev_15,carried_forward_from 2026_rev_9,2026_rev_9
JO,United States-Jordan Free Trade Area Implementation Act,2020_rev_15,carried_forward_from 2026_rev_9,2026_rev_9
JP,Trade Agreement Between the United States and Japan,2020_rev_15,carried_forward_from 2026_rev_9,2026_rev_9
K,Agreement on Trade in Pharmaceutical Products,2020_rev_15,carried_forward_from 2026_rev_9,2026_rev_9
P,Dominican Republic-Central America-United States Free Trade Agreement Implementation Act,2020_rev_15,carried_forward_from 2026_rev_9,2026_rev_9
P+,Dominican Republic-Central America-United States Free Trade Agreement Implementation Act,2020_rev_15,carried_forward_from 2026_rev_9,2026_rev_9
L,Uruguay Round Concessions on Intermediate Chemicals for Dyes,2020_rev_15,carried_forward_from 2026_rev_9,2026_rev_9
R,United States-Caribbean Basin Trade Partnership Act,2020_rev_15,carried_forward_from 2026_rev_9,2026_rev_9
MA,United States-Morocco Free Trade Agreement Implementation Act,2020_rev_15,carried_forward_from 2026_rev_9,2026_rev_9
SG,United States-Singapore Free Trade Agreement,2020_rev_15,carried_forward_from 2026_rev_9,2026_rev_9
OM,United States-Oman Free Trade Agreement Implementation Act,2020_rev_15,carried_forward_from 2026_rev_9,2026_rev_9
PE,United States-Peru Trade Promotion Agreement Implementation Act,2020_rev_15,carried_forward_from 2026_rev_9,2026_rev_9
KR,United States-Korea Free Trade Agreement Implementation Act,2020_rev_15,carried_forward_from 2026_rev_9,2026_rev_9
CO,United States-Colombia Trade Promotion Agreement Implementation Act,2020_rev_15,carried_forward_from 2026_rev_9,2026_rev_9
PA,United States-Panama Trade Promotion Agreement Implementation Act,2020_rev_15,carried_forward_from 2026_rev_9,2026_rev_9
NP,Nepal Preference Program,2020_rev_15,carried_forward_from 2026_rev_9,2026_rev_9
S,United States-Mexico-Canada Agreement,2020_rev_15,carried_forward_from 2026_rev_9,2026_rev_9
S+,United States-Mexico-Canada Agreement,2020_rev_15,carried_forward_from 2026_rev_9,2026_rev_9
A,Generalized System of Preferences,2020_rev_16,carried_forward_from 2026_rev_9,2026_rev_9
A*,Generalized System of Preferences,2020_rev_16,carried_forward_from 2026_rev_9,2026_rev_9
A+,Generalized System of Preferences,2020_rev_16,carried_forward_from 2026_rev_9,2026_rev_9
AU,United States-Australia Free Trade Agreement,2020_rev_16,carried_forward_from 2026_rev_9,2026_rev_9
B,Automotive Products Trade Act,2020_rev_16,carried_forward_from 2026_rev_9,2026_rev_9
BH,United States-Bahrain Free Trade Agreement Implementation Act,2020_rev_16,carried_forward_from 2026_rev_9,2026_rev_9
C,Agreement on Trade in Civil Aircraft,2020_rev_16,carried_forward_from 2026_rev_9,2026_rev_9
CL,United States-Chile Free Trade Agreement,2020_rev_16,carried_forward_from 2026_rev_9,2026_rev_9
D,African Growth and Opportunity Act,2020_rev_16,carried_forward_from 2026_rev_9,2026_rev_9
E,Caribbean Basin Economic Recovery Act,2020_rev_16,carried_forward_from 2026_rev_9,2026_rev_9
E*,Caribbean Basin Economic Recovery Act,2020_rev_16,carried_forward_from 2026_rev_9,2026_rev_9
IL,United States-Israel Free Trade Area,2020_rev_16,carried_forward_from 2026_rev_9,2026_rev_9
JO,United States-Jordan Free Trade Area Implementation Act,2020_rev_16,carried_forward_from 2026_rev_9,2026_rev_9
JP,Trade Agreement Between the United States and Japan,2020_rev_16,carried_forward_from 2026_rev_9,2026_rev_9
K,Agreement on Trade in Pharmaceutical Products,2020_rev_16,carried_forward_from 2026_rev_9,2026_rev_9
P,Dominican Republic-Central America-United States Free Trade Agreement Implementation Act,2020_rev_16,carried_forward_from 2026_rev_9,2026_rev_9
P+,Dominican Republic-Central America-United States Free Trade Agreement Implementation Act,2020_rev_16,carried_forward_from 2026_rev_9,2026_rev_9
L,Uruguay Round Concessions on Intermediate Chemicals for Dyes,2020_rev_16,carried_forward_from 2026_rev_9,2026_rev_9
R,United States-Caribbean Basin Trade Partnership Act,2020_rev_16,carried_forward_from 2026_rev_9,2026_rev_9
MA,United States-Morocco Free Trade Agreement Implementation Act,2020_rev_16,carried_forward_from 2026_rev_9,2026_rev_9
SG,United States-Singapore Free Trade Agreement,2020_rev_16,carried_forward_from 2026_rev_9,2026_rev_9
OM,United States-Oman Free Trade Agreement Implementation Act,2020_rev_16,carried_forward_from 2026_rev_9,2026_rev_9
PE,United States-Peru Trade Promotion Agreement Implementation Act,2020_rev_16,carried_forward_from 2026_rev_9,2026_rev_9
KR,United States-Korea Free Trade Agreement Implementation Act,2020_rev_16,carried_forward_from 2026_rev_9,2026_rev_9
CO,United States-Colombia Trade Promotion Agreement Implementation Act,2020_rev_16,carried_forward_from 2026_rev_9,2026_rev_9
PA,United States-Panama Trade Promotion Agreement Implementation Act,2020_rev_16,carried_forward_from 2026_rev_9,2026_rev_9
NP,Nepal Preference Program,2020_rev_16,carried_forward_from 2026_rev_9,2026_rev_9
S,United States-Mexico-Canada Agreement,2020_rev_16,carried_forward_from 2026_rev_9,2026_rev_9
S+,United States-Mexico-Canada Agreement,2020_rev_16,carried_forward_from 2026_rev_9,2026_rev_9
A,Generalized System of Preferences,2020_rev_17,carried_forward_from 2026_rev_9,2026_rev_9
A*,Generalized System of Preferences,2020_rev_17,carried_forward_from 2026_rev_9,2026_rev_9
A+,Generalized System of Preferences,2020_rev_17,carried_forward_from 2026_rev_9,2026_rev_9
AU,United States-Australia Free Trade Agreement,2020_rev_17,carried_forward_from 2026_rev_9,2026_rev_9
B,Automotive Products Trade Act,2020_rev_17,carried_forward_from 2026_rev_9,2026_rev_9
BH,United States-Bahrain Free Trade Agreement Implementation Act,2020_rev_17,carried_forward_from 2026_rev_9,2026_rev_9
C,Agreement on Trade in Civil Aircraft,2020_rev_17,carried_forward_from 2026_rev_9,2026_rev_9
CL,United States-Chile Free Trade Agreement,2020_rev_17,carried_forward_from 2026_rev_9,2026_rev_9
D,African Growth and Opportunity Act,2020_rev_17,carried_forward_from 2026_rev_9,2026_rev_9
E,Caribbean Basin Economic Recovery Act,2020_rev_17,carried_forward_from 2026_rev_9,2026_rev_9
E*,Caribbean Basin Economic Recovery Act,2020_rev_17,carried_forward_from 2026_rev_9,2026_rev_9
IL,United States-Israel Free Trade Area,2020_rev_17,carried_forward_from 2026_rev_9,2026_rev_9
JO,United States-Jordan Free Trade Area Implementation Act,2020_rev_17,carried_forward_from 2026_rev_9,2026_rev_9
JP,Trade Agreement Between the United States and Japan,2020_rev_17,carried_forward_from 2026_rev_9,2026_rev_9
K,Agreement on Trade in Pharmaceutical Products,2020_rev_17,carried_forward_from 2026_rev_9,2026_rev_9
P,Dominican Republic-Central America-United States Free Trade Agreement Implementation Act,2020_rev_17,carried_forward_from 2026_rev_9,2026_rev_9
P+,Dominican Republic-Central America-United States Free Trade Agreement Implementation Act,2020_rev_17,carried_forward_from 2026_rev_9,2026_rev_9
L,Uruguay Round Concessions on Intermediate Chemicals for Dyes,2020_rev_17,carried_forward_from 2026_rev_9,2026_rev_9
R,United States-Caribbean Basin Trade Partnership Act,2020_rev_17,carried_forward_from 2026_rev_9,2026_rev_9
MA,United States-Morocco Free Trade Agreement Implementation Act,2020_rev_17,carried_forward_from 2026_rev_9,2026_rev_9
SG,United States-Singapore Free Trade Agreement,2020_rev_17,carried_forward_from 2026_rev_9,2026_rev_9
OM,United States-Oman Free Trade Agreement Implementation Act,2020_rev_17,carried_forward_from 2026_rev_9,2026_rev_9
PE,United States-Peru Trade Promotion Agreement Implementation Act,2020_rev_17,carried_forward_from 2026_rev_9,2026_rev_9
KR,United States-Korea Free Trade Agreement Implementation Act,2020_rev_17,carried_forward_from 2026_rev_9,2026_rev_9
CO,United States-Colombia Trade Promotion Agreement Implementation Act,2020_rev_17,carried_forward_from 2026_rev_9,2026_rev_9
PA,United States-Panama Trade Promotion Agreement Implementation Act,2020_rev_17,carried_forward_from 2026_rev_9,2026_rev_9
NP,Nepal Preference Program,2020_rev_17,carried_forward_from 2026_rev_9,2026_rev_9
S,United States-Mexico-Canada Agreement,2020_rev_17,carried_forward_from 2026_rev_9,2026_rev_9
S+,United States-Mexico-Canada Agreement,2020_rev_17,carried_forward_from 2026_rev_9,2026_rev_9
A,Generalized System of Preferences,2020_rev_18,carried_forward_from 2026_rev_9,2026_rev_9
A*,Generalized System of Preferences,2020_rev_18,carried_forward_from 2026_rev_9,2026_rev_9
A+,Generalized System of Preferences,2020_rev_18,carried_forward_from 2026_rev_9,2026_rev_9
AU,United States-Australia Free Trade Agreement,2020_rev_18,carried_forward_from 2026_rev_9,2026_rev_9
B,Automotive Products Trade Act,2020_rev_18,carried_forward_from 2026_rev_9,2026_rev_9
BH,United States-Bahrain Free Trade Agreement Implementation Act,2020_rev_18,carried_forward_from 2026_rev_9,2026_rev_9
C,Agreement on Trade in Civil Aircraft,2020_rev_18,carried_forward_from 2026_rev_9,2026_rev_9
CL,United States-Chile Free Trade Agreement,2020_rev_18,carried_forward_from 2026_rev_9,2026_rev_9
D,African Growth and Opportunity Act,2020_rev_18,carried_forward_from 2026_rev_9,2026_rev_9
E,Caribbean Basin Economic Recovery Act,2020_rev_18,carried_forward_from 2026_rev_9,2026_rev_9
E*,Caribbean Basin Economic Recovery Act,2020_rev_18,carried_forward_from 2026_rev_9,2026_rev_9
IL,United States-Israel Free Trade Area,2020_rev_18,carried_forward_from 2026_rev_9,2026_rev_9
JO,United States-Jordan Free Trade Area Implementation Act,2020_rev_18,carried_forward_from 2026_rev_9,2026_rev_9
JP,Trade Agreement Between the United States and Japan,2020_rev_18,carried_forward_from 2026_rev_9,2026_rev_9
K,Agreement on Trade in Pharmaceutical Products,2020_rev_18,carried_forward_from 2026_rev_9,2026_rev_9
P,Dominican Republic-Central America-United States Free Trade Agreement Implementation Act,2020_rev_18,carried_forward_from 2026_rev_9,2026_rev_9
P+,Dominican Republic-Central America-United States Free Trade Agreement Implementation Act,2020_rev_18,carried_forward_from 2026_rev_9,2026_rev_9
L,Uruguay Round Concessions on Intermediate Chemicals for Dyes,2020_rev_18,carried_forward_from 2026_rev_9,2026_rev_9
R,United States-Caribbean Basin Trade Partnership Act,2020_rev_18,carried_forward_from 2026_rev_9,2026_rev_9
MA,United States-Morocco Free Trade Agreement Implementation Act,2020_rev_18,carried_forward_from 2026_rev_9,2026_rev_9
SG,United States-Singapore Free Trade Agreement,2020_rev_18,carried_forward_from 2026_rev_9,2026_rev_9
OM,United States-Oman Free Trade Agreement Implementation Act,2020_rev_18,carried_forward_from 2026_rev_9,2026_rev_9
PE,United States-Peru Trade Promotion Agreement Implementation Act,2020_rev_18,carried_forward_from 2026_rev_9,2026_rev_9
KR,United States-Korea Free Trade Agreement Implementation Act,2020_rev_18,carried_forward_from 2026_rev_9,2026_rev_9
CO,United States-Colombia Trade Promotion Agreement Implementation Act,2020_rev_18,carried_forward_from 2026_rev_9,2026_rev_9
PA,United States-Panama Trade Promotion Agreement Implementation Act,2020_rev_18,carried_forward_from 2026_rev_9,2026_rev_9
NP,Nepal Preference Program,2020_rev_18,carried_forward_from 2026_rev_9,2026_rev_9
S,United States-Mexico-Canada Agreement,2020_rev_18,carried_forward_from 2026_rev_9,2026_rev_9
S+,United States-Mexico-Canada Agreement,2020_rev_18,carried_forward_from 2026_rev_9,2026_rev_9
A,Generalized System of Preferences,2021_basic,carried_forward_from 2026_rev_9,2026_rev_9
A*,Generalized System of Preferences,2021_basic,carried_forward_from 2026_rev_9,2026_rev_9
A+,Generalized System of Preferences,2021_basic,carried_forward_from 2026_rev_9,2026_rev_9
AU,United States-Australia Free Trade Agreement,2021_basic,carried_forward_from 2026_rev_9,2026_rev_9
B,Automotive Products Trade Act,2021_basic,carried_forward_from 2026_rev_9,2026_rev_9
BH,United States-Bahrain Free Trade Agreement Implementation Act,2021_basic,carried_forward_from 2026_rev_9,2026_rev_9
C,Agreement on Trade in Civil Aircraft,2021_basic,carried_forward_from 2026_rev_9,2026_rev_9
CL,United States-Chile Free Trade Agreement,2021_basic,carried_forward_from 2026_rev_9,2026_rev_9
D,African Growth and Opportunity Act,2021_basic,carried_forward_from 2026_rev_9,2026_rev_9
E,Caribbean Basin Economic Recovery Act,2021_basic,carried_forward_from 2026_rev_9,2026_rev_9
E*,Caribbean Basin Economic Recovery Act,2021_basic,carried_forward_from 2026_rev_9,2026_rev_9
IL,United States-Israel Free Trade Area,2021_basic,carried_forward_from 2026_rev_9,2026_rev_9
JO,United States-Jordan Free Trade Area Implementation Act,2021_basic,carried_forward_from 2026_rev_9,2026_rev_9
JP,Trade Agreement Between the United States and Japan,2021_basic,carried_forward_from 2026_rev_9,2026_rev_9
K,Agreement on Trade in Pharmaceutical Products,2021_basic,carried_forward_from 2026_rev_9,2026_rev_9
P,Dominican Republic-Central America-United States Free Trade Agreement Implementation Act,2021_basic,carried_forward_from 2026_rev_9,2026_rev_9
P+,Dominican Republic-Central America-United States Free Trade Agreement Implementation Act,2021_basic,carried_forward_from 2026_rev_9,2026_rev_9
L,Uruguay Round Concessions on Intermediate Chemicals for Dyes,2021_basic,carried_forward_from 2026_rev_9,2026_rev_9
R,United States-Caribbean Basin Trade Partnership Act,2021_basic,carried_forward_from 2026_rev_9,2026_rev_9
MA,United States-Morocco Free Trade Agreement Implementation Act,2021_basic,carried_forward_from 2026_rev_9,2026_rev_9
SG,United States-Singapore Free Trade Agreement,2021_basic,carried_forward_from 2026_rev_9,2026_rev_9
OM,United States-Oman Free Trade Agreement Implementation Act,2021_basic,carried_forward_from 2026_rev_9,2026_rev_9
PE,United States-Peru Trade Promotion Agreement Implementation Act,2021_basic,carried_forward_from 2026_rev_9,2026_rev_9
KR,United States-Korea Free Trade Agreement Implementation Act,2021_basic,carried_forward_from 2026_rev_9,2026_rev_9
CO,United States-Colombia Trade Promotion Agreement Implementation Act,2021_basic,carried_forward_from 2026_rev_9,2026_rev_9
PA,United States-Panama Trade Promotion Agreement Implementation Act,2021_basic,carried_forward_from 2026_rev_9,2026_rev_9
NP,Nepal Preference Program,2021_basic,carried_forward_from 2026_rev_9,2026_rev_9
S,United States-Mexico-Canada Agreement,2021_basic,carried_forward_from 2026_rev_9,2026_rev_9
S+,United States-Mexico-Canada Agreement,2021_basic,carried_forward_from 2026_rev_9,2026_rev_9
A,Generalized System of Preferences,2021_rev_1,carried_forward_from 2026_rev_9,2026_rev_9
A*,Generalized System of Preferences,2021_rev_1,carried_forward_from 2026_rev_9,2026_rev_9
A+,Generalized System of Preferences,2021_rev_1,carried_forward_from 2026_rev_9,2026_rev_9
AU,United States-Australia Free Trade Agreement,2021_rev_1,carried_forward_from 2026_rev_9,2026_rev_9
B,Automotive Products Trade Act,2021_rev_1,carried_forward_from 2026_rev_9,2026_rev_9
BH,United States-Bahrain Free Trade Agreement Implementation Act,2021_rev_1,carried_forward_from 2026_rev_9,2026_rev_9
C,Agreement on Trade in Civil Aircraft,2021_rev_1,carried_forward_from 2026_rev_9,2026_rev_9
CL,United States-Chile Free Trade Agreement,2021_rev_1,carried_forward_from 2026_rev_9,2026_rev_9
D,African Growth and Opportunity Act,2021_rev_1,carried_forward_from 2026_rev_9,2026_rev_9
E,Caribbean Basin Economic Recovery Act,2021_rev_1,carried_forward_from 2026_rev_9,2026_rev_9
E*,Caribbean Basin Economic Recovery Act,2021_rev_1,carried_forward_from 2026_rev_9,2026_rev_9
IL,United States-Israel Free Trade Area,2021_rev_1,carried_forward_from 2026_rev_9,2026_rev_9
JO,United States-Jordan Free Trade Area Implementation Act,2021_rev_1,carried_forward_from 2026_rev_9,2026_rev_9
JP,Trade Agreement Between the United States and Japan,2021_rev_1,carried_forward_from 2026_rev_9,2026_rev_9
K,Agreement on Trade in Pharmaceutical Products,2021_rev_1,carried_forward_from 2026_rev_9,2026_rev_9
P,Dominican Republic-Central America-United States Free Trade Agreement Implementation Act,2021_rev_1,carried_forward_from 2026_rev_9,2026_rev_9
P+,Dominican Republic-Central America-United States Free Trade Agreement Implementation Act,2021_rev_1,carried_forward_from 2026_rev_9,2026_rev_9
L,Uruguay Round Concessions on Intermediate Chemicals for Dyes,2021_rev_1,carried_forward_from 2026_rev_9,2026_rev_9
R,United States-Caribbean Basin Trade Partnership Act,2021_rev_1,carried_forward_from 2026_rev_9,2026_rev_9
MA,United States-Morocco Free Trade Agreement Implementation Act,2021_rev_1,carried_forward_from 2026_rev_9,2026_rev_9
SG,United States-Singapore Free Trade Agreement,2021_rev_1,carried_forward_from 2026_rev_9,2026_rev_9
OM,United States-Oman Free Trade Agreement Implementation Act,2021_rev_1,carried_forward_from 2026_rev_9,2026_rev_9
PE,United States-Peru Trade Promotion Agreement Implementation Act,2021_rev_1,carried_forward_from 2026_rev_9,2026_rev_9
KR,United States-Korea Free Trade Agreement Implementation Act,2021_rev_1,carried_forward_from 2026_rev_9,2026_rev_9
CO,United States-Colombia Trade Promotion Agreement Implementation Act,2021_rev_1,carried_forward_from 2026_rev_9,2026_rev_9
PA,United States-Panama Trade Promotion Agreement Implementation Act,2021_rev_1,carried_forward_from 2026_rev_9,2026_rev_9
NP,Nepal Preference Program,2021_rev_1,carried_forward_from 2026_rev_9,2026_rev_9
S,United States-Mexico-Canada Agreement,2021_rev_1,carried_forward_from 2026_rev_9,2026_rev_9
S+,United States-Mexico-Canada Agreement,2021_rev_1,carried_forward_from 2026_rev_9,2026_rev_9
A,Generalized System of Preferences,2021_rev_2,carried_forward_from 2026_rev_9,2026_rev_9
A*,Generalized System of Preferences,2021_rev_2,carried_forward_from 2026_rev_9,2026_rev_9
A+,Generalized System of Preferences,2021_rev_2,carried_forward_from 2026_rev_9,2026_rev_9
AU,United States-Australia Free Trade Agreement,2021_rev_2,carried_forward_from 2026_rev_9,2026_rev_9
B,Automotive Products Trade Act,2021_rev_2,carried_forward_from 2026_rev_9,2026_rev_9
BH,United States-Bahrain Free Trade Agreement Implementation Act,2021_rev_2,carried_forward_from 2026_rev_9,2026_rev_9
C,Agreement on Trade in Civil Aircraft,2021_rev_2,carried_forward_from 2026_rev_9,2026_rev_9
CL,United States-Chile Free Trade Agreement,2021_rev_2,carried_forward_from 2026_rev_9,2026_rev_9
D,African Growth and Opportunity Act,2021_rev_2,carried_forward_from 2026_rev_9,2026_rev_9
E,Caribbean Basin Economic Recovery Act,2021_rev_2,carried_forward_from 2026_rev_9,2026_rev_9
E*,Caribbean Basin Economic Recovery Act,2021_rev_2,carried_forward_from 2026_rev_9,2026_rev_9
IL,United States-Israel Free Trade Area,2021_rev_2,carried_forward_from 2026_rev_9,2026_rev_9
JO,United States-Jordan Free Trade Area Implementation Act,2021_rev_2,carried_forward_from 2026_rev_9,2026_rev_9
JP,Trade Agreement Between the United States and Japan,2021_rev_2,carried_forward_from 2026_rev_9,2026_rev_9
K,Agreement on Trade in Pharmaceutical Products,2021_rev_2,carried_forward_from 2026_rev_9,2026_rev_9
P,Dominican Republic-Central America-United States Free Trade Agreement Implementation Act,2021_rev_2,carried_forward_from 2026_rev_9,2026_rev_9
P+,Dominican Republic-Central America-United States Free Trade Agreement Implementation Act,2021_rev_2,carried_forward_from 2026_rev_9,2026_rev_9
L,Uruguay Round Concessions on Intermediate Chemicals for Dyes,2021_rev_2,carried_forward_from 2026_rev_9,2026_rev_9
R,United States-Caribbean Basin Trade Partnership Act,2021_rev_2,carried_forward_from 2026_rev_9,2026_rev_9
MA,United States-Morocco Free Trade Agreement Implementation Act,2021_rev_2,carried_forward_from 2026_rev_9,2026_rev_9
SG,United States-Singapore Free Trade Agreement,2021_rev_2,carried_forward_from 2026_rev_9,2026_rev_9
OM,United States-Oman Free Trade Agreement Implementation Act,2021_rev_2,carried_forward_from 2026_rev_9,2026_rev_9
PE,United States-Peru Trade Promotion Agreement Implementation Act,2021_rev_2,carried_forward_from 2026_rev_9,2026_rev_9
KR,United States-Korea Free Trade Agreement Implementation Act,2021_rev_2,carried_forward_from 2026_rev_9,2026_rev_9
CO,United States-Colombia Trade Promotion Agreement Implementation Act,2021_rev_2,carried_forward_from 2026_rev_9,2026_rev_9
PA,United States-Panama Trade Promotion Agreement Implementation Act,2021_rev_2,carried_forward_from 2026_rev_9,2026_rev_9
NP,Nepal Preference Program,2021_rev_2,carried_forward_from 2026_rev_9,2026_rev_9
S,United States-Mexico-Canada Agreement,2021_rev_2,carried_forward_from 2026_rev_9,2026_rev_9
S+,United States-Mexico-Canada Agreement,2021_rev_2,carried_forward_from 2026_rev_9,2026_rev_9
A,Generalized System of Preferences,2021_rev_3,carried_forward_from 2026_rev_9,2026_rev_9
A*,Generalized System of Preferences,2021_rev_3,carried_forward_from 2026_rev_9,2026_rev_9
A+,Generalized System of Preferences,2021_rev_3,carried_forward_from 2026_rev_9,2026_rev_9
AU,United States-Australia Free Trade Agreement,2021_rev_3,carried_forward_from 2026_rev_9,2026_rev_9
B,Automotive Products Trade Act,2021_rev_3,carried_forward_from 2026_rev_9,2026_rev_9
BH,United States-Bahrain Free Trade Agreement Implementation Act,2021_rev_3,carried_forward_from 2026_rev_9,2026_rev_9
C,Agreement on Trade in Civil Aircraft,2021_rev_3,carried_forward_from 2026_rev_9,2026_rev_9
CL,United States-Chile Free Trade Agreement,2021_rev_3,carried_forward_from 2026_rev_9,2026_rev_9
D,African Growth and Opportunity Act,2021_rev_3,carried_forward_from 2026_rev_9,2026_rev_9
E,Caribbean Basin Economic Recovery Act,2021_rev_3,carried_forward_from 2026_rev_9,2026_rev_9
E*,Caribbean Basin Economic Recovery Act,2021_rev_3,carried_forward_from 2026_rev_9,2026_rev_9
IL,United States-Israel Free Trade Area,2021_rev_3,carried_forward_from 2026_rev_9,2026_rev_9
JO,United States-Jordan Free Trade Area Implementation Act,2021_rev_3,carried_forward_from 2026_rev_9,2026_rev_9
JP,Trade Agreement Between the United States and Japan,2021_rev_3,carried_forward_from 2026_rev_9,2026_rev_9
K,Agreement on Trade in Pharmaceutical Products,2021_rev_3,carried_forward_from 2026_rev_9,2026_rev_9
P,Dominican Republic-Central America-United States Free Trade Agreement Implementation Act,2021_rev_3,carried_forward_from 2026_rev_9,2026_rev_9
P+,Dominican Republic-Central America-United States Free Trade Agreement Implementation Act,2021_rev_3,carried_forward_from 2026_rev_9,2026_rev_9
L,Uruguay Round Concessions on Intermediate Chemicals for Dyes,2021_rev_3,carried_forward_from 2026_rev_9,2026_rev_9
R,United States-Caribbean Basin Trade Partnership Act,2021_rev_3,carried_forward_from 2026_rev_9,2026_rev_9
MA,United States-Morocco Free Trade Agreement Implementation Act,2021_rev_3,carried_forward_from 2026_rev_9,2026_rev_9
SG,United States-Singapore Free Trade Agreement,2021_rev_3,carried_forward_from 2026_rev_9,2026_rev_9
OM,United States-Oman Free Trade Agreement Implementation Act,2021_rev_3,carried_forward_from 2026_rev_9,2026_rev_9
PE,United States-Peru Trade Promotion Agreement Implementation Act,2021_rev_3,carried_forward_from 2026_rev_9,2026_rev_9
KR,United States-Korea Free Trade Agreement Implementation Act,2021_rev_3,carried_forward_from 2026_rev_9,2026_rev_9
CO,United States-Colombia Trade Promotion Agreement Implementation Act,2021_rev_3,carried_forward_from 2026_rev_9,2026_rev_9
PA,United States-Panama Trade Promotion Agreement Implementation Act,2021_rev_3,carried_forward_from 2026_rev_9,2026_rev_9
NP,Nepal Preference Program,2021_rev_3,carried_forward_from 2026_rev_9,2026_rev_9
S,United States-Mexico-Canada Agreement,2021_rev_3,carried_forward_from 2026_rev_9,2026_rev_9
S+,United States-Mexico-Canada Agreement,2021_rev_3,carried_forward_from 2026_rev_9,2026_rev_9
A,Generalized System of Preferences,2021_rev_4,carried_forward_from 2026_rev_9,2026_rev_9
A*,Generalized System of Preferences,2021_rev_4,carried_forward_from 2026_rev_9,2026_rev_9
A+,Generalized System of Preferences,2021_rev_4,carried_forward_from 2026_rev_9,2026_rev_9
AU,United States-Australia Free Trade Agreement,2021_rev_4,carried_forward_from 2026_rev_9,2026_rev_9
B,Automotive Products Trade Act,2021_rev_4,carried_forward_from 2026_rev_9,2026_rev_9
BH,United States-Bahrain Free Trade Agreement Implementation Act,2021_rev_4,carried_forward_from 2026_rev_9,2026_rev_9
C,Agreement on Trade in Civil Aircraft,2021_rev_4,carried_forward_from 2026_rev_9,2026_rev_9
CL,United States-Chile Free Trade Agreement,2021_rev_4,carried_forward_from 2026_rev_9,2026_rev_9
D,African Growth and Opportunity Act,2021_rev_4,carried_forward_from 2026_rev_9,2026_rev_9
E,Caribbean Basin Economic Recovery Act,2021_rev_4,carried_forward_from 2026_rev_9,2026_rev_9
E*,Caribbean Basin Economic Recovery Act,2021_rev_4,carried_forward_from 2026_rev_9,2026_rev_9
IL,United States-Israel Free Trade Area,2021_rev_4,carried_forward_from 2026_rev_9,2026_rev_9
JO,United States-Jordan Free Trade Area Implementation Act,2021_rev_4,carried_forward_from 2026_rev_9,2026_rev_9
JP,Trade Agreement Between the United States and Japan,2021_rev_4,carried_forward_from 2026_rev_9,2026_rev_9
K,Agreement on Trade in Pharmaceutical Products,2021_rev_4,carried_forward_from 2026_rev_9,2026_rev_9
P,Dominican Republic-Central America-United States Free Trade Agreement Implementation Act,2021_rev_4,carried_forward_from 2026_rev_9,2026_rev_9
P+,Dominican Republic-Central America-United States Free Trade Agreement Implementation Act,2021_rev_4,carried_forward_from 2026_rev_9,2026_rev_9
L,Uruguay Round Concessions on Intermediate Chemicals for Dyes,2021_rev_4,carried_forward_from 2026_rev_9,2026_rev_9
R,United States-Caribbean Basin Trade Partnership Act,2021_rev_4,carried_forward_from 2026_rev_9,2026_rev_9
MA,United States-Morocco Free Trade Agreement Implementation Act,2021_rev_4,carried_forward_from 2026_rev_9,2026_rev_9
SG,United States-Singapore Free Trade Agreement,2021_rev_4,carried_forward_from 2026_rev_9,2026_rev_9
OM,United States-Oman Free Trade Agreement Implementation Act,2021_rev_4,carried_forward_from 2026_rev_9,2026_rev_9
PE,United States-Peru Trade Promotion Agreement Implementation Act,2021_rev_4,carried_forward_from 2026_rev_9,2026_rev_9
KR,United States-Korea Free Trade Agreement Implementation Act,2021_rev_4,carried_forward_from 2026_rev_9,2026_rev_9
CO,United States-Colombia Trade Promotion Agreement Implementation Act,2021_rev_4,carried_forward_from 2026_rev_9,2026_rev_9
PA,United States-Panama Trade Promotion Agreement Implementation Act,2021_rev_4,carried_forward_from 2026_rev_9,2026_rev_9
NP,Nepal Preference Program,2021_rev_4,carried_forward_from 2026_rev_9,2026_rev_9
S,United States-Mexico-Canada Agreement,2021_rev_4,carried_forward_from 2026_rev_9,2026_rev_9
S+,United States-Mexico-Canada Agreement,2021_rev_4,carried_forward_from 2026_rev_9,2026_rev_9
A,Generalized System of Preferences,2021_rev_5,carried_forward_from 2026_rev_9,2026_rev_9
A*,Generalized System of Preferences,2021_rev_5,carried_forward_from 2026_rev_9,2026_rev_9
A+,Generalized System of Preferences,2021_rev_5,carried_forward_from 2026_rev_9,2026_rev_9
AU,United States-Australia Free Trade Agreement,2021_rev_5,carried_forward_from 2026_rev_9,2026_rev_9
B,Automotive Products Trade Act,2021_rev_5,carried_forward_from 2026_rev_9,2026_rev_9
BH,United States-Bahrain Free Trade Agreement Implementation Act,2021_rev_5,carried_forward_from 2026_rev_9,2026_rev_9
C,Agreement on Trade in Civil Aircraft,2021_rev_5,carried_forward_from 2026_rev_9,2026_rev_9
CL,United States-Chile Free Trade Agreement,2021_rev_5,carried_forward_from 2026_rev_9,2026_rev_9
D,African Growth and Opportunity Act,2021_rev_5,carried_forward_from 2026_rev_9,2026_rev_9
E,Caribbean Basin Economic Recovery Act,2021_rev_5,carried_forward_from 2026_rev_9,2026_rev_9
E*,Caribbean Basin Economic Recovery Act,2021_rev_5,carried_forward_from 2026_rev_9,2026_rev_9
IL,United States-Israel Free Trade Area,2021_rev_5,carried_forward_from 2026_rev_9,2026_rev_9
JO,United States-Jordan Free Trade Area Implementation Act,2021_rev_5,carried_forward_from 2026_rev_9,2026_rev_9
JP,Trade Agreement Between the United States and Japan,2021_rev_5,carried_forward_from 2026_rev_9,2026_rev_9
K,Agreement on Trade in Pharmaceutical Products,2021_rev_5,carried_forward_from 2026_rev_9,2026_rev_9
P,Dominican Republic-Central America-United States Free Trade Agreement Implementation Act,2021_rev_5,carried_forward_from 2026_rev_9,2026_rev_9
P+,Dominican Republic-Central America-United States Free Trade Agreement Implementation Act,2021_rev_5,carried_forward_from 2026_rev_9,2026_rev_9
L,Uruguay Round Concessions on Intermediate Chemicals for Dyes,2021_rev_5,carried_forward_from 2026_rev_9,2026_rev_9
R,United States-Caribbean Basin Trade Partnership Act,2021_rev_5,carried_forward_from 2026_rev_9,2026_rev_9
MA,United States-Morocco Free Trade Agreement Implementation Act,2021_rev_5,carried_forward_from 2026_rev_9,2026_rev_9
SG,United States-Singapore Free Trade Agreement,2021_rev_5,carried_forward_from 2026_rev_9,2026_rev_9
OM,United States-Oman Free Trade Agreement Implementation Act,2021_rev_5,carried_forward_from 2026_rev_9,2026_rev_9
PE,United States-Peru Trade Promotion Agreement Implementation Act,2021_rev_5,carried_forward_from 2026_rev_9,2026_rev_9
KR,United States-Korea Free Trade Agreement Implementation Act,2021_rev_5,carried_forward_from 2026_rev_9,2026_rev_9
CO,United States-Colombia Trade Promotion Agreement Implementation Act,2021_rev_5,carried_forward_from 2026_rev_9,2026_rev_9
PA,United States-Panama Trade Promotion Agreement Implementation Act,2021_rev_5,carried_forward_from 2026_rev_9,2026_rev_9
NP,Nepal Preference Program,2021_rev_5,carried_forward_from 2026_rev_9,2026_rev_9
S,United States-Mexico-Canada Agreement,2021_rev_5,carried_forward_from 2026_rev_9,2026_rev_9
S+,United States-Mexico-Canada Agreement,2021_rev_5,carried_forward_from 2026_rev_9,2026_rev_9
A,Generalized System of Preferences,2021_rev_6,carried_forward_from 2026_rev_9,2026_rev_9
A*,Generalized System of Preferences,2021_rev_6,carried_forward_from 2026_rev_9,2026_rev_9
A+,Generalized System of Preferences,2021_rev_6,carried_forward_from 2026_rev_9,2026_rev_9
AU,United States-Australia Free Trade Agreement,2021_rev_6,carried_forward_from 2026_rev_9,2026_rev_9
B,Automotive Products Trade Act,2021_rev_6,carried_forward_from 2026_rev_9,2026_rev_9
BH,United States-Bahrain Free Trade Agreement Implementation Act,2021_rev_6,carried_forward_from 2026_rev_9,2026_rev_9
C,Agreement on Trade in Civil Aircraft,2021_rev_6,carried_forward_from 2026_rev_9,2026_rev_9
CL,United States-Chile Free Trade Agreement,2021_rev_6,carried_forward_from 2026_rev_9,2026_rev_9
D,African Growth and Opportunity Act,2021_rev_6,carried_forward_from 2026_rev_9,2026_rev_9
E,Caribbean Basin Economic Recovery Act,2021_rev_6,carried_forward_from 2026_rev_9,2026_rev_9
E*,Caribbean Basin Economic Recovery Act,2021_rev_6,carried_forward_from 2026_rev_9,2026_rev_9
IL,United States-Israel Free Trade Area,2021_rev_6,carried_forward_from 2026_rev_9,2026_rev_9
JO,United States-Jordan Free Trade Area Implementation Act,2021_rev_6,carried_forward_from 2026_rev_9,2026_rev_9
JP,Trade Agreement Between the United States and Japan,2021_rev_6,carried_forward_from 2026_rev_9,2026_rev_9
K,Agreement on Trade in Pharmaceutical Products,2021_rev_6,carried_forward_from 2026_rev_9,2026_rev_9
P,Dominican Republic-Central America-United States Free Trade Agreement Implementation Act,2021_rev_6,carried_forward_from 2026_rev_9,2026_rev_9
P+,Dominican Republic-Central America-United States Free Trade Agreement Implementation Act,2021_rev_6,carried_forward_from 2026_rev_9,2026_rev_9
L,Uruguay Round Concessions on Intermediate Chemicals for Dyes,2021_rev_6,carried_forward_from 2026_rev_9,2026_rev_9
R,United States-Caribbean Basin Trade Partnership Act,2021_rev_6,carried_forward_from 2026_rev_9,2026_rev_9
MA,United States-Morocco Free Trade Agreement Implementation Act,2021_rev_6,carried_forward_from 2026_rev_9,2026_rev_9
SG,United States-Singapore Free Trade Agreement,2021_rev_6,carried_forward_from 2026_rev_9,2026_rev_9
OM,United States-Oman Free Trade Agreement Implementation Act,2021_rev_6,carried_forward_from 2026_rev_9,2026_rev_9
PE,United States-Peru Trade Promotion Agreement Implementation Act,2021_rev_6,carried_forward_from 2026_rev_9,2026_rev_9
KR,United States-Korea Free Trade Agreement Implementation Act,2021_rev_6,carried_forward_from 2026_rev_9,2026_rev_9
CO,United States-Colombia Trade Promotion Agreement Implementation Act,2021_rev_6,carried_forward_from 2026_rev_9,2026_rev_9
PA,United States-Panama Trade Promotion Agreement Implementation Act,2021_rev_6,carried_forward_from 2026_rev_9,2026_rev_9
NP,Nepal Preference Program,2021_rev_6,carried_forward_from 2026_rev_9,2026_rev_9
S,United States-Mexico-Canada Agreement,2021_rev_6,carried_forward_from 2026_rev_9,2026_rev_9
S+,United States-Mexico-Canada Agreement,2021_rev_6,carried_forward_from 2026_rev_9,2026_rev_9
A,Generalized System of Preferences,2021_rev_7,carried_forward_from 2026_rev_9,2026_rev_9
A*,Generalized System of Preferences,2021_rev_7,carried_forward_from 2026_rev_9,2026_rev_9
A+,Generalized System of Preferences,2021_rev_7,carried_forward_from 2026_rev_9,2026_rev_9
AU,United States-Australia Free Trade Agreement,2021_rev_7,carried_forward_from 2026_rev_9,2026_rev_9
B,Automotive Products Trade Act,2021_rev_7,carried_forward_from 2026_rev_9,2026_rev_9
BH,United States-Bahrain Free Trade Agreement Implementation Act,2021_rev_7,carried_forward_from 2026_rev_9,2026_rev_9
C,Agreement on Trade in Civil Aircraft,2021_rev_7,carried_forward_from 2026_rev_9,2026_rev_9
CL,United States-Chile Free Trade Agreement,2021_rev_7,carried_forward_from 2026_rev_9,2026_rev_9
D,African Growth and Opportunity Act,2021_rev_7,carried_forward_from 2026_rev_9,2026_rev_9
E,Caribbean Basin Economic Recovery Act,2021_rev_7,carried_forward_from 2026_rev_9,2026_rev_9
E*,Caribbean Basin Economic Recovery Act,2021_rev_7,carried_forward_from 2026_rev_9,2026_rev_9
IL,United States-Israel Free Trade Area,2021_rev_7,carried_forward_from 2026_rev_9,2026_rev_9
JO,United States-Jordan Free Trade Area Implementation Act,2021_rev_7,carried_forward_from 2026_rev_9,2026_rev_9
JP,Trade Agreement Between the United States and Japan,2021_rev_7,carried_forward_from 2026_rev_9,2026_rev_9
K,Agreement on Trade in Pharmaceutical Products,2021_rev_7,carried_forward_from 2026_rev_9,2026_rev_9
P,Dominican Republic-Central America-United States Free Trade Agreement Implementation Act,2021_rev_7,carried_forward_from 2026_rev_9,2026_rev_9
P+,Dominican Republic-Central America-United States Free Trade Agreement Implementation Act,2021_rev_7,carried_forward_from 2026_rev_9,2026_rev_9
L,Uruguay Round Concessions on Intermediate Chemicals for Dyes,2021_rev_7,carried_forward_from 2026_rev_9,2026_rev_9
R,United States-Caribbean Basin Trade Partnership Act,2021_rev_7,carried_forward_from 2026_rev_9,2026_rev_9
MA,United States-Morocco Free Trade Agreement Implementation Act,2021_rev_7,carried_forward_from 2026_rev_9,2026_rev_9
SG,United States-Singapore Free Trade Agreement,2021_rev_7,carried_forward_from 2026_rev_9,2026_rev_9
OM,United States-Oman Free Trade Agreement Implementation Act,2021_rev_7,carried_forward_from 2026_rev_9,2026_rev_9
PE,United States-Peru Trade Promotion Agreement Implementation Act,2021_rev_7,carried_forward_from 2026_rev_9,2026_rev_9
KR,United States-Korea Free Trade Agreement Implementation Act,2021_rev_7,carried_forward_from 2026_rev_9,2026_rev_9
CO,United States-Colombia Trade Promotion Agreement Implementation Act,2021_rev_7,carried_forward_from 2026_rev_9,2026_rev_9
PA,United States-Panama Trade Promotion Agreement Implementation Act,2021_rev_7,carried_forward_from 2026_rev_9,2026_rev_9
NP,Nepal Preference Program,2021_rev_7,carried_forward_from 2026_rev_9,2026_rev_9
S,United States-Mexico-Canada Agreement,2021_rev_7,carried_forward_from 2026_rev_9,2026_rev_9
S+,United States-Mexico-Canada Agreement,2021_rev_7,carried_forward_from 2026_rev_9,2026_rev_9
A,Generalized System of Preferences,2021_rev_8,carried_forward_from 2026_rev_9,2026_rev_9
A*,Generalized System of Preferences,2021_rev_8,carried_forward_from 2026_rev_9,2026_rev_9
A+,Generalized System of Preferences,2021_rev_8,carried_forward_from 2026_rev_9,2026_rev_9
AU,United States-Australia Free Trade Agreement,2021_rev_8,carried_forward_from 2026_rev_9,2026_rev_9
B,Automotive Products Trade Act,2021_rev_8,carried_forward_from 2026_rev_9,2026_rev_9
BH,United States-Bahrain Free Trade Agreement Implementation Act,2021_rev_8,carried_forward_from 2026_rev_9,2026_rev_9
C,Agreement on Trade in Civil Aircraft,2021_rev_8,carried_forward_from 2026_rev_9,2026_rev_9
CL,United States-Chile Free Trade Agreement,2021_rev_8,carried_forward_from 2026_rev_9,2026_rev_9
D,African Growth and Opportunity Act,2021_rev_8,carried_forward_from 2026_rev_9,2026_rev_9
E,Caribbean Basin Economic Recovery Act,2021_rev_8,carried_forward_from 2026_rev_9,2026_rev_9
E*,Caribbean Basin Economic Recovery Act,2021_rev_8,carried_forward_from 2026_rev_9,2026_rev_9
IL,United States-Israel Free Trade Area,2021_rev_8,carried_forward_from 2026_rev_9,2026_rev_9
JO,United States-Jordan Free Trade Area Implementation Act,2021_rev_8,carried_forward_from 2026_rev_9,2026_rev_9
JP,Trade Agreement Between the United States and Japan,2021_rev_8,carried_forward_from 2026_rev_9,2026_rev_9
K,Agreement on Trade in Pharmaceutical Products,2021_rev_8,carried_forward_from 2026_rev_9,2026_rev_9
P,Dominican Republic-Central America-United States Free Trade Agreement Implementation Act,2021_rev_8,carried_forward_from 2026_rev_9,2026_rev_9
P+,Dominican Republic-Central America-United States Free Trade Agreement Implementation Act,2021_rev_8,carried_forward_from 2026_rev_9,2026_rev_9
L,Uruguay Round Concessions on Intermediate Chemicals for Dyes,2021_rev_8,carried_forward_from 2026_rev_9,2026_rev_9
R,United States-Caribbean Basin Trade Partnership Act,2021_rev_8,carried_forward_from 2026_rev_9,2026_rev_9
MA,United States-Morocco Free Trade Agreement Implementation Act,2021_rev_8,carried_forward_from 2026_rev_9,2026_rev_9
SG,United States-Singapore Free Trade Agreement,2021_rev_8,carried_forward_from 2026_rev_9,2026_rev_9
OM,United States-Oman Free Trade Agreement Implementation Act,2021_rev_8,carried_forward_from 2026_rev_9,2026_rev_9
PE,United States-Peru Trade Promotion Agreement Implementation Act,2021_rev_8,carried_forward_from 2026_rev_9,2026_rev_9
KR,United States-Korea Free Trade Agreement Implementation Act,2021_rev_8,carried_forward_from 2026_rev_9,2026_rev_9
CO,United States-Colombia Trade Promotion Agreement Implementation Act,2021_rev_8,carried_forward_from 2026_rev_9,2026_rev_9
PA,United States-Panama Trade Promotion Agreement Implementation Act,2021_rev_8,carried_forward_from 2026_rev_9,2026_rev_9
NP,Nepal Preference Program,2021_rev_8,carried_forward_from 2026_rev_9,2026_rev_9
S,United States-Mexico-Canada Agreement,2021_rev_8,carried_forward_from 2026_rev_9,2026_rev_9
S+,United States-Mexico-Canada Agreement,2021_rev_8,carried_forward_from 2026_rev_9,2026_rev_9
A,Generalized System of Preferences,2021_rev_9,carried_forward_from 2026_rev_9,2026_rev_9
A*,Generalized System of Preferences,2021_rev_9,carried_forward_from 2026_rev_9,2026_rev_9
A+,Generalized System of Preferences,2021_rev_9,carried_forward_from 2026_rev_9,2026_rev_9
AU,United States-Australia Free Trade Agreement,2021_rev_9,carried_forward_from 2026_rev_9,2026_rev_9
B,Automotive Products Trade Act,2021_rev_9,carried_forward_from 2026_rev_9,2026_rev_9
BH,United States-Bahrain Free Trade Agreement Implementation Act,2021_rev_9,carried_forward_from 2026_rev_9,2026_rev_9
C,Agreement on Trade in Civil Aircraft,2021_rev_9,carried_forward_from 2026_rev_9,2026_rev_9
CL,United States-Chile Free Trade Agreement,2021_rev_9,carried_forward_from 2026_rev_9,2026_rev_9
D,African Growth and Opportunity Act,2021_rev_9,carried_forward_from 2026_rev_9,2026_rev_9
E,Caribbean Basin Economic Recovery Act,2021_rev_9,carried_forward_from 2026_rev_9,2026_rev_9
E*,Caribbean Basin Economic Recovery Act,2021_rev_9,carried_forward_from 2026_rev_9,2026_rev_9
IL,United States-Israel Free Trade Area,2021_rev_9,carried_forward_from 2026_rev_9,2026_rev_9
JO,United States-Jordan Free Trade Area Implementation Act,2021_rev_9,carried_forward_from 2026_rev_9,2026_rev_9
JP,Trade Agreement Between the United States and Japan,2021_rev_9,carried_forward_from 2026_rev_9,2026_rev_9
K,Agreement on Trade in Pharmaceutical Products,2021_rev_9,carried_forward_from 2026_rev_9,2026_rev_9
P,Dominican Republic-Central America-United States Free Trade Agreement Implementation Act,2021_rev_9,carried_forward_from 2026_rev_9,2026_rev_9
P+,Dominican Republic-Central America-United States Free Trade Agreement Implementation Act,2021_rev_9,carried_forward_from 2026_rev_9,2026_rev_9
L,Uruguay Round Concessions on Intermediate Chemicals for Dyes,2021_rev_9,carried_forward_from 2026_rev_9,2026_rev_9
R,United States-Caribbean Basin Trade Partnership Act,2021_rev_9,carried_forward_from 2026_rev_9,2026_rev_9
MA,United States-Morocco Free Trade Agreement Implementation Act,2021_rev_9,carried_forward_from 2026_rev_9,2026_rev_9
SG,United States-Singapore Free Trade Agreement,2021_rev_9,carried_forward_from 2026_rev_9,2026_rev_9
OM,United States-Oman Free Trade Agreement Implementation Act,2021_rev_9,carried_forward_from 2026_rev_9,2026_rev_9
PE,United States-Peru Trade Promotion Agreement Implementation Act,2021_rev_9,carried_forward_from 2026_rev_9,2026_rev_9
KR,United States-Korea Free Trade Agreement Implementation Act,2021_rev_9,carried_forward_from 2026_rev_9,2026_rev_9
CO,United States-Colombia Trade Promotion Agreement Implementation Act,2021_rev_9,carried_forward_from 2026_rev_9,2026_rev_9
PA,United States-Panama Trade Promotion Agreement Implementation Act,2021_rev_9,carried_forward_from 2026_rev_9,2026_rev_9
NP,Nepal Preference Program,2021_rev_9,carried_forward_from 2026_rev_9,2026_rev_9
S,United States-Mexico-Canada Agreement,2021_rev_9,carried_forward_from 2026_rev_9,2026_rev_9
S+,United States-Mexico-Canada Agreement,2021_rev_9,carried_forward_from 2026_rev_9,2026_rev_9
A,Generalized System of Preferences,2021_rev_10,carried_forward_from 2026_rev_9,2026_rev_9
A*,Generalized System of Preferences,2021_rev_10,carried_forward_from 2026_rev_9,2026_rev_9
A+,Generalized System of Preferences,2021_rev_10,carried_forward_from 2026_rev_9,2026_rev_9
AU,United States-Australia Free Trade Agreement,2021_rev_10,carried_forward_from 2026_rev_9,2026_rev_9
B,Automotive Products Trade Act,2021_rev_10,carried_forward_from 2026_rev_9,2026_rev_9
BH,United States-Bahrain Free Trade Agreement Implementation Act,2021_rev_10,carried_forward_from 2026_rev_9,2026_rev_9
C,Agreement on Trade in Civil Aircraft,2021_rev_10,carried_forward_from 2026_rev_9,2026_rev_9
CL,United States-Chile Free Trade Agreement,2021_rev_10,carried_forward_from 2026_rev_9,2026_rev_9
D,African Growth and Opportunity Act,2021_rev_10,carried_forward_from 2026_rev_9,2026_rev_9
E,Caribbean Basin Economic Recovery Act,2021_rev_10,carried_forward_from 2026_rev_9,2026_rev_9
E*,Caribbean Basin Economic Recovery Act,2021_rev_10,carried_forward_from 2026_rev_9,2026_rev_9
IL,United States-Israel Free Trade Area,2021_rev_10,carried_forward_from 2026_rev_9,2026_rev_9
JO,United States-Jordan Free Trade Area Implementation Act,2021_rev_10,carried_forward_from 2026_rev_9,2026_rev_9
JP,Trade Agreement Between the United States and Japan,2021_rev_10,carried_forward_from 2026_rev_9,2026_rev_9
K,Agreement on Trade in Pharmaceutical Products,2021_rev_10,carried_forward_from 2026_rev_9,2026_rev_9
P,Dominican Republic-Central America-United States Free Trade Agreement Implementation Act,2021_rev_10,carried_forward_from 2026_rev_9,2026_rev_9
P+,Dominican Republic-Central America-United States Free Trade Agreement Implementation Act,2021_rev_10,carried_forward_from 2026_rev_9,2026_rev_9
L,Uruguay Round Concessions on Intermediate Chemicals for Dyes,2021_rev_10,carried_forward_from 2026_rev_9,2026_rev_9
R,United States-Caribbean Basin Trade Partnership Act,2021_rev_10,carried_forward_from 2026_rev_9,2026_rev_9
MA,United States-Morocco Free Trade Agreement Implementation Act,2021_rev_10,carried_forward_from 2026_rev_9,2026_rev_9
SG,United States-Singapore Free Trade Agreement,2021_rev_10,carried_forward_from 2026_rev_9,2026_rev_9
OM,United States-Oman Free Trade Agreement Implementation Act,2021_rev_10,carried_forward_from 2026_rev_9,2026_rev_9
PE,United States-Peru Trade Promotion Agreement Implementation Act,2021_rev_10,carried_forward_from 2026_rev_9,2026_rev_9
KR,United States-Korea Free Trade Agreement Implementation Act,2021_rev_10,carried_forward_from 2026_rev_9,2026_rev_9
CO,United States-Colombia Trade Promotion Agreement Implementation Act,2021_rev_10,carried_forward_from 2026_rev_9,2026_rev_9
PA,United States-Panama Trade Promotion Agreement Implementation Act,2021_rev_10,carried_forward_from 2026_rev_9,2026_rev_9
NP,Nepal Preference Program,2021_rev_10,carried_forward_from 2026_rev_9,2026_rev_9
S,United States-Mexico-Canada Agreement,2021_rev_10,carried_forward_from 2026_rev_9,2026_rev_9
S+,United States-Mexico-Canada Agreement,2021_rev_10,carried_forward_from 2026_rev_9,2026_rev_9
A,Generalized System of Preferences,2021_rev_11,carried_forward_from 2026_rev_9,2026_rev_9
A*,Generalized System of Preferences,2021_rev_11,carried_forward_from 2026_rev_9,2026_rev_9
A+,Generalized System of Preferences,2021_rev_11,carried_forward_from 2026_rev_9,2026_rev_9
AU,United States-Australia Free Trade Agreement,2021_rev_11,carried_forward_from 2026_rev_9,2026_rev_9
B,Automotive Products Trade Act,2021_rev_11,carried_forward_from 2026_rev_9,2026_rev_9
BH,United States-Bahrain Free Trade Agreement Implementation Act,2021_rev_11,carried_forward_from 2026_rev_9,2026_rev_9
C,Agreement on Trade in Civil Aircraft,2021_rev_11,carried_forward_from 2026_rev_9,2026_rev_9
CL,United States-Chile Free Trade Agreement,2021_rev_11,carried_forward_from 2026_rev_9,2026_rev_9
D,African Growth and Opportunity Act,2021_rev_11,carried_forward_from 2026_rev_9,2026_rev_9
E,Caribbean Basin Economic Recovery Act,2021_rev_11,carried_forward_from 2026_rev_9,2026_rev_9
E*,Caribbean Basin Economic Recovery Act,2021_rev_11,carried_forward_from 2026_rev_9,2026_rev_9
IL,United States-Israel Free Trade Area,2021_rev_11,carried_forward_from 2026_rev_9,2026_rev_9
JO,United States-Jordan Free Trade Area Implementation Act,2021_rev_11,carried_forward_from 2026_rev_9,2026_rev_9
JP,Trade Agreement Between the United States and Japan,2021_rev_11,carried_forward_from 2026_rev_9,2026_rev_9
K,Agreement on Trade in Pharmaceutical Products,2021_rev_11,carried_forward_from 2026_rev_9,2026_rev_9
P,Dominican Republic-Central America-United States Free Trade Agreement Implementation Act,2021_rev_11,carried_forward_from 2026_rev_9,2026_rev_9
P+,Dominican Republic-Central America-United States Free Trade Agreement Implementation Act,2021_rev_11,carried_forward_from 2026_rev_9,2026_rev_9
L,Uruguay Round Concessions on Intermediate Chemicals for Dyes,2021_rev_11,carried_forward_from 2026_rev_9,2026_rev_9
R,United States-Caribbean Basin Trade Partnership Act,2021_rev_11,carried_forward_from 2026_rev_9,2026_rev_9
MA,United States-Morocco Free Trade Agreement Implementation Act,2021_rev_11,carried_forward_from 2026_rev_9,2026_rev_9
SG,United States-Singapore Free Trade Agreement,2021_rev_11,carried_forward_from 2026_rev_9,2026_rev_9
OM,United States-Oman Free Trade Agreement Implementation Act,2021_rev_11,carried_forward_from 2026_rev_9,2026_rev_9
PE,United States-Peru Trade Promotion Agreement Implementation Act,2021_rev_11,carried_forward_from 2026_rev_9,2026_rev_9
KR,United States-Korea Free Trade Agreement Implementation Act,2021_rev_11,carried_forward_from 2026_rev_9,2026_rev_9
CO,United States-Colombia Trade Promotion Agreement Implementation Act,2021_rev_11,carried_forward_from 2026_rev_9,2026_rev_9
PA,United States-Panama Trade Promotion Agreement Implementation Act,2021_rev_11,carried_forward_from 2026_rev_9,2026_rev_9
NP,Nepal Preference Program,2021_rev_11,carried_forward_from 2026_rev_9,2026_rev_9
S,United States-Mexico-Canada Agreement,2021_rev_11,carried_forward_from 2026_rev_9,2026_rev_9
S+,United States-Mexico-Canada Agreement,2021_rev_11,carried_forward_from 2026_rev_9,2026_rev_9
A,Generalized System of Preferences,2021_rev_12,carried_forward_from 2026_rev_9,2026_rev_9
A*,Generalized System of Preferences,2021_rev_12,carried_forward_from 2026_rev_9,2026_rev_9
A+,Generalized System of Preferences,2021_rev_12,carried_forward_from 2026_rev_9,2026_rev_9
AU,United States-Australia Free Trade Agreement,2021_rev_12,carried_forward_from 2026_rev_9,2026_rev_9
B,Automotive Products Trade Act,2021_rev_12,carried_forward_from 2026_rev_9,2026_rev_9
BH,United States-Bahrain Free Trade Agreement Implementation Act,2021_rev_12,carried_forward_from 2026_rev_9,2026_rev_9
C,Agreement on Trade in Civil Aircraft,2021_rev_12,carried_forward_from 2026_rev_9,2026_rev_9
CL,United States-Chile Free Trade Agreement,2021_rev_12,carried_forward_from 2026_rev_9,2026_rev_9
D,African Growth and Opportunity Act,2021_rev_12,carried_forward_from 2026_rev_9,2026_rev_9
E,Caribbean Basin Economic Recovery Act,2021_rev_12,carried_forward_from 2026_rev_9,2026_rev_9
E*,Caribbean Basin Economic Recovery Act,2021_rev_12,carried_forward_from 2026_rev_9,2026_rev_9
IL,United States-Israel Free Trade Area,2021_rev_12,carried_forward_from 2026_rev_9,2026_rev_9
JO,United States-Jordan Free Trade Area Implementation Act,2021_rev_12,carried_forward_from 2026_rev_9,2026_rev_9
JP,Trade Agreement Between the United States and Japan,2021_rev_12,carried_forward_from 2026_rev_9,2026_rev_9
K,Agreement on Trade in Pharmaceutical Products,2021_rev_12,carried_forward_from 2026_rev_9,2026_rev_9
P,Dominican Republic-Central America-United States Free Trade Agreement Implementation Act,2021_rev_12,carried_forward_from 2026_rev_9,2026_rev_9
P+,Dominican Republic-Central America-United States Free Trade Agreement Implementation Act,2021_rev_12,carried_forward_from 2026_rev_9,2026_rev_9
L,Uruguay Round Concessions on Intermediate Chemicals for Dyes,2021_rev_12,carried_forward_from 2026_rev_9,2026_rev_9
R,United States-Caribbean Basin Trade Partnership Act,2021_rev_12,carried_forward_from 2026_rev_9,2026_rev_9
MA,United States-Morocco Free Trade Agreement Implementation Act,2021_rev_12,carried_forward_from 2026_rev_9,2026_rev_9
SG,United States-Singapore Free Trade Agreement,2021_rev_12,carried_forward_from 2026_rev_9,2026_rev_9
OM,United States-Oman Free Trade Agreement Implementation Act,2021_rev_12,carried_forward_from 2026_rev_9,2026_rev_9
PE,United States-Peru Trade Promotion Agreement Implementation Act,2021_rev_12,carried_forward_from 2026_rev_9,2026_rev_9
KR,United States-Korea Free Trade Agreement Implementation Act,2021_rev_12,carried_forward_from 2026_rev_9,2026_rev_9
CO,United States-Colombia Trade Promotion Agreement Implementation Act,2021_rev_12,carried_forward_from 2026_rev_9,2026_rev_9
PA,United States-Panama Trade Promotion Agreement Implementation Act,2021_rev_12,carried_forward_from 2026_rev_9,2026_rev_9
NP,Nepal Preference Program,2021_rev_12,carried_forward_from 2026_rev_9,2026_rev_9
S,United States-Mexico-Canada Agreement,2021_rev_12,carried_forward_from 2026_rev_9,2026_rev_9
S+,United States-Mexico-Canada Agreement,2021_rev_12,carried_forward_from 2026_rev_9,2026_rev_9
A,Generalized System of Preferences,2022_basic,carried_forward_from 2026_rev_9,2026_rev_9
A*,Generalized System of Preferences,2022_basic,carried_forward_from 2026_rev_9,2026_rev_9
A+,Generalized System of Preferences,2022_basic,carried_forward_from 2026_rev_9,2026_rev_9
AU,United States-Australia Free Trade Agreement,2022_basic,carried_forward_from 2026_rev_9,2026_rev_9
B,Automotive Products Trade Act,2022_basic,carried_forward_from 2026_rev_9,2026_rev_9
BH,United States-Bahrain Free Trade Agreement Implementation Act,2022_basic,carried_forward_from 2026_rev_9,2026_rev_9
C,Agreement on Trade in Civil Aircraft,2022_basic,carried_forward_from 2026_rev_9,2026_rev_9
CL,United States-Chile Free Trade Agreement,2022_basic,carried_forward_from 2026_rev_9,2026_rev_9
D,African Growth and Opportunity Act,2022_basic,carried_forward_from 2026_rev_9,2026_rev_9
E,Caribbean Basin Economic Recovery Act,2022_basic,carried_forward_from 2026_rev_9,2026_rev_9
E*,Caribbean Basin Economic Recovery Act,2022_basic,carried_forward_from 2026_rev_9,2026_rev_9
IL,United States-Israel Free Trade Area,2022_basic,carried_forward_from 2026_rev_9,2026_rev_9
JO,United States-Jordan Free Trade Area Implementation Act,2022_basic,carried_forward_from 2026_rev_9,2026_rev_9
JP,Trade Agreement Between the United States and Japan,2022_basic,carried_forward_from 2026_rev_9,2026_rev_9
K,Agreement on Trade in Pharmaceutical Products,2022_basic,carried_forward_from 2026_rev_9,2026_rev_9
P,Dominican Republic-Central America-United States Free Trade Agreement Implementation Act,2022_basic,carried_forward_from 2026_rev_9,2026_rev_9
P+,Dominican Republic-Central America-United States Free Trade Agreement Implementation Act,2022_basic,carried_forward_from 2026_rev_9,2026_rev_9
L,Uruguay Round Concessions on Intermediate Chemicals for Dyes,2022_basic,carried_forward_from 2026_rev_9,2026_rev_9
R,United States-Caribbean Basin Trade Partnership Act,2022_basic,carried_forward_from 2026_rev_9,2026_rev_9
MA,United States-Morocco Free Trade Agreement Implementation Act,2022_basic,carried_forward_from 2026_rev_9,2026_rev_9
SG,United States-Singapore Free Trade Agreement,2022_basic,carried_forward_from 2026_rev_9,2026_rev_9
OM,United States-Oman Free Trade Agreement Implementation Act,2022_basic,carried_forward_from 2026_rev_9,2026_rev_9
PE,United States-Peru Trade Promotion Agreement Implementation Act,2022_basic,carried_forward_from 2026_rev_9,2026_rev_9
KR,United States-Korea Free Trade Agreement Implementation Act,2022_basic,carried_forward_from 2026_rev_9,2026_rev_9
CO,United States-Colombia Trade Promotion Agreement Implementation Act,2022_basic,carried_forward_from 2026_rev_9,2026_rev_9
PA,United States-Panama Trade Promotion Agreement Implementation Act,2022_basic,carried_forward_from 2026_rev_9,2026_rev_9
NP,Nepal Preference Program,2022_basic,carried_forward_from 2026_rev_9,2026_rev_9
S,United States-Mexico-Canada Agreement,2022_basic,carried_forward_from 2026_rev_9,2026_rev_9
S+,United States-Mexico-Canada Agreement,2022_basic,carried_forward_from 2026_rev_9,2026_rev_9
A,Generalized System of Preferences,2022_rev_1,carried_forward_from 2026_rev_9,2026_rev_9
A*,Generalized System of Preferences,2022_rev_1,carried_forward_from 2026_rev_9,2026_rev_9
A+,Generalized System of Preferences,2022_rev_1,carried_forward_from 2026_rev_9,2026_rev_9
AU,United States-Australia Free Trade Agreement,2022_rev_1,carried_forward_from 2026_rev_9,2026_rev_9
B,Automotive Products Trade Act,2022_rev_1,carried_forward_from 2026_rev_9,2026_rev_9
BH,United States-Bahrain Free Trade Agreement Implementation Act,2022_rev_1,carried_forward_from 2026_rev_9,2026_rev_9
C,Agreement on Trade in Civil Aircraft,2022_rev_1,carried_forward_from 2026_rev_9,2026_rev_9
CL,United States-Chile Free Trade Agreement,2022_rev_1,carried_forward_from 2026_rev_9,2026_rev_9
D,African Growth and Opportunity Act,2022_rev_1,carried_forward_from 2026_rev_9,2026_rev_9
E,Caribbean Basin Economic Recovery Act,2022_rev_1,carried_forward_from 2026_rev_9,2026_rev_9
E*,Caribbean Basin Economic Recovery Act,2022_rev_1,carried_forward_from 2026_rev_9,2026_rev_9
IL,United States-Israel Free Trade Area,2022_rev_1,carried_forward_from 2026_rev_9,2026_rev_9
JO,United States-Jordan Free Trade Area Implementation Act,2022_rev_1,carried_forward_from 2026_rev_9,2026_rev_9
JP,Trade Agreement Between the United States and Japan,2022_rev_1,carried_forward_from 2026_rev_9,2026_rev_9
K,Agreement on Trade in Pharmaceutical Products,2022_rev_1,carried_forward_from 2026_rev_9,2026_rev_9
P,Dominican Republic-Central America-United States Free Trade Agreement Implementation Act,2022_rev_1,carried_forward_from 2026_rev_9,2026_rev_9
P+,Dominican Republic-Central America-United States Free Trade Agreement Implementation Act,2022_rev_1,carried_forward_from 2026_rev_9,2026_rev_9
L,Uruguay Round Concessions on Intermediate Chemicals for Dyes,2022_rev_1,carried_forward_from 2026_rev_9,2026_rev_9
R,United States-Caribbean Basin Trade Partnership Act,2022_rev_1,carried_forward_from 2026_rev_9,2026_rev_9
MA,United States-Morocco Free Trade Agreement Implementation Act,2022_rev_1,carried_forward_from 2026_rev_9,2026_rev_9
SG,United States-Singapore Free Trade Agreement,2022_rev_1,carried_forward_from 2026_rev_9,2026_rev_9
OM,United States-Oman Free Trade Agreement Implementation Act,2022_rev_1,carried_forward_from 2026_rev_9,2026_rev_9
PE,United States-Peru Trade Promotion Agreement Implementation Act,2022_rev_1,carried_forward_from 2026_rev_9,2026_rev_9
KR,United States-Korea Free Trade Agreement Implementation Act,2022_rev_1,carried_forward_from 2026_rev_9,2026_rev_9
CO,United States-Colombia Trade Promotion Agreement Implementation Act,2022_rev_1,carried_forward_from 2026_rev_9,2026_rev_9
PA,United States-Panama Trade Promotion Agreement Implementation Act,2022_rev_1,carried_forward_from 2026_rev_9,2026_rev_9
NP,Nepal Preference Program,2022_rev_1,carried_forward_from 2026_rev_9,2026_rev_9
S,United States-Mexico-Canada Agreement,2022_rev_1,carried_forward_from 2026_rev_9,2026_rev_9
S+,United States-Mexico-Canada Agreement,2022_rev_1,carried_forward_from 2026_rev_9,2026_rev_9
A,Generalized System of Preferences,2022_rev_2,carried_forward_from 2026_rev_9,2026_rev_9
A*,Generalized System of Preferences,2022_rev_2,carried_forward_from 2026_rev_9,2026_rev_9
A+,Generalized System of Preferences,2022_rev_2,carried_forward_from 2026_rev_9,2026_rev_9
AU,United States-Australia Free Trade Agreement,2022_rev_2,carried_forward_from 2026_rev_9,2026_rev_9
B,Automotive Products Trade Act,2022_rev_2,carried_forward_from 2026_rev_9,2026_rev_9
BH,United States-Bahrain Free Trade Agreement Implementation Act,2022_rev_2,carried_forward_from 2026_rev_9,2026_rev_9
C,Agreement on Trade in Civil Aircraft,2022_rev_2,carried_forward_from 2026_rev_9,2026_rev_9
CL,United States-Chile Free Trade Agreement,2022_rev_2,carried_forward_from 2026_rev_9,2026_rev_9
D,African Growth and Opportunity Act,2022_rev_2,carried_forward_from 2026_rev_9,2026_rev_9
E,Caribbean Basin Economic Recovery Act,2022_rev_2,carried_forward_from 2026_rev_9,2026_rev_9
E*,Caribbean Basin Economic Recovery Act,2022_rev_2,carried_forward_from 2026_rev_9,2026_rev_9
IL,United States-Israel Free Trade Area,2022_rev_2,carried_forward_from 2026_rev_9,2026_rev_9
JO,United States-Jordan Free Trade Area Implementation Act,2022_rev_2,carried_forward_from 2026_rev_9,2026_rev_9
JP,Trade Agreement Between the United States and Japan,2022_rev_2,carried_forward_from 2026_rev_9,2026_rev_9
K,Agreement on Trade in Pharmaceutical Products,2022_rev_2,carried_forward_from 2026_rev_9,2026_rev_9
P,Dominican Republic-Central America-United States Free Trade Agreement Implementation Act,2022_rev_2,carried_forward_from 2026_rev_9,2026_rev_9
P+,Dominican Republic-Central America-United States Free Trade Agreement Implementation Act,2022_rev_2,carried_forward_from 2026_rev_9,2026_rev_9
L,Uruguay Round Concessions on Intermediate Chemicals for Dyes,2022_rev_2,carried_forward_from 2026_rev_9,2026_rev_9
R,United States-Caribbean Basin Trade Partnership Act,2022_rev_2,carried_forward_from 2026_rev_9,2026_rev_9
MA,United States-Morocco Free Trade Agreement Implementation Act,2022_rev_2,carried_forward_from 2026_rev_9,2026_rev_9
SG,United States-Singapore Free Trade Agreement,2022_rev_2,carried_forward_from 2026_rev_9,2026_rev_9
OM,United States-Oman Free Trade Agreement Implementation Act,2022_rev_2,carried_forward_from 2026_rev_9,2026_rev_9
PE,United States-Peru Trade Promotion Agreement Implementation Act,2022_rev_2,carried_forward_from 2026_rev_9,2026_rev_9
KR,United States-Korea Free Trade Agreement Implementation Act,2022_rev_2,carried_forward_from 2026_rev_9,2026_rev_9
CO,United States-Colombia Trade Promotion Agreement Implementation Act,2022_rev_2,carried_forward_from 2026_rev_9,2026_rev_9
PA,United States-Panama Trade Promotion Agreement Implementation Act,2022_rev_2,carried_forward_from 2026_rev_9,2026_rev_9
NP,Nepal Preference Program,2022_rev_2,carried_forward_from 2026_rev_9,2026_rev_9
S,United States-Mexico-Canada Agreement,2022_rev_2,carried_forward_from 2026_rev_9,2026_rev_9
S+,United States-Mexico-Canada Agreement,2022_rev_2,carried_forward_from 2026_rev_9,2026_rev_9
A,Generalized System of Preferences,2022_rev_3,carried_forward_from 2026_rev_9,2026_rev_9
A*,Generalized System of Preferences,2022_rev_3,carried_forward_from 2026_rev_9,2026_rev_9
A+,Generalized System of Preferences,2022_rev_3,carried_forward_from 2026_rev_9,2026_rev_9
AU,United States-Australia Free Trade Agreement,2022_rev_3,carried_forward_from 2026_rev_9,2026_rev_9
B,Automotive Products Trade Act,2022_rev_3,carried_forward_from 2026_rev_9,2026_rev_9
BH,United States-Bahrain Free Trade Agreement Implementation Act,2022_rev_3,carried_forward_from 2026_rev_9,2026_rev_9
C,Agreement on Trade in Civil Aircraft,2022_rev_3,carried_forward_from 2026_rev_9,2026_rev_9
CL,United States-Chile Free Trade Agreement,2022_rev_3,carried_forward_from 2026_rev_9,2026_rev_9
D,African Growth and Opportunity Act,2022_rev_3,carried_forward_from 2026_rev_9,2026_rev_9
E,Caribbean Basin Economic Recovery Act,2022_rev_3,carried_forward_from 2026_rev_9,2026_rev_9
E*,Caribbean Basin Economic Recovery Act,2022_rev_3,carried_forward_from 2026_rev_9,2026_rev_9
IL,United States-Israel Free Trade Area,2022_rev_3,carried_forward_from 2026_rev_9,2026_rev_9
JO,United States-Jordan Free Trade Area Implementation Act,2022_rev_3,carried_forward_from 2026_rev_9,2026_rev_9
JP,Trade Agreement Between the United States and Japan,2022_rev_3,carried_forward_from 2026_rev_9,2026_rev_9
K,Agreement on Trade in Pharmaceutical Products,2022_rev_3,carried_forward_from 2026_rev_9,2026_rev_9
P,Dominican Republic-Central America-United States Free Trade Agreement Implementation Act,2022_rev_3,carried_forward_from 2026_rev_9,2026_rev_9
P+,Dominican Republic-Central America-United States Free Trade Agreement Implementation Act,2022_rev_3,carried_forward_from 2026_rev_9,2026_rev_9
L,Uruguay Round Concessions on Intermediate Chemicals for Dyes,2022_rev_3,carried_forward_from 2026_rev_9,2026_rev_9
R,United States-Caribbean Basin Trade Partnership Act,2022_rev_3,carried_forward_from 2026_rev_9,2026_rev_9
MA,United States-Morocco Free Trade Agreement Implementation Act,2022_rev_3,carried_forward_from 2026_rev_9,2026_rev_9
SG,United States-Singapore Free Trade Agreement,2022_rev_3,carried_forward_from 2026_rev_9,2026_rev_9
OM,United States-Oman Free Trade Agreement Implementation Act,2022_rev_3,carried_forward_from 2026_rev_9,2026_rev_9
PE,United States-Peru Trade Promotion Agreement Implementation Act,2022_rev_3,carried_forward_from 2026_rev_9,2026_rev_9
KR,United States-Korea Free Trade Agreement Implementation Act,2022_rev_3,carried_forward_from 2026_rev_9,2026_rev_9
CO,United States-Colombia Trade Promotion Agreement Implementation Act,2022_rev_3,carried_forward_from 2026_rev_9,2026_rev_9
PA,United States-Panama Trade Promotion Agreement Implementation Act,2022_rev_3,carried_forward_from 2026_rev_9,2026_rev_9
NP,Nepal Preference Program,2022_rev_3,carried_forward_from 2026_rev_9,2026_rev_9
S,United States-Mexico-Canada Agreement,2022_rev_3,carried_forward_from 2026_rev_9,2026_rev_9
S+,United States-Mexico-Canada Agreement,2022_rev_3,carried_forward_from 2026_rev_9,2026_rev_9
A,Generalized System of Preferences,2022_rev_4,carried_forward_from 2026_rev_9,2026_rev_9
A*,Generalized System of Preferences,2022_rev_4,carried_forward_from 2026_rev_9,2026_rev_9
A+,Generalized System of Preferences,2022_rev_4,carried_forward_from 2026_rev_9,2026_rev_9
AU,United States-Australia Free Trade Agreement,2022_rev_4,carried_forward_from 2026_rev_9,2026_rev_9
B,Automotive Products Trade Act,2022_rev_4,carried_forward_from 2026_rev_9,2026_rev_9
BH,United States-Bahrain Free Trade Agreement Implementation Act,2022_rev_4,carried_forward_from 2026_rev_9,2026_rev_9
C,Agreement on Trade in Civil Aircraft,2022_rev_4,carried_forward_from 2026_rev_9,2026_rev_9
CL,United States-Chile Free Trade Agreement,2022_rev_4,carried_forward_from 2026_rev_9,2026_rev_9
D,African Growth and Opportunity Act,2022_rev_4,carried_forward_from 2026_rev_9,2026_rev_9
E,Caribbean Basin Economic Recovery Act,2022_rev_4,carried_forward_from 2026_rev_9,2026_rev_9
E*,Caribbean Basin Economic Recovery Act,2022_rev_4,carried_forward_from 2026_rev_9,2026_rev_9
IL,United States-Israel Free Trade Area,2022_rev_4,carried_forward_from 2026_rev_9,2026_rev_9
JO,United States-Jordan Free Trade Area Implementation Act,2022_rev_4,carried_forward_from 2026_rev_9,2026_rev_9
JP,Trade Agreement Between the United States and Japan,2022_rev_4,carried_forward_from 2026_rev_9,2026_rev_9
K,Agreement on Trade in Pharmaceutical Products,2022_rev_4,carried_forward_from 2026_rev_9,2026_rev_9
P,Dominican Republic-Central America-United States Free Trade Agreement Implementation Act,2022_rev_4,carried_forward_from 2026_rev_9,2026_rev_9
P+,Dominican Republic-Central America-United States Free Trade Agreement Implementation Act,2022_rev_4,carried_forward_from 2026_rev_9,2026_rev_9
L,Uruguay Round Concessions on Intermediate Chemicals for Dyes,2022_rev_4,carried_forward_from 2026_rev_9,2026_rev_9
R,United States-Caribbean Basin Trade Partnership Act,2022_rev_4,carried_forward_from 2026_rev_9,2026_rev_9
MA,United States-Morocco Free Trade Agreement Implementation Act,2022_rev_4,carried_forward_from 2026_rev_9,2026_rev_9
SG,United States-Singapore Free Trade Agreement,2022_rev_4,carried_forward_from 2026_rev_9,2026_rev_9
OM,United States-Oman Free Trade Agreement Implementation Act,2022_rev_4,carried_forward_from 2026_rev_9,2026_rev_9
PE,United States-Peru Trade Promotion Agreement Implementation Act,2022_rev_4,carried_forward_from 2026_rev_9,2026_rev_9
KR,United States-Korea Free Trade Agreement Implementation Act,2022_rev_4,carried_forward_from 2026_rev_9,2026_rev_9
CO,United States-Colombia Trade Promotion Agreement Implementation Act,2022_rev_4,carried_forward_from 2026_rev_9,2026_rev_9
PA,United States-Panama Trade Promotion Agreement Implementation Act,2022_rev_4,carried_forward_from 2026_rev_9,2026_rev_9
NP,Nepal Preference Program,2022_rev_4,carried_forward_from 2026_rev_9,2026_rev_9
S,United States-Mexico-Canada Agreement,2022_rev_4,carried_forward_from 2026_rev_9,2026_rev_9
S+,United States-Mexico-Canada Agreement,2022_rev_4,carried_forward_from 2026_rev_9,2026_rev_9
A,Generalized System of Preferences,2022_rev_5,carried_forward_from 2026_rev_9,2026_rev_9
A*,Generalized System of Preferences,2022_rev_5,carried_forward_from 2026_rev_9,2026_rev_9
A+,Generalized System of Preferences,2022_rev_5,carried_forward_from 2026_rev_9,2026_rev_9
AU,United States-Australia Free Trade Agreement,2022_rev_5,carried_forward_from 2026_rev_9,2026_rev_9
B,Automotive Products Trade Act,2022_rev_5,carried_forward_from 2026_rev_9,2026_rev_9
BH,United States-Bahrain Free Trade Agreement Implementation Act,2022_rev_5,carried_forward_from 2026_rev_9,2026_rev_9
C,Agreement on Trade in Civil Aircraft,2022_rev_5,carried_forward_from 2026_rev_9,2026_rev_9
CL,United States-Chile Free Trade Agreement,2022_rev_5,carried_forward_from 2026_rev_9,2026_rev_9
D,African Growth and Opportunity Act,2022_rev_5,carried_forward_from 2026_rev_9,2026_rev_9
E,Caribbean Basin Economic Recovery Act,2022_rev_5,carried_forward_from 2026_rev_9,2026_rev_9
E*,Caribbean Basin Economic Recovery Act,2022_rev_5,carried_forward_from 2026_rev_9,2026_rev_9
IL,United States-Israel Free Trade Area,2022_rev_5,carried_forward_from 2026_rev_9,2026_rev_9
JO,United States-Jordan Free Trade Area Implementation Act,2022_rev_5,carried_forward_from 2026_rev_9,2026_rev_9
JP,Trade Agreement Between the United States and Japan,2022_rev_5,carried_forward_from 2026_rev_9,2026_rev_9
K,Agreement on Trade in Pharmaceutical Products,2022_rev_5,carried_forward_from 2026_rev_9,2026_rev_9
P,Dominican Republic-Central America-United States Free Trade Agreement Implementation Act,2022_rev_5,carried_forward_from 2026_rev_9,2026_rev_9
P+,Dominican Republic-Central America-United States Free Trade Agreement Implementation Act,2022_rev_5,carried_forward_from 2026_rev_9,2026_rev_9
L,Uruguay Round Concessions on Intermediate Chemicals for Dyes,2022_rev_5,carried_forward_from 2026_rev_9,2026_rev_9
R,United States-Caribbean Basin Trade Partnership Act,2022_rev_5,carried_forward_from 2026_rev_9,2026_rev_9
MA,United States-Morocco Free Trade Agreement Implementation Act,2022_rev_5,carried_forward_from 2026_rev_9,2026_rev_9
SG,United States-Singapore Free Trade Agreement,2022_rev_5,carried_forward_from 2026_rev_9,2026_rev_9
OM,United States-Oman Free Trade Agreement Implementation Act,2022_rev_5,carried_forward_from 2026_rev_9,2026_rev_9
PE,United States-Peru Trade Promotion Agreement Implementation Act,2022_rev_5,carried_forward_from 2026_rev_9,2026_rev_9
KR,United States-Korea Free Trade Agreement Implementation Act,2022_rev_5,carried_forward_from 2026_rev_9,2026_rev_9
CO,United States-Colombia Trade Promotion Agreement Implementation Act,2022_rev_5,carried_forward_from 2026_rev_9,2026_rev_9
PA,United States-Panama Trade Promotion Agreement Implementation Act,2022_rev_5,carried_forward_from 2026_rev_9,2026_rev_9
NP,Nepal Preference Program,2022_rev_5,carried_forward_from 2026_rev_9,2026_rev_9
S,United States-Mexico-Canada Agreement,2022_rev_5,carried_forward_from 2026_rev_9,2026_rev_9
S+,United States-Mexico-Canada Agreement,2022_rev_5,carried_forward_from 2026_rev_9,2026_rev_9
A,Generalized System of Preferences,2022_rev_6,carried_forward_from 2026_rev_9,2026_rev_9
A*,Generalized System of Preferences,2022_rev_6,carried_forward_from 2026_rev_9,2026_rev_9
A+,Generalized System of Preferences,2022_rev_6,carried_forward_from 2026_rev_9,2026_rev_9
AU,United States-Australia Free Trade Agreement,2022_rev_6,carried_forward_from 2026_rev_9,2026_rev_9
B,Automotive Products Trade Act,2022_rev_6,carried_forward_from 2026_rev_9,2026_rev_9
BH,United States-Bahrain Free Trade Agreement Implementation Act,2022_rev_6,carried_forward_from 2026_rev_9,2026_rev_9
C,Agreement on Trade in Civil Aircraft,2022_rev_6,carried_forward_from 2026_rev_9,2026_rev_9
CL,United States-Chile Free Trade Agreement,2022_rev_6,carried_forward_from 2026_rev_9,2026_rev_9
D,African Growth and Opportunity Act,2022_rev_6,carried_forward_from 2026_rev_9,2026_rev_9
E,Caribbean Basin Economic Recovery Act,2022_rev_6,carried_forward_from 2026_rev_9,2026_rev_9
E*,Caribbean Basin Economic Recovery Act,2022_rev_6,carried_forward_from 2026_rev_9,2026_rev_9
IL,United States-Israel Free Trade Area,2022_rev_6,carried_forward_from 2026_rev_9,2026_rev_9
JO,United States-Jordan Free Trade Area Implementation Act,2022_rev_6,carried_forward_from 2026_rev_9,2026_rev_9
JP,Trade Agreement Between the United States and Japan,2022_rev_6,carried_forward_from 2026_rev_9,2026_rev_9
K,Agreement on Trade in Pharmaceutical Products,2022_rev_6,carried_forward_from 2026_rev_9,2026_rev_9
P,Dominican Republic-Central America-United States Free Trade Agreement Implementation Act,2022_rev_6,carried_forward_from 2026_rev_9,2026_rev_9
P+,Dominican Republic-Central America-United States Free Trade Agreement Implementation Act,2022_rev_6,carried_forward_from 2026_rev_9,2026_rev_9
L,Uruguay Round Concessions on Intermediate Chemicals for Dyes,2022_rev_6,carried_forward_from 2026_rev_9,2026_rev_9
R,United States-Caribbean Basin Trade Partnership Act,2022_rev_6,carried_forward_from 2026_rev_9,2026_rev_9
MA,United States-Morocco Free Trade Agreement Implementation Act,2022_rev_6,carried_forward_from 2026_rev_9,2026_rev_9
SG,United States-Singapore Free Trade Agreement,2022_rev_6,carried_forward_from 2026_rev_9,2026_rev_9
OM,United States-Oman Free Trade Agreement Implementation Act,2022_rev_6,carried_forward_from 2026_rev_9,2026_rev_9
PE,United States-Peru Trade Promotion Agreement Implementation Act,2022_rev_6,carried_forward_from 2026_rev_9,2026_rev_9
KR,United States-Korea Free Trade Agreement Implementation Act,2022_rev_6,carried_forward_from 2026_rev_9,2026_rev_9
CO,United States-Colombia Trade Promotion Agreement Implementation Act,2022_rev_6,carried_forward_from 2026_rev_9,2026_rev_9
PA,United States-Panama Trade Promotion Agreement Implementation Act,2022_rev_6,carried_forward_from 2026_rev_9,2026_rev_9
NP,Nepal Preference Program,2022_rev_6,carried_forward_from 2026_rev_9,2026_rev_9
S,United States-Mexico-Canada Agreement,2022_rev_6,carried_forward_from 2026_rev_9,2026_rev_9
S+,United States-Mexico-Canada Agreement,2022_rev_6,carried_forward_from 2026_rev_9,2026_rev_9
A,Generalized System of Preferences,2022_rev_7,carried_forward_from 2026_rev_9,2026_rev_9
A*,Generalized System of Preferences,2022_rev_7,carried_forward_from 2026_rev_9,2026_rev_9
A+,Generalized System of Preferences,2022_rev_7,carried_forward_from 2026_rev_9,2026_rev_9
AU,United States-Australia Free Trade Agreement,2022_rev_7,carried_forward_from 2026_rev_9,2026_rev_9
B,Automotive Products Trade Act,2022_rev_7,carried_forward_from 2026_rev_9,2026_rev_9
BH,United States-Bahrain Free Trade Agreement Implementation Act,2022_rev_7,carried_forward_from 2026_rev_9,2026_rev_9
C,Agreement on Trade in Civil Aircraft,2022_rev_7,carried_forward_from 2026_rev_9,2026_rev_9
CL,United States-Chile Free Trade Agreement,2022_rev_7,carried_forward_from 2026_rev_9,2026_rev_9
D,African Growth and Opportunity Act,2022_rev_7,carried_forward_from 2026_rev_9,2026_rev_9
E,Caribbean Basin Economic Recovery Act,2022_rev_7,carried_forward_from 2026_rev_9,2026_rev_9
E*,Caribbean Basin Economic Recovery Act,2022_rev_7,carried_forward_from 2026_rev_9,2026_rev_9
IL,United States-Israel Free Trade Area,2022_rev_7,carried_forward_from 2026_rev_9,2026_rev_9
JO,United States-Jordan Free Trade Area Implementation Act,2022_rev_7,carried_forward_from 2026_rev_9,2026_rev_9
JP,Trade Agreement Between the United States and Japan,2022_rev_7,carried_forward_from 2026_rev_9,2026_rev_9
K,Agreement on Trade in Pharmaceutical Products,2022_rev_7,carried_forward_from 2026_rev_9,2026_rev_9
P,Dominican Republic-Central America-United States Free Trade Agreement Implementation Act,2022_rev_7,carried_forward_from 2026_rev_9,2026_rev_9
P+,Dominican Republic-Central America-United States Free Trade Agreement Implementation Act,2022_rev_7,carried_forward_from 2026_rev_9,2026_rev_9
L,Uruguay Round Concessions on Intermediate Chemicals for Dyes,2022_rev_7,carried_forward_from 2026_rev_9,2026_rev_9
R,United States-Caribbean Basin Trade Partnership Act,2022_rev_7,carried_forward_from 2026_rev_9,2026_rev_9
MA,United States-Morocco Free Trade Agreement Implementation Act,2022_rev_7,carried_forward_from 2026_rev_9,2026_rev_9
SG,United States-Singapore Free Trade Agreement,2022_rev_7,carried_forward_from 2026_rev_9,2026_rev_9
OM,United States-Oman Free Trade Agreement Implementation Act,2022_rev_7,carried_forward_from 2026_rev_9,2026_rev_9
PE,United States-Peru Trade Promotion Agreement Implementation Act,2022_rev_7,carried_forward_from 2026_rev_9,2026_rev_9
KR,United States-Korea Free Trade Agreement Implementation Act,2022_rev_7,carried_forward_from 2026_rev_9,2026_rev_9
CO,United States-Colombia Trade Promotion Agreement Implementation Act,2022_rev_7,carried_forward_from 2026_rev_9,2026_rev_9
PA,United States-Panama Trade Promotion Agreement Implementation Act,2022_rev_7,carried_forward_from 2026_rev_9,2026_rev_9
NP,Nepal Preference Program,2022_rev_7,carried_forward_from 2026_rev_9,2026_rev_9
S,United States-Mexico-Canada Agreement,2022_rev_7,carried_forward_from 2026_rev_9,2026_rev_9
S+,United States-Mexico-Canada Agreement,2022_rev_7,carried_forward_from 2026_rev_9,2026_rev_9
A,Generalized System of Preferences,2022_rev_8,carried_forward_from 2026_rev_9,2026_rev_9
A*,Generalized System of Preferences,2022_rev_8,carried_forward_from 2026_rev_9,2026_rev_9
A+,Generalized System of Preferences,2022_rev_8,carried_forward_from 2026_rev_9,2026_rev_9
AU,United States-Australia Free Trade Agreement,2022_rev_8,carried_forward_from 2026_rev_9,2026_rev_9
B,Automotive Products Trade Act,2022_rev_8,carried_forward_from 2026_rev_9,2026_rev_9
BH,United States-Bahrain Free Trade Agreement Implementation Act,2022_rev_8,carried_forward_from 2026_rev_9,2026_rev_9
C,Agreement on Trade in Civil Aircraft,2022_rev_8,carried_forward_from 2026_rev_9,2026_rev_9
CL,United States-Chile Free Trade Agreement,2022_rev_8,carried_forward_from 2026_rev_9,2026_rev_9
D,African Growth and Opportunity Act,2022_rev_8,carried_forward_from 2026_rev_9,2026_rev_9
E,Caribbean Basin Economic Recovery Act,2022_rev_8,carried_forward_from 2026_rev_9,2026_rev_9
E*,Caribbean Basin Economic Recovery Act,2022_rev_8,carried_forward_from 2026_rev_9,2026_rev_9
IL,United States-Israel Free Trade Area,2022_rev_8,carried_forward_from 2026_rev_9,2026_rev_9
JO,United States-Jordan Free Trade Area Implementation Act,2022_rev_8,carried_forward_from 2026_rev_9,2026_rev_9
JP,Trade Agreement Between the United States and Japan,2022_rev_8,carried_forward_from 2026_rev_9,2026_rev_9
K,Agreement on Trade in Pharmaceutical Products,2022_rev_8,carried_forward_from 2026_rev_9,2026_rev_9
P,Dominican Republic-Central America-United States Free Trade Agreement Implementation Act,2022_rev_8,carried_forward_from 2026_rev_9,2026_rev_9
P+,Dominican Republic-Central America-United States Free Trade Agreement Implementation Act,2022_rev_8,carried_forward_from 2026_rev_9,2026_rev_9
L,Uruguay Round Concessions on Intermediate Chemicals for Dyes,2022_rev_8,carried_forward_from 2026_rev_9,2026_rev_9
R,United States-Caribbean Basin Trade Partnership Act,2022_rev_8,carried_forward_from 2026_rev_9,2026_rev_9
MA,United States-Morocco Free Trade Agreement Implementation Act,2022_rev_8,carried_forward_from 2026_rev_9,2026_rev_9
SG,United States-Singapore Free Trade Agreement,2022_rev_8,carried_forward_from 2026_rev_9,2026_rev_9
OM,United States-Oman Free Trade Agreement Implementation Act,2022_rev_8,carried_forward_from 2026_rev_9,2026_rev_9
PE,United States-Peru Trade Promotion Agreement Implementation Act,2022_rev_8,carried_forward_from 2026_rev_9,2026_rev_9
KR,United States-Korea Free Trade Agreement Implementation Act,2022_rev_8,carried_forward_from 2026_rev_9,2026_rev_9
CO,United States-Colombia Trade Promotion Agreement Implementation Act,2022_rev_8,carried_forward_from 2026_rev_9,2026_rev_9
PA,United States-Panama Trade Promotion Agreement Implementation Act,2022_rev_8,carried_forward_from 2026_rev_9,2026_rev_9
NP,Nepal Preference Program,2022_rev_8,carried_forward_from 2026_rev_9,2026_rev_9
S,United States-Mexico-Canada Agreement,2022_rev_8,carried_forward_from 2026_rev_9,2026_rev_9
S+,United States-Mexico-Canada Agreement,2022_rev_8,carried_forward_from 2026_rev_9,2026_rev_9
A,Generalized System of Preferences,2022_rev_9,carried_forward_from 2026_rev_9,2026_rev_9
A*,Generalized System of Preferences,2022_rev_9,carried_forward_from 2026_rev_9,2026_rev_9
A+,Generalized System of Preferences,2022_rev_9,carried_forward_from 2026_rev_9,2026_rev_9
AU,United States-Australia Free Trade Agreement,2022_rev_9,carried_forward_from 2026_rev_9,2026_rev_9
B,Automotive Products Trade Act,2022_rev_9,carried_forward_from 2026_rev_9,2026_rev_9
BH,United States-Bahrain Free Trade Agreement Implementation Act,2022_rev_9,carried_forward_from 2026_rev_9,2026_rev_9
C,Agreement on Trade in Civil Aircraft,2022_rev_9,carried_forward_from 2026_rev_9,2026_rev_9
CL,United States-Chile Free Trade Agreement,2022_rev_9,carried_forward_from 2026_rev_9,2026_rev_9
D,African Growth and Opportunity Act,2022_rev_9,carried_forward_from 2026_rev_9,2026_rev_9
E,Caribbean Basin Economic Recovery Act,2022_rev_9,carried_forward_from 2026_rev_9,2026_rev_9
E*,Caribbean Basin Economic Recovery Act,2022_rev_9,carried_forward_from 2026_rev_9,2026_rev_9
IL,United States-Israel Free Trade Area,2022_rev_9,carried_forward_from 2026_rev_9,2026_rev_9
JO,United States-Jordan Free Trade Area Implementation Act,2022_rev_9,carried_forward_from 2026_rev_9,2026_rev_9
JP,Trade Agreement Between the United States and Japan,2022_rev_9,carried_forward_from 2026_rev_9,2026_rev_9
K,Agreement on Trade in Pharmaceutical Products,2022_rev_9,carried_forward_from 2026_rev_9,2026_rev_9
P,Dominican Republic-Central America-United States Free Trade Agreement Implementation Act,2022_rev_9,carried_forward_from 2026_rev_9,2026_rev_9
P+,Dominican Republic-Central America-United States Free Trade Agreement Implementation Act,2022_rev_9,carried_forward_from 2026_rev_9,2026_rev_9
L,Uruguay Round Concessions on Intermediate Chemicals for Dyes,2022_rev_9,carried_forward_from 2026_rev_9,2026_rev_9
R,United States-Caribbean Basin Trade Partnership Act,2022_rev_9,carried_forward_from 2026_rev_9,2026_rev_9
MA,United States-Morocco Free Trade Agreement Implementation Act,2022_rev_9,carried_forward_from 2026_rev_9,2026_rev_9
SG,United States-Singapore Free Trade Agreement,2022_rev_9,carried_forward_from 2026_rev_9,2026_rev_9
OM,United States-Oman Free Trade Agreement Implementation Act,2022_rev_9,carried_forward_from 2026_rev_9,2026_rev_9
PE,United States-Peru Trade Promotion Agreement Implementation Act,2022_rev_9,carried_forward_from 2026_rev_9,2026_rev_9
KR,United States-Korea Free Trade Agreement Implementation Act,2022_rev_9,carried_forward_from 2026_rev_9,2026_rev_9
CO,United States-Colombia Trade Promotion Agreement Implementation Act,2022_rev_9,carried_forward_from 2026_rev_9,2026_rev_9
PA,United States-Panama Trade Promotion Agreement Implementation Act,2022_rev_9,carried_forward_from 2026_rev_9,2026_rev_9
NP,Nepal Preference Program,2022_rev_9,carried_forward_from 2026_rev_9,2026_rev_9
S,United States-Mexico-Canada Agreement,2022_rev_9,carried_forward_from 2026_rev_9,2026_rev_9
S+,United States-Mexico-Canada Agreement,2022_rev_9,carried_forward_from 2026_rev_9,2026_rev_9
A,Generalized System of Preferences,2022_rev_10,carried_forward_from 2026_rev_9,2026_rev_9
A*,Generalized System of Preferences,2022_rev_10,carried_forward_from 2026_rev_9,2026_rev_9
A+,Generalized System of Preferences,2022_rev_10,carried_forward_from 2026_rev_9,2026_rev_9
AU,United States-Australia Free Trade Agreement,2022_rev_10,carried_forward_from 2026_rev_9,2026_rev_9
B,Automotive Products Trade Act,2022_rev_10,carried_forward_from 2026_rev_9,2026_rev_9
BH,United States-Bahrain Free Trade Agreement Implementation Act,2022_rev_10,carried_forward_from 2026_rev_9,2026_rev_9
C,Agreement on Trade in Civil Aircraft,2022_rev_10,carried_forward_from 2026_rev_9,2026_rev_9
CL,United States-Chile Free Trade Agreement,2022_rev_10,carried_forward_from 2026_rev_9,2026_rev_9
D,African Growth and Opportunity Act,2022_rev_10,carried_forward_from 2026_rev_9,2026_rev_9
E,Caribbean Basin Economic Recovery Act,2022_rev_10,carried_forward_from 2026_rev_9,2026_rev_9
E*,Caribbean Basin Economic Recovery Act,2022_rev_10,carried_forward_from 2026_rev_9,2026_rev_9
IL,United States-Israel Free Trade Area,2022_rev_10,carried_forward_from 2026_rev_9,2026_rev_9
JO,United States-Jordan Free Trade Area Implementation Act,2022_rev_10,carried_forward_from 2026_rev_9,2026_rev_9
JP,Trade Agreement Between the United States and Japan,2022_rev_10,carried_forward_from 2026_rev_9,2026_rev_9
K,Agreement on Trade in Pharmaceutical Products,2022_rev_10,carried_forward_from 2026_rev_9,2026_rev_9
P,Dominican Republic-Central America-United States Free Trade Agreement Implementation Act,2022_rev_10,carried_forward_from 2026_rev_9,2026_rev_9
P+,Dominican Republic-Central America-United States Free Trade Agreement Implementation Act,2022_rev_10,carried_forward_from 2026_rev_9,2026_rev_9
L,Uruguay Round Concessions on Intermediate Chemicals for Dyes,2022_rev_10,carried_forward_from 2026_rev_9,2026_rev_9
R,United States-Caribbean Basin Trade Partnership Act,2022_rev_10,carried_forward_from 2026_rev_9,2026_rev_9
MA,United States-Morocco Free Trade Agreement Implementation Act,2022_rev_10,carried_forward_from 2026_rev_9,2026_rev_9
SG,United States-Singapore Free Trade Agreement,2022_rev_10,carried_forward_from 2026_rev_9,2026_rev_9
OM,United States-Oman Free Trade Agreement Implementation Act,2022_rev_10,carried_forward_from 2026_rev_9,2026_rev_9
PE,United States-Peru Trade Promotion Agreement Implementation Act,2022_rev_10,carried_forward_from 2026_rev_9,2026_rev_9
KR,United States-Korea Free Trade Agreement Implementation Act,2022_rev_10,carried_forward_from 2026_rev_9,2026_rev_9
CO,United States-Colombia Trade Promotion Agreement Implementation Act,2022_rev_10,carried_forward_from 2026_rev_9,2026_rev_9
PA,United States-Panama Trade Promotion Agreement Implementation Act,2022_rev_10,carried_forward_from 2026_rev_9,2026_rev_9
NP,Nepal Preference Program,2022_rev_10,carried_forward_from 2026_rev_9,2026_rev_9
S,United States-Mexico-Canada Agreement,2022_rev_10,carried_forward_from 2026_rev_9,2026_rev_9
S+,United States-Mexico-Canada Agreement,2022_rev_10,carried_forward_from 2026_rev_9,2026_rev_9
A,Generalized System of Preferences,2022_rev_11,carried_forward_from 2026_rev_9,2026_rev_9
A*,Generalized System of Preferences,2022_rev_11,carried_forward_from 2026_rev_9,2026_rev_9
A+,Generalized System of Preferences,2022_rev_11,carried_forward_from 2026_rev_9,2026_rev_9
AU,United States-Australia Free Trade Agreement,2022_rev_11,carried_forward_from 2026_rev_9,2026_rev_9
B,Automotive Products Trade Act,2022_rev_11,carried_forward_from 2026_rev_9,2026_rev_9
BH,United States-Bahrain Free Trade Agreement Implementation Act,2022_rev_11,carried_forward_from 2026_rev_9,2026_rev_9
C,Agreement on Trade in Civil Aircraft,2022_rev_11,carried_forward_from 2026_rev_9,2026_rev_9
CL,United States-Chile Free Trade Agreement,2022_rev_11,carried_forward_from 2026_rev_9,2026_rev_9
D,African Growth and Opportunity Act,2022_rev_11,carried_forward_from 2026_rev_9,2026_rev_9
E,Caribbean Basin Economic Recovery Act,2022_rev_11,carried_forward_from 2026_rev_9,2026_rev_9
E*,Caribbean Basin Economic Recovery Act,2022_rev_11,carried_forward_from 2026_rev_9,2026_rev_9
IL,United States-Israel Free Trade Area,2022_rev_11,carried_forward_from 2026_rev_9,2026_rev_9
JO,United States-Jordan Free Trade Area Implementation Act,2022_rev_11,carried_forward_from 2026_rev_9,2026_rev_9
JP,Trade Agreement Between the United States and Japan,2022_rev_11,carried_forward_from 2026_rev_9,2026_rev_9
K,Agreement on Trade in Pharmaceutical Products,2022_rev_11,carried_forward_from 2026_rev_9,2026_rev_9
P,Dominican Republic-Central America-United States Free Trade Agreement Implementation Act,2022_rev_11,carried_forward_from 2026_rev_9,2026_rev_9
P+,Dominican Republic-Central America-United States Free Trade Agreement Implementation Act,2022_rev_11,carried_forward_from 2026_rev_9,2026_rev_9
L,Uruguay Round Concessions on Intermediate Chemicals for Dyes,2022_rev_11,carried_forward_from 2026_rev_9,2026_rev_9
R,United States-Caribbean Basin Trade Partnership Act,2022_rev_11,carried_forward_from 2026_rev_9,2026_rev_9
MA,United States-Morocco Free Trade Agreement Implementation Act,2022_rev_11,carried_forward_from 2026_rev_9,2026_rev_9
SG,United States-Singapore Free Trade Agreement,2022_rev_11,carried_forward_from 2026_rev_9,2026_rev_9
OM,United States-Oman Free Trade Agreement Implementation Act,2022_rev_11,carried_forward_from 2026_rev_9,2026_rev_9
PE,United States-Peru Trade Promotion Agreement Implementation Act,2022_rev_11,carried_forward_from 2026_rev_9,2026_rev_9
KR,United States-Korea Free Trade Agreement Implementation Act,2022_rev_11,carried_forward_from 2026_rev_9,2026_rev_9
CO,United States-Colombia Trade Promotion Agreement Implementation Act,2022_rev_11,carried_forward_from 2026_rev_9,2026_rev_9
PA,United States-Panama Trade Promotion Agreement Implementation Act,2022_rev_11,carried_forward_from 2026_rev_9,2026_rev_9
NP,Nepal Preference Program,2022_rev_11,carried_forward_from 2026_rev_9,2026_rev_9
S,United States-Mexico-Canada Agreement,2022_rev_11,carried_forward_from 2026_rev_9,2026_rev_9
S+,United States-Mexico-Canada Agreement,2022_rev_11,carried_forward_from 2026_rev_9,2026_rev_9
A,Generalized System of Preferences,2022_rev_12,carried_forward_from 2026_rev_9,2026_rev_9
A*,Generalized System of Preferences,2022_rev_12,carried_forward_from 2026_rev_9,2026_rev_9
A+,Generalized System of Preferences,2022_rev_12,carried_forward_from 2026_rev_9,2026_rev_9
AU,United States-Australia Free Trade Agreement,2022_rev_12,carried_forward_from 2026_rev_9,2026_rev_9
B,Automotive Products Trade Act,2022_rev_12,carried_forward_from 2026_rev_9,2026_rev_9
BH,United States-Bahrain Free Trade Agreement Implementation Act,2022_rev_12,carried_forward_from 2026_rev_9,2026_rev_9
C,Agreement on Trade in Civil Aircraft,2022_rev_12,carried_forward_from 2026_rev_9,2026_rev_9
CL,United States-Chile Free Trade Agreement,2022_rev_12,carried_forward_from 2026_rev_9,2026_rev_9
D,African Growth and Opportunity Act,2022_rev_12,carried_forward_from 2026_rev_9,2026_rev_9
E,Caribbean Basin Economic Recovery Act,2022_rev_12,carried_forward_from 2026_rev_9,2026_rev_9
E*,Caribbean Basin Economic Recovery Act,2022_rev_12,carried_forward_from 2026_rev_9,2026_rev_9
IL,United States-Israel Free Trade Area,2022_rev_12,carried_forward_from 2026_rev_9,2026_rev_9
JO,United States-Jordan Free Trade Area Implementation Act,2022_rev_12,carried_forward_from 2026_rev_9,2026_rev_9
JP,Trade Agreement Between the United States and Japan,2022_rev_12,carried_forward_from 2026_rev_9,2026_rev_9
K,Agreement on Trade in Pharmaceutical Products,2022_rev_12,carried_forward_from 2026_rev_9,2026_rev_9
P,Dominican Republic-Central America-United States Free Trade Agreement Implementation Act,2022_rev_12,carried_forward_from 2026_rev_9,2026_rev_9
P+,Dominican Republic-Central America-United States Free Trade Agreement Implementation Act,2022_rev_12,carried_forward_from 2026_rev_9,2026_rev_9
L,Uruguay Round Concessions on Intermediate Chemicals for Dyes,2022_rev_12,carried_forward_from 2026_rev_9,2026_rev_9
R,United States-Caribbean Basin Trade Partnership Act,2022_rev_12,carried_forward_from 2026_rev_9,2026_rev_9
MA,United States-Morocco Free Trade Agreement Implementation Act,2022_rev_12,carried_forward_from 2026_rev_9,2026_rev_9
SG,United States-Singapore Free Trade Agreement,2022_rev_12,carried_forward_from 2026_rev_9,2026_rev_9
OM,United States-Oman Free Trade Agreement Implementation Act,2022_rev_12,carried_forward_from 2026_rev_9,2026_rev_9
PE,United States-Peru Trade Promotion Agreement Implementation Act,2022_rev_12,carried_forward_from 2026_rev_9,2026_rev_9
KR,United States-Korea Free Trade Agreement Implementation Act,2022_rev_12,carried_forward_from 2026_rev_9,2026_rev_9
CO,United States-Colombia Trade Promotion Agreement Implementation Act,2022_rev_12,carried_forward_from 2026_rev_9,2026_rev_9
PA,United States-Panama Trade Promotion Agreement Implementation Act,2022_rev_12,carried_forward_from 2026_rev_9,2026_rev_9
NP,Nepal Preference Program,2022_rev_12,carried_forward_from 2026_rev_9,2026_rev_9
S,United States-Mexico-Canada Agreement,2022_rev_12,carried_forward_from 2026_rev_9,2026_rev_9
S+,United States-Mexico-Canada Agreement,2022_rev_12,carried_forward_from 2026_rev_9,2026_rev_9
A,Generalized System of Preferences,2023_basic,carried_forward_from 2026_rev_9,2026_rev_9
A*,Generalized System of Preferences,2023_basic,carried_forward_from 2026_rev_9,2026_rev_9
A+,Generalized System of Preferences,2023_basic,carried_forward_from 2026_rev_9,2026_rev_9
AU,United States-Australia Free Trade Agreement,2023_basic,carried_forward_from 2026_rev_9,2026_rev_9
B,Automotive Products Trade Act,2023_basic,carried_forward_from 2026_rev_9,2026_rev_9
BH,United States-Bahrain Free Trade Agreement Implementation Act,2023_basic,carried_forward_from 2026_rev_9,2026_rev_9
C,Agreement on Trade in Civil Aircraft,2023_basic,carried_forward_from 2026_rev_9,2026_rev_9
CL,United States-Chile Free Trade Agreement,2023_basic,carried_forward_from 2026_rev_9,2026_rev_9
D,African Growth and Opportunity Act,2023_basic,carried_forward_from 2026_rev_9,2026_rev_9
E,Caribbean Basin Economic Recovery Act,2023_basic,carried_forward_from 2026_rev_9,2026_rev_9
E*,Caribbean Basin Economic Recovery Act,2023_basic,carried_forward_from 2026_rev_9,2026_rev_9
IL,United States-Israel Free Trade Area,2023_basic,carried_forward_from 2026_rev_9,2026_rev_9
JO,United States-Jordan Free Trade Area Implementation Act,2023_basic,carried_forward_from 2026_rev_9,2026_rev_9
JP,Trade Agreement Between the United States and Japan,2023_basic,carried_forward_from 2026_rev_9,2026_rev_9
K,Agreement on Trade in Pharmaceutical Products,2023_basic,carried_forward_from 2026_rev_9,2026_rev_9
P,Dominican Republic-Central America-United States Free Trade Agreement Implementation Act,2023_basic,carried_forward_from 2026_rev_9,2026_rev_9
P+,Dominican Republic-Central America-United States Free Trade Agreement Implementation Act,2023_basic,carried_forward_from 2026_rev_9,2026_rev_9
L,Uruguay Round Concessions on Intermediate Chemicals for Dyes,2023_basic,carried_forward_from 2026_rev_9,2026_rev_9
R,United States-Caribbean Basin Trade Partnership Act,2023_basic,carried_forward_from 2026_rev_9,2026_rev_9
MA,United States-Morocco Free Trade Agreement Implementation Act,2023_basic,carried_forward_from 2026_rev_9,2026_rev_9
SG,United States-Singapore Free Trade Agreement,2023_basic,carried_forward_from 2026_rev_9,2026_rev_9
OM,United States-Oman Free Trade Agreement Implementation Act,2023_basic,carried_forward_from 2026_rev_9,2026_rev_9
PE,United States-Peru Trade Promotion Agreement Implementation Act,2023_basic,carried_forward_from 2026_rev_9,2026_rev_9
KR,United States-Korea Free Trade Agreement Implementation Act,2023_basic,carried_forward_from 2026_rev_9,2026_rev_9
CO,United States-Colombia Trade Promotion Agreement Implementation Act,2023_basic,carried_forward_from 2026_rev_9,2026_rev_9
PA,United States-Panama Trade Promotion Agreement Implementation Act,2023_basic,carried_forward_from 2026_rev_9,2026_rev_9
NP,Nepal Preference Program,2023_basic,carried_forward_from 2026_rev_9,2026_rev_9
S,United States-Mexico-Canada Agreement,2023_basic,carried_forward_from 2026_rev_9,2026_rev_9
S+,United States-Mexico-Canada Agreement,2023_basic,carried_forward_from 2026_rev_9,2026_rev_9
A,Generalized System of Preferences,2023_rev_1,carried_forward_from 2026_rev_9,2026_rev_9
A*,Generalized System of Preferences,2023_rev_1,carried_forward_from 2026_rev_9,2026_rev_9
A+,Generalized System of Preferences,2023_rev_1,carried_forward_from 2026_rev_9,2026_rev_9
AU,United States-Australia Free Trade Agreement,2023_rev_1,carried_forward_from 2026_rev_9,2026_rev_9
B,Automotive Products Trade Act,2023_rev_1,carried_forward_from 2026_rev_9,2026_rev_9
BH,United States-Bahrain Free Trade Agreement Implementation Act,2023_rev_1,carried_forward_from 2026_rev_9,2026_rev_9
C,Agreement on Trade in Civil Aircraft,2023_rev_1,carried_forward_from 2026_rev_9,2026_rev_9
CL,United States-Chile Free Trade Agreement,2023_rev_1,carried_forward_from 2026_rev_9,2026_rev_9
D,African Growth and Opportunity Act,2023_rev_1,carried_forward_from 2026_rev_9,2026_rev_9
E,Caribbean Basin Economic Recovery Act,2023_rev_1,carried_forward_from 2026_rev_9,2026_rev_9
E*,Caribbean Basin Economic Recovery Act,2023_rev_1,carried_forward_from 2026_rev_9,2026_rev_9
IL,United States-Israel Free Trade Area,2023_rev_1,carried_forward_from 2026_rev_9,2026_rev_9
JO,United States-Jordan Free Trade Area Implementation Act,2023_rev_1,carried_forward_from 2026_rev_9,2026_rev_9
JP,Trade Agreement Between the United States and Japan,2023_rev_1,carried_forward_from 2026_rev_9,2026_rev_9
K,Agreement on Trade in Pharmaceutical Products,2023_rev_1,carried_forward_from 2026_rev_9,2026_rev_9
P,Dominican Republic-Central America-United States Free Trade Agreement Implementation Act,2023_rev_1,carried_forward_from 2026_rev_9,2026_rev_9
P+,Dominican Republic-Central America-United States Free Trade Agreement Implementation Act,2023_rev_1,carried_forward_from 2026_rev_9,2026_rev_9
L,Uruguay Round Concessions on Intermediate Chemicals for Dyes,2023_rev_1,carried_forward_from 2026_rev_9,2026_rev_9
R,United States-Caribbean Basin Trade Partnership Act,2023_rev_1,carried_forward_from 2026_rev_9,2026_rev_9
MA,United States-Morocco Free Trade Agreement Implementation Act,2023_rev_1,carried_forward_from 2026_rev_9,2026_rev_9
SG,United States-Singapore Free Trade Agreement,2023_rev_1,carried_forward_from 2026_rev_9,2026_rev_9
OM,United States-Oman Free Trade Agreement Implementation Act,2023_rev_1,carried_forward_from 2026_rev_9,2026_rev_9
PE,United States-Peru Trade Promotion Agreement Implementation Act,2023_rev_1,carried_forward_from 2026_rev_9,2026_rev_9
KR,United States-Korea Free Trade Agreement Implementation Act,2023_rev_1,carried_forward_from 2026_rev_9,2026_rev_9
CO,United States-Colombia Trade Promotion Agreement Implementation Act,2023_rev_1,carried_forward_from 2026_rev_9,2026_rev_9
PA,United States-Panama Trade Promotion Agreement Implementation Act,2023_rev_1,carried_forward_from 2026_rev_9,2026_rev_9
NP,Nepal Preference Program,2023_rev_1,carried_forward_from 2026_rev_9,2026_rev_9
S,United States-Mexico-Canada Agreement,2023_rev_1,carried_forward_from 2026_rev_9,2026_rev_9
S+,United States-Mexico-Canada Agreement,2023_rev_1,carried_forward_from 2026_rev_9,2026_rev_9
A,Generalized System of Preferences,2023_rev_2,carried_forward_from 2026_rev_9,2026_rev_9
A*,Generalized System of Preferences,2023_rev_2,carried_forward_from 2026_rev_9,2026_rev_9
A+,Generalized System of Preferences,2023_rev_2,carried_forward_from 2026_rev_9,2026_rev_9
AU,United States-Australia Free Trade Agreement,2023_rev_2,carried_forward_from 2026_rev_9,2026_rev_9
B,Automotive Products Trade Act,2023_rev_2,carried_forward_from 2026_rev_9,2026_rev_9
BH,United States-Bahrain Free Trade Agreement Implementation Act,2023_rev_2,carried_forward_from 2026_rev_9,2026_rev_9
C,Agreement on Trade in Civil Aircraft,2023_rev_2,carried_forward_from 2026_rev_9,2026_rev_9
CL,United States-Chile Free Trade Agreement,2023_rev_2,carried_forward_from 2026_rev_9,2026_rev_9
D,African Growth and Opportunity Act,2023_rev_2,carried_forward_from 2026_rev_9,2026_rev_9
E,Caribbean Basin Economic Recovery Act,2023_rev_2,carried_forward_from 2026_rev_9,2026_rev_9
E*,Caribbean Basin Economic Recovery Act,2023_rev_2,carried_forward_from 2026_rev_9,2026_rev_9
IL,United States-Israel Free Trade Area,2023_rev_2,carried_forward_from 2026_rev_9,2026_rev_9
JO,United States-Jordan Free Trade Area Implementation Act,2023_rev_2,carried_forward_from 2026_rev_9,2026_rev_9
JP,Trade Agreement Between the United States and Japan,2023_rev_2,carried_forward_from 2026_rev_9,2026_rev_9
K,Agreement on Trade in Pharmaceutical Products,2023_rev_2,carried_forward_from 2026_rev_9,2026_rev_9
P,Dominican Republic-Central America-United States Free Trade Agreement Implementation Act,2023_rev_2,carried_forward_from 2026_rev_9,2026_rev_9
P+,Dominican Republic-Central America-United States Free Trade Agreement Implementation Act,2023_rev_2,carried_forward_from 2026_rev_9,2026_rev_9
L,Uruguay Round Concessions on Intermediate Chemicals for Dyes,2023_rev_2,carried_forward_from 2026_rev_9,2026_rev_9
R,United States-Caribbean Basin Trade Partnership Act,2023_rev_2,carried_forward_from 2026_rev_9,2026_rev_9
MA,United States-Morocco Free Trade Agreement Implementation Act,2023_rev_2,carried_forward_from 2026_rev_9,2026_rev_9
SG,United States-Singapore Free Trade Agreement,2023_rev_2,carried_forward_from 2026_rev_9,2026_rev_9
OM,United States-Oman Free Trade Agreement Implementation Act,2023_rev_2,carried_forward_from 2026_rev_9,2026_rev_9
PE,United States-Peru Trade Promotion Agreement Implementation Act,2023_rev_2,carried_forward_from 2026_rev_9,2026_rev_9
KR,United States-Korea Free Trade Agreement Implementation Act,2023_rev_2,carried_forward_from 2026_rev_9,2026_rev_9
CO,United States-Colombia Trade Promotion Agreement Implementation Act,2023_rev_2,carried_forward_from 2026_rev_9,2026_rev_9
PA,United States-Panama Trade Promotion Agreement Implementation Act,2023_rev_2,carried_forward_from 2026_rev_9,2026_rev_9
NP,Nepal Preference Program,2023_rev_2,carried_forward_from 2026_rev_9,2026_rev_9
S,United States-Mexico-Canada Agreement,2023_rev_2,carried_forward_from 2026_rev_9,2026_rev_9
S+,United States-Mexico-Canada Agreement,2023_rev_2,carried_forward_from 2026_rev_9,2026_rev_9
A,Generalized System of Preferences,2023_rev_3,carried_forward_from 2026_rev_9,2026_rev_9
A*,Generalized System of Preferences,2023_rev_3,carried_forward_from 2026_rev_9,2026_rev_9
A+,Generalized System of Preferences,2023_rev_3,carried_forward_from 2026_rev_9,2026_rev_9
AU,United States-Australia Free Trade Agreement,2023_rev_3,carried_forward_from 2026_rev_9,2026_rev_9
B,Automotive Products Trade Act,2023_rev_3,carried_forward_from 2026_rev_9,2026_rev_9
BH,United States-Bahrain Free Trade Agreement Implementation Act,2023_rev_3,carried_forward_from 2026_rev_9,2026_rev_9
C,Agreement on Trade in Civil Aircraft,2023_rev_3,carried_forward_from 2026_rev_9,2026_rev_9
CL,United States-Chile Free Trade Agreement,2023_rev_3,carried_forward_from 2026_rev_9,2026_rev_9
D,African Growth and Opportunity Act,2023_rev_3,carried_forward_from 2026_rev_9,2026_rev_9
E,Caribbean Basin Economic Recovery Act,2023_rev_3,carried_forward_from 2026_rev_9,2026_rev_9
E*,Caribbean Basin Economic Recovery Act,2023_rev_3,carried_forward_from 2026_rev_9,2026_rev_9
IL,United States-Israel Free Trade Area,2023_rev_3,carried_forward_from 2026_rev_9,2026_rev_9
JO,United States-Jordan Free Trade Area Implementation Act,2023_rev_3,carried_forward_from 2026_rev_9,2026_rev_9
JP,Trade Agreement Between the United States and Japan,2023_rev_3,carried_forward_from 2026_rev_9,2026_rev_9
K,Agreement on Trade in Pharmaceutical Products,2023_rev_3,carried_forward_from 2026_rev_9,2026_rev_9
P,Dominican Republic-Central America-United States Free Trade Agreement Implementation Act,2023_rev_3,carried_forward_from 2026_rev_9,2026_rev_9
P+,Dominican Republic-Central America-United States Free Trade Agreement Implementation Act,2023_rev_3,carried_forward_from 2026_rev_9,2026_rev_9
L,Uruguay Round Concessions on Intermediate Chemicals for Dyes,2023_rev_3,carried_forward_from 2026_rev_9,2026_rev_9
R,United States-Caribbean Basin Trade Partnership Act,2023_rev_3,carried_forward_from 2026_rev_9,2026_rev_9
MA,United States-Morocco Free Trade Agreement Implementation Act,2023_rev_3,carried_forward_from 2026_rev_9,2026_rev_9
SG,United States-Singapore Free Trade Agreement,2023_rev_3,carried_forward_from 2026_rev_9,2026_rev_9
OM,United States-Oman Free Trade Agreement Implementation Act,2023_rev_3,carried_forward_from 2026_rev_9,2026_rev_9
PE,United States-Peru Trade Promotion Agreement Implementation Act,2023_rev_3,carried_forward_from 2026_rev_9,2026_rev_9
KR,United States-Korea Free Trade Agreement Implementation Act,2023_rev_3,carried_forward_from 2026_rev_9,2026_rev_9
CO,United States-Colombia Trade Promotion Agreement Implementation Act,2023_rev_3,carried_forward_from 2026_rev_9,2026_rev_9
PA,United States-Panama Trade Promotion Agreement Implementation Act,2023_rev_3,carried_forward_from 2026_rev_9,2026_rev_9
NP,Nepal Preference Program,2023_rev_3,carried_forward_from 2026_rev_9,2026_rev_9
S,United States-Mexico-Canada Agreement,2023_rev_3,carried_forward_from 2026_rev_9,2026_rev_9
S+,United States-Mexico-Canada Agreement,2023_rev_3,carried_forward_from 2026_rev_9,2026_rev_9
A,Generalized System of Preferences,2023_rev_4,carried_forward_from 2026_rev_9,2026_rev_9
A*,Generalized System of Preferences,2023_rev_4,carried_forward_from 2026_rev_9,2026_rev_9
A+,Generalized System of Preferences,2023_rev_4,carried_forward_from 2026_rev_9,2026_rev_9
AU,United States-Australia Free Trade Agreement,2023_rev_4,carried_forward_from 2026_rev_9,2026_rev_9
B,Automotive Products Trade Act,2023_rev_4,carried_forward_from 2026_rev_9,2026_rev_9
BH,United States-Bahrain Free Trade Agreement Implementation Act,2023_rev_4,carried_forward_from 2026_rev_9,2026_rev_9
C,Agreement on Trade in Civil Aircraft,2023_rev_4,carried_forward_from 2026_rev_9,2026_rev_9
CL,United States-Chile Free Trade Agreement,2023_rev_4,carried_forward_from 2026_rev_9,2026_rev_9
D,African Growth and Opportunity Act,2023_rev_4,carried_forward_from 2026_rev_9,2026_rev_9
E,Caribbean Basin Economic Recovery Act,2023_rev_4,carried_forward_from 2026_rev_9,2026_rev_9
E*,Caribbean Basin Economic Recovery Act,2023_rev_4,carried_forward_from 2026_rev_9,2026_rev_9
IL,United States-Israel Free Trade Area,2023_rev_4,carried_forward_from 2026_rev_9,2026_rev_9
JO,United States-Jordan Free Trade Area Implementation Act,2023_rev_4,carried_forward_from 2026_rev_9,2026_rev_9
JP,Trade Agreement Between the United States and Japan,2023_rev_4,carried_forward_from 2026_rev_9,2026_rev_9
K,Agreement on Trade in Pharmaceutical Products,2023_rev_4,carried_forward_from 2026_rev_9,2026_rev_9
P,Dominican Republic-Central America-United States Free Trade Agreement Implementation Act,2023_rev_4,carried_forward_from 2026_rev_9,2026_rev_9
P+,Dominican Republic-Central America-United States Free Trade Agreement Implementation Act,2023_rev_4,carried_forward_from 2026_rev_9,2026_rev_9
L,Uruguay Round Concessions on Intermediate Chemicals for Dyes,2023_rev_4,carried_forward_from 2026_rev_9,2026_rev_9
R,United States-Caribbean Basin Trade Partnership Act,2023_rev_4,carried_forward_from 2026_rev_9,2026_rev_9
MA,United States-Morocco Free Trade Agreement Implementation Act,2023_rev_4,carried_forward_from 2026_rev_9,2026_rev_9
SG,United States-Singapore Free Trade Agreement,2023_rev_4,carried_forward_from 2026_rev_9,2026_rev_9
OM,United States-Oman Free Trade Agreement Implementation Act,2023_rev_4,carried_forward_from 2026_rev_9,2026_rev_9
PE,United States-Peru Trade Promotion Agreement Implementation Act,2023_rev_4,carried_forward_from 2026_rev_9,2026_rev_9
KR,United States-Korea Free Trade Agreement Implementation Act,2023_rev_4,carried_forward_from 2026_rev_9,2026_rev_9
CO,United States-Colombia Trade Promotion Agreement Implementation Act,2023_rev_4,carried_forward_from 2026_rev_9,2026_rev_9
PA,United States-Panama Trade Promotion Agreement Implementation Act,2023_rev_4,carried_forward_from 2026_rev_9,2026_rev_9
NP,Nepal Preference Program,2023_rev_4,carried_forward_from 2026_rev_9,2026_rev_9
S,United States-Mexico-Canada Agreement,2023_rev_4,carried_forward_from 2026_rev_9,2026_rev_9
S+,United States-Mexico-Canada Agreement,2023_rev_4,carried_forward_from 2026_rev_9,2026_rev_9
A,Generalized System of Preferences,2023_rev_5,carried_forward_from 2026_rev_9,2026_rev_9
A*,Generalized System of Preferences,2023_rev_5,carried_forward_from 2026_rev_9,2026_rev_9
A+,Generalized System of Preferences,2023_rev_5,carried_forward_from 2026_rev_9,2026_rev_9
AU,United States-Australia Free Trade Agreement,2023_rev_5,carried_forward_from 2026_rev_9,2026_rev_9
B,Automotive Products Trade Act,2023_rev_5,carried_forward_from 2026_rev_9,2026_rev_9
BH,United States-Bahrain Free Trade Agreement Implementation Act,2023_rev_5,carried_forward_from 2026_rev_9,2026_rev_9
C,Agreement on Trade in Civil Aircraft,2023_rev_5,carried_forward_from 2026_rev_9,2026_rev_9
CL,United States-Chile Free Trade Agreement,2023_rev_5,carried_forward_from 2026_rev_9,2026_rev_9
D,African Growth and Opportunity Act,2023_rev_5,carried_forward_from 2026_rev_9,2026_rev_9
E,Caribbean Basin Economic Recovery Act,2023_rev_5,carried_forward_from 2026_rev_9,2026_rev_9
E*,Caribbean Basin Economic Recovery Act,2023_rev_5,carried_forward_from 2026_rev_9,2026_rev_9
IL,United States-Israel Free Trade Area,2023_rev_5,carried_forward_from 2026_rev_9,2026_rev_9
JO,United States-Jordan Free Trade Area Implementation Act,2023_rev_5,carried_forward_from 2026_rev_9,2026_rev_9
JP,Trade Agreement Between the United States and Japan,2023_rev_5,carried_forward_from 2026_rev_9,2026_rev_9
K,Agreement on Trade in Pharmaceutical Products,2023_rev_5,carried_forward_from 2026_rev_9,2026_rev_9
P,Dominican Republic-Central America-United States Free Trade Agreement Implementation Act,2023_rev_5,carried_forward_from 2026_rev_9,2026_rev_9
P+,Dominican Republic-Central America-United States Free Trade Agreement Implementation Act,2023_rev_5,carried_forward_from 2026_rev_9,2026_rev_9
L,Uruguay Round Concessions on Intermediate Chemicals for Dyes,2023_rev_5,carried_forward_from 2026_rev_9,2026_rev_9
R,United States-Caribbean Basin Trade Partnership Act,2023_rev_5,carried_forward_from 2026_rev_9,2026_rev_9
MA,United States-Morocco Free Trade Agreement Implementation Act,2023_rev_5,carried_forward_from 2026_rev_9,2026_rev_9
SG,United States-Singapore Free Trade Agreement,2023_rev_5,carried_forward_from 2026_rev_9,2026_rev_9
OM,United States-Oman Free Trade Agreement Implementation Act,2023_rev_5,carried_forward_from 2026_rev_9,2026_rev_9
PE,United States-Peru Trade Promotion Agreement Implementation Act,2023_rev_5,carried_forward_from 2026_rev_9,2026_rev_9
KR,United States-Korea Free Trade Agreement Implementation Act,2023_rev_5,carried_forward_from 2026_rev_9,2026_rev_9
CO,United States-Colombia Trade Promotion Agreement Implementation Act,2023_rev_5,carried_forward_from 2026_rev_9,2026_rev_9
PA,United States-Panama Trade Promotion Agreement Implementation Act,2023_rev_5,carried_forward_from 2026_rev_9,2026_rev_9
NP,Nepal Preference Program,2023_rev_5,carried_forward_from 2026_rev_9,2026_rev_9
S,United States-Mexico-Canada Agreement,2023_rev_5,carried_forward_from 2026_rev_9,2026_rev_9
S+,United States-Mexico-Canada Agreement,2023_rev_5,carried_forward_from 2026_rev_9,2026_rev_9
A,Generalized System of Preferences,2023_rev_6,carried_forward_from 2026_rev_9,2026_rev_9
A*,Generalized System of Preferences,2023_rev_6,carried_forward_from 2026_rev_9,2026_rev_9
A+,Generalized System of Preferences,2023_rev_6,carried_forward_from 2026_rev_9,2026_rev_9
AU,United States-Australia Free Trade Agreement,2023_rev_6,carried_forward_from 2026_rev_9,2026_rev_9
B,Automotive Products Trade Act,2023_rev_6,carried_forward_from 2026_rev_9,2026_rev_9
BH,United States-Bahrain Free Trade Agreement Implementation Act,2023_rev_6,carried_forward_from 2026_rev_9,2026_rev_9
C,Agreement on Trade in Civil Aircraft,2023_rev_6,carried_forward_from 2026_rev_9,2026_rev_9
CL,United States-Chile Free Trade Agreement,2023_rev_6,carried_forward_from 2026_rev_9,2026_rev_9
D,African Growth and Opportunity Act,2023_rev_6,carried_forward_from 2026_rev_9,2026_rev_9
E,Caribbean Basin Economic Recovery Act,2023_rev_6,carried_forward_from 2026_rev_9,2026_rev_9
E*,Caribbean Basin Economic Recovery Act,2023_rev_6,carried_forward_from 2026_rev_9,2026_rev_9
IL,United States-Israel Free Trade Area,2023_rev_6,carried_forward_from 2026_rev_9,2026_rev_9
JO,United States-Jordan Free Trade Area Implementation Act,2023_rev_6,carried_forward_from 2026_rev_9,2026_rev_9
JP,Trade Agreement Between the United States and Japan,2023_rev_6,carried_forward_from 2026_rev_9,2026_rev_9
K,Agreement on Trade in Pharmaceutical Products,2023_rev_6,carried_forward_from 2026_rev_9,2026_rev_9
P,Dominican Republic-Central America-United States Free Trade Agreement Implementation Act,2023_rev_6,carried_forward_from 2026_rev_9,2026_rev_9
P+,Dominican Republic-Central America-United States Free Trade Agreement Implementation Act,2023_rev_6,carried_forward_from 2026_rev_9,2026_rev_9
L,Uruguay Round Concessions on Intermediate Chemicals for Dyes,2023_rev_6,carried_forward_from 2026_rev_9,2026_rev_9
R,United States-Caribbean Basin Trade Partnership Act,2023_rev_6,carried_forward_from 2026_rev_9,2026_rev_9
MA,United States-Morocco Free Trade Agreement Implementation Act,2023_rev_6,carried_forward_from 2026_rev_9,2026_rev_9
SG,United States-Singapore Free Trade Agreement,2023_rev_6,carried_forward_from 2026_rev_9,2026_rev_9
OM,United States-Oman Free Trade Agreement Implementation Act,2023_rev_6,carried_forward_from 2026_rev_9,2026_rev_9
PE,United States-Peru Trade Promotion Agreement Implementation Act,2023_rev_6,carried_forward_from 2026_rev_9,2026_rev_9
KR,United States-Korea Free Trade Agreement Implementation Act,2023_rev_6,carried_forward_from 2026_rev_9,2026_rev_9
CO,United States-Colombia Trade Promotion Agreement Implementation Act,2023_rev_6,carried_forward_from 2026_rev_9,2026_rev_9
PA,United States-Panama Trade Promotion Agreement Implementation Act,2023_rev_6,carried_forward_from 2026_rev_9,2026_rev_9
NP,Nepal Preference Program,2023_rev_6,carried_forward_from 2026_rev_9,2026_rev_9
S,United States-Mexico-Canada Agreement,2023_rev_6,carried_forward_from 2026_rev_9,2026_rev_9
S+,United States-Mexico-Canada Agreement,2023_rev_6,carried_forward_from 2026_rev_9,2026_rev_9
A,Generalized System of Preferences,2023_rev_7,carried_forward_from 2026_rev_9,2026_rev_9
A*,Generalized System of Preferences,2023_rev_7,carried_forward_from 2026_rev_9,2026_rev_9
A+,Generalized System of Preferences,2023_rev_7,carried_forward_from 2026_rev_9,2026_rev_9
AU,United States-Australia Free Trade Agreement,2023_rev_7,carried_forward_from 2026_rev_9,2026_rev_9
B,Automotive Products Trade Act,2023_rev_7,carried_forward_from 2026_rev_9,2026_rev_9
BH,United States-Bahrain Free Trade Agreement Implementation Act,2023_rev_7,carried_forward_from 2026_rev_9,2026_rev_9
C,Agreement on Trade in Civil Aircraft,2023_rev_7,carried_forward_from 2026_rev_9,2026_rev_9
CL,United States-Chile Free Trade Agreement,2023_rev_7,carried_forward_from 2026_rev_9,2026_rev_9
D,African Growth and Opportunity Act,2023_rev_7,carried_forward_from 2026_rev_9,2026_rev_9
E,Caribbean Basin Economic Recovery Act,2023_rev_7,carried_forward_from 2026_rev_9,2026_rev_9
E*,Caribbean Basin Economic Recovery Act,2023_rev_7,carried_forward_from 2026_rev_9,2026_rev_9
IL,United States-Israel Free Trade Area,2023_rev_7,carried_forward_from 2026_rev_9,2026_rev_9
JO,United States-Jordan Free Trade Area Implementation Act,2023_rev_7,carried_forward_from 2026_rev_9,2026_rev_9
JP,Trade Agreement Between the United States and Japan,2023_rev_7,carried_forward_from 2026_rev_9,2026_rev_9
K,Agreement on Trade in Pharmaceutical Products,2023_rev_7,carried_forward_from 2026_rev_9,2026_rev_9
P,Dominican Republic-Central America-United States Free Trade Agreement Implementation Act,2023_rev_7,carried_forward_from 2026_rev_9,2026_rev_9
P+,Dominican Republic-Central America-United States Free Trade Agreement Implementation Act,2023_rev_7,carried_forward_from 2026_rev_9,2026_rev_9
L,Uruguay Round Concessions on Intermediate Chemicals for Dyes,2023_rev_7,carried_forward_from 2026_rev_9,2026_rev_9
R,United States-Caribbean Basin Trade Partnership Act,2023_rev_7,carried_forward_from 2026_rev_9,2026_rev_9
MA,United States-Morocco Free Trade Agreement Implementation Act,2023_rev_7,carried_forward_from 2026_rev_9,2026_rev_9
SG,United States-Singapore Free Trade Agreement,2023_rev_7,carried_forward_from 2026_rev_9,2026_rev_9
OM,United States-Oman Free Trade Agreement Implementation Act,2023_rev_7,carried_forward_from 2026_rev_9,2026_rev_9
PE,United States-Peru Trade Promotion Agreement Implementation Act,2023_rev_7,carried_forward_from 2026_rev_9,2026_rev_9
KR,United States-Korea Free Trade Agreement Implementation Act,2023_rev_7,carried_forward_from 2026_rev_9,2026_rev_9
CO,United States-Colombia Trade Promotion Agreement Implementation Act,2023_rev_7,carried_forward_from 2026_rev_9,2026_rev_9
PA,United States-Panama Trade Promotion Agreement Implementation Act,2023_rev_7,carried_forward_from 2026_rev_9,2026_rev_9
NP,Nepal Preference Program,2023_rev_7,carried_forward_from 2026_rev_9,2026_rev_9
S,United States-Mexico-Canada Agreement,2023_rev_7,carried_forward_from 2026_rev_9,2026_rev_9
S+,United States-Mexico-Canada Agreement,2023_rev_7,carried_forward_from 2026_rev_9,2026_rev_9
A,Generalized System of Preferences,2023_rev_8,carried_forward_from 2026_rev_9,2026_rev_9
A*,Generalized System of Preferences,2023_rev_8,carried_forward_from 2026_rev_9,2026_rev_9
A+,Generalized System of Preferences,2023_rev_8,carried_forward_from 2026_rev_9,2026_rev_9
AU,United States-Australia Free Trade Agreement,2023_rev_8,carried_forward_from 2026_rev_9,2026_rev_9
B,Automotive Products Trade Act,2023_rev_8,carried_forward_from 2026_rev_9,2026_rev_9
BH,United States-Bahrain Free Trade Agreement Implementation Act,2023_rev_8,carried_forward_from 2026_rev_9,2026_rev_9
C,Agreement on Trade in Civil Aircraft,2023_rev_8,carried_forward_from 2026_rev_9,2026_rev_9
CL,United States-Chile Free Trade Agreement,2023_rev_8,carried_forward_from 2026_rev_9,2026_rev_9
D,African Growth and Opportunity Act,2023_rev_8,carried_forward_from 2026_rev_9,2026_rev_9
E,Caribbean Basin Economic Recovery Act,2023_rev_8,carried_forward_from 2026_rev_9,2026_rev_9
E*,Caribbean Basin Economic Recovery Act,2023_rev_8,carried_forward_from 2026_rev_9,2026_rev_9
IL,United States-Israel Free Trade Area,2023_rev_8,carried_forward_from 2026_rev_9,2026_rev_9
JO,United States-Jordan Free Trade Area Implementation Act,2023_rev_8,carried_forward_from 2026_rev_9,2026_rev_9
JP,Trade Agreement Between the United States and Japan,2023_rev_8,carried_forward_from 2026_rev_9,2026_rev_9
K,Agreement on Trade in Pharmaceutical Products,2023_rev_8,carried_forward_from 2026_rev_9,2026_rev_9
P,Dominican Republic-Central America-United States Free Trade Agreement Implementation Act,2023_rev_8,carried_forward_from 2026_rev_9,2026_rev_9
P+,Dominican Republic-Central America-United States Free Trade Agreement Implementation Act,2023_rev_8,carried_forward_from 2026_rev_9,2026_rev_9
L,Uruguay Round Concessions on Intermediate Chemicals for Dyes,2023_rev_8,carried_forward_from 2026_rev_9,2026_rev_9
R,United States-Caribbean Basin Trade Partnership Act,2023_rev_8,carried_forward_from 2026_rev_9,2026_rev_9
MA,United States-Morocco Free Trade Agreement Implementation Act,2023_rev_8,carried_forward_from 2026_rev_9,2026_rev_9
SG,United States-Singapore Free Trade Agreement,2023_rev_8,carried_forward_from 2026_rev_9,2026_rev_9
OM,United States-Oman Free Trade Agreement Implementation Act,2023_rev_8,carried_forward_from 2026_rev_9,2026_rev_9
PE,United States-Peru Trade Promotion Agreement Implementation Act,2023_rev_8,carried_forward_from 2026_rev_9,2026_rev_9
KR,United States-Korea Free Trade Agreement Implementation Act,2023_rev_8,carried_forward_from 2026_rev_9,2026_rev_9
CO,United States-Colombia Trade Promotion Agreement Implementation Act,2023_rev_8,carried_forward_from 2026_rev_9,2026_rev_9
PA,United States-Panama Trade Promotion Agreement Implementation Act,2023_rev_8,carried_forward_from 2026_rev_9,2026_rev_9
NP,Nepal Preference Program,2023_rev_8,carried_forward_from 2026_rev_9,2026_rev_9
S,United States-Mexico-Canada Agreement,2023_rev_8,carried_forward_from 2026_rev_9,2026_rev_9
S+,United States-Mexico-Canada Agreement,2023_rev_8,carried_forward_from 2026_rev_9,2026_rev_9
A,Generalized System of Preferences,2023_rev_9,carried_forward_from 2026_rev_9,2026_rev_9
A*,Generalized System of Preferences,2023_rev_9,carried_forward_from 2026_rev_9,2026_rev_9
A+,Generalized System of Preferences,2023_rev_9,carried_forward_from 2026_rev_9,2026_rev_9
AU,United States-Australia Free Trade Agreement,2023_rev_9,carried_forward_from 2026_rev_9,2026_rev_9
B,Automotive Products Trade Act,2023_rev_9,carried_forward_from 2026_rev_9,2026_rev_9
BH,United States-Bahrain Free Trade Agreement Implementation Act,2023_rev_9,carried_forward_from 2026_rev_9,2026_rev_9
C,Agreement on Trade in Civil Aircraft,2023_rev_9,carried_forward_from 2026_rev_9,2026_rev_9
CL,United States-Chile Free Trade Agreement,2023_rev_9,carried_forward_from 2026_rev_9,2026_rev_9
D,African Growth and Opportunity Act,2023_rev_9,carried_forward_from 2026_rev_9,2026_rev_9
E,Caribbean Basin Economic Recovery Act,2023_rev_9,carried_forward_from 2026_rev_9,2026_rev_9
E*,Caribbean Basin Economic Recovery Act,2023_rev_9,carried_forward_from 2026_rev_9,2026_rev_9
IL,United States-Israel Free Trade Area,2023_rev_9,carried_forward_from 2026_rev_9,2026_rev_9
JO,United States-Jordan Free Trade Area Implementation Act,2023_rev_9,carried_forward_from 2026_rev_9,2026_rev_9
JP,Trade Agreement Between the United States and Japan,2023_rev_9,carried_forward_from 2026_rev_9,2026_rev_9
K,Agreement on Trade in Pharmaceutical Products,2023_rev_9,carried_forward_from 2026_rev_9,2026_rev_9
P,Dominican Republic-Central America-United States Free Trade Agreement Implementation Act,2023_rev_9,carried_forward_from 2026_rev_9,2026_rev_9
P+,Dominican Republic-Central America-United States Free Trade Agreement Implementation Act,2023_rev_9,carried_forward_from 2026_rev_9,2026_rev_9
L,Uruguay Round Concessions on Intermediate Chemicals for Dyes,2023_rev_9,carried_forward_from 2026_rev_9,2026_rev_9
R,United States-Caribbean Basin Trade Partnership Act,2023_rev_9,carried_forward_from 2026_rev_9,2026_rev_9
MA,United States-Morocco Free Trade Agreement Implementation Act,2023_rev_9,carried_forward_from 2026_rev_9,2026_rev_9
SG,United States-Singapore Free Trade Agreement,2023_rev_9,carried_forward_from 2026_rev_9,2026_rev_9
OM,United States-Oman Free Trade Agreement Implementation Act,2023_rev_9,carried_forward_from 2026_rev_9,2026_rev_9
PE,United States-Peru Trade Promotion Agreement Implementation Act,2023_rev_9,carried_forward_from 2026_rev_9,2026_rev_9
KR,United States-Korea Free Trade Agreement Implementation Act,2023_rev_9,carried_forward_from 2026_rev_9,2026_rev_9
CO,United States-Colombia Trade Promotion Agreement Implementation Act,2023_rev_9,carried_forward_from 2026_rev_9,2026_rev_9
PA,United States-Panama Trade Promotion Agreement Implementation Act,2023_rev_9,carried_forward_from 2026_rev_9,2026_rev_9
NP,Nepal Preference Program,2023_rev_9,carried_forward_from 2026_rev_9,2026_rev_9
S,United States-Mexico-Canada Agreement,2023_rev_9,carried_forward_from 2026_rev_9,2026_rev_9
S+,United States-Mexico-Canada Agreement,2023_rev_9,carried_forward_from 2026_rev_9,2026_rev_9
A,Generalized System of Preferences,2023_rev_10,reststop General+Note+3 @ 2023HTSRev10,NA
A*,Generalized System of Preferences,2023_rev_10,reststop General+Note+3 @ 2023HTSRev10,NA
A+,Generalized System of Preferences,2023_rev_10,reststop General+Note+3 @ 2023HTSRev10,NA
AU,United States-Australia Free Trade Agreement,2023_rev_10,reststop General+Note+3 @ 2023HTSRev10,NA
B,Automotive Products Trade Act,2023_rev_10,reststop General+Note+3 @ 2023HTSRev10,NA
BH,United States-Bahrain Free Trade Agreement Implementation Act,2023_rev_10,reststop General+Note+3 @ 2023HTSRev10,NA
C,Agreement on Trade in Civil Aircraft,2023_rev_10,reststop General+Note+3 @ 2023HTSRev10,NA
CL,United States-Chile Free Trade Agreement,2023_rev_10,reststop General+Note+3 @ 2023HTSRev10,NA
D,African Growth and Opportunity Act,2023_rev_10,reststop General+Note+3 @ 2023HTSRev10,NA
E,Caribbean Basin Economic Recovery Act,2023_rev_10,reststop General+Note+3 @ 2023HTSRev10,NA
E*,Caribbean Basin Economic Recovery Act,2023_rev_10,reststop General+Note+3 @ 2023HTSRev10,NA
IL,United States-Israel Free Trade Area,2023_rev_10,reststop General+Note+3 @ 2023HTSRev10,NA
JO,United States-Jordan Free Trade Area Implementation Act,2023_rev_10,reststop General+Note+3 @ 2023HTSRev10,NA
JP,Trade Agreement Between the United States and Japan,2023_rev_10,reststop General+Note+3 @ 2023HTSRev10,NA
K,Agreement on Trade in Pharmaceutical Products,2023_rev_10,reststop General+Note+3 @ 2023HTSRev10,NA
P,Dominican Republic-Central America-United States Free Trade Agreement Implementation Act,2023_rev_10,reststop General+Note+3 @ 2023HTSRev10,NA
P+,Dominican Republic-Central America-United States Free Trade Agreement Implementation Act,2023_rev_10,reststop General+Note+3 @ 2023HTSRev10,NA
L,Uruguay Round Concessions on Intermediate Chemicals for Dyes,2023_rev_10,reststop General+Note+3 @ 2023HTSRev10,NA
R,United States-Caribbean Basin Trade Partnership Act,2023_rev_10,reststop General+Note+3 @ 2023HTSRev10,NA
MA,United States-Morocco Free Trade Agreement Implementation Act,2023_rev_10,reststop General+Note+3 @ 2023HTSRev10,NA
SG,United States-Singapore Free Trade Agreement,2023_rev_10,reststop General+Note+3 @ 2023HTSRev10,NA
OM,United States-Oman Free Trade Agreement Implementation Act,2023_rev_10,reststop General+Note+3 @ 2023HTSRev10,NA
PE,United States-Peru Trade Promotion Agreement Implementation Act,2023_rev_10,reststop General+Note+3 @ 2023HTSRev10,NA
KR,United States-Korea Free Trade Agreement Implementation Act,2023_rev_10,reststop General+Note+3 @ 2023HTSRev10,NA
CO,United States-Colombia Trade Promotion Agreement Implementation Act,2023_rev_10,reststop General+Note+3 @ 2023HTSRev10,NA
PA,United States-Panama Trade Promotion Agreement Implementation Act,2023_rev_10,reststop General+Note+3 @ 2023HTSRev10,NA
NP,Nepal Preference Program,2023_rev_10,reststop General+Note+3 @ 2023HTSRev10,NA
S,United States-Mexico-Canada Agreement,2023_rev_10,reststop General+Note+3 @ 2023HTSRev10,NA
S+,United States-Mexico-Canada Agreement,2023_rev_10,reststop General+Note+3 @ 2023HTSRev10,NA
A,Generalized System of Preferences,2023_rev_11,reststop General+Note+3 @ 2023HTSRev11,NA
A*,Generalized System of Preferences,2023_rev_11,reststop General+Note+3 @ 2023HTSRev11,NA
A+,Generalized System of Preferences,2023_rev_11,reststop General+Note+3 @ 2023HTSRev11,NA
AU,United States-Australia Free Trade Agreement,2023_rev_11,reststop General+Note+3 @ 2023HTSRev11,NA
B,Automotive Products Trade Act,2023_rev_11,reststop General+Note+3 @ 2023HTSRev11,NA
BH,United States-Bahrain Free Trade Agreement Implementation Act,2023_rev_11,reststop General+Note+3 @ 2023HTSRev11,NA
C,Agreement on Trade in Civil Aircraft,2023_rev_11,reststop General+Note+3 @ 2023HTSRev11,NA
CL,United States-Chile Free Trade Agreement,2023_rev_11,reststop General+Note+3 @ 2023HTSRev11,NA
D,African Growth and Opportunity Act,2023_rev_11,reststop General+Note+3 @ 2023HTSRev11,NA
E,Caribbean Basin Economic Recovery Act,2023_rev_11,reststop General+Note+3 @ 2023HTSRev11,NA
E*,Caribbean Basin Economic Recovery Act,2023_rev_11,reststop General+Note+3 @ 2023HTSRev11,NA
IL,United States-Israel Free Trade Area,2023_rev_11,reststop General+Note+3 @ 2023HTSRev11,NA
JO,United States-Jordan Free Trade Area Implementation Act,2023_rev_11,reststop General+Note+3 @ 2023HTSRev11,NA
JP,Trade Agreement Between the United States and Japan,2023_rev_11,reststop General+Note+3 @ 2023HTSRev11,NA
K,Agreement on Trade in Pharmaceutical Products,2023_rev_11,reststop General+Note+3 @ 2023HTSRev11,NA
P,Dominican Republic-Central America-United States Free Trade Agreement Implementation Act,2023_rev_11,reststop General+Note+3 @ 2023HTSRev11,NA
P+,Dominican Republic-Central America-United States Free Trade Agreement Implementation Act,2023_rev_11,reststop General+Note+3 @ 2023HTSRev11,NA
L,Uruguay Round Concessions on Intermediate Chemicals for Dyes,2023_rev_11,reststop General+Note+3 @ 2023HTSRev11,NA
R,United States-Caribbean Basin Trade Partnership Act,2023_rev_11,reststop General+Note+3 @ 2023HTSRev11,NA
MA,United States-Morocco Free Trade Agreement Implementation Act,2023_rev_11,reststop General+Note+3 @ 2023HTSRev11,NA
SG,United States-Singapore Free Trade Agreement,2023_rev_11,reststop General+Note+3 @ 2023HTSRev11,NA
OM,United States-Oman Free Trade Agreement Implementation Act,2023_rev_11,reststop General+Note+3 @ 2023HTSRev11,NA
PE,United States-Peru Trade Promotion Agreement Implementation Act,2023_rev_11,reststop General+Note+3 @ 2023HTSRev11,NA
KR,United States-Korea Free Trade Agreement Implementation Act,2023_rev_11,reststop General+Note+3 @ 2023HTSRev11,NA
CO,United States-Colombia Trade Promotion Agreement Implementation Act,2023_rev_11,reststop General+Note+3 @ 2023HTSRev11,NA
PA,United States-Panama Trade Promotion Agreement Implementation Act,2023_rev_11,reststop General+Note+3 @ 2023HTSRev11,NA
NP,Nepal Preference Program,2023_rev_11,reststop General+Note+3 @ 2023HTSRev11,NA
S,United States-Mexico-Canada Agreement,2023_rev_11,reststop General+Note+3 @ 2023HTSRev11,NA
S+,United States-Mexico-Canada Agreement,2023_rev_11,reststop General+Note+3 @ 2023HTSRev11,NA
A,Generalized System of Preferences,2026_rev_10,reststop General+Note+3 @ 2026HTSRev10,NA
A*,Generalized System of Preferences,2026_rev_10,reststop General+Note+3 @ 2026HTSRev10,NA
A+,Generalized System of Preferences,2026_rev_10,reststop General+Note+3 @ 2026HTSRev10,NA
AU,United States-Australia Free Trade Agreement,2026_rev_10,reststop General+Note+3 @ 2026HTSRev10,NA
B,Automotive Products Trade Act,2026_rev_10,reststop General+Note+3 @ 2026HTSRev10,NA
BH,United States-Bahrain Free Trade Agreement Implementation Act,2026_rev_10,reststop General+Note+3 @ 2026HTSRev10,NA
C,Agreement on Trade in Civil Aircraft,2026_rev_10,reststop General+Note+3 @ 2026HTSRev10,NA
CL,United States-Chile Free Trade Agreement,2026_rev_10,reststop General+Note+3 @ 2026HTSRev10,NA
D,African Growth and Opportunity Act,2026_rev_10,reststop General+Note+3 @ 2026HTSRev10,NA
E,Caribbean Basin Economic Recovery Act,2026_rev_10,reststop General+Note+3 @ 2026HTSRev10,NA
E*,Caribbean Basin Economic Recovery Act,2026_rev_10,reststop General+Note+3 @ 2026HTSRev10,NA
IL,United States-Israel Free Trade Area,2026_rev_10,reststop General+Note+3 @ 2026HTSRev10,NA
JO,United States-Jordan Free Trade Area Implementation Act,2026_rev_10,reststop General+Note+3 @ 2026HTSRev10,NA
JP,Trade Agreement Between the United States and Japan,2026_rev_10,reststop General+Note+3 @ 2026HTSRev10,NA
K,Agreement on Trade in Pharmaceutical Products,2026_rev_10,reststop General+Note+3 @ 2026HTSRev10,NA
P,Dominican Republic-Central America-United States Free Trade Agreement Implementation Act,2026_rev_10,reststop General+Note+3 @ 2026HTSRev10,NA
P+,Dominican Republic-Central America-United States Free Trade Agreement Implementation Act,2026_rev_10,reststop General+Note+3 @ 2026HTSRev10,NA
L,Uruguay Round Concessions on Intermediate Chemicals for Dyes,2026_rev_10,reststop General+Note+3 @ 2026HTSRev10,NA
R,United States-Caribbean Basin Trade Partnership Act,2026_rev_10,reststop General+Note+3 @ 2026HTSRev10,NA
MA,United States-Morocco Free Trade Agreement Implementation Act,2026_rev_10,reststop General+Note+3 @ 2026HTSRev10,NA
SG,United States-Singapore Free Trade Agreement,2026_rev_10,reststop General+Note+3 @ 2026HTSRev10,NA
OM,United States-Oman Free Trade Agreement Implementation Act,2026_rev_10,reststop General+Note+3 @ 2026HTSRev10,NA
PE,United States-Peru Trade Promotion Agreement Implementation Act,2026_rev_10,reststop General+Note+3 @ 2026HTSRev10,NA
KR,United States-Korea Free Trade Agreement Implementation Act,2026_rev_10,reststop General+Note+3 @ 2026HTSRev10,NA
CO,United States-Colombia Trade Promotion Agreement Implementation Act,2026_rev_10,reststop General+Note+3 @ 2026HTSRev10,NA
PA,United States-Panama Trade Promotion Agreement Implementation Act,2026_rev_10,reststop General+Note+3 @ 2026HTSRev10,NA
NP,Nepal Preference Program,2026_rev_10,reststop General+Note+3 @ 2026HTSRev10,NA
S,United States-Mexico-Canada Agreement,2026_rev_10,reststop General+Note+3 @ 2026HTSRev10,NA
S+,United States-Mexico-Canada Agreement,2026_rev_10,reststop General+Note+3 @ 2026HTSRev10,NA
A,Generalized System of Preferences,2026_rev_11,reststop General+Note+3 @ 2026HTSRev11,NA
A*,Generalized System of Preferences,2026_rev_11,reststop General+Note+3 @ 2026HTSRev11,NA
A+,Generalized System of Preferences,2026_rev_11,reststop General+Note+3 @ 2026HTSRev11,NA
AU,United States-Australia Free Trade Agreement,2026_rev_11,reststop General+Note+3 @ 2026HTSRev11,NA
B,Automotive Products Trade Act,2026_rev_11,reststop General+Note+3 @ 2026HTSRev11,NA
BH,United States-Bahrain Free Trade Agreement Implementation Act,2026_rev_11,reststop General+Note+3 @ 2026HTSRev11,NA
C,Agreement on Trade in Civil Aircraft,2026_rev_11,reststop General+Note+3 @ 2026HTSRev11,NA
CL,United States-Chile Free Trade Agreement,2026_rev_11,reststop General+Note+3 @ 2026HTSRev11,NA
D,African Growth and Opportunity Act,2026_rev_11,reststop General+Note+3 @ 2026HTSRev11,NA
E,Caribbean Basin Economic Recovery Act,2026_rev_11,reststop General+Note+3 @ 2026HTSRev11,NA
E*,Caribbean Basin Economic Recovery Act,2026_rev_11,reststop General+Note+3 @ 2026HTSRev11,NA
IL,United States-Israel Free Trade Area,2026_rev_11,reststop General+Note+3 @ 2026HTSRev11,NA
JO,United States-Jordan Free Trade Area Implementation Act,2026_rev_11,reststop General+Note+3 @ 2026HTSRev11,NA
JP,Trade Agreement Between the United States and Japan,2026_rev_11,reststop General+Note+3 @ 2026HTSRev11,NA
K,Agreement on Trade in Pharmaceutical Products,2026_rev_11,reststop General+Note+3 @ 2026HTSRev11,NA
P,Dominican Republic-Central America-United States Free Trade Agreement Implementation Act,2026_rev_11,reststop General+Note+3 @ 2026HTSRev11,NA
P+,Dominican Republic-Central America-United States Free Trade Agreement Implementation Act,2026_rev_11,reststop General+Note+3 @ 2026HTSRev11,NA
L,Uruguay Round Concessions on Intermediate Chemicals for Dyes,2026_rev_11,reststop General+Note+3 @ 2026HTSRev11,NA
R,United States-Caribbean Basin Trade Partnership Act,2026_rev_11,reststop General+Note+3 @ 2026HTSRev11,NA
MA,United States-Morocco Free Trade Agreement Implementation Act,2026_rev_11,reststop General+Note+3 @ 2026HTSRev11,NA
SG,United States-Singapore Free Trade Agreement,2026_rev_11,reststop General+Note+3 @ 2026HTSRev11,NA
OM,United States-Oman Free Trade Agreement Implementation Act,2026_rev_11,reststop General+Note+3 @ 2026HTSRev11,NA
PE,United States-Peru Trade Promotion Agreement Implementation Act,2026_rev_11,reststop General+Note+3 @ 2026HTSRev11,NA
KR,United States-Korea Free Trade Agreement Implementation Act,2026_rev_11,reststop General+Note+3 @ 2026HTSRev11,NA
CO,United States-Colombia Trade Promotion Agreement Implementation Act,2026_rev_11,reststop General+Note+3 @ 2026HTSRev11,NA
PA,United States-Panama Trade Promotion Agreement Implementation Act,2026_rev_11,reststop General+Note+3 @ 2026HTSRev11,NA
NP,Nepal Preference Program,2026_rev_11,reststop General+Note+3 @ 2026HTSRev11,NA
S,United States-Mexico-Canada Agreement,2026_rev_11,reststop General+Note+3 @ 2026HTSRev11,NA
S+,United States-Mexico-Canada Agreement,2026_rev_11,reststop General+Note+3 @ 2026HTSRev11,NA
A,Generalized System of Preferences,2026_rev_12,reststop General+Note+3 @ 2026HTSRev12,NA
A*,Generalized System of Preferences,2026_rev_12,reststop General+Note+3 @ 2026HTSRev12,NA
A+,Generalized System of Preferences,2026_rev_12,reststop General+Note+3 @ 2026HTSRev12,NA
AU,United States-Australia Free Trade Agreement,2026_rev_12,reststop General+Note+3 @ 2026HTSRev12,NA
B,Automotive Products Trade Act,2026_rev_12,reststop General+Note+3 @ 2026HTSRev12,NA
BH,United States-Bahrain Free Trade Agreement Implementation Act,2026_rev_12,reststop General+Note+3 @ 2026HTSRev12,NA
C,Agreement on Trade in Civil Aircraft,2026_rev_12,reststop General+Note+3 @ 2026HTSRev12,NA
CL,United States-Chile Free Trade Agreement,2026_rev_12,reststop General+Note+3 @ 2026HTSRev12,NA
D,African Growth and Opportunity Act,2026_rev_12,reststop General+Note+3 @ 2026HTSRev12,NA
E,Caribbean Basin Economic Recovery Act,2026_rev_12,reststop General+Note+3 @ 2026HTSRev12,NA
E*,Caribbean Basin Economic Recovery Act,2026_rev_12,reststop General+Note+3 @ 2026HTSRev12,NA
IL,United States-Israel Free Trade Area,2026_rev_12,reststop General+Note+3 @ 2026HTSRev12,NA
JO,United States-Jordan Free Trade Area Implementation Act,2026_rev_12,reststop General+Note+3 @ 2026HTSRev12,NA
JP,Trade Agreement Between the United States and Japan,2026_rev_12,reststop General+Note+3 @ 2026HTSRev12,NA
K,Agreement on Trade in Pharmaceutical Products,2026_rev_12,reststop General+Note+3 @ 2026HTSRev12,NA
P,Dominican Republic-Central America-United States Free Trade Agreement Implementation Act,2026_rev_12,reststop General+Note+3 @ 2026HTSRev12,NA
P+,Dominican Republic-Central America-United States Free Trade Agreement Implementation Act,2026_rev_12,reststop General+Note+3 @ 2026HTSRev12,NA
L,Uruguay Round Concessions on Intermediate Chemicals for Dyes,2026_rev_12,reststop General+Note+3 @ 2026HTSRev12,NA
R,United States-Caribbean Basin Trade Partnership Act,2026_rev_12,reststop General+Note+3 @ 2026HTSRev12,NA
MA,United States-Morocco Free Trade Agreement Implementation Act,2026_rev_12,reststop General+Note+3 @ 2026HTSRev12,NA
SG,United States-Singapore Free Trade Agreement,2026_rev_12,reststop General+Note+3 @ 2026HTSRev12,NA
OM,United States-Oman Free Trade Agreement Implementation Act,2026_rev_12,reststop General+Note+3 @ 2026HTSRev12,NA
PE,United States-Peru Trade Promotion Agreement Implementation Act,2026_rev_12,reststop General+Note+3 @ 2026HTSRev12,NA
KR,United States-Korea Free Trade Agreement Implementation Act,2026_rev_12,reststop General+Note+3 @ 2026HTSRev12,NA
CO,United States-Colombia Trade Promotion Agreement Implementation Act,2026_rev_12,reststop General+Note+3 @ 2026HTSRev12,NA
PA,United States-Panama Trade Promotion Agreement Implementation Act,2026_rev_12,reststop General+Note+3 @ 2026HTSRev12,NA
NP,Nepal Preference Program,2026_rev_12,reststop General+Note+3 @ 2026HTSRev12,NA
S,United States-Mexico-Canada Agreement,2026_rev_12,reststop General+Note+3 @ 2026HTSRev12,NA
S+,United States-Mexico-Canada Agreement,2026_rev_12,reststop General+Note+3 @ 2026HTSRev12,NA
A,Generalized System of Preferences,2026_rev_13,reststop General+Note+3 @ 2026HTSRev13,NA
A*,Generalized System of Preferences,2026_rev_13,reststop General+Note+3 @ 2026HTSRev13,NA
A+,Generalized System of Preferences,2026_rev_13,reststop General+Note+3 @ 2026HTSRev13,NA
AU,United States-Australia Free Trade Agreement,2026_rev_13,reststop General+Note+3 @ 2026HTSRev13,NA
B,Automotive Products Trade Act,2026_rev_13,reststop General+Note+3 @ 2026HTSRev13,NA
BH,United States-Bahrain Free Trade Agreement Implementation Act,2026_rev_13,reststop General+Note+3 @ 2026HTSRev13,NA
C,Agreement on Trade in Civil Aircraft,2026_rev_13,reststop General+Note+3 @ 2026HTSRev13,NA
CL,United States-Chile Free Trade Agreement,2026_rev_13,reststop General+Note+3 @ 2026HTSRev13,NA
D,African Growth and Opportunity Act,2026_rev_13,reststop General+Note+3 @ 2026HTSRev13,NA
E,Caribbean Basin Economic Recovery Act,2026_rev_13,reststop General+Note+3 @ 2026HTSRev13,NA
E*,Caribbean Basin Economic Recovery Act,2026_rev_13,reststop General+Note+3 @ 2026HTSRev13,NA
IL,United States-Israel Free Trade Area,2026_rev_13,reststop General+Note+3 @ 2026HTSRev13,NA
JO,United States-Jordan Free Trade Area Implementation Act,2026_rev_13,reststop General+Note+3 @ 2026HTSRev13,NA
JP,Trade Agreement Between the United States and Japan,2026_rev_13,reststop General+Note+3 @ 2026HTSRev13,NA
K,Agreement on Trade in Pharmaceutical Products,2026_rev_13,reststop General+Note+3 @ 2026HTSRev13,NA
P,Dominican Republic-Central America-United States Free Trade Agreement Implementation Act,2026_rev_13,reststop General+Note+3 @ 2026HTSRev13,NA
P+,Dominican Republic-Central America-United States Free Trade Agreement Implementation Act,2026_rev_13,reststop General+Note+3 @ 2026HTSRev13,NA
L,Uruguay Round Concessions on Intermediate Chemicals for Dyes,2026_rev_13,reststop General+Note+3 @ 2026HTSRev13,NA
R,United States-Caribbean Basin Trade Partnership Act,2026_rev_13,reststop General+Note+3 @ 2026HTSRev13,NA
MA,United States-Morocco Free Trade Agreement Implementation Act,2026_rev_13,reststop General+Note+3 @ 2026HTSRev13,NA
SG,United States-Singapore Free Trade Agreement,2026_rev_13,reststop General+Note+3 @ 2026HTSRev13,NA
OM,United States-Oman Free Trade Agreement Implementation Act,2026_rev_13,reststop General+Note+3 @ 2026HTSRev13,NA
PE,United States-Peru Trade Promotion Agreement Implementation Act,2026_rev_13,reststop General+Note+3 @ 2026HTSRev13,NA
KR,United States-Korea Free Trade Agreement Implementation Act,2026_rev_13,reststop General+Note+3 @ 2026HTSRev13,NA
CO,United States-Colombia Trade Promotion Agreement Implementation Act,2026_rev_13,reststop General+Note+3 @ 2026HTSRev13,NA
PA,United States-Panama Trade Promotion Agreement Implementation Act,2026_rev_13,reststop General+Note+3 @ 2026HTSRev13,NA
NP,Nepal Preference Program,2026_rev_13,reststop General+Note+3 @ 2026HTSRev13,NA
S,United States-Mexico-Canada Agreement,2026_rev_13,reststop General+Note+3 @ 2026HTSRev13,NA
S+,United States-Mexico-Canada Agreement,2026_rev_13,reststop General+Note+3 @ 2026HTSRev13,NA
A,Generalized System of Preferences,2026_rev_14,reststop General+Note+3 @ 2026HTSRev14,NA
A*,Generalized System of Preferences,2026_rev_14,reststop General+Note+3 @ 2026HTSRev14,NA
A+,Generalized System of Preferences,2026_rev_14,reststop General+Note+3 @ 2026HTSRev14,NA
AU,United States-Australia Free Trade Agreement,2026_rev_14,reststop General+Note+3 @ 2026HTSRev14,NA
B,Automotive Products Trade Act,2026_rev_14,reststop General+Note+3 @ 2026HTSRev14,NA
BH,United States-Bahrain Free Trade Agreement Implementation Act,2026_rev_14,reststop General+Note+3 @ 2026HTSRev14,NA
C,Agreement on Trade in Civil Aircraft,2026_rev_14,reststop General+Note+3 @ 2026HTSRev14,NA
CL,United States-Chile Free Trade Agreement,2026_rev_14,reststop General+Note+3 @ 2026HTSRev14,NA
D,African Growth and Opportunity Act,2026_rev_14,reststop General+Note+3 @ 2026HTSRev14,NA
E,Caribbean Basin Economic Recovery Act,2026_rev_14,reststop General+Note+3 @ 2026HTSRev14,NA
E*,Caribbean Basin Economic Recovery Act,2026_rev_14,reststop General+Note+3 @ 2026HTSRev14,NA
IL,United States-Israel Free Trade Area,2026_rev_14,reststop General+Note+3 @ 2026HTSRev14,NA
JO,United States-Jordan Free Trade Area Implementation Act,2026_rev_14,reststop General+Note+3 @ 2026HTSRev14,NA
JP,Trade Agreement Between the United States and Japan,2026_rev_14,reststop General+Note+3 @ 2026HTSRev14,NA
K,Agreement on Trade in Pharmaceutical Products,2026_rev_14,reststop General+Note+3 @ 2026HTSRev14,NA
P,Dominican Republic-Central America-United States Free Trade Agreement Implementation Act,2026_rev_14,reststop General+Note+3 @ 2026HTSRev14,NA
P+,Dominican Republic-Central America-United States Free Trade Agreement Implementation Act,2026_rev_14,reststop General+Note+3 @ 2026HTSRev14,NA
L,Uruguay Round Concessions on Intermediate Chemicals for Dyes,2026_rev_14,reststop General+Note+3 @ 2026HTSRev14,NA
R,United States-Caribbean Basin Trade Partnership Act,2026_rev_14,reststop General+Note+3 @ 2026HTSRev14,NA
MA,United States-Morocco Free Trade Agreement Implementation Act,2026_rev_14,reststop General+Note+3 @ 2026HTSRev14,NA
SG,United States-Singapore Free Trade Agreement,2026_rev_14,reststop General+Note+3 @ 2026HTSRev14,NA
OM,United States-Oman Free Trade Agreement Implementation Act,2026_rev_14,reststop General+Note+3 @ 2026HTSRev14,NA
PE,United States-Peru Trade Promotion Agreement Implementation Act,2026_rev_14,reststop General+Note+3 @ 2026HTSRev14,NA
KR,United States-Korea Free Trade Agreement Implementation Act,2026_rev_14,reststop General+Note+3 @ 2026HTSRev14,NA
CO,United States-Colombia Trade Promotion Agreement Implementation Act,2026_rev_14,reststop General+Note+3 @ 2026HTSRev14,NA
PA,United States-Panama Trade Promotion Agreement Implementation Act,2026_rev_14,reststop General+Note+3 @ 2026HTSRev14,NA
NP,Nepal Preference Program,2026_rev_14,reststop General+Note+3 @ 2026HTSRev14,NA
S,United States-Mexico-Canada Agreement,2026_rev_14,reststop General+Note+3 @ 2026HTSRev14,NA
S+,United States-Mexico-Canada Agreement,2026_rev_14,reststop General+Note+3 @ 2026HTSRev14,NA
A,Generalized System of Preferences,2026_rev_15,reststop General+Note+3 @ 2026HTSRev15,NA
A*,Generalized System of Preferences,2026_rev_15,reststop General+Note+3 @ 2026HTSRev15,NA
A+,Generalized System of Preferences,2026_rev_15,reststop General+Note+3 @ 2026HTSRev15,NA
AU,United States-Australia Free Trade Agreement,2026_rev_15,reststop General+Note+3 @ 2026HTSRev15,NA
B,Automotive Products Trade Act,2026_rev_15,reststop General+Note+3 @ 2026HTSRev15,NA
BH,United States-Bahrain Free Trade Agreement Implementation Act,2026_rev_15,reststop General+Note+3 @ 2026HTSRev15,NA
C,Agreement on Trade in Civil Aircraft,2026_rev_15,reststop General+Note+3 @ 2026HTSRev15,NA
CL,United States-Chile Free Trade Agreement,2026_rev_15,reststop General+Note+3 @ 2026HTSRev15,NA
D,African Growth and Opportunity Act,2026_rev_15,reststop General+Note+3 @ 2026HTSRev15,NA
E,Caribbean Basin Economic Recovery Act,2026_rev_15,reststop General+Note+3 @ 2026HTSRev15,NA
E*,Caribbean Basin Economic Recovery Act,2026_rev_15,reststop General+Note+3 @ 2026HTSRev15,NA
IL,United States-Israel Free Trade Area,2026_rev_15,reststop General+Note+3 @ 2026HTSRev15,NA
JO,United States-Jordan Free Trade Area Implementation Act,2026_rev_15,reststop General+Note+3 @ 2026HTSRev15,NA
JP,Trade Agreement Between the United States and Japan,2026_rev_15,reststop General+Note+3 @ 2026HTSRev15,NA
K,Agreement on Trade in Pharmaceutical Products,2026_rev_15,reststop General+Note+3 @ 2026HTSRev15,NA
P,Dominican Republic-Central America-United States Free Trade Agreement Implementation Act,2026_rev_15,reststop General+Note+3 @ 2026HTSRev15,NA
P+,Dominican Republic-Central America-United States Free Trade Agreement Implementation Act,2026_rev_15,reststop General+Note+3 @ 2026HTSRev15,NA
L,Uruguay Round Concessions on Intermediate Chemicals for Dyes,2026_rev_15,reststop General+Note+3 @ 2026HTSRev15,NA
R,United States-Caribbean Basin Trade Partnership Act,2026_rev_15,reststop General+Note+3 @ 2026HTSRev15,NA
MA,United States-Morocco Free Trade Agreement Implementation Act,2026_rev_15,reststop General+Note+3 @ 2026HTSRev15,NA
SG,United States-Singapore Free Trade Agreement,2026_rev_15,reststop General+Note+3 @ 2026HTSRev15,NA
OM,United States-Oman Free Trade Agreement Implementation Act,2026_rev_15,reststop General+Note+3 @ 2026HTSRev15,NA
PE,United States-Peru Trade Promotion Agreement Implementation Act,2026_rev_15,reststop General+Note+3 @ 2026HTSRev15,NA
KR,United States-Korea Free Trade Agreement Implementation Act,2026_rev_15,reststop General+Note+3 @ 2026HTSRev15,NA
CO,United States-Colombia Trade Promotion Agreement Implementation Act,2026_rev_15,reststop General+Note+3 @ 2026HTSRev15,NA
PA,United States-Panama Trade Promotion Agreement Implementation Act,2026_rev_15,reststop General+Note+3 @ 2026HTSRev15,NA
NP,Nepal Preference Program,2026_rev_15,reststop General+Note+3 @ 2026HTSRev15,NA
S,United States-Mexico-Canada Agreement,2026_rev_15,reststop General+Note+3 @ 2026HTSRev15,NA
S+,United States-Mexico-Canada Agreement,2026_rev_15,reststop General+Note+3 @ 2026HTSRev15,NA
A,Generalized System of Preferences,2026_rev_16,reststop General+Note+3 @ 2026HTSRev16,NA
A*,Generalized System of Preferences,2026_rev_16,reststop General+Note+3 @ 2026HTSRev16,NA
A+,Generalized System of Preferences,2026_rev_16,reststop General+Note+3 @ 2026HTSRev16,NA
AU,United States-Australia Free Trade Agreement,2026_rev_16,reststop General+Note+3 @ 2026HTSRev16,NA
B,Automotive Products Trade Act,2026_rev_16,reststop General+Note+3 @ 2026HTSRev16,NA
BH,United States-Bahrain Free Trade Agreement Implementation Act,2026_rev_16,reststop General+Note+3 @ 2026HTSRev16,NA
C,Agreement on Trade in Civil Aircraft,2026_rev_16,reststop General+Note+3 @ 2026HTSRev16,NA
CL,United States-Chile Free Trade Agreement,2026_rev_16,reststop General+Note+3 @ 2026HTSRev16,NA
D,African Growth and Opportunity Act,2026_rev_16,reststop General+Note+3 @ 2026HTSRev16,NA
E,Caribbean Basin Economic Recovery Act,2026_rev_16,reststop General+Note+3 @ 2026HTSRev16,NA
E*,Caribbean Basin Economic Recovery Act,2026_rev_16,reststop General+Note+3 @ 2026HTSRev16,NA
IL,United States-Israel Free Trade Area,2026_rev_16,reststop General+Note+3 @ 2026HTSRev16,NA
JO,United States-Jordan Free Trade Area Implementation Act,2026_rev_16,reststop General+Note+3 @ 2026HTSRev16,NA
JP,Trade Agreement Between the United States and Japan,2026_rev_16,reststop General+Note+3 @ 2026HTSRev16,NA
K,Agreement on Trade in Pharmaceutical Products,2026_rev_16,reststop General+Note+3 @ 2026HTSRev16,NA
P,Dominican Republic-Central America-United States Free Trade Agreement Implementation Act,2026_rev_16,reststop General+Note+3 @ 2026HTSRev16,NA
P+,Dominican Republic-Central America-United States Free Trade Agreement Implementation Act,2026_rev_16,reststop General+Note+3 @ 2026HTSRev16,NA
L,Uruguay Round Concessions on Intermediate Chemicals for Dyes,2026_rev_16,reststop General+Note+3 @ 2026HTSRev16,NA
R,United States-Caribbean Basin Trade Partnership Act,2026_rev_16,reststop General+Note+3 @ 2026HTSRev16,NA
MA,United States-Morocco Free Trade Agreement Implementation Act,2026_rev_16,reststop General+Note+3 @ 2026HTSRev16,NA
SG,United States-Singapore Free Trade Agreement,2026_rev_16,reststop General+Note+3 @ 2026HTSRev16,NA
OM,United States-Oman Free Trade Agreement Implementation Act,2026_rev_16,reststop General+Note+3 @ 2026HTSRev16,NA
PE,United States-Peru Trade Promotion Agreement Implementation Act,2026_rev_16,reststop General+Note+3 @ 2026HTSRev16,NA
KR,United States-Korea Free Trade Agreement Implementation Act,2026_rev_16,reststop General+Note+3 @ 2026HTSRev16,NA
CO,United States-Colombia Trade Promotion Agreement Implementation Act,2026_rev_16,reststop General+Note+3 @ 2026HTSRev16,NA
PA,United States-Panama Trade Promotion Agreement Implementation Act,2026_rev_16,reststop General+Note+3 @ 2026HTSRev16,NA
NP,Nepal Preference Program,2026_rev_16,reststop General+Note+3 @ 2026HTSRev16,NA
S,United States-Mexico-Canada Agreement,2026_rev_16,reststop General+Note+3 @ 2026HTSRev16,NA
S+,United States-Mexico-Canada Agreement,2026_rev_16,reststop General+Note+3 @ 2026HTSRev16,NA
