hts10,source,effective_date_start,effective_date_end
0106110000,annex_ii,NA,NA
0106120100,annex_ii,NA,NA
0106130000,annex_ii,NA,NA
0106140000,annex_ii,NA,NA
0106193000,annex_ii,NA,NA
0106199100,annex_ii,NA,NA
0106199120,annex_ii,NA,NA
0106199195,annex_ii,NA,NA
0106200000,annex_ii,NA,NA
0106310000,annex_ii,NA,NA
0106320000,annex_ii,NA,NA
0106330000,annex_ii,NA,NA
0106390100,annex_ii,NA,NA
0106900100,annex_ii,NA,NA
0106900110,annex_ii,NA,NA
0106900120,annex_ii,NA,NA
0106900180,annex_ii,NA,NA
0201100500,annex_ii,2025-11-13,NA
0201100510,annex_ii,2025-11-13,NA
0201100590,annex_ii,2025-11-13,NA
0201101000,annex_ii,2025-11-13,NA
0201101010,annex_ii,2025-11-13,NA
0201101090,annex_ii,2025-11-13,NA
0201105000,annex_ii,2025-11-13,NA
0201105010,annex_ii,2025-11-13,NA
0201105090,annex_ii,2025-11-13,NA
0201200200,annex_ii,2025-11-13,NA
0201200400,annex_ii,2025-11-13,NA
0201200600,annex_ii,2025-11-13,NA
0201201000,annex_ii,2025-11-13,NA
0201203000,annex_ii,2025-11-13,NA
0201205000,annex_ii,2025-11-13,NA
0201205015,annex_ii,2025-11-13,NA
0201205025,annex_ii,2025-11-13,NA
0201205035,annex_ii,2025-11-13,NA
0201205045,annex_ii,2025-11-13,NA
0201205065,annex_ii,2025-11-13,NA
0201205075,annex_ii,2025-11-13,NA
0201205091,annex_ii,2025-11-13,NA
0201208000,annex_ii,2025-11-13,NA
0201208010,annex_ii,2025-11-13,NA
0201208090,annex_ii,2025-11-13,NA
0201300200,annex_ii,2025-11-13,NA
0201300400,annex_ii,2025-11-13,NA
0201300600,annex_ii,2025-11-13,NA
0201301000,annex_ii,2025-11-13,NA
0201303000,annex_ii,2025-11-13,NA
0201305000,annex_ii,2025-11-13,NA
0201305015,annex_ii,2025-11-13,NA
0201305025,annex_ii,2025-11-13,NA
0201305035,annex_ii,2025-11-13,NA
0201305045,annex_ii,2025-11-13,NA
0201305055,annex_ii,2025-11-13,NA
0201305065,annex_ii,2025-11-13,NA
0201305075,annex_ii,2025-11-13,NA
0201305085,annex_ii,2025-11-13,NA
0201305091,annex_ii,2025-11-13,NA
0201305097,annex_ii,2025-11-13,NA
0201308000,annex_ii,2025-11-13,NA
0201308010,annex_ii,2025-11-13,NA
0201308090,annex_ii,2025-11-13,NA
0202100500,annex_ii,2025-11-13,NA
0202100510,annex_ii,2025-11-13,NA
0202100590,annex_ii,2025-11-13,NA
0202101000,annex_ii,2025-11-13,NA
0202101010,annex_ii,2025-11-13,NA
0202101090,annex_ii,2025-11-13,NA
0202105000,annex_ii,2025-11-13,NA
0202105010,annex_ii,2025-11-13,NA
0202105090,annex_ii,2025-11-13,NA
0202200200,annex_ii,2025-11-13,NA
0202200400,annex_ii,2025-11-13,NA
0202200600,annex_ii,2025-11-13,NA
0202201000,annex_ii,2025-11-13,NA
0202203000,annex_ii,2025-11-13,NA
0202205000,annex_ii,2025-11-13,NA
0202205025,annex_ii,2025-11-13,NA
0202205035,annex_ii,2025-11-13,NA
0202205045,annex_ii,2025-11-13,NA
0202205090,annex_ii,2025-11-13,NA
0202208000,annex_ii,2025-11-13,NA
0202300200,annex_ii,2025-11-13,NA
0202300400,annex_ii,2025-11-13,NA
0202300600,annex_ii,2025-11-13,NA
0202301000,annex_ii,2025-11-13,NA
0202303000,annex_ii,2025-11-13,NA
0202305000,annex_ii,2025-11-13,NA
0202305015,annex_ii,2025-11-13,NA
0202305025,annex_ii,2025-11-13,NA
0202305035,annex_ii,2025-11-13,NA
0202305045,annex_ii,2025-11-13,NA
0202305055,annex_ii,2025-11-13,NA
0202305065,annex_ii,2025-11-13,NA
0202305075,annex_ii,2025-11-13,NA
0202305085,annex_ii,2025-11-13,NA
0202305091,annex_ii,2025-11-13,NA
0202305097,annex_ii,2025-11-13,NA
0202308000,annex_ii,2025-11-13,NA
0202308015,annex_ii,2025-11-13,NA
0202308025,annex_ii,2025-11-13,NA
0206100000,annex_ii,2025-11-13,NA
0206210000,annex_ii,2025-11-13,NA
0206220000,annex_ii,2025-11-13,NA
0206290000,annex_ii,2025-11-13,NA
0208500000,annex_ii,NA,NA
0208902500,annex_ii,NA,NA
0210200000,annex_ii,2025-11-13,NA
0302310000,annex_ii,NA,NA
0302320000,annex_ii,NA,NA
0304870000,annex_ii,NA,NA
0410100000,annex_ii,NA,NA
0501000000,annex_ii,NA,NA
0508000000,annex_ii,NA,NA
0510004000,annex_ii,NA,NA
0510004010,annex_ii,NA,NA
0510004020,annex_ii,NA,NA
0510004040,annex_ii,NA,NA
0602902000,annex_ii,NA,NA
0603130000,annex_ii,NA,NA
0603130050,annex_ii,NA,NA
0603130060,annex_ii,NA,NA
0702002000,annex_ii,2025-11-13,NA
0702002002,annex_ii,2025-11-13,NA
0702002004,annex_ii,2025-11-13,NA
0702002006,annex_ii,2025-11-13,NA
0702002008,annex_ii,2025-11-13,NA
0702002019,annex_ii,2025-11-13,NA
0702002026,annex_ii,2025-11-13,NA
0702002032,annex_ii,2025-11-13,NA
0702002036,annex_ii,2025-11-13,NA
0702002042,annex_ii,2025-11-13,NA
0702002043,annex_ii,2025-11-13,NA
0702002044,annex_ii,2025-11-13,NA
0702002048,annex_ii,2025-11-13,NA
0702002050,annex_ii,2025-11-13,NA
0702002052,annex_ii,2025-11-13,NA
0702002062,annex_ii,2025-11-13,NA
0702002066,annex_ii,2025-11-13,NA
0702002081,annex_ii,2025-11-13,NA
0702002092,annex_ii,2025-11-13,NA
0702004000,annex_ii,2025-11-13,NA
0702004002,annex_ii,2025-11-13,NA
0702004004,annex_ii,2025-11-13,NA
0702004006,annex_ii,2025-11-13,NA
0702004008,annex_ii,2025-11-13,NA
0702004019,annex_ii,2025-11-13,NA
0702004021,annex_ii,2025-11-13,NA
0702004023,annex_ii,2025-11-13,NA
0702004027,annex_ii,2025-11-13,NA
0702004032,annex_ii,2025-11-13,NA
0702004037,annex_ii,2025-11-13,NA
0702004041,annex_ii,2025-11-13,NA
0702004047,annex_ii,2025-11-13,NA
0702004066,annex_ii,2025-11-13,NA
0702004081,annex_ii,2025-11-13,NA
0702004092,annex_ii,2025-11-13,NA
0702006000,annex_ii,2025-11-13,NA
0702006002,annex_ii,2025-11-13,NA
0702006004,annex_ii,2025-11-13,NA
0702006006,annex_ii,2025-11-13,NA
0702006008,annex_ii,2025-11-13,NA
0702006019,annex_ii,2025-11-13,NA
0702006021,annex_ii,2025-11-13,NA
0702006023,annex_ii,2025-11-13,NA
0702006027,annex_ii,2025-11-13,NA
0702006032,annex_ii,2025-11-13,NA
0702006033,annex_ii,2025-11-13,NA
0702006034,annex_ii,2025-11-13,NA
0702006037,annex_ii,2025-11-13,NA
0702006038,annex_ii,2025-11-13,NA
0702006039,annex_ii,2025-11-13,NA
0702006046,annex_ii,2025-11-13,NA
0702006066,annex_ii,2025-11-13,NA
0702006081,annex_ii,2025-11-13,NA
0702006092,annex_ii,2025-11-13,NA
0709990500,annex_ii,2025-11-13,NA
0709991000,annex_ii,2025-11-13,NA
0710801500,annex_ii,2025-11-13,NA
0711903000,annex_ii,2025-11-13,NA
0712320000,annex_ii,2025-11-13,NA
0712341000,annex_ii,2025-11-13,NA
0712342000,annex_ii,2025-11-13,NA
0713342000,annex_ii,2025-11-13,NA
0713344000,annex_ii,2025-11-13,NA
0714101000,annex_ii,2025-11-13,NA
0714102000,annex_ii,2025-11-13,NA
0714401000,annex_ii,2025-11-13,NA
0714401001,annex_ii,2025-11-13,NA
0714402000,annex_ii,2025-11-13,NA
0714405000,annex_ii,2025-11-13,NA
0714406000,annex_ii,2025-11-13,NA
0714501000,annex_ii,2025-11-13,NA
0714502000,annex_ii,2025-11-13,NA
0714506000,annex_ii,2025-11-13,NA
0714904200,annex_ii,2025-11-13,NA
0714904400,annex_ii,2025-11-13,NA
0714904600,annex_ii,2025-11-13,NA
0714904800,annex_ii,2025-11-13,NA
0714906100,annex_ii,2025-11-13,NA
0801110000,annex_ii,2025-11-13,NA
0801120000,annex_ii,2025-11-13,NA
0801190100,annex_ii,2025-11-13,NA
0801190120,annex_ii,2025-11-13,NA
0801190140,annex_ii,2025-11-13,NA
0801210000,annex_ii,2025-11-13,NA
0801220000,annex_ii,2025-11-13,NA
0801310000,annex_ii,2025-11-13,NA
0801320000,annex_ii,2025-11-13,NA
0802410000,annex_ii,2025-11-13,NA
0802420000,annex_ii,2025-11-13,NA
0802610000,annex_ii,2025-11-13,NA
0802620000,annex_ii,2025-11-13,NA
0802701000,annex_ii,2025-11-13,NA
0802702000,annex_ii,2025-11-13,NA
0802801000,annex_ii,2025-11-13,NA
0802802000,annex_ii,2025-11-13,NA
0802911000,annex_ii,2025-11-13,NA
0802919000,annex_ii,2025-11-13,NA
0802921000,annex_ii,2025-11-13,NA
0802929000,annex_ii,2025-11-13,NA
0803101000,annex_ii,2025-11-13,NA
0803102000,annex_ii,2025-11-13,NA
0803900000,annex_ii,2025-11-13,NA
0803900025,annex_ii,2025-11-13,NA
0803900035,annex_ii,2025-11-13,NA
0803900045,annex_ii,2025-11-13,NA
0804302000,annex_ii,2025-11-13,NA
0804304000,annex_ii,2025-11-13,NA
0804304010,annex_ii,2025-11-13,NA
0804304090,annex_ii,2025-11-13,NA
0804306000,annex_ii,2025-11-13,NA
0804306010,annex_ii,2025-11-13,NA
0804306090,annex_ii,2025-11-13,NA
0804400000,annex_ii,2025-11-13,NA
0804400020,annex_ii,2025-11-13,NA
0804400040,annex_ii,2025-11-13,NA
0804400090,annex_ii,2025-11-13,NA
0804504000,annex_ii,2025-11-13,NA
0804504045,annex_ii,2025-11-13,NA
0804504055,annex_ii,2025-11-13,NA
0804504065,annex_ii,2025-11-13,NA
0804504075,annex_ii,2025-11-13,NA
0804506000,annex_ii,2025-11-13,NA
0804506045,annex_ii,2025-11-13,NA
0804506055,annex_ii,2025-11-13,NA
0804506065,annex_ii,2025-11-13,NA
0804506075,annex_ii,2025-11-13,NA
0804508000,annex_ii,2025-11-13,NA
0804508010,annex_ii,2025-11-13,NA
0804508020,annex_ii,2025-11-13,NA
0804508040,annex_ii,2025-11-13,NA
0804508090,annex_ii,2025-11-13,NA
0805100000,annex_ii,2025-11-13,NA
0805100020,annex_ii,2025-11-13,NA
0805100050,annex_ii,2025-11-13,NA
0805100060,annex_ii,2025-11-13,NA
0805406000,annex_ii,NA,NA
0805503000,annex_ii,2025-11-13,NA
0805503020,annex_ii,2025-11-13,NA
0805503040,annex_ii,2025-11-13,NA
0805504000,annex_ii,2025-11-13,NA
0805900100,annex_ii,NA,NA
0807200000,annex_ii,2025-11-13,NA
0808402000,annex_ii,2025-11-13,NA
0808402015,annex_ii,2025-11-13,NA
0808402025,annex_ii,2025-11-13,NA
0808404000,annex_ii,2025-11-13,NA
0808404015,annex_ii,2025-11-13,NA
0808404025,annex_ii,2025-11-13,NA
0810500000,annex_ii,2025-11-13,NA
0810500010,annex_ii,2025-11-13,NA
0810500090,annex_ii,2025-11-13,NA
0810600000,annex_ii,2025-11-13,NA
0810902700,annex_ii,2025-11-13,NA
0810902730,annex_ii,2025-11-13,NA
0810902760,annex_ii,2025-11-13,NA
0810904600,annex_ii,2025-11-13,NA
0810904620,annex_ii,2025-11-13,NA
0810904630,annex_ii,2025-11-13,NA
0810904640,annex_ii,2025-11-13,NA
0810904650,annex_ii,2025-11-13,NA
0810904660,annex_ii,2025-11-13,NA
0810904670,annex_ii,2025-11-13,NA
0810904675,annex_ii,2025-11-13,NA
0810904680,annex_ii,2025-11-13,NA
0811901000,annex_ii,2025-11-13,NA
0811902500,annex_ii,2025-11-13,NA
0811903000,annex_ii,2025-11-13,NA
0811904000,annex_ii,2025-11-13,NA
0811905000,annex_ii,2025-11-13,NA
0811905010,annex_ii,2025-11-13,NA
0811905090,annex_ii,2025-11-13,NA
0811905200,annex_ii,2025-11-13,NA
0811905210,annex_ii,2025-11-13,NA
0811905290,annex_ii,2025-11-13,NA
0811908000,annex_ii,NA,NA
0811908040,annex_ii,NA,NA
0811908060,annex_ii,NA,NA
0811908085,annex_ii,NA,NA
0811908090,annex_ii,NA,NA
0811908097,annex_ii,NA,NA
0812904000,annex_ii,2025-11-13,NA
0901110000,annex_ii,2025-11-13,NA
0901110015,annex_ii,2025-11-13,NA
0901110025,annex_ii,2025-11-13,NA
0901110035,annex_ii,2025-11-13,NA
0901110040,annex_ii,2025-11-13,NA
0901110050,annex_ii,2025-11-13,NA
0901110065,annex_ii,2025-11-13,NA
0901120000,annex_ii,2025-11-13,NA
0901120020,annex_ii,2025-11-13,NA
0901120035,annex_ii,2025-11-13,NA
0901120040,annex_ii,2025-11-13,NA
0901120055,annex_ii,2025-11-13,NA
0901120060,annex_ii,2025-11-13,NA
0901120075,annex_ii,2025-11-13,NA
0901210000,annex_ii,2025-11-13,NA
0901210015,annex_ii,2025-11-13,NA
0901210020,annex_ii,2025-11-13,NA
0901210025,annex_ii,2025-11-13,NA
0901210029,annex_ii,2025-11-13,NA
0901210040,annex_ii,2025-11-13,NA
0901210049,annex_ii,2025-11-13,NA
0901210055,annex_ii,2025-11-13,NA
0901210065,annex_ii,2025-11-13,NA
0901220000,annex_ii,2025-11-13,NA
0901220035,annex_ii,2025-11-13,NA
0901220040,annex_ii,2025-11-13,NA
0901220050,annex_ii,2025-11-13,NA
0901220055,annex_ii,2025-11-13,NA
0901220065,annex_ii,2025-11-13,NA
0901220070,annex_ii,2025-11-13,NA
0901220075,annex_ii,2025-11-13,NA
0901220080,annex_ii,2025-11-13,NA
0901220090,annex_ii,2025-11-13,NA
0901901000,annex_ii,2025-11-13,NA
0901902000,annex_ii,2025-11-13,NA
0902101000,annex_ii,2025-11-13,NA
0902101015,annex_ii,2025-11-13,NA
0902101050,annex_ii,2025-11-13,NA
0902109000,annex_ii,2025-11-13,NA
0902109015,annex_ii,2025-11-13,NA
0902109050,annex_ii,2025-11-13,NA
0902201000,annex_ii,2025-11-13,NA
0902209000,annex_ii,2025-11-13,NA
0902209015,annex_ii,2025-11-13,NA
0902209050,annex_ii,2025-11-13,NA
0902300000,annex_ii,2025-11-13,NA
0902300015,annex_ii,2025-11-13,NA
0902300050,annex_ii,2025-11-13,NA
0902300090,annex_ii,2025-11-13,NA
0902400000,annex_ii,2025-11-13,NA
0903000000,annex_ii,2025-11-13,NA
0904110000,annex_ii,2025-11-13,NA
0904110020,annex_ii,2025-11-13,NA
0904110040,annex_ii,2025-11-13,NA
0904120000,annex_ii,2025-11-13,NA
0904212000,annex_ii,2025-11-13,NA
0904214000,annex_ii,2025-11-13,NA
0904216000,annex_ii,2025-11-13,NA
0904216010,annex_ii,2025-11-13,NA
0904216020,annex_ii,2025-11-13,NA
0904216090,annex_ii,2025-11-13,NA
0904218000,annex_ii,2025-11-13,NA
0904222000,annex_ii,2025-11-13,NA
0904224000,annex_ii,2025-11-13,NA
0904227300,annex_ii,2025-11-13,NA
0904227600,annex_ii,2025-11-13,NA
0904228000,annex_ii,2025-11-13,NA
0905100000,annex_ii,2025-11-13,NA
0905200000,annex_ii,2025-11-13,NA
0906110000,annex_ii,2025-11-13,NA
0906190000,annex_ii,2025-11-13,NA
0906200000,annex_ii,2025-11-13,NA
0907100000,annex_ii,2025-11-13,NA
0907200000,annex_ii,2025-11-13,NA
0908110000,annex_ii,2025-11-13,NA
0908120000,annex_ii,2025-11-13,NA
0908210000,annex_ii,2025-11-13,NA
0908222000,annex_ii,2025-11-13,NA
0908224000,annex_ii,2025-11-13,NA
0908310000,annex_ii,2025-11-13,NA
0908320000,annex_ii,2025-11-13,NA
0909210000,annex_ii,2025-11-13,NA
0909220000,annex_ii,2025-11-13,NA
0909310000,annex_ii,2025-11-13,NA
0909320000,annex_ii,2025-11-13,NA
0909610000,annex_ii,2025-11-13,NA
0909620000,annex_ii,2025-11-13,NA
0910110000,annex_ii,2025-11-13,NA
0910110010,annex_ii,2025-11-13,NA
0910110015,annex_ii,2025-11-13,NA
0910120000,annex_ii,2025-11-13,NA
0910200000,annex_ii,2025-11-13,NA
0910300000,annex_ii,2025-11-13,NA
0910910000,annex_ii,2025-11-13,NA
0910990700,annex_ii,2025-11-13,NA
0910991000,annex_ii,2025-11-13,NA
0910992000,annex_ii,2025-11-13,NA
0910994000,annex_ii,2025-11-13,NA
0910995000,annex_ii,2025-11-13,NA
0910996000,annex_ii,2025-11-13,NA
1003904000,annex_ii,2025-11-13,NA
1003904020,annex_ii,2025-11-13,NA
1003904030,annex_ii,2025-11-13,NA
1008300000,annex_ii,2025-11-13,NA
1008400000,annex_ii,2025-11-13,NA
1008600000,annex_ii,2025-11-13,NA
1106209000,annex_ii,2025-11-13,NA
1106302000,annex_ii,2025-11-13,NA
1108140000,annex_ii,2025-11-13,NA
1108190000,annex_ii,2025-11-13,NA
1108190010,annex_ii,2025-11-13,NA
1108190090,annex_ii,2025-11-13,NA
1203000000,annex_ii,2025-11-13,NA
1207100000,annex_ii,NA,NA
1207910000,annex_ii,2025-11-13,NA
1211300000,annex_ii,NA,NA
1211600000,annex_ii,NA,NA
1211906000,annex_ii,NA,NA
1211908900,annex_ii,NA,NA
1211908920,annex_ii,NA,NA
1211908931,annex_ii,NA,NA
1211908940,annex_ii,NA,NA
1211908950,annex_ii,NA,NA
1211908980,annex_ii,NA,NA
1211908990,annex_ii,NA,NA
1212210000,annex_ii,NA,NA
1212290000,annex_ii,NA,NA
1212940000,annex_ii,NA,NA
1301200000,annex_ii,NA,NA
1301909100,annex_ii,NA,NA
1301909105,annex_ii,NA,NA
1301909110,annex_ii,NA,NA
1301909120,annex_ii,NA,NA
1301909130,annex_ii,NA,NA
1301909140,annex_ii,NA,NA
1301909190,annex_ii,NA,NA
1302192100,annex_ii,NA,NA
1302199100,annex_ii,NA,NA
1302199120,annex_ii,NA,NA
1302199140,annex_ii,NA,NA
1302310000,annex_ii,NA,NA
1302320000,annex_ii,NA,NA
1302320020,annex_ii,NA,NA
1302320040,annex_ii,NA,NA
1401100000,annex_ii,NA,NA
1401202000,annex_ii,NA,NA
1401202010,annex_ii,NA,NA
1401202090,annex_ii,NA,NA
1401204000,annex_ii,NA,NA
1404903000,annex_ii,NA,NA
1404904000,annex_ii,NA,NA
1404909000,annex_ii,NA,NA
1404909020,annex_ii,NA,NA
1404909040,annex_ii,NA,NA
1404909090,annex_ii,NA,NA
1511100000,annex_ii,NA,NA
1511900000,annex_ii,NA,NA
1513110000,annex_ii,2025-11-13,NA
1513190000,annex_ii,2025-11-13,NA
1513190030,annex_ii,2025-11-13,NA
1513190090,annex_ii,2025-11-13,NA
1513210000,annex_ii,NA,NA
1513290000,annex_ii,NA,NA
1515300000,annex_ii,NA,NA
1515902100,annex_ii,NA,NA
1515906000,annex_ii,NA,NA
1515908100,annex_ii,NA,NA
1515908110,annex_ii,NA,NA
1515908190,annex_ii,NA,NA
1521100000,annex_ii,2025-11-13,NA
1521100020,annex_ii,2025-11-13,NA
1521100040,annex_ii,2025-11-13,NA
1521100060,annex_ii,2025-11-13,NA
1521902000,annex_ii,2025-11-13,NA
1602500500,annex_ii,2025-11-13,NA
1602500700,annex_ii,2025-11-13,NA
1602500720,annex_ii,2025-11-13,NA
1602500740,annex_ii,2025-11-13,NA
1602500800,annex_ii,2025-11-13,NA
1602502100,annex_ii,2025-11-13,NA
1602502120,annex_ii,2025-11-13,NA
1602502140,annex_ii,2025-11-13,NA
1602506000,annex_ii,2025-11-13,NA
1602509000,annex_ii,2025-11-13,NA
1602509020,annex_ii,2025-11-13,NA
1602509040,annex_ii,2025-11-13,NA
1604144000,annex_ii,NA,NA
1801000000,annex_ii,2025-11-13,NA
1801000010,annex_ii,2025-11-13,NA
1801000090,annex_ii,2025-11-13,NA
1802000000,annex_ii,2025-11-13,NA
1803100000,annex_ii,2025-11-13,NA
1803200000,annex_ii,2025-11-13,NA
1804000000,annex_ii,2025-11-13,NA
1805000000,annex_ii,2025-11-13,NA
1903002000,annex_ii,2025-11-13,NA
1903004000,annex_ii,2025-11-13,NA
1905901000,annex_ii,NA,NA
1905901041,annex_ii,NA,NA
1905901049,annex_ii,NA,NA
1905901050,annex_ii,NA,NA
1905901070,annex_ii,NA,NA
1905901090,annex_ii,NA,NA
1905909000,annex_ii,NA,NA
1905909030,annex_ii,NA,NA
1905909060,annex_ii,NA,NA
1905909090,annex_ii,NA,NA
2001904500,annex_ii,2025-11-13,NA
2005916000,annex_ii,2025-11-13,NA
2006004000,annex_ii,2025-11-13,NA
2007994000,annex_ii,2025-11-13,NA
2007995000,annex_ii,2025-11-13,NA
2007995010,annex_ii,2025-11-13,NA
2007995020,annex_ii,2025-11-13,NA
2008191500,annex_ii,2025-11-13,NA
2008200000,annex_ii,2025-11-13,NA
2008200010,annex_ii,2025-11-13,NA
2008200090,annex_ii,2025-11-13,NA
2008910000,annex_ii,2025-11-13,NA
2008991300,annex_ii,2025-11-13,NA
2008991500,annex_ii,2025-11-13,NA
2008992100,annex_ii,NA,NA
2008992120,annex_ii,NA,NA
2008992140,annex_ii,NA,NA
2008994000,annex_ii,2025-11-13,NA
2008994500,annex_ii,2025-11-13,NA
2008999100,annex_ii,2025-11-13,NA
2008999110,annex_ii,2025-11-13,NA
2008999150,annex_ii,2025-11-13,NA
2008999155,annex_ii,2025-11-13,NA
2008999190,annex_ii,2025-11-13,NA
2008999195,annex_ii,2025-11-13,NA
2009110000,annex_ii,2025-11-13,NA
2009110020,annex_ii,2025-11-13,NA
2009110040,annex_ii,2025-11-13,NA
2009110060,annex_ii,2025-11-13,NA
2009122500,annex_ii,2025-11-13,NA
2009124500,annex_ii,2025-11-13,NA
2009190000,annex_ii,2025-11-13,NA
2009316000,annex_ii,NA,NA
2009316020,annex_ii,NA,NA
2009316040,annex_ii,NA,NA
2009316060,annex_ii,NA,NA
2009392000,annex_ii,2025-11-13,NA
2009494000,annex_ii,2025-11-13,NA
2009494020,annex_ii,2025-11-13,NA
2009494040,annex_ii,2025-11-13,NA
2009897000,annex_ii,NA,NA
2009897031,annex_ii,NA,NA
2009897055,annex_ii,NA,NA
2009897065,annex_ii,NA,NA
2009897070,annex_ii,NA,NA
2009897091,annex_ii,NA,NA
2009897095,annex_ii,NA,NA
2009897097,annex_ii,NA,NA
2009897099,annex_ii,NA,NA
2009904000,annex_ii,NA,NA
2101112900,annex_ii,2025-11-13,NA
2101112941,annex_ii,2025-11-13,NA
2101112949,annex_ii,2025-11-13,NA
2101129000,annex_ii,2025-11-13,NA
2101202000,annex_ii,2025-11-13,NA
2101202010,annex_ii,2025-11-13,NA
2101202090,annex_ii,2025-11-13,NA
2101300000,annex_ii,NA,NA
2102206000,annex_ii,NA,NA
2106904800,annex_ii,2025-11-13,NA
2106909900,annex_ii,NA,NA
2106909971,annex_ii,NA,NA
2106909972,annex_ii,NA,NA
2106909973,annex_ii,NA,NA
2106909975,annex_ii,NA,NA
2106909980,annex_ii,NA,NA
2106909985,annex_ii,NA,NA
2106909987,annex_ii,NA,NA
2106909988,annex_ii,NA,NA
2106909990,annex_ii,NA,NA
2106909995,annex_ii,NA,NA
2106909997,annex_ii,NA,NA
2106909998,annex_ii,NA,NA
2202993000,annex_ii,2025-11-13,NA
2202993500,annex_ii,2025-11-13,NA
2306500000,annex_ii,NA,NA
2504101000,annex_ii,2025-09-08,NA
2504105000,annex_ii,NA,NA
2504900000,annex_ii,NA,NA
2510100000,annex_ii,NA,NA
2510200000,annex_ii,NA,NA
2511101000,annex_ii,NA,NA
2511105000,annex_ii,NA,NA
2519100000,annex_ii,NA,NA
2519901000,annex_ii,NA,NA
2519902000,annex_ii,NA,NA
2524900000,annex_ii,NA,NA
2524900010,annex_ii,NA,NA
2524900030,annex_ii,NA,NA
2524900040,annex_ii,NA,NA
2524900045,annex_ii,NA,NA
2524900055,annex_ii,NA,NA
2524900060,annex_ii,NA,NA
2529210000,annex_ii,NA,NA
2529220000,annex_ii,NA,NA
2530201000,annex_ii,NA,NA
2530202000,annex_ii,NA,NA
2530901000,annex_ii,NA,NA
2530902000,annex_ii,NA,NA
2530908000,annex_ii,NA,NA
2530908010,annex_ii,NA,NA
2530908015,annex_ii,NA,NA
2530908050,annex_ii,NA,NA
2602000000,annex_ii,NA,NA
2602000040,annex_ii,NA,NA
2602000060,annex_ii,NA,NA
2603000000,annex_ii,NA,NA
2603000010,annex_ii,NA,NA
2603000020,annex_ii,NA,NA
2603000030,annex_ii,NA,NA
2603000040,annex_ii,NA,NA
2603000050,annex_ii,NA,NA
2604000000,annex_ii,2025-09-08,NA
2604000040,annex_ii,2025-09-08,NA
2604000080,annex_ii,2025-09-08,NA
2605000000,annex_ii,NA,NA
2606000000,annex_ii,NA,NA
2606000030,annex_ii,NA,NA
2606000060,annex_ii,NA,NA
2606000090,annex_ii,NA,NA
2608000000,annex_ii,NA,NA
2608000010,annex_ii,NA,NA
2608000020,annex_ii,NA,NA
2608000030,annex_ii,NA,NA
2608000040,annex_ii,NA,NA
2608000050,annex_ii,NA,NA
2609000000,annex_ii,2025-09-08,NA
2610000000,annex_ii,NA,NA
2610000020,annex_ii,NA,NA
2610000040,annex_ii,NA,NA
2610000060,annex_ii,NA,NA
2611003000,annex_ii,NA,NA
2611006000,annex_ii,NA,NA
2612100000,annex_ii,NA,NA
2612200000,annex_ii,2025-09-08,NA
2613900000,annex_ii,2025-09-08,NA
2614003000,annex_ii,NA,NA
2614006000,annex_ii,NA,NA
2614006020,annex_ii,NA,NA
2614006040,annex_ii,NA,NA
2615903000,annex_ii,NA,NA
2615906000,annex_ii,NA,NA
2615906030,annex_ii,NA,NA
2615906060,annex_ii,NA,NA
2615906090,annex_ii,NA,NA
2616100000,annex_ii,NA,NA
2616100010,annex_ii,NA,NA
2616100020,annex_ii,NA,NA
2616100030,annex_ii,NA,NA
2616100040,annex_ii,NA,NA
2616100080,annex_ii,NA,NA
2617100000,annex_ii,NA,NA
2620300000,annex_ii,NA,NA
2620300010,annex_ii,NA,NA
2620300020,annex_ii,NA,NA
2620300030,annex_ii,NA,NA
2620300040,annex_ii,NA,NA
2620300050,annex_ii,NA,NA
2620995000,annex_ii,NA,NA
2701110000,annex_ii,NA,NA
2701120000,annex_ii,NA,NA
2701120010,annex_ii,NA,NA
2701120050,annex_ii,NA,NA
2701190000,annex_ii,NA,NA
2701190010,annex_ii,NA,NA
2701190050,annex_ii,NA,NA
2701200000,annex_ii,NA,NA
2702100000,annex_ii,NA,NA
2702200000,annex_ii,NA,NA
2703000000,annex_ii,NA,NA
2704000000,annex_ii,NA,NA
2704000011,annex_ii,NA,NA
2704000025,annex_ii,NA,NA
2704000050,annex_ii,NA,NA
2705000000,annex_ii,NA,NA
2706000000,annex_ii,NA,NA
2707100000,annex_ii,NA,NA
2707200000,annex_ii,NA,NA
2707300000,annex_ii,NA,NA
2707300010,annex_ii,NA,NA
2707300020,annex_ii,NA,NA
2707300030,annex_ii,NA,NA
2707300040,annex_ii,NA,NA
2707400000,annex_ii,NA,NA
2707500000,annex_ii,NA,NA
2707910000,annex_ii,NA,NA
2707991000,annex_ii,NA,NA
2707992000,annex_ii,NA,NA
2707994000,annex_ii,NA,NA
2707995100,annex_ii,NA,NA
2707995500,annex_ii,NA,NA
2707995900,annex_ii,NA,NA
2707999000,annex_ii,NA,NA
2707999010,annex_ii,NA,NA
2707999090,annex_ii,NA,NA
2708100000,annex_ii,NA,NA
2708200000,annex_ii,NA,NA
2709001000,annex_ii,NA,NA
2709002000,annex_ii,NA,NA
2709002010,annex_ii,NA,NA
2709002090,annex_ii,NA,NA
2710121500,annex_ii,NA,NA
2710121510,annex_ii,NA,NA
2710121514,annex_ii,NA,NA
2710121519,annex_ii,NA,NA
2710121520,annex_ii,NA,NA
2710121550,annex_ii,NA,NA
2710121800,annex_ii,NA,NA
2710121805,annex_ii,NA,NA
2710121890,annex_ii,NA,NA
2710122500,annex_ii,NA,NA
2710124500,annex_ii,NA,NA
2710124545,annex_ii,NA,NA
2710124560,annex_ii,NA,NA
2710124595,annex_ii,NA,NA
2710129000,annex_ii,NA,NA
2710190600,annex_ii,NA,NA
2710190605,annex_ii,NA,NA
2710190615,annex_ii,NA,NA
2710190625,annex_ii,NA,NA
2710190630,annex_ii,NA,NA
2710190635,annex_ii,NA,NA
2710190650,annex_ii,NA,NA
2710191100,annex_ii,NA,NA
2710191102,annex_ii,NA,NA
2710191103,annex_ii,NA,NA
2710191104,annex_ii,NA,NA
2710191105,annex_ii,NA,NA
2710191107,annex_ii,NA,NA
2710191108,annex_ii,NA,NA
2710191111,annex_ii,NA,NA
2710191113,annex_ii,NA,NA
2710191114,annex_ii,NA,NA
2710191115,annex_ii,NA,NA
2710191125,annex_ii,NA,NA
2710191150,annex_ii,NA,NA
2710191600,annex_ii,NA,NA
2710192400,annex_ii,NA,NA
2710192500,annex_ii,NA,NA
2710192600,annex_ii,NA,NA
2710193000,annex_ii,NA,NA
2710193010,annex_ii,NA,NA
2710193020,annex_ii,NA,NA
2710193030,annex_ii,NA,NA
2710193040,annex_ii,NA,NA
2710193050,annex_ii,NA,NA
2710193070,annex_ii,NA,NA
2710193080,annex_ii,NA,NA
2710193500,annex_ii,NA,NA
2710194000,annex_ii,NA,NA
2710194500,annex_ii,NA,NA
2710194530,annex_ii,NA,NA
2710194540,annex_ii,NA,NA
2710194545,annex_ii,NA,NA
2710194590,annex_ii,NA,NA
2710199000,annex_ii,NA,NA
2710200500,annex_ii,NA,NA
2710200510,annex_ii,NA,NA
2710200520,annex_ii,NA,NA
2710200550,annex_ii,NA,NA
2710201000,annex_ii,NA,NA
2710201002,annex_ii,NA,NA
2710201003,annex_ii,NA,NA
2710201004,annex_ii,NA,NA
2710201005,annex_ii,NA,NA
2710201007,annex_ii,NA,NA
2710201008,annex_ii,NA,NA
2710201011,annex_ii,NA,NA
2710201013,annex_ii,NA,NA
2710201014,annex_ii,NA,NA
2710201015,annex_ii,NA,NA
2710201025,annex_ii,NA,NA
2710201050,annex_ii,NA,NA
2710201500,annex_ii,NA,NA
2710202500,annex_ii,NA,NA
2710910000,annex_ii,NA,NA
2710910010,annex_ii,NA,NA
2710910050,annex_ii,NA,NA
2710990500,annex_ii,NA,NA
2710991000,annex_ii,NA,NA
2710991600,annex_ii,NA,NA
2710992100,annex_ii,NA,NA
2710993100,annex_ii,NA,NA
2710993200,annex_ii,NA,NA
2710993900,annex_ii,NA,NA
2710994500,annex_ii,NA,NA
2710999000,annex_ii,NA,NA
2711110000,annex_ii,NA,NA
2711120000,annex_ii,NA,NA
2711120010,annex_ii,NA,NA
2711120020,annex_ii,NA,NA
2711130000,annex_ii,NA,NA
2711130010,annex_ii,NA,NA
2711130020,annex_ii,NA,NA
2711140000,annex_ii,NA,NA
2711140010,annex_ii,NA,NA
2711140020,annex_ii,NA,NA
2711140030,annex_ii,NA,NA
2711140040,annex_ii,NA,NA
2711190000,annex_ii,NA,NA
2711190010,annex_ii,NA,NA
2711190020,annex_ii,NA,NA
2711210000,annex_ii,NA,NA
2711290000,annex_ii,NA,NA
2711290010,annex_ii,NA,NA
2711290015,annex_ii,NA,NA
2711290020,annex_ii,NA,NA
2711290025,annex_ii,NA,NA
2711290060,annex_ii,NA,NA
2712100000,annex_ii,NA,NA
2712200000,annex_ii,NA,NA
2712901000,annex_ii,NA,NA
2712902000,annex_ii,NA,NA
2713110000,annex_ii,NA,NA
2713120000,annex_ii,NA,NA
2713200000,annex_ii,NA,NA
2713900000,annex_ii,NA,NA
2714100000,annex_ii,NA,NA
2714900000,annex_ii,NA,NA
2715000000,annex_ii,NA,NA
2716000000,annex_ii,NA,NA
2801200000,annex_ii,NA,NA
2804100000,annex_ii,NA,NA
2804290000,annex_ii,NA,NA
2804290010,annex_ii,NA,NA
2804290020,annex_ii,NA,NA
2804290030,annex_ii,NA,NA
2804290055,annex_ii,NA,NA
2804300000,annex_ii,NA,NA
2804500000,annex_ii,NA,NA
2804500010,annex_ii,NA,NA
2804500020,annex_ii,NA,NA
2804610000,annex_ii,NA,NA
2804800000,annex_ii,NA,NA
2804900000,annex_ii,NA,NA
2805191000,annex_ii,NA,NA
2805192000,annex_ii,NA,NA
2805199000,annex_ii,NA,NA
2805199010,annex_ii,NA,NA
2805199090,annex_ii,NA,NA
2805300000,annex_ii,NA,NA
2805300005,annex_ii,NA,NA
2805300010,annex_ii,NA,NA
2805300015,annex_ii,NA,NA
2805300020,annex_ii,NA,NA
2805300050,annex_ii,NA,NA
2805300090,annex_ii,NA,NA
2806100000,annex_ii,NA,NA
2807000000,annex_ii,NA,NA
2809200000,annex_ii,NA,NA
2809200010,annex_ii,NA,NA
2809200020,annex_ii,NA,NA
2809200030,annex_ii,NA,NA
2809200040,annex_ii,NA,NA
2811110000,annex_ii,NA,NA
2811120000,annex_ii,NA,NA
2811191000,annex_ii,NA,NA
2811225000,annex_ii,NA,NA
2811291000,annex_ii,NA,NA
2811292000,annex_ii,NA,NA
2812120000,annex_ii,NA,NA
2812190000,annex_ii,NA,NA
2812190010,annex_ii,NA,NA
2812190090,annex_ii,NA,NA
2813901000,annex_ii,NA,NA
2814100000,annex_ii,NA,NA
2814200000,annex_ii,NA,NA
2815110000,annex_ii,NA,NA
2815120000,annex_ii,NA,NA
2815200000,annex_ii,NA,NA
2815200050,annex_ii,NA,NA
2815200090,annex_ii,NA,NA
2815300000,annex_ii,NA,NA
2816100000,annex_ii,NA,NA
2816401000,annex_ii,NA,NA
2816402000,annex_ii,NA,NA
2817000000,annex_ii,NA,NA
2818101000,annex_ii,NA,NA
2818102000,annex_ii,NA,NA
2818102010,annex_ii,NA,NA
2818102090,annex_ii,NA,NA
2818200000,annex_ii,NA,NA
2818300000,annex_ii,NA,2025-09-07
2820100000,annex_ii,NA,NA
2821100000,annex_ii,NA,NA
2821100010,annex_ii,NA,NA
2821100020,annex_ii,NA,NA
2821100030,annex_ii,NA,NA
2821100040,annex_ii,NA,NA
2821100050,annex_ii,NA,NA
2821200000,annex_ii,NA,NA
2822000000,annex_ii,NA,NA
2822000010,annex_ii,NA,NA
2822000090,annex_ii,NA,NA
2823000000,annex_ii,NA,NA
2825100000,annex_ii,NA,NA
2825200000,annex_ii,NA,NA
2825400000,annex_ii,2025-09-08,NA
2825503000,annex_ii,NA,NA
2825600000,annex_ii,NA,NA
2825600010,annex_ii,NA,NA
2825600020,annex_ii,NA,NA
2825600050,annex_ii,NA,NA
2825800000,annex_ii,NA,NA
2825901500,annex_ii,NA,NA
2825903000,annex_ii,NA,NA
2825909000,annex_ii,NA,NA
2826120000,annex_ii,NA,NA
2826300000,annex_ii,NA,NA
2826909000,annex_ii,NA,NA
2826909010,annex_ii,NA,NA
2826909090,annex_ii,NA,NA
2827310000,annex_ii,NA,NA
2827394500,annex_ii,NA,NA
2827396000,annex_ii,NA,NA
2827396500,annex_ii,NA,NA
2827399000,annex_ii,NA,NA
2827399010,annex_ii,NA,NA
2827399050,annex_ii,NA,NA
2827410000,annex_ii,NA,NA
2827495000,annex_ii,NA,NA
2827595100,annex_ii,NA,NA
2827601000,annex_ii,NA,NA
2827602000,annex_ii,NA,NA
2827605100,annex_ii,NA,NA
2832100000,annex_ii,NA,NA
2832301000,annex_ii,NA,NA
2833115000,annex_ii,NA,NA
2833115010,annex_ii,NA,NA
2833115050,annex_ii,NA,NA
2833190000,annex_ii,NA,NA
2833210000,annex_ii,NA,NA
2833220000,annex_ii,NA,NA
2833240000,annex_ii,2025-09-08,NA
2833250000,annex_ii,NA,NA
2833270000,annex_ii,NA,NA
2833291000,annex_ii,NA,NA
2833294500,annex_ii,NA,NA
2833295100,annex_ii,NA,NA
2833295110,annex_ii,NA,NA
2833295190,annex_ii,NA,NA
2834101000,annex_ii,NA,NA
2834210000,annex_ii,NA,NA
2834292000,annex_ii,NA,NA
2834295100,annex_ii,NA,NA
2835220000,annex_ii,NA,NA
2835240000,annex_ii,NA,NA
2836200000,annex_ii,NA,NA
2836300000,annex_ii,NA,NA
2836402000,annex_ii,NA,NA
2836600000,annex_ii,NA,NA
2836910000,annex_ii,NA,NA
2836910010,annex_ii,NA,NA
2836910050,annex_ii,NA,NA
2836920000,annex_ii,NA,NA
2836991000,annex_ii,NA,NA
2836995000,annex_ii,NA,NA
2836995010,annex_ii,NA,NA
2836995050,annex_ii,NA,NA
2837205100,annex_ii,NA,NA
2841800000,annex_ii,NA,NA
2841800010,annex_ii,NA,NA
2841800020,annex_ii,NA,NA
2841800050,annex_ii,NA,NA
2841902000,annex_ii,NA,NA
2841904000,annex_ii,NA,NA
2842100000,annex_ii,NA,NA
2842909000,annex_ii,NA,NA
2842909010,annex_ii,NA,NA
2842909050,annex_ii,NA,NA
2843290100,annex_ii,NA,NA
2843300000,annex_ii,NA,NA
2843900000,annex_ii,NA,NA
2844101000,annex_ii,NA,NA
2844102000,annex_ii,NA,NA
2844102010,annex_ii,NA,NA
2844102025,annex_ii,NA,NA
2844102055,annex_ii,NA,NA
2844200000,annex_ii,NA,NA
2844200010,annex_ii,NA,NA
2844200020,annex_ii,NA,NA
2844200030,annex_ii,NA,NA
2844200050,annex_ii,NA,NA
2844302000,annex_ii,NA,NA
2844302010,annex_ii,NA,NA
2844302020,annex_ii,NA,NA
2844302050,annex_ii,NA,NA
2844305000,annex_ii,NA,NA
2844305010,annex_ii,NA,NA
2844305050,annex_ii,NA,NA
2844410000,annex_ii,NA,NA
2844420000,annex_ii,NA,NA
2844430000,annex_ii,NA,NA
2844430010,annex_ii,NA,NA
2844430021,annex_ii,NA,NA
2844430028,annex_ii,NA,NA
2844430050,annex_ii,NA,NA
2844440000,annex_ii,NA,NA
2845200000,annex_ii,NA,NA
2845300000,annex_ii,NA,NA
2845900100,annex_ii,NA,NA
2846100000,annex_ii,NA,NA
2846100010,annex_ii,NA,NA
2846100050,annex_ii,NA,NA
2846902000,annex_ii,NA,NA
2846902005,annex_ii,NA,NA
2846902015,annex_ii,NA,NA
2846902040,annex_ii,NA,NA
2846902082,annex_ii,NA,NA
2846902084,annex_ii,NA,NA
2846904000,annex_ii,NA,NA
2846908000,annex_ii,NA,NA
2846908070,annex_ii,NA,NA
2846908075,annex_ii,NA,NA
2846908090,annex_ii,NA,NA
2847000000,annex_ii,NA,NA
2849201000,annex_ii,NA,NA
2849202000,annex_ii,NA,NA
2849903000,annex_ii,NA,NA
2850005000,annex_ii,NA,NA
2853100000,annex_ii,NA,NA
2853901000,annex_ii,NA,NA
2853905000,annex_ii,NA,NA
2853909000,annex_ii,NA,NA
2853909010,annex_ii,NA,NA
2853909090,annex_ii,NA,NA
2901104000,annex_ii,NA,NA
2902190000,annex_ii,NA,NA
2902190010,annex_ii,NA,NA
2902190050,annex_ii,NA,NA
2902903000,annex_ii,NA,NA
2902903010,annex_ii,NA,NA
2902903050,annex_ii,NA,NA
2903120000,annex_ii,NA,NA
2903130000,annex_ii,NA,NA
2903220000,annex_ii,NA,NA
2903411000,annex_ii,NA,NA
2903421000,annex_ii,NA,NA
2903431000,annex_ii,NA,NA
2903441000,annex_ii,NA,NA
2903441010,annex_ii,NA,NA
2903441020,annex_ii,NA,NA
2903441030,annex_ii,NA,NA
2903451000,annex_ii,NA,NA
2903461000,annex_ii,NA,NA
2903471000,annex_ii,NA,NA
2903480000,annex_ii,NA,NA
2903490000,annex_ii,NA,NA
2903511000,annex_ii,2025-09-08,NA
2903591000,annex_ii,NA,NA
2903591010,annex_ii,NA,NA
2903599000,annex_ii,NA,NA
2903691000,annex_ii,NA,NA
2903699000,annex_ii,NA,NA
2903710100,annex_ii,NA,NA
2903770000,annex_ii,NA,NA
2903770010,annex_ii,NA,NA
2903770020,annex_ii,NA,NA
2903770030,annex_ii,NA,NA
2903770040,annex_ii,NA,NA
2903770050,annex_ii,NA,NA
2903770080,annex_ii,NA,NA
2903780000,annex_ii,NA,NA
2903799000,annex_ii,NA,NA
2903799030,annex_ii,NA,NA
2903799070,annex_ii,NA,NA
2903810000,annex_ii,NA,NA
2903891500,annex_ii,NA,NA
2903892000,annex_ii,NA,NA
2903897000,annex_ii,NA,NA
2903897010,annex_ii,NA,NA
2903897090,annex_ii,NA,NA
2903920000,annex_ii,NA,NA
2903930000,annex_ii,NA,NA
2903940000,annex_ii,NA,NA
2903992000,annex_ii,NA,NA
2903998000,annex_ii,NA,NA
2903998001,annex_ii,NA,NA
2904103200,annex_ii,NA,NA
2904105000,annex_ii,NA,NA
2904201000,annex_ii,NA,NA
2904201500,annex_ii,NA,NA
2904202000,annex_ii,NA,NA
2904203000,annex_ii,NA,NA
2904203500,annex_ii,NA,NA
2904204000,annex_ii,NA,NA
2904204500,annex_ii,NA,NA
2904205000,annex_ii,NA,NA
2904990400,annex_ii,NA,NA
2904991500,annex_ii,NA,NA
2904992000,annex_ii,NA,NA
2904993000,annex_ii,NA,NA
2904993500,annex_ii,NA,NA
2904994000,annex_ii,NA,NA
2904994700,annex_ii,NA,NA
2904995000,annex_ii,NA,NA
2905112000,annex_ii,NA,NA
2905112010,annex_ii,NA,NA
2905112015,annex_ii,NA,NA
2905112085,annex_ii,NA,NA
2905120000,annex_ii,NA,NA
2905120010,annex_ii,NA,NA
2905120050,annex_ii,NA,NA
2905130000,annex_ii,NA,NA
2905191000,annex_ii,NA,NA
2905199000,annex_ii,NA,NA
2905199005,annex_ii,NA,NA
2905199010,annex_ii,NA,NA
2905199020,annex_ii,NA,NA
2905199090,annex_ii,NA,NA
2905221000,annex_ii,NA,NA
2905222000,annex_ii,NA,NA
2905225000,annex_ii,NA,NA
2905225010,annex_ii,NA,NA
2905225050,annex_ii,NA,NA
2905299000,annex_ii,NA,NA
2905310000,annex_ii,NA,NA
2905320000,annex_ii,NA,NA
2905399000,annex_ii,NA,NA
2905492000,annex_ii,NA,NA
2905495000,annex_ii,NA,NA
2905495001,annex_ii,NA,NA
2905510000,annex_ii,NA,NA
2905591000,annex_ii,NA,NA
2905599000,annex_ii,NA,NA
2906110000,annex_ii,NA,NA
2906195000,annex_ii,NA,NA
2906296000,annex_ii,NA,NA
2907110000,annex_ii,NA,NA
2907191000,annex_ii,NA,NA
2907192000,annex_ii,NA,NA
2907194000,annex_ii,NA,NA
2907198000,annex_ii,NA,NA
2907299000,annex_ii,NA,NA
2908191000,annex_ii,NA,NA
2908193500,annex_ii,NA,NA
2908196000,annex_ii,NA,NA
2908991200,annex_ii,NA,NA
2908991500,annex_ii,NA,NA
2908992500,annex_ii,NA,NA
2909110000,annex_ii,NA,NA
2909191800,annex_ii,NA,NA
2909196000,annex_ii,NA,NA
2909200000,annex_ii,NA,NA
2909304000,annex_ii,NA,NA
2909306000,annex_ii,NA,NA
2909490500,annex_ii,NA,NA
2909491000,annex_ii,NA,NA
2909491500,annex_ii,NA,NA
2909492000,annex_ii,NA,NA
2909496000,annex_ii,NA,NA
2909502000,annex_ii,NA,NA
2909504000,annex_ii,NA,NA
2909504010,annex_ii,NA,NA
2909504050,annex_ii,NA,NA
2909504500,annex_ii,NA,NA
2909505000,annex_ii,NA,NA
2910100000,annex_ii,NA,NA
2910300000,annex_ii,NA,NA
2910400000,annex_ii,NA,NA
2910500000,annex_ii,NA,NA
2910901000,annex_ii,NA,NA
2910902000,annex_ii,NA,NA
2910909100,annex_ii,NA,NA
2911001000,annex_ii,NA,NA
2911005000,annex_ii,NA,NA
2912195000,annex_ii,NA,NA
2912296000,annex_ii,NA,NA
2912296010,annex_ii,NA,NA
2912296090,annex_ii,NA,NA
2912492600,annex_ii,NA,NA
2912600000,annex_ii,NA,NA
2914111000,annex_ii,NA,NA
2914190000,annex_ii,NA,NA
2914293000,annex_ii,NA,NA
2914295000,annex_ii,NA,NA
2914399000,annex_ii,NA,NA
2914404000,annex_ii,NA,NA
2914409000,annex_ii,NA,NA
2914501000,annex_ii,NA,NA
2914503000,annex_ii,NA,NA
2914505000,annex_ii,NA,NA
2914620000,annex_ii,NA,NA
2914692100,annex_ii,NA,NA
2914699000,annex_ii,NA,NA
2914710000,annex_ii,NA,NA
2914791000,annex_ii,NA,NA
2914794000,annex_ii,NA,NA
2914796000,annex_ii,NA,NA
2914799000,annex_ii,NA,NA
2915210000,annex_ii,NA,NA
2915240000,annex_ii,NA,NA
2915293000,annex_ii,NA,NA
2915295000,annex_ii,NA,NA
2915320000,annex_ii,NA,NA
2915360000,annex_ii,NA,NA
2915391000,annex_ii,NA,NA
2915393100,annex_ii,NA,NA
2915393500,annex_ii,NA,NA
2915394000,annex_ii,NA,NA
2915394500,annex_ii,NA,NA
2915394510,annex_ii,NA,NA
2915394550,annex_ii,NA,NA
2915394700,annex_ii,NA,NA
2915397000,annex_ii,NA,NA
2915399000,annex_ii,NA,NA
2915401000,annex_ii,NA,NA
2915402000,annex_ii,NA,NA
2915403000,annex_ii,NA,NA
2915405000,annex_ii,NA,NA
2915405010,annex_ii,NA,NA
2915405050,annex_ii,NA,NA
2915502000,annex_ii,NA,NA
2915901000,annex_ii,NA,NA
2915901010,annex_ii,NA,NA
2915901050,annex_ii,NA,NA
2915901400,annex_ii,NA,NA
2915901800,annex_ii,NA,NA
2915901810,annex_ii,NA,NA
2915901890,annex_ii,NA,NA
2915902000,annex_ii,NA,NA
2915905000,annex_ii,NA,NA
2915905010,annex_ii,NA,NA
2915905050,annex_ii,NA,NA
2916160000,annex_ii,NA,NA
2916193000,annex_ii,NA,NA
2916195000,annex_ii,NA,NA
2916205000,annex_ii,NA,NA
2916313000,annex_ii,NA,NA
2916315000,annex_ii,NA,NA
2916391500,annex_ii,NA,NA
2916391700,annex_ii,NA,NA
2916394600,annex_ii,NA,NA
2916397900,annex_ii,NA,NA
2917130000,annex_ii,NA,NA
2917130030,annex_ii,NA,NA
2917130090,annex_ii,NA,NA
2917191000,annex_ii,NA,NA
2917191500,annex_ii,NA,NA
2917191700,annex_ii,NA,NA
2917192000,annex_ii,NA,NA
2917192300,annex_ii,NA,NA
2917192700,annex_ii,NA,NA
2917193000,annex_ii,NA,NA
2917193500,annex_ii,NA,NA
2917194000,annex_ii,NA,NA
2917197000,annex_ii,NA,NA
2917197020,annex_ii,NA,NA
2917197050,annex_ii,NA,NA
2917200000,annex_ii,NA,NA
2917340100,annex_ii,NA,NA
2917340110,annex_ii,NA,NA
2917340150,annex_ii,NA,NA
2917370000,annex_ii,NA,NA
2917393000,annex_ii,NA,NA
2918115100,annex_ii,NA,NA
2918120000,annex_ii,NA,NA
2918135000,annex_ii,NA,NA
2918140000,annex_ii,NA,NA
2918165000,annex_ii,NA,NA
2918165010,annex_ii,NA,NA
2918165020,annex_ii,NA,NA
2918165050,annex_ii,NA,NA
2918165090,annex_ii,NA,NA
2918180000,annex_ii,NA,NA
2918191500,annex_ii,NA,NA
2918192000,annex_ii,NA,NA
2918193100,annex_ii,NA,NA
2918196000,annex_ii,NA,NA
2918199000,annex_ii,NA,NA
2918211000,annex_ii,NA,NA
2918221000,annex_ii,NA,NA
2918225000,annex_ii,NA,NA
2918231000,annex_ii,NA,NA
2918233000,annex_ii,NA,NA
2918235000,annex_ii,NA,NA
2918292000,annex_ii,NA,NA
2918292200,annex_ii,NA,NA
2918296500,annex_ii,NA,NA
2918297500,annex_ii,NA,NA
2918301000,annex_ii,NA,NA
2918301500,annex_ii,NA,NA
2918302500,annex_ii,NA,NA
2918303000,annex_ii,NA,NA
2918307000,annex_ii,NA,NA
2918309000,annex_ii,NA,NA
2918990500,annex_ii,NA,NA
2918993000,annex_ii,NA,NA
2918994300,annex_ii,NA,NA
2918994700,annex_ii,NA,NA
2918995000,annex_ii,NA,NA
2919100000,annex_ii,NA,NA
2919903000,annex_ii,NA,NA
2919905000,annex_ii,NA,NA
2919905010,annex_ii,NA,NA
2919905050,annex_ii,NA,NA
2920194000,annex_ii,NA,NA
2920195000,annex_ii,NA,NA
2920210000,annex_ii,NA,NA
2920230000,annex_ii,NA,NA
2920240000,annex_ii,NA,NA
2920290000,annex_ii,NA,NA
2920300000,annex_ii,NA,NA
2920902000,annex_ii,NA,NA
2920905100,annex_ii,NA,NA
2921110000,annex_ii,NA,NA
2921140000,annex_ii,NA,NA
2921191100,annex_ii,NA,NA
2921196100,annex_ii,NA,NA
2921196110,annex_ii,NA,NA
2921196120,annex_ii,NA,NA
2921196130,annex_ii,NA,NA
2921196140,annex_ii,NA,NA
2921196195,annex_ii,NA,NA
2921290000,annex_ii,NA,NA
2921290010,annex_ii,NA,NA
2921290020,annex_ii,NA,NA
2921290030,annex_ii,NA,NA
2921290055,annex_ii,NA,NA
2921301000,annex_ii,NA,NA
2921303000,annex_ii,NA,NA
2921305000,annex_ii,NA,NA
2921411000,annex_ii,NA,NA
2921412000,annex_ii,NA,NA
2921426500,annex_ii,NA,NA
2921429000,annex_ii,NA,NA
2921434000,annex_ii,NA,NA
2921456000,annex_ii,NA,NA
2921459000,annex_ii,NA,NA
2921459010,annex_ii,NA,NA
2921459090,annex_ii,NA,NA
2921460000,annex_ii,NA,NA
2921493800,annex_ii,NA,NA
2921494300,annex_ii,NA,NA
2921494500,annex_ii,NA,NA
2921495000,annex_ii,NA,NA
2921594000,annex_ii,NA,NA
2921598000,annex_ii,NA,NA
2921598010,annex_ii,NA,NA
2921598090,annex_ii,NA,NA
2922110000,annex_ii,NA,NA
2922120000,annex_ii,NA,NA
2922120001,annex_ii,NA,NA
2922140000,annex_ii,NA,NA
2922150000,annex_ii,NA,NA
2922160000,annex_ii,NA,NA
2922170000,annex_ii,NA,NA
2922180000,annex_ii,NA,NA
2922190900,annex_ii,NA,NA
2922192000,annex_ii,NA,NA
2922193300,annex_ii,NA,NA
2922196000,annex_ii,NA,NA
2922197000,annex_ii,NA,NA
2922199000,annex_ii,NA,NA
2922199600,annex_ii,NA,NA
2922199610,annex_ii,NA,NA
2922199619,annex_ii,NA,NA
2922199690,annex_ii,NA,NA
2922211000,annex_ii,NA,NA
2922212500,annex_ii,NA,NA
2922214000,annex_ii,NA,NA
2922215000,annex_ii,NA,NA
2922290300,annex_ii,NA,NA
2922290600,annex_ii,NA,NA
2922290800,annex_ii,NA,NA
2922291000,annex_ii,NA,NA
2922291300,annex_ii,NA,NA
2922291500,annex_ii,NA,NA
2922292000,annex_ii,NA,NA
2922292600,annex_ii,NA,NA
2922292700,annex_ii,NA,NA
2922292900,annex_ii,NA,NA
2922296100,annex_ii,NA,NA
2922298100,annex_ii,NA,NA
2922298110,annex_ii,NA,NA
2922298190,annex_ii,NA,NA
2922310000,annex_ii,NA,NA
2922390500,annex_ii,NA,NA
2922391000,annex_ii,NA,NA
2922391400,annex_ii,NA,NA
2922391700,annex_ii,NA,NA
2922392500,annex_ii,NA,NA
2922394500,annex_ii,NA,NA
2922395000,annex_ii,NA,NA
2922410000,annex_ii,NA,NA
2922410010,annex_ii,NA,NA
2922410090,annex_ii,NA,NA
2922421000,annex_ii,NA,NA
2922425000,annex_ii,NA,NA
2922431000,annex_ii,NA,NA
2922435000,annex_ii,NA,NA
2922440000,annex_ii,NA,NA
2922490500,annex_ii,NA,NA
2922491000,annex_ii,NA,NA
2922492600,annex_ii,NA,NA
2922493000,annex_ii,NA,NA
2922493700,annex_ii,NA,NA
2922494300,annex_ii,NA,NA
2922494900,annex_ii,NA,NA
2922494910,annex_ii,NA,NA
2922494915,annex_ii,NA,NA
2922494950,annex_ii,NA,NA
2922496000,annex_ii,NA,NA
2922498000,annex_ii,NA,NA
2922500700,annex_ii,NA,NA
2922501000,annex_ii,NA,NA
2922501100,annex_ii,NA,NA
2922501300,annex_ii,NA,NA
2922501400,annex_ii,NA,NA
2922501700,annex_ii,NA,NA
2922501900,annex_ii,NA,NA
2922502500,annex_ii,NA,NA
2922503500,annex_ii,NA,NA
2922504000,annex_ii,NA,NA
2922505000,annex_ii,NA,NA
2923100000,annex_ii,NA,NA
2923201000,annex_ii,NA,NA
2923202000,annex_ii,NA,NA
2923202010,annex_ii,NA,NA
2923202050,annex_ii,NA,NA
2923300000,annex_ii,NA,NA
2923400000,annex_ii,NA,NA
2923900100,annex_ii,NA,NA
2924110000,annex_ii,NA,NA
2924120000,annex_ii,NA,NA
2924191100,annex_ii,NA,NA
2924191110,annex_ii,NA,NA
2924191120,annex_ii,NA,NA
2924191130,annex_ii,NA,NA
2924191150,annex_ii,NA,NA
2924198000,annex_ii,NA,NA
2924211600,annex_ii,NA,NA
2924212000,annex_ii,NA,NA
2924214500,annex_ii,NA,NA
2924215000,annex_ii,NA,NA
2924237000,annex_ii,NA,NA
2924237500,annex_ii,NA,NA
2924240000,annex_ii,NA,NA
2924250000,annex_ii,NA,NA
2924290100,annex_ii,2025-09-08,NA
2924290300,annex_ii,2025-09-08,NA
2924290500,annex_ii,NA,NA
2924291000,annex_ii,NA,NA
2924292300,annex_ii,2025-09-08,NA
2924292600,annex_ii,2025-09-08,NA
2924292800,annex_ii,2025-09-08,NA
2924293300,annex_ii,2025-09-08,NA
2924295700,annex_ii,2025-09-08,NA
2924296200,annex_ii,NA,NA
2924296210,annex_ii,NA,NA
2924296220,annex_ii,NA,NA
2924296250,annex_ii,NA,NA
2924296500,annex_ii,NA,NA
2924297100,annex_ii,NA,NA
2924297700,annex_ii,NA,NA
2924297710,annex_ii,NA,NA
2924297720,annex_ii,NA,NA
2924297730,annex_ii,NA,NA
2924297790,annex_ii,NA,NA
2924298000,annex_ii,2025-09-08,NA
2924299500,annex_ii,NA,NA
2925120000,annex_ii,NA,NA
2925194200,annex_ii,NA,NA
2925199100,annex_ii,NA,NA
2925210000,annex_ii,NA,NA
2925291000,annex_ii,NA,NA
2925291800,annex_ii,NA,NA
2925292000,annex_ii,NA,NA
2925296000,annex_ii,NA,NA
2925297000,annex_ii,NA,NA
2925299000,annex_ii,NA,NA
2926301000,annex_ii,NA,NA
2926400000,annex_ii,NA,NA
2926901400,annex_ii,NA,NA
2926904300,annex_ii,NA,NA
2926904800,annex_ii,NA,NA
2926904801,annex_ii,NA,NA
2926905000,annex_ii,2025-09-08,NA
2926905010,annex_ii,2025-09-08,NA
2926905050,annex_ii,2025-09-08,NA
2927004000,annex_ii,NA,NA
2927005000,annex_ii,NA,NA
2928001000,annex_ii,NA,NA
2928001500,annex_ii,NA,NA
2928002500,annex_ii,NA,NA
2928003000,annex_ii,NA,NA
2928005000,annex_ii,NA,NA
2929900500,annex_ii,NA,NA
2929901500,annex_ii,NA,NA
2929902000,annex_ii,NA,NA
2929905000,annex_ii,NA,NA
2929905015,annex_ii,NA,NA
2929905018,annex_ii,NA,NA
2929905020,annex_ii,NA,NA
2929905030,annex_ii,NA,NA
2929905040,annex_ii,NA,NA
2929905095,annex_ii,NA,NA
2930100100,annex_ii,NA,NA
2930202000,annex_ii,NA,NA
2930202010,annex_ii,NA,NA
2930202050,annex_ii,NA,NA
2930209000,annex_ii,NA,NA
2930209010,annex_ii,NA,NA
2930209020,annex_ii,NA,NA
2930209050,annex_ii,NA,NA
2930306000,annex_ii,NA,NA
2930400000,annex_ii,NA,NA
2930600000,annex_ii,NA,NA
2930700000,annex_ii,NA,NA
2930902900,annex_ii,NA,NA
2930904900,annex_ii,NA,NA
2930904910,annex_ii,NA,NA
2930904920,annex_ii,NA,NA
2930904950,annex_ii,NA,NA
2930909200,annex_ii,NA,NA
2930909208,annex_ii,NA,NA
2930909210,annex_ii,NA,NA
2930909212,annex_ii,NA,NA
2930909222,annex_ii,NA,NA
2930909225,annex_ii,NA,NA
2930909231,annex_ii,NA,NA
2930909235,annex_ii,NA,NA
2930909251,annex_ii,NA,NA
2931410000,annex_ii,NA,NA
2931420000,annex_ii,NA,NA
2931430000,annex_ii,NA,NA
2931440000,annex_ii,NA,NA
2931450000,annex_ii,NA,NA
2931460000,annex_ii,NA,NA
2931470000,annex_ii,NA,NA
2931480000,annex_ii,NA,NA
2931490000,annex_ii,NA,NA
2931490005,annex_ii,NA,NA
2931490008,annex_ii,NA,NA
2931490010,annex_ii,NA,NA
2931490015,annex_ii,NA,NA
2931490020,annex_ii,NA,NA
2931490025,annex_ii,NA,NA
2931490055,annex_ii,NA,NA
2931490080,annex_ii,NA,NA
2931510000,annex_ii,NA,NA
2931520000,annex_ii,NA,NA
2931530000,annex_ii,NA,NA
2931540000,annex_ii,NA,NA
2931590000,annex_ii,NA,NA
2931590010,annex_ii,NA,NA
2931590015,annex_ii,NA,NA
2931590020,annex_ii,NA,NA
2931590025,annex_ii,NA,NA
2931590030,annex_ii,NA,NA
2931590035,annex_ii,NA,NA
2931590060,annex_ii,NA,NA
2931590080,annex_ii,NA,NA
2931902200,annex_ii,NA,NA
2931903000,annex_ii,NA,NA
2931906000,annex_ii,NA,NA
2931909000,annex_ii,NA,NA
2931909010,annex_ii,NA,NA
2931909021,annex_ii,NA,NA
2931909025,annex_ii,NA,NA
2931909029,annex_ii,NA,NA
2931909030,annex_ii,NA,NA
2931909035,annex_ii,NA,NA
2931909040,annex_ii,NA,NA
2931909052,annex_ii,NA,NA
2932110000,annex_ii,NA,NA
2932140000,annex_ii,NA,NA
2932191000,annex_ii,NA,NA
2932195100,annex_ii,NA,NA
2932200500,annex_ii,NA,NA
2932202000,annex_ii,NA,NA
2932202500,annex_ii,NA,NA
2932203000,annex_ii,NA,NA
2932204500,annex_ii,NA,NA
2932205000,annex_ii,NA,NA
2932205010,annex_ii,NA,NA
2932205020,annex_ii,NA,NA
2932205030,annex_ii,NA,NA
2932205050,annex_ii,NA,NA
2932950000,annex_ii,NA,NA
2932990400,annex_ii,NA,NA
2932990800,annex_ii,NA,NA
2932992100,annex_ii,NA,NA
2932993200,annex_ii,NA,NA
2932993500,annex_ii,NA,NA
2932993900,annex_ii,NA,NA
2932995500,annex_ii,NA,NA
2932996100,annex_ii,NA,NA
2932997000,annex_ii,NA,NA
2932999000,annex_ii,NA,NA
2932999010,annex_ii,NA,NA
2932999090,annex_ii,NA,NA
2933110000,annex_ii,NA,NA
2933190800,annex_ii,NA,NA
2933193500,annex_ii,NA,NA
2933193700,annex_ii,NA,NA
2933194500,annex_ii,NA,NA
2933199000,annex_ii,NA,NA
2933210000,annex_ii,NA,NA
2933290500,annex_ii,2025-09-08,NA
2933291000,annex_ii,NA,NA
2933292000,annex_ii,NA,NA
2933293500,annex_ii,NA,NA
2933294300,annex_ii,NA,NA
2933294500,annex_ii,NA,NA
2933296000,annex_ii,2025-09-08,NA
2933299000,annex_ii,NA,NA
2933310000,annex_ii,NA,NA
2933330100,annex_ii,NA,NA
2933340000,annex_ii,NA,NA
2933350000,annex_ii,NA,NA
2933360000,annex_ii,NA,NA
2933370000,annex_ii,NA,NA
2933390800,annex_ii,NA,NA
2933391000,annex_ii,NA,NA
2933392000,annex_ii,NA,NA
2933392100,annex_ii,NA,NA
2933392300,annex_ii,NA,NA
2933392500,annex_ii,NA,NA
2933392700,annex_ii,NA,NA
2933393100,annex_ii,NA,NA
2933394100,annex_ii,NA,NA
2933396100,annex_ii,NA,NA
2933396110,annex_ii,NA,NA
2933396120,annex_ii,NA,NA
2933396130,annex_ii,NA,NA
2933396191,annex_ii,NA,NA
2933399200,annex_ii,NA,NA
2933410000,annex_ii,NA,NA
2933490800,annex_ii,NA,NA
2933491000,annex_ii,NA,NA
2933491500,annex_ii,NA,NA
2933491700,annex_ii,NA,NA
2933492000,annex_ii,NA,NA
2933492600,annex_ii,NA,NA
2933493000,annex_ii,NA,NA
2933496000,annex_ii,NA,NA
2933497000,annex_ii,NA,NA
2933521000,annex_ii,NA,NA
2933529000,annex_ii,NA,NA
2933530000,annex_ii,NA,NA
2933540000,annex_ii,NA,NA
2933550000,annex_ii,NA,NA
2933591000,annex_ii,NA,NA
2933591500,annex_ii,NA,NA
2933591800,annex_ii,NA,NA
2933592100,annex_ii,NA,NA
2933592200,annex_ii,NA,NA
2933593600,annex_ii,NA,NA
2933594600,annex_ii,NA,NA
2933595300,annex_ii,NA,NA
2933595900,annex_ii,NA,NA
2933597000,annex_ii,NA,NA
2933598000,annex_ii,NA,NA
2933598500,annex_ii,NA,NA
2933599500,annex_ii,NA,NA
2933695000,annex_ii,NA,NA
2933696000,annex_ii,NA,NA
2933696010,annex_ii,NA,NA
2933696015,annex_ii,NA,NA
2933696021,annex_ii,NA,NA
2933696030,annex_ii,NA,NA
2933696050,annex_ii,NA,NA
2933720000,annex_ii,NA,NA
2933790400,annex_ii,NA,NA
2933790800,annex_ii,NA,NA
2933791500,annex_ii,NA,NA
2933792000,annex_ii,NA,NA
2933793000,annex_ii,NA,NA
2933794000,annex_ii,NA,NA
2933798500,annex_ii,NA,NA
2933910000,annex_ii,NA,NA
2933910010,annex_ii,NA,NA
2933910050,annex_ii,NA,NA
2933990100,annex_ii,NA,NA
2933990200,annex_ii,NA,NA
2933990500,annex_ii,NA,NA
2933990600,annex_ii,NA,NA
2933990800,annex_ii,NA,NA
2933991100,annex_ii,NA,NA
2933991200,annex_ii,NA,NA
2933991400,annex_ii,NA,NA
2933991600,annex_ii,NA,NA
2933991700,annex_ii,NA,NA
2933991701,annex_ii,NA,NA
2933992200,annex_ii,NA,NA
2933992400,annex_ii,NA,NA
2933992600,annex_ii,NA,NA
2933994200,annex_ii,NA,NA
2933994600,annex_ii,NA,NA
2933995100,annex_ii,NA,NA
2933995300,annex_ii,NA,NA
2933995500,annex_ii,NA,NA
2933995510,annex_ii,NA,NA
2933995520,annex_ii,NA,NA
2933995530,annex_ii,NA,NA
2933995590,annex_ii,NA,NA
2933995800,annex_ii,NA,NA
2933996100,annex_ii,NA,NA
2933996500,annex_ii,NA,NA
2933997000,annex_ii,NA,NA
2933997500,annex_ii,NA,NA
2933997900,annex_ii,NA,NA
2933998200,annex_ii,NA,NA
2933998210,annex_ii,NA,NA
2933998220,annex_ii,NA,NA
2933998290,annex_ii,NA,NA
2933998500,annex_ii,NA,NA
2933998900,annex_ii,NA,NA
2933999000,annex_ii,NA,NA
2933999700,annex_ii,NA,NA
2933999701,annex_ii,NA,NA
2934101000,annex_ii,NA,NA
2934102000,annex_ii,NA,NA
2934107000,annex_ii,NA,NA
2934109000,annex_ii,NA,NA
2934204000,annex_ii,NA,NA
2934208000,annex_ii,NA,NA
2934301800,annex_ii,NA,NA
2934302300,annex_ii,NA,NA
2934302700,annex_ii,NA,NA
2934304300,annex_ii,NA,NA
2934305000,annex_ii,NA,NA
2934910000,annex_ii,NA,NA
2934920000,annex_ii,NA,NA
2934990100,annex_ii,NA,NA
2934990300,annex_ii,NA,NA
2934990500,annex_ii,NA,NA
2934990600,annex_ii,NA,NA
2934990700,annex_ii,NA,NA
2934990800,annex_ii,NA,NA
2934990900,annex_ii,NA,NA
2934991100,annex_ii,NA,NA
2934991200,annex_ii,NA,NA
2934991500,annex_ii,NA,NA
2934991600,annex_ii,NA,NA
2934991800,annex_ii,NA,NA
2934992000,annex_ii,NA,NA
2934993000,annex_ii,NA,NA
2934993900,annex_ii,NA,NA
2934994400,annex_ii,NA,NA
2934994700,annex_ii,NA,NA
2934997000,annex_ii,NA,NA
2934999000,annex_ii,NA,NA
2934999001,annex_ii,NA,NA
2935500000,annex_ii,NA,NA
2935900600,annex_ii,NA,NA
2935901000,annex_ii,NA,NA
2935901300,annex_ii,NA,NA
2935901500,annex_ii,NA,NA
2935902000,annex_ii,NA,NA
2935902900,annex_ii,NA,NA
2935903000,annex_ii,NA,NA
2935903200,annex_ii,NA,NA
2935903300,annex_ii,NA,NA
2935904200,annex_ii,NA,NA
2935904800,annex_ii,NA,NA
2935906000,annex_ii,NA,NA
2935907500,annex_ii,NA,NA
2935909500,annex_ii,NA,NA
2936210000,annex_ii,NA,NA
2936220000,annex_ii,NA,NA
2936230000,annex_ii,NA,NA
2936240100,annex_ii,NA,NA
2936250000,annex_ii,NA,NA
2936260000,annex_ii,NA,NA
2936270000,annex_ii,NA,NA
2936280000,annex_ii,NA,NA
2936291000,annex_ii,NA,NA
2936291600,annex_ii,NA,NA
2936291610,annex_ii,NA,NA
2936291620,annex_ii,NA,NA
2936291630,annex_ii,NA,NA
2936292000,annex_ii,NA,NA
2936295000,annex_ii,NA,NA
2936295020,annex_ii,NA,NA
2936295030,annex_ii,NA,NA
2936295050,annex_ii,NA,NA
2936900100,annex_ii,NA,NA
2936900110,annex_ii,NA,NA
2936900150,annex_ii,NA,NA
2937110000,annex_ii,NA,NA
2937120000,annex_ii,NA,NA
2937190000,annex_ii,NA,NA
2937210000,annex_ii,NA,NA
2937210010,annex_ii,NA,NA
2937210020,annex_ii,NA,NA
2937210030,annex_ii,NA,NA
2937210040,annex_ii,NA,NA
2937220000,annex_ii,NA,NA
2937231000,annex_ii,NA,NA
2937231010,annex_ii,NA,NA
2937231020,annex_ii,NA,NA
2937231050,annex_ii,NA,NA
2937232500,annex_ii,NA,NA
2937235000,annex_ii,NA,NA
2937235010,annex_ii,NA,NA
2937235020,annex_ii,NA,NA
2937235050,annex_ii,NA,NA
2937291000,annex_ii,NA,NA
2937299000,annex_ii,NA,NA
2937299020,annex_ii,NA,NA
2937299030,annex_ii,NA,NA
2937299040,annex_ii,NA,NA
2937299050,annex_ii,NA,NA
2937299095,annex_ii,NA,NA
2937500000,annex_ii,NA,NA
2937900500,annex_ii,NA,NA
2937901000,annex_ii,NA,NA
2937902000,annex_ii,NA,NA
2937904000,annex_ii,NA,NA
2937904500,annex_ii,NA,NA
2937909000,annex_ii,NA,NA
2938100000,annex_ii,NA,NA
2938900000,annex_ii,NA,NA
2939110000,annex_ii,NA,NA
2939191000,annex_ii,NA,NA
2939192000,annex_ii,NA,NA
2939195000,annex_ii,NA,NA
2939200000,annex_ii,NA,NA
2939200010,annex_ii,NA,NA
2939200050,annex_ii,NA,NA
2939300000,annex_ii,NA,NA
2939410000,annex_ii,NA,NA
2939420000,annex_ii,NA,NA
2939430000,annex_ii,NA,NA
2939440000,annex_ii,NA,NA
2939450000,annex_ii,NA,NA
2939490300,annex_ii,NA,NA
2939510000,annex_ii,NA,NA
2939590000,annex_ii,NA,NA
2939610000,annex_ii,NA,NA
2939620000,annex_ii,NA,NA
2939630000,annex_ii,NA,NA
2939690000,annex_ii,NA,NA
2939720000,annex_ii,NA,NA
2939790000,annex_ii,NA,NA
2939800000,annex_ii,NA,NA
2939800010,annex_ii,NA,NA
2939800050,annex_ii,NA,NA
2940006000,annex_ii,NA,NA
2941101000,annex_ii,NA,NA
2941102000,annex_ii,NA,NA
2941103000,annex_ii,NA,NA
2941105000,annex_ii,NA,NA
2941201000,annex_ii,NA,NA
2941205000,annex_ii,NA,NA
2941300000,annex_ii,NA,NA
2941400000,annex_ii,NA,NA
2941500000,annex_ii,NA,NA
2941901000,annex_ii,NA,NA
2941901010,annex_ii,NA,NA
2941901050,annex_ii,NA,NA
2941903000,annex_ii,NA,NA
2941905000,annex_ii,NA,NA
2942000300,annex_ii,NA,NA
2942000500,annex_ii,NA,NA
2942001000,annex_ii,NA,NA
2942003500,annex_ii,NA,NA
2942005000,annex_ii,NA,NA
3001200000,annex_ii,NA,NA
3001900100,annex_ii,NA,NA
3001900110,annex_ii,NA,NA
3001900150,annex_ii,NA,NA
3001900165,annex_ii,NA,NA
3001900190,annex_ii,NA,NA
3001900195,annex_ii,NA,NA
3002120000,annex_ii,NA,NA
3002120010,annex_ii,NA,NA
3002120020,annex_ii,NA,NA
3002120030,annex_ii,NA,NA
3002120040,annex_ii,NA,NA
3002120090,annex_ii,NA,NA
3002130000,annex_ii,NA,NA
3002130010,annex_ii,NA,NA
3002130090,annex_ii,NA,NA
3002140000,annex_ii,NA,NA
3002140010,annex_ii,NA,NA
3002140090,annex_ii,NA,NA
3002150000,annex_ii,NA,NA
3002150011,annex_ii,NA,NA
3002150091,annex_ii,NA,NA
3002410000,annex_ii,NA,NA
3002420000,annex_ii,NA,NA
3002490000,annex_ii,NA,NA
3002490010,annex_ii,NA,NA
3002490050,annex_ii,NA,NA
3002510000,annex_ii,NA,NA
3002590000,annex_ii,NA,NA
3002901000,annex_ii,NA,NA
3002905200,annex_ii,NA,NA
3002905210,annex_ii,NA,NA
3002905220,annex_ii,NA,NA
3002905250,annex_ii,NA,NA
3003100000,annex_ii,NA,NA
3003200000,annex_ii,NA,NA
3003310000,annex_ii,NA,NA
3003391000,annex_ii,NA,NA
3003395000,annex_ii,NA,NA
3003410000,annex_ii,NA,NA
3003420000,annex_ii,NA,NA
3003430000,annex_ii,NA,NA
3003490000,annex_ii,NA,NA
3003600000,annex_ii,NA,NA
3003900100,annex_ii,NA,NA
3003900120,annex_ii,NA,NA
3003900140,annex_ii,NA,NA
3003900160,annex_ii,NA,NA
3003900180,annex_ii,NA,NA
3003900190,annex_ii,NA,NA
3004101000,annex_ii,NA,NA
3004101010,annex_ii,NA,NA
3004101020,annex_ii,NA,NA
3004101045,annex_ii,NA,NA
3004105000,annex_ii,NA,NA
3004105010,annex_ii,NA,NA
3004105045,annex_ii,NA,NA
3004105048,annex_ii,NA,NA
3004105049,annex_ii,NA,NA
3004105055,annex_ii,NA,NA
3004105065,annex_ii,NA,NA
3004105075,annex_ii,NA,NA
3004200000,annex_ii,NA,NA
3004200010,annex_ii,NA,NA
3004200020,annex_ii,NA,NA
3004200030,annex_ii,NA,NA
3004200045,annex_ii,NA,NA
3004200055,annex_ii,NA,NA
3004200065,annex_ii,NA,NA
3004200070,annex_ii,NA,NA
3004200071,annex_ii,NA,NA
3004200072,annex_ii,NA,NA
3004200075,annex_ii,NA,NA
3004200076,annex_ii,NA,NA
3004200080,annex_ii,NA,NA
3004200083,annex_ii,NA,NA
3004310000,annex_ii,NA,NA
3004320000,annex_ii,NA,NA
3004320010,annex_ii,NA,NA
3004320040,annex_ii,NA,NA
3004320060,annex_ii,NA,NA
3004390000,annex_ii,NA,NA
3004390010,annex_ii,NA,NA
3004390020,annex_ii,NA,NA
3004390030,annex_ii,NA,NA
3004390040,annex_ii,NA,NA
3004390045,annex_ii,NA,NA
3004390050,annex_ii,NA,NA
3004390055,annex_ii,NA,NA
3004410000,annex_ii,NA,NA
3004420000,annex_ii,NA,NA
3004430000,annex_ii,NA,NA
3004490000,annex_ii,NA,NA
3004490005,annex_ii,NA,NA
3004490010,annex_ii,NA,NA
3004490020,annex_ii,NA,NA
3004490030,annex_ii,NA,NA
3004490040,annex_ii,NA,NA
3004490050,annex_ii,NA,NA
3004490060,annex_ii,NA,NA
3004490070,annex_ii,NA,NA
3004501000,annex_ii,NA,NA
3004502000,annex_ii,NA,NA
3004503000,annex_ii,NA,NA
3004504000,annex_ii,NA,NA
3004505000,annex_ii,NA,NA
3004505005,annex_ii,NA,NA
3004505010,annex_ii,NA,NA
3004505020,annex_ii,NA,NA
3004505030,annex_ii,NA,NA
3004505040,annex_ii,NA,NA
3004600000,annex_ii,NA,NA
3004901000,annex_ii,NA,NA
3004909200,annex_ii,NA,NA
3004909201,annex_ii,NA,NA
3004909202,annex_ii,NA,NA
3004909203,annex_ii,NA,NA
3004909204,annex_ii,NA,NA
3004909205,annex_ii,NA,NA
3004909206,annex_ii,NA,NA
3004909207,annex_ii,NA,NA
3004909208,annex_ii,NA,NA
3004909209,annex_ii,NA,NA
3004909210,annex_ii,NA,NA
3004909211,annex_ii,NA,NA
3004909212,annex_ii,NA,NA
3004909213,annex_ii,NA,NA
3004909214,annex_ii,NA,NA
3004909215,annex_ii,NA,NA
3004909216,annex_ii,NA,NA
3004909217,annex_ii,NA,NA
3004909218,annex_ii,NA,NA
3004909219,annex_ii,NA,NA
3004909220,annex_ii,NA,NA
3004909221,annex_ii,NA,NA
3004909222,annex_ii,NA,NA
3004909223,annex_ii,NA,NA
3004909224,annex_ii,NA,NA
3004909225,annex_ii,NA,NA
3004909226,annex_ii,NA,NA
3004909227,annex_ii,NA,NA
3004909228,annex_ii,NA,NA
3004909229,annex_ii,NA,NA
3004909230,annex_ii,NA,NA
3004909231,annex_ii,NA,NA
3004909232,annex_ii,NA,NA
3004909233,annex_ii,NA,NA
3004909234,annex_ii,NA,NA
3004909235,annex_ii,NA,NA
3004909236,annex_ii,NA,NA
3004909237,annex_ii,NA,NA
3004909238,annex_ii,NA,NA
3004909239,annex_ii,NA,NA
3004909240,annex_ii,NA,NA
3004909241,annex_ii,NA,NA
3004909242,annex_ii,NA,NA
3004909243,annex_ii,NA,NA
3004909244,annex_ii,NA,NA
3004909245,annex_ii,NA,NA
3004909246,annex_ii,NA,NA
3004909247,annex_ii,NA,NA
3004909248,annex_ii,NA,NA
3004909249,annex_ii,NA,NA
3004909250,annex_ii,NA,NA
3004909251,annex_ii,NA,NA
3004909252,annex_ii,NA,NA
3004909253,annex_ii,NA,NA
3004909254,annex_ii,NA,NA
3004909255,annex_ii,NA,NA
3004909256,annex_ii,NA,NA
3004909257,annex_ii,NA,NA
3004909258,annex_ii,NA,NA
3004909259,annex_ii,NA,NA
3004909260,annex_ii,NA,NA
3004909261,annex_ii,NA,NA
3004909262,annex_ii,NA,NA
3004909263,annex_ii,NA,NA
3004909264,annex_ii,NA,NA
3004909265,annex_ii,NA,NA
3004909266,annex_ii,NA,NA
3004909267,annex_ii,NA,NA
3004909268,annex_ii,NA,NA
3004909269,annex_ii,NA,NA
3004909270,annex_ii,NA,NA
3004909271,annex_ii,NA,NA
3004909272,annex_ii,NA,NA
3004909273,annex_ii,NA,NA
3004909274,annex_ii,NA,NA
3004909275,annex_ii,NA,NA
3004909276,annex_ii,NA,NA
3004909280,annex_ii,NA,NA
3004909284,annex_ii,NA,NA
3004909289,annex_ii,NA,NA
3004909291,annex_ii,NA,NA
3006301000,annex_ii,NA,NA
3006305000,annex_ii,NA,NA
3006600000,annex_ii,NA,NA
3006700000,annex_ii,NA,NA
3006920000,annex_ii,NA,NA
3006931000,annex_ii,NA,NA
3006932000,annex_ii,NA,NA
3006935000,annex_ii,NA,NA
3006936000,annex_ii,NA,NA
3006938000,annex_ii,NA,NA
3101000000,annex_ii,2025-11-13,NA
3102100000,annex_ii,2025-11-13,NA
3102100010,annex_ii,2025-11-13,NA
3102100030,annex_ii,2025-11-13,NA
3102100050,annex_ii,2025-11-13,NA
3102210000,annex_ii,2025-11-13,NA
3102290000,annex_ii,2025-11-13,NA
3102300000,annex_ii,2025-11-13,NA
3102400000,annex_ii,2025-11-13,NA
3102500000,annex_ii,2025-11-13,NA
3102600000,annex_ii,2025-11-13,NA
3102800000,annex_ii,2025-11-13,NA
3102900100,annex_ii,2025-11-13,NA
3103110000,annex_ii,2025-11-13,NA
3103190000,annex_ii,2025-11-13,NA
3103900100,annex_ii,2025-11-13,NA
3104200000,annex_ii,NA,NA
3104200010,annex_ii,NA,NA
3104200050,annex_ii,NA,NA
3104300000,annex_ii,NA,NA
3104900100,annex_ii,NA,NA
3105100000,annex_ii,NA,NA
3105200000,annex_ii,NA,NA
3105300000,annex_ii,2025-11-13,NA
3105400000,annex_ii,2025-11-13,NA
3105400010,annex_ii,2025-11-13,NA
3105400050,annex_ii,2025-11-13,NA
3105510000,annex_ii,2025-11-13,NA
3105590000,annex_ii,2025-11-13,NA
3105600000,annex_ii,NA,NA
3105900000,annex_ii,2025-11-13,NA
3105900010,annex_ii,2025-11-13,NA
3105900050,annex_ii,2025-11-13,NA
3203008000,annex_ii,NA,NA
3204136000,annex_ii,NA,NA
3204138000,annex_ii,NA,NA
3204172000,annex_ii,NA,NA
3204180000,annex_ii,NA,NA
3204900000,annex_ii,NA,NA
3206110000,annex_ii,NA,NA
3206190000,annex_ii,NA,NA
3301195100,annex_ii,NA,NA
3301195110,annex_ii,NA,NA
3301195120,annex_ii,NA,NA
3301195150,annex_ii,NA,NA
3301291000,annex_ii,NA,NA
3301295100,annex_ii,NA,NA
3301295103,annex_ii,NA,NA
3301295105,annex_ii,NA,NA
3301295107,annex_ii,NA,NA
3301295109,annex_ii,NA,NA
3301295111,annex_ii,NA,NA
3301295113,annex_ii,NA,NA
3301295115,annex_ii,NA,NA
3301295116,annex_ii,NA,NA
3301295117,annex_ii,NA,NA
3301295118,annex_ii,NA,NA
3301295119,annex_ii,NA,NA
3301295121,annex_ii,NA,NA
3301295125,annex_ii,NA,NA
3301295128,annex_ii,NA,NA
3301295129,annex_ii,NA,NA
3301295133,annex_ii,NA,NA
3301295135,annex_ii,NA,NA
3301295137,annex_ii,NA,NA
3301295139,annex_ii,NA,NA
3301295141,annex_ii,NA,NA
3301295142,annex_ii,NA,NA
3301295143,annex_ii,NA,NA
3301295150,annex_ii,NA,NA
3301300000,annex_ii,NA,NA
3401301000,annex_ii,NA,NA
3402421000,annex_ii,NA,NA
3402422000,annex_ii,NA,NA
3402422010,annex_ii,NA,NA
3402422020,annex_ii,NA,NA
3402422050,annex_ii,NA,NA
3402429000,annex_ii,NA,NA
3402501100,annex_ii,NA,NA
3507907000,annex_ii,NA,NA
3606903000,annex_ii,NA,NA
3802100000,annex_ii,NA,NA
3802100010,annex_ii,NA,NA
3802100020,annex_ii,NA,NA
3802100050,annex_ii,NA,NA
3808594000,annex_ii,NA,NA
3808595000,annex_ii,NA,NA
3808615000,annex_ii,NA,NA
3808941000,annex_ii,NA,NA
3808945000,annex_ii,NA,NA
3808945010,annex_ii,NA,NA
3808945050,annex_ii,NA,NA
3808945080,annex_ii,NA,NA
3808945095,annex_ii,NA,NA
3812310000,annex_ii,NA,NA
3815110000,annex_ii,NA,NA
3815120000,annex_ii,NA,NA
3815120010,annex_ii,NA,NA
3815120090,annex_ii,NA,NA
3815905000,annex_ii,NA,NA
3818000000,annex_ii,NA,NA
3818000010,annex_ii,NA,NA
3818000020,annex_ii,NA,NA
3818000030,annex_ii,NA,NA
3818000095,annex_ii,NA,NA
3823110000,annex_ii,NA,NA
3823120000,annex_ii,NA,NA
3823192000,annex_ii,NA,NA
3823704000,annex_ii,NA,NA
3824810000,annex_ii,NA,NA
3824821000,annex_ii,NA,NA
3824829000,annex_ii,NA,NA
3824830000,annex_ii,NA,NA
3824840000,annex_ii,NA,NA
3824850000,annex_ii,NA,NA
3824860000,annex_ii,NA,NA
3824870000,annex_ii,NA,NA
3824880000,annex_ii,NA,NA
3824890000,annex_ii,NA,NA
3824910000,annex_ii,NA,NA
3824920000,annex_ii,NA,NA
3824992500,annex_ii,NA,NA
3824992900,annex_ii,NA,NA
3824994900,annex_ii,NA,NA
3824995500,annex_ii,NA,NA
3824999300,annex_ii,NA,2025-09-07
3824999310,annex_ii,NA,2025-09-07
3824999320,annex_ii,NA,2025-09-07
3824999330,annex_ii,NA,2025-09-07
3824999361,annex_ii,NA,2025-09-07
3824999386,annex_ii,NA,2025-09-07
3824999397,annex_ii,NA,2025-09-07
3826003000,annex_ii,NA,NA
3827130000,annex_ii,NA,NA
3827140000,annex_ii,NA,NA
3827400000,annex_ii,NA,NA
3901909000,annex_ii,NA,NA
3902900000,annex_ii,NA,NA
3902900010,annex_ii,NA,NA
3902900050,annex_ii,NA,NA
3904610000,annex_ii,NA,NA
3904610010,annex_ii,NA,NA
3904610090,annex_ii,NA,NA
3905911000,annex_ii,NA,NA
3905915000,annex_ii,NA,NA
3905998000,annex_ii,NA,NA
3906905000,annex_ii,NA,NA
3907100000,annex_ii,NA,NA
3907210000,annex_ii,NA,NA
3907290000,annex_ii,NA,2025-09-07
3907300000,annex_ii,NA,2025-09-07
3907610000,annex_ii,NA,2025-09-07
3907610010,annex_ii,NA,2025-09-07
3907610050,annex_ii,NA,2025-09-07
3907690000,annex_ii,NA,2025-09-07
3907690010,annex_ii,NA,2025-09-07
3907690050,annex_ii,NA,2025-09-07
3907700000,annex_ii,NA,NA
3907995000,annex_ii,NA,2025-09-07
3907995010,annex_ii,NA,2025-09-07
3907995050,annex_ii,NA,2025-09-07
3908100000,annex_ii,NA,NA
3908902000,annex_ii,NA,NA
3909100000,annex_ii,NA,NA
3909400000,annex_ii,NA,NA
3910000000,annex_ii,NA,2025-09-07
3911200000,annex_ii,NA,NA
3911902500,annex_ii,NA,NA
3911904500,annex_ii,NA,NA
3911909100,annex_ii,NA,NA
3911909110,annex_ii,NA,NA
3911909150,annex_ii,NA,NA
3912200000,annex_ii,NA,NA
3912310000,annex_ii,NA,NA
3912310010,annex_ii,NA,NA
3912310090,annex_ii,NA,NA
3912390000,annex_ii,NA,NA
3912900000,annex_ii,NA,NA
3912900010,annex_ii,NA,NA
3912900090,annex_ii,NA,NA
3913902000,annex_ii,NA,NA
3913902015,annex_ii,NA,NA
3913902090,annex_ii,NA,NA
3913905000,annex_ii,NA,NA
3914002000,annex_ii,NA,NA
3914006000,annex_ii,NA,NA
3917210000,annex_ii,NA,NA
3917220000,annex_ii,NA,NA
3917230000,annex_ii,NA,NA
3917290000,annex_ii,NA,NA
3917290050,annex_ii,NA,NA
3917290090,annex_ii,NA,NA
3917310000,annex_ii,NA,NA
3917330000,annex_ii,NA,NA
3917390000,annex_ii,NA,NA
3917390010,annex_ii,NA,NA
3917390020,annex_ii,NA,NA
3917390050,annex_ii,NA,NA
3917400000,annex_ii,NA,NA
3917400010,annex_ii,NA,NA
3917400020,annex_ii,NA,NA
3917400030,annex_ii,NA,NA
3917400050,annex_ii,NA,NA
3917400060,annex_ii,NA,NA
3917400080,annex_ii,NA,NA
3917400095,annex_ii,NA,NA
3926904500,annex_ii,NA,NA
3926904510,annex_ii,NA,NA
3926904590,annex_ii,NA,NA
3926909400,annex_ii,NA,NA
3926909600,annex_ii,NA,NA
3926909900,annex_ii,NA,NA
3926909905,annex_ii,NA,NA
3926909910,annex_ii,NA,NA
3926909925,annex_ii,NA,NA
3926909930,annex_ii,NA,NA
3926909940,annex_ii,NA,NA
3926909950,annex_ii,NA,NA
3926909987,annex_ii,NA,NA
3926909989,annex_ii,NA,NA
4001100000,annex_ii,NA,NA
4001210000,annex_ii,NA,NA
4001210010,annex_ii,NA,NA
4001210020,annex_ii,NA,NA
4001210030,annex_ii,NA,NA
4001210050,annex_ii,NA,NA
4001220000,annex_ii,NA,NA
4001220005,annex_ii,NA,NA
4001220010,annex_ii,NA,NA
4001220015,annex_ii,NA,NA
4001220020,annex_ii,NA,NA
4001220025,annex_ii,NA,NA
4001220050,annex_ii,NA,NA
4001290000,annex_ii,NA,NA
4001300000,annex_ii,NA,NA
4001300005,annex_ii,NA,NA
4001300010,annex_ii,NA,NA
4001300020,annex_ii,NA,NA
4001300055,annex_ii,NA,NA
4008292000,annex_ii,NA,NA
4009120000,annex_ii,NA,NA
4009120020,annex_ii,NA,NA
4009120050,annex_ii,NA,NA
4009220000,annex_ii,NA,NA
4009220020,annex_ii,NA,NA
4009220050,annex_ii,NA,NA
4009320000,annex_ii,NA,NA
4009320020,annex_ii,NA,NA
4009320050,annex_ii,NA,NA
4009420000,annex_ii,NA,NA
4009420020,annex_ii,NA,NA
4009420050,annex_ii,NA,NA
4011300000,annex_ii,NA,NA
4011300010,annex_ii,NA,NA
4011300050,annex_ii,NA,NA
4012130000,annex_ii,NA,NA
4012130010,annex_ii,NA,NA
4012130050,annex_ii,NA,NA
4012201000,annex_ii,NA,NA
4012201010,annex_ii,NA,NA
4012201050,annex_ii,NA,NA
4016100000,annex_ii,NA,NA
4016935000,annex_ii,NA,NA
4016935010,annex_ii,NA,NA
4016935020,annex_ii,NA,NA
4016935050,annex_ii,NA,NA
4016993500,annex_ii,NA,NA
4016993510,annex_ii,NA,NA
4016993550,annex_ii,NA,NA
4016996000,annex_ii,NA,NA
4016996010,annex_ii,NA,NA
4016996050,annex_ii,NA,NA
4017000000,annex_ii,NA,NA
4401110000,annex_ii,NA,2025-10-13
4401120000,annex_ii,NA,2025-10-13
4401210000,annex_ii,NA,2025-10-13
4401220000,annex_ii,NA,2025-10-13
4401310000,annex_ii,NA,2025-10-13
4401320000,annex_ii,NA,2025-10-13
4401394210,annex_ii,NA,2025-10-13
4401394220,annex_ii,NA,2025-10-13
4401394290,annex_ii,NA,2025-10-13
4401410000,annex_ii,NA,2025-10-13
4401490020,annex_ii,NA,2025-10-13
4401490090,annex_ii,NA,2025-10-13
4402100000,annex_ii,NA,2025-10-13
4402200000,annex_ii,NA,2025-10-13
4402900100,annex_ii,NA,2025-10-13
4403110020,annex_ii,NA,2025-10-13
4403110040,annex_ii,NA,2025-10-13
4403110050,annex_ii,NA,2025-10-13
4403110060,annex_ii,NA,2025-10-13
4403120020,annex_ii,NA,2025-10-13
4403120040,annex_ii,NA,2025-10-13
4403120050,annex_ii,NA,2025-10-13
4403120060,annex_ii,NA,2025-10-13
4403210112,annex_ii,NA,2025-10-13
4403210115,annex_ii,NA,2025-10-13
4403210116,annex_ii,NA,2025-10-13
4403210120,annex_ii,NA,2025-10-13
4403210125,annex_ii,NA,2025-10-13
4403210130,annex_ii,NA,2025-10-13
4403210165,annex_ii,NA,2025-10-13
4403220108,annex_ii,NA,2025-10-13
4403220112,annex_ii,NA,2025-10-13
4403220115,annex_ii,NA,2025-10-13
4403220116,annex_ii,NA,2025-10-13
4403220120,annex_ii,NA,2025-10-13
4403220125,annex_ii,NA,2025-10-13
4403220130,annex_ii,NA,2025-10-13
4403220165,annex_ii,NA,2025-10-13
4403230112,annex_ii,NA,2025-10-13
4403230115,annex_ii,NA,2025-10-13
4403230116,annex_ii,NA,2025-10-13
4403230135,annex_ii,NA,2025-10-13
4403230142,annex_ii,NA,2025-10-13
4403230165,annex_ii,NA,2025-10-13
4403240104,annex_ii,NA,2025-10-13
4403240112,annex_ii,NA,2025-10-13
4403240115,annex_ii,NA,2025-10-13
4403240116,annex_ii,NA,2025-10-13
4403240135,annex_ii,NA,2025-10-13
4403240142,annex_ii,NA,2025-10-13
4403240165,annex_ii,NA,2025-10-13
4403250112,annex_ii,NA,2025-10-13
4403250115,annex_ii,NA,2025-10-13
4403250116,annex_ii,NA,2025-10-13
4403250140,annex_ii,NA,2025-10-13
4403250150,annex_ii,NA,2025-10-13
4403250152,annex_ii,NA,2025-10-13
4403250155,annex_ii,NA,2025-10-13
4403250157,annex_ii,NA,2025-10-13
4403250164,annex_ii,NA,2025-10-13
4403250165,annex_ii,NA,2025-10-13
4403260108,annex_ii,NA,2025-10-13
4403260112,annex_ii,NA,2025-10-13
4403260115,annex_ii,NA,2025-10-13
4403260116,annex_ii,NA,2025-10-13
4403260140,annex_ii,NA,2025-10-13
4403260150,annex_ii,NA,2025-10-13
4403260152,annex_ii,NA,2025-10-13
4403260155,annex_ii,NA,2025-10-13
4403260157,annex_ii,NA,2025-10-13
4403260164,annex_ii,NA,2025-10-13
4403260165,annex_ii,NA,2025-10-13
4403410000,annex_ii,NA,NA
4403420000,annex_ii,NA,NA
4403490200,annex_ii,NA,NA
4403910000,annex_ii,NA,2025-10-13
4403910020,annex_ii,NA,2025-10-13
4403910040,annex_ii,NA,2025-10-13
4403930100,annex_ii,NA,2025-10-13
4403940100,annex_ii,NA,2025-10-13
4403950127,annex_ii,NA,2025-10-13
4403950130,annex_ii,NA,2025-10-13
4403960123,annex_ii,NA,2025-10-13
4403960127,annex_ii,NA,2025-10-13
4403960130,annex_ii,NA,2025-10-13
4403970022,annex_ii,NA,2025-10-13
4403970026,annex_ii,NA,2025-10-13
4403970065,annex_ii,NA,2025-10-13
4403970067,annex_ii,NA,2025-10-13
4403980023,annex_ii,NA,2025-10-13
4403980028,annex_ii,NA,2025-10-13
4403980095,annex_ii,NA,2025-10-13
4403990123,annex_ii,NA,2025-10-13
4403990128,annex_ii,NA,2025-10-13
4403990140,annex_ii,NA,2025-10-13
4403990150,annex_ii,NA,2025-10-13
4403990155,annex_ii,NA,2025-10-13
4403990160,annex_ii,NA,2025-10-13
4403990170,annex_ii,NA,2025-10-13
4403990175,annex_ii,NA,2025-10-13
4403990195,annex_ii,NA,2025-10-13
4404100040,annex_ii,NA,2025-10-13
4404100080,annex_ii,NA,2025-10-13
4404100090,annex_ii,NA,2025-10-13
4404200040,annex_ii,NA,2025-10-13
4404200080,annex_ii,NA,2025-10-13
4404200090,annex_ii,NA,2025-10-13
4405000000,annex_ii,NA,2025-10-13
4406110000,annex_ii,NA,2025-10-13
4406120000,annex_ii,NA,2025-10-13
4406910000,annex_ii,NA,2025-10-13
4406920000,annex_ii,NA,2025-10-13
4407110001,annex_ii,NA,2025-10-13
4407110002,annex_ii,NA,2025-10-13
4407110042,annex_ii,NA,2025-10-13
4407110043,annex_ii,NA,2025-10-13
4407110044,annex_ii,NA,2025-10-13
4407110045,annex_ii,NA,2025-10-13
4407110046,annex_ii,NA,2025-10-13
4407110047,annex_ii,NA,2025-10-13
4407110048,annex_ii,NA,2025-10-13
4407110049,annex_ii,NA,2025-10-13
4407110052,annex_ii,NA,2025-10-13
4407110053,annex_ii,NA,2025-10-13
4407120001,annex_ii,NA,2025-10-13
4407120002,annex_ii,NA,2025-10-13
4407120017,annex_ii,NA,2025-10-13
4407120018,annex_ii,NA,2025-10-13
4407120019,annex_ii,NA,2025-10-13
4407120020,annex_ii,NA,2025-10-13
4407120058,annex_ii,NA,2025-10-13
4407120059,annex_ii,NA,2025-10-13
4407130000,annex_ii,NA,2025-10-13
4407140000,annex_ii,NA,2025-10-13
4407190001,annex_ii,NA,2025-10-13
4407190002,annex_ii,NA,2025-10-13
4407190054,annex_ii,NA,2025-10-13
4407190055,annex_ii,NA,2025-10-13
4407190056,annex_ii,NA,2025-10-13
4407190057,annex_ii,NA,2025-10-13
4407190064,annex_ii,NA,2025-10-13
4407190065,annex_ii,NA,2025-10-13
4407190066,annex_ii,NA,2025-10-13
4407190067,annex_ii,NA,2025-10-13
4407190068,annex_ii,NA,2025-10-13
4407190069,annex_ii,NA,2025-10-13
4407190074,annex_ii,NA,2025-10-13
4407190075,annex_ii,NA,2025-10-13
4407190076,annex_ii,NA,2025-10-13
4407190077,annex_ii,NA,2025-10-13
4407190082,annex_ii,NA,2025-10-13
4407190083,annex_ii,NA,2025-10-13
4407190092,annex_ii,NA,2025-10-13
4407190093,annex_ii,NA,2025-10-13
4407210000,annex_ii,NA,NA
4407220000,annex_ii,NA,NA
4407220006,annex_ii,NA,NA
4407220091,annex_ii,NA,NA
4407230100,annex_ii,NA,NA
4407250000,annex_ii,NA,NA
4407260000,annex_ii,NA,NA
4407270000,annex_ii,NA,NA
4407280000,annex_ii,NA,NA
4407290200,annex_ii,NA,NA
4407290206,annex_ii,NA,NA
4407290211,annex_ii,NA,NA
4407290216,annex_ii,NA,NA
4407290220,annex_ii,NA,NA
4407290240,annex_ii,NA,NA
4407290260,annex_ii,NA,NA
4407290285,annex_ii,NA,NA
4407290296,annex_ii,NA,NA
4407910022,annex_ii,NA,2025-10-13
4407910063,annex_ii,NA,2025-10-13
4407920000,annex_ii,NA,2025-10-13
4407930000,annex_ii,NA,2025-10-13
4407930010,annex_ii,NA,2025-10-13
4407930020,annex_ii,NA,2025-10-13
4407940000,annex_ii,NA,2025-10-13
4407950000,annex_ii,NA,2025-10-13
4407960000,annex_ii,NA,2025-10-13
4407960011,annex_ii,NA,2025-10-13
4407960013,annex_ii,NA,2025-10-13
4407960019,annex_ii,NA,2025-10-13
4407970000,annex_ii,NA,2025-10-13
4407970072,annex_ii,NA,2025-10-13
4407970079,annex_ii,NA,2025-10-13
4407990200,annex_ii,NA,2025-10-13
4407990242,annex_ii,NA,2025-10-13
4407990261,annex_ii,NA,2025-10-13
4407990263,annex_ii,NA,2025-10-13
4407990295,annex_ii,NA,2025-10-13
4408100100,annex_ii,NA,2025-10-13
4408100125,annex_ii,NA,2025-10-13
4408100145,annex_ii,NA,2025-10-13
4408310100,annex_ii,NA,NA
4408390200,annex_ii,NA,NA
4408390210,annex_ii,NA,NA
4408390220,annex_ii,NA,NA
4408390230,annex_ii,NA,NA
4408390240,annex_ii,NA,NA
4408390250,annex_ii,NA,NA
4408390260,annex_ii,NA,NA
4408390270,annex_ii,NA,NA
4408390291,annex_ii,NA,NA
4408900100,annex_ii,NA,2025-10-13
4408900105,annex_ii,NA,2025-10-13
4408900110,annex_ii,NA,2025-10-13
4408900115,annex_ii,NA,2025-10-13
4408900121,annex_ii,NA,2025-10-13
4408900131,annex_ii,NA,2025-10-13
4408900137,annex_ii,NA,2025-10-13
4408900145,annex_ii,NA,2025-10-13
4408900151,annex_ii,NA,2025-10-13
4408900156,annex_ii,NA,2025-10-13
4408900161,annex_ii,NA,2025-10-13
4408900166,annex_ii,NA,2025-10-13
4408900171,annex_ii,NA,2025-10-13
4408900176,annex_ii,NA,2025-10-13
4408900181,annex_ii,NA,2025-10-13
4408900187,annex_ii,NA,2025-10-13
4408900197,annex_ii,NA,2025-10-13
4409100500,annex_ii,NA,2025-10-13
4409101020,annex_ii,NA,2025-10-13
4409101040,annex_ii,NA,2025-10-13
4409101060,annex_ii,NA,2025-10-13
4409101080,annex_ii,NA,2025-10-13
4409102000,annex_ii,NA,2025-10-13
4409104010,annex_ii,NA,2025-10-13
4409104090,annex_ii,NA,2025-10-13
4409104500,annex_ii,NA,2025-10-13
4409105000,annex_ii,NA,2025-10-13
4409106000,annex_ii,NA,2025-10-13
4409106500,annex_ii,NA,2025-10-13
4409109020,annex_ii,NA,2025-10-13
4409109040,annex_ii,NA,2025-10-13
4409210500,annex_ii,NA,2025-10-13
4409219000,annex_ii,NA,2025-10-13
4409220500,annex_ii,NA,2025-10-13
4409220515,annex_ii,NA,2025-10-13
4409220520,annex_ii,NA,2025-10-13
4409220535,annex_ii,NA,2025-10-13
4409220545,annex_ii,NA,2025-10-13
4409220560,annex_ii,NA,2025-10-13
4409220590,annex_ii,NA,2025-10-13
4409221000,annex_ii,NA,2025-10-13
4409222500,annex_ii,NA,2025-10-13
4409224000,annex_ii,NA,2025-10-13
4409225000,annex_ii,NA,2025-10-13
4409225020,annex_ii,NA,2025-10-13
4409225040,annex_ii,NA,2025-10-13
4409225060,annex_ii,NA,2025-10-13
4409225090,annex_ii,NA,2025-10-13
4409226000,annex_ii,NA,2025-10-13
4409226500,annex_ii,NA,2025-10-13
4409229000,annex_ii,NA,2025-10-13
4409229020,annex_ii,NA,2025-10-13
4409229030,annex_ii,NA,2025-10-13
4409229045,annex_ii,NA,2025-10-13
4409229060,annex_ii,NA,2025-10-13
4409229090,annex_ii,NA,2025-10-13
4409290655,annex_ii,NA,2025-10-13
4409290665,annex_ii,NA,2025-10-13
4409291100,annex_ii,NA,2025-10-13
4409292630,annex_ii,NA,2025-10-13
4409292650,annex_ii,NA,2025-10-13
4409292660,annex_ii,NA,2025-10-13
4409294100,annex_ii,NA,2025-10-13
4409295100,annex_ii,NA,2025-10-13
4409296100,annex_ii,NA,2025-10-13
4409296600,annex_ii,NA,2025-10-13
4409299100,annex_ii,NA,2025-10-13
4410110010,annex_ii,NA,2025-10-13
4410110020,annex_ii,NA,2025-10-13
4410110030,annex_ii,NA,2025-10-13
4410110060,annex_ii,NA,2025-10-13
4410120010,annex_ii,NA,2025-10-13
4410120020,annex_ii,NA,2025-10-13
4410190010,annex_ii,NA,2025-10-13
4410190020,annex_ii,NA,2025-10-13
4410190030,annex_ii,NA,2025-10-13
4410190060,annex_ii,NA,2025-10-13
4410900000,annex_ii,NA,2025-10-13
4411121000,annex_ii,NA,2025-10-13
4411122000,annex_ii,NA,2025-10-13
4411123000,annex_ii,NA,2025-10-13
4411126000,annex_ii,NA,2025-10-13
4411129010,annex_ii,NA,2025-10-13
4411129090,annex_ii,NA,2025-10-13
4411131000,annex_ii,NA,2025-10-13
4411132000,annex_ii,NA,2025-10-13
4411133000,annex_ii,NA,2025-10-13
4411136000,annex_ii,NA,2025-10-13
4411139010,annex_ii,NA,2025-10-13
4411139090,annex_ii,NA,2025-10-13
4411141000,annex_ii,NA,2025-10-13
4411142000,annex_ii,NA,2025-10-13
4411143000,annex_ii,NA,2025-10-13
4411146000,annex_ii,NA,2025-10-13
4411149010,annex_ii,NA,2025-10-13
4411149090,annex_ii,NA,2025-10-13
4411921000,annex_ii,NA,2025-10-13
4411922000,annex_ii,NA,2025-10-13
4411923000,annex_ii,NA,2025-10-13
4411924000,annex_ii,NA,2025-10-13
4411931000,annex_ii,NA,2025-10-13
4411932000,annex_ii,NA,2025-10-13
4411933000,annex_ii,NA,2025-10-13
4411936000,annex_ii,NA,2025-10-13
4411939010,annex_ii,NA,2025-10-13
4411939090,annex_ii,NA,2025-10-13
4411940010,annex_ii,NA,2025-10-13
4411940020,annex_ii,NA,2025-10-13
4411940030,annex_ii,NA,2025-10-13
4411940040,annex_ii,NA,2025-10-13
4411940050,annex_ii,NA,2025-10-13
4411940060,annex_ii,NA,2025-10-13
4411940070,annex_ii,NA,2025-10-13
4411940080,annex_ii,NA,2025-10-13
4412100500,annex_ii,NA,2025-10-13
4412109000,annex_ii,NA,2025-10-13
4412310600,annex_ii,NA,2025-10-13
4412310620,annex_ii,NA,2025-10-13
4412310640,annex_ii,NA,2025-10-13
4412310660,annex_ii,NA,2025-10-13
4412312600,annex_ii,NA,2025-10-13
4412312610,annex_ii,NA,2025-10-13
4412312620,annex_ii,NA,2025-10-13
4412314200,annex_ii,NA,2025-10-13
4412314500,annex_ii,NA,2025-10-13
4412314800,annex_ii,NA,2025-10-13
4412314850,annex_ii,NA,2025-10-13
4412314860,annex_ii,NA,2025-10-13
4412314863,annex_ii,NA,2025-10-13
4412314866,annex_ii,NA,2025-10-13
4412314869,annex_ii,NA,2025-10-13
4412314875,annex_ii,NA,2025-10-13
4412314880,annex_ii,NA,2025-10-13
4412315200,annex_ii,NA,2025-10-13
4412315225,annex_ii,NA,2025-10-13
4412315235,annex_ii,NA,2025-10-13
4412315255,annex_ii,NA,2025-10-13
4412315260,annex_ii,NA,2025-10-13
4412315262,annex_ii,NA,2025-10-13
4412315264,annex_ii,NA,2025-10-13
4412315266,annex_ii,NA,2025-10-13
4412315268,annex_ii,NA,2025-10-13
4412315270,annex_ii,NA,2025-10-13
4412315275,annex_ii,NA,2025-10-13
4412316100,annex_ii,NA,2025-10-13
4412319200,annex_ii,NA,2025-10-13
4412330620,annex_ii,NA,2025-10-13
4412330640,annex_ii,NA,2025-10-13
4412330665,annex_ii,NA,2025-10-13
4412330670,annex_ii,NA,2025-10-13
4412332625,annex_ii,NA,2025-10-13
4412332630,annex_ii,NA,2025-10-13
4412333225,annex_ii,NA,2025-10-13
4412333235,annex_ii,NA,2025-10-13
4412333255,annex_ii,NA,2025-10-13
4412333265,annex_ii,NA,2025-10-13
4412333275,annex_ii,NA,2025-10-13
4412333285,annex_ii,NA,2025-10-13
4412335700,annex_ii,NA,2025-10-13
4412342600,annex_ii,NA,2025-10-13
4412343225,annex_ii,NA,2025-10-13
4412343235,annex_ii,NA,2025-10-13
4412343255,annex_ii,NA,2025-10-13
4412343265,annex_ii,NA,2025-10-13
4412343275,annex_ii,NA,2025-10-13
4412343285,annex_ii,NA,2025-10-13
4412345700,annex_ii,NA,2025-10-13
4412391000,annex_ii,NA,2025-10-13
4412393000,annex_ii,NA,2025-10-13
4412394011,annex_ii,NA,2025-10-13
4412394012,annex_ii,NA,2025-10-13
4412394019,annex_ii,NA,2025-10-13
4412394031,annex_ii,NA,2025-10-13
4412394032,annex_ii,NA,2025-10-13
4412394039,annex_ii,NA,2025-10-13
4412394051,annex_ii,NA,2025-10-13
4412394052,annex_ii,NA,2025-10-13
4412394059,annex_ii,NA,2025-10-13
4412394061,annex_ii,NA,2025-10-13
4412394062,annex_ii,NA,2025-10-13
4412394069,annex_ii,NA,2025-10-13
4412395010,annex_ii,NA,2025-10-13
4412395030,annex_ii,NA,2025-10-13
4412395050,annex_ii,NA,2025-10-13
4412410000,annex_ii,NA,2025-10-13
4412420000,annex_ii,NA,2025-10-13
4412490000,annex_ii,NA,2025-10-13
4412511000,annex_ii,NA,2025-10-13
4412511030,annex_ii,NA,2025-10-13
4412511050,annex_ii,NA,2025-10-13
4412513100,annex_ii,NA,2025-10-13
4412513105,annex_ii,NA,2025-10-13
4412513111,annex_ii,NA,2025-10-13
4412513121,annex_ii,NA,2025-10-13
4412513141,annex_ii,NA,2025-10-13
4412513161,annex_ii,NA,2025-10-13
4412513175,annex_ii,NA,2025-10-13
4412514100,annex_ii,NA,2025-10-13
4412515100,annex_ii,NA,2025-10-13
4412521030,annex_ii,NA,2025-10-13
4412521050,annex_ii,NA,2025-10-13
4412523105,annex_ii,NA,2025-10-13
4412523121,annex_ii,NA,2025-10-13
4412523161,annex_ii,NA,2025-10-13
4412523175,annex_ii,NA,2025-10-13
4412524100,annex_ii,NA,2025-10-13
4412525100,annex_ii,NA,2025-10-13
4412598000,annex_ii,NA,2025-10-13
4412599000,annex_ii,NA,2025-10-13
4412599500,annex_ii,NA,2025-10-13
4412910600,annex_ii,NA,2025-10-13
4412911000,annex_ii,NA,2025-10-13
4412911020,annex_ii,NA,2025-10-13
4412911030,annex_ii,NA,2025-10-13
4412911040,annex_ii,NA,2025-10-13
4412913100,annex_ii,NA,2025-10-13
4412913110,annex_ii,NA,2025-10-13
4412913120,annex_ii,NA,2025-10-13
4412913130,annex_ii,NA,2025-10-13
4412913140,annex_ii,NA,2025-10-13
4412913150,annex_ii,NA,2025-10-13
4412913160,annex_ii,NA,2025-10-13
4412913170,annex_ii,NA,2025-10-13
4412914100,annex_ii,NA,2025-10-13
4412915100,annex_ii,NA,2025-10-13
4412915105,annex_ii,NA,2025-10-13
4412915115,annex_ii,NA,2025-10-13
4412920700,annex_ii,NA,2025-10-13
4412921120,annex_ii,NA,2025-10-13
4412921130,annex_ii,NA,2025-10-13
4412921140,annex_ii,NA,2025-10-13
4412923120,annex_ii,NA,2025-10-13
4412923150,annex_ii,NA,2025-10-13
4412923160,annex_ii,NA,2025-10-13
4412923170,annex_ii,NA,2025-10-13
4412924200,annex_ii,NA,2025-10-13
4412925205,annex_ii,NA,2025-10-13
4412925215,annex_ii,NA,2025-10-13
4412995800,annex_ii,NA,2025-10-13
4412996100,annex_ii,NA,2025-10-13
4412997100,annex_ii,NA,2025-10-13
4412998100,annex_ii,NA,2025-10-13
4412999100,annex_ii,NA,2025-10-13
4412999700,annex_ii,NA,2025-10-13
4413000000,annex_ii,NA,2025-10-13
4501100000,annex_ii,NA,NA
4501902000,annex_ii,NA,NA
4501904000,annex_ii,NA,NA
4502000000,annex_ii,NA,NA
4503102000,annex_ii,NA,NA
4503103000,annex_ii,NA,NA
4503104000,annex_ii,NA,NA
4503106000,annex_ii,NA,NA
4503902000,annex_ii,NA,NA
4503904000,annex_ii,NA,NA
4503906000,annex_ii,NA,NA
4504101000,annex_ii,NA,NA
4504102000,annex_ii,NA,NA
4504103000,annex_ii,NA,NA
4504104000,annex_ii,NA,NA
4504104500,annex_ii,NA,NA
4504104700,annex_ii,NA,NA
4504105000,annex_ii,NA,NA
4504900000,annex_ii,NA,NA
4601224000,annex_ii,NA,NA
4601228000,annex_ii,NA,NA
4601229000,annex_ii,NA,NA
4601294000,annex_ii,NA,NA
4601930100,annex_ii,NA,NA
4601930500,annex_ii,NA,NA
4601932000,annex_ii,NA,NA
4602120500,annex_ii,NA,NA
4602121400,annex_ii,NA,NA
4602121600,annex_ii,NA,NA
4602122300,annex_ii,NA,NA
4602122500,annex_ii,NA,NA
4602123500,annex_ii,NA,NA
4602124500,annex_ii,NA,NA
4703110000,annex_ii,2025-09-08,NA
4703210000,annex_ii,2025-09-08,NA
4703210020,annex_ii,2025-09-08,NA
4703210040,annex_ii,2025-09-08,NA
4703290000,annex_ii,2025-09-08,NA
4703290020,annex_ii,2025-09-08,NA
4703290040,annex_ii,2025-09-08,NA
4820200000,annex_ii,NA,NA
4823901000,annex_ii,NA,NA
4823902000,annex_ii,NA,NA
4823903100,annex_ii,NA,NA
4823904000,annex_ii,NA,NA
4823905000,annex_ii,NA,NA
4823906000,annex_ii,NA,NA
4823906700,annex_ii,NA,NA
4823907000,annex_ii,NA,NA
4823908000,annex_ii,NA,NA
4823908600,annex_ii,NA,NA
4823908620,annex_ii,NA,NA
4823908680,annex_ii,NA,NA
4901100000,berman,NA,NA
4901100020,berman,NA,NA
4901100040,berman,NA,NA
4901910000,berman,NA,NA
4901910020,berman,NA,NA
4901910040,berman,NA,NA
4901990000,berman,NA,NA
4901990010,berman,NA,NA
4901990020,berman,NA,NA
4901990030,berman,NA,NA
4901990040,berman,NA,NA
4901990050,berman,NA,NA
4901990060,berman,NA,NA
4901990065,berman,NA,NA
4901990070,berman,NA,NA
4901990075,berman,NA,NA
4901990091,berman,NA,NA
4901990092,berman,NA,NA
4901990093,berman,NA,NA
4902100000,berman,NA,NA
4902901000,berman,NA,NA
4902902000,berman,NA,NA
4902902020,berman,NA,NA
4902902040,berman,NA,NA
4902902060,berman,NA,NA
4903000000,berman,NA,NA
4904000000,berman,NA,NA
4904000020,berman,NA,NA
4904000040,berman,NA,NA
4905200000,berman,NA,NA
4905902000,berman,NA,NA
4905906000,berman,NA,NA
4906000000,berman,NA,NA
4911100000,berman,NA,NA
4911100020,berman,NA,NA
4911100040,berman,NA,NA
4911100060,berman,NA,NA
4911100080,berman,NA,NA
4911996000,berman,NA,NA
4911998000,berman,NA,NA
5001000000,annex_ii,NA,NA
5002000000,annex_ii,NA,NA
5003001000,annex_ii,NA,NA
5003009000,annex_ii,NA,NA
5004000000,annex_ii,NA,NA
5005000000,annex_ii,NA,NA
5005000010,annex_ii,NA,NA
5005000090,annex_ii,NA,NA
5006001000,annex_ii,NA,NA
5006009000,annex_ii,NA,NA
5007103000,annex_ii,NA,NA
5007103020,annex_ii,NA,NA
5007103040,annex_ii,NA,NA
5007103090,annex_ii,NA,NA
5007106000,annex_ii,NA,NA
5007106010,annex_ii,NA,NA
5007106020,annex_ii,NA,NA
5007106030,annex_ii,NA,NA
5007106090,annex_ii,NA,NA
5007200000,annex_ii,NA,NA
5007200015,annex_ii,NA,NA
5007200025,annex_ii,NA,NA
5007200035,annex_ii,NA,NA
5007200055,annex_ii,NA,NA
5007200065,annex_ii,NA,NA
5007200085,annex_ii,NA,NA
5007200095,annex_ii,NA,NA
5007903000,annex_ii,NA,NA
5007903020,annex_ii,NA,NA
5007903040,annex_ii,NA,NA
5007903090,annex_ii,NA,NA
5102119000,annex_ii,NA,NA
5102192000,annex_ii,NA,NA
6812809000,annex_ii,NA,NA
6812991000,annex_ii,NA,NA
6812992000,annex_ii,NA,NA
6812999000,annex_ii,NA,NA
6813200000,annex_ii,NA,NA
6813200010,annex_ii,NA,NA
6813200015,annex_ii,NA,NA
6813200020,annex_ii,NA,NA
6813200025,annex_ii,NA,NA
6813810000,annex_ii,NA,NA
6813810010,annex_ii,NA,NA
6813810050,annex_ii,NA,NA
6813890000,annex_ii,NA,NA
6813890010,annex_ii,NA,NA
6813890050,annex_ii,NA,NA
7007211100,annex_ii,NA,NA
7007211110,annex_ii,NA,NA
7007211190,annex_ii,NA,NA
7101103000,annex_ii,NA,NA
7101106000,annex_ii,NA,NA
7102100000,annex_ii,NA,NA
7102310000,annex_ii,NA,NA
7102390000,annex_ii,NA,NA
7102390010,annex_ii,NA,NA
7102390050,annex_ii,NA,NA
7103102000,annex_ii,NA,NA
7103104000,annex_ii,NA,NA
7103910000,annex_ii,NA,NA
7103910010,annex_ii,NA,NA
7103910020,annex_ii,NA,NA
7103910030,annex_ii,NA,NA
7103991000,annex_ii,NA,NA
7103995000,annex_ii,NA,NA
7106911000,annex_ii,NA,NA
7106911010,annex_ii,NA,NA
7106911020,annex_ii,NA,NA
7108110000,annex_ii,2025-09-08,NA
7108121000,annex_ii,NA,NA
7108121013,annex_ii,NA,NA
7108121017,annex_ii,NA,NA
7108121020,annex_ii,NA,NA
7108125000,annex_ii,2025-09-08,NA
7108125010,annex_ii,2025-09-08,NA
7108125050,annex_ii,2025-09-08,NA
7108131000,annex_ii,2025-09-08,NA
7108135500,annex_ii,2025-09-08,NA
7108137000,annex_ii,2025-09-08,NA
7108200000,annex_ii,2025-09-08,NA
7110110000,annex_ii,NA,NA
7110110010,annex_ii,NA,NA
7110110020,annex_ii,NA,NA
7110110050,annex_ii,NA,NA
7110190000,annex_ii,NA,NA
7110210000,annex_ii,NA,NA
7110290000,annex_ii,NA,NA
7110310000,annex_ii,NA,NA
7110390000,annex_ii,NA,NA
7110410000,annex_ii,NA,NA
7110410010,annex_ii,NA,NA
7110410020,annex_ii,NA,NA
7110410030,annex_ii,NA,NA
7110410050,annex_ii,NA,NA
7110490000,annex_ii,NA,NA
7110490010,annex_ii,NA,NA
7110490050,annex_ii,NA,NA
7112920100,annex_ii,NA,NA
7115900500,annex_ii,2025-09-08,NA
7115900530,annex_ii,2025-09-08,NA
7115900560,annex_ii,2025-09-08,NA
7115900590,annex_ii,2025-09-08,NA
7115903000,annex_ii,2025-09-08,NA
7118900000,annex_ii,NA,NA
7118900011,annex_ii,NA,NA
7118900019,annex_ii,NA,NA
7118900020,annex_ii,NA,NA
7118900055,annex_ii,NA,NA
7201100000,annex_ii,NA,NA
7201200000,annex_ii,NA,NA
7201503000,annex_ii,NA,NA
7202111000,annex_ii,NA,NA
7202115000,annex_ii,NA,NA
7202191000,annex_ii,NA,NA
7202195000,annex_ii,NA,NA
7202300000,annex_ii,NA,NA
7202410000,annex_ii,NA,NA
7202491000,annex_ii,NA,NA
7202495000,annex_ii,NA,NA
7202495010,annex_ii,NA,NA
7202495090,annex_ii,NA,NA
7202500000,annex_ii,NA,NA
7202600000,annex_ii,2025-09-08,NA
7202800000,annex_ii,NA,NA
7202910000,annex_ii,NA,NA
7202934000,annex_ii,NA,NA
7202938000,annex_ii,NA,NA
7204210000,annex_ii,NA,NA
7205100000,annex_ii,NA,NA
7304313000,annex_ii,NA,NA
7304316000,annex_ii,NA,NA
7304316010,annex_ii,NA,NA
7304316050,annex_ii,NA,NA
7304390000,annex_ii,NA,NA
7304390002,annex_ii,NA,NA
7304390004,annex_ii,NA,NA
7304390006,annex_ii,NA,NA
7304390008,annex_ii,NA,NA
7304390016,annex_ii,NA,NA
7304390020,annex_ii,NA,NA
7304390024,annex_ii,NA,NA
7304390028,annex_ii,NA,NA
7304390032,annex_ii,NA,NA
7304390036,annex_ii,NA,NA
7304390040,annex_ii,NA,NA
7304390044,annex_ii,NA,NA
7304390048,annex_ii,NA,NA
7304390052,annex_ii,NA,NA
7304390056,annex_ii,NA,NA
7304390062,annex_ii,NA,NA
7304390068,annex_ii,NA,NA
7304390072,annex_ii,NA,NA
7304390076,annex_ii,NA,NA
7304390080,annex_ii,NA,NA
7304413000,annex_ii,NA,NA
7304413005,annex_ii,NA,NA
7304413015,annex_ii,NA,NA
7304413045,annex_ii,NA,NA
7304416000,annex_ii,NA,NA
7304416005,annex_ii,NA,NA
7304416015,annex_ii,NA,NA
7304416045,annex_ii,NA,NA
7304490000,annex_ii,NA,NA
7304490005,annex_ii,NA,NA
7304490015,annex_ii,NA,NA
7304490045,annex_ii,NA,NA
7304490060,annex_ii,NA,NA
7304511000,annex_ii,NA,NA
7304515000,annex_ii,NA,NA
7304515005,annex_ii,NA,NA
7304515015,annex_ii,NA,NA
7304515045,annex_ii,NA,NA
7304515060,annex_ii,NA,NA
7304591000,annex_ii,NA,NA
7304592000,annex_ii,NA,NA
7304592030,annex_ii,NA,NA
7304592040,annex_ii,NA,NA
7304592045,annex_ii,NA,NA
7304592055,annex_ii,NA,NA
7304592060,annex_ii,NA,NA
7304592070,annex_ii,NA,NA
7304592080,annex_ii,NA,NA
7304596000,annex_ii,NA,NA
7304598000,annex_ii,NA,NA
7304598010,annex_ii,NA,NA
7304598015,annex_ii,NA,NA
7304598020,annex_ii,NA,NA
7304598025,annex_ii,NA,NA
7304598030,annex_ii,NA,NA
7304598035,annex_ii,NA,NA
7304598040,annex_ii,NA,NA
7304598045,annex_ii,NA,NA
7304598050,annex_ii,NA,NA
7304598055,annex_ii,NA,NA
7304598060,annex_ii,NA,NA
7304598065,annex_ii,NA,NA
7304598070,annex_ii,NA,NA
7304598080,annex_ii,NA,NA
7304901000,annex_ii,NA,NA
7304903000,annex_ii,NA,NA
7304905000,annex_ii,NA,NA
7304907000,annex_ii,NA,NA
7306301000,annex_ii,NA,NA
7306301010,annex_ii,NA,NA
7306301090,annex_ii,NA,NA
7306303000,annex_ii,NA,NA
7306305000,annex_ii,NA,NA
7306305010,annex_ii,NA,NA
7306305015,annex_ii,NA,NA
7306305020,annex_ii,NA,NA
7306305026,annex_ii,NA,NA
7306305027,annex_ii,NA,NA
7306305028,annex_ii,NA,NA
7306305031,annex_ii,NA,NA
7306305033,annex_ii,NA,NA
7306305035,annex_ii,NA,NA
7306305041,annex_ii,NA,NA
7306305043,annex_ii,NA,NA
7306305056,annex_ii,NA,NA
7306305057,annex_ii,NA,NA
7306305085,annex_ii,NA,NA
7306305090,annex_ii,NA,NA
7306401000,annex_ii,NA,NA
7306401010,annex_ii,NA,NA
7306401015,annex_ii,NA,NA
7306401090,annex_ii,NA,NA
7306405000,annex_ii,NA,NA
7306405005,annex_ii,NA,NA
7306405015,annex_ii,NA,NA
7306405040,annex_ii,NA,NA
7306405042,annex_ii,NA,NA
7306405044,annex_ii,NA,NA
7306405062,annex_ii,NA,NA
7306405064,annex_ii,NA,NA
7306405080,annex_ii,NA,NA
7306405085,annex_ii,NA,NA
7306405090,annex_ii,NA,NA
7306501000,annex_ii,NA,NA
7306503000,annex_ii,NA,NA
7306505000,annex_ii,NA,NA
7306505010,annex_ii,NA,NA
7306505030,annex_ii,NA,NA
7306505050,annex_ii,NA,NA
7306505070,annex_ii,NA,NA
7306611000,annex_ii,NA,NA
7306613000,annex_ii,NA,NA
7306615000,annex_ii,NA,NA
7306617000,annex_ii,NA,NA
7306617030,annex_ii,NA,NA
7306617060,annex_ii,NA,NA
7306691000,annex_ii,NA,NA
7306693000,annex_ii,NA,NA
7306695000,annex_ii,NA,NA
7306697000,annex_ii,NA,NA
7306697030,annex_ii,NA,NA
7306697060,annex_ii,NA,NA
7312100500,annex_ii,NA,NA
7312101000,annex_ii,NA,NA
7312101030,annex_ii,NA,NA
7312101050,annex_ii,NA,NA
7312101070,annex_ii,NA,NA
7312102000,annex_ii,NA,NA
7312103000,annex_ii,NA,NA
7312103005,annex_ii,NA,NA
7312103010,annex_ii,NA,NA
7312103012,annex_ii,NA,NA
7312103020,annex_ii,NA,NA
7312103045,annex_ii,NA,NA
7312103065,annex_ii,NA,NA
7312103070,annex_ii,NA,NA
7312103074,annex_ii,NA,NA
7312103080,annex_ii,NA,NA
7312105000,annex_ii,NA,NA
7312106000,annex_ii,NA,NA
7312106030,annex_ii,NA,NA
7312106060,annex_ii,NA,NA
7312107000,annex_ii,NA,NA
7312108000,annex_ii,NA,NA
7312109000,annex_ii,NA,NA
7312109030,annex_ii,NA,NA
7312109060,annex_ii,NA,NA
7312109090,annex_ii,NA,NA
7312900000,annex_ii,NA,NA
7322900000,annex_ii,NA,NA
7322900015,annex_ii,NA,NA
7322900030,annex_ii,NA,NA
7322900045,annex_ii,NA,NA
7324100000,annex_ii,NA,NA
7324100010,annex_ii,NA,NA
7324100050,annex_ii,NA,NA
7324900000,annex_ii,NA,NA
7326200000,annex_ii,NA,NA
7326200010,annex_ii,NA,NA
7326200020,annex_ii,NA,NA
7326200030,annex_ii,NA,NA
7326200040,annex_ii,NA,NA
7326200055,annex_ii,NA,NA
7326200090,annex_ii,NA,NA
7401000000,annex_ii,NA,NA
7402000000,annex_ii,NA,NA
7403110000,annex_ii,NA,NA
7403120000,annex_ii,NA,NA
7403130000,annex_ii,NA,NA
7403190000,annex_ii,NA,NA
7403210000,annex_ii,NA,NA
7403220000,annex_ii,NA,NA
7403290100,annex_ii,NA,NA
7403290110,annex_ii,NA,NA
7403290180,annex_ii,NA,NA
7404003000,annex_ii,NA,NA
7404003020,annex_ii,NA,NA
7404003045,annex_ii,NA,NA
7404003055,annex_ii,NA,NA
7404003065,annex_ii,NA,NA
7404003090,annex_ii,NA,NA
7404006000,annex_ii,NA,NA
7404006020,annex_ii,NA,NA
7404006045,annex_ii,NA,NA
7404006055,annex_ii,NA,NA
7404006065,annex_ii,NA,NA
7404006090,annex_ii,NA,NA
7405001000,annex_ii,NA,NA
7405006000,annex_ii,NA,NA
7405006030,annex_ii,NA,NA
7405006050,annex_ii,NA,NA
7406100000,annex_ii,NA,2025-07-31
7406200000,annex_ii,NA,2025-07-31
7407101500,annex_ii,NA,2025-07-31
7407103000,annex_ii,NA,2025-07-31
7407105010,annex_ii,NA,2025-07-31
7407105050,annex_ii,NA,2025-07-31
7407211500,annex_ii,NA,2025-07-31
7407213000,annex_ii,NA,2025-07-31
7407215000,annex_ii,NA,2025-07-31
7407217000,annex_ii,NA,2025-07-31
7407219000,annex_ii,NA,2025-07-31
7407291610,annex_ii,NA,2025-07-31
7407291680,annex_ii,NA,2025-07-31
7407293400,annex_ii,NA,2025-07-31
7407293800,annex_ii,NA,2025-07-31
7407294000,annex_ii,NA,2025-07-31
7407295000,annex_ii,NA,2025-07-31
7408113000,annex_ii,NA,2025-07-31
7408116000,annex_ii,NA,2025-07-31
7408190030,annex_ii,NA,2025-07-31
7408190060,annex_ii,NA,2025-07-31
7408210000,annex_ii,NA,2025-07-31
7408221000,annex_ii,NA,2025-07-31
7408225000,annex_ii,NA,2025-07-31
7408291000,annex_ii,NA,2025-07-31
7408295000,annex_ii,NA,2025-07-31
7409111000,annex_ii,NA,2025-07-31
7409115010,annex_ii,NA,2025-07-31
7409115050,annex_ii,NA,2025-07-31
7409191000,annex_ii,NA,2025-07-31
7409195000,annex_ii,NA,2025-07-31
7409199000,annex_ii,NA,2025-07-31
7409210010,annex_ii,NA,2025-07-31
7409210050,annex_ii,NA,2025-07-31
7409210075,annex_ii,NA,2025-07-31
7409210090,annex_ii,NA,2025-07-31
7409290010,annex_ii,NA,2025-07-31
7409290050,annex_ii,NA,2025-07-31
7409290075,annex_ii,NA,2025-07-31
7409290090,annex_ii,NA,2025-07-31
7409311000,annex_ii,NA,2025-07-31
7409315000,annex_ii,NA,2025-07-31
7409319000,annex_ii,NA,2025-07-31
7409391030,annex_ii,NA,2025-07-31
7409391060,annex_ii,NA,2025-07-31
7409395000,annex_ii,NA,2025-07-31
7409399030,annex_ii,NA,2025-07-31
7409399060,annex_ii,NA,2025-07-31
7409400000,annex_ii,NA,2025-07-31
7409901030,annex_ii,NA,2025-07-31
7409901060,annex_ii,NA,2025-07-31
7409905030,annex_ii,NA,2025-07-31
7409905060,annex_ii,NA,2025-07-31
7409909030,annex_ii,NA,2025-07-31
7409909060,annex_ii,NA,2025-07-31
7410110000,annex_ii,NA,2025-07-31
7410120030,annex_ii,NA,2025-07-31
7410120060,annex_ii,NA,2025-07-31
7410213020,annex_ii,NA,2025-07-31
7410213040,annex_ii,NA,2025-07-31
7410213060,annex_ii,NA,2025-07-31
7410216000,annex_ii,NA,2025-07-31
7410220000,annex_ii,NA,2025-07-31
7411101030,annex_ii,NA,2025-07-31
7411101090,annex_ii,NA,2025-07-31
7411105000,annex_ii,NA,2025-07-31
7411211000,annex_ii,NA,2025-07-31
7411215000,annex_ii,NA,2025-07-31
7411220000,annex_ii,NA,2025-07-31
7411291000,annex_ii,NA,2025-07-31
7411295000,annex_ii,NA,2025-07-31
7412100000,annex_ii,NA,2025-07-31
7412200015,annex_ii,NA,2025-07-31
7412200025,annex_ii,NA,2025-07-31
7412200035,annex_ii,NA,2025-07-31
7412200045,annex_ii,NA,2025-07-31
7412200065,annex_ii,NA,2025-07-31
7412200085,annex_ii,NA,2025-07-31
7412200090,annex_ii,NA,2025-07-31
7413001000,annex_ii,NA,2025-07-31
7413005000,annex_ii,NA,2025-07-31
7413009000,annex_ii,NA,2025-07-31
7415100000,annex_ii,NA,2025-07-31
7415210000,annex_ii,NA,2025-07-31
7415290000,annex_ii,NA,2025-07-31
7415330500,annex_ii,NA,2025-07-31
7415331000,annex_ii,NA,2025-07-31
7415338010,annex_ii,NA,2025-07-31
7415338050,annex_ii,NA,2025-07-31
7415390000,annex_ii,NA,2025-07-31
7418100002,annex_ii,NA,2025-07-31
7418100004,annex_ii,NA,2025-07-31
7418100019,annex_ii,NA,2025-07-31
7418100021,annex_ii,NA,2025-07-31
7418100023,annex_ii,NA,2025-07-31
7418100025,annex_ii,NA,2025-07-31
7418100051,annex_ii,NA,2025-07-31
7418100053,annex_ii,NA,2025-07-31
7418100055,annex_ii,NA,2025-07-31
7418201000,annex_ii,NA,2025-07-31
7418205000,annex_ii,NA,2025-07-31
7419200010,annex_ii,NA,2025-07-31
7419200050,annex_ii,NA,2025-07-31
7419800300,annex_ii,NA,2025-07-31
7419800660,annex_ii,NA,2025-07-31
7419800680,annex_ii,NA,2025-07-31
7419800900,annex_ii,NA,2025-07-31
7419801500,annex_ii,NA,2025-07-31
7419801600,annex_ii,NA,2025-07-31
7419801700,annex_ii,NA,2025-07-31
7419803000,annex_ii,NA,2025-07-31
7419805010,annex_ii,NA,2025-07-31
7419805050,annex_ii,NA,2025-07-31
7501100000,annex_ii,2025-09-08,NA
7502100000,annex_ii,2025-09-08,NA
7502200000,annex_ii,2025-09-08,NA
7503000000,annex_ii,2025-09-08,NA
7504000000,annex_ii,2025-09-08,NA
7504000010,annex_ii,2025-09-08,NA
7504000050,annex_ii,2025-09-08,NA
7508905000,annex_ii,NA,NA
7608100000,annex_ii,NA,NA
7608100030,annex_ii,NA,NA
7608100090,annex_ii,NA,NA
7608200000,annex_ii,NA,NA
7608200030,annex_ii,NA,NA
7608200090,annex_ii,NA,NA
7901110000,annex_ii,NA,NA
7901121000,annex_ii,NA,NA
7901125000,annex_ii,NA,NA
7901200000,annex_ii,NA,NA
7902000000,annex_ii,NA,NA
7903903000,annex_ii,2025-09-08,NA
7907006000,annex_ii,NA,NA
8001100000,annex_ii,NA,NA
8001200000,annex_ii,NA,NA
8001200010,annex_ii,NA,NA
8001200050,annex_ii,NA,NA
8001200090,annex_ii,NA,NA
8002000000,annex_ii,NA,NA
8007005000,annex_ii,NA,NA
8101100000,annex_ii,NA,NA
8101970000,annex_ii,NA,NA
8103200000,annex_ii,NA,NA
8103200030,annex_ii,NA,NA
8103200090,annex_ii,NA,NA
8103300000,annex_ii,NA,NA
8103910000,annex_ii,NA,NA
8103990000,annex_ii,NA,NA
8104110000,annex_ii,NA,NA
8104190000,annex_ii,NA,NA
8104200000,annex_ii,NA,NA
8104300000,annex_ii,NA,NA
8104900000,annex_ii,NA,NA
8105203000,annex_ii,NA,NA
8105206000,annex_ii,NA,NA
8105209000,annex_ii,NA,NA
8105300000,annex_ii,NA,NA
8105900000,annex_ii,NA,NA
8106100000,annex_ii,NA,NA
8106900000,annex_ii,NA,NA
8108200000,annex_ii,NA,NA
8108200010,annex_ii,NA,NA
8108200015,annex_ii,NA,NA
8108200030,annex_ii,NA,NA
8108200095,annex_ii,NA,NA
8108300000,annex_ii,NA,NA
8108903000,annex_ii,NA,NA
8108903030,annex_ii,NA,NA
8108903060,annex_ii,NA,NA
8108906000,annex_ii,NA,NA
8108906020,annex_ii,NA,NA
8108906031,annex_ii,NA,NA
8108906045,annex_ii,NA,NA
8108906060,annex_ii,NA,NA
8108906075,annex_ii,NA,NA
8110100000,annex_ii,NA,NA
8110200000,annex_ii,NA,NA
8110900000,annex_ii,NA,NA
8111004700,annex_ii,NA,NA
8111004900,annex_ii,NA,NA
8111004910,annex_ii,NA,NA
8111004990,annex_ii,NA,NA
8112210000,annex_ii,NA,NA
8112220000,annex_ii,NA,NA
8112290000,annex_ii,NA,NA
8112411000,annex_ii,NA,NA
8112415000,annex_ii,NA,NA
8112490000,annex_ii,NA,NA
8112590000,annex_ii,NA,NA
8112920700,annex_ii,NA,NA
8112921000,annex_ii,NA,NA
8112923000,annex_ii,NA,NA
8112924000,annex_ii,NA,NA
8112926000,annex_ii,NA,NA
8112926500,annex_ii,NA,NA
8112991000,annex_ii,NA,NA
8112999100,annex_ii,NA,NA
8302106000,annex_ii,NA,NA
8302106030,annex_ii,NA,NA
8302106060,annex_ii,NA,NA
8302106090,annex_ii,NA,NA
8302109000,annex_ii,NA,NA
8302109030,annex_ii,NA,NA
8302109060,annex_ii,NA,NA
8302109090,annex_ii,NA,NA
8302200000,annex_ii,NA,NA
8302423000,annex_ii,NA,NA
8302423010,annex_ii,NA,NA
8302423015,annex_ii,NA,NA
8302423065,annex_ii,NA,NA
8302426000,annex_ii,NA,NA
8302494000,annex_ii,NA,NA
8302496000,annex_ii,NA,NA
8302496035,annex_ii,NA,NA
8302496045,annex_ii,NA,NA
8302496055,annex_ii,NA,NA
8302496085,annex_ii,NA,NA
8302498000,annex_ii,NA,NA
8302498040,annex_ii,NA,NA
8302498050,annex_ii,NA,NA
8302498090,annex_ii,NA,NA
8302603000,annex_ii,NA,NA
8307103000,annex_ii,NA,NA
8307903000,annex_ii,NA,NA
8407100000,annex_ii,NA,NA
8407100020,annex_ii,NA,NA
8407100040,annex_ii,NA,NA
8407100060,annex_ii,NA,NA
8407100090,annex_ii,NA,NA
8408909000,annex_ii,NA,NA
8408909010,annex_ii,NA,NA
8408909020,annex_ii,NA,NA
8408909030,annex_ii,NA,NA
8408909040,annex_ii,NA,NA
8408909050,annex_ii,NA,NA
8409100000,annex_ii,NA,NA
8409100040,annex_ii,NA,NA
8409100080,annex_ii,NA,NA
8411114000,annex_ii,NA,NA
8411118000,annex_ii,NA,NA
8411124000,annex_ii,NA,NA
8411128000,annex_ii,NA,NA
8411214000,annex_ii,NA,NA
8411218000,annex_ii,NA,NA
8411224000,annex_ii,NA,NA
8411228000,annex_ii,NA,NA
8411814000,annex_ii,NA,NA
8411824000,annex_ii,NA,NA
8411911000,annex_ii,NA,NA
8411911040,annex_ii,NA,NA
8411911060,annex_ii,NA,NA
8411911090,annex_ii,NA,NA
8411919000,annex_ii,NA,NA
8411919040,annex_ii,NA,NA
8411919081,annex_ii,NA,NA
8411919085,annex_ii,NA,NA
8411991000,annex_ii,NA,NA
8411991010,annex_ii,NA,NA
8411991040,annex_ii,NA,NA
8411991080,annex_ii,NA,NA
8411999000,annex_ii,NA,NA
8411999030,annex_ii,NA,NA
8411999081,annex_ii,NA,NA
8411999085,annex_ii,NA,NA
8411999090,annex_ii,NA,NA
8412100000,annex_ii,NA,NA
8412100010,annex_ii,NA,NA
8412100090,annex_ii,NA,NA
8412210000,annex_ii,NA,NA
8412210015,annex_ii,NA,NA
8412210030,annex_ii,NA,NA
8412210045,annex_ii,NA,NA
8412210060,annex_ii,NA,NA
8412210075,annex_ii,NA,NA
8412294000,annex_ii,NA,NA
8412298000,annex_ii,NA,NA
8412298015,annex_ii,NA,NA
8412298030,annex_ii,NA,NA
8412298045,annex_ii,NA,NA
8412298060,annex_ii,NA,NA
8412298075,annex_ii,NA,NA
8412310000,annex_ii,NA,NA
8412310040,annex_ii,NA,NA
8412310080,annex_ii,NA,NA
8412390000,annex_ii,NA,NA
8412390040,annex_ii,NA,NA
8412390080,annex_ii,NA,NA
8412801000,annex_ii,NA,NA
8412809000,annex_ii,NA,NA
8412909000,annex_ii,NA,NA
8412909005,annex_ii,NA,NA
8412909015,annex_ii,NA,NA
8412909025,annex_ii,NA,NA
8412909035,annex_ii,NA,NA
8412909050,annex_ii,NA,NA
8412909070,annex_ii,NA,NA
8412909075,annex_ii,NA,NA
8412909085,annex_ii,NA,NA
8413190000,annex_ii,NA,NA
8413200000,annex_ii,NA,NA
8413301000,annex_ii,NA,NA
8413309000,annex_ii,NA,NA
8413309030,annex_ii,NA,NA
8413309060,annex_ii,NA,NA
8413309090,annex_ii,NA,NA
8413500000,annex_ii,NA,NA
8413500010,annex_ii,NA,NA
8413500050,annex_ii,NA,NA
8413500070,annex_ii,NA,NA
8413500080,annex_ii,NA,NA
8413500090,annex_ii,NA,NA
8413600000,annex_ii,NA,NA
8413600020,annex_ii,NA,NA
8413600030,annex_ii,NA,NA
8413600040,annex_ii,NA,NA
8413600050,annex_ii,NA,NA
8413600070,annex_ii,NA,NA
8413600090,annex_ii,NA,NA
8413701000,annex_ii,NA,NA
8413702000,annex_ii,NA,NA
8413702004,annex_ii,NA,NA
8413702005,annex_ii,NA,NA
8413702015,annex_ii,NA,NA
8413702022,annex_ii,NA,NA
8413702025,annex_ii,NA,NA
8413702030,annex_ii,NA,NA
8413702040,annex_ii,NA,NA
8413702090,annex_ii,NA,NA
8413911000,annex_ii,NA,NA
8413912000,annex_ii,NA,NA
8413919000,annex_ii,NA,NA
8413919010,annex_ii,NA,NA
8413919055,annex_ii,NA,NA
8413919060,annex_ii,NA,NA
8413919065,annex_ii,NA,NA
8413919085,annex_ii,NA,NA
8413919096,annex_ii,NA,NA
8414100000,annex_ii,NA,NA
8414200000,annex_ii,NA,NA
8414304000,annex_ii,NA,NA
8414308000,annex_ii,NA,NA
8414308010,annex_ii,NA,NA
8414308020,annex_ii,NA,NA
8414308030,annex_ii,NA,NA
8414308050,annex_ii,NA,NA
8414308060,annex_ii,NA,NA
8414308070,annex_ii,NA,NA
8414308080,annex_ii,NA,NA
8414308090,annex_ii,NA,NA
8414513000,annex_ii,NA,NA
8414519000,annex_ii,NA,NA
8414519060,annex_ii,NA,NA
8414519090,annex_ii,NA,NA
8414593000,annex_ii,NA,NA
8414596500,annex_ii,NA,NA
8414596540,annex_ii,NA,NA
8414596560,annex_ii,NA,NA
8414596590,annex_ii,NA,NA
8414596595,annex_ii,NA,NA
8414800500,annex_ii,NA,NA
8414801600,annex_ii,NA,NA
8414801605,annex_ii,NA,NA
8414801615,annex_ii,NA,NA
8414801625,annex_ii,NA,NA
8414801635,annex_ii,NA,NA
8414801640,annex_ii,NA,NA
8414801645,annex_ii,NA,NA
8414801655,annex_ii,NA,NA
8414801660,annex_ii,NA,NA
8414801665,annex_ii,NA,NA
8414801670,annex_ii,NA,NA
8414801675,annex_ii,NA,NA
8414801680,annex_ii,NA,NA
8414801685,annex_ii,NA,NA
8414801690,annex_ii,NA,NA
8414802000,annex_ii,NA,NA
8414802005,annex_ii,NA,NA
8414802015,annex_ii,NA,NA
8414802055,annex_ii,NA,NA
8414802065,annex_ii,NA,NA
8414802075,annex_ii,NA,NA
8414809000,annex_ii,NA,NA
8414901000,annex_ii,NA,NA
8414901040,annex_ii,NA,NA
8414901080,annex_ii,NA,NA
8414903000,annex_ii,NA,NA
8414904100,annex_ii,NA,NA
8414904120,annex_ii,NA,NA
8414904140,annex_ii,NA,NA
8414904145,annex_ii,NA,NA
8414904155,annex_ii,NA,NA
8414904165,annex_ii,NA,NA
8414904180,annex_ii,NA,NA
8414904190,annex_ii,NA,NA
8414909100,annex_ii,NA,NA
8414909140,annex_ii,NA,NA
8414909180,annex_ii,NA,NA
8415106000,annex_ii,NA,NA
8415109000,annex_ii,NA,NA
8415810100,annex_ii,NA,NA
8415810110,annex_ii,NA,NA
8415810120,annex_ii,NA,NA
8415810130,annex_ii,NA,NA
8415820100,annex_ii,NA,NA
8415820105,annex_ii,NA,NA
8415820110,annex_ii,NA,NA
8415820115,annex_ii,NA,NA
8415820120,annex_ii,NA,NA
8415820130,annex_ii,NA,NA
8415820135,annex_ii,NA,NA
8415820140,annex_ii,NA,NA
8415820155,annex_ii,NA,NA
8415820160,annex_ii,NA,NA
8415820170,annex_ii,NA,NA
8415830000,annex_ii,NA,NA
8415830050,annex_ii,NA,NA
8415830060,annex_ii,NA,NA
8415830070,annex_ii,NA,NA
8415830090,annex_ii,NA,NA
8415904000,annex_ii,NA,NA
8415908000,annex_ii,NA,NA
8415908010,annex_ii,NA,NA
8415908020,annex_ii,NA,NA
8415908025,annex_ii,NA,NA
8415908045,annex_ii,NA,NA
8415908050,annex_ii,NA,NA
8415908065,annex_ii,NA,NA
8415908070,annex_ii,NA,NA
8415908085,annex_ii,NA,NA
8418100000,annex_ii,NA,NA
8418100010,annex_ii,NA,NA
8418100020,annex_ii,NA,NA
8418100030,annex_ii,NA,NA
8418100045,annex_ii,NA,NA
8418100055,annex_ii,NA,NA
8418100065,annex_ii,NA,NA
8418100080,annex_ii,NA,NA
8418100085,annex_ii,NA,NA
8418100090,annex_ii,NA,NA
8418300000,annex_ii,NA,NA
8418400000,annex_ii,NA,NA
8418610100,annex_ii,NA,NA
8418690100,annex_ii,NA,NA
8418690110,annex_ii,NA,NA
8418690120,annex_ii,NA,NA
8418690130,annex_ii,NA,NA
8418690140,annex_ii,NA,NA
8418690150,annex_ii,NA,NA
8418690160,annex_ii,NA,NA
8418690180,annex_ii,NA,NA
8419501000,annex_ii,NA,NA
8419505000,annex_ii,NA,NA
8419815000,annex_ii,NA,NA
8419815040,annex_ii,NA,NA
8419815080,annex_ii,NA,NA
8419819000,annex_ii,NA,NA
8419819040,annex_ii,NA,NA
8419819080,annex_ii,NA,NA
8419901000,annex_ii,NA,NA
8419902000,annex_ii,NA,NA
8419903000,annex_ii,NA,NA
8419905000,annex_ii,NA,NA
8419905040,annex_ii,NA,NA
8419905080,annex_ii,NA,NA
8419908500,annex_ii,NA,NA
8421190000,annex_ii,NA,NA
8421210000,annex_ii,NA,NA
8421230000,annex_ii,NA,NA
8421290000,annex_ii,NA,NA
8421290005,annex_ii,NA,NA
8421290015,annex_ii,NA,NA
8421290040,annex_ii,NA,NA
8421290065,annex_ii,NA,NA
8421310000,annex_ii,NA,NA
8421320000,annex_ii,NA,NA
8421390100,annex_ii,NA,NA
8421390105,annex_ii,NA,NA
8421390115,annex_ii,NA,NA
8421390120,annex_ii,NA,NA
8421390130,annex_ii,NA,NA
8421390140,annex_ii,NA,NA
8421390160,annex_ii,NA,NA
8421390190,annex_ii,NA,NA
8424100000,annex_ii,NA,NA
8425110000,annex_ii,NA,NA
8425190000,annex_ii,NA,NA
8425310100,annex_ii,NA,NA
8425390100,annex_ii,NA,NA
8425420000,annex_ii,NA,NA
8425490000,annex_ii,NA,NA
8426990000,annex_ii,NA,NA
8428100000,annex_ii,NA,NA
8428200000,annex_ii,NA,NA
8428200010,annex_ii,NA,NA
8428200050,annex_ii,NA,NA
8428330000,annex_ii,NA,NA
8428390000,annex_ii,NA,NA
8428900300,annex_ii,NA,NA
8428900310,annex_ii,NA,NA
8428900390,annex_ii,NA,NA
8443310000,annex_ii,NA,NA
8443321000,annex_ii,NA,NA
8443321010,annex_ii,NA,NA
8443321020,annex_ii,NA,NA
8443321030,annex_ii,NA,NA
8443321040,annex_ii,NA,NA
8443321050,annex_ii,NA,NA
8443321060,annex_ii,NA,NA
8443321070,annex_ii,NA,NA
8443321080,annex_ii,NA,NA
8443321090,annex_ii,NA,NA
8443325000,annex_ii,NA,NA
8471300100,ita,2025-04-05,NA
8471410100,ita,2025-04-05,NA
8471410110,ita,2025-04-05,NA
8471410150,ita,2025-04-05,NA
8471490000,ita,2025-04-05,NA
8471500100,ita,2025-04-05,NA
8471500110,ita,2025-04-05,NA
8471500150,ita,2025-04-05,NA
8471601000,ita,2025-04-05,NA
8471601010,ita,2025-04-05,NA
8471601050,ita,2025-04-05,NA
8471602000,ita,2025-04-05,NA
8471607000,ita,2025-04-05,NA
8471608000,ita,2025-04-05,NA
8471609000,ita,2025-04-05,NA
8471609030,ita,2025-04-05,NA
8471609050,ita,2025-04-05,NA
8471701000,ita,2025-04-05,NA
8471702000,ita,2025-04-05,NA
8471703000,ita,2025-04-05,NA
8471704000,ita,2025-04-05,NA
8471704035,ita,2025-04-05,NA
8471704065,ita,2025-04-05,NA
8471704095,ita,2025-04-05,NA
8471705000,ita,2025-04-05,NA
8471705035,ita,2025-04-05,NA
8471705065,ita,2025-04-05,NA
8471705095,ita,2025-04-05,NA
8471706000,ita,2025-04-05,NA
8471709000,ita,2025-04-05,NA
8471801000,ita,2025-04-05,NA
8471804000,ita,2025-04-05,NA
8471809000,ita,2025-04-05,NA
8471900000,ita,2025-04-05,NA
8473301140,ita,2025-04-05,NA
8473301180,ita,2025-04-05,NA
8473302000,ita,2025-04-05,NA
8473305100,ita,2025-04-05,NA
8473309100,ita,2025-04-05,NA
8479891000,annex_ii,NA,NA
8479892000,annex_ii,NA,NA
8479896500,annex_ii,NA,NA
8479897000,annex_ii,NA,NA
8479899500,annex_ii,NA,NA
8479899550,annex_ii,NA,NA
8479899560,annex_ii,NA,NA
8479899565,annex_ii,NA,NA
8479899585,annex_ii,NA,NA
8479899595,annex_ii,NA,NA
8479899596,annex_ii,NA,NA
8479899599,annex_ii,NA,NA
8479904100,annex_ii,NA,NA
8479904500,annex_ii,NA,NA
8479905500,annex_ii,NA,NA
8479906500,annex_ii,NA,NA
8479907500,annex_ii,NA,NA
8479908500,annex_ii,NA,NA
8479909500,annex_ii,NA,NA
8479909530,annex_ii,NA,NA
8479909550,annex_ii,NA,NA
8479909560,annex_ii,NA,NA
8479909565,annex_ii,NA,NA
8479909596,annex_ii,NA,NA
8483101000,annex_ii,NA,NA
8483101010,annex_ii,NA,NA
8483101030,annex_ii,NA,NA
8483101050,annex_ii,NA,NA
8483103000,annex_ii,NA,NA
8483103010,annex_ii,NA,NA
8483103050,annex_ii,NA,NA
8483105000,annex_ii,NA,NA
8483304000,annex_ii,NA,NA
8483304040,annex_ii,NA,NA
8483304080,annex_ii,NA,NA
8483308000,annex_ii,NA,NA
8483308020,annex_ii,NA,NA
8483308040,annex_ii,NA,NA
8483308055,annex_ii,NA,NA
8483308065,annex_ii,NA,NA
8483308070,annex_ii,NA,NA
8483308090,annex_ii,NA,NA
8483401000,annex_ii,NA,NA
8483403000,annex_ii,NA,NA
8483403040,annex_ii,NA,NA
8483403080,annex_ii,NA,NA
8483405000,annex_ii,NA,NA
8483405010,annex_ii,NA,NA
8483405020,annex_ii,NA,NA
8483405080,annex_ii,NA,NA
8483407000,annex_ii,NA,NA
8483408000,annex_ii,NA,NA
8483409000,annex_ii,NA,NA
8483504000,annex_ii,NA,NA
8483506000,annex_ii,NA,NA
8483509000,annex_ii,NA,NA
8483509040,annex_ii,NA,NA
8483509080,annex_ii,NA,NA
8483604000,annex_ii,NA,NA
8483604040,annex_ii,NA,NA
8483604080,annex_ii,NA,NA
8483608000,annex_ii,NA,NA
8483901000,annex_ii,NA,NA
8483901010,annex_ii,NA,NA
8483901050,annex_ii,NA,NA
8483902000,annex_ii,NA,NA
8483903000,annex_ii,NA,NA
8483905000,annex_ii,NA,NA
8483905010,annex_ii,NA,NA
8483905020,annex_ii,NA,NA
8483905080,annex_ii,NA,NA
8483908000,annex_ii,NA,NA
8483908010,annex_ii,NA,NA
8483908040,annex_ii,NA,NA
8483908080,annex_ii,NA,NA
8484100000,annex_ii,NA,NA
8484900000,annex_ii,NA,NA
8486100000,ita,2025-04-05,NA
8486200000,ita,2025-04-05,NA
8486300000,ita,2025-04-05,NA
8486400010,ita,2025-04-05,NA
8486400020,ita,2025-04-05,NA
8486400030,ita,2025-04-05,NA
8486900000,ita,2025-04-05,NA
8501205000,annex_ii,NA,NA
8501206000,annex_ii,NA,NA
8501315000,annex_ii,NA,NA
8501316000,annex_ii,NA,NA
8501318100,annex_ii,NA,NA
8501322000,annex_ii,NA,NA
8501325500,annex_ii,NA,NA
8501325520,annex_ii,NA,NA
8501325540,annex_ii,NA,NA
8501326100,annex_ii,NA,NA
8501332000,annex_ii,NA,NA
8501332040,annex_ii,NA,NA
8501332080,annex_ii,NA,NA
8501333000,annex_ii,NA,NA
8501336100,annex_ii,NA,NA
8501346100,annex_ii,NA,NA
8501405000,annex_ii,NA,NA
8501405020,annex_ii,NA,NA
8501405040,annex_ii,NA,NA
8501406000,annex_ii,NA,NA
8501406020,annex_ii,NA,NA
8501406040,annex_ii,NA,NA
8501515000,annex_ii,NA,NA
8501515020,annex_ii,NA,NA
8501515040,annex_ii,NA,NA
8501516000,annex_ii,NA,NA
8501516020,annex_ii,NA,NA
8501516040,annex_ii,NA,NA
8501524000,annex_ii,NA,NA
8501528000,annex_ii,NA,NA
8501528020,annex_ii,NA,NA
8501528040,annex_ii,NA,NA
8501534000,annex_ii,NA,NA
8501534040,annex_ii,NA,NA
8501534080,annex_ii,NA,NA
8501536000,annex_ii,NA,NA
8501610100,annex_ii,NA,NA
8501620100,annex_ii,NA,NA
8501630100,annex_ii,NA,NA
8501710000,annex_ii,NA,NA
8501721000,annex_ii,NA,NA
8501722000,annex_ii,NA,NA
8501723000,annex_ii,NA,NA
8501729000,annex_ii,NA,NA
8501801000,annex_ii,NA,NA
8501802000,annex_ii,NA,NA
8501803000,annex_ii,NA,NA
8502110000,annex_ii,NA,NA
8502120000,annex_ii,NA,NA
8502130000,annex_ii,NA,NA
8502130020,annex_ii,NA,NA
8502130040,annex_ii,NA,NA
8502200000,annex_ii,NA,NA
8502200030,annex_ii,NA,NA
8502200060,annex_ii,NA,NA
8502200070,annex_ii,NA,NA
8502200085,annex_ii,NA,NA
8502310000,annex_ii,NA,NA
8502390000,annex_ii,NA,NA
8502390040,annex_ii,NA,NA
8502390080,annex_ii,NA,NA
8502400000,annex_ii,NA,NA
8504100000,annex_ii,NA,NA
8504312000,annex_ii,NA,NA
8504314000,annex_ii,NA,NA
8504314035,annex_ii,NA,NA
8504314065,annex_ii,NA,NA
8504316000,annex_ii,NA,NA
8504320000,annex_ii,NA,NA
8504330000,annex_ii,NA,NA
8504330020,annex_ii,NA,NA
8504330040,annex_ii,NA,NA
8504404000,annex_ii,NA,NA
8504406000,annex_ii,NA,NA
8504406001,annex_ii,NA,NA
8504406007,annex_ii,NA,NA
8504406012,annex_ii,NA,NA
8504406018,annex_ii,NA,NA
8504407000,annex_ii,NA,NA
8504407001,annex_ii,NA,NA
8504407007,annex_ii,NA,NA
8504407012,annex_ii,NA,NA
8504407018,annex_ii,NA,NA
8504408500,annex_ii,NA,NA
8504409500,annex_ii,NA,NA
8504409510,annex_ii,NA,NA
8504409520,annex_ii,NA,NA
8504409530,annex_ii,NA,NA
8504409540,annex_ii,NA,NA
8504409550,annex_ii,NA,NA
8504409570,annex_ii,NA,NA
8504409580,annex_ii,NA,NA
8504504000,annex_ii,NA,NA
8504508000,annex_ii,NA,NA
8505110010,annex_ii,2025-09-08,NA
8505110030,annex_ii,2025-09-08,NA
8505110050,annex_ii,2025-09-08,NA
8505110070,annex_ii,2025-09-08,NA
850511007000,annex_ii,2025-09-08,NA
8505110090,annex_ii,2025-09-08,NA
8507100000,annex_ii,NA,NA
8507100030,annex_ii,NA,NA
8507100060,annex_ii,NA,NA
8507100090,annex_ii,NA,NA
8507208000,annex_ii,NA,NA
8507208010,annex_ii,NA,NA
8507208031,annex_ii,NA,NA
8507208041,annex_ii,NA,NA
8507208061,annex_ii,NA,NA
8507208091,annex_ii,NA,NA
8507308000,annex_ii,NA,NA
8507308010,annex_ii,NA,NA
8507308090,annex_ii,NA,NA
8507500000,annex_ii,NA,NA
8507600000,annex_ii,NA,NA
8507600010,annex_ii,NA,NA
8507600020,annex_ii,NA,NA
8507600030,annex_ii,NA,NA
8507600090,annex_ii,NA,NA
8507808200,annex_ii,NA,NA
8507904000,annex_ii,NA,NA
8507908000,annex_ii,NA,NA
8511100000,annex_ii,NA,NA
8511200000,annex_ii,NA,NA
8511300000,annex_ii,NA,NA
8511300040,annex_ii,NA,NA
8511300080,annex_ii,NA,NA
8511400000,annex_ii,NA,NA
8511500000,annex_ii,NA,NA
8511802000,annex_ii,NA,NA
8511804000,annex_ii,NA,NA
8511806000,annex_ii,NA,NA
8514204000,annex_ii,NA,NA
8516804000,annex_ii,NA,NA
8516808000,annex_ii,NA,NA
8517130000,annex_ii,2025-04-05,NA
8517140000,annex_ii,NA,NA
8517140020,annex_ii,NA,NA
8517140050,annex_ii,NA,NA
8517140080,annex_ii,NA,NA
8517610000,annex_ii,NA,NA
8517620000,annex_ii,2025-04-05,NA
8517620010,annex_ii,2025-04-05,NA
8517620020,annex_ii,2025-04-05,NA
8517620090,annex_ii,2025-04-05,NA
8517690000,annex_ii,NA,NA
8517710000,annex_ii,NA,NA
8518108000,annex_ii,NA,NA
8518108030,annex_ii,NA,NA
8518108040,annex_ii,NA,NA
8518210000,annex_ii,NA,NA
8518220000,annex_ii,NA,NA
8518294000,annex_ii,NA,NA
8518298000,annex_ii,NA,NA
8518301000,annex_ii,NA,NA
8518302000,annex_ii,NA,NA
8518401000,annex_ii,NA,NA
8518402000,annex_ii,NA,NA
8518500000,annex_ii,NA,NA
8519811000,annex_ii,NA,NA
8519812000,annex_ii,NA,NA
8519812500,annex_ii,NA,NA
8519813000,annex_ii,NA,NA
8519813010,annex_ii,NA,NA
8519813020,annex_ii,NA,NA
8519814100,annex_ii,NA,NA
8519814105,annex_ii,NA,NA
8519814110,annex_ii,NA,NA
8519814120,annex_ii,NA,NA
8519814150,annex_ii,NA,NA
8519891000,annex_ii,NA,NA
8519892000,annex_ii,NA,NA
8519893000,annex_ii,NA,NA
8521103000,annex_ii,NA,NA
8521106000,annex_ii,NA,NA
8521109000,annex_ii,NA,NA
8522902500,annex_ii,NA,NA
8522903600,annex_ii,NA,NA
8522904500,annex_ii,NA,NA
8522905800,annex_ii,NA,NA
8522905840,annex_ii,NA,NA
8522905880,annex_ii,NA,NA
8522906500,annex_ii,NA,NA
8522908000,annex_ii,NA,NA
8522908040,annex_ii,NA,NA
8522908081,annex_ii,NA,NA
8523510000,ita,2025-04-05,NA
8524111000,ita,2025-04-05,NA
8524119000,ita,2025-04-05,NA
8524120000,ita,2025-04-05,NA
8524190000,ita,2025-04-05,NA
8524911000,ita,2025-04-05,NA
8524919000,ita,2025-04-05,NA
8524920000,ita,2025-04-05,NA
8524990000,ita,2025-04-05,NA
8526100000,annex_ii,NA,NA
8526100020,annex_ii,NA,NA
8526100040,annex_ii,NA,NA
8526910000,annex_ii,NA,NA
8526910020,annex_ii,NA,NA
8526910040,annex_ii,NA,NA
8526921000,annex_ii,NA,NA
8526925000,annex_ii,NA,NA
8528420000,annex_ii,NA,NA
8528520000,annex_ii,2025-04-05,NA
8528620000,annex_ii,NA,NA
8529102100,annex_ii,NA,NA
8529102120,annex_ii,NA,NA
8529102150,annex_ii,NA,NA
8529102190,annex_ii,NA,NA
8529104000,annex_ii,NA,NA
8529104040,annex_ii,NA,NA
8529104080,annex_ii,NA,NA
8529109100,annex_ii,NA,NA
8529900400,annex_ii,NA,NA
8529900500,annex_ii,NA,NA
8529900600,annex_ii,NA,NA
8529900900,annex_ii,NA,NA
8529901300,annex_ii,NA,NA
8529901600,annex_ii,NA,NA
8529901620,annex_ii,NA,NA
8529901640,annex_ii,NA,NA
8529901660,annex_ii,NA,NA
8529901900,annex_ii,NA,NA
8529901920,annex_ii,NA,NA
8529901940,annex_ii,NA,NA
8529901960,annex_ii,NA,NA
8529902100,annex_ii,NA,NA
8529902400,annex_ii,NA,NA
8529902401,annex_ii,NA,NA
8529902900,annex_ii,NA,NA
8529903300,annex_ii,NA,NA
8529903600,annex_ii,NA,NA
8529903900,annex_ii,NA,NA
8529904300,annex_ii,NA,NA
8529904600,annex_ii,NA,NA
8529904900,annex_ii,NA,NA
8529905500,annex_ii,NA,NA
8529906300,annex_ii,NA,NA
8529906800,annex_ii,NA,NA
8529907300,annex_ii,NA,NA
8529907700,annex_ii,NA,NA
8529907800,annex_ii,NA,NA
8529908100,annex_ii,NA,NA
8529908300,annex_ii,NA,NA
8529908700,annex_ii,NA,NA
8529908800,annex_ii,NA,NA
8529908900,annex_ii,NA,NA
8529909300,annex_ii,NA,NA
8529909345,annex_ii,NA,NA
8529909380,annex_ii,NA,NA
8529909500,annex_ii,NA,NA
8529909520,annex_ii,NA,NA
8529909540,annex_ii,NA,NA
8529909560,annex_ii,NA,NA
8529909700,annex_ii,NA,NA
8529909720,annex_ii,NA,NA
8529909740,annex_ii,NA,NA
8529909760,annex_ii,NA,NA
8529909800,annex_ii,NA,NA
8531100000,annex_ii,NA,NA
8531100015,annex_ii,NA,NA
8531100025,annex_ii,NA,NA
8531100035,annex_ii,NA,NA
8531100045,annex_ii,NA,NA
8531200000,annex_ii,NA,NA
8531200020,annex_ii,NA,NA
8531200040,annex_ii,NA,NA
8531801500,annex_ii,NA,NA
8531809000,annex_ii,NA,NA
8531809005,annex_ii,NA,NA
8531809026,annex_ii,NA,NA
8531809031,annex_ii,NA,NA
8531809041,annex_ii,NA,NA
8531809051,annex_ii,NA,NA
8536700000,annex_ii,NA,NA
8539100000,annex_ii,NA,NA
8539100010,annex_ii,NA,NA
8539100030,annex_ii,NA,NA
8539100050,annex_ii,NA,NA
8539100060,annex_ii,NA,NA
8539510000,annex_ii,NA,NA
8541100000,ita,NA,NA
8541100040,ita,NA,NA
8541100050,ita,NA,NA
8541100060,ita,NA,NA
8541100070,ita,NA,NA
8541100080,ita,NA,NA
8541210000,ita,NA,NA
8541210040,ita,NA,NA
8541210075,ita,NA,NA
8541210095,ita,NA,NA
8541290000,ita,NA,NA
8541290040,ita,NA,NA
8541290055,ita,NA,NA
8541290065,ita,NA,NA
8541290075,ita,NA,NA
8541290085,ita,NA,NA
8541290095,ita,NA,NA
8541300000,ita,NA,NA
8541300040,ita,NA,NA
8541300080,ita,NA,NA
8541410000,ita,2025-09-08,NA
8541491000,ita,NA,NA
8541491010,ita,NA,NA
8541491050,ita,NA,NA
8541497000,ita,NA,NA
8541497040,ita,NA,NA
8541497080,ita,NA,NA
8541498000,ita,NA,NA
8541499500,ita,NA,NA
8541510000,ita,NA,NA
8541590000,ita,NA,NA
8541590040,ita,NA,NA
8541590080,ita,NA,NA
8541600010,annex_ii,NA,NA
8541600020,annex_ii,NA,NA
8541600030,annex_ii,NA,NA
8541600050,annex_ii,NA,NA
8541600060,annex_ii,NA,NA
8541600080,annex_ii,NA,NA
8541900000,ita,NA,NA
8541900010,ita,NA,NA
8541900080,ita,NA,NA
8542310000,ita,NA,NA
8542310015,ita,NA,NA
8542310020,ita,NA,NA
8542310025,ita,NA,NA
8542310030,ita,NA,NA
8542310035,ita,NA,NA
8542310040,ita,NA,NA
8542310045,ita,NA,NA
8542310050,ita,NA,NA
8542310055,ita,NA,NA
8542310060,ita,NA,NA
8542310065,ita,NA,NA
8542310070,ita,NA,NA
8542310075,ita,NA,NA
8542320000,ita,NA,NA
8542320002,ita,NA,NA
8542320024,ita,NA,NA
8542320028,ita,NA,NA
8542320032,ita,NA,NA
8542320036,ita,NA,NA
8542320041,ita,NA,NA
8542320051,ita,NA,NA
8542320061,ita,NA,NA
8542320071,ita,NA,NA
8542330000,ita,NA,NA
8542330001,ita,NA,NA
8542390000,ita,NA,NA
8542390010,ita,NA,NA
8542390020,ita,NA,NA
8542390030,ita,NA,NA
8542390040,ita,NA,NA
8542390050,ita,NA,NA
8542390070,ita,NA,NA
8542390090,ita,NA,NA
8542900000,ita,NA,NA
8543704200,annex_ii,NA,NA
8543704500,annex_ii,NA,NA
8543706000,annex_ii,NA,NA
8543708000,annex_ii,NA,NA
8543709100,annex_ii,NA,NA
8543709500,annex_ii,NA,NA
8543901200,annex_ii,NA,NA
8543901500,annex_ii,NA,NA
8543903500,annex_ii,NA,NA
8543906500,annex_ii,NA,NA
8543906800,annex_ii,NA,NA
8543908500,annex_ii,NA,NA
8543908800,annex_ii,NA,NA
8543908845,annex_ii,NA,NA
8543908865,annex_ii,NA,NA
8543908885,annex_ii,NA,NA
8544300000,annex_ii,NA,NA
8801000000,annex_ii,NA,NA
8801000010,annex_ii,NA,NA
8801000020,annex_ii,NA,NA
8801000050,annex_ii,NA,NA
8802110100,annex_ii,NA,NA
8802110115,annex_ii,NA,NA
8802110130,annex_ii,NA,NA
8802110145,annex_ii,NA,NA
8802110160,annex_ii,NA,NA
8802110190,annex_ii,NA,NA
8802120100,annex_ii,NA,NA
8802120120,annex_ii,NA,NA
8802120140,annex_ii,NA,NA
8802120160,annex_ii,NA,NA
8802120180,annex_ii,NA,NA
8802200100,annex_ii,NA,NA
8802200115,annex_ii,NA,NA
8802200120,annex_ii,NA,NA
8802200130,annex_ii,NA,NA
8802200140,annex_ii,NA,NA
8802200150,annex_ii,NA,NA
8802200160,annex_ii,NA,NA
8802200170,annex_ii,NA,NA
8802200180,annex_ii,NA,NA
8802300100,annex_ii,NA,NA
8802300110,annex_ii,NA,NA
8802300120,annex_ii,NA,NA
8802300130,annex_ii,NA,NA
8802300140,annex_ii,NA,NA
8802300150,annex_ii,NA,NA
8802300160,annex_ii,NA,NA
8802300170,annex_ii,NA,NA
8802300180,annex_ii,NA,NA
8802400100,annex_ii,NA,NA
8802400115,annex_ii,NA,NA
8802400120,annex_ii,NA,NA
8802400130,annex_ii,NA,NA
8802400140,annex_ii,NA,NA
8802400160,annex_ii,NA,NA
8802400170,annex_ii,NA,NA
8802400180,annex_ii,NA,NA
8802400190,annex_ii,NA,NA
8805290000,annex_ii,NA,NA
8806100000,annex_ii,NA,NA
8806210000,annex_ii,NA,NA
8806220000,annex_ii,NA,NA
8806230000,annex_ii,NA,NA
8806240000,annex_ii,NA,NA
8806290000,annex_ii,NA,NA
8806910000,annex_ii,NA,NA
8806920000,annex_ii,NA,NA
8806930000,annex_ii,NA,NA
8806940000,annex_ii,NA,NA
8806990000,annex_ii,NA,NA
8807100000,annex_ii,NA,NA
8807100015,annex_ii,NA,NA
8807100030,annex_ii,NA,NA
8807100060,annex_ii,NA,NA
8807200000,annex_ii,NA,NA
8807200015,annex_ii,NA,NA
8807200030,annex_ii,NA,NA
8807200060,annex_ii,NA,NA
8807300000,annex_ii,NA,NA
8807300015,annex_ii,NA,NA
8807300030,annex_ii,NA,NA
8807300060,annex_ii,NA,NA
8807909000,annex_ii,NA,NA
8807909015,annex_ii,NA,NA
8807909030,annex_ii,NA,NA
8807909060,annex_ii,NA,NA
9001904000,annex_ii,NA,NA
9001905000,annex_ii,NA,NA
9001906000,annex_ii,NA,NA
9001908000,annex_ii,NA,NA
9001909000,annex_ii,NA,NA
9002902000,annex_ii,NA,NA
9002904000,annex_ii,NA,NA
9002907000,annex_ii,NA,NA
9002908500,annex_ii,NA,NA
9002909500,annex_ii,NA,NA
9014101000,annex_ii,NA,NA
9014106000,annex_ii,NA,NA
9014107000,annex_ii,NA,NA
9014107030,annex_ii,NA,NA
9014107060,annex_ii,NA,NA
9014109000,annex_ii,NA,NA
9014202000,annex_ii,NA,NA
9014204000,annex_ii,NA,NA
9014206000,annex_ii,NA,NA
9014208000,annex_ii,NA,NA
9014208040,annex_ii,NA,NA
9014208080,annex_ii,NA,NA
9014805000,annex_ii,NA,NA
9014901000,annex_ii,NA,NA
9014902000,annex_ii,NA,NA
9014902040,annex_ii,NA,NA
9014902080,annex_ii,NA,NA
9014904000,annex_ii,NA,NA
9014906000,annex_ii,NA,NA
9020004000,annex_ii,NA,NA
9020006000,annex_ii,NA,NA
9025112000,annex_ii,NA,NA
9025114000,annex_ii,NA,NA
9025194000,annex_ii,NA,NA
9025198000,annex_ii,NA,NA
9025198010,annex_ii,NA,NA
9025198020,annex_ii,NA,NA
9025198060,annex_ii,NA,NA
9025198085,annex_ii,NA,NA
9025801000,annex_ii,NA,NA
9025801500,annex_ii,NA,NA
9025802000,annex_ii,NA,NA
9025803500,annex_ii,NA,NA
9025804000,annex_ii,NA,NA
9025805000,annex_ii,NA,NA
9025900600,annex_ii,NA,NA
9026102000,annex_ii,NA,NA
9026102040,annex_ii,NA,NA
9026102080,annex_ii,NA,NA
9026104000,annex_ii,NA,NA
9026106000,annex_ii,NA,NA
9026204000,annex_ii,NA,NA
9026208000,annex_ii,NA,NA
9026802000,annex_ii,NA,NA
9026804000,annex_ii,NA,NA
9026806000,annex_ii,NA,NA
9026902000,annex_ii,NA,NA
9026904000,annex_ii,NA,NA
9026906000,annex_ii,NA,NA
9029108000,annex_ii,NA,NA
9029204000,annex_ii,NA,NA
9029204040,annex_ii,NA,NA
9029204080,annex_ii,NA,NA
9029908000,annex_ii,NA,NA
9029908040,annex_ii,NA,NA
9029908080,annex_ii,NA,NA
9030100000,annex_ii,NA,NA
9030200500,annex_ii,NA,NA
9030201000,annex_ii,NA,NA
9030310000,annex_ii,NA,NA
9030320000,annex_ii,NA,NA
9030333400,annex_ii,NA,NA
9030333800,annex_ii,NA,NA
9030390100,annex_ii,NA,NA
9030400000,annex_ii,NA,NA
9030840000,annex_ii,NA,NA
9030890100,annex_ii,NA,NA
9030902500,annex_ii,NA,NA
9030904600,annex_ii,NA,NA
9030906600,annex_ii,NA,NA
9030906800,annex_ii,NA,NA
9030908400,annex_ii,NA,NA
9030908900,annex_ii,NA,NA
9030908911,annex_ii,NA,NA
9030908921,annex_ii,NA,NA
9030908922,annex_ii,NA,NA
9030908923,annex_ii,NA,NA
9030908931,annex_ii,NA,NA
9030908940,annex_ii,NA,NA
9030908956,annex_ii,NA,NA
9030908961,annex_ii,NA,NA
9031494000,annex_ii,NA,NA
9031497000,annex_ii,NA,NA
9031804000,annex_ii,NA,NA
9031808000,annex_ii,NA,NA
9031808060,annex_ii,NA,NA
9031808070,annex_ii,NA,NA
9031808085,annex_ii,NA,NA
9031902100,annex_ii,NA,NA
9031904500,annex_ii,NA,NA
9031905400,annex_ii,NA,NA
9031905900,annex_ii,NA,NA
9031907000,annex_ii,NA,NA
9031909100,annex_ii,NA,NA
9031909130,annex_ii,NA,NA
9031909160,annex_ii,NA,NA
9031909195,annex_ii,NA,NA
9032100000,annex_ii,NA,NA
9032100030,annex_ii,NA,NA
9032100060,annex_ii,NA,NA
9032100090,annex_ii,NA,NA
9032200000,annex_ii,NA,NA
9032810000,annex_ii,NA,NA
9032810020,annex_ii,NA,NA
9032810060,annex_ii,NA,NA
9032810080,annex_ii,NA,NA
9032892000,annex_ii,NA,NA
9032894000,annex_ii,NA,NA
9032896000,annex_ii,NA,NA
9032896015,annex_ii,NA,NA
9032896025,annex_ii,NA,NA
9032896030,annex_ii,NA,NA
9032896040,annex_ii,NA,NA
9032896050,annex_ii,NA,NA
9032896060,annex_ii,NA,NA
9032896070,annex_ii,NA,NA
9032896075,annex_ii,NA,NA
9032896085,annex_ii,NA,NA
9032902100,annex_ii,NA,NA
9032904100,annex_ii,NA,NA
9032906100,annex_ii,NA,NA
9032906120,annex_ii,NA,NA
9032906140,annex_ii,NA,NA
9032906160,annex_ii,NA,NA
9032906180,annex_ii,NA,NA
9033009000,annex_ii,NA,NA
9104000500,annex_ii,NA,NA
9104001000,annex_ii,NA,NA
9104002000,annex_ii,NA,NA
9104002500,annex_ii,NA,NA
9104003000,annex_ii,NA,NA
9104004000,annex_ii,NA,NA
9104004500,annex_ii,NA,NA
9104005000,annex_ii,NA,NA
9104006000,annex_ii,NA,NA
9109105000,annex_ii,NA,NA
9109106000,annex_ii,NA,NA
9109902000,annex_ii,NA,NA
9401104000,annex_ii,NA,NA
9401108000,annex_ii,NA,NA
9403200000,annex_ii,NA,NA
9403200011,annex_ii,NA,NA
9403200016,annex_ii,NA,NA
9403200017,annex_ii,NA,NA
9403200035,annex_ii,NA,NA
9403200040,annex_ii,NA,NA
9403200046,annex_ii,NA,NA
9403200048,annex_ii,NA,NA
9403200050,annex_ii,NA,NA
9403200075,annex_ii,NA,NA
9403200078,annex_ii,NA,NA
9403200082,annex_ii,NA,NA
9403200086,annex_ii,NA,NA
9403200090,annex_ii,NA,NA
9403704000,annex_ii,NA,NA
9403704001,annex_ii,NA,NA
9403704002,annex_ii,NA,NA
9403704003,annex_ii,NA,NA
9403704015,annex_ii,NA,NA
9403704020,annex_ii,NA,NA
9403704031,annex_ii,NA,NA
9403708000,annex_ii,NA,NA
9403708001,annex_ii,NA,NA
9403708002,annex_ii,NA,NA
9403708003,annex_ii,NA,NA
9403708015,annex_ii,NA,NA
9403708020,annex_ii,NA,NA
9403708031,annex_ii,NA,NA
9405114000,annex_ii,NA,NA
9405114010,annex_ii,NA,NA
9405114020,annex_ii,NA,NA
9405116000,annex_ii,NA,NA
9405116010,annex_ii,NA,NA
9405116020,annex_ii,NA,NA
9405118000,annex_ii,NA,NA
9405118010,annex_ii,NA,NA
9405118020,annex_ii,NA,NA
9405194000,annex_ii,NA,NA
9405194010,annex_ii,NA,NA
9405194020,annex_ii,NA,NA
9405196000,annex_ii,NA,NA
9405196010,annex_ii,NA,NA
9405196020,annex_ii,NA,NA
9405198000,annex_ii,NA,NA
9405198010,annex_ii,NA,NA
9405198020,annex_ii,NA,NA
9405612000,annex_ii,NA,NA
9405614000,annex_ii,NA,NA
9405616000,annex_ii,NA,NA
9405692000,annex_ii,NA,NA
9405694000,annex_ii,NA,NA
9405696000,annex_ii,NA,NA
9405920000,annex_ii,NA,NA
9405992000,annex_ii,NA,NA
9405994000,annex_ii,NA,NA
9405994010,annex_ii,NA,NA
9405994020,annex_ii,NA,NA
9405994090,annex_ii,NA,NA
9620005000,annex_ii,NA,NA
9620006000,annex_ii,NA,NA
9801001010,ch98,NA,NA
9801001012,ch98,NA,NA
9801001015,ch98,NA,NA
9801001026,ch98,NA,NA
9801001027,ch98,NA,NA
9801001028,ch98,NA,NA
9801001029,ch98,NA,NA
9801001030,ch98,NA,NA
9801001031,ch98,NA,NA
9801001035,ch98,NA,NA
9801001037,ch98,NA,NA
9801001043,ch98,NA,NA
9801001045,ch98,NA,NA
9801001049,ch98,NA,NA
9801001051,ch98,NA,NA
9801001053,ch98,NA,NA
9801001055,ch98,NA,NA
9801001059,ch98,NA,NA
9801001063,ch98,NA,NA
9801001064,ch98,NA,NA
9801001065,ch98,NA,NA
9801001066,ch98,NA,NA
9801001067,ch98,NA,NA
9801001069,ch98,NA,NA
9801001074,ch98,NA,NA
9801001075,ch98,NA,NA
9801001077,ch98,NA,NA
9801001079,ch98,NA,NA
9801001089,ch98,NA,NA
9801001090,ch98,NA,NA
9801001092,ch98,NA,NA
9801001094,ch98,NA,NA
9801001097,ch98,NA,NA
9801001098,ch98,NA,NA
9801001100,ch98,NA,NA
9801002000,ch98,NA,NA
9801002500,ch98,NA,NA
9801002600,ch98,NA,NA
9801003000,ch98,NA,NA
9801007000,ch98,NA,NA
9801008010,ch98,NA,NA
9801008020,ch98,NA,NA
9801008030,ch98,NA,NA
9801008040,ch98,NA,NA
9801008090,ch98,NA,NA
9801008500,ch98,NA,NA
9801009000,ch98,NA,NA
9802002000,ch98,NA,NA
9802004000,annex_ii,NA,NA
9802004020,annex_ii,NA,NA
9802004040,annex_ii,NA,NA
9802005000,annex_ii,NA,NA
9802005010,annex_ii,NA,NA
9802005030,annex_ii,NA,NA
9802005060,annex_ii,NA,NA
9802006000,annex_ii,NA,NA
9802008000,annex_ii,NA,NA
9802008015,annex_ii,NA,NA
9802008016,annex_ii,NA,NA
9802008040,annex_ii,NA,NA
9802008042,annex_ii,NA,NA
9802008044,annex_ii,NA,NA
9802008046,annex_ii,NA,NA
9802008048,annex_ii,NA,NA
9802008069,annex_ii,NA,NA
9802009100,ch98,NA,NA
9808001000,ch98,NA,NA
9808002000,ch98,NA,NA
9808003000,ch98,NA,NA
9808004000,ch98,NA,NA
9808005000,ch98,NA,NA
9808006000,ch98,NA,NA
9808007000,ch98,NA,NA
9808008000,ch98,NA,NA
9810000500,ch98,NA,NA
9810001000,ch98,NA,NA
9810001500,ch98,NA,NA
9810002000,ch98,NA,NA
9810002500,ch98,NA,NA
9810003000,ch98,NA,NA
9810003500,ch98,NA,NA
9810004000,ch98,NA,NA
9810004500,ch98,NA,NA
9810005000,ch98,NA,NA
9810005500,ch98,NA,NA
9810006000,ch98,NA,NA
9810006500,ch98,NA,NA
9810006700,ch98,NA,NA
9810007000,ch98,NA,NA
9810007500,ch98,NA,NA
9810008000,ch98,NA,NA
9810008500,ch98,NA,NA
9810009000,ch98,NA,NA
9810009500,ch98,NA,NA
9812002000,ch98,NA,NA
9812004000,ch98,NA,NA
9813000520,ch98,NA,NA
9813000540,ch98,NA,NA
9814005000,ch98,NA,NA
9815002000,ch98,NA,NA
9815004000,ch98,NA,NA
9815006000,ch98,NA,NA
9817002000,ch98,NA,NA
9817003000,ch98,NA,NA
9817004000,ch98,NA,NA
9817004200,ch98,NA,NA
9817004400,ch98,NA,NA
9817004600,ch98,NA,NA
9817004800,ch98,NA,NA
9817005000,ch98,NA,NA
9817006000,ch98,NA,NA
9817007000,ch98,NA,NA
9817009040,ch98,NA,NA
9817009060,ch98,NA,NA
9817009080,ch98,NA,NA
9817009800,ch98,NA,NA
9817600000,ch98,NA,NA
9818000100,ch98,NA,NA
9818000300,ch98,NA,NA
9818000500,ch98,NA,NA
9818000700,ch98,NA,NA
