GOODS_CODE,SUFFIX,INDENT,DESCRIPTION,UNIT,IS_LEAF,START_DATE
01,80,0,제1류 살아 있는 동물,,0,
0101,80,1,살아 있는 말ㆍ당나귀ㆍ노새ㆍ버새,,0,
01012,80,2,말,,0,
010121,80,3,번식용,,0,
0101211000,80,4,농가 사육용,U,1,2013-01-01
0101219000,80,4,기타,U,1,2012-01-01
010129,80,3,기타,,0,
0101291000,80,4,경주말,U,1,2012-01-01
0101299000,80,4,기타,U,1,2012-01-01
0101300000,80,2,당나귀,U,1,2022-01-01
0101900000,80,2,기타,U,1,2012-01-01
0102,80,1,살아 있는 소,,0,
01022,80,2,축우(畜牛),,0,
010221,80,3,번식용,,0,
0102211000,80,4,젖소,U,1,2017-01-01
0102212000,80,4,육우(肉牛),U,1,2015-01-01
0102219000,80,4,기타,U,1,2012-01-01
010229,80,3,기타,,0,
0102291000,80,4,젖소,U,1,2017-01-01
0102292000,80,4,육우(肉牛),U,1,2015-01-01
0102299000,80,4,기타,U,1,2012-01-01
01023,80,2,버팔로,,0,
0102310000,80,3,번식용,U,1,2014-01-01
010239,80,3,기타,,0,
0102391000,80,4,젖소,U,1,2017-01-01
0102392000,80,4,육우(肉牛),U,1,2015-01-01
0102399000,80,4,기타,U,1,2012-01-01
010290,80,2,기타,,0,
0102901000,80,3,번식용,U,1,2014-01-01
01029090,80,3,기타,,0,
0102909010,80,4,젖소,U,1,2012-01-01
0102909020,80,4,육우(肉牛),U,1,2015-01-01
0102909090,80,4,기타,U,1,2012-01-01
0103,80,1,살아 있는 돼지,,0,
0103100000,80,2,번식용,U,1,2013-01-01
01039,80,2,기타,,0,
0103910000,80,3,중량이 50킬로그램 미만인 것,U,1,2002-01-01
0103920000,80,3,중량이 50킬로그램 이상인 것,U,1,2002-01-01
0104,80,1,살아 있는 면양과 염소,,0,
010410,80,2,면양,,0,
0104101000,80,3,번식용,U,1,2013-01-01
0104109000,80,3,기타,U,1,2007-01-01
010420,80,2,염소,,0,
0104201000,80,3,젖염소,U,1,2022-01-01
0104209000,80,3,기타,U,1,2002-01-01
0105,80,1,살아 있는 가금(家禽)류[닭(갈루스 도메스티쿠스(Gallus domesticus)종으로 한정한다)ㆍ오리ㆍ거위ㆍ칠면조ㆍ기니아새로 한정한다],,0,
01051,80,2,중량이 185그램 이하인 것,,0,
010511,80,3,닭[갈루스 도메스티쿠스(Gallus domesticus)종으로 한정한다],,0,
0105111000,80,4,번식용,U,1,2013-01-01
0105119000,80,4,기타,U,1,2002-01-01
0105120000,80,3,칠면조,U,1,2002-01-01
010513,80,3,오리,,0,
0105131000,80,4,번식용,U,1,2013-01-01
0105139000,80,4,기타,U,1,2012-01-01
0105140000,80,3,거위,U,1,2012-01-01
0105150000,80,3,기니아새,U,1,2012-01-01
01059,80,2,기타,,0,
010594,80,3,닭[갈루스 도메스티쿠스(Gallus domesticus)종으로 한정한다],,0,
0105941000,80,4,번식용,U,1,2013-01-01
0105949000,80,4,기타,U,1,2007-01-01
010599,80,3,기타,,0,
01059910,80,4,오리,,0,
0105991010,80,5,번식용,U,1,2013-01-01
0105991090,80,5,기타,U,1,2007-01-01
0105992000,80,4,칠면조,U,1,2002-01-01
0105999000,80,4,기타,U,1,2002-01-01
0106,80,1,그 밖의 살아 있는 동물,,0,
01061,80,2,포유동물,,0,
0106110000,80,3,영장류,U,1,2002-01-01
010612,80,3,"고래ㆍ돌고래ㆍ쇠돌고래(고래목의 포유동물), 매너티ㆍ듀공(바다소목의 포유동물), 물개ㆍ바다사자ㆍ바다코끼리(기각아목의 포유동물)",,0,
0106121000,80,4,"고래ㆍ돌고래ㆍ쇠돌고래(고래목의 포유동물), 매너티ㆍ듀공(바다소목의 포유동물)",U,1,2022-01-01
0106122000,80,4,"물개, 바다사자와 바다코끼리(기각아목의 포유동물)",U,1,2022-01-01
0106130000,80,3,낙타와 그 밖의 낙타과의 동물[카멜리대(Camelidae)과],U,1,2022-01-01
010614,80,3,토끼,,0,
0106141000,80,4,번식용,U,1,2013-01-01
0106149000,80,4,기타,U,1,2012-01-01
010619,80,3,기타,,0,
0106191000,80,4,개,U,1,2002-01-01
0106193000,80,4,사슴,U,1,2002-01-01
0106194000,80,4,곰,U,1,2002-01-01
01061950,80,4,여우,,0,
0106195010,80,5,번식용,U,1,2013-01-01
0106195090,80,5,기타,U,1,2007-01-01
01061960,80,4,밍크,,0,
0106196010,80,5,번식용,U,1,2013-01-01
0106196090,80,5,기타,U,1,2007-01-01
0106199000,80,4,기타,U,1,2002-01-01
010620,80,2,파충류(뱀과 거북을 포함한다),,0,
0106201000,80,3,뱀,U,1,2002-01-01
0106202000,80,3,자라,U,1,2002-01-01
0106203000,80,3,거북,U,1,2002-01-01
0106209000,80,3,기타,U,1,2017-01-01
01063,80,2,조류,,0,
0106310000,80,3,맹금류,U,1,2002-01-01
0106320000,80,3,앵무류[패럿류(parrots)ㆍ패러키트류(parakeets)ㆍ금강앵무류ㆍ유황앵무류를 포함한다],U,1,2013-01-01
0106330000,80,3,타조와 에뮤(emus)[드로마이어스 노배홀란디애(Dromaius novaehollandiae)],U,1,2017-01-01
0106390000,80,3,기타,U,1,2002-01-01
01064,80,2,곤충류,,0,
0106410000,80,3,벌,U,1,2022-01-01
0106490000,80,3,기타,U,1,2012-01-01
010690,80,2,기타,,0,
0106901000,80,3,양서류,U,1,2002-01-01
01069030,80,3,환형동물류,,0,
0106903010,80,4,갯지렁이,U,1,2002-01-01
0106903020,80,4,실지렁이,U,1,2012-01-01
0106903090,80,4,기타,U,1,2002-01-01
0106909000,80,3,기타,U,1,2002-01-01
02,80,0,제2류 육과 식용 설육(屑肉),,0,
0201,80,1,쇠고기(신선한 것이나 냉장한 것으로 한정한다),,0,
0201100000,80,2,도체(屠體)와 이분도체(二分屠體),,1,2002-01-01
020120,80,2,그 밖의 것으로서 뼈째로 절단한 것,,0,
0201201000,80,3,갈비,,1,2009-01-01
0201209000,80,3,기타,,1,2009-01-01
0201300000,80,2,뼈 없는 것,,1,2002-01-01
0202,80,1,쇠고기(냉동한 것으로 한정한다),,0,
0202100000,80,2,도체(屠體)와 이분도체(二分屠體),,1,2013-01-01
020220,80,2,그 밖의 것으로서 뼈째로 절단한 것,,0,
0202201000,80,3,갈비,,1,2009-01-01
0202209000,80,3,기타,,1,2009-01-01
0202300000,80,2,뼈 없는 것,,1,2002-01-01
0203,80,1,"돼지고기(신선한 것, 냉장하거나 냉동한 것으로 한정한다)",,0,
02031,80,2,신선한 것이거나 냉장한 것,,0,
0203110000,80,3,도체(屠體)와 이분도체(二分屠體),,1,2013-01-01
0203120000,80,3,넓적다리살ㆍ어깨살과 이를 절단한 것(뼈가 있는 것으로 한정한다),,1,2013-01-01
020319,80,3,기타,,0,
0203191000,80,4,삼겹살,,1,2002-01-01
0203199000,80,4,기타,,1,2002-01-01
02032,80,2,냉동한 것,,0,
0203210000,80,3,도체(屠體)와 이분도체(二分屠體),,1,2013-01-01
0203220000,80,3,넓적다리살ㆍ어깨살과 이를 절단한 것(뼈가 있는 것으로 한정한다),,1,2013-01-01
020329,80,3,기타,,0,
0203291000,80,4,삼겹살,,1,2002-01-01
0203299000,80,4,기타,,1,2002-01-01
0204,80,1,"면양과 염소의 고기(신선한 것, 냉장하거나 냉동한 것으로 한정한다)",,0,
0204100000,80,2,어린 면양의 도체(屠體)와 이분도체(二分屠體)(신선한 것이나 냉장한 것으로 한정한다),,1,2013-01-01
02042,80,2,그 밖의 면양의 고기(신선한 것이나 냉장한 것으로 한정한다),,0,
0204210000,80,3,도체(屠體)와 이분도체(二分屠體),,1,2013-01-01
0204220000,80,3,그 밖의 것으로서 뼈째로 절단한 것,,1,2013-01-01
0204230000,80,3,뼈 없는 것,,1,2002-01-01
0204300000,80,2,어린 면양의 도체(屠體)와 이분도체(二分屠體)(냉동한 것으로 한정한다),,1,2013-01-01
02044,80,2,그 밖의 면양의 고기(냉동한 것으로 한정한다),,0,
0204410000,80,3,도체(屠體)와 이분도체(二分屠體),,1,2013-01-01
0204420000,80,3,그 밖의 것으로서 뼈째로 절단한 것,,1,2013-01-01
0204430000,80,3,뼈 없는 것,,1,2002-01-01
0204500000,80,2,염소의 고기,,1,2022-01-01
0205,80,1,"말ㆍ당나귀ㆍ노새ㆍ버새의 고기(신선한 것, 냉장하거나 냉동한 것으로 한정한다)",,0,
0205000000,80,2,"말ㆍ당나귀ㆍ노새ㆍ버새의 고기(신선한 것, 냉장하거나 냉동한 것으로 한정한다)",,1,2022-01-01
0206,80,1,"소ㆍ돼지ㆍ면양ㆍ염소ㆍ말ㆍ당나귀ㆍ노새ㆍ버새의 식용 설육(屑肉)(신선한 것, 냉장하거나 냉동한 것으로 한정한다)",,0,
0206100000,80,2,소의 것(신선한 것이나 냉장한 것으로 한정한다),,1,2013-01-01
02062,80,2,소의 것(냉동한 것으로 한정한다),,0,
0206210000,80,3,혀,,1,2002-01-01
0206220000,80,3,간,,1,2013-01-01
020629,80,3,기타,,0,
0206291000,80,4,꼬리,,1,2002-01-01
0206292000,80,4,족,,1,2013-01-01
0206299000,80,4,기타,,1,2002-01-01
0206300000,80,2,돼지의 것(신선한 것이나 냉장한 것으로 한정한다),,1,2013-01-01
02064,80,2,돼지의 것(냉동한 것으로 한정한다),,0,
0206410000,80,3,간,,1,2002-01-01
020649,80,3,기타,,0,
0206491000,80,4,족,,1,2013-01-01
0206499000,80,4,기타,,1,2002-01-01
0206800000,80,2,기타(신선한 것이나 냉장한 것으로 한정한다),,1,2013-01-01
0206900000,80,2,기타(냉동한 것으로 한정한다),,1,2013-01-01
0207,80,1,"제0105호의 가금(家禽)류의 육과 식용 설육(屑肉)(신선한 것, 냉장하거나 냉동한 것으로 한정한다)",,0,
02071,80,2,닭[갈루스 도메스티쿠스(Gallus domesticus)종으로 한정한다]의 것,,0,
0207110000,80,3,절단하지 않은 육(신선한 것이나 냉장한 것으로 한정한다),,1,2022-01-01
0207120000,80,3,절단하지 않은 육(냉동한 것으로 한정한다),,1,2022-01-01
020713,80,3,절단육과 설육(屑肉)(신선한 것이나 냉장한 것으로 한정한다),,0,
0207131000,80,4,절단육,,1,2022-01-01
02071320,80,4,설육(屑肉),,0,
0207132010,80,5,간,,1,2002-01-01
0207132090,80,5,기타,,1,2002-01-01
020714,80,3,절단육과 설육(屑肉)(냉동한 것으로 한정한다),,0,
02071410,80,4,절단육,,0,
0207141010,80,5,다리,,1,2002-01-01
0207141020,80,5,가슴,,1,2002-01-01
0207141030,80,5,날개,,1,2002-01-01
0207141090,80,5,기타,,1,2002-01-01
02071420,80,4,설육(屑肉),,0,
0207142010,80,5,간,,1,2002-01-01
0207142090,80,5,기타,,1,2002-01-01
02072,80,2,칠면조의 것,,0,
0207240000,80,3,절단하지 않은 육(신선한 것이나 냉장한 것으로 한정한다),,1,2013-01-01
0207250000,80,3,절단하지 않은 육(냉동한 것으로 한정한다),,1,2013-01-01
020726,80,3,절단육과 설육(屑肉)(신선한 것이나 냉장한 것으로 한정한다),,0,
0207261000,80,4,절단육,,1,2002-01-01
02072620,80,4,설육(屑肉),,0,
0207262010,80,5,간,,1,2002-01-01
0207262090,80,5,기타,,1,2002-01-01
020727,80,3,절단육과 설육(屑肉)(냉동한 것으로 한정한다),,0,
0207271000,80,4,절단육,,1,2002-01-01
02072720,80,4,설육(屑肉),,0,
0207272010,80,5,간,,1,2002-01-01
0207272090,80,5,기타,,1,2002-01-01
02074,80,2,오리의 것,,0,
0207410000,80,3,절단하지 않은 육(신선한 것이나 냉장한 것으로 한정한다),,1,2013-01-01
0207420000,80,3,절단하지 않은 육(냉동한 것으로 한정한다),,1,2013-01-01
0207430000,80,3,지방간(신선한 것이나 냉장한 것으로 한정한다),,1,2013-01-01
020744,80,3,기타(신선한 것이나 냉장한 것으로 한정한다),,0,
0207441000,80,4,절단육,,1,2012-01-01
02074420,80,4,설육(屑肉),,0,
0207442010,80,5,간,,1,2012-01-01
0207442090,80,5,기타,,1,2012-01-01
020745,80,3,기타(냉동한 것으로 한정한다),,0,
0207451000,80,4,절단육,,1,2012-01-01
02074520,80,4,설육(屑肉),,0,
0207452010,80,5,간,,1,2012-01-01
0207452090,80,5,기타,,1,2012-01-01
02075,80,2,거위의 것,,0,
0207510000,80,3,절단하지 않은 육(신선한 것이나 냉장한 것으로 한정한다),,1,2013-01-01
0207520000,80,3,절단하지 않은 육(냉동한 것으로 한정한다),,1,2013-01-01
0207530000,80,3,지방간(신선한 것이나 냉장한 것으로 한정한다),,1,2013-01-01
020754,80,3,기타(신선한 것이나 냉장한 것으로 한정한다),,0,
0207541000,80,4,절단육,,1,2012-01-01
02075420,80,4,설육(屑肉),,0,
0207542010,80,5,간,,1,2012-01-01
0207542090,80,5,기타,,1,2012-01-01
020755,80,3,기타(냉동한 것으로 한정한다),,0,
0207551000,80,4,절단육,,1,2012-01-01
02075520,80,4,설육(屑肉),,0,
0207552010,80,5,간,,1,2012-01-01
0207552090,80,5,기타,,1,2012-01-01
020760,80,2,기니아새의 것,,0,
0207601000,80,3,절단하지 않은 육(신선한 것이나 냉장한 것으로 한정한다),,1,2013-01-01
0207602000,80,3,절단하지 않은 육(냉동한 것으로 한정한다),,1,2013-01-01
0207603,80,3,기타(신선한 것이나 냉장한 것으로 한정한다),,0,
0207603100,80,4,절단육,,1,2012-01-01
02076032,80,4,설육(屑肉),,0,
0207603210,80,5,간,,1,2012-01-01
0207603290,80,5,기타,,1,2012-01-01
0207604,80,3,기타(냉동한 것으로 한정한다),,0,
0207604100,80,4,절단육,,1,2012-01-01
02076042,80,4,설육(屑肉),,0,
0207604210,80,5,간,,1,2012-01-01
0207604290,80,5,기타,,1,2012-01-01
0208,80,1,"그 밖의 육과 식용 설육(屑肉)(신선한 것, 냉장하거나 냉동한 것으로 한정한다)",,0,
0208100000,80,2,토끼의 것,,1,2002-01-01
0208300000,80,2,영장류의 것,,1,2002-01-01
020840,80,2,"고래ㆍ돌고래ㆍ쇠돌고래(고래목의 포유동물), 매너티·듀공(바다소목의 포유동물), 물개ㆍ바다사자ㆍ바다코끼리(기각아목의 포유동물)의 것",,0,
0208401000,80,3,"고래 ∙ 돌고래ㆍ쇠돌고래(고래목의 포유동물), 매너티·듀공(바다소목의 포유동물)의 것",,1,2022-01-01
0208402000,80,3,물개ㆍ바다사자ㆍ바다코끼리(기각아목의 포유동물)의 것,,1,2022-01-01
0208500000,80,2,파충류의 것(뱀과 거북을 포함한다),,1,2002-01-01
0208600000,80,2,낙타와 그 밖의 낙타과[카멜리대(Camelidae)과]의 것,,1,2017-01-01
020890,80,2,기타,,0,
0208901000,80,3,사슴의 것,,1,2002-01-01
02089090,80,3,기타,,0,
0208909010,80,4,해양동물의 것,,1,2002-01-01
0208909090,80,4,기타,,1,2002-01-01
0209,80,1,살코기가 없는 돼지 비계와 가금(家禽)의 비계(기름을 빼지 않은 것이나 그 밖의 방법으로 추출하지 않은 것으로서 신선한 것ㆍ냉장하거나 냉동한 것ㆍ염장하거나 염수장한 것ㆍ건조하거나 훈제한 것으로 한정한다),,0,
0209100000,80,2,돼지의 것,,1,2012-01-01
0209900000,80,2,기타,,1,2012-01-01
0210,80,1,"육과 식용 설육(屑肉)(염장하거나 염수장한 것ㆍ건조하거나 훈제한 것으로 한정한다), 육이나 설육(屑肉)의 식용 고운 가루ㆍ거친 가루",,0,
02101,80,2,돼지고기,,0,
0210110000,80,3,넓적다리살ㆍ어깨살과 이를 절단한 것(뼈가 있는 것으로 한정한다),,1,2013-01-01
0210120000,80,3,복부살(삼겹살)과 이를 절단한 것,,1,2022-01-01
0210190000,80,3,기타,,1,2002-01-01
021020,80,2,쇠고기,,0,
0210201000,80,3,건조하거나 훈제한 것,,1,2013-01-01
0210209000,80,3,기타,,1,2002-01-01
02109,80,2,기타[육이나 설육(屑肉)의 식용 고운 가루ㆍ거친 가루를 포함한다],,0,
0210910000,80,3,영장류의 것,,1,2002-01-01
021092,80,3,"고래ㆍ돌고래ㆍ쇠돌고래(고래목의 포유동물), 매너티ㆍ듀공(바다소목의 포유동물), 물개ㆍ바다사자ㆍ바다코끼리(기각아목의 포유동물)의 것",,0,
0210921000,80,4,"고래 ∙ 돌고래ㆍ쇠돌고래(고래목의 포유동물), 매너티ㆍ듀공(바다소목의 포유동물)의 것",,1,2022-01-01
0210922000,80,4,물개ㆍ바다사자ㆍ바다코끼리(기각아목의 포유동물)의 것,,1,2022-01-01
0210930000,80,3,파충류의 것(뱀과 거북을 포함한다),,1,2002-01-01
021099,80,3,기타,,0,
02109910,80,4,육이나 설육(屑肉)의 식용 고운 가루ㆍ거친 가루,,0,
0210991010,80,5,소의 것,,1,2008-01-01
0210991090,80,5,기타,,1,2002-01-01
02109990,80,4,기타,,0,
0210999020,80,5,가금(家禽)류의 것,,1,2013-01-01
0210999090,80,5,기타,,1,2002-01-01
03,80,0,제3류 어류ㆍ갑각류ㆍ연체동물과 그 밖의 수생(水生) 무척추동물,,0,
0301,80,1,활어,,0,
03011,80,2,관상용,,0,
030111,80,3,민물의 것,,0,
0301111000,80,4,비단잉어,,1,2012-01-01
0301119000,80,4,기타,,1,2012-01-01
0301190000,80,3,기타,,1,2012-01-01
03019,80,2,그 밖의 활어,,0,
0301910000,80,3,송어[살모 트루타(Salmo trutta)ㆍ옹코링쿠스 미키스(Oncorhynchus mykiss)ㆍ옹코링쿠스 클라키(Oncorhynchus clarki)ㆍ옹코링쿠스 아구아보니타(Oncorhynchus aguabonita)ㆍ옹코링쿠스 길래(Oncorhynchus gilae)ㆍ옹코링쿠스 아파케(Oncorhynchus apache)ㆍ옹코링쿠스 크리소가스터(Oncorhynchus chrysogaster)],,1,2022-01-01
030192,80,3,뱀장어[앙귈라(Anguilla)속],,0,
0301921000,80,4,실뱀장어(한 마리당 0.3그램 이하인 것으로서 양식용으로 한정한다),,1,2013-01-01
0301922000,80,4,새끼뱀장어(한 마리당 0.3그램 초과 50그램 이하인 것으로서 양식용으로 한정한다),,1,2017-01-01
03019290,80,4,기타,,0,
0301929010,80,5,실뱀장어(양식용은 제외한다),,1,2014-01-01
0301929090,80,5,기타,,1,2014-01-01
030193,80,3,잉어[사이프리너스(Cyprinus)속·카라시우스(Carassius)속·크테노파린고돈 이델루스(Ctenopharyngodon idellus)·하이포프탈미크티스(Hypophthalmichthys)속·시리누스(Cirrhinus)속·마일로파린고돈 피세우스(Mylopharyngodon piceus)·카틀라 카틀라(Catla catla)·라베오(Labeo)속·오스테오킬루스 하셀티(Osteochilus hasselti)·렙토바르부스 호에베니(Leptobarbus hoeveni)·메갈로브라마(Megalobrama)속],,0,
0301931000,80,4,붕어[카라시우스(Carassius)속],,1,2022-01-01
0301939000,80,4,기타,,1,2022-01-01
0301940000,80,3,대서양 참다랑어와 태평양 참다랑어[터너스 티너스 (Thunnus thynnus)ㆍ터너스 오리엔탈리스(Thunnus orientalis)],,1,2022-01-01
0301950000,80,3,남방 참다랑어[터너스 맥코이(Thunnus maccoyii)],,1,2013-01-01
030199,80,3,기타,,0,
0301992000,80,4,방어,,1,2002-01-01
03019940,80,4,돔,,0,
0301994010,80,5,치어(稚魚)(양식용으로 한정한다),,1,2017-01-01
030199409,80,5,기타,,0,
0301994091,80,6,참돔[파그루스 마조르(Pagrus major)],,1,2022-01-01
0301994099,80,6,기타,,1,2022-01-01
0301995000,80,4,붕장어,,1,2002-01-01
0301996000,80,4,갯장어,,1,2002-01-01
0301997000,80,4,먹장어,,1,2012-01-01
0301998000,80,4,넙치류[플루로넥티대(Pleuronectidae)과ㆍ바디대(Bothidae)과ㆍ사이노글로시대(Cynoglossidae)과ㆍ솔레이대(Soleidae)과ㆍ스코프탈미대(Scophthalmidae)과ㆍ시타리대(Citharidae)과],,1,2022-01-01
03019990,80,4,기타,,0,
0301999010,80,5,능성어,,1,2002-01-01
0301999020,80,5,복어,,1,2002-01-01
0301999040,80,5,볼락(적어를 포함한다),,1,2002-01-01
030199905,80,5,농어,,0,
0301999051,80,6,치어(稚魚)(양식용으로 한정한다),,1,2017-01-01
0301999059,80,6,기타,,1,2007-01-01
0301999060,80,5,숭어,,1,2002-01-01
0301999070,80,5,미꾸라지,,1,2002-01-01
0301999080,80,5,메기,,1,2002-01-01
030199909,80,5,기타,,0,
0301999091,80,6,노래미[헥사그라모스(Hexagrammos)속ㆍ아그라무스(Agrammus)속],,1,2022-01-01
0301999092,80,6,붕어[카라시우스(Carassius)속은 제외한다],,1,2025-01-01
0301999095,80,6,민어(Argyrosomus japonicus와 Sciaenops ocellatus은 제외한다),,1,2025-01-01
0301999096,80,6,남방먹조기,,1,2025-01-01
0301999097,80,6,점성어,,1,2025-01-01
0301999099,80,6,기타,,1,2002-01-01
0302,80,1,신선하거나 냉장한 어류[제0304호의 어류의 필레(fillet)와 그 밖의 어육은 제외한다],,0,
03021,80,2,"연어과. 다만, 제0302.91호부터 제0302.99호까지의 식용 어류 설육(屑肉)은 제외한다.",,0,
0302110000,80,3,송어[살모 트루타(Salmo trutta)ㆍ옹코링쿠스 미키스(Oncorhynchus mykiss)ㆍ옹코링쿠스 클라키(Oncorhynchus clarki)ㆍ옹코링쿠스 아구아보니타(Oncorhynchus aguabonita)ㆍ옹코링쿠스 길래(Oncorhynchus gilae)ㆍ옹코링쿠스 아파케(Oncorhynchus apache)ㆍ옹코링쿠스 크리소가스터(Oncorhynchus chrysogaster)],,1,2022-01-01
0302130000,80,3,태평양 연어[옹코링쿠스 넬카(Oncorhynchus nerka)ㆍ옹코링쿠스 고르부스카(Oncorhynchus gorbuscha)ㆍ옹코링쿠스 케타(Oncorhynchus keta)ㆍ옹코링쿠스 차비차(Oncorhynchus tschawytscha)ㆍ옹코링쿠스 키수츠(Oncorhynchus kisutch)ㆍ옹코링쿠스 마소(Oncorhynchus masou)ㆍ옹코링쿠스 로두루스(Oncorhynchus rhodurus)],,1,2017-01-01
0302140000,80,3,대서양 연어[살모 살라(Salmo salar)]와 다뉴브 연어[후코 후코(Hucho hucho)],,1,2017-01-01
0302190000,80,3,기타,,1,2002-01-01
03022,80,2,"넙치류[플루로넥티대(Pleuronectidae)과ㆍ바디대(Bothidae)과ㆍ사이노글로시대(Cynoglossidae)과ㆍ솔레이대(Soleidae)과ㆍ스코프탈미대(Scophthalmidae)과ㆍ시타리대(Citharidae)과]. 다만, 제0302.91호부터 제0302.99호까지의 식용 어류 설육(屑肉)은 제외한다.",,0,
0302210000,80,3,넙치[레인하드티우스 히포글러소이데스(Reinhardtius hippoglossoides)ㆍ히포글러서스 히포글러서스(Hippoglossus hippoglossus)ㆍ히포글러서스 스테노레피스(Hippoglossus stenolepis)],,1,2013-01-01
0302220000,80,3,가자미[플루로넥테스 플라테사(Pleuronectes platessa)],,1,2013-01-01
0302230000,80,3,서대[솔레아(Solea)속],,1,2022-01-01
0302240000,80,3,터벗(turbots)[프세타 맥시마(Psetta maxima)],,1,2017-01-01
0302290000,80,3,기타,,1,2002-01-01
03023,80,2,"다랑어[터너스(Thunnus)속의 것으로 한정한다]ㆍ가다랑어(줄무늬 버니토)[카추워누스 펠라미스(Katsuwonus pelamis)]. 다만, 제0302.91호부터 제0302.99호까지의 식용 어류 설육(屑肉)은 제외한다.",,0,
0302310000,80,3,날개다랑어나 긴지느러미 다랑어[터너스 알라룽가(Thunnus alalunga)],,1,2013-01-01
0302320000,80,3,황다랑어[터너스 알바카레스(Thunnus albacares)],,1,2013-01-01
0302330000,80,3,가다랑어(줄무늬 버니토)[카추워누스 펠라미스(Katsuwonus pelamis)],,1,2022-01-01
0302340000,80,3,눈다랑어[터너스 오베서스(Thunnus obesus)],,1,2013-01-01
030235,80,3,대서양 참다랑어와 태평양 참다랑어[터너스 티너스 (Thunnus thynnus)ㆍ터너스 오리엔탈리스(Thunnus orientalis)],,0,
0302351000,80,4,대서양 참다랑어[터너스 티너스 (Thunnus thynnus)],,1,2017-01-01
0302352000,80,4,태평양 참다랑어[터너스 오리엔탈리스(Thunnus orientalis)],,1,2017-01-01
0302360000,80,3,남방 참다랑어[터너스 맥코이(Thunnus maccoyii)],,1,2013-01-01
0302390000,80,3,기타,,1,2002-01-01
03024,80,2,"청어[클루페아 하렌구스(Clupea harengus)ㆍ클루페아 팔라시(Clupea pallasii)], 멸치[엔그라울리스(Engraulis)속], 정어리[사르디나 필차르두스(Sardina pilchardus)ㆍ사르디노프스(Sardinops)속], 사르디넬라[사르디넬라(Sardinella)속], 브리스링(brisling)이나 스프랫(sprats)[스프라투스 스프라투스(Sprattus sprattus)], 고등어[스콤버 스콤브루스(Scomber scombrus)ㆍ스콤버 오스트랄라시쿠스(Scomber australasicus)ㆍ스콤버 자포니쿠스(Scomber japonicus)], 줄무늬 고등어(Indian mackerels) [라스트렐리거(Rastrelliger)속], 삼치[스콤버로모러스(Scomberomorus)속], 전갱이[트라커러스(Trachurus)속], 줄전갱이류 [카랑크스(Caranx)속], 날쌔기[라키센트론 카나둠(Rachycentron canadum)], 병어[팜푸스(Pampus)속], 꽁치 [콜로라비스 사이라(Cololabis saira)], 가라지[데캅테러스(Decapterus)속], 열빙어[말로투스 빌로서스(Mallotus villosus)]...",,0,
0302410000,80,3,청어[클루페아 하렌구스(Clupea harengus)ㆍ클루페아 팔라시(Clupea pallasii)],,1,2017-01-01
0302420000,80,3,멸치[엔그라울리스(Engraulis)속],,1,2022-01-01
0302430000,80,3,"정어리[사르디나 필차르두스(Sardina pilchardus)ㆍ사르디노프스(Sardinops)속], 사르디넬라[사르디넬라(Sardinella)속], 브리스링(brisling)이나 스프랫(sprats)[스프라투스 스프라투스(Sprattus sprattus)]",,1,2022-01-01
0302440000,80,3,고등어[스콤버 스콤브루스(Scomber scombrus)ㆍ스콤버 오스트랄라시쿠스(Scomber australasicus)ㆍ스콤버 자포니쿠스(Scomber japonicus)],,1,2017-01-01
0302450000,80,3,전갱이[트라커러스(Trachurus)속],,1,2022-01-01
0302460000,80,3,날쌔기[라키센트론 카나둠(Rachycentron canadum)],,1,2017-01-01
0302470000,80,3,황새치[자이피어스 글래디어스(Xiphias gladius)],,1,2017-01-01
030249,80,3,기타,,0,
0302491000,80,4,삼치[스콤버로모러스(Scomberomorus)속],,1,2022-01-01
0302492000,80,4,병어[팜푸스(Pampus)속],,1,2022-01-01
0302493000,80,4,꽁치[콜로라비스 사이라(Cololabis saira)],,1,2017-01-01
0302499000,80,4,기타,,1,2017-01-01
03025,80,2,"브레그마세로티대(Bregmacerotidae)과ㆍ유클리티대(Euclichthyidae)과ㆍ가디대(Gadidae)과ㆍ마크로우리대(Macrouridae)과ㆍ멜라노니대(Melanonidae)과ㆍ메르루치대(Merlucciidae)과ㆍ모리대(Moridae)과ㆍ무라에놀레피디대(Muraenolepididae)과의 어류. 다만, 제0302.91호부터 제0302.99호까지의 식용 어류 설육(屑肉)은 제외한다.",,0,
0302510000,80,3,대구[가두스 모르화(Gadus morhua)ㆍ가두스 오각(Gadus ogac)ㆍ가두스 마크로세팔루스(Gadus macrocephalus)],,1,2017-01-01
0302520000,80,3,해덕[멜라노그라무스 애그레피누스(Melanogrammus aeglefinus)],,1,2017-01-01
0302530000,80,3,검정대구[폴라치우스 비렌스(Pollachius virens)],,1,2017-01-01
0302540000,80,3,민대구[메루키우스(Merluccius)속ㆍ유르피키스(Urophycis)속],,1,2022-01-01
0302550000,80,3,명태[테라그라 찰코그라마(Theragra chalcogramma)],,1,2022-01-01
0302560000,80,3,블루 화이팅스(blue whitings)[마이크로메시스티우스 포우타소우(Micromesistius poutassou)ㆍ마이크로메시스티우스 오스트랄리스(Micromesistius australis)],,1,2017-01-01
0302590000,80,3,기타,,1,2012-01-01
03027,80,2,"틸라피아[오레오크로미스(Oreochromis)속], 메기[판가시우스(Pangasius)속ㆍ실루러스(Silurus)속ㆍ클라리아스(Clarias)속ㆍ익타루러스(Ictalurus)속], 잉어[사이프리너스(Cyprinus)속ㆍ카라시우스(Carassius)속ㆍ크테노파린고돈 이델루스(Ctenopharyngodon idellus)ㆍ하이포프탈미크티스(Hypophthalmichthys)속ㆍ시리누스(Cirrhinus)속ㆍ마일로파린고돈 피세우스(Mylopharyngodon piceus)ㆍ카틀라 카틀라(Catla catla)ㆍ라베오(Labeo)속ㆍ오스테오킬루스 하셀티(Osteochilus hasselti)ㆍ렙토바르부스 호에베니(Leptobarbus hoeveni)ㆍ메갈로브라마(Megalobrama)속], 뱀장어[앙귈라(Anguilla)속], 나일 퍼치[라테스 니로티쿠스(Lates niloticus)], 가물치[카나(Channa)속]. 다만, 제0302.91호부터 제0302.99호까지의 식용 어류 설육(屑肉)은 제외한다.",,0,
0302710000,80,3,틸라피아[오레오크로미스(Oreochromis)속],,1,2022-01-01
0302720000,80,3,메기[판가시우스(Pangasius)속ㆍ실루러스(Silurus)속ㆍ클라리아스(Clarias)속ㆍ익타루러스(Ictalurus)속],,1,2022-01-01
0302730000,80,3,잉어[사이프리너스(Cyprinus)속ㆍ카라시우스(Carassius)속ㆍ크테노파린고돈 이델루스(Ctenopharyngodon idellus)ㆍ하이포프탈미크티스(Hypophthalmichthys)속ㆍ시리누스(Cirrhinus)속ㆍ마일로파린고돈 피세우스(Mylopharyngodon piceus)ㆍ카틀라 카틀라(Catla catla)ㆍ라베오(Labeo)속ㆍ오스테오킬루스 하셀티(Osteochilus hasselti)ㆍ렙토바르부스 호에베니(Leptobarbus hoeveni)ㆍ메갈로브라마(Megalobrama)속],,1,2022-01-01
0302740000,80,3,뱀장어[앙귈라(Anguilla)속],,1,2022-01-01
0302790000,80,3,기타,,1,2012-01-01
03028,80,2,"그 밖의 어류. 다만, 제0302.91호부터 제0302.99호까지의 식용 어류 설육(屑肉)은 제외한다.",,0,
0302810000,80,3,곱상어와 그 밖의 상어,,1,2013-01-01
0302820000,80,3,가오리와 홍어[라지대(Rajidae)과],,1,2017-01-01
0302830000,80,3,이빨고기[디소스티쿠스(Dissostichus)속],,1,2022-01-01
0302840000,80,3,농어[디센트라르쿠스(Dicentrarchus)속],,1,2022-01-01
0302850000,80,3,돔[스파리대(Sparidae)과],,1,2017-01-01
030289,80,3,기타,,0,
0302891000,80,4,방어,,1,2012-01-01
0302892000,80,4,갈치,,1,2012-01-01
0302893000,80,4,붕장어,,1,2012-01-01
0302894000,80,4,갯장어,,1,2012-01-01
0302895000,80,4,학꽁치(Hyporhampus sajori),,1,2017-01-01
0302896000,80,4,돔[스파리대(Sparidae)과는 제외한다],,1,2013-01-01
03028990,80,4,기타,,0,
0302899020,80,5,복어,,1,2012-01-01
0302899040,80,5,아귀,,1,2017-01-01
0302899090,80,5,기타,,1,2012-01-01
03029,80,2,간ㆍ어란(魚卵)ㆍ어백(魚白)ㆍ어류의 지느러미ㆍ머리ㆍ꼬리ㆍ부레와 그 밖의 식용 어류 설육(屑肉),,0,
030291,80,3,간ㆍ어란(魚卵)ㆍ어백(魚白),,0,
0302911000,80,4,간,,1,2017-01-01
0302912000,80,4,어란(魚卵)ㆍ어백(魚白),,1,2017-01-01
0302920000,80,3,상어 지느러미,,1,2017-01-01
0302990000,80,3,기타,,1,2017-01-01
0303,80,1,냉동어류[제0304호의 어류의 필레(fillet)와 기타 어육은 제외한다],,0,
03031,80,2,"연어과. 다만, 제0303.91호부터 제0303.99호까지의 식용 어류 설육(屑肉)은 제외한다.",,0,
0303110000,80,3,소크아이 연어[홍연어(red salmon)][옹코링쿠스 넬카(Oncorhynchus nerka)],,1,2013-01-01
0303120000,80,3,그 밖의 태평양 연어[옹코링쿠스 고르부스카(Oncorhynchus gorbuscha)ㆍ옹코링쿠스 케타(Oncorhynchus keta)ㆍ옹코링쿠스 차비차(Oncorhynchus tschawytscha)ㆍ옹코링쿠스 키수츠(Oncorhynchus kisutch)ㆍ옹코링쿠스 마소(Oncorhynchus masou)ㆍ옹코링쿠스 로두루스(Oncorhynchus rhodurus)],,1,2013-01-01
0303130000,80,3,대서양 연어[살모 살라(Salmo salar)]와 다뉴브 연어[후코 후코(Hucho hucho)],,1,2017-01-01
0303140000,80,3,송어[살모 트루타(Salmo trutta)ㆍ옹코링쿠스 미키스(Oncorhynchus mykiss)ㆍ옹코링쿠스 클라키(Oncorhynchus clarki)ㆍ옹코링쿠스 아구아보니타(Oncorhynchus aguabonita)ㆍ옹코링쿠스 길래(Oncorhynchus gilae)ㆍ옹코링쿠스 아파케(Oncorhynchus apache)ㆍ옹코링쿠스 크리소가스터(Oncorhynchus chrysogaster)],,1,2017-01-01
0303190000,80,3,기타,,1,2002-01-01
03032,80,2,"틸라피아[오레오크로미스(Oreochromis)속], 메기[판가시우스(Pangasius)속ㆍ실루러스(Silurus)속ㆍ클라리아스(Clarias)속ㆍ익타루러스(Ictalurus)속], 잉어[사이프리너스(Cyprinus)속ㆍ카라시우스(Carassius)속ㆍ크테노파린고돈 이델루스(Ctenopharyngodon idellus)ㆍ하이포프탈미크티스(Hypophthalmichthys)속ㆍ시리누스(Cirrhinus)속ㆍ마일로파린고돈 피세우스(Mylopharyngodon piceus)ㆍ카틀라 카틀라(Catla catla)ㆍ라베오(Labeo)속ㆍ오스테오킬루스 하셀티(Osteochilus hasselti)ㆍ렙토바르부스 호에베니(Leptobarbus hoeveni)ㆍ메갈로브라마(Megalobrama)속], 뱀장어[앙귈라(Anguilla)속], 나일 퍼치[라테스 니로티쿠스(Lates niloticus)], 가물치[카나(Channa)속]. 다만, 제0303.91호부터 제0303.99호까지의 식용 어류 설육(屑肉)은 제외한다.",,0,
0303230000,80,3,틸라피아[오레오크로미스(Oreochromis)속],,1,2022-01-01
0303240000,80,3,메기[판가시우스(Pangasius)속ㆍ실루러스(Silurus)속ㆍ클라리아스(Clarias)속ㆍ익타루러스(Ictalurus)속],,1,2022-01-01
0303250000,80,3,잉어[사이프리너스(Cyprinus)속ㆍ카라시우스(Carassius)속ㆍ크테노파린고돈 이델루스(Ctenopharyngodon idellus)ㆍ하이포프탈미크티스(Hypophthalmichthys)속ㆍ시리누스(Cirrhinus)속ㆍ마일로파린고돈 피세우스(Mylopharyngodon piceus)ㆍ카틀라 카틀라(Catla catla)ㆍ라베오(Labeo)속ㆍ오스테오킬루스 하셀티(Osteochilus hasselti)ㆍ렙토바르부스 호에베니(Leptobarbus hoeveni)ㆍ메갈로브라마(Megalobrama)속],,1,2022-01-01
0303260000,80,3,뱀장어[앙귈라(Anguilla)속],,1,2022-01-01
0303290000,80,3,기타,,1,2002-01-01
03033,80,2,"넙치류[플루로넥티대(Pleuronectidae)과ㆍ바디대(Bothidae)과ㆍ사이노글로시대(Cynoglossidae)과ㆍ솔레이대(Soleidae)과ㆍ스코프탈미대(Scophthalmidae)과ㆍ시타리대(Citharidae)과]. 다만, 제0303.91호부터 제0303.99호까지의 식용 어류 설육(屑肉)은 제외한다.",,0,
0303310000,80,3,넙치[레인하드티우스 히포글러소이데스(Reinhardtius hippoglossoides)ㆍ히포글러서스 히포글러서스(Hippoglossus hippoglossus)ㆍ히포글러서스 스테노레피스(Hippoglossus stenolepis)],,1,2013-01-01
0303320000,80,3,가자미[플루로넥테스 플라테사(Pleuronectes platessa)],,1,2013-01-01
0303330000,80,3,서대[솔레아(Solea)속],,1,2022-01-01
0303340000,80,3,터벗(turbots)[프세타 맥시마(Psetta maxima)],,1,2017-01-01
030339,80,3,기타,,0,
0303391000,80,4,가자미[플루로넥테스 플라테사(Pleuronectes platessa)를 제외한다],,1,2022-01-01
0303399000,80,4,기타,,1,2022-01-01
03034,80,2,"다랑어[터너스(Thunnus)속의 것으로 한정한다]ㆍ가다랑어(줄무늬 버니토)[카추워누스 펠라미스(Katsuwonus pelamis)]. 다만, 제0303.91호부터 제0303.99호까지의 식용 어류 설육(屑肉)은 제외한다.",,0,
0303410000,80,3,날개다랑어나 긴지느러미 다랑어[터너스 알라룽가(Thunnus alalunga)],,1,2013-01-01
0303420000,80,3,황다랑어[터너스 알바카레스(Thunnus albacares)],,1,2013-01-01
0303430000,80,3,가다랑어(줄무늬 버니토)[카추워누스 펠라미스(Katsuwonus pelamis)],,1,2022-01-01
0303440000,80,3,눈다랑어[터너스 오베서스(Thunnus obesus)],,1,2013-01-01
030345,80,3,대서양 참다랑어와 태평양 참다랑어[터너스 티너스(Thunnus thynnus)ㆍ터너스 오리엔탈리스(Thunnus orientalis)],,0,
0303451000,80,4,대서양 참다랑어[터너스 티너스(Thunnus thynnus)],,1,2017-01-01
0303452000,80,4,태평양 참다랑어[터너스 오리엔탈리스(Thunnus orientalis)],,1,2017-01-01
0303460000,80,3,남방 참다랑어[터너스 맥코이(Thunnus maccoyii)],,1,2013-01-01
0303490000,80,3,기타,,1,2002-01-01
03035,80,2,"청어[클루페아 하렌구스(Clupea harengus)ㆍ클루페아 팔라시(Clupea pallasii)], 멸치[엔그라울리스(Engraulis)속], 정어리[사르디나 필차르두스(Sardina pilchardus)ㆍ사르디노프스(Sardinops)속], 사르디넬라[사르디넬라(Sardinella)속], 브리스링(brisling)이나 스프랫(sprats)[스프라투스 스프라투스(Sprattus sprattus)], 고등어[스콤버 스콤브루스(Scomber scombrus)ㆍ스콤버 오스트랄라시쿠스(Scomber australasicus)ㆍ스콤버 자포니쿠스(Scomber japonicus)], 줄무늬 고등어(Indian mackerels) [라스트렐리거(Rastrelliger)속], 삼치[스콤버로모러스(Scomberomorus)속], 전갱이[트라커러스(Trachurus)속], 줄전갱이류 [카랑크스(Caranx)속], 날쌔기[라키센트론 카나둠(Rachycentron canadum)], 병어[팜푸스(Pampus)속], 꽁치 [콜로라비스 사이라(Cololabis saira)], 가라지[데캅테러스(Decapterus)속], 열빙어[말로투스 빌로서스(Mallotus villosus)]...",,0,
0303510000,80,3,청어[클루페아 하렌구스(Clupea harengus)ㆍ클루페아 팔라시(Clupea pallasii)],,1,2013-01-01
0303530000,80,3,"정어리[사르디나 필차르두스(Sardina pilchardus)ㆍ사르디노프스(Sardinops)속], 사르디넬라[사르디넬라(Sardinella)속], 브리스링(brisling)이나 스프랫(sprats)[스프라투스 스프라투스(Sprattus sprattus)]",,1,2022-01-01
0303540000,80,3,고등어[스콤버 스콤브루스(Scomber scombrus)ㆍ스콤버 오스트랄라시쿠스(Scomber australasicus)ㆍ스콤버 자포니쿠스(Scomber japonicus)],,1,2017-01-01
0303550000,80,3,전갱이[트라커러스(Trachurus)속],,1,2022-01-01
0303560000,80,3,날쌔기[라키센트론 카나둠(Rachycentron canadum)],,1,2017-01-01
0303570000,80,3,황새치[자이피어스 글래디어스(Xiphias gladius)],,1,2017-01-01
030359,80,3,기타,,0,
0303591000,80,4,삼치[스콤버로모러스(Scomberomorus)속],,1,2022-01-01
0303592000,80,4,꽁치[콜로라비스 사이라(Cololabis saira)],,1,2017-01-01
0303599000,80,4,기타,,1,2017-01-01
03036,80,2,"브레그마세로티대(Bregmacerotidae)과ㆍ유클리티대(Euclichthyidae)과ㆍ가디대(Gadidae)과ㆍ마크로우리대(Macrouridae)과ㆍ멜라노니대(Melanonidae)과ㆍ메르루치대(Merlucciidae)과ㆍ모리대(Moridae)과ㆍ무라에놀레피디대(Muraenolepididae)과의 어류. 다만, 제0303.91호부터 제0303.99호까지의 식용 어류 설육(屑肉)은 제외한다.",,0,
0303630000,80,3,대구[가두스 모르화(Gadus morhua)ㆍ가두스 오각(Gadus ogac)ㆍ가두스 마크로세팔루스(Gadus macrocephalus)],,1,2017-01-01
0303640000,80,3,해덕[멜라노그라무스 애그레피누스(Melanogrammus aeglefinus)],,1,2017-01-01
0303650000,80,3,검정대구[폴라치우스 비렌스(Pollachius virens)],,1,2017-01-01
0303660000,80,3,민대구[메루키우스(Merluccius)속ㆍ유르피키스(Urophycis)속],,1,2022-01-01
0303670000,80,3,명태[테라그라 찰코그라마(Theragra chalcogramma)],,1,2022-01-01
0303680000,80,3,블루 화이팅스(blue whitings)[마이크로메시스티우스 포우타소우(Micromesistius poutassou)ㆍ마이크로메시스티우스 오스트랄리스(Micromesistius australis)],,1,2017-01-01
030369,80,3,기타,,0,
0303691000,80,4,새꼬리민태,,1,2012-01-01
0303699000,80,4,기타,,1,2012-01-01
03038,80,2,"그 밖의 어류. 다만, 제0303.91호부터 제0303.99호까지의 식용 어류 설육(屑肉)은 제외한다.",,0,
0303810000,80,3,곱상어와 그 밖의 상어,,1,2013-01-01
030382,80,3,가오리와 홍어[라지대(Rajidae)과],,0,
0303821000,80,4,가오리,,1,2017-01-01
0303822000,80,4,홍어,,1,2012-01-01
0303830000,80,3,이빨고기[디소스티쿠스(Dissostichus)속],,1,2022-01-01
0303840000,80,3,농어[디센트라르쿠스(Dicentrarchus)속],,1,2022-01-01
030389,80,3,기타,,0,
0303891000,80,4,은대구,,1,2012-01-01
0303892000,80,4,갈치,,1,2012-01-01
03038930,80,4,돔,,0,
0303893010,80,5,옥돔[브랜치오스테거스 자포니커스(Branchiostegus Japonicus)],,1,2017-01-01
0303893020,80,5,옥두어[브랜치오스테거스 알부스(Branchiostegus albus)],,1,2022-01-01
0303893090,80,5,기타,,1,2012-01-01
0303894000,80,4,붕장어,,1,2012-01-01
03038950,80,4,조기,,0,
0303895010,80,5,참조기[라리미크티스 폴리악티스(Larimichthys polyactis)],,1,2022-01-01
0303895020,80,5,부세[라리미크티스 크로세아(Larimichthys crocea)],,1,2022-01-01
0303895090,80,5,기타,,1,2022-01-01
0303896000,80,4,학꽁치(Hyporhampus sajori),,1,2017-01-01
0303898000,80,4,복어,,1,2012-01-01
03038990,80,4,기타,,0,
0303899010,80,5,보리멸,,1,2012-01-01
0303899020,80,5,홍살치,,1,2012-01-01
0303899030,80,5,달고기,,1,2012-01-01
0303899040,80,5,임연수어,,1,2012-01-01
0303899050,80,5,볼낙(적어를 포함한다),,1,2017-01-01
0303899060,80,5,아귀,,1,2017-01-01
0303899070,80,5,먹장어(대서양 또는 태평양),,1,2017-01-01
0303899080,80,5,밀크피쉬,,1,2017-01-01
030389909,80,5,기타,,0,
0303899091,80,6,민어,,1,2012-01-01
0303899092,80,6,까나리,,1,2012-01-01
0303899093,80,6,이빨고기[디소스티쿠스(Dissostichus)속은 제외한다],,1,2022-01-01
0303899099,80,6,기타,,1,2012-01-01
03039,80,2,간ㆍ어란(魚卵)ㆍ어백(魚白)ㆍ어류의 지느러미ㆍ머리ㆍ꼬리ㆍ부레와 그 밖의 식용 어류 설육(屑肉),,0,
030391,80,3,간ㆍ어란(魚卵)ㆍ어백(魚白),,0,
0303911000,80,4,간,,1,2017-01-01
03039120,80,4,어란(魚卵)ㆍ어백(魚白),,0,
0303912010,80,5,명란,,1,2022-01-01
0303912090,80,5,기타,,1,2017-01-01
0303920000,80,3,상어 지느러미,,1,2017-01-01
0303990000,80,3,기타,,1,2017-01-01
0304,80,1,"어류의 필레(fillet)와 그 밖의 어육(잘게 썰었는지에 상관없으며, 신선한 것ㆍ냉장한 것ㆍ냉동한 것으로 한정한다)",,0,
03043,80,2,"틸라피아[오레오크로미스(Oreochromis)속], 메기[판가시우스(Pangasius)속ㆍ실루러스(Silurus)속ㆍ클라리아스(Clarias)속ㆍ익타루러스(Ictalurus)속], 잉어[사이프리너스(Cyprinus)속ㆍ카라시우스(Carassius)속ㆍ크테노파린고돈 이델루스(Ctenopharyngodon idellus)ㆍ하이포프탈미크티스(Hypophthalmichthys)속ㆍ시리누스(Cirrhinus)속ㆍ마일로파린고돈 피세우스(Mylopharyngodon piceus)ㆍ카틀라 카틀라(Catla catla)ㆍ라베오(Labeo)속ㆍ오스테오킬루스 하셀티(Osteochilus hasselti)ㆍ렙토바르부스 호에베니(Leptobarbus hoeveni)ㆍ메갈로브라마(Megalobrama)속], 뱀장어[앙귈라(Anguilla)속], 나일 퍼치[라테스 니로티쿠스(Lates niloticus)], 가물치[카나(Channa)속]의 신선하거나 냉장한 필레(fillet)",,0,
0304310000,80,3,틸라피아[오레오크로미스(Oreochromis)속],,1,2022-01-01
0304320000,80,3,메기[판가시우스(Pangasius)속ㆍ실루러스(Silurus)속ㆍ클라리아스(Clarias)속ㆍ익타루러스(Ictalurus)속],,1,2022-01-01
0304330000,80,3,나일 퍼치[라테스 니로티쿠스(Lates niloticus)],,1,2017-01-01
0304390000,80,3,기타,,1,2012-01-01
03044,80,2,그 밖의 어류의 신선하거나 냉장한 필레(fillet),,0,
0304410000,80,3,"태평양 연어[옹코링쿠스 넬카(Oncorhynchus nerka)ㆍ옹코링쿠스 고르부스카(Oncorhynchus gorbuscha)ㆍ옹코링쿠스 케타(Oncorhynchus keta)ㆍ옹코링쿠스 차비차(Oncorhynchus tschawytscha)ㆍ옹코링쿠스 키수츠(Oncorhynchus kisutch)ㆍ옹코링쿠스 마소(Oncorhynchus masou)ㆍ옹코링쿠스 로두루스(Oncorhynchus rhodurus)], 대서양 연어[살모 살라(Salmo salar)], 다뉴브 연어[후코 후코(Hucho hucho)]",,1,2017-01-01
0304420000,80,3,송어[살모 트루타(Salmo trutta)ㆍ옹코링쿠스 미키스(Oncorhynchus mykiss)ㆍ옹코링쿠스 클라키(Oncorhynchus clarki)ㆍ옹코링쿠스 아구아보니타(Oncorhynchus aguabonita)ㆍ옹코링쿠스 길래(Oncorhynchus gilae)ㆍ옹코링쿠스 아파케(Oncorhynchus apache)ㆍ옹코링쿠스 크리소가스터(Oncorhynchus chrysogaster)],,1,2017-01-01
030443,80,3,넙치류[플루로넥티대(Pleuronectidae)과ㆍ바디대(Bothidae)과ㆍ사이노글로시대(Cynoglossidae)과ㆍ솔레이대(Soleidae)과ㆍ스코프탈미대(Scophthalmidae)과ㆍ시타리대(Citharidae)과],,0,
0304431000,80,4,가자미,,1,2012-01-01
0304439000,80,4,기타,,1,2012-01-01
0304440000,80,3,브레그마세로티대(Bregmacerotidae)과ㆍ유클리티대(Euclichthyidae)과ㆍ가디대(Gadidae)과ㆍ마크로우리대(Macrouridae)과ㆍ멜라노니대(Melanonidae)과ㆍ메르루치대(Merlucciidae)과ㆍ모리대(Moridae)과ㆍ무라에놀레피디대(Muraenolepididae)과의 어류,,1,2013-01-01
0304450000,80,3,황새치[자이피어스 글래디어스(Xiphias gladius)],,1,2017-01-01
0304460000,80,3,이빨고기[디소스티쿠스(Dissostichus)속],,1,2022-01-01
0304470000,80,3,곱상어와 그 밖의 상어,,1,2017-01-01
0304480000,80,3,가오리와 홍어[라지대(Rajidae)과],,1,2022-01-01
030449,80,3,기타,,0,
0304491000,80,4,붕장어,,1,2012-01-01
0304492000,80,4,참다랑어,,1,2012-01-01
0304499000,80,4,기타,,1,2012-01-01
03045,80,2,그 밖의 신선하거나 냉장한 것,,0,
030451,80,3,"틸라피아[오레오크로미스(Oreochromis)속], 메기[판가시우스(Pangasius)속ㆍ실루러스(Silurus)속ㆍ클라리아스(Clarias)속ㆍ익타루러스(Ictalurus)속], 잉어[사이프리너스(Cyprinus)속ㆍ카라시우스(Carassius)속ㆍ크테노파린고돈 이델루스(Ctenopharyngodon idellus)ㆍ하이포프탈미크티스(Hypophthalmichthys)속ㆍ시리누스(Cirrhinus)속ㆍ마일로파린고돈 피세우스(Mylopharyngodon piceus)ㆍ카틀라 카틀라(Catla catla)ㆍ라베오(Labeo)속ㆍ오스테오킬루스 하셀티(Osteochilus hasselti)ㆍ렙토바르부스 호에베니(Leptobarbus hoeveni)ㆍ메갈로브라마(Megalobrama)속], 뱀장어[앙귈라(Anguilla)속], 나일 퍼치[라테스 니로티쿠스(Lates niloticus)], 가물치[카나(Channa)속]",,0,
0304511000,80,4,연육,,1,2012-01-01
0304519000,80,4,기타,,1,2012-01-01
0304520000,80,3,연어과,,1,2022-01-01
0304530000,80,3,브레그마세로티대(Bregmacerotidae)과ㆍ유클리티대(Euclichthyidae)과ㆍ가디대(Gadidae)과ㆍ마크로우리대(Macrouridae)과ㆍ멜라노니대(Melanonidae)과ㆍ메르루치대(Merlucciidae)과ㆍ모리대(Moridae)과ㆍ무라에놀레피디대(Muraenolepididae)과의 어류,,1,2025-01-01
0304540000,80,3,황새치[자이피어스 글래디어스(Xiphias gladius)],,1,2022-01-01
0304550000,80,3,이빨고기[디소스티쿠스(Dissostichus)속],,1,2022-01-01
0304560000,80,3,곱상어와 그 밖의 상어,,1,2022-01-01
030457,80,3,가오리와 홍어[라지대(Rajidae)과],,0,
0304573000,80,4,연육,,1,2022-01-01
0304579000,80,4,기타,,1,2022-01-01
030459,80,3,기타,,0,
0304591000,80,4,붕장어,,1,2022-01-01
0304592000,80,4,가자미,,1,2022-01-01
03045930,80,4,참다랑어,,0,
0304593010,80,5,연육,,1,2012-01-01
0304593090,80,5,기타,,1,2012-01-01
03045990,80,4,기타,,0,
0304599010,80,5,연육,,1,2012-01-01
0304599090,80,5,기타,,1,2012-01-01
03046,80,2,"틸라피아[오레오크로미스(Oreochromis)속], 메기[판가시우스(Pangasius)속ㆍ실루러스(Silurus)속ㆍ클라리아스(Clarias)속ㆍ익타루러스(Ictalurus)속], 잉어[사이프리너스(Cyprinus)속ㆍ카라시우스(Carassius)속ㆍ크테노파린고돈 이델루스(Ctenopharyngodon idellus)ㆍ하이포프탈미크티스(Hypophthalmichthys)속ㆍ시리누스(Cirrhinus)속ㆍ마일로파린고돈 피세우스(Mylopharyngodon piceus)ㆍ카틀라 카틀라(Catla catla)ㆍ라베오(Labeo)속ㆍ오스테오킬루스 하셀티(Osteochilus hasselti)ㆍ렙토바르부스 호에베니(Leptobarbus hoeveni)ㆍ메갈로브라마(Megalobrama)속], 뱀장어[앙귈라(Anguilla)속], 나일 퍼치[라테스 니로티쿠스(Lates niloticus)], 가물치[카나(Channa)속]의 냉동한 필레(fillet)",,0,
0304610000,80,3,틸라피아[오레오크로미스(Oreochromis)속],,1,2022-01-01
0304620000,80,3,메기[판가시우스(Pangasius)속ㆍ실루러스(Silurus)속ㆍ클라리아스(Clarias)속ㆍ익타루러스(Ictalurus)속],,1,2022-01-01
0304630000,80,3,나일 퍼치[라테스 니로티쿠스(Lates niloticus)],,1,2017-01-01
0304690000,80,3,기타,,1,2012-01-01
03047,80,2,브레그마세로티대(Bregmacerotidae)과ㆍ유클리티대(Euclichthyidae)과ㆍ가디대(Gadidae)과ㆍ마크로우리대(Macrouridae)과ㆍ멜라노니대(Melanonidae)과ㆍ메르루치대(Merlucciidae)과ㆍ모리대(Moridae)과ㆍ무라에놀레피디대(Muraenolepididae)과의 어류의 냉동한 필레(fillet),,0,
0304710000,80,3,대구[가두스 모르화(Gadus morhua)ㆍ가두스 오각(Gadus ogac)ㆍ가두스 마크로세팔루스(Gadus macrocephalus)],,1,2017-01-01
0304720000,80,3,해덕[멜라노그라무스 애그레피누스(Melanogrammus aeglefinus)],,1,2017-01-01
0304730000,80,3,검정대구[폴라치우스 비렌스(Pollachius virens)],,1,2017-01-01
0304740000,80,3,민대구[메루키우스(Merluccius)속ㆍ유르피키스(Urophycis)속],,1,2022-01-01
0304750000,80,3,명태[테라그라 찰코그라마(Theragra chalcogramma)],,1,2022-01-01
0304790000,80,3,기타,,1,2012-01-01
03048,80,2,그 밖의 어류의 냉동한 필레(fillet),,0,
0304810000,80,3,"태평양 연어[옹코링쿠스 넬카(Oncorhynchus nerka)ㆍ옹코링쿠스 고르부스카(Oncorhynchus gorbuscha)ㆍ옹코링쿠스 케타(Oncorhynchus keta)ㆍ옹코링쿠스 차비차(Oncorhynchus tschawytscha)ㆍ옹코링쿠스 키수츠(Oncorhynchus kisutch)ㆍ옹코링쿠스 마소(Oncorhynchus masou)ㆍ옹코링쿠스 로두루스(Oncorhynchus rhodurus)], 대서양 연어[살모 살라(Salmo salar)], 다뉴브 연어[후코 후코(Hucho hucho)]",,1,2017-01-01
0304820000,80,3,송어[살모 트루타(Salmo trutta)ㆍ옹코링쿠스 미키스(Oncorhynchus mykiss)ㆍ옹코링쿠스 클라키(Oncorhynchus clarki)ㆍ옹코링쿠스 아구아보니타(Oncorhynchus aguabonita)ㆍ옹코링쿠스 길래(Oncorhynchus gilae)ㆍ옹코링쿠스 아파케(Oncorhynchus apache)ㆍ옹코링쿠스 크리소가스터(Oncorhynchus chrysogaster)],,1,2017-01-01
030483,80,3,넙치류[플루로넥티대(Pleuronectidae)과ㆍ바디대(Bothidae)과ㆍ사이노글로시대(Cynoglossidae)과ㆍ솔레이대(Soleidae)과ㆍ스코프탈미대(Scophthal midae)과ㆍ시타리대(Citharidae)과],,0,
0304831000,80,4,가자미,,1,2012-01-01
0304839000,80,4,기타,,1,2012-01-01
0304840000,80,3,황새치[자이피어스 글래디어스(Xiphias gladius)],,1,2017-01-01
0304850000,80,3,이빨고기[디소스티쿠스(Dissostichus)속],,1,2022-01-01
0304860000,80,3,청어[클루페아 하렌구스(Clupea harengus)ㆍ클루페아 팔라시(Clupea pallasii)],,1,2017-01-01
030487,80,3,다랑어[터너스(Thunnus)속의 것으로 한정한다]ㆍ가다랑어(줄무늬 버니토)[카추워누스 펠라미스(Katsuwonus pelamis)],,0,
0304871000,80,4,참다랑어,,1,2012-01-01
0304879000,80,4,기타,,1,2012-01-01
030488,80,3,"곱상어, 그 밖의 상어, 가오리와 홍어[라지대(Rajidae)과]",,0,
0304881000,80,4,"곱상어, 그 밖의 상어",,1,2017-01-01
0304889000,80,4,기타,,1,2022-01-01
030489,80,3,기타,,0,
0304891000,80,4,붕장어의 것,,1,2012-01-01
0304892000,80,4,이빨고기[디소스티쿠스(Dissostichus)속은 제외한다]의 것,,1,2022-01-01
0304893000,80,4,틸라피아[오레오크로미스(Oreochromis)속은 제외한다]의 것,,1,2022-01-01
0304894000,80,4,쥐치의 것,,1,2012-01-01
0304895000,80,4,고등어의 것,,1,2022-01-01
0304899000,80,4,기타,,1,2012-01-01
03049,80,2,그 밖의 냉동한 것,,0,
030491,80,3,황새치[자이피어스 글래디어스(Xiphias gladius)],,0,
0304911000,80,4,냉동 연육,,1,2007-01-01
0304919000,80,4,기타,,1,2007-01-01
030492,80,3,이빨고기[디소스티쿠스(Dissostichus)속],,0,
0304921000,80,4,냉동 연육,,1,2007-01-01
0304929000,80,4,기타,,1,2007-01-01
030493,80,3,"틸라피아[오레오크로미스(Oreochromis)속], 메기[판가시우스(Pangasius)속ㆍ실루러스(Silurus)속ㆍ클라리아스(Clarias)속ㆍ익타루러스(Ictalurus)속], 잉어[사이프리너스(Cyprinus)속ㆍ카라시우스(Carassius)속ㆍ크테노파린고돈 이델루스(Ctenopharyngodon idellus)ㆍ하이포프탈미크티스(Hypophthalmichthys)속ㆍ시리누스(Cirrhinus)속ㆍ마일로파린고돈 피세우스(Mylopharyngodon piceus)ㆍ카틀라 카틀라(Catla catla)ㆍ라베오(Labeo)속ㆍ오스테오킬루스 하셀티(Osteochilus hasselti)ㆍ렙토바르부스 호에베니(Leptobarbus hoeveni)ㆍ메갈로브라마(Megalobrama)속], 뱀장어[앙귈라(Anguilla)속], 나일 퍼치[라테스 니로티쿠스(Lates niloticus)], 가물치[카나(Channa)속]",,0,
0304931000,80,4,냉동 연육,,1,2013-01-01
0304939000,80,4,기타,,1,2012-01-01
030494,80,3,명태[테라그라 찰코그라마(Theragra chalcogramma)],,0,
0304941000,80,4,냉동 연육,,1,2013-01-01
0304949000,80,4,기타,,1,2012-01-01
030495,80,3,브레그마세로티대(Bregmacerotidae)과ㆍ유클리티대(Euclichthyidae)과ㆍ가디대(Gadidae)과ㆍ마크로우리대(Macrouridae)과ㆍ멜라노니대(Melanonidae)과ㆍ메르루치대(Merlucciidae)과ㆍ모리대(Moridae)과ㆍ무라에놀레피디대(Muraenolepididae)과의 어류[명태(테라그라 찰코그라마(Theragra chalcogramma)는 제외한다],,0,
0304951000,80,4,냉동 연육,,1,2013-01-01
0304959000,80,4,기타,,1,2012-01-01
0304960000,80,3,곱상어와 그 밖의 상어,,1,2022-01-01
0304970000,80,3,가오리와 홍어[라지대(Rajidae)과],,1,2022-01-01
030499,80,3,기타,,0,
0304991000,80,4,냉동 연육,,1,2013-01-01
0304999000,80,4,기타,,1,2012-01-01
0305,80,1,"건조한 어류, 염장이나 염수장한 어류, 훈제한 어류(훈제과정 중이나 훈제 전에 조리한 것인지에 상관없다)",,0,
030520,80,2,어류의 간ㆍ어란(魚卵)ㆍ어백(魚白)(건조한 것ㆍ훈제한 것ㆍ염장이나 염수장한 것으로 한정한다),,0,
0305201000,80,3,간,,1,2002-01-01
0305202000,80,3,건조한 어란(魚卵)과 어백(魚白),,1,2017-01-01
0305203000,80,3,훈제한 어란(魚卵)과 어백(魚白),,1,2017-01-01
03052040,80,3,염장이나 염수장한 어란(魚卵)과 어백(魚白),,0,
0305204010,80,4,명태의 것,,1,2002-01-01
0305204020,80,4,조기의 것,,1,2002-01-01
0305204030,80,4,청어의 것,,1,2002-01-01
0305204090,80,4,기타,,1,2002-01-01
03053,80,2,"어류의 필레(fillet)(건조하거나 염장이나 염수장한 것으로 한정하며, 훈제한 것은 제외한다)",,0,
030531,80,3,"틸라피아[오레오크로미스(Oreochromis)속], 메기[판가시우스(Pangasius)속ㆍ실루러스(Silurus)속ㆍ클라리아스(Clarias)속ㆍ익타루러스(Ictalurus)속], 잉어[사이프리너스(Cyprinus)속ㆍ카라시우스(Carassius)속ㆍ크테노파린고돈 이델루스(Ctenopharyngodon idellus)ㆍ하이포프탈미크티스(Hypophthalmichthys)속ㆍ시리누스(Cirrhinus)속ㆍ마일로파린고돈 피세우스(Mylopharyngodon piceus)ㆍ카틀라 카틀라(Catla catla)ㆍ라베오(Labeo)속ㆍ오스테오킬루스 하셀티(Osteochilus hasselti)ㆍ렙토바르부스 호에베니(Leptobarbus hoeveni)ㆍ메갈로브라마(Megalobrama)속], 뱀장어[앙귈라(Anguilla)속], 나일 퍼치[라테스 니로티쿠스(Lates niloticus)], 가물치[카나(Channa)속]",,0,
0305311000,80,4,건조한 것,,1,2012-01-01
0305312000,80,4,염장이나 염수장한 것,,1,2013-01-01
030532,80,3,브레그마세로티대(Bregmacerotidae)과ㆍ유클리티대(Euclichthyidae)과ㆍ가디대(Gadidae)과ㆍ마크로우리대(Macrouridae)과ㆍ멜라노니대(Melanonidae)과ㆍ메르루치대(Merlucciidae)과ㆍ모리대(Moridae)과ㆍ무라에놀레피디대(Muraenolepididae)과의 어류,,0,
0305321000,80,4,건조한 것,,1,2012-01-01
0305322000,80,4,염장이나 염수장한 것,,1,2013-01-01
030539,80,3,기타,,0,
0305391000,80,4,건조한 것,,1,2012-01-01
0305392000,80,4,염장이나 염수장한 것,,1,2013-01-01
03054,80,2,"훈제한 어류[필레(fillet)를 포함하며, 식용 어류 설육(屑肉)은 제외한다]",,0,
0305410000,80,3,"태평양 연어[옹코링쿠스 넬카(Oncorhynchus nerka)ㆍ옹코링쿠스 고르부스카(Oncorhynchus gorbuscha)ㆍ옹코링쿠스 케타(Oncorhynchus keta)ㆍ옹코링쿠스 차비차(Oncorhynchus tschawytscha)ㆍ옹코링쿠스 키수츠(Oncorhynchus kisutch)ㆍ옹코링쿠스 마소(Oncorhynchus masou)ㆍ옹코링쿠스 로두루스(Oncorhynchus rhodurus)], 대서양 연어[살모 살라(Salmo salar)], 다뉴브 연어[후코 후코(Hucho hucho)]",,1,2017-01-01
0305420000,80,3,청어[클루페아 하렌구스(Clupea harengus)ㆍ클루페아 팔라시(Clupea pallasii)],,1,2013-01-01
0305430000,80,3,송어[살모 트루타(Salmo trutta)ㆍ옹코링쿠스 미키스(Oncorhynchus mykiss)ㆍ옹코링쿠스 클라키(Oncorhynchus clarki)ㆍ옹코링쿠스 아구아보니타(Oncorhynchus aguabonita)ㆍ옹코링쿠스 길래(Oncorhynchus gilae)ㆍ옹코링쿠스 아파케(Oncorhynchus apache)ㆍ옹코링쿠스 크리소가스터(Oncorhynchus chrysogaster)],,1,2013-01-01
0305440000,80,3,"틸라피아[오레오크로미스(Oreochromis)속], 메기[판가시우스(Pangasius)속ㆍ실루러스(Silurus)속ㆍ클라리아스(Clarias)속ㆍ익타루러스(Ictalurus)속], 잉어[사이프리너스(Cyprinus)속ㆍ카라시우스(Carassius)속ㆍ크테노파린고돈 이델루스(Ctenopharyngodon idellus)ㆍ하이포프탈미크티스(Hypophthalmichthys)속ㆍ시리누스(Cirrhinus)속ㆍ마일로파린고돈 피세우스(Mylopharyngodon piceus)ㆍ카틀라 카틀라(Catla catla)ㆍ라베오(Labeo)속ㆍ오스테오킬루스 하셀티(Osteochilus hasselti)ㆍ렙토바르부스 호에베니(Leptobarbus hoeveni)ㆍ메갈로브라마(Megalobrama)속], 뱀장어[앙귈라(Anguilla)속], 나일 퍼치[라테스 니로티쿠스(Lates niloticus)], 가물치[카나(Channa)속]",,1,2022-01-01
030549,80,3,기타,,0,
0305491000,80,4,멸치,,1,2002-01-01
0305492000,80,4,명태,,1,2022-01-01
0305499000,80,4,기타,,1,2002-01-01
03055,80,2,건조한 어류[식용 어류 설육(屑肉)은 제외한 것으로서 염장했는지에 상관없으며 훈제한 것은 제외한다],,0,
0305510000,80,3,대구[가두스 모르화(Gadus morhua)ㆍ가두스 오각(Gadus ogac)ㆍ가두스 마크로세팔루스(Gadus macrocephalus)],,1,2013-01-01
0305520000,80,3,"틸라피아[오레오크로미스(Oreochromis)속], 메기[판가시우스(Pangasius)속ㆍ실루러스(Silurus)속ㆍ클라리아스(Clarias)속ㆍ익타루러스(Ictalurus)속], 잉어[사이프리너스(Cyprinus)속ㆍ카라시우스(Carassius)속ㆍ크테노파린고돈 이델루스(Ctenopharyngodon idellus)ㆍ하이포프탈미크티스(Hypophthalmichthys)속ㆍ시리누스(Cirrhinus)속ㆍ마일로파린고돈 피세우스(Mylopharyngodon piceus)ㆍ카틀라 카틀라(Catla catla)ㆍ라베오(Labeo)속ㆍ오스테오킬루스 하셀티(Osteochilus hasselti)ㆍ렙토바르부스 호에베니(Leptobarbus hoeveni)ㆍ메갈로브라마(Megalobrama)속], 뱀장어[앙귈라(Anguilla)속], 나일 퍼치[라테스 니로티쿠스(Lates niloticus)], 가물치[카나(Channa)속]",,1,2022-01-01
030553,80,3,대구[가두스 모르화(Gadus morhua)ㆍ가두스 오각(Gadus ogac)ㆍ가두스 마크로세팔루스(Gadus macrocephalus)] 이외의 브레그마세로티대(Bregmacerotidae)과ㆍ유클리티대(Euclichthyidae)과ㆍ가디대(Gadidae)과ㆍ마크로우리대(Macrouridae)과ㆍ멜라노니대(Melanonidae)과ㆍ메르루치대(Merlucciidae)과ㆍ모리대(Moridae)과ㆍ무라에놀레피디대(Muraenolepididae)과의 어류,,0,
0305531000,80,4,명태(북어),,1,2022-01-01
0305539000,80,4,기타,,1,2022-01-01
030554,80,3,"청어[클루페아 하렌구스(Clupea harengus)ㆍ클루페아 팔라시(Clupea pallasii)], 멸치[엔그라울리스(Engraulis)속], 정어리[사르디나 필차르두스(Sardina pilchardus)ㆍ사르디노프스(Sardinops)속], 사르디넬라[사르디넬라(Sardinella)속], 브리스링(brisling)이나 스프랫(sprats)[스프라투스 스프라투스(Sprattus sprattus)], 고등어[스콤버 스콤브루스(Scomber scombrus)ㆍ스콤버 오스트랄라시쿠스(Scomber australasicus)ㆍ스콤버 자포니쿠스(Scomber japonicus)], 줄무늬 고등어(Indian mackerels)[라스트렐리거(Rastrelliger)속], 삼치[스콤버로모러스(Scomberomorus)속], 전갱이[트라커러스(Trachurus)속], 줄전갱이류[카랑크스(Caranx)속], 날쌔기[라키센트론 카나둠(Rachycentron canadum)], 병어[팜푸스(Pampus)속], 꽁치[콜로라비스 사이라(Cololabis saira)], 가라지[데캅테러스(Decapterus)속], 열빙어[말로투스 빌로서스(Mallotus villosus)]...",,0,
0305541000,80,4,멸치[엔그라울리스(Engraulis)속],,1,2022-01-01
0305549000,80,4,기타,,1,2017-01-01
030559,80,3,기타,,0,
0305594000,80,4,조기(굴비),,1,2002-01-01
0305595000,80,4,복어,,1,2002-01-01
0305596000,80,4,갯장어,,1,2002-01-01
0305597000,80,4,까나리,,1,2002-01-01
0305598000,80,4,베도라치(실치),,1,2002-01-01
0305599000,80,4,기타,,1,2002-01-01
03056,80,2,"건조하지도 훈제하지도 않은 염장한 어류, 염수장한 어류[식용 어류 설육(屑肉)은 제외한다]",,0,
0305610000,80,3,청어[클루페아 하렌구스(Clupea harengus)ㆍ클루페아 팔라시(Clupea pallasii)],,1,2013-01-01
0305620000,80,3,대구[가두스 모르화(Gadus morhua)ㆍ가두스 오각(Gadus ogac)ㆍ가두스 마크로세팔루스(Gadus macrocephalus)],,1,2013-01-01
030563,80,3,멸치[엔그라울리스(Engraulis)속],,0,
0305631000,80,4,멸치젓,,1,2002-01-01
0305639000,80,4,기타,,1,2002-01-01
0305640000,80,3,"틸라피아[오레오크로미스(Oreochromis)속], 메기[판가시우스(Pangasius)속ㆍ실루러스(Silurus)속ㆍ클라리아스(Clarias)속ㆍ익타루러스(Ictalurus)속], 잉어[사이프리너스(Cyprinus)속ㆍ카라시우스(Carassius)속ㆍ크테노파린고돈 이델루스(Ctenopharyngodon idellus)ㆍ하이포프탈미크티스(Hypophthalmichthys)속ㆍ시리누스(Cirrhinus)속ㆍ마일로파린고돈 피세우스(Mylopharyngodon piceus)ㆍ카틀라 카틀라(Catla catla)ㆍ라베오(Labeo)속ㆍ오스테오킬루스 하셀티(Osteochilus hasselti)ㆍ렙토바르부스 호에베니(Leptobarbus hoeveni)ㆍ메갈로브라마(Megalobrama)속], 뱀장어[앙귈라(Anguilla)속], 나일 퍼치[라테스 니로티쿠스(Lates niloticus)], 가물치[카나(Channa)속]",,1,2022-01-01
030569,80,3,기타,,0,
0305691000,80,4,연어,,1,2002-01-01
0305692000,80,4,송어,,1,2002-01-01
0305693000,80,4,갈치,,1,2002-01-01
0305694000,80,4,정어리,,1,2002-01-01
0305695000,80,4,고등어,,1,2002-01-01
0305696000,80,4,조기,,1,2002-01-01
0305698000,80,4,꽁치(학꽁치를 포함한다),,1,2002-01-01
0305699000,80,4,기타,,1,2002-01-01
03057,80,2,어류의 지느러미ㆍ머리ㆍ꼬리ㆍ부레와 그 밖의 식용 어류 설육(屑肉),,0,
030571,80,3,상어 지느러미,,0,
0305711000,80,4,훈제한 것,,1,2012-01-01
0305712000,80,4,건조한 것,,1,2012-01-01
0305713000,80,4,염장이나 염수장한 것,,1,2013-01-01
0305720000,80,3,어류의 머리ㆍ꼬리ㆍ부레,,1,2022-01-01
0305790000,80,3,기타,,1,2012-01-01
0306,80,1,"갑각류(껍데기가 붙어 있는 것인지에 상관없으며 살아 있는 것과 신선한 것·냉장한 것·냉동한 것·건조한 것·염장이나 염수장한 것), 훈제한 갑각류(껍데기가 붙어 있는 것인지 또는 훈제 전이나 훈제과정 중에 조리한 것인지에 상관없다), 껍데기가 붙어 있는 상태로 물에 찌거나 삶은 갑각류(냉장한 것·냉동한 것·건조한 것·염장이나 염수장한 것인지에 상관없다)",,0,
03061,80,2,냉동한 것,,0,
030611,80,3,닭새우류[팔리누루스(Palinurus)속ㆍ파누리루스(Panulirus)속ㆍ자수스(Jasus)속],,0,
0306111000,80,4,훈제한 것,,1,2012-01-01
0306119000,80,4,기타,,1,2012-01-01
030612,80,3,바닷가재[호마루스(Homarus)속],,0,
0306121000,80,4,훈제한 것,,1,2022-01-01
0306129000,80,4,기타,,1,2012-01-01
030614,80,3,게,,0,
03061410,80,4,게살,,0,
0306141010,80,5,훈제한 것,,1,2022-01-01
0306141090,80,5,기타,,1,2012-01-01
0306142000,80,4,왕게,,1,2022-01-01
03061430,80,4,꽃게,,0,
0306143010,80,5,훈제한 것,,1,2012-01-01
0306143090,80,5,기타,,1,2012-01-01
03061490,80,4,기타,,0,
0306149010,80,5,훈제한 것,,1,2012-01-01
0306149090,80,5,기타,,1,2012-01-01
030615,80,3,노르웨이 바닷가재[네프로프스 노르베지쿠스(Nephrops norvegicus)],,0,
0306151000,80,4,훈제한 것,,1,2012-01-01
0306159000,80,4,기타,,1,2012-01-01
030616,80,3,냉수성(冷水性) 새우류[판달러스(Pandalus)속ㆍ크란곤 크란곤(Crangon crangon)],,0,
03061610,80,4,새우살,,0,
0306161010,80,5,훈제한 것,,1,2012-01-01
0306161090,80,5,기타,,1,2012-01-01
03061690,80,4,기타,,0,
0306169010,80,5,훈제한 것,,1,2012-01-01
0306169090,80,5,기타,,1,2012-01-01
030617,80,3,그 밖의 새우류,,0,
03061710,80,4,새우살,,0,
0306171010,80,5,훈제한 것,,1,2012-01-01
0306171090,80,5,기타,,1,2012-01-01
03061790,80,4,기타,,0,
0306179010,80,5,훈제한 것,,1,2012-01-01
030617909,80,5,기타,,0,
0306179091,80,6,흰다리새우[리토페나에우스 바나메이(Litopenaeus vannamei)],,1,2022-01-01
0306179099,80,6,기타,,1,2022-01-01
030619,80,3,기타,,0,
0306191000,80,4,훈제한 것,,1,2012-01-01
0306199000,80,4,기타,,1,2012-01-01
03063,80,2,"살아있는 것, 신선한 것, 냉장한 것",,0,
0306310000,80,3,닭새우류[팔리누루스(Palinurus)속ㆍ파누리루스(Panulirus)속ㆍ자수스(Jasus)속],,1,2022-01-01
0306320000,80,3,바닷가재[호마루스(Homarus)속],,1,2022-01-01
030633,80,3,게,,0,
0306331000,80,4,꽃게[포르투누스 트리투버큘라투스(Portunus trituberculatus)],,1,2022-01-01
0306332000,80,4,대게,,1,2017-01-01
0306339000,80,4,기타,,1,2017-01-01
0306340000,80,3,노르웨이 바닷가재[네프로프스 노르베지쿠스(Nephrops norvegicus)],,1,2017-01-01
0306350000,80,3,냉수성(冷水性) 새우류[판달러스(Pandalus)속ㆍ크란곤 크란곤(Crangon crangon)],,1,2022-01-01
0306360000,80,3,그 밖의 새우류,,1,2017-01-01
0306390000,80,3,기타,,1,2022-01-01
03069,80,2,기타,,0,
0306910000,80,3,닭새우류[팔리누루스(Palinurus)속ㆍ파누리루스(Panulirus)속ㆍ자수스(Jasus)속],,1,2022-01-01
0306920000,80,3,바닷가재[호마루스(Homarus)속],,1,2022-01-01
0306930000,80,3,게,,1,2022-01-01
0306940000,80,3,노르웨이 바닷가재[네프로프스 노르베지쿠스(Nephrops norvegicus)],,1,2022-01-01
030695,80,3,새우류,,0,
03069510,80,4,냉수성(冷水性) 새우류[판달러스(Pandalus)종ㆍ크란곤 크란곤(Crangon crangon)],,0,
0306951020,80,5,건조한 것,,1,2017-01-01
0306951030,80,5,염장이나 염수장한 것,,1,2017-01-01
0306951040,80,5,훈제한 것,,1,2017-01-01
03069590,80,4,그 밖의 새우류,,0,
0306959020,80,5,건조한 것,,1,2017-01-01
0306959030,80,5,염장이나 염수장한 것,,1,2017-01-01
0306959040,80,5,훈제한 것,,1,2017-01-01
030699,80,3,기타,,0,
0306992000,80,4,건조한 것,,1,2017-01-01
0306993000,80,4,염장이나 염수장한 것,,1,2017-01-01
0306994000,80,4,훈제한 것,,1,2017-01-01
0307,80,1,"연체동물(껍데기가 붙어 있는지에 상관없으며 살아 있는 것과 신선한 것ㆍ냉장이나 냉동한 것ㆍ건조한 것ㆍ염장이나 염수장한 것), 훈제한 연체동물(껍데기가 붙어 있는 것인지 또는 훈제 전이나 훈제과정 중에 조리한 것인지에 상관없다)",,0,
03071,80,2,굴,,0,
030711,80,3,"살아 있는 것, 신선한 것, 냉장한 것",,0,
03071110,80,4,굴치패,,0,
0307111010,80,5,종패용,,1,2012-01-01
0307111090,80,5,기타,,1,2012-01-01
0307119000,80,4,기타,,1,2012-01-01
0307120000,80,3,냉동한 것,,1,2017-01-01
030719,80,3,기타,,0,
0307192000,80,4,건조한 것,,1,2012-01-01
0307193000,80,4,염장이나 염수장한 것,,1,2013-01-01
0307194000,80,4,훈제한 것,,1,2012-01-01
03072,80,2,가리비와 그 밖의 펙티니대(Pectinidae)과의 연체동물,,0,
030721,80,3,"살아 있는 것, 신선한 것, 냉장한 것",,0,
0307211000,80,4,펙텐(Pecten)ㆍ클라미스(Chlamys)ㆍ플라코펙텐(Placopecten)속의 것,,1,2022-01-01
0307219000,80,4,기타,,1,2022-01-01
030722,80,3,냉동한 것,,0,
0307221000,80,4,펙텐(Pecten)ㆍ클라미스(Chlamys)ㆍ플라코펙텐(Placopecten)속의 것,,1,2022-01-01
0307229000,80,4,기타,,1,2022-01-01
030729,80,3,기타,,0,
0307291000,80,4,펙텐(Pecten)ㆍ클라미스(Chlamys)ㆍ플라코펙텐(Placopecten)속의 것,,1,2022-01-01
0307299000,80,4,기타,,1,2022-01-01
03073,80,2,홍합[미틸루스(Mytilus)속ㆍ페르나(Perna)속],,0,
0307310000,80,3,"살아 있는 것, 신선한 것, 냉장한 것",,1,2013-01-01
0307320000,80,3,냉동한 것,,1,2017-01-01
030739,80,3,기타,,0,
0307392000,80,4,건조한 것,,1,2002-01-01
0307399000,80,4,기타,,1,2002-01-01
03074,80,2,갑오징어와 오징어,,0,
030742,80,3,"살아있는 것, 신선한 것, 냉장한 것",,0,
03074210,80,4,갑오징어,,0,
0307421010,80,5,세피아 오피시날리스(Sepia officinalis)ㆍ로시아 마크로소마(Rossia macrosoma)ㆍ세피올라(Sepiola)속,,1,2017-01-01
0307421090,80,5,기타,,1,2017-01-01
03074220,80,4,오징어,,0,
0307422010,80,5,옴마스트레페스(Ommastrephes)속ㆍ로리고(Loligo)속ㆍ노토토다루스(Nototodarus)속ㆍ세피오투디스(Sepioteuthis)속,,1,2017-01-01
0307422090,80,5,기타,,1,2017-01-01
030743,80,3,냉동한 것,,0,
03074310,80,4,갑오징어,,0,
0307431010,80,5,세피아 오피시날리스(Sepia officinalis)ㆍ로시아 마크로소마(Rossia macrosoma)ㆍ세피올라(Sepiola)속,,1,2017-01-01
0307431090,80,5,기타,,1,2017-01-01
03074320,80,4,오징어,,0,
0307432010,80,5,옴마스트레페스(Ommastrephes)속ㆍ로리고(Loligo)속ㆍ노토토다루스(Nototodarus)속ㆍ세피오투디스(Sepioteuthis)속,,1,2017-01-01
0307432090,80,5,기타,,1,2017-01-01
030749,80,3,기타,,0,
03074920,80,4,염장이나 염수장한 것,,0,
0307492010,80,5,갑오징어[세피아 오피시날리스(Sepia officinalis)ㆍ로시아 마크로소마(Rossia macrosoma)ㆍ세피올라(Sepiola)속]와 오징어[옴마스트레페스(Ommastrephes)속ㆍ로리고(Loligo)속ㆍ노토토다루스(Nototodarus)속ㆍ세피오투디스(Sepioteuthis)속],,1,2025-01-01
0307492090,80,5,기타,,1,2017-01-01
03074930,80,4,건조한 것,,0,
0307493010,80,5,갑오징어[세피아 오피시날리스(Sepia officinalis)ㆍ로시아 마크로소마(Rossia macrosoma)ㆍ세피올라(Sepiola)속]와 오징어[옴마스트레페스(Ommastrephes)속ㆍ로리고(Loligo)속ㆍ노토토다루스(Nototodarus)속ㆍ세피오투디스(Sepioteuthis)속],,1,2025-01-01
0307493090,80,5,기타,,1,2017-01-01
03074940,80,4,훈제한 것,,0,
0307494010,80,5,갑오징어[세피아 오피시날리스(Sepia officinalis)ㆍ로시아 마크로소마(Rossia macrosoma)ㆍ세피올라(Sepiola)속]와 오징어[옴마스트레페스(Ommastrephes)속ㆍ로리고(Loligo)속ㆍ노토토다루스(Nototodarus)속ㆍ세피오투디스(Sepioteuthis)속],,1,2025-01-01
0307494090,80,5,기타,,1,2017-01-01
03075,80,2,문어[옥토퍼스(Octopus)속],,0,
030751,80,3,"살아 있는 것, 신선한 것, 냉장한 것",,0,
0307511000,80,4,낙지,,1,2007-01-01
0307512000,80,4,주꾸미,,1,2017-01-01
0307519000,80,4,기타,,1,2007-01-01
030752,80,3,냉동한 것,,0,
0307521000,80,4,문어,,1,2017-01-01
0307522000,80,4,낙지,,1,2017-01-01
0307523000,80,4,주꾸미,,1,2017-01-01
0307529000,80,4,기타,,1,2017-01-01
030759,80,3,기타,,0,
0307592000,80,4,건조한 것,,1,2002-01-01
0307599000,80,4,기타,,1,2002-01-01
0307600000,80,2,달팽이(바다달팽이는 제외한다),,1,2022-01-01
03077,80,2,"클램(clam), 새조개와 피조개[아르치대(Arcidae)과ㆍ아르크티치대(Arcticidae)과ㆍ카르디대(Cardiidae)과ㆍ도나치대(Donacidae)과ㆍ히아텔리대(Hiatellidae)과ㆍ마르크트리대(Mactridae)과ㆍ메소데스마티대(Mesodesmatidae)과ㆍ마이이대(Myidae)과ㆍ세멜리대(Semelidae)과ㆍ솔레쿠르티대(Solecurtidae)과ㆍ솔레니대(Solenidae)과ㆍ트리다크니대(Tridacnidae)과ㆍ베네리대(Veneridae)과]",,0,
030771,80,3,"살아 있는 것, 신선한 것, 냉장한 것",,0,
0307711000,80,4,백합,,1,2022-01-01
03077120,80,4,피조개,,0,
0307712010,80,5,종패용,,1,2012-01-01
0307712090,80,5,기타,,1,2012-01-01
0307713000,80,4,새조개,,1,2012-01-01
0307714000,80,4,바지락,,1,2012-01-01
0307715000,80,4,개조개,,1,2017-01-01
0307719000,80,4,기타,,1,2012-01-01
030772,80,3,냉동한 것,,0,
0307721000,80,4,새조개,,1,2017-01-01
0307722000,80,4,개량조개,,1,2017-01-01
0307723000,80,4,바지락,,1,2017-01-01
0307724000,80,4,피조개,,1,2017-01-01
0307725000,80,4,개조개,,1,2017-01-01
0307729000,80,4,기타,,1,2017-01-01
030779,80,3,기타,,0,
03077920,80,4,건조한 것,,0,
0307792010,80,5,개량조개,,1,2012-01-01
0307792020,80,5,바지락,,1,2012-01-01
0307792090,80,5,기타,,1,2012-01-01
03077930,80,4,염장이나 염수장한 것,,0,
0307793010,80,5,개량조개,,1,2012-01-01
0307793020,80,5,바지락,,1,2012-01-01
0307793090,80,5,기타,,1,2012-01-01
03077940,80,4,훈제한 것,,0,
0307794010,80,5,새조개,,1,2022-01-01
0307794090,80,5,기타,,1,2012-01-01
03078,80,2,전복[할리오티스(Haliotis)속])과 수정고둥류[스트롬버스(Strombus) 속],,0,
0307810000,80,3,"살아있거나, 신선하거나 냉장한 전복[할리오티스(Haliotis)속]",,1,2017-01-01
0307820000,80,3,"살아있거나, 신선하거나 냉장한 수정고둥류[스트롬버스(Strombus)속]",,1,2017-01-01
0307830000,80,3,냉동한 전복[할리오티스(Haliotis)속],,1,2017-01-01
0307840000,80,3,냉동한 수정고둥류[스트롬버스(Strombus)속],,1,2017-01-01
030787,80,3,그 밖의 전복[할리오티스(Haliotis)속],,0,
0307871000,80,4,건조한 것,,1,2017-01-01
0307872000,80,4,염장이나 염수장한 것,,1,2017-01-01
0307873000,80,4,훈제한 것,,1,2017-01-01
030788,80,3,그 밖의 수정고둥류[스트롬버스(Strombus)속],,0,
0307881000,80,4,건조한 것,,1,2017-01-01
0307882000,80,4,염장이나 염수장한 것,,1,2017-01-01
0307883000,80,4,훈제한 것,,1,2017-01-01
03079,80,2,기타,,0,
030791,80,3,"살아 있는 것, 신선한 것, 냉장한 것",,0,
0307911000,80,4,소라,,1,2012-01-01
03079120,80,4,진주조개,,0,
0307912010,80,5,종패용,,1,2012-01-01
0307912090,80,5,기타,,1,2012-01-01
0307913000,80,4,조개관자,,1,2022-01-01
0307914000,80,4,재첩,,1,2012-01-01
0307919000,80,4,기타,,1,2017-01-01
030792,80,3,냉동한 것,,0,
0307921000,80,4,조개관자,,1,2022-01-01
0307922000,80,4,소라,,1,2017-01-01
0307929000,80,4,기타,,1,2017-01-01
030799,80,3,기타,,0,
0307992,80,4,건조한 것,,0,
0307992100,80,5,조개관자,,1,2022-01-01
0307992900,80,5,기타,,1,2012-01-01
0307993000,80,4,염장이나 염수장한 것,,1,2022-01-01
0307994,80,4,훈제한 것,,0,
03079941,80,5,골뱅이,,0,
0307994110,80,6,밀폐용기에 넣은 것,,1,2012-01-01
0307994120,80,6,밀폐용기에 넣지 않은 것,,1,2013-01-01
0307994900,80,5,기타,,1,2012-01-01
0308,80,1,"수생(水生) 무척추동물(갑각류와 연체동물은 제외하며, 살아 있는 것과 신선한 것·냉장한 것·냉동한 것·건조한 것, 염장이나 염수장한 것), 훈제한 수생(水生) 무척추동물(갑각류와 연체동물은 제외하며, 훈제 전이나 훈제과정 중에 조리한 것인지에 상관없다)",,0,
03081,80,2,"해삼[스티코푸스 자포니쿠스(Stichopus japonicus), 홀로투로이대(Holothuroidea)]",,0,
0308110000,80,3,"살아 있는 것, 신선한 것, 냉장한 것",,1,2013-01-01
0308120000,80,3,냉동한 것,,1,2017-01-01
030819,80,3,기타,,0,
0308192000,80,4,건조한 것,,1,2012-01-01
0308193000,80,4,염장이나 염수장한 것,,1,2013-01-01
0308194000,80,4,훈제한 것,,1,2012-01-01
03082,80,2,성게[스트론길로센트로투스(Strongylocentrotus)속ㆍ파라센트로투스 리비두스(Paracentrotus lividus)ㆍ록세치누스 알버스(Loxechinus albus)ㆍ에치누스 에스쿨렌투스(Echinus esculentus)],,0,
0308210000,80,3,"살아 있는 것, 신선한 것, 냉장한 것",,1,2013-01-01
0308220000,80,3,냉동한 것,,1,2017-01-01
030829,80,3,기타,,0,
0308292000,80,4,건조한 것,,1,2012-01-01
0308293000,80,4,염장이나 염수장한 것,,1,2013-01-01
0308294000,80,4,훈제한 것,,1,2012-01-01
030830,80,2,해파리[로필레마(Rhopilema)속],,0,
0308301000,80,3,"살아 있는 것, 신선한 것, 냉장한 것",,1,2013-01-01
0308302000,80,3,냉동한 것,,1,2012-01-01
0308303000,80,3,건조한 것,,1,2012-01-01
0308304000,80,3,염장이나 염수장한 것,,1,2013-01-01
0308305000,80,3,훈제한 것,,1,2012-01-01
030890,80,2,기타,,0,
03089010,80,3,"살아 있는 것, 신선한 것, 냉장한 것",,0,
030890101,80,4,우렁쉥이(멍게),,0,
0308901011,80,5,종묘(種苗),,1,2013-01-01
0308901019,80,5,기타,,1,2012-01-01
0308901090,80,4,기타,,1,2012-01-01
03089020,80,3,냉동한 것,,0,
0308902010,80,4,우렁쉥이(멍게),,1,2013-01-01
0308902090,80,4,기타,,1,2012-01-01
0308903000,80,3,건조한 것,,1,2022-01-01
0308904000,80,3,염장이나 염수장한 것,,1,2013-01-01
0308905000,80,3,훈제한 것,,1,2012-01-01
0309,80,1,어류ㆍ갑각류ㆍ연체동물과 그 밖의 수생무척추동물의 고운 가루ㆍ거친 가루와 펠릿(pellet)(식용에 적합한 것으로 한정한다),,0,
0309100000,80,2,어류의 것,,1,2022-01-01
030990,80,2,기타,,0,
0309901000,80,3,갑각류의 것,,1,2022-01-01
0309902000,80,3,연체동물의 것,,1,2022-01-01
0309909000,80,3,기타,,1,2022-01-01
04,80,0,"제4류 낙농품, 새의 알, 천연꿀, 다른 류로 분류되지 않은 식용인 동물성 생산품",,0,
0401,80,1,밀크와 크림(농축하지 않은 것으로서 설탕이나 그 밖의 감미료를 첨가하지 않은 것으로 한정한다),,0,
0401100000,80,2,지방분이 전 중량의 100분의 1 이하인 것,,1,2013-01-01
0401200000,80,2,지방분이 전 중량의 100분의 1 초과 100분의 6 이하인 것,,1,2017-01-01
040140,80,2,지방분이 전 중량의 100분의 6 초과 100분의 10 이하인 것,,0,
0401401000,80,3,냉동크림,,1,2012-01-01
0401409000,80,3,기타,,1,2012-01-01
040150,80,2,지방분이 전 중량의 100분의 10을 초과하는 것,,0,
0401501000,80,3,냉동크림,,1,2012-01-01
0401509000,80,3,기타,,1,2012-01-01
0402,80,1,밀크와 크림(농축하였거나 설탕이나 그 밖의 감미료를 첨가한 것으로 한정한다),,0,
040210,80,2,가루 모양ㆍ알갱이 모양이나 그 밖의 고체 상태인 것으로서 지방분이 전 중량의 100분의 1.5 이하인 것,,0,
04021010,80,3,설탕이나 그 밖의 감미료를 첨가하지 않은 것,,0,
0402101010,80,4,탈지(脫脂)분유,,1,2013-01-01
0402101090,80,4,기타,,1,2002-01-01
0402109000,80,3,기타,,1,2002-01-01
04022,80,2,가루 모양ㆍ알갱이 모양이나 그 밖의 고체 상태인 것으로서 지방분이 전 중량의 100분의 1.5를 초과하는 것,,0,
040221,80,3,설탕이나 그 밖의 감미료를 첨가하지 않은 것,,0,
0402211000,80,4,전지분유,,1,2002-01-01
0402219000,80,4,기타,,1,2002-01-01
0402290000,80,3,기타,,1,2002-01-01
04029,80,2,기타,,0,
040291,80,3,설탕이나 그 밖의 감미료를 첨가하지 않은 것,,0,
0402911000,80,4,무가당연유(無加糖煉乳),,1,2013-01-01
0402919000,80,4,기타,,1,2002-01-01
040299,80,3,기타,,0,
0402991000,80,4,가당연유(加糖煉乳),,1,2013-01-01
0402999000,80,4,기타,,1,2002-01-01
0403,80,1,"요구르트, 버터밀크ㆍ응고밀크와 응고크림ㆍ케피어(kephir)와 그 밖의 발효되거나 산성화된 밀크와 크림(농축한 것인지 또는 설탕이나 그 밖의 감미료를 첨가한 것인지 또는 향ㆍ과실ㆍ견과류ㆍ코코아를 첨가한 것인지에 상관없다)",,0,
040320,80,2,요구르트,,0,
0403201000,80,3,액체 상태인 것,,1,2022-01-01
0403202000,80,3,냉동한 것,,1,2022-01-01
0403209000,80,3,기타,,1,2022-01-01
040390,80,2,기타,,0,
0403901000,80,3,버터밀크,,1,2002-01-01
0403909000,80,3,기타,,1,2022-01-01
0404,80,1,유장(농축한 것인지 또는 설탕이나 그 밖의 감미료를 첨가한 것인지에 상관없다)과 따로 분류된 것 외의 천연밀크의 성분을 함유하는 물품(설탕이나 그 밖의 감미료를 첨가한 것인지에 상관없다),,0,
040410,80,2,유장과 변성유장(농축한 것인지 또는 설탕이나 그 밖의 감미료를 첨가한 것인지에 상관없다),,0,
04041010,80,3,유장,,0,
040410101,80,4,유장분말,,0,
0404101011,80,5,사료용,,1,2012-01-01
0404101019,80,5,기타,,1,2008-01-01
040410109,80,4,기타,,0,
0404101091,80,5,사료용,,1,2012-01-01
0404101099,80,5,기타,,1,2012-01-01
0404102,80,3,변성유장,,0,
04041021,80,4,유장에서 유당(乳糖)ㆍ단백질ㆍ무기질의 전부나 일부를 제거한 것,,0,
040410211,80,5,유당(乳糖)을 제거한 것,,0,
0404102111,80,6,사료용,,1,2009-01-01
0404102119,80,6,기타,,1,2008-01-01
040410212,80,5,무기질을 제거한 것,,0,
0404102121,80,6,사료용,,1,2012-01-01
0404102129,80,6,기타,,1,2008-01-01
040410213,80,5,유장농축 단백질,,0,
0404102131,80,6,사료용,,1,2012-01-01
0404102139,80,6,기타,,1,2008-01-01
040410219,80,5,기타,,0,
0404102191,80,6,사료용,,1,2012-01-01
0404102199,80,6,기타,,1,2008-01-01
04041029,80,4,기타,,0,
0404102910,80,5,사료용,,1,2012-01-01
0404102990,80,5,기타,,1,2008-01-01
040490,80,2,기타,,0,
0404901000,80,3,지방분이 전 중량의 100분의 1.5 이하인 것,,1,2013-01-01
0404902000,80,3,지방분이 전 중량의 100분의 1.5를 초과하는 것,,1,2013-01-01
0405,80,1,"버터와 그 밖의 지방과 기름(밀크에서 얻은 것으로 한정한다), 데어리 스프레드(dairy spread)",,0,
0405100000,80,2,버터,,1,2002-01-01
0405200000,80,2,데어리 스프레드(dairy spread),,1,2013-01-01
0405900000,80,2,기타,,1,2002-01-01
0406,80,1,치즈와 커드(curd),,0,
040610,80,2,신선한(숙성되지 않은 것이나 처리하지 않은 것) 치즈(유장치즈를 포함한다)와 커드(curd),,0,
04061010,80,3,신선한 치즈,,0,
0406101010,80,4,모차렐라 치즈(Mozzarella cheese),,1,2013-01-01
0406101020,80,4,크림 치즈,,1,2012-01-01
0406101090,80,4,기타,,1,2008-01-01
0406102000,80,3,커드(curd),,1,2013-01-01
0406200000,80,2,갈았거나 가루 모양으로 한 모든 종류의 치즈,,1,2013-01-01
0406300000,80,2,가공치즈(갈았거나 가루 모양의 것은 제외한다),,1,2013-01-01
0406400000,80,2,블루바인 치즈(blue-veined cheese)와 페니실리움 로우크포티(Penicillium roqueforti)로 생산된 바인(vein)을 함유한 그 밖의 치즈,,1,2013-01-01
040690,80,2,그 밖의 치즈,,0,
0406901000,80,3,체더 치즈(Cheddar cheese),,1,2013-01-01
0406902000,80,3,하우다 치즈(Gouda cheese),,1,2013-01-01
0406903000,80,3,카망베르 치즈(Camembert cheese),,1,2013-01-01
0406904000,80,3,에멘탈 치즈(Emmental cheese),,1,2013-01-01
0406909000,80,3,기타,,1,2008-01-01
0407,80,1,"새의 알(껍질이 붙은 것으로서 신선한 것, 보존처리하거나 조리한 것으로 한정한다)",,0,
04071,80,2,부화용 수정란,,0,
0407110000,80,3,닭[갈루스 도메스티쿠스(Gallus domesticus)종으로 한정한다]의 것,,1,2015-01-01
0407190000,80,3,기타,,1,2012-01-01
04072,80,2,그 밖의 신선란,,0,
0407210000,80,3,닭[갈루스 도메스티쿠스(Gallus domesticus)종으로 한정한다]의 것,,1,2015-01-01
0407290000,80,3,기타,,1,2012-01-01
0407900000,80,2,기타,,1,2012-01-01
0408,80,1,"새의 알(껍질이 붙지 않은 것)과 알의 노른자위(신선한 것, 건조한 것, 물에 삶았거나 찐 것, 성형한 것, 냉동한 것이나 그 밖의 보존처리를 한 것으로 한정하며, 설탕이나 그 밖의 감미료를 첨가한 것인지에 상관없다)",,0,
04081,80,2,알의 노른자위,,0,
0408110000,80,3,건조한 것,,1,2002-01-01
0408190000,80,3,기타,,1,2002-01-01
04089,80,2,기타,,0,
0408910000,80,3,건조한 것,,1,2002-01-01
040899,80,3,기타,,0,
0408991000,80,4,닭[갈루스 도메스티쿠스(Gallus domesticus)종으로 한정한다]의 것,,1,2017-01-01
0408999000,80,4,기타,,1,2002-01-01
0409,80,1,천연꿀,,0,
0409000000,80,2,천연꿀,,1,2002-01-01
0410,80,1,곤충과 그 밖의 식용인 동물성 생산품(따로 분류되지 않은 것으로 한정한다),,0,
0410100000,80,2,곤충,,1,2022-01-01
041090,80,2,기타,,0,
0410901000,80,3,칼새둥지,,1,2022-01-01
0410902000,80,3,로열젤리,,1,2022-01-01
0410909000,80,3,기타,,1,2022-01-01
05,80,0,제5류 다른 류로 분류되지 않은 동물성 생산품,,0,
0501,80,1,"사람 머리카락(가공하지 않은 것으로 한정하며, 세척이나 세정을 했는지에 상관없다)과 그 웨이스트(waste)",,0,
0501000000,80,2,"사람 머리카락(가공하지 않은 것으로 한정하며, 세척이나 세정을 했는지에 상관없다)과 그 웨이스트(waste)",,1,2013-01-01
0502,80,1,돼지털ㆍ멧돼지털ㆍ오소리털과 그 밖의 브러시 제조용 동물의 털과 이들의 웨이스트(waste),,0,
0502100000,80,2,돼지털ㆍ멧돼지털과 이들의 웨이스트(waste),,1,2022-01-01
0502900000,80,2,기타,,1,2022-01-01
0504,80,1,동물(어류는 제외한다)의 장ㆍ방광ㆍ위의 전체나 부분(신선한 것ㆍ냉장이나 냉동한 것ㆍ염장이나 염수장한 것ㆍ건조한 것ㆍ훈제한 것으로 한정한다),,0,
050400,80,2,동물(어류는 제외한다)의 장ㆍ방광ㆍ위의 전체나 부분(신선한 것ㆍ냉장이나 냉동한 것ㆍ염장이나 염수장한 것ㆍ건조한 것ㆍ훈제한 것으로 한정한다),,0,
05040010,80,3,장,,0,
0504001010,80,4,소의 것,,1,2002-01-01
050400102,80,4,돼지의 것,,0,
0504001021,80,5,소시지 케이싱용,,1,2014-01-01
0504001029,80,5,기타,,1,2014-01-01
050400103,80,4,양의 것,,0,
0504001031,80,5,소시지 케이싱용,,1,2014-01-01
0504001039,80,5,기타,,1,2014-01-01
0504001090,80,4,기타,,1,2002-01-01
0504002000,80,3,방광,,1,2002-01-01
0504003000,80,3,위,,1,2002-01-01
0505,80,1,"새의 깃털이나 솜털이 붙은 가죽과 그 밖의 부분, 깃털과 그 부분(가장자리를 정리했는지에 상관없다), 새의 솜털(청정ㆍ소독ㆍ보존을 위한 처리 이상의 가공을 하지 않은 것으로 한정한다), 새의 깃털이나 그 부분의 가루와 웨이스트(waste)",,0,
0505100000,80,2,솜털과 충전재용 깃털,,1,2013-01-01
050590,80,2,기타,,0,
0505901000,80,3,깃털 가루,,1,2013-01-01
0505909000,80,3,기타,,1,2002-01-01
0506,80,1,"뼈와 혼코어(horn-core)[가공하지 않은 것, 탈지(脫脂)한 것, 단순히 정리한 것(특정한 형상으로 깎은 것은 제외한다), 산(酸)처리를 하거나 탈교한(degelatinised) 것], 이들의 가루와 웨이스트(waste)",,0,
0506100000,80,2,골소(骨素)와 뼈[산(酸)처리한 것으로 한정한다],,1,2013-01-01
050690,80,2,기타,,0,
05069010,80,3,뼈,,0,
0506901020,80,4,소의 것,,1,2002-01-01
0506901090,80,4,기타,,1,2002-01-01
0506902000,80,3,뼛가루,,1,2013-01-01
0506909000,80,3,기타,,1,2002-01-01
0507,80,1,"아이보리(ivory)ㆍ귀갑(龜甲)ㆍ고래수염과 그 털ㆍ뿔(horn)ㆍ사슴뿔ㆍ발굽ㆍ발톱ㆍ부리(가공하지 않은 것과 단순히 정리한 것으로 한정하며, 특정한 모양으로 깎은 것은 제외한다), 이들의 가루와 웨이스트(waste)",,0,
050710,80,2,"아이보리(ivory), 아이보리(ivory) 가루와 웨이스트(waste)",,0,
0507101000,80,3,상아,,1,2002-01-01
0507109000,80,3,기타,,1,2002-01-01
050790,80,2,기타,,0,
0507901,80,3,녹용과 녹각[가루와 웨이스트(waste)를 포함한다],,0,
05079011,80,4,녹용,,0,
0507901110,80,5,전지(全枝),,1,2013-01-01
0507901190,80,5,기타,,1,2002-01-01
0507901200,80,4,녹각,,1,2002-01-01
05079020,80,3,기타,,0,
0507902010,80,4,귀갑(龜甲)과 귀판(龜板),,1,2013-01-01
0507902020,80,4,고래수염과 그 털,,1,2012-01-01
0507902090,80,4,기타,,1,2002-01-01
0508,80,1,"산호와 이와 유사한 물품(가공하지 않은 것과 단순히 정리한 것으로 한정하며, 더 이상의 가공을 한 것은 제외한다), 연체동물ㆍ갑각류ㆍ극피동물의 껍데기와 오징어뼈(가공하지 않은 것과 단순히 정리한 것으로 한정하며, 특정한 모양으로 깎은 것은 제외한다)와 이들의 가루와 웨이스트(waste)",,0,
050800,80,2,"산호와 이와 유사한 물품(가공하지 않은 것과 단순히 정리한 것으로 한정하며, 더 이상의 가공을 한 것은 제외한다), 연체동물ㆍ갑각류ㆍ극피동물의 껍데기와 오징어뼈(가공하지 않은 것과 단순히 정리한 것으로 한정하며, 특정한 모양으로 깎은 것은 제외한다)와 이들의 가루와 웨이스트(waste)",,0,
0508001000,80,3,산호,,1,2002-01-01
05080020,80,3,패각,,0,
0508002010,80,4,진주패각,,1,2002-01-01
0508002020,80,4,청패각(전복),,1,2002-01-01
0508002030,80,4,첩패각과 지첩패각,,1,2002-01-01
0508002040,80,4,야광패각(소라),,1,2002-01-01
0508002050,80,4,트로커스(Trocus) 패각,,1,2013-01-01
0508002060,80,4,아고야(Agoya) 패각,,1,2013-01-01
0508002070,80,4,"민물패각[메가로나이아스네보사(Megalonaiasnervosa), 앰브레마프리카타(Amblemaplicata), 콰드루라 콰드루라(Quadrula quadrula)속]",,1,2022-01-01
0508002090,80,4,기타,,1,2002-01-01
0508009000,80,3,기타,,1,2002-01-01
0510,80,1,"용연향(ambergris)ㆍ해리향(castoreum)ㆍ시빗(civet)과 사향, 캔대리디즈(cantharides), 쓸개즙(건조했는지에 상관없다), 의약품 제조용 선(腺)이나 그 밖의 동물성 생산품(신선한 것, 냉장ㆍ냉동이나 그 밖의 방법으로 일시적으로 보존하기 위하여 처리한 것으로 한정한다)",,0,
051000,80,2,"용연향(ambergris)ㆍ해리향(castoreum)ㆍ시빗(civet)과 사향, 캔대리디즈(cantharides), 쓸개즙(건조했는지에 상관없다), 의약품 제조용 선(腺)이나 그 밖의 동물성 생산품(신선한 것, 냉장ㆍ냉동이나 그 밖의 방법으로 일시적으로 보존하기 위하여 처리한 것으로 한정한다)",,0,
0510003000,80,3,사향,,1,2002-01-01
0510004000,80,3,우황,,1,2012-01-01
0510009000,80,3,기타,,1,2022-01-01
0511,80,1,따로 분류되지 않은 동물성 생산품과 제1류나 제3류의 동물의 사체로서 식용에 적합하지 않은 것,,0,
0511100000,80,2,소의 정액,,1,2002-01-01
05119,80,2,기타,,0,
051191,80,3,"어류ㆍ갑각류ㆍ연체동물이나 그 밖의 수생(水生) 무척추동물의 생산품, 제3류에 해당하는 동물의 사체",,0,
05119110,80,4,부화용 알,,0,
0511911010,80,5,브라인 슈림프(brine shrimp) 알,,1,2013-01-01
0511911090,80,5,기타,,1,2002-01-01
0511912000,80,4,어류의 웨이스트(waste),,1,2013-01-01
0511919000,80,4,기타,,1,2002-01-01
051199,80,3,기타,,0,
0511991000,80,4,동물의 피,,1,2002-01-01
05119920,80,4,동물의 정액(소의 것은 제외한다),,0,
0511992010,80,5,돼지의 정액,,1,2002-01-01
0511992090,80,5,기타,,1,2002-01-01
05119930,80,4,수정란,,0,
0511993010,80,5,소의 것,,1,2002-01-01
0511993020,80,5,돼지의 것,,1,2002-01-01
0511993090,80,5,기타,,1,2002-01-01
0511994000,80,4,동물의 건(腱)과 근(筋),,1,2002-01-01
05119950,80,4,"말의 털과 그 웨이스트(waste)(층상으로 하였는지, 지지물을 사용했는지에 상관없다)",,0,
0511995030,80,5,정돈한 말의 털,,1,2022-01-01
0511995090,80,5,기타,,1,2022-01-01
0511996000,80,4,동물성의 해면,,1,2007-01-01
05119990,80,4,기타,,0,
0511999010,80,5,잠종(蠶種),,1,2013-01-01
0511999020,80,5,누에번데기,,1,2002-01-01
0511999030,80,5,동물의 사체(제3류 물품의 사체는 제외한다),,1,2013-01-01
0511999040,80,5,원피의 페어링(paring)과 이와 유사한 웨이스트(waste),,1,2013-01-01
0511999090,80,5,기타,,1,2002-01-01
06,80,0,"제6류 살아 있는 수목과 그 밖의 식물, 인경(鱗莖)ㆍ뿌리와 이와 유사한 물품, 절화(切花)와 장식용 잎",,0,
0601,80,1,"인경(鱗莖)ㆍ괴경(塊莖)ㆍ괴근(塊根)ㆍ구경(球莖)ㆍ관근(冠根)ㆍ근경(根莖)으로서 휴면(休眠)상태이거나 자라고 있거나 꽃이 피어 있는 것, 치커리ㆍ치커리 뿌리(제1212호의 뿌리는 제외한다)",,0,
060110,80,2,인경(鱗莖)ㆍ괴경(塊莖)ㆍ괴근(塊根)ㆍ구경(球莖)ㆍ관근(冠根)ㆍ근경(根莖)으로서 휴면(休眠)상태인 것,,0,
0601101000,80,3,튤립의 것,U,1,2013-01-01
0601102000,80,3,백합의 것,U,1,2002-01-01
0601104000,80,3,히아신스의 것,U,1,2002-01-01
0601105000,80,3,글라디올러스의 것,U,1,2002-01-01
0601106000,80,3,아이리스의 것,U,1,2002-01-01
0601107000,80,3,프리지어의 것,U,1,2013-01-01
0601108000,80,3,수선화의 것,U,1,2013-01-01
0601109000,80,3,기타,U,1,2002-01-01
060120,80,2,"인경(鱗莖)ㆍ괴경(塊莖)ㆍ괴근(塊根)ㆍ구경(球莖)ㆍ관근(冠根)ㆍ근경(根莖)으로서 자라고 있거나 꽃이 피어 있는 것, 치커리ㆍ치커리 뿌리",,0,
0601201000,80,3,튤립의 것,U,1,2013-01-01
0601202000,80,3,백합의 것,U,1,2002-01-01
0601207000,80,3,아이리스의 것,U,1,2002-01-01
0601208000,80,3,프리지어의 것,U,1,2013-01-01
06012090,80,3,기타,,0,
0601209010,80,4,수선화의 것,U,1,2013-01-01
0601209090,80,4,기타,U,1,2002-01-01
0602,80,1,"그 밖의 살아 있는 식물(뿌리를 포함한다)ㆍ꺾꽂이용 가지ㆍ접붙임용 가지, 버섯의 종균(種菌)",,0,
0602100000,80,2,뿌리가 없는 꺾꽂이용 가지와 접붙임용 가지,U,1,2022-01-01
060220,80,2,수목과 관목(식용 과실이나 견과류의 것으로서 접목했는지에 상관없다),,0,
0602201000,80,3,사과나무,U,1,2002-01-01
0602202000,80,3,배나무,U,1,2002-01-01
0602203000,80,3,복숭아나무,U,1,2002-01-01
0602204000,80,3,포도나무,U,1,2002-01-01
0602206000,80,3,귤나무,U,1,2002-01-01
0602209000,80,3,기타,U,1,2002-01-01
0602300000,80,2,철쭉과 진달래속의 식물(접목했는지에 상관없다),U,1,2014-01-01
0602400000,80,2,장미(접목했는지에 상관없다),U,1,2013-01-01
060290,80,2,기타,,0,
06029010,80,3,화훼류,,0,
0602901010,80,4,난초,,1,2002-01-01
0602901020,80,4,카네이션,,1,2002-01-01
0602901030,80,4,구즈마니아,,1,2025-01-01
0602901040,80,4,안개초,,1,2002-01-01
0602901050,80,4,국화,,1,2002-01-01
0602901060,80,4,선인장류,,1,2002-01-01
0602901090,80,4,기타,,1,2002-01-01
06029020,80,3,산림수,,0,
0602902010,80,4,분재용,,1,2022-01-01
060290202,80,4,조경용,,0,
0602902021,80,5,단풍나무,,1,2022-01-01
0602902029,80,5,기타,,1,2022-01-01
0602902090,80,4,기타,,1,2022-01-01
06029090,80,3,기타,,0,
0602909010,80,4,목단,,1,2002-01-01
0602909030,80,4,뽕나무,,1,2002-01-01
0602909040,80,4,버섯의 종균(種菌),,1,2013-01-01
0602909050,80,4,잔디,,1,2022-01-01
0602909090,80,4,기타,,1,2002-01-01
0603,80,1,절화(切花)와 꽃봉오리(신선한 것과 건조ㆍ염색ㆍ표백ㆍ침투나 그 밖의 가공을 한 것으로서 꽃다발용이나 장식용에 적합한 것으로 한정한다),,0,
06031,80,2,신선한 것,,0,
0603110000,80,3,장미,,1,2007-01-01
0603120000,80,3,카네이션,,1,2007-01-01
060313,80,3,난,,0,
0603131000,80,4,심비디움(Cymbidiums),,1,2013-01-01
0603132000,80,4,팔레놉시스(Phalaenopsis),,1,2013-01-01
0603139000,80,4,기타,,1,2007-01-01
0603140000,80,3,국화,,1,2007-01-01
0603150000,80,3,백합[릴리움(Lilium)속],,1,2022-01-01
060319,80,3,기타,,0,
0603191000,80,4,튤립,,1,2013-01-01
0603199000,80,4,기타,,1,2007-01-01
0603900000,80,2,기타,,1,2002-01-01
0604,80,1,"식물의 잎ㆍ가지와 그 밖의 부분(꽃과 꽃봉오리가 없는 것으로 한정한다), 풀ㆍ이끼ㆍ지의(地衣)(신선한 것과 건조ㆍ염색ㆍ표백ㆍ침투나 그 밖의 가공을 한 것으로서 꽃다발용이나 장식용에 적합한 것으로 한정한다)",,0,
060420,80,2,신선한 것,,0,
0604201000,80,3,이끼와 지의(地衣),,1,2013-01-01
0604202000,80,3,식물의 잎,,1,2022-01-01
0604209000,80,3,기타,,1,2012-01-01
060490,80,2,기타,,0,
0604901000,80,3,이끼와 지의(地衣),,1,2013-01-01
0604909000,80,3,기타,,1,2012-01-01
07,80,0,제7류 식용의 채소ㆍ뿌리ㆍ괴경(塊莖),,0,
0701,80,1,감자(신선한 것이나 냉장한 것으로 한정한다),,0,
0701100000,80,2,종자용,,1,2002-01-01
0701900000,80,2,기타,,1,2002-01-01
0702,80,1,토마토(신선한 것이나 냉장한 것으로 한정한다),,0,
070200,80,2,토마토(신선한 것이나 냉장한 것으로 한정한다),,0,
0702001000,80,3,방울토마토,,1,2022-01-01
0702009000,80,3,기타,,1,2022-01-01
0703,80,1,양파ㆍ샬롯(shallot)ㆍ마늘ㆍ리크(leek)와 그 밖의 파속의 채소(신선한 것이나 냉장한 것으로 한정한다),,0,
070310,80,2,양파와 샬롯(shallot),,0,
07031010,80,3,양파,,0,
0703101010,80,4,껍질을 벗긴 것,,1,2022-01-01
0703101090,80,4,기타,,1,2022-01-01
0703103000,80,3,샬롯(shallot),,1,2022-01-01
070320,80,2,마늘,,0,
0703201000,80,3,껍질을 깐 것,,1,2013-01-01
0703209000,80,3,기타,,1,2002-01-01
070390,80,2,리크(leek)와 그 밖의 파속의 채소,,0,
0703901000,80,3,리크(leek),,1,2013-01-01
0703902000,80,3,대파,,1,2022-01-01
0703903000,80,3,쪽파,,1,2022-01-01
0703909000,80,3,기타,,1,2002-01-01
0704,80,1,양배추ㆍ꽃양배추ㆍ콜라비(kohlrabi)ㆍ케일(kale)과 그 밖에 이와 유사한 식용 배추속(신선한 것이나 냉장한 것으로 한정한다),,0,
0704100000,80,2,꽃양배추와 브로콜리(broccoli),,1,2022-01-01
0704200000,80,2,방울다다기 양배추,,1,2002-01-01
070490,80,2,기타,,0,
0704901000,80,3,양배추,,1,2002-01-01
0704902000,80,3,배추,,1,2002-01-01
0704909000,80,3,기타,,1,2002-01-01
0705,80,1,상추[락투카 사티바(Lactuca sativa)]와 치커리(chicory)[시커리엄(Cichorium)속](신선한 것이나 냉장한 것으로 한정한다),,0,
07051,80,2,상추,,0,
0705110000,80,3,결구(結球) 상추,,1,2013-01-01
0705190000,80,3,기타,,1,2002-01-01
07052,80,2,치커리(chicory),,0,
0705210000,80,3,위트루프 치커리(Witloof chicory)[시코리엄 인티부스 변종 포리오섬(Cichorium intybus var. foliosum)],,1,2013-01-01
0705290000,80,3,기타,,1,2002-01-01
0706,80,1,당근ㆍ순무ㆍ샐러드용 비트(beetroot)ㆍ선모(仙茅)ㆍ셀러리액(celeriac)ㆍ무와 그 밖에 이와 유사한 식용 뿌리(신선한 것이나 냉장한 것으로 한정한다),,0,
070610,80,2,당근과 순무,,0,
0706101000,80,3,당근,,1,2002-01-01
0706102000,80,3,순무,,1,2002-01-01
070690,80,2,기타,,0,
0706901000,80,3,무,,1,2002-01-01
0706902000,80,3,고추냉이와 겨자무,,1,2003-01-01
0706903000,80,3,더덕,,1,2007-01-01
0706904000,80,3,도라지,,1,2022-01-01
0706909000,80,3,기타,,1,2002-01-01
0707,80,1,오이류(신선한 것이나 냉장한 것으로 한정한다),,0,
0707000000,80,2,오이류(신선한 것이나 냉장한 것으로 한정한다),,1,2013-01-01
0708,80,1,채두류(菜豆類)(꼬투리가 있는지에 상관없으며 신선한 것이나 냉장한 것으로 한정한다),,0,
0708100000,80,2,완두[피섬 새티범(Pisum sativum)],,1,2013-01-01
0708200000,80,2,콩[비그나(Vigna)속ㆍ파세러스(Phaseolus)속)],,1,2022-01-01
0708900000,80,2,그 밖의 채두류(菜豆類),,1,2013-01-01
0709,80,1,그 밖의 채소(신선한 것이나 냉장한 것으로 한정한다),,0,
0709200000,80,2,아스파라거스(asparagus),,1,2013-01-01
0709300000,80,2,가지(에그플랜트),,1,2002-01-01
0709400000,80,2,셀러리(celery)[셀러리액(celeriac)은 제외한다],,1,2013-01-01
07095,80,2,버섯과 송로(松露),,0,
070951,80,3,아가리쿠스(Agaricus)속의 버섯,,0,
0709517000,80,4,양송이 버섯,,1,2002-01-01
0709519000,80,4,기타,,1,2002-01-01
0709520000,80,3,볼레투스(Boletus)속의 버섯,,1,2022-01-01
0709530000,80,3,칸타렐루스(Cantharellus)속의 버섯,,1,2022-01-01
0709540000,80,3,표고버섯(Lentinus edodes),,1,2022-01-01
0709550000,80,3,"송이버섯(Tricholoma matsutake, Tricholoma magnivelare, Tricholoma anatolicum, Tricholoma dulciolens, Tricholoma caligatum)",,1,2022-01-01
0709560000,80,3,송로버섯[튜버(Tuber) 속],,1,2022-01-01
070959,80,3,기타,,0,
0709593000,80,4,영지버섯,,1,2002-01-01
07095940,80,4,느타리버섯,,0,
0709594010,80,5,큰느타리버섯,,1,2009-01-01
0709594090,80,5,기타,,1,2009-01-01
0709595000,80,4,팽이버섯,,1,2002-01-01
0709599000,80,4,기타,,1,2002-01-01
070960,80,2,고추류[캡시컴(Capsicum)속]의 열매나 피멘타(Pimenta)속의 열매,,0,
0709601000,80,3,단고추(벨타입으로 한정한다),,1,2013-01-01
0709609000,80,3,기타,,1,2003-01-01
0709700000,80,2,시금치류,,1,2002-01-01
07099,80,2,기타,,0,
0709910000,80,3,글로브 아티초크(globe artichoke),,1,2013-01-01
0709920000,80,3,올리브,,1,2012-01-01
0709930000,80,3,호박류[쿠쿠르비타(Cucurbita)속],,1,2022-01-01
070999,80,3,기타,,0,
0709991000,80,4,고사리,,1,2012-01-01
0709992000,80,4,고비,,1,2012-01-01
0709993000,80,4,깻잎,,1,2022-01-01
0709999000,80,4,기타,,1,2012-01-01
0710,80,1,냉동채소(조리하지 않은 것이나 물에 삶거나 쪄서 조리한 것으로 한정한다),,0,
0710100000,80,2,감자,,1,2002-01-01
07102,80,2,채두류(菜豆類)(꼬투리가 있는지에 상관없다),,0,
0710210000,80,3,완두[피섬 새티범(Pisum sativum)],,1,2013-01-01
0710220000,80,3,콩[비그나(Vigna)속ㆍ파세러스(Phaseolus)속)],,1,2022-01-01
0710290000,80,3,기타,,1,2002-01-01
0710300000,80,2,시금치류,,1,2002-01-01
0710400000,80,2,스위트콘,,1,2002-01-01
071080,80,2,그 밖의 채소,,0,
0710801000,80,3,양파,,1,2002-01-01
0710802000,80,3,마늘,,1,2002-01-01
0710804000,80,3,당근,,1,2002-01-01
0710805000,80,3,고사리,,1,2002-01-01
0710806000,80,3,송이버섯,,1,2002-01-01
0710807000,80,3,고추류[캡시컴(Capsicum)속]의 열매나 피멘타(Pimenta)속의 열매,,1,2013-01-01
07108080,80,3,취ㆍ고려엉겅퀴,,0,
0710808010,80,4,"취(참취, 개미취, 곰취, 미역취)",,1,2017-01-01
0710808020,80,4,고려엉겅퀴(곤드레),,1,2017-01-01
07108090,80,3,기타,,0,
0710809010,80,4,대파,,1,2022-01-01
0710809090,80,4,기타,,1,2022-01-01
0710900000,80,2,채소류의 혼합물,,1,2002-01-01
0711,80,1,일시적으로 보존하기 위하여 처리한 채소(그 상태로는 식용에 적합하지 않은 것으로 한정한다),,0,
0711200000,80,2,올리브,,1,2002-01-01
0711400000,80,2,오이류,,1,2002-01-01
07115,80,2,버섯과 송로(松露),,0,
0711510000,80,3,아가리쿠스(Agaricus)속의 버섯,,1,2013-01-01
071159,80,3,기타,,0,
0711591000,80,4,송로(松露),,1,2013-01-01
0711599000,80,4,기타,,1,2002-01-01
071190,80,2,그 밖의 채소와 채소류의 혼합물,,0,
0711901000,80,3,마늘,,1,2002-01-01
0711903000,80,3,죽순,,1,2002-01-01
0711904000,80,3,당근,,1,2002-01-01
07119050,80,3,그 밖의 채소,,0,
0711905010,80,4,고사리,,1,2002-01-01
0711905020,80,4,고비,,1,2002-01-01
071190509,80,4,기타,,0,
0711905091,80,5,고추류[캡시컴(Capsicum)속]의 열매나 피멘타(Pimenta)속의 열매,,1,2013-01-01
0711905099,80,5,기타,,1,2002-01-01
0711909000,80,3,채소류의 혼합물,,1,2002-01-01
0712,80,1,"건조한 채소(원래 모양인 것, 절단한 것, 얇게 썬 것, 부순 것, 가루 모양인 것으로 한정하며, 더 이상 조제한 것은 제외한다)",,0,
0712200000,80,2,양파,,1,2002-01-01
07123,80,2,"버섯, 목이버섯[오리쿨라리아(Auricularia)속], 젤리균류[트레멜라(Tremella)속], 송로(松露)",,0,
071231,80,3,아가리쿠스(Agaricus)속의 버섯,,0,
0712311000,80,4,양송이 버섯,,1,2002-01-01
0712319000,80,4,기타,,1,2002-01-01
0712320000,80,3,목이버섯[오리쿨라리아(Auricularia)속],,1,2022-01-01
0712330000,80,3,젤리균류[트레멜라(Tremella)속],,1,2022-01-01
0712340000,80,3,표고버섯(Lentinus edodes),,1,2022-01-01
071239,80,3,기타,,0,
07123910,80,4,버섯,,0,
0712391010,80,5,송이버섯,,1,2002-01-01
0712391030,80,5,영지버섯,,1,2002-01-01
0712391040,80,5,느타리버섯,,1,2002-01-01
0712391050,80,5,팽이버섯,,1,2002-01-01
0712391090,80,5,기타,,1,2002-01-01
0712392000,80,4,송로(松露),,1,2013-01-01
071290,80,2,그 밖의 채소와 채소류의 혼합물,,0,
0712901000,80,3,마늘,,1,2002-01-01
07129020,80,3,그 밖의 채소,,0,
0712902010,80,4,고사리,,1,2002-01-01
0712902020,80,4,무,,1,2002-01-01
0712902030,80,4,대파,,1,2022-01-01
0712902040,80,4,당근,,1,2002-01-01
0712902050,80,4,호박,,1,2002-01-01
0712902060,80,4,양배추,,1,2002-01-01
0712902070,80,4,토란줄기,,1,2002-01-01
0712902080,80,4,고구마줄기,,1,2002-01-01
071290209,80,4,기타,,0,
0712902091,80,5,스위트콘(종자용),,1,2002-01-01
0712902092,80,5,스위트콘(기타),,1,2002-01-01
0712902093,80,5,감자,,1,2002-01-01
0712902094,80,5,고비,,1,2002-01-01
0712902095,80,5,더덕,,1,2007-01-01
0712902096,80,5,"취(참취, 개미취, 곰취, 미역취)",,1,2017-01-01
0712902097,80,5,고려엉겅퀴(곤드레),,1,2017-01-01
0712902099,80,5,기타,,1,2002-01-01
0712909000,80,3,채소류의 혼합물,,1,2002-01-01
0713,80,1,건조한 채두류(菜豆類)(꼬투리가 없는 것으로서 껍질을 제거한 것인지 또는 쪼갠 것인지에 상관없다),,0,
071310,80,2,완두[피섬 새티범(Pisum sativum)],,0,
0713101000,80,3,종자용,,1,2002-01-01
0713102000,80,3,사료용,,1,2007-01-01
0713109000,80,3,기타,,1,2002-01-01
0713200000,80,2,병아리콩[가반조스(garbanzos)],,1,2025-01-01
07133,80,2,콩[비그나(Vigna)속ㆍ파세러스(Phaseolus)속],,0,
071331,80,3,녹두[비그나 멍고(엘) 헤파(Vigna mungo (L) Hepper)종ㆍ비그나 라디에이타(엘) 윌크젝(Vigna radiata (L) Wilczek)종],,0,
0713311000,80,4,종자용,,1,2002-01-01
0713319000,80,4,기타,,1,2002-01-01
071332,80,3,팥[아주기(Adzuki)][파세러스(Phaseolus)ㆍ비그나 앵구라리스(Vigna angularis)],,0,
0713321000,80,4,종자용,,1,2002-01-01
0713329000,80,4,기타,,1,2002-01-01
071333,80,3,강낭콩(흰 완두콩을 포함한다)[파세러스 불가리스(Phaseolus vulgaris)],,0,
0713331000,80,4,종자용,,1,2002-01-01
0713339000,80,4,기타,,1,2002-01-01
0713340000,80,3,밤바라콩[비그나 서브터라니아(Vigna subterranea)ㆍ보안드제이아 서브터라니아(Voandzeia subterranea)],,1,2017-01-01
0713350000,80,3,동부콩[비그나 운구이쿨라타(Vigna unguiculata)],,1,2017-01-01
0713390000,80,3,기타,,1,2002-01-01
0713400000,80,2,렌즈콩,,1,2002-01-01
0713500000,80,2,누에콩[비시아 파바 변종 메이저(Vicia faba var. major)]과 말먹이용 누에콩[비시아 파바 변종 에퀴나(Vicia faba var. equina)ㆍ비시아 파바 변종 마이너(Vicia faba var. minor)],,1,2013-01-01
0713600000,80,2,비둘기콩[카자누스 카잔(Cajanus cajan)],,1,2017-01-01
0713900000,80,2,기타,,1,2002-01-01
0714,80,1,"매니옥(manioc)ㆍ칡뿌리ㆍ살렙(salep)ㆍ돼지감자(Jerusalem artichoke)ㆍ고구마와 그 밖에 이와 유사한 전분이나 이눌린(inulin)을 다량 함유한 뿌리ㆍ괴경(塊莖)[얇게 썬 것이나 펠릿(pellet) 모양인지에 상관없으며 신선한 것, 냉장한 것ㆍ냉동한 것, 건조한 것으로 한정한다], 사고야자(sago)의 심(pith)",,0,
071410,80,2,매니옥(manioc)[카사바(cassava)],,0,
0714101000,80,3,신선한 것,,1,2002-01-01
07141020,80,3,건조한 것,,0,
0714102010,80,4,칩,,1,2002-01-01
0714102020,80,4,펠릿(pellet),,1,2013-01-01
0714102090,80,4,기타,,1,2002-01-01
0714103000,80,3,냉장한 것,,1,2002-01-01
0714104000,80,3,냉동한 것,,1,2002-01-01
071420,80,2,고구마,,0,
0714201000,80,3,신선한 것,,1,2002-01-01
0714202000,80,3,건조한 것,,1,2002-01-01
0714203000,80,3,냉장한 것,,1,2002-01-01
0714204000,80,3,냉동한 것,,1,2002-01-01
071430,80,2,얌[디오스코레아(Dioscorea)속],,0,
0714301000,80,3,냉동한 것,,1,2012-01-01
0714309000,80,3,기타,,1,2012-01-01
071440,80,2,토란[콜로카시아(Colocasia)속],,0,
0714401000,80,3,냉동한 것,,1,2012-01-01
0714409000,80,3,기타,,1,2012-01-01
071450,80,2,아메리카 토란[크산토소마(Xanthosoma)속],,0,
0714501000,80,3,냉동한 것,,1,2012-01-01
0714509000,80,3,기타,,1,2012-01-01
071490,80,2,기타,,0,
07149010,80,3,칡뿌리,,0,
0714901010,80,4,냉동한 것,,1,2002-01-01
0714901090,80,4,기타,,1,2002-01-01
07149090,80,3,기타,,0,
0714909010,80,4,냉동한 것,,1,2002-01-01
0714909090,80,4,기타,,1,2002-01-01
08,80,0,"제8류 식용의 과실과 견과류, 감귤류ㆍ멜론의 껍질",,0,
0801,80,1,"코코넛ㆍ브라질너트ㆍ캐슈너트(cashew nut)(신선한 것이나 건조한 것으로 한정하며, 껍데기나 껍질을 벗겼는지에 상관없다)",,0,
08011,80,2,코코넛,,0,
0801110000,80,3,말린 것,,1,2002-01-01
0801120000,80,3,내피[내과피(內果皮)]를 벗기지 않은 것,,1,2017-01-01
0801190000,80,3,기타,,1,2002-01-01
08012,80,2,브라질너트,,0,
0801210000,80,3,껍데기를 벗기지 않은 것,,1,2013-01-01
0801220000,80,3,껍데기를 벗긴 것,,1,2013-01-01
08013,80,2,캐슈너트(cashew nut),,0,
0801310000,80,3,껍데기를 벗기지 않은 것,,1,2013-01-01
0801320000,80,3,껍데기를 벗긴 것,,1,2013-01-01
0802,80,1,"그 밖의 견과류(신선하거나 건조한 것으로 한정하며, 껍데기나 껍질을 벗겼는지에 상관없다)",,0,
08021,80,2,아몬드,,0,
0802110000,80,3,껍데기를 벗기지 않은 것,,1,2013-01-01
0802120000,80,3,껍데기를 벗긴 것,,1,2013-01-01
08022,80,2,헤즐너트(hazelnut)나 필버트(filbert)[코리루스(Corylus)속],,0,
0802210000,80,3,껍데기를 벗기지 않은 것,,1,2013-01-01
0802220000,80,3,껍데기를 벗긴 것,,1,2013-01-01
08023,80,2,호두,,0,
0802310000,80,3,껍데기를 벗기지 않은 것,,1,2013-01-01
0802320000,80,3,껍데기를 벗긴 것,,1,2013-01-01
08024,80,2,밤[카스타네아(Castanea)속],,0,
0802410000,80,3,껍데기를 벗기지 않은 것,,1,2013-01-01
0802420000,80,3,껍데기를 벗긴 것,,1,2013-01-01
08025,80,2,피스타치오(pistachio),,0,
0802510000,80,3,껍데기를 벗기지 않은 것,,1,2013-01-01
0802520000,80,3,껍데기를 벗긴 것,,1,2013-01-01
08026,80,2,마카다미아 너트(macadamia nut),,0,
0802610000,80,3,껍데기를 벗기지 않은 것,,1,2013-01-01
0802620000,80,3,껍데기를 벗긴 것,,1,2013-01-01
0802700000,80,2,콜라 너트(kola nut)[콜라(Cola)속],,1,2022-01-01
0802800000,80,2,빈랑자(areca nut),,1,2013-01-01
08029,80,2,기타,,0,
0802910000,80,3,잣(껍데기를 벗기지 않은 것),,1,2022-01-01
0802920000,80,3,잣(껍데기를 벗긴 것),,1,2022-01-01
080299,80,3,기타,,0,
08029910,80,4,은행,,0,
0802991010,80,5,껍데기를 벗기지 않은 것,,1,2022-01-01
0802991020,80,5,껍데기를 벗긴 것,,1,2022-01-01
0802999000,80,4,기타,,1,2022-01-01
0803,80,1,"바나나[플랜틴(plantain)을 포함하며, 신선하거나 건조한 것으로 한정한다]",,0,
0803100000,80,2,플랜틴(plantain),,1,2013-01-01
0803900000,80,2,기타,,1,2012-01-01
0804,80,1,대추야자ㆍ무화과ㆍ파인애플ㆍ아보카도(avocado)ㆍ구아바(guava)ㆍ망고(mango)ㆍ망고스틴(mangosteen)(신선하거나 건조한 것으로 한정한다),,0,
0804100000,80,2,대추야자,,1,2002-01-01
0804200000,80,2,무화과,,1,2002-01-01
0804300000,80,2,파인애플,,1,2002-01-01
0804400000,80,2,아보카도(avocado),,1,2013-01-01
080450,80,2,구아바(guava)ㆍ망고(mango)ㆍ망고스틴(mangosteen),,0,
0804501000,80,3,구아바(guava),,1,2013-01-01
0804502000,80,3,망고(mango),,1,2013-01-01
0804503000,80,3,망고스틴(mangosteen),,1,2013-01-01
0805,80,1,감귤류의 과실(신선하거나 건조한 것으로 한정한다),,0,
0805100000,80,2,오렌지,,1,2002-01-01
08052,80,2,"만다린(mandarins)[탄제린(tangerines)ㆍ세트수머(satsumas)를 포함한다], 클레멘타인(clementines), 윌킹(wilkings)과 이와 유사한 감귤류 잡종",,0,
080521,80,3,만다린(mandarins)[탄제린(tangerines)ㆍ세트수머(satsumas)를 포함한다],,0,
0805211000,80,4,감귤,,1,2017-01-01
0805219000,80,4,기타,,1,2017-01-01
0805220000,80,3,클레멘타인(clementine),,1,2017-01-01
0805290000,80,3,기타,,1,2017-01-01
0805400000,80,2,그레이프프루트(grapefruit)와 포멜로(pomelo),,1,2022-01-01
080550,80,2,"레몬[시트러스 리몬(Citrus limon)ㆍ시트러스 리머늄(Citrus limonum)], 라임(lime)[시트러스 오란티폴리아(Citrus aurantifolia)ㆍ시트러스 라티폴리아(Citrus latifolia)]",,0,
0805501000,80,3,레몬[시트러스 리몬(Citrus limon)ㆍ시트러스 리머늄(Citrus limonum)],,1,2017-01-01
08055020,80,3,라임(lime)[시트러스 오란티폴리아(Citrus aurantifolia)ㆍ시트러스 라티폴리아(Citrus latifolia)],,0,
0805502010,80,4,시트러스 오란티폴리아(Citrus aurantifolia),,1,2013-01-01
0805502020,80,4,시트러스 라티폴리아(Citrus latifolia),,1,2013-01-01
0805900000,80,2,기타,,1,2002-01-01
0806,80,1,포도(신선하거나 건조한 것으로 한정한다),,0,
0806100000,80,2,신선한 것,,1,2002-01-01
0806200000,80,2,건조한 것,,1,2002-01-01
0807,80,1,멜론(수박을 포함한다)과 포포(papaw)[파파야(papaya)](신선한 것으로 한정한다),,0,
08071,80,2,멜론(수박을 포함한다),,0,
0807110000,80,3,수박,,1,2002-01-01
080719,80,3,기타,,0,
0807191000,80,4,참외,,1,2022-01-01
0807199000,80,4,기타,,1,2022-01-01
0807200000,80,2,포포(papaw)[파파야(papaya)],,1,2013-01-01
0808,80,1,사과ㆍ배ㆍ마르멜로(quince)(신선한 것으로 한정한다),,0,
0808100000,80,2,사과,,1,2002-01-01
0808300000,80,2,배,,1,2012-01-01
0808400000,80,2,마르멜로(quince),,1,2013-01-01
0809,80,1,살구ㆍ체리ㆍ복숭아[넥터린(nectarine)을 포함한다]ㆍ자두ㆍ슬로(sloe)(신선한 것으로 한정한다),,0,
0809100000,80,2,살구,,1,2002-01-01
08092,80,2,체리,,0,
0809210000,80,3,신 체리[프루너스 체라서스(Prunus cerasus)],,1,2017-01-01
0809290000,80,3,기타,,1,2012-01-01
0809300000,80,2,복숭아[넥터린(nectarine)을 포함한다],,1,2013-01-01
080940,80,2,자두와 슬로(sloe),,0,
0809401000,80,3,자두,,1,2002-01-01
0809402000,80,3,슬로(sloe),,1,2013-01-01
0810,80,1,그 밖의 과실(신선한 것으로 한정한다),,0,
0810100000,80,2,초본류 딸기,,1,2002-01-01
0810200000,80,2,나무딸기ㆍ검은나무딸기ㆍ오디ㆍ로간베리(loganberry),,1,2013-01-01
0810300000,80,2,흑색ㆍ백색ㆍ적색의 커런트(currant)와 구즈베리(gooseberry),,1,2013-01-01
0810400000,80,2,크랜베리(cranberry)ㆍ빌베리(bilberry)와 그 밖의 박시니엄(Vaccinium)속의 과실,,1,2013-01-01
0810500000,80,2,키위프루트(kiwifruit),,1,2013-01-01
0810600000,80,2,두리안(durian),,1,2013-01-01
081070,80,2,감,,0,
0810701000,80,3,단감,,1,2012-01-01
0810709000,80,3,기타,,1,2012-01-01
081090,80,2,기타,,0,
0810903000,80,3,대추,,1,2002-01-01
0810905000,80,3,매실,,1,2002-01-01
0810909000,80,3,기타,,1,2002-01-01
0811,80,1,"냉동 과실과 냉동 견과류(조리하지 않은 것이나 물에 삶거나 찐 것으로 한정하며, 설탕이나 그 밖의 감미료를 첨가했는지에 상관없다)",,0,
0811100000,80,2,초본류 딸기,,1,2002-01-01
0811200000,80,2,"나무딸기, 검은나무딸기, 오디, 로간베리(loganberry), 흑색ㆍ백색ㆍ적색의 커런트(currant), 구즈베리(gooseberry)",,1,2013-01-01
081190,80,2,기타,,0,
0811901000,80,3,밤,,1,2002-01-01
0811902000,80,3,대추,,1,2002-01-01
0811903000,80,3,잣,,1,2002-01-01
0811909000,80,3,기타,,1,2002-01-01
0812,80,1,일시적으로 보존하기 위하여 처리한 과실과 견과류(그 상태로는 식용에 적합하지 않은 것으로 한정한다),,0,
0812100000,80,2,체리,,1,2013-01-01
081290,80,2,기타,,0,
0812901000,80,3,초본류 딸기,,1,2002-01-01
0812909000,80,3,기타,,1,2002-01-01
0813,80,1,"건조한 과실(제0801호부터 제0806호까지에 해당하는 것은 제외한다), 이 류의 견과류나 건조한 과실의 혼합물",,0,
0813100000,80,2,살구,,1,2002-01-01
0813200000,80,2,프룬(prune),,1,2013-01-01
0813300000,80,2,사과,,1,2002-01-01
081340,80,2,그 밖의 과실,,0,
0813401000,80,3,감,,1,2002-01-01
0813402000,80,3,대추,,1,2002-01-01
0813409000,80,3,기타,,1,2002-01-01
0813500000,80,2,이 류의 견과류나 건조한 과실의 혼합물,,1,2013-01-01
0814,80,1,"감귤류의 껍질과 멜론(수박을 포함한다)의 껍질(신선한 것, 냉동하거나 건조한 것, 염수ㆍ유황수나 그 밖의 저장용액으로 일시적으로 보존하기 위하여 처리한 것으로 한정한다)",,0,
081400,80,2,"감귤류의 껍질과 멜론(수박을 포함한다)의 껍질(신선한 것, 냉동하거나 건조한 것, 염수ㆍ유황수나 그 밖의 저장용액으로 일시적으로 보존하기 위하여 처리한 것으로 한정한다)",,0,
0814001000,80,3,감귤류의 껍질,,1,2002-01-01
0814002000,80,3,멜론(수박을 포함한다)의 껍질,,1,2002-01-01
09,80,0,제9류 커피ㆍ차ㆍ마테(maté)ㆍ향신료,,0,
0901,80,1,"커피(볶았는지, 카페인을 제거했는지에 상관없다), 커피의 껍데기와 껍질, 커피를 함유한 커피 대용물(커피의 포함비율은 상관없다)",,0,
09011,80,2,커피(볶지 않은 것으로 한정한다),,0,
0901110000,80,3,카페인을 제거하지 않은 것,,1,2013-01-01
0901120000,80,3,카페인을 제거한 것,,1,2002-01-01
09012,80,2,커피(볶은 것으로 한정한다),,0,
0901210000,80,3,카페인을 제거하지 않은 것,,1,2013-01-01
0901220000,80,3,카페인을 제거한 것,,1,2002-01-01
090190,80,2,기타,,0,
0901901000,80,3,커피의 껍데기와 껍질,,1,2013-01-01
0901902000,80,3,커피를 함유한 커피 대용물,,1,2013-01-01
0902,80,1,차류(맛과 향을 첨가했는지에 상관없다),,0,
0902100000,80,2,녹차(발효하지 않은 것으로서 내용물의 무게가 3킬로그램 이하로 내용물에 직접 접하여 포장된 것으로 한정한다),,1,2013-01-01
0902200000,80,2,그 밖의 녹차(발효하지 않은 것으로 한정한다),,1,2013-01-01
0902300000,80,2,홍차(발효차)와 부분 발효차(내용물의 무게가 3킬로그램 이하로 내용물에 직접 접하여 포장된 것으로 한정한다),,1,2013-01-01
0902400000,80,2,그 밖의 홍차(발효차)와 그 밖의 부분 발효차,,1,2013-01-01
0903,80,1,마테(maté),,0,
0903000000,80,2,마테(maté),,1,2022-01-01
0904,80,1,"후추[파이퍼(Piper)속의 것으로 한정한다], 건조하거나 부수거나 잘게 부순 고추류[캡시컴(Capsicum)속]의 열매나 피멘타(Pimenta)속의 열매",,0,
09041,80,2,후추,,0,
0904110000,80,3,부수지도 잘게 부수지도 않은 것,,1,2013-01-01
0904120000,80,3,부수거나 잘게 부순 것,,1,2013-01-01
09042,80,2,고추류[캡시컴(Capsicum)속]의 열매나 피멘타(Pimenta)속의 열매,,0,
0904210000,80,3,건조한 것(부수지도 잘게 부수지도 않은 것),,1,2013-01-01
0904220000,80,3,부수거나 잘게 부순 것,,1,2013-01-01
0905,80,1,바닐라,,0,
0905100000,80,2,부수지도 잘게 부수지도 않은 것,,1,2013-01-01
0905200000,80,2,부수거나 잘게 부순 것,,1,2013-01-01
0906,80,1,계피와 계피나무의 꽃,,0,
09061,80,2,부수지도 잘게 부수지도 않은 것,,0,
0906110000,80,3,계피[신나모멈 제이나이쿰 블룸(Cinnamomum zeylanicum Blume)],,1,2022-01-01
0906190000,80,3,기타,,1,2022-01-01
0906200000,80,2,부수거나 잘게 부순 것,,1,2022-01-01
0907,80,1,정향(丁香)(과실ㆍ꽃ㆍ꽃대로 한정한다),,0,
0907100000,80,2,부수지도 잘게 부수지도 않은 것,,1,2013-01-01
0907200000,80,2,부수거나 잘게 부순 것,,1,2013-01-01
0908,80,1,육두구(肉荳蔲)ㆍ메이스(mace)ㆍ소두구(小荳蔲),,0,
09081,80,2,육두구(肉荳蔲),,0,
0908110000,80,3,부수지도 잘게 부수지도 않은 것,,1,2013-01-01
0908120000,80,3,부수거나 잘게 부순 것,,1,2013-01-01
09082,80,2,메이스(mace),,0,
0908210000,80,3,부수지도 잘게 부수지도 않은 것,,1,2013-01-01
0908220000,80,3,부수거나 잘게 부순 것,,1,2013-01-01
09083,80,2,소두구(小荳蔲),,0,
0908310000,80,3,부수지도 잘게 부수지도 않은 것,,1,2013-01-01
0908320000,80,3,부수거나 잘게 부순 것,,1,2013-01-01
0909,80,1,아니스(anise)ㆍ대회향(大茴香)ㆍ회향(茴香)ㆍ코리앤더(coriander)ㆍ커민(cumin)ㆍ캐러웨이(caraway)의 씨와 주니퍼(juniper)의 열매,,0,
09092,80,2,코리앤더(coriander)의 씨,,0,
0909210000,80,3,부수지도 잘게 부수지도 않은 것,,1,2013-01-01
0909220000,80,3,부수거나 잘게 부순 것,,1,2013-01-01
09093,80,2,커민(cumin)의 씨,,0,
0909310000,80,3,부수지도 잘게 부수지도 않은 것,,1,2013-01-01
0909320000,80,3,부수거나 잘게 부순 것,,1,2013-01-01
09096,80,2,아니스(anise)ㆍ대회향(大茴香)ㆍ캐러웨이(caraway)ㆍ회향(茴香)의 씨와 주니퍼(juniper)의 열매,,0,
090961,80,3,부수지도 잘게 부수지도 않은 것,,0,
0909611000,80,4,아니스(anise)나 대회향(大茴香)의 씨,,1,2013-01-01
0909612000,80,4,캐러웨이(caraway)의 씨,,1,2013-01-01
0909613000,80,4,회향(茴香)의 씨와 주니퍼(juniper)의 열매,,1,2013-01-01
090962,80,3,부수거나 잘게 부순 것,,0,
0909621000,80,4,아니스(anise)나 대회향(大茴香)의 씨,,1,2013-01-01
0909622000,80,4,캐러웨이(caraway)의 씨,,1,2013-01-01
0909623000,80,4,회향(茴香)의 씨와 주니퍼(juniper)의 열매,,1,2013-01-01
0910,80,1,생강ㆍ사프란(saffron)ㆍ심황[강황(薑黃)]ㆍ타임(thyme)ㆍ월계수 잎ㆍ카레와 그 밖의 향신료,,0,
09101,80,2,생강,,0,
091011,80,3,부수지도 잘게 부수지도 않은 것,,0,
0910111000,80,4,신선한 것이나 냉장한 것,,1,2017-01-01
0910112000,80,4,건조한 것,,1,2012-01-01
0910113000,80,4,냉동한 것,,1,2025-01-01
0910119000,80,4,기타,,1,2012-01-01
091012,80,3,부수거나 잘게 부순 것,,0,
0910121000,80,4,신선한 것이나 냉장한 것,,1,2013-01-01
0910122000,80,4,건조한 것,,1,2012-01-01
0910123000,80,4,냉동한 것,,1,2025-01-01
0910129000,80,4,기타,,1,2012-01-01
0910200000,80,2,사프란(saffron),,1,2013-01-01
0910300000,80,2,심황[강황(薑黃)],,1,2013-01-01
09109,80,2,그 밖의 향신료,,0,
091091,80,3,혼합물(제9류의 주 제1호나목의 것으로 한정한다),,0,
0910911000,80,4,카레,,1,2012-01-01
0910919000,80,4,기타,,1,2012-01-01
091099,80,3,기타,,0,
0910991000,80,4,타임과 월계수의 잎,,1,2013-01-01
0910999000,80,4,기타,,1,2007-01-01
10,80,0,제10류 곡물,,0,
1001,80,1,밀과 메슬린(meslin),,0,
10011,80,2,듀럼종 밀(Durum wheat),,0,
1001110000,80,3,종자,,1,2012-01-01
1001190000,80,3,기타,,1,2012-01-01
10019,80,2,기타,,0,
100191,80,3,종자,,0,
1001911000,80,4,메슬린(meslin),,1,2013-01-01
1001919000,80,4,기타,,1,2012-01-01
100199,80,3,기타,,0,
10019910,80,4,사료용,,0,
1001991010,80,5,메슬린(meslin),,1,2013-01-01
1001991090,80,5,기타,,1,2012-01-01
10019920,80,4,제분용,,0,
1001992010,80,5,메슬린(meslin),,1,2013-01-01
1001992090,80,5,기타,,1,2012-01-01
10019990,80,4,기타,,0,
1001999010,80,5,메슬린(meslin),,1,2013-01-01
1001999090,80,5,기타,,1,2012-01-01
1002,80,1,호밀,,0,
1002100000,80,2,종자,,1,2012-01-01
1002900000,80,2,기타,,1,2012-01-01
1003,80,1,보리,,0,
100310,80,2,종자,,0,
1003101000,80,3,맥주보리,,1,2013-01-01
1003102000,80,3,겉보리,,1,2012-01-01
1003103000,80,3,쌀보리,,1,2012-01-01
1003109000,80,3,기타,,1,2012-01-01
100390,80,2,기타,,0,
1003901000,80,3,맥주보리,,1,2013-01-01
1003902000,80,3,겉보리,,1,2012-01-01
1003903000,80,3,쌀보리,,1,2012-01-01
1003909000,80,3,기타,,1,2012-01-01
1004,80,1,귀리,,0,
1004100000,80,2,종자,,1,2012-01-01
1004900000,80,2,기타,,1,2012-01-01
1005,80,1,옥수수,,0,
1005100000,80,2,종자용,,1,2002-01-01
100590,80,2,기타,,0,
1005901000,80,3,사료용,,1,2002-01-01
1005902000,80,3,팝콘용,,1,2022-01-01
1005909000,80,3,기타,,1,2002-01-01
1006,80,1,쌀,,0,
1006100000,80,2,벼,,1,2002-01-01
100620,80,2,현미,,0,
1006201000,80,3,메현미,,1,2002-01-01
1006202000,80,3,찰현미,,1,2002-01-01
100630,80,2,정미(연마ㆍ광택 여부에 상관없다),,0,
1006301000,80,3,멥쌀,,1,2002-01-01
1006302000,80,3,찹쌀,,1,2002-01-01
1006400000,80,2,쇄미(broken rice),,1,2013-01-01
1007,80,1,수수,,0,
1007100000,80,2,종자,,1,2012-01-01
1007900000,80,2,기타,,1,2012-01-01
1008,80,1,메밀ㆍ밀리트(millet)ㆍ카나리시드(canary seed)와 그 밖의 곡물,,0,
1008100000,80,2,메밀,,1,2002-01-01
10082,80,2,밀리트(millet),,0,
100821,80,3,종자,,0,
1008211000,80,4,조,,1,2017-01-01
1008219000,80,4,기타,,1,2012-01-01
100829,80,3,기타,,0,
1008291000,80,4,조,,1,2017-01-01
1008299000,80,4,기타,,1,2012-01-01
1008300000,80,2,카나리시드(canary seed),,1,2013-01-01
1008400000,80,2,포니오(Fonio)[디지타리아(Digitaria)속],,1,2022-01-01
1008500000,80,2,퀴노아(quinoa)[체노포디움 퀴노아(Chenopodium quinoa)],,1,2017-01-01
1008600000,80,2,라이밀(triticale),,1,2013-01-01
1008900000,80,2,그 밖의 곡물,,1,2013-01-01
11,80,0,"제11류 제분공업의 생산품과 맥아, 전분, 이눌린(inulin), 밀의 글루텐(gluten)",,0,
1101,80,1,밀가루나 메슬린(meslin) 가루,,0,
110100,80,2,밀가루나 메슬린(meslin) 가루,,0,
1101001000,80,3,밀가루,,1,2002-01-01
1101002000,80,3,메슬린(meslin) 가루,,1,2013-01-01
1102,80,1,곡물의 고운 가루[밀가루나 메슬린(meslin) 가루는 제외한다],,0,
1102200000,80,2,옥수수가루,,1,2002-01-01
110290,80,2,기타,,0,
1102901000,80,3,보릿가루,,1,2013-01-01
1102902000,80,3,쌀가루,,1,2007-01-01
1102903000,80,3,호밀가루,,1,2012-01-01
1102909000,80,3,기타,,1,2002-01-01
1103,80,1,곡물의 부순 알곡ㆍ거친 가루ㆍ펠릿(pellet),,0,
11031,80,2,부순 알곡과 거친 가루,,0,
1103110000,80,3,밀로 만든 것,,1,2013-01-01
1103130000,80,3,옥수수로 만든 것,,1,2013-01-01
110319,80,3,그 밖의 곡물로 만든 것,,0,
1103191000,80,4,보리로 만든 것,,1,2013-01-01
1103192000,80,4,귀리로 만든 것,,1,2013-01-01
1103193000,80,4,쌀로 만든 것,,1,2013-01-01
1103199000,80,4,기타,,1,2002-01-01
110320,80,2,펠릿(pellet),,0,
1103201000,80,3,밀로 만든 것,,1,2013-01-01
1103202000,80,3,쌀로 만든 것,,1,2013-01-01
1103203000,80,3,보리로 만든 것,,1,2013-01-01
1103209000,80,3,기타,,1,2002-01-01
1104,80,1,"그 밖의 가공한 곡물[예: 껍질을 벗긴 것ㆍ압착한 것ㆍ플레이크(flake) 모양인 것ㆍ진주 모양인 것ㆍ얇은 조각으로 만든 것ㆍ거칠게 빻은 것(제1006호의 쌀은 제외한다)], 곡물의 씨눈으로서 원래 모양인 것ㆍ압착한 것ㆍ플레이크(flake) 모양인 것ㆍ잘게 부순 것",,0,
11041,80,2,압착한 것이나 플레이크(flake) 모양인 것,,0,
1104120000,80,3,귀리로 만든 것,,1,2013-01-01
110419,80,3,그 밖의 곡물로 만든 것,,0,
1104191000,80,4,쌀로 만든 것,,1,2013-01-01
1104192000,80,4,보리로 만든 것,,1,2013-01-01
1104199000,80,4,기타,,1,2002-01-01
11042,80,2,그 밖의 가공 곡물(예: 껍질을 벗긴 것ㆍ진주 모양인 것ㆍ얇은 조각으로 만든 것ㆍ거칠게 빻은 것),,0,
1104220000,80,3,귀리로 만든 것,,1,2013-01-01
1104230000,80,3,옥수수로 만든 것,,1,2013-01-01
110429,80,3,그 밖의 곡물로 만든 것,,0,
1104291000,80,4,율무로 만든 것,,1,2013-01-01
1104292000,80,4,보리로 만든 것,,1,2013-01-01
1104299000,80,4,기타,,1,2002-01-01
110430,80,2,곡물의 씨눈[원래 모양인 것ㆍ압착한 것ㆍ플레이크(flake) 모양인 것ㆍ잘게 부순 것으로 한정한다],,0,
1104301000,80,3,쌀로 만든 것,,1,2013-01-01
1104309000,80,3,기타,,1,2002-01-01
1105,80,1,감자의 고운 가루ㆍ거친 가루ㆍ가루ㆍ플레이크(flake)ㆍ알갱이ㆍ펠릿(pellet),,0,
1105100000,80,2,고운 가루ㆍ거친 가루ㆍ가루,,1,2013-01-01
1105200000,80,2,플레이크(flake)ㆍ알갱이ㆍ펠릿(pellet),,1,2013-01-01
1106,80,1,"건조한 채두류(菜豆類)(제0713호의 것), 사고(sago)ㆍ뿌리나 괴경(塊莖)(제0714호의 것), 제8류 물품의 고운 가루ㆍ거친 가루ㆍ가루",,0,
1106100000,80,2,건조한 채두류(菜豆類)의 것(제0713호의 것으로 한정한다),,1,2013-01-01
110620,80,2,사고(sago)ㆍ뿌리나 괴경(塊莖)의 것(제0714호의 것으로 한정한다),,0,
1106201000,80,3,칡뿌리의 것,,1,2002-01-01
1106209000,80,3,기타,,1,2002-01-01
1106300000,80,2,제8류 물품의 것,,1,2002-01-01
1107,80,1,맥아(볶은 것인지에 상관없다),,0,
1107100000,80,2,볶지 않은 것,,1,2013-01-01
110720,80,2,볶은 것,,0,
1107201000,80,3,훈연(燻煙)한 것,,1,2013-01-01
1107209000,80,3,기타,,1,2002-01-01
1108,80,1,전분과 이눌린(inulin),,0,
11081,80,2,전분,,0,
1108110000,80,3,밀로 만든 것,,1,2013-01-01
110812,80,3,옥수수로 만든 것,,0,
1108121000,80,4,식품용,,1,2007-01-01
1108129000,80,4,기타,,1,2007-01-01
1108130000,80,3,감자로 만든 것,,1,2013-01-01
110814,80,3,매니옥(manioc)[카사바(cassava)]으로 만든 것,,0,
1108141000,80,4,식품용,,1,2007-01-01
1108149000,80,4,기타,,1,2007-01-01
110819,80,3,그 밖의 전분,,0,
1108191000,80,4,고구마로 만든 것,,1,2013-01-01
1108199000,80,4,기타,,1,2002-01-01
1108200000,80,2,이눌린(inulin),,1,2013-01-01
1109,80,1,밀의 글루텐(gluten)(건조했는지에 상관없다),,0,
1109000000,80,2,밀의 글루텐(gluten)(건조했는지에 상관없다),,1,2013-01-01
12,80,0,"제12류 채유(採油)에 적합한 종자와 과실, 각종 종자와 과실, 공업용ㆍ의약용 식물, 짚과 사료용 식물",,0,
1201,80,1,대두(부수었는지에 상관없다),,0,
120110,80,2,종자,,0,
1201101000,80,3,콩나물용,,1,2012-01-01
1201109000,80,3,기타,,1,2012-01-01
120190,80,2,기타,,0,
1201901000,80,3,채유용과 탈지대두박(脫脂大豆粕)용,,1,2013-01-01
1201902000,80,3,사료용,,1,2012-01-01
1201903000,80,3,콩나물용,,1,2012-01-01
1201909000,80,3,기타,,1,2012-01-01
1202,80,1,"땅콩(볶거나 그 밖의 조리를 한 것은 제외하며, 껍데기를 벗겼는지, 부수었는지에 상관없다)",,0,
120230,80,2,종자,,0,
1202301000,80,3,꼬투리를 벗기지 않은 것,,1,2022-01-01
1202302000,80,3,꼬투리를 벗긴 것(부수었는지에 상관없다),,1,2022-01-01
12024,80,2,기타,,0,
1202410000,80,3,꼬투리를 벗기지 않은 것,,1,2022-01-01
1202420000,80,3,꼬투리를 벗긴 것(부수었는지에 상관없다),,1,2022-01-01
1203,80,1,코프라(copra),,0,
1203000000,80,2,코프라(copra),,1,2013-01-01
1204,80,1,아마씨(부수었는지에 상관없다),,0,
1204000000,80,2,아마씨(부수었는지에 상관없다),,1,2013-01-01
1205,80,1,"유채(rape, colza)씨(부수었는지에 상관없다)",,0,
120510,80,2,"저에루크산(low erucic acid) 유채(rape, colza)의 씨",,0,
1205101000,80,3,사료작물 재배용 종자,,1,2007-01-01
1205109000,80,3,기타,,1,2007-01-01
120590,80,2,기타,,0,
1205901000,80,3,사료작물 재배용 종자,,1,2007-01-01
1205909000,80,3,기타,,1,2007-01-01
1206,80,1,해바라기씨(부수었는지에 상관없다),,0,
1206000000,80,2,해바라기씨(부수었는지에 상관없다),,1,2013-01-01
1207,80,1,그 밖의 채유(採油)에 적합한 종자와 과실(부수었는지에 상관없다),,0,
1207100000,80,2,팜너트(palm nut)와 핵(核),,1,2013-01-01
12072,80,2,목화씨,,0,
1207210000,80,3,종자,,1,2012-01-01
120729,80,3,기타,,0,
1207291000,80,4,사료용,,1,2012-01-01
1207299000,80,4,기타,,1,2012-01-01
1207300000,80,2,피마자,,1,2012-01-01
1207400000,80,2,참깨,,1,2002-01-01
1207500000,80,2,겨자씨,,1,2002-01-01
1207600000,80,2,잇꽃[카르타무스 틴크토리우스(Carthamus tinctorius)] 종자,,1,2017-01-01
1207700000,80,2,멜론 종자,,1,2012-01-01
12079,80,2,기타,,0,
1207910000,80,3,양귀비씨,,1,2002-01-01
120799,80,3,기타,,0,
1207991000,80,4,들깨,,1,2002-01-01
1207992000,80,4,시어너트(shea nut)[캐리트너트(karite nut)],,1,2013-01-01
1207999000,80,4,기타,,1,2002-01-01
1208,80,1,채유(採油)에 적합한 종자와 과실의 고운 가루와 거친 가루(겨자의 고운 가루와 거친 가루는 제외한다),,0,
1208100000,80,2,대두로 만든 것,,1,2013-01-01
120890,80,2,기타,,0,
1208901000,80,3,고추ㆍ단고추류(Capsicum annuum)의 종자,,1,2022-01-01
1208909000,80,3,기타,,1,2022-01-01
1209,80,1,파종용 종자ㆍ과실ㆍ포자(胞子),,0,
1209100000,80,2,사탕무 종자,,1,2012-01-01
12092,80,2,사료용 식물의 종자,,0,
1209210000,80,3,루우산(lucerne)(알팔파) 종자,,1,2013-01-01
1209220000,80,3,클로버(clover)[트리폴리엄(Trifolium)속] 종자,,1,2022-01-01
1209230000,80,3,페스큐(fescue) 종자,,1,2013-01-01
1209240000,80,3,켄터키블루그래스(kentucky blue grass)[포아프래텐시스 엘(Poa pratensis L.)] 종자,,1,2017-01-01
1209250000,80,3,라이그래스(rye grass) 종자[로리엄 멀티플로럼 램(Lolium multiflorum Lam)ㆍ로리엄 페레네 엘(Lolium perenne L.)],,1,2017-01-01
120929,80,3,기타,,0,
1209291000,80,4,루핀(lupine) 종자,,1,2013-01-01
1209292000,80,4,수단그래스(Sudan grass) 종자,,1,2013-01-01
1209293000,80,4,오차드그래스(orchard grass) 종자,,1,2013-01-01
1209294000,80,4,티모디그래스(timothy grass) 종자,,1,2013-01-01
1209299000,80,4,기타,,1,2002-01-01
1209300000,80,2,화초용 초본(草本)식물의 종자,,1,2013-01-01
12099,80,2,기타,,0,
120991,80,3,채소 종자,,0,
12099110,80,4,파속 채소의 종자,,0,
1209911010,80,5,양파 종자,,1,2003-01-01
1209911090,80,5,기타,,1,2003-01-01
1209912000,80,4,무 종자,,1,2003-01-01
1209913000,80,4,고추ㆍ단고추류(Capsicum annuum)의 종자,,1,2017-01-01
1209914000,80,4,양배추 종자,,1,2012-01-01
1209915000,80,4,토마토 종자,,1,2012-01-01
1209919000,80,4,기타,,1,2003-01-01
120999,80,3,기타,,0,
12099910,80,4,삼림수의 종자,,0,
1209991010,80,5,참나무,,1,2002-01-01
1209991090,80,5,기타,,1,2002-01-01
1209992000,80,4,과수목의 종자,,1,2002-01-01
1209993000,80,4,담배 종자,,1,2013-01-01
1209994000,80,4,잔디 종자,,1,2002-01-01
1209999000,80,4,기타,,1,2002-01-01
1210,80,1,"홉(hop)[신선하거나 건조한 것으로서 잘게 부순 것인지 또는 가루나 펠릿(pellet) 모양인지에 상관없다], 루플린(lupulin)",,0,
1210100000,80,2,홉(hop)[잘게 부순 것ㆍ가루 모양ㆍ펠릿(pellet) 모양은 제외한다],,1,2017-01-01
121020,80,2,"홉(hop)[잘게 부순 것ㆍ가루 모양ㆍ펠릿(pellet) 모양으로 한정한다], 루플린(lupulin)",,0,
1210201000,80,3,홉(hop),,1,2013-01-01
1210202000,80,3,루플린(lupulin),,1,2013-01-01
1211,80,1,"주로 향료용ㆍ의료용ㆍ살충용ㆍ살균용과 그 밖에 이와 유사한 용도에 적합한 식물과 그 부분(종자와 과실을 포함하고, 신선한 것ㆍ냉장한 것ㆍ냉동한 것ㆍ건조한 것에 한정하며, 절단하거나 잘게 부순 것인지 또는 가루로 된 것인지에 상관없다)",,0,
121120,80,2,인삼,,0,
1211201,80,3,인삼 뿌리(신선ㆍ냉장하거나 건조한 것),,0,
12112011,80,4,수삼,,0,
1211201110,80,5,산양삼(山養蔘),,1,2017-01-01
1211201120,80,5,새싹삼,,1,2022-01-01
1211201190,80,5,기타,,1,2012-01-01
12112012,80,4,백삼,,0,
121120121,80,5,산양삼(山養蔘),,0,
1211201211,80,6,본삼,,1,2014-01-01
1211201219,80,6,기타,,1,2014-01-01
121120129,80,5,기타,,0,
1211201291,80,6,본삼,,1,2014-01-01
1211201299,80,6,기타,,1,2014-01-01
12112013,80,4,홍삼,,0,
121120131,80,5,산양삼(山養蔘),,0,
1211201311,80,6,본삼,,1,2014-01-01
1211201319,80,6,기타,,1,2014-01-01
121120139,80,5,기타,,0,
1211201391,80,6,본삼,,1,2014-01-01
1211201399,80,6,기타,,1,2014-01-01
1211202,80,3,인삼 가루(신선ㆍ 냉장하거나 건조한 것),,0,
12112021,80,4,백삼으로 만든 것,,0,
1211202110,80,5,가루,,1,2013-01-01
1211202120,80,5,태블릿이나 캡슐,,1,2022-01-01
1211202190,80,5,기타,,1,2002-01-01
12112022,80,4,홍삼으로 만든 것,,0,
1211202210,80,5,가루,,1,2013-01-01
1211202220,80,5,태블릿이나 캡슐,,1,2022-01-01
1211202290,80,5,기타,,1,2002-01-01
1211203,80,3,인삼잎과 줄기ㆍ종자(신선ㆍ 냉장하거나 건조한 것),,0,
1211203100,80,4,인삼잎과 줄기,,1,2017-01-01
1211203200,80,4,종자,,1,2017-01-01
1211209,80,3,기타,,0,
1211209300,80,4,신선ㆍ냉장하거나 건조한 것,,1,2022-01-01
1211209900,80,4,기타,,1,2002-01-01
121130,80,2,코카잎,,0,
1211301000,80,3,신선ㆍ냉장하거나 건조한 것,,1,2017-01-01
1211309000,80,3,기타,,1,2017-01-01
121140,80,2,양귀비줄기,,0,
1211401000,80,3,신선ㆍ냉장하거나 건조한 것,,1,2022-01-01
1211409000,80,3,기타,,1,2017-01-01
121150,80,2,마황(麻黃),,0,
1211501000,80,3,신선ㆍ냉장하거나 건조한 것,,1,2017-01-01
1211509000,80,3,기타,,1,2017-01-01
121160,80,2,아프리카 체리(Prunus africana)나무의 껍질,,0,
1211601000,80,3,신선ㆍ냉장하거나 건조한 것,,1,2022-01-01
1211609000,80,3,기타,,1,2022-01-01
121190,80,2,기타,,0,
1211901,80,3,신선ㆍ냉장하거나 건조한 것,,0,
1211901100,80,4,부자(附子),,1,2017-01-01
1211901200,80,4,황련(黃連),,1,2017-01-01
1211901300,80,4,원지(遠志),,1,2017-01-01
1211901400,80,4,패모(貝母),,1,2017-01-01
1211901500,80,4,두충(杜沖),,1,2017-01-01
1211901600,80,4,감초,,1,2017-01-01
1211901700,80,4,사인(砂仁),,1,2017-01-01
1211901800,80,4,산조인(酸棗仁),,1,2017-01-01
12119019,80,4,기타,,0,
1211901910,80,5,용안육(龍眼肉),,1,2017-01-01
1211901920,80,5,산사자(山査子),,1,2017-01-01
1211901930,80,5,연자육(蓮子肉),,1,2017-01-01
1211901940,80,5,박하,,1,2017-01-01
1211901950,80,5,초피(椒皮),,1,2017-01-01
1211901960,80,5,건조한 도라지,,1,2022-01-01
1211901970,80,5,구기자,,1,2017-01-01
1211901980,80,5,오미자,,1,2017-01-01
121190199,80,5,기타,,0,
1211901991,80,6,사군자(使君子),,1,2017-01-01
1211901992,80,6,백수오,,1,2022-01-01
1211901993,80,6,하수오,,1,2017-01-01
1211901999,80,6,기타,,1,2017-01-01
12119090,80,3,기타,,0,
1211909010,80,4,식용에 적합한 것,,1,2017-01-01
1211909090,80,4,기타,,1,2017-01-01
1212,80,1,"로커스트콩(locust bean)ㆍ해초류와 그 밖의 조류(藻類)ㆍ사탕무와 사탕수수(신선한 것ㆍ냉장한 것ㆍ냉동한 것ㆍ건조한 것으로서 잘게 부수었는지에 상관없다), 주로 식용에 적합한 과실의 핵(核)과 그 밖의 식물성 생산품[볶지 않은 시코리엄 인티부스 새티범(Cichorium intybus sativum) 변종의 치커리(chicory) 뿌리를 포함한다]으로서 따로 분류되지 않은 것",,0,
12122,80,2,해초류와 그 밖의 조류,,0,
121221,80,3,식용,,0,
12122110,80,4,김,,0,
1212211010,80,5,건조한 것,,1,2012-01-01
1212211020,80,5,냉장한 것,,1,2012-01-01
1212211030,80,5,냉동한 것,,1,2012-01-01
1212211090,80,5,기타,,1,2012-01-01
12122120,80,4,미역,,0,
1212212010,80,5,건조한 것,,1,2012-01-01
1212212020,80,5,염장한 것,,1,2012-01-01
1212212030,80,5,냉장한 것,,1,2012-01-01
1212212040,80,5,냉동한 것,,1,2012-01-01
1212212090,80,5,기타,,1,2012-01-01
12122130,80,4,톳,,0,
1212213010,80,5,건조한 것,,1,2012-01-01
1212213020,80,5,냉장한 것,,1,2012-01-01
1212213030,80,5,냉동한 것,,1,2012-01-01
1212213090,80,5,기타,,1,2012-01-01
12122140,80,4,파래,,0,
1212214010,80,5,신선한 것,,1,2012-01-01
1212214020,80,5,냉장한 것,,1,2012-01-01
1212214030,80,5,냉동한 것,,1,2012-01-01
1212214090,80,5,기타,,1,2012-01-01
12122150,80,4,다시마,,0,
1212215010,80,5,염장한 것,,1,2012-01-01
1212215020,80,5,냉장한 것,,1,2012-01-01
1212215030,80,5,냉동한 것,,1,2012-01-01
1212215090,80,5,기타,,1,2012-01-01
12122160,80,4,우뭇가사리,,0,
1212216010,80,5,냉동한 것,,1,2012-01-01
1212216090,80,5,기타,,1,2012-01-01
12122170,80,4,"돌가사리, 뜬세모가사리와 불등가사리",,0,
121221701,80,5,돌가사리,,0,
1212217011,80,6,냉동한 것,,1,2012-01-01
1212217019,80,6,기타,,1,2012-01-01
121221702,80,5,뜬세모가사리,,0,
1212217021,80,6,냉동한 것,,1,2012-01-01
1212217029,80,6,기타,,1,2012-01-01
121221703,80,5,불등가사리,,0,
1212217031,80,6,냉동한 것,,1,2012-01-01
1212217039,80,6,기타,,1,2012-01-01
12122180,80,4,"도박, 진두발과 말",,0,
121221801,80,5,도박,,0,
1212218011,80,6,냉동한 것,,1,2012-01-01
1212218019,80,6,기타,,1,2012-01-01
121221802,80,5,진두발,,0,
1212218021,80,6,냉동한 것,,1,2012-01-01
1212218029,80,6,기타,,1,2012-01-01
121221803,80,5,말,,0,
1212218031,80,6,냉동한 것,,1,2012-01-01
1212218039,80,6,기타,,1,2012-01-01
12122190,80,4,기타,,0,
121221901,80,5,코토니과 스피노잠,,0,
1212219011,80,6,냉동한 것,,1,2012-01-01
1212219019,80,6,기타,,1,2012-01-01
121221909,80,5,기타,,0,
1212219091,80,6,냉동한 것,,1,2012-01-01
1212219099,80,6,기타,,1,2012-01-01
121229,80,3,기타,,0,
12122910,80,4,김,,0,
1212291010,80,5,냉동한 것,,1,2012-01-01
1212291090,80,5,기타,,1,2012-01-01
12122920,80,4,미역,,0,
1212292010,80,5,냉동한 것,,1,2012-01-01
1212292090,80,5,기타,,1,2012-01-01
12122930,80,4,톳,,0,
1212293010,80,5,냉동한 것,,1,2012-01-01
1212293090,80,5,기타,,1,2012-01-01
12122940,80,4,파래,,0,
1212294010,80,5,냉동한 것,,1,2012-01-01
1212294090,80,5,기타,,1,2012-01-01
12122950,80,4,다시마,,0,
1212295010,80,5,냉동한 것,,1,2012-01-01
1212295090,80,5,기타,,1,2012-01-01
12122960,80,4,우뭇가사리,,0,
1212296010,80,5,냉동한 것,,1,2012-01-01
1212296090,80,5,기타,,1,2012-01-01
12122970,80,4,"돌가사리, 뜬세모가사리와 불등가사리",,0,
121229701,80,5,돌가사리,,0,
1212297011,80,6,냉동한 것,,1,2012-01-01
1212297019,80,6,기타,,1,2012-01-01
121229702,80,5,뜬세모가사리,,0,
1212297021,80,6,냉동한 것,,1,2012-01-01
1212297029,80,6,기타,,1,2012-01-01
121229703,80,5,불등가사리,,0,
1212297031,80,6,냉동한 것,,1,2012-01-01
1212297039,80,6,기타,,1,2012-01-01
12122980,80,4,"도박, 진두발과 말",,0,
121229801,80,5,도박,,0,
1212298011,80,6,냉동한 것,,1,2012-01-01
1212298019,80,6,기타,,1,2012-01-01
121229802,80,5,진두발,,0,
1212298021,80,6,냉동한 것,,1,2012-01-01
1212298029,80,6,기타,,1,2012-01-01
121229803,80,5,말,,0,
1212298031,80,6,냉동한 것,,1,2012-01-01
1212298039,80,6,기타,,1,2012-01-01
12122990,80,4,기타,,0,
121229901,80,5,코토니와 스피노잠,,0,
1212299011,80,6,냉동한 것,,1,2012-01-01
1212299019,80,6,기타,,1,2012-01-01
121229909,80,5,기타,,0,
1212299091,80,6,냉동한 것,,1,2012-01-01
1212299099,80,6,기타,,1,2012-01-01
12129,80,2,기타,,0,
1212910000,80,3,사탕무,,1,2002-01-01
1212920000,80,3,로커스트콩(locust bean)(캐롭),,1,2013-01-01
1212930000,80,3,사탕수수,,1,2012-01-01
1212940000,80,3,치커리(chicory) 뿌리,,1,2013-01-01
121299,80,3,기타,,0,
1212992000,80,4,곤약,,1,2022-01-01
1212993000,80,4,꽃가루,,1,2013-01-01
1212996000,80,4,살구ㆍ복숭아[넥터린(nectarine)을 포함한다]ㆍ자두의 핵(核),,1,2017-01-01
1212999000,80,4,기타,,1,2002-01-01
1213,80,1,"곡물의 짚과 껍질[조제하지 않은 것으로 한정하며, 절단하거나 잘게 부수거나 압착한 것인지 또는 펠릿(pellet) 모양인지에 상관없다]",,0,
1213000000,80,2,"곡물의 짚과 껍질[조제하지 않은 것으로 한정하며, 절단하거나 잘게 부수거나 압착한 것인지 또는 펠릿(pellet) 모양인지에 상관없다]",,1,2013-01-01
1214,80,1,스위드(swede)ㆍ맹골드(mangold)ㆍ사료용 뿌리채소류(根菜類)ㆍ건초ㆍ루우산(lucerne)(알팔파)ㆍ클로버(clover)ㆍ샌포인(sainfoin)ㆍ사료용 케일(kale)ㆍ루핀(lupine)ㆍ베치(vetch)와 이와 유사한 사료용 식물[펠릿(pellet) 모양인지에 상관없다],,0,
121410,80,2,루우산(lucerne)(알팔파)의 거친 가루와 펠릿(pellet),,0,
1214101000,80,3,사료용,,1,2007-01-01
1214109000,80,3,기타,,1,2007-01-01
121490,80,2,기타,,0,
1214901000,80,3,사료용 뿌리채소류,,1,2013-01-01
12149090,80,3,기타,,0,
121490901,80,4,루우산(lucerne)(알팔파)의 베일(bale),,0,
1214909011,80,5,사료용,,1,2007-01-01
1214909019,80,5,기타,,1,2007-01-01
1214909090,80,4,기타,,1,2002-01-01
13,80,0,"제13류 락(lac), 검ㆍ수지ㆍ그 밖의 식물성 수액과 추출물(extract)",,0,
1301,80,1,"락(lac), 천연 검ㆍ수지ㆍ검 수지ㆍ올레오레진(oleoresin)[예: 발삼(balsam)]",,0,
1301200000,80,2,아라비아 검,,1,2002-01-01
130190,80,2,기타,,0,
1301901000,80,3,올레오레진(oleoresin),,1,2013-01-01
13019020,80,3,락(lac),,0,
1301902010,80,4,쉘락(shellac),,1,2013-01-01
1301902090,80,4,기타,,1,2007-01-01
1301909000,80,3,기타,,1,2002-01-01
1302,80,1,"식물성 수액과 추출물(extract), 펙틴질, 펙티닝산염(pectinate)과 펙틴산염(pectate), 식물성 원료에서 얻은 한천ㆍ그 밖의 점질물과 시커너(thickener)(변성 가공했는지에 상관없다)",,0,
13021,80,2,식물성 수액과 추출물(extract),,0,
1302110000,80,3,아편,,1,2002-01-01
1302120000,80,3,감초로 만든 것,,1,2013-01-01
1302130000,80,3,홉(hop)으로 만든 것,,1,2013-01-01
1302140000,80,3,마황(麻黃)으로 만든 것,,1,2017-01-01
130219,80,3,기타,,0,
1302191,80,4,인삼의 수액과 추출물(extract),,0,
13021911,80,5,백삼의 것,,0,
1302191110,80,6,인삼 추출물(extract),,1,2013-01-01
1302191120,80,6,인삼 추출물(extract) 가루,,1,2013-01-01
1302191190,80,6,기타,,1,2002-01-01
13021912,80,5,홍삼의 것,,0,
1302191210,80,6,홍삼 추출물(extract),,1,2013-01-01
1302191220,80,6,홍삼 추출물(extract) 가루,,1,2013-01-01
1302191290,80,6,기타,,1,2002-01-01
1302191900,80,5,기타,,1,2002-01-01
1302192000,80,4,캐슈너트 쉘액(cashew nut shell liquid),,1,2013-01-01
1302193000,80,4,생칠(生漆),,1,2013-01-01
13021990,80,4,기타,,0,
1302199010,80,5,알로에 수액과 추출물(extract),,1,2013-01-01
1302199020,80,5,콜라 추출물(extract),,1,2013-01-01
130219903,80,5,제1211호의 추출물,,0,
1302199031,80,6,당귀(當歸) 추출물,,1,2017-01-01
1302199032,80,6,오미자(五味子) 추출물,,1,2017-01-01
1302199033,80,6,작약(芍藥) 추출물,,1,2022-01-01
1302199034,80,6,천궁(川芎) 추출물,,1,2017-01-01
1302199035,80,6,황기(黃芪) 추출물,,1,2017-01-01
1302199039,80,6,기타,,1,2014-01-01
130219909,80,5,기타,,0,
1302199091,80,6,바닐라 올레오레진이나 바닐라 추출물(extract),,1,2013-01-01
1302199099,80,6,기타,,1,2002-01-01
1302200000,80,2,펙틴질ㆍ펙티닝산염(pectinate)과 펙틴산염(pectate),,1,2013-01-01
13023,80,2,식물성 원료에서 얻은 점질물과 시커너(thickener)(변성 가공했는지에 상관없다),,0,
130231,80,3,한천,,0,
1302311000,80,4,실 한천,,1,2013-01-01
1302312000,80,4,가루 한천,,1,2013-01-01
1302319000,80,4,기타,,1,2002-01-01
1302320000,80,3,로커스트콩(locust bean)ㆍ로커스트콩(locust bean)의 씨나 구아(guar)의 씨로부터 얻은 점질물과 시커너(thickener)(변성 가공했는지에 상관없다),,1,2013-01-01
1302390000,80,3,기타,,1,2002-01-01
14,80,0,제14류 식물성 편조물(編組物)용 재료와 다른 류로 분류되지 않은 식물성 생산품,,0,
1401,80,1,"편조물(編組物)에 주로 사용되는 식물성 재료[예: 대나무, 등나무, 갈대, 골풀, 버드나무 가지(osier), 라피아(raffia), 청정ㆍ표백ㆍ염색한 곡물의 짚과 라임나무(lime) 껍질]",,0,
140110,80,2,대나무,,0,
1401102000,80,3,청환죽(靑丸竹),,1,2013-01-01
1401109000,80,3,기타,,1,2002-01-01
1401200000,80,2,등나무,,1,2022-01-01
1401900000,80,2,기타,,1,2017-01-01
1404,80,1,따로 분류되지 않은 식물성 생산품,,0,
1404200000,80,2,면(綿) 린터(linter),,1,2013-01-01
140490,80,2,기타,,0,
1404901000,80,3,조각용 종자ㆍ껍질ㆍ너트(예: 상아야자),,1,2013-01-01
14049020,80,3,나무껍질,,0,
1404902010,80,4,닥나무나 꾸지나무(paper mulberry) 껍질,,1,2013-01-01
1404902090,80,4,기타,,1,2002-01-01
14049030,80,3,식품포장용으로 사용되는 식물의 잎,,0,
1404903010,80,4,떡갈잎,,1,2012-01-01
1404903020,80,4,청미래덩굴잎,,1,2012-01-01
1404903090,80,4,기타,,1,2002-01-01
1404904000,80,3,충전용으로 주로 사용되는 식물성 재료[예: 케이폭(kapok)ㆍ식물성 헤어ㆍ거머리말][층상(層狀)으로 한 것인지 또는 지지물을 사용했는지에 상관없다],,1,2022-01-01
1404905000,80,3,비나 브러시를 만드는 데 주로 사용되는 식물성 재료[예: 수수류ㆍ피아사바(piassava)ㆍ카우치 그라스(couch-grass)ㆍ이스틸리(istle)](다발이나 꾸러미 상태인지에 상관없다),,1,2013-01-01
14049060,80,3,염색용ㆍ유연용으로 주로 사용되는 식물성 원료,,0,
1404906010,80,4,오배자(五倍子),,1,2013-01-01
1404906020,80,4,아몬드 껍질(almond hull),,1,2022-01-01
1404906090,80,4,기타,,1,2007-01-01
1404909000,80,3,기타,,1,2002-01-01
15,80,0,"제15류 동물성ㆍ식물성ㆍ미생물성 지방과 기름 및이들의 분해생산물, 조제한 식용 지방과 동물성ㆍ식물성 왁스",,0,
1501,80,1,돼지의 지방[라드(lard)를 포함한다]과 가금(家禽)의 지방(제0209호나 제1503호의 것은 제외한다),,0,
150110,80,2,라드(lard),,0,
1501101000,80,3,산가(酸價)가 1 이하인 것,,1,2013-01-01
1501109000,80,3,기타,,1,2012-01-01
1501200000,80,2,그 밖의 돼지의 지방,,1,2017-01-01
1501900000,80,2,기타,,1,2012-01-01
1502,80,1,소ㆍ면양ㆍ염소의 지방(제1503호의 것은 제외한다),,0,
150210,80,2,탤로우(tallow),,0,
15021010,80,3,소의 것,,0,
1502101010,80,4,산가(酸價)가 2 이하인 것,,1,2017-01-01
1502101090,80,4,기타,,1,2012-01-01
1502109000,80,3,기타,,1,2012-01-01
150290,80,2,기타,,0,
1502901000,80,3,소의 것,,1,2017-01-01
1502909000,80,3,기타,,1,2012-01-01
1503,80,1,"라드스테아린(lard stearin), 라드유(lard oil), 올레오스테아린(oleostearin), 올레오유(oleo-oil), 탤로우유(tallow oil)로서 유화ㆍ혼합이나 그 밖의 조제를 하지 않은 것",,0,
150300,80,2,"라드스테아린(lard stearin), 라드유(lard oil), 올레오스테아린(oleostearin), 올레오유(oleo-oil), 탤로우유(tallow oil)로서 유화ㆍ혼합이나 그 밖의 조제를 하지 않은 것",,0,
1503002000,80,3,라드유(lard oil),,1,2013-01-01
1503009000,80,3,기타,,1,2002-01-01
1504,80,1,어류나 바다에서 사는 포유동물의 지방과 기름 및 그 분획물(정제했는지에 상관없으며 화학적으로 변성 가공한 것은 제외한다),,0,
150410,80,2,어류의 간유(肝油)와 그 분획물,,0,
1504101000,80,3,상어의 간유(肝油)와 그 분획물,,1,2022-01-01
1504109000,80,3,기타,,1,2002-01-01
1504200000,80,2,어류의 지방과 기름 및 그 분획물[간유(肝油)는 제외한다],,1,2013-01-01
150430,80,2,바다에서 사는 포유동물의 지방과 기름 및 그 분획물,,0,
1504301000,80,3,고래기름과 그 분획물,,1,2013-01-01
1504309000,80,3,기타,,1,2002-01-01
1505,80,1,울그리스(wool grease)와 이것에서 얻은 지방성 물질[라놀린(lanolin)을 포함한다],,0,
150500,80,2,울그리스(wool grease)와 이것에서 얻은 지방성 물질[라놀린(lanolin)을 포함한다],,0,
1505001000,80,3,가공하지 않은 울그리스(wool grease),,1,2013-01-01
1505009000,80,3,기타,,1,2002-01-01
1506,80,1,그 밖의 동물성 지방과 기름 및 그 분획물(정제했는지에 상관없으며 화학적으로 변성 가공한 것은 제외한다),,0,
150600,80,2,그 밖의 동물성 지방과 기름 및 그 분획물(정제했는지에 상관없으며 화학적으로 변성 가공한 것은 제외한다),,0,
1506001000,80,3,우각유(neat's foot oil)와 그 분획물,,1,2022-01-01
1506009000,80,3,기타,,1,2002-01-01
1507,80,1,대두유와 그 분획물(정제했는지에 상관없으며 화학적으로 변성 가공한 것은 제외한다),,0,
150710,80,2,조유(粗油)[검(gum)질을 제거했는지에 상관없다],,0,
1507101000,80,3,식품용,,1,2017-01-01
1507102000,80,3,바이오디젤 제조용,,1,2013-01-01
1507109000,80,3,기타,,1,2008-01-01
150790,80,2,기타,,0,
15079010,80,3,정제유(精製油),,0,
1507901010,80,4,식품용,,1,2017-01-01
1507901020,80,4,바이오디젤 제조용,,1,2013-01-01
1507901090,80,4,기타,,1,2008-01-01
1507909000,80,3,기타,,1,2002-01-01
1508,80,1,땅콩기름과 그 분획물(정제했는지에 상관없으며 화학적으로 변성 가공한 것은 제외한다),,0,
1508100000,80,2,조유(粗油),,1,2013-01-01
150890,80,2,기타,,0,
1508901000,80,3,정제유(精製油),,1,2013-01-01
1508909000,80,3,기타,,1,2002-01-01
1509,80,1,올리브유와 그 분획물(정제했는지에 상관없으며 화학적으로 변성 가공한 것은 제외한다),,0,
1509200000,80,2,엑스트라 버진 올리브유,,1,2022-01-01
1509300000,80,2,버진 올리브유,,1,2022-01-01
1509400000,80,2,그 밖의 버진 올리브유,,1,2022-01-01
1509900000,80,2,기타,,1,2002-01-01
1510,80,1,"그 밖의 올리브유와 그 분획물(올리브에서 얻은 것으로서 정제했는지에 상관없으며 화학적으로 변성 가공한 것은 제외하고, 이들의 기름이나 그 분획물이 제1509호의 기름이나 그 분획물과 혼합된 것을 포함한다)",,0,
1510100000,80,2,올리브 퍼미스 조유(粗油),,1,2022-01-01
1510900000,80,2,기타,,1,2022-01-01
1511,80,1,팜유와 그 분획물(정제했는지에 상관없으며 화학적으로 변성 가공한 것은 제외한다),,0,
1511100000,80,2,조유(粗油),,1,2013-01-01
151190,80,2,기타,,0,
1511901000,80,3,팜 올레인(palm olein),,1,2013-01-01
1511902000,80,3,팜 스테아린(palm stearin),,1,2013-01-01
1511909000,80,3,기타,,1,2002-01-01
1512,80,1,해바라기씨유ㆍ잇꽃유ㆍ목화씨유와 그 분획물(정제했는지에 상관없으며 화학적으로 변성 가공한 것은 제외한다),,0,
15121,80,2,해바라기씨유ㆍ잇꽃유와 그 분획물,,0,
151211,80,3,조유(粗油),,0,
1512111000,80,4,해바라기씨유,,1,2002-01-01
1512112000,80,4,잇꽃유,,1,2002-01-01
151219,80,3,기타,,0,
15121910,80,4,정제유(精製油),,0,
1512191010,80,5,해바라기씨유,,1,2002-01-01
1512191020,80,5,잇꽃유,,1,2002-01-01
15121990,80,4,기타,,0,
1512199010,80,5,해바라기씨유,,1,2002-01-01
1512199020,80,5,잇꽃유,,1,2002-01-01
15122,80,2,목화씨유와 그 분획물,,0,
1512210000,80,3,조유(粗油)[고시폴(gossypol)을 제거했는지에 상관없다],,1,2013-01-01
151229,80,3,기타,,0,
1512291000,80,4,정제유(精製油),,1,2013-01-01
1512299000,80,4,기타,,1,2002-01-01
1513,80,1,"야자[코프라(copra)]유, 팜핵유(palm kernel oil), 바바수유(babassu oil)와 이들의 분획물(정제했는지에 상관없으며 화학적으로 변성 가공한 것은 제외한다)",,0,
15131,80,2,야자[코프라(copra)]유와 그 분획물,,0,
1513110000,80,3,조유(粗油),,1,2013-01-01
151319,80,3,기타,,0,
1513191000,80,4,정제유(精製油),,1,2013-01-01
1513199000,80,4,기타,,1,2002-01-01
15132,80,2,팜핵유(palm kernel oil)나 바바수유(babassu oil)와 이들의 분획물,,0,
151321,80,3,조유(粗油),,0,
1513211000,80,4,팜핵유(palm kernel oil),,1,2013-01-01
1513212000,80,4,바바수유(babassu oil),,1,2013-01-01
151329,80,3,기타,,0,
15132910,80,4,정제유(精製油),,0,
1513291010,80,5,팜핵유(palm kernel oil),,1,2013-01-01
1513291020,80,5,바바수유(babassu oil),,1,2013-01-01
1513299000,80,4,기타,,1,2002-01-01
1514,80,1,"유채유(rape oil, colza oil), 겨자유와 이들의 분획물(정제했는지에 상관없으며 화학적으로 변성 가공한 것은 제외한다)",,0,
15141,80,2,"저에루크산(low erucic acid) 유채유(rape oil, colza oil)와 그 분획물",,0,
1514110000,80,3,조유(粗油),,1,2013-01-01
151419,80,3,기타,,0,
1514191000,80,4,정제유(精製油),,1,2013-01-01
1514199000,80,4,기타,,1,2002-01-01
15149,80,2,기타,,0,
151491,80,3,조유(粗油),,0,
1514911000,80,4,"그 밖의 유채유(rape oil, colza oil)",,1,2017-01-01
1514912000,80,4,겨자유,,1,2002-01-01
151499,80,3,기타,,0,
15149910,80,4,정제유(精製油),,0,
1514991010,80,5,"그 밖의 유채유(rape oil, colza oil)",,1,2017-01-01
1514991020,80,5,겨자유,,1,2002-01-01
1514999000,80,4,기타,,1,2002-01-01
1515,80,1,그 밖의 비휘발성인 식물성ㆍ미생물성 지방과 기름[호호바유(jojoba oil)를 포함한다]과 그 분획물(정제했는지에 상관없으며 화학적으로 변성 가공한 것은 제외한다),,0,
15151,80,2,아마씨유와 그 분획물,,0,
1515110000,80,3,조유(粗油),,1,2013-01-01
1515190000,80,3,기타,,1,2002-01-01
15152,80,2,옥수수유와 그 분획물,,0,
1515210000,80,3,조유(粗油),,1,2013-01-01
1515290000,80,3,기타,,1,2002-01-01
1515300000,80,2,피마자유와 그 분획물,,1,2002-01-01
1515500000,80,2,참기름과 그 분획물,,1,2002-01-01
1515600000,80,2,미생물성 지방과 기름 및 이들의 분획물,,1,2022-01-01
151590,80,2,기타,,0,
1515901000,80,3,들기름과 그 분획물,,1,2002-01-01
15159090,80,3,기타,,0,
1515909010,80,4,쌀겨기름과 그 분획물,,1,2013-01-01
1515909020,80,4,동백유와 그 분획물,,1,2002-01-01
1515909030,80,4,호호바유(jojoba oil)와 그 분획물,,1,2013-01-01
1515909040,80,4,동유(tung oil)와 그 분획물,,1,2013-01-01
1515909090,80,4,기타,,1,2002-01-01
1516,80,1,"동물성ㆍ식물성ㆍ미생물성 지방과 기름 및 이들의 분획물[전체적으로나 부분적으로 수소를 첨가한 것, 인터에스텔화한(inter-esterified) 것, 리에스텔화한(re-esterified) 것, 엘라이딘화한(elaidinised) 것으로 한정하며, 정제했는지에 상관없으며 더 이상 가공한 것은 제외한다]",,0,
151610,80,2,동물성 지방과 기름 및 이들의 분획물,,0,
1516101000,80,3,우지(牛脂)와 그 분획물,,1,2013-01-01
1516102000,80,3,고래기름과 그 분획물,,1,2013-01-01
1516109000,80,3,기타,,1,2002-01-01
151620,80,2,식물성 지방과 기름 및 이들의 분획물,,0,
15162010,80,3,"땅콩기름ㆍ해바라기씨유ㆍ유채유(rape oil, colza oil)ㆍ들기름ㆍ참기름의 것",,0,
1516201010,80,4,땅콩기름과 그 분획물,,1,2013-01-01
1516201020,80,4,해바라기씨유와 그 분획물,,1,2002-01-01
1516201030,80,4,"유채유(rape oil, colza oil)와 그 분획물",,1,2013-01-01
1516201040,80,4,들기름과 그 분획물,,1,2002-01-01
1516201050,80,4,참기름과 그 분획물,,1,2002-01-01
15162020,80,3,기타,,0,
1516202010,80,4,야자[코프라(copra)]유와 그 분획물,,1,2013-01-01
1516202020,80,4,팜유와 그 분획물,,1,2002-01-01
1516202030,80,4,옥수수유와 그 분획물,,1,2002-01-01
1516202040,80,4,목화씨유와 그 분획물,,1,2013-01-01
1516202050,80,4,대두유와 그 분획물,,1,2002-01-01
1516202090,80,4,기타,,1,2002-01-01
1516300000,80,2,미생물성 지방과 기름 및 이들의 분획물,,1,2022-01-01
1517,80,1,"마가린, 동물성ㆍ식물성ㆍ미생물성 지방이나 기름 또는 이 류의 다른 지방이나 기름의 분획물로 만든 식용 혼합물이나 조제품(제1516호의 식용 지방이나 기름 또는 이들의 분획물은 제외한다)",,0,
1517100000,80,2,마가린(액상 마가린은 제외한다),,1,2013-01-01
151790,80,2,기타,,0,
1517901000,80,3,이미테이션 라드,,1,2013-01-01
1517902000,80,3,쇼트닝,,1,2002-01-01
1517909000,80,3,기타,,1,2002-01-01
1518,80,1,"동물성ㆍ식물성ㆍ미생물성 지방과 기름 및 이들의 분획물(끓이거나 산화ㆍ탈수ㆍ황화ㆍ취입하거나 진공상태나 불활성 가스에서 가열중합하거나 그 밖의 화학적 변성을 한 것으로 한정하며, 제1516호의 물품은 제외한다), 따로 분류되지 않은 것으로서 식용에 적합하지 않은 동물성ㆍ식물성ㆍ미생물성 지방이나 기름 또는 이 류의 다른 지방이나 기름의 분획물의 혼합물이나 조제품",,0,
151800,80,2,"동물성ㆍ식물성ㆍ미생물성 지방과 기름 및 이들의 분획물(끓이거나 산화ㆍ탈수ㆍ황화ㆍ취입하거나 진공상태나 불활성 가스에서 가열중합하거나 그 밖의 화학적 변성을 한 것으로 한정하며, 제1516호의 물품은 제외한다), 따로 분류되지 않은 것으로서 식용에 적합하지 않은 동물성ㆍ식물성ㆍ미생물성 지방이나 기름 또는 이 류의 다른 지방이나 기름의 분획물의 혼합물이나 조제품",,0,
1518001000,80,3,탈수피마자유,,1,2002-01-01
1518002000,80,3,에폭시화(epoxidised)한 대두유,,1,2013-01-01
15180090,80,3,기타,,0,
1518009010,80,4,사료용,,1,2012-01-01
1518009090,80,4,기타,,1,2012-01-01
1520,80,1,"글리세롤(glycerol)(가공하지 않은 것으로 한정한다), 글리세롤 수(水), 글리세롤 폐액(廢液)",,0,
1520000000,80,2,"글리세롤(glycerol)(가공하지 않은 것으로 한정한다), 글리세롤 수(水), 글리세롤 폐액(廢液)",,1,2013-01-01
1521,80,1,식물성 왁스[트리글리세라이드(triglyceride)는 제외한다]ㆍ밀랍(蜜蠟)과 그 밖의 곤충 왁스ㆍ고래 왁스(정제했는지 또는 착색했는지에 상관없다),,0,
152110,80,2,식물성 왁스,,0,
1521101000,80,3,카나버 왁스,,1,2002-01-01
1521102000,80,3,팜왁스,,1,2002-01-01
1521109000,80,3,기타,,1,2002-01-01
152190,80,2,기타,,0,
1521901000,80,3,고래 왁스,,1,2022-01-01
1521902000,80,3,밀랍(蜜蠟),,1,2013-01-01
1521909000,80,3,기타,,1,2002-01-01
1522,80,1,"데그라스(degras), 지방성 물질이나 동물성ㆍ식물성 왁스를 처리할 때 생기는 잔유물",,0,
1522000000,80,2,"데그라스(degras), 지방성 물질이나 동물성ㆍ식물성 왁스를 처리할 때 생기는 잔유물",,1,2022-01-01
16,80,0,제16류 육류ㆍ어류ㆍ갑각류ㆍ연체동물이나 그 밖의 수생(水生) 무척추동물 또는 곤충의 조제품,,0,
1601,80,1,소시지나 그 밖에 이와 유사한 물품[육ㆍ설육(屑肉)ㆍ피ㆍ곤충으로 조제한 것으로 한정한다]과 이들 물품을 기본 재료로 한 조제 식료품,,0,
160100,80,2,소시지나 그 밖에 이와 유사한 물품[육ㆍ설육(屑肉)ㆍ피ㆍ곤충으로 조제한 것으로 한정한다]과 이들 물품을 기본 재료로 한 조제 식료품,,0,
1601001000,80,3,소시지,,1,2002-01-01
1601009000,80,3,기타,,1,2002-01-01
1602,80,1,그 밖의 조제하거나 보존처리한 육ㆍ설육(屑肉)ㆍ피ㆍ곤충,,0,
1602100000,80,2,균질화한 조제품,,1,2002-01-01
160220,80,2,동물 간으로 만든 것,,0,
1602201000,80,3,밀폐용기에 넣은 것,,1,2002-01-01
1602209000,80,3,기타,,1,2002-01-01
16023,80,2,가금류(家禽類)로 만든 것(제0105호의 것으로 한정한다),,0,
160231,80,3,칠면조로 만든 것,,0,
1602311000,80,4,밀폐용기에 넣은 것,,1,2002-01-01
1602319000,80,4,기타,,1,2002-01-01
160232,80,3,닭[갈루스 도메스티쿠스(Gallus domesticus)종의 것으로 한정한다]으로 만든 것,,0,
16023210,80,4,밀폐용기에 넣은 것,,0,
1602321010,80,5,삼계탕,,1,2002-01-01
1602321090,80,5,기타,,1,2002-01-01
1602329000,80,4,기타,,1,2002-01-01
160239,80,3,기타,,0,
1602391000,80,4,밀폐용기에 넣은 것,,1,2002-01-01
1602399000,80,4,기타,,1,2002-01-01
16024,80,2,돼지로 만든 것,,0,
160241,80,3,넓적다리살과 그 절단육,,0,
1602411000,80,4,밀폐용기에 넣은 것,,1,2002-01-01
1602419000,80,4,기타,,1,2002-01-01
160242,80,3,어깨살과 그 절단육,,0,
1602421000,80,4,밀폐용기에 넣은 것,,1,2002-01-01
1602429000,80,4,기타,,1,2002-01-01
160249,80,3,기타(혼합물을 포함한다),,0,
1602491000,80,4,밀폐용기에 넣은 것,,1,2002-01-01
1602499000,80,4,기타,,1,2002-01-01
160250,80,2,소로 만든 것,,0,
1602501000,80,3,밀폐용기에 넣은 것,,1,2002-01-01
1602509000,80,3,기타,,1,2002-01-01
160290,80,2,기타(동물의 피 조제품을 포함한다),,0,
1602901000,80,3,밀폐용기에 넣은 것,,1,2002-01-01
1602909000,80,3,기타,,1,2002-01-01
1603,80,1,육ㆍ어류ㆍ갑각류ㆍ연체동물이나 그 밖의 수생(水生) 무척추동물의 추출물(extract)과 즙,,0,
160300,80,2,육ㆍ어류ㆍ갑각류ㆍ연체동물이나 그 밖의 수생(水生) 무척추동물의 추출물(extract)과 즙,,0,
1603001000,80,3,육 추출물(extract),,1,2013-01-01
1603002000,80,3,육즙,,1,2002-01-01
1603003000,80,3,어류의 추출물(extract),,1,2013-01-01
1603004000,80,3,어류의 즙,,1,2002-01-01
1603009000,80,3,기타,,1,2002-01-01
1604,80,1,"조제하거나 보존처리한 어류, 캐비어, 어란(魚卵)으로 조제한 캐비어 대용물",,0,
16041,80,2,"어류(원래 모양이나 토막낸 것으로 한정하며, 잘게 다진 것은 제외한다)",,0,
160411,80,3,연어,,0,
1604111000,80,4,밀폐용기에 넣은 것,,1,2002-01-01
1604119000,80,4,기타,,1,2002-01-01
160412,80,3,청어,,0,
1604121000,80,4,밀폐용기에 넣은 것,,1,2002-01-01
1604129000,80,4,기타,,1,2002-01-01
160413,80,3,정어리ㆍ사르디넬라(Sardinella)ㆍ브리스링(brisling)ㆍ스프랫(sprat),,0,
1604131000,80,4,밀폐용기에 넣은 것,,1,2002-01-01
1604139000,80,4,기타,,1,2002-01-01
160414,80,3,다랑어ㆍ가다랑어ㆍ버니토(bonito)[사르다(Sarda)속],,0,
16041410,80,4,밀폐용기에 넣은 것,,0,
160414101,80,5,다랑어,,0,
1604141011,80,6,기름에 담근 것,,1,2002-01-01
1604141012,80,6,삶은 것,,1,2013-01-01
1604141019,80,6,기타,,1,2002-01-01
160414102,80,5,가다랑어,,0,
1604141021,80,6,기름에 담근 것,,1,2002-01-01
1604141029,80,6,기타,,1,2002-01-01
160414103,80,5,버니토(bonito),,0,
1604141031,80,6,기름에 담근 것,,1,2002-01-01
1604141039,80,6,기타,,1,2002-01-01
1604149000,80,4,기타,,1,2002-01-01
160415,80,3,고등어,,0,
1604151000,80,4,밀폐용기에 넣은 것,,1,2002-01-01
1604159000,80,4,기타,,1,2002-01-01
160416,80,3,멸치,,0,
1604161000,80,4,밀폐용기에 넣은 것,,1,2002-01-01
1604169000,80,4,기타,,1,2002-01-01
160417,80,3,뱀장어,,0,
1604171000,80,4,밀폐용기에 넣은 것,,1,2012-01-01
1604179000,80,4,기타,,1,2012-01-01
1604180000,80,3,상어 지느러미,,1,2022-01-01
160419,80,3,기타,,0,
16041910,80,4,밀폐용기에 넣은 것,,0,
1604191010,80,5,꽁치,,1,2002-01-01
1604191020,80,5,전갱이,,1,2017-01-01
1604191090,80,5,기타,,1,2002-01-01
16041990,80,4,기타,,0,
1604199010,80,5,쥐치포,,1,2002-01-01
1604199090,80,5,기타,,1,2002-01-01
160420,80,2,그 밖의 조제하거나 보존처리한 어류,,0,
1604201000,80,3,생선 페이스트(paste),,1,2013-01-01
1604202000,80,3,생선 마리네이드(marinade),,1,2013-01-01
1604203000,80,3,생선소시지,,1,2002-01-01
16042040,80,3,생선묵,,0,
1604204010,80,4,게맛의 것,,1,2002-01-01
1604204090,80,4,기타,,1,2002-01-01
1604209000,80,3,기타,,1,2002-01-01
16043,80,2,캐비어와 캐비어 대용물,,0,
1604310000,80,3,캐비어,,1,2022-01-01
1604320000,80,3,캐비어 대용물,,1,2022-01-01
1605,80,1,조제하거나 보존처리한 갑각류ㆍ연체동물ㆍ그 밖의 수생(水生) 무척추동물,,0,
160510,80,2,게,,0,
16051010,80,3,게살,,0,
1605101010,80,4,밀폐용기에 넣은 것,,1,2002-01-01
160510109,80,4,기타,,0,
1605101091,80,5,붉은대게살,,1,2009-01-01
1605101099,80,5,기타,,1,2009-01-01
1605109000,80,3,기타,,1,2002-01-01
16052,80,2,새우류,,0,
160521,80,3,밀폐용기에 넣지 않은 것,,0,
1605211000,80,4,빵가루나 반죽을 입힌 것,,1,2022-01-01
1605219000,80,4,기타,,1,2012-01-01
1605290000,80,3,기타,,1,2012-01-01
160530,80,2,바닷가재,,0,
1605301000,80,3,밀폐용기에 넣은 것,,1,2002-01-01
1605309000,80,3,기타,,1,2002-01-01
160540,80,2,그 밖의 갑각류,,0,
1605401000,80,3,밀폐용기에 넣은 것,,1,2002-01-01
1605409000,80,3,기타,,1,2002-01-01
16055,80,2,연체동물,,0,
160551,80,3,굴,,0,
1605511000,80,4,밀폐용기에 넣은 것,,1,2012-01-01
1605519000,80,4,기타,,1,2012-01-01
1605520000,80,3,가리비과의 조개(여왕 가리비과 조개를 포함한다),,1,2022-01-01
160553,80,3,홍합,,0,
1605531000,80,4,밀폐용기에 넣은 것,,1,2012-01-01
1605539000,80,4,기타,,1,2012-01-01
160554,80,3,갑오징어와 오징어,,0,
1605541000,80,4,갑오징어,,1,2022-01-01
16055420,80,4,오징어,,0,
1605542010,80,5,밀폐용기에 넣은 것,,1,2012-01-01
160554209,80,5,기타,,0,
1605542091,80,6,조미오징어,,1,2012-01-01
1605542099,80,6,기타,,1,2017-01-01
1605550000,80,3,문어,,1,2022-01-01
160556,80,3,"클램(clam), 새조개, 피조개",,0,
16055610,80,4,바지락,,0,
1605561010,80,5,밀폐용기에 넣은 것,,1,2012-01-01
1605561090,80,5,기타,,1,2012-01-01
16055620,80,4,새조개,,0,
1605562010,80,5,밀폐용기에 넣은 것,,1,2012-01-01
1605562090,80,5,기타,,1,2012-01-01
16055690,80,4,기타,,0,
1605569010,80,5,밀폐용기에 넣은 것,,1,2012-01-01
1605569090,80,5,기타,,1,2012-01-01
160557,80,3,전복,,0,
1605571000,80,4,밀폐용기에 넣은 것,,1,2012-01-01
1605579000,80,4,기타,,1,2012-01-01
160558,80,3,달팽이(바다달팽이는 제외한다),,0,
1605581000,80,4,밀폐용기에 넣은 것,,1,2012-01-01
1605589000,80,4,기타,,1,2012-01-01
160559,80,3,기타,,0,
16055910,80,4,골뱅이,,0,
1605591010,80,5,밀폐용기에 넣은 것,,1,2012-01-01
1605591090,80,5,기타,,1,2012-01-01
16055920,80,4,소라,,0,
1605592010,80,5,밀폐용기에 넣은 것,,1,2012-01-01
1605592090,80,5,기타,,1,2012-01-01
16055990,80,4,기타,,0,
1605599010,80,5,밀폐용기에 넣은 것,,1,2012-01-01
1605599090,80,5,기타,,1,2012-01-01
16056,80,2,그 밖의 수생(水生) 무척추동물,,0,
160561,80,3,해삼,,0,
1605611000,80,4,밀폐용기에 넣은 것,,1,2012-01-01
1605619000,80,4,기타,,1,2012-01-01
160562,80,3,성게,,0,
1605621000,80,4,밀폐용기에 넣은 것,,1,2012-01-01
1605629000,80,4,기타,,1,2012-01-01
160563,80,3,해파리,,0,
1605631000,80,4,밀폐용기에 넣은 것,,1,2012-01-01
1605639000,80,4,기타,,1,2012-01-01
1605690000,80,3,기타,,1,2022-01-01
17,80,0,제17류 당류(糖類)와 설탕과자,,0,
1701,80,1,"사탕수수당이나 사탕무당, 화학적으로 순수한 자당(蔗糖)(고체 상태인 것으로 한정한다)",,0,
17011,80,2,조당(粗糖)[향미제(香味劑)나 착색제가 첨가되지 않은 것으로 한정한다],,0,
170112,80,3,사탕무당,,0,
1701121000,80,4,편광도수가 98.5도 이하인 것,,1,2022-01-01
1701122000,80,4,편광도수가 98.5도를 초과하는 것,,1,2022-01-01
1701130000,80,3,이 류의 소호주 제2호에 규정된 사탕수수당,,1,2017-01-01
170114,80,3,그 밖의 사탕수수당,,0,
1701141000,80,4,편광도수가 98.5도 이하인 것,,1,2022-01-01
1701142000,80,4,편광도수가 98.5도를 초과하는 것,,1,2022-01-01
17019,80,2,기타,,0,
1701910000,80,3,향미제(香味劑)나 착색제가 첨가된 것,,1,2013-01-01
1701990000,80,3,기타,,1,2002-01-01
1702,80,1,"그 밖의 당류(糖類)[화학적으로 순수한 유당(乳糖)ㆍ맥아당ㆍ포도당ㆍ과당을 포함하며, 고체상태인 것으로 한정한다], 당시럽[향미제(香味劑)나 착색제를 첨가하지 않은 것으로 한정한다], 인조꿀(천연꿀을 혼합했는지에 상관없다), 캐러멜당",,0,
17021,80,2,유당(乳糖)과 유당(乳糖)시럽,,0,
170211,80,3,건조 상태에서 측정한 유당(乳糖)[무수유당(無水乳糖)]의 함유량이 전 중량의 100분의 99 이상인 것,,0,
1702111000,80,4,유당(乳糖),,1,2013-01-01
1702119000,80,4,유당(乳糖)시럽,,1,2013-01-01
170219,80,3,기타,,0,
1702191000,80,4,유당(乳糖),,1,2013-01-01
1702199000,80,4,유당(乳糖)시럽,,1,2013-01-01
170220,80,2,단풍당과 단풍당시럽,,0,
1702201000,80,3,단풍당,,1,2002-01-01
1702202000,80,3,단풍당시럽,,1,2002-01-01
170230,80,2,포도당과 포도당시럽(과당을 함유하지 않거나 건조 상태에서 과당의 함유량이 전 중량의 100분의 20 미만인 것으로 한정한다),,0,
1702301000,80,3,포도당,,1,2002-01-01
1702302000,80,3,포도당시럽,,1,2002-01-01
170240,80,2,"포도당과 포도당시럽(건조 상태에서 과당의 함유량이 전 중량의 100분의 20 이상 100분의 50 미만인 것으로 한정한다). 다만, 전화당(轉化糖)은 제외한다.",,0,
1702401000,80,3,포도당,,1,2002-01-01
1702402000,80,3,포도당시럽,,1,2002-01-01
1702500000,80,2,화학적으로 순수한 과당,,1,2002-01-01
170260,80,2,"그 밖의 과당과 과당시럽(건조 상태에서 과당의 함유량이 전 중량의 100분의 50을 초과하는 것으로 한정한다). 다만, 전화당(轉化糖)은 제외한다.",,0,
1702601000,80,3,과당,,1,2002-01-01
1702602000,80,3,과당시럽,,1,2002-01-01
170290,80,2,기타[전화당(轉化糖)과 그 밖의 당류(糖類)와 당시럽 혼합물(건조 상태에서 과당의 함유량이 전 중량의 100분의 50인 것으로 한정한다)을 포함한다],,0,
1702901000,80,3,인조꿀,,1,2002-01-01
1702902000,80,3,캐러멜당,,1,2002-01-01
1702903000,80,3,맥아당,,1,2002-01-01
1702909000,80,3,기타,,1,2002-01-01
1703,80,1,당밀(糖蜜)[당류(糖類)를 추출하거나 정제할 때 생긴 것으로 한정한다],,0,
170310,80,2,사탕수수에서 생긴 당밀(糖蜜),,0,
1703101000,80,3,주정 제조용,,1,2013-01-01
1703109000,80,3,기타,,1,2002-01-01
170390,80,2,기타,,0,
1703901000,80,3,주정 제조용,,1,2013-01-01
1703909000,80,3,기타,,1,2002-01-01
1704,80,1,"설탕과자(백색 초콜릿을 포함하며, 코코아를 함유한 것은 제외한다)",,0,
1704100000,80,2,추잉껌(당을 도포하였는지에 상관없다),,1,2013-01-01
170490,80,2,기타,,0,
1704901000,80,3,감초 추출물(과자로 만들어진 것은 제외한다),,1,2013-01-01
17049020,80,3,캔디류,,0,
1704902010,80,4,드롭스(drops),,1,2013-01-01
1704902020,80,4,캐러멜,,1,2002-01-01
1704902090,80,4,기타,,1,2002-01-01
1704909000,80,3,기타,,1,2002-01-01
18,80,0,제18류 코코아와 그 조제품,,0,
1801,80,1,코코아두(원래 모양이나 부순 것으로서 생 것이나 볶은 것으로 한정한다),,0,
180100,80,2,코코아두(원래 모양이나 부순 것으로서 생 것이나 볶은 것으로 한정한다),,0,
1801001000,80,3,생 것,,1,2014-01-01
1801002000,80,3,볶은 것,,1,2002-01-01
1802,80,1,"코코아의 껍데기와 껍질, 그 밖의 코코아 웨이스트(waste)",,0,
180200,80,2,"코코아의 껍데기와 껍질, 그 밖의 코코아 웨이스트(waste)",,0,
1802001000,80,3,코코아의 껍데기와 껍질,,1,2013-01-01
1802009000,80,3,기타,,1,2002-01-01
1803,80,1,코코아 페이스트(paste)[탈지(脫脂)한 것인지에 상관없다],,0,
1803100000,80,2,탈지(脫脂)하지 않은 것,,1,2013-01-01
1803200000,80,2,전부나 일부를 탈지(脫脂)한 것,,1,2013-01-01
1804,80,1,"코코아 버터, 지방과 기름",,0,
1804000000,80,2,"코코아 버터, 지방과 기름",,1,2015-01-01
1805,80,1,코코아 가루(설탕이나 그 밖의 감미료를 첨가한 것은 제외한다),,0,
1805000000,80,2,코코아 가루(설탕이나 그 밖의 감미료를 첨가한 것은 제외한다),,1,2022-01-01
1806,80,1,초콜릿과 코코아를 함유한 그 밖의 조제 식료품,,0,
1806100000,80,2,코코아 가루(설탕이나 그 밖의 감미료를 첨가한 것으로 한정한다),,1,2022-01-01
180620,80,2,그 밖의 조제 식료품[무게가 2킬로그램을 초과하는 것으로서 블록 모양ㆍ슬래브 모양ㆍ막대(bar) 모양인 것과 용기에 들어 있거나 내용물에 직접 접하여 포장된 것으로서 내용물의 무게가 2킬로그램을 초과하는 액체ㆍ페이스트(paste)ㆍ가루ㆍ알갱이나 그 밖의 벌크 상태인 것으로 한정한다],,0,
1806201000,80,3,초콜릿과 초콜릿 과자,,1,2022-01-01
18062090,80,3,기타,,0,
1806209010,80,4,코코아 조제품(밀크분의 함유량이 전 중량의 100분의 50 이상의 것으로 한정한다),,1,2013-01-01
1806209090,80,4,기타,,1,2002-01-01
18063,80,2,기타[블록 모양ㆍ슬래브 모양ㆍ막대(bar) 모양의 것으로 한정한다],,0,
180631,80,3,다른 것으로 속을 채운 것,,0,
1806311000,80,4,초콜릿과 초콜릿 과자,,1,2022-01-01
1806319000,80,4,기타,,1,2002-01-01
180632,80,3,속을 채우지 않은 것,,0,
1806321000,80,4,초콜릿과 초콜릿 과자,,1,2022-01-01
1806329000,80,4,기타,,1,2002-01-01
180690,80,2,기타,,0,
1806901000,80,3,초콜릿과 초콜릿 과자,,1,2022-01-01
1806902,80,3,"맥아 추출물(extract)과 고운 가루ㆍ부순 알곡ㆍ거친 가루ㆍ전분이나 맥아 추출물(extract)의 조제 식료품[코코아 가루를 함유한 것으로서 완전히 탈지(脫脂)한 상태에서 측정한 코코아의 함유량이 전 중량의 100분의 50 미만이고 전 중량의 100분의 40 이상인 물품으로 따로 분류되지 않은 것으로 한정한다], 제0401호부터 제0404호까지에 해당하는 물품의 조제 식료품[코코아 가루를 함유한 것으로서 완전히 탈지(脫脂)한 상태에서 측정한 코코아의 함유량이 전 중량의 100분의 10 미만이고 전 중량의 100분의 5 이상인 물품으로 따로 분류되지 않은 것으로 한정한다]",,0,
18069021,80,4,영유아ㆍ어린이용 조제식료품(소매용으로 한정한다),,0,
180690211,80,5,제0401호부터 제0404호까지에 해당하는 물품의 조제 식료품,,0,
1806902111,80,6,조제 분유,,1,2017-01-01
1806902119,80,6,기타,,1,2002-01-01
180690219,80,5,기타,,0,
1806902191,80,6,오트밀의 것,,1,2013-01-01
1806902199,80,6,기타,,1,2002-01-01
18069022,80,4,제1905호의 베이커리 제품 제조용 혼합물과 가루반죽,,0,
1806902210,80,5,보릿가루의 것,,1,2013-01-01
1806902290,80,5,기타,,1,2002-01-01
18069029,80,4,기타,,0,
1806902910,80,5,맥아 추출물(extract)의 것,,1,2017-01-01
1806902920,80,5,제0401호부터 제0404호까지에 해당하는 물품의 조제 식료품,,1,2017-01-01
180690299,80,5,기타,,0,
1806902991,80,6,오트밀의 것,,1,2002-01-01
1806902992,80,6,보릿가루의 것,,1,2013-01-01
1806902999,80,6,기타,,1,2002-01-01
18069030,80,3,곡물이나 곡물 가공품을 팽창시키거나 볶아서 얻은 조제 식료품[예: 콘 플레이크(corn flake)]과 사전조리나 그 밖의 방법으로 조제한 낟알 모양인 곡물의 것(옥수수는 제외한다),,0,
1806903010,80,4,곡물이나 곡물 가공품을 팽창시키거나 볶아서 얻은 조제 식료품,,1,2017-01-01
180690309,80,4,기타,,0,
1806903091,80,5,낱알 모양의 쌀,,1,2022-01-01
1806903099,80,5,기타,,1,2002-01-01
18069090,80,3,기타,,0,
1806909010,80,4,코코아 조제품(밀크분의 함유량이 100분의 50 이상의 것),,1,2012-01-01
1806909090,80,4,기타,,1,2002-01-01
19,80,0,제19류 곡물ㆍ고운 가루ㆍ전분ㆍ밀크의 조제품과 베이커리 제품,,0,
1901,80,1,"맥아 추출물(extract)과 고운 가루ㆍ부순 알곡ㆍ거친 가루ㆍ전분이나 맥아 추출물(extract)의 조제 식료품[코코아를 함유하지 않은 것이나 완전히 탈지(脫脂)한 상태에서 측정한 코코아의 함유량이 전 중량의 100분의 40 미만인 것으로 따로 분류되지 않은 것으로 한정한다], 제0401호부터 제0404호까지에 해당하는 물품의 조제 식료품[코코아를 함유하지 않은 것이나 완전히 탈지(脫脂)한 상태에서 측정한 코코아의 함유량이 전 중량의 100분의 5 미만인 것으로 따로 분류되지 않은 것으로 한정한다]",,0,
190110,80,2,영유아ㆍ어린이용 조제 식료품(소매용으로 한정한다),,0,
19011010,80,3,제0401호부터 제0404호까지에 해당하는 물품의 조제 식료품,,0,
1901101010,80,4,조제 분유,,1,2013-01-01
1901101090,80,4,기타,,1,2002-01-01
19011090,80,3,기타,,0,
1901109010,80,4,오트밀의 것,,1,2002-01-01
1901109090,80,4,기타,,1,2002-01-01
190120,80,2,제1905호의 베이커리제품 제조용 혼합물과 가루반죽,,0,
1901201000,80,3,쌀가루의 것,,1,2002-01-01
1901202000,80,3,보릿가루의 것,,1,2013-01-01
1901209000,80,3,기타,,1,2002-01-01
190190,80,2,기타,,0,
1901901000,80,3,맥아 추출물(extract),,1,2013-01-01
19019020,80,3,제0401호부터 제0404호까지에 해당하는 물품의 조제 식료품,,0,
1901902010,80,4,지방분이 전 중량의 100분의 30 이하인 것,,1,2013-01-01
1901902020,80,4,지방분이 전 중량의 100분의 30을 초과하는 것,,1,2013-01-01
19019090,80,3,기타,,0,
1901909010,80,4,오트밀,,1,2002-01-01
190190909,80,4,기타,,0,
1901909091,80,5,쌀가루의 것,,1,2002-01-01
1901909092,80,5,보릿가루의 것,,1,2013-01-01
1901909099,80,5,기타,,1,2002-01-01
1902,80,1,파스타[조리한 것인지 또는 육(肉)이나 그 밖의 물품으로 속을 채운 것인지에 상관없으며 스파게티ㆍ마카로니ㆍ누들ㆍ라자니아(lasagne)ㆍ뇨키(gnocchi)ㆍ라비올리(ravioli)ㆍ카넬로니(cannelloni) 등과 같이 그 밖의 방법으로 조제한 것을 포함한다]와 쿠스쿠스(couscous)(조제한 것인지에 상관없다),,0,
19021,80,2,조리하지 않은 파스타(속을 채우지 않았거나 그 밖의 방법으로 조제하지 않은 것으로 한정한다),,0,
190211,80,3,새의 알을 넣은 것,,0,
1902111000,80,4,스파게티,,1,2002-01-01
1902112000,80,4,마카로니,,1,2002-01-01
1902119000,80,4,기타,,1,2002-01-01
190219,80,3,기타,,0,
1902191000,80,4,국수,,1,2002-01-01
1902192000,80,4,당면,,1,2002-01-01
1902193000,80,4,냉면,,1,2002-01-01
1902199000,80,4,기타,,1,2002-01-01
1902200000,80,2,속을 채운 파스타(조리한 것인지 또는 그 밖의 방법으로 조제한 것인지에 상관없다),,1,2013-01-01
190230,80,2,그 밖의 파스타,,0,
19023010,80,3,인스탄트 면류,,0,
1902301010,80,4,라면,,1,2002-01-01
1902301090,80,4,기타,,1,2002-01-01
1902309000,80,3,기타,,1,2002-01-01
1902400000,80,2,쿠스쿠스(couscous),,1,2013-01-01
1903,80,1,타피오카와 전분으로 조제한 타피오카 대용물[플레이크(flake) 모양ㆍ낱알 모양ㆍ진주 모양ㆍ무거리 모양ㆍ그 밖에 이와 유사한 모양의 것으로 한정한다],,0,
190300,80,2,타피오카와 전분으로 조제한 타피오카 대용물[플레이크(flake) 모양ㆍ낱알 모양ㆍ진주 모양ㆍ무거리 모양ㆍ그 밖에 이와 유사한 모양의 것으로 한정한다],,0,
1903001000,80,3,타피오카,,1,2002-01-01
1903009000,80,3,기타,,1,2002-01-01
1904,80,1,곡물이나 곡물 가공품을 팽창시키거나 볶아서 얻은 조제 식료품[예: 콘 플레이크(corn flake)]과 낱알 모양이나 플레이크(flake) 모양이나 그 밖의 가공한 곡물(옥수수는 제외하며 고운 가루ㆍ부순 알곡ㆍ거친 가루는 제외하고 사전조리나 그 밖의 방법으로 조제한 것으로서 따로 분류되지 않은 것으로 한정한다),,0,
190410,80,2,곡물이나 곡물가공품을 팽창시키거나 볶아서 얻은 조제 식료품,,0,
1904101000,80,3,콘 플레이크(corn flake),,1,2013-01-01
1904102000,80,3,콘 칩,,1,2002-01-01
1904103000,80,3,튀긴 쌀,,1,2013-01-01
1904109000,80,3,기타,,1,2002-01-01
190420,80,2,볶지 않은 곡물 플레이크(flake)의 조제 식료품ㆍ볶지 않은 곡물 플레이크(flake)와 볶은 곡물 플레이크(flake)나 팽창된 곡물의 혼합물로 만든 조제 식료품,,0,
1904201000,80,3,무슬리(Musli) 형태의 조제 식료품,,1,2013-01-01
1904209000,80,3,기타,,1,2002-01-01
1904300000,80,2,불거 밀(bulgur wheat),,1,2013-01-01
190490,80,2,기타,,0,
19049010,80,3,코코아를 함유하지 않은 낟알 모양의 쌀,,0,
1904901010,80,4,찌거나 삶은 쌀,,1,2007-01-01
1904901090,80,4,기타,,1,2007-01-01
1904909000,80,3,기타,,1,2002-01-01
1905,80,1,"빵ㆍ파이ㆍ케이크ㆍ비스킷과 그 밖의 베이커리 제품(코코아를 함유하였는지에 상관없다), 성찬용 웨이퍼ㆍ제약용에 적합한 빈 캡슐ㆍ실링웨이퍼(sealing wafer)ㆍ라이스페이퍼(rice paper)와 그 밖에 이와 유사한 물품",,0,
1905100000,80,2,귀리빵,,1,2002-01-01
1905200000,80,2,생강과자(gingerbread)와 그 밖에 이와 유사한 것,,1,2013-01-01
19053,80,2,"스위트 비스킷, 와플, 웨이퍼",,0,
1905310000,80,3,스위트 비스킷,,1,2002-01-01
1905320000,80,3,와플과 웨이퍼,,1,2002-01-01
1905400000,80,2,러스크(rusk)ㆍ토스트 빵과 그 밖에 이와 유사한 토스트 물품,,1,2013-01-01
190590,80,2,기타,,0,
19059010,80,3,베이커리 제품,,0,
1905901010,80,4,빵,,1,2012-01-01
1905901020,80,4,건빵,,1,2022-01-01
1905901030,80,4,페이스트리와 케이크,,1,2022-01-01
1905901040,80,4,"비스킷, 쿠키와 크래커",,1,2013-01-01
1905901050,80,4,쌀과자,,1,2022-01-01
1905901090,80,4,기타,,1,2002-01-01
19059090,80,3,기타,,0,
1905909010,80,4,제약용에 적합한 빈 캡슐,,1,2002-01-01
1905909020,80,4,라이스 페이퍼,,1,2002-01-01
1905909090,80,4,기타,,1,2002-01-01
20,80,0,제20류 채소ㆍ과실ㆍ견과류나 식물의그 밖의 부분의 조제품,,0,
2001,80,1,식초나 초산으로 조제하거나 보존처리한 채소ㆍ과실ㆍ견과류와 그 밖의 식용에 적합한 식물의 부분,,0,
2001100000,80,2,오이류,,1,2002-01-01
200190,80,2,기타,,0,
2001901000,80,3,과실과 견과류,,1,2002-01-01
20019090,80,3,기타,,0,
2001909010,80,4,쪽파,,1,2022-01-01
2001909020,80,4,토마토,,1,2002-01-01
2001909030,80,4,꽃양배추,,1,2002-01-01
2001909040,80,4,스위트콘,,1,2002-01-01
2001909050,80,4,염교(rakkyo),,1,2013-01-01
2001909060,80,4,마늘,,1,2002-01-01
2001909070,80,4,양파,,1,2002-01-01
2001909090,80,4,기타,,1,2002-01-01
2002,80,1,조제하거나 보존처리한 토마토(식초나 초산으로 처리한 것은 제외한다),,0,
2002100000,80,2,토마토의 전체나 조각,,1,2013-01-01
200290,80,2,기타,,0,
2002901000,80,3,토마토 페이스트(paste)(브릭스(brix) 값이 100분의 24 이상인 것으로 한정한다),,1,2022-01-01
2002909000,80,3,기타,,1,2002-01-01
2003,80,1,조제하거나 보존처리한 버섯과 송로(松露)(식초나 초산으로 처리한 것은 제외한다),,0,
200310,80,2,아가리쿠스(Agaricus)속의 버섯,,0,
2003104000,80,3,양송이 버섯,,1,2002-01-01
2003109000,80,3,기타,,1,2002-01-01
200390,80,2,기타,,0,
2003901000,80,3,표고버섯,,1,2002-01-01
2003902000,80,3,송이버섯,,1,2002-01-01
2003903000,80,3,송로(松露),,1,2013-01-01
2003909000,80,3,기타,,1,2002-01-01
2004,80,1,"조제하거나 보존처리한 그 밖의 채소(식초나 초산으로 처리한 것은 제외하고, 냉동한 것으로 한정하며, 제2006호의 물품은 제외한다)",,0,
2004100000,80,2,감자,,1,2002-01-01
200490,80,2,그 밖의 채소와 채소의 혼합물,,0,
2004901000,80,3,스위트콘,,1,2002-01-01
2004909000,80,3,기타,,1,2014-01-01
2005,80,1,"조제하거나 보존처리한 그 밖의 채소(식초나 초산으로 처리한 것은 제외하고, 냉동하지 않은 것으로 한정하며, 제2006호의 물품은 제외한다)",,0,
200510,80,2,균질화한 채소,,0,
2005101000,80,3,유아용 퓨레콘(pureed corn),,1,2013-01-01
2005109000,80,3,기타,,1,2002-01-01
200520,80,2,감자,,0,
2005201000,80,3,플레이크로 만든 감자크로켓,,1,2002-01-01
2005209000,80,3,기타,,1,2002-01-01
2005400000,80,2,완두[피섬 새티범(Pisum sativum)],,1,2013-01-01
20055,80,2,콩[비그나(Vigna)속ㆍ파세러스(Phaseolus)속],,0,
200551,80,3,꼬투리를 벗긴 콩,,0,
2005511000,80,4,녹두,,1,2013-01-01
2005512000,80,4,팥,,1,2013-01-01
2005519000,80,4,기타,,1,2002-01-01
200559,80,3,기타,,0,
2005591000,80,4,녹두,,1,2013-01-01
2005592000,80,4,팥,,1,2013-01-01
2005599000,80,4,기타,,1,2002-01-01
2005600000,80,2,아스파라거스(asparagus),,1,2013-01-01
2005700000,80,2,올리브,,1,2002-01-01
2005800000,80,2,스위트콘[자메이스 변종 사카라타(Zea mays var. saccharata)],,1,2013-01-01
20059,80,2,그 밖의 채소와 채소의 혼합물,,0,
2005910000,80,3,죽순,,1,2007-01-01
200599,80,3,기타,,0,
2005991000,80,4,김치,,1,2007-01-01
2005992000,80,4,사우어크라우트(sauerkraut),,1,2013-01-01
2005994000,80,4,고려엉겅퀴(곤드레),,1,2017-01-01
2005999000,80,4,기타,,1,2007-01-01
2006,80,1,"설탕으로 보존처리한 채소ㆍ과실ㆍ견과류ㆍ과피와 식물의 그 밖의 부분[드레인한(drained) 것, 설탕을 입히거나 설탕에 절인 것]",,0,
200600,80,2,"설탕으로 보존처리한 채소ㆍ과실ㆍ견과류ㆍ과피와 식물의 그 밖의 부분[드레인한(drained) 것, 설탕을 입히거나 설탕에 절인 것]",,0,
2006001000,80,3,마롱 글라세(marrons glacés),,1,2022-01-01
2006002000,80,3,파인애플,,1,2002-01-01
2006003000,80,3,생강,,1,2002-01-01
2006004000,80,3,연근,,1,2022-01-01
2006005000,80,3,완두[피섬 새티범(Pisum sativum)],,1,2013-01-01
20060060,80,3,콩[비그나(Vigna)종ㆍ파세러스(Phaseolus)종],,0,
2006006010,80,4,꼬투리를 벗긴 콩,,1,2022-01-01
2006006090,80,4,기타,,1,2002-01-01
2006007000,80,3,아스파라거스(asparagus),,1,2013-01-01
2006008000,80,3,올리브,,1,2002-01-01
20060090,80,3,기타,,0,
2006009010,80,4,스위트콘[자메이스 변종 사카라타(Zea mays var. saccharata)],,1,2013-01-01
2006009020,80,4,죽순,,1,2002-01-01
2006009030,80,4,그 밖의 채소,,1,2013-01-01
2006009090,80,4,기타,,1,2002-01-01
2007,80,1,"잼ㆍ과실젤리ㆍ마멀레이드(marmalade)ㆍ과실이나 견과류의 퓨레(purée)ㆍ과실이나 견과류의 페이스트(paste)(조리해서 얻은 것으로 한정하며, 설탕이나 그 밖의 감미료를 첨가했는지에 상관없다)",,0,
2007100000,80,2,균질화한 조제품,,1,2002-01-01
20079,80,2,기타,,0,
200791,80,3,감귤류의 과실,,0,
2007911000,80,4,잼ㆍ과실젤리와 마멀레이드(marmalade),,1,2015-01-01
2007919000,80,4,기타,,1,2002-01-01
200799,80,3,기타,,0,
2007991000,80,4,잼ㆍ과실젤리와 마멀레이드(marmalade),,1,2015-01-01
2007999000,80,4,기타,,1,2002-01-01
2008,80,1,그 밖의 방법으로 조제하거나 보존처리한 과실ㆍ견과류와 그 밖의 식용에 적합한 식물의 부분(설탕이나 그 밖의 감미료나 주정을 첨가했는지에 상관없으며 따로 분류되지 않은 것으로 한정한다),,0,
20081,80,2,견과류ㆍ땅콩과 그 밖의 씨류(서로 혼합된 것인지에 상관없다),,0,
200811,80,3,땅콩,,0,
2008111000,80,4,피넛 버터,,1,2002-01-01
2008119000,80,4,기타,,1,2002-01-01
200819,80,3,기타(혼합물을 포함한다),,0,
2008191000,80,4,밤,,1,2002-01-01
2008192000,80,4,코코넛,,1,2002-01-01
2008193000,80,4,볶은 참깨가루,,1,2022-01-01
2008199000,80,4,기타,,1,2002-01-01
2008200000,80,2,파인애플,,1,2002-01-01
200830,80,2,감귤류 과실,,0,
2008301000,80,3,유자,,1,2007-01-01
2008309000,80,3,기타,,1,2007-01-01
2008400000,80,2,배,,1,2002-01-01
2008500000,80,2,살구,,1,2002-01-01
2008600000,80,2,체리,,1,2013-01-01
200870,80,2,복숭아[넥터린(nectarine)을 포함한다],,0,
2008701000,80,3,설탕을 첨가하여 밀폐용기에 넣은 것,,1,2022-01-01
2008709000,80,3,기타,,1,2002-01-01
2008800000,80,2,초본류 딸기,,1,2012-01-01
20089,80,2,"기타(혼합물을 포함하되, 소호 제2008.19호의 혼합물은 제외한다)",,0,
2008910000,80,3,팜 하트(palm heart),,1,2013-01-01
2008930000,80,3,"크랜베리(cranberry)[바치니움 매크로카르폰(Vaccinium macrocarpon)ㆍ바치니움 옥시코코스(Vaccinium oxycoccos), 링곤베리(lingonberry)[바치니움 비티스-이다에아(Vaccinium vitis-idaea)]",,1,2022-01-01
200897,80,3,혼합물,,0,
20089710,80,4,과실 칵테일,,0,
2008971010,80,5,설탕을 첨가한 밀폐용기에 넣은 것,,1,2012-01-01
2008971090,80,5,기타,,1,2012-01-01
2008972000,80,4,과실 샐러드,,1,2012-01-01
2008979000,80,4,기타,,1,2012-01-01
200899,80,3,기타,,0,
2008991000,80,4,포도,,1,2002-01-01
2008992000,80,4,사과,,1,2002-01-01
2008993000,80,4,팝콘,,1,2002-01-01
2008994000,80,4,소금에 절인 초피,,1,2013-01-01
20089950,80,4,조제한 식용 해초류,,0,
2008995010,80,5,김,,1,2019-10-01
2008995090,80,5,기타,,1,2019-10-01
2008999000,80,4,기타,,1,2002-01-01
2009,80,1,과실·견과류 주스(포도즙과 코코넛 워터를 포함한다)·채소 주스[발효하지 않고 주정을 함유하지 않은 것(설탕이나 그 밖의 감미료를 첨가했는지에 상관없다)],,0,
20091,80,2,오렌지주스,,0,
2009110000,80,3,냉동한 것,,1,2002-01-01
2009120000,80,3,냉동하지 않은 것으로서 브릭스(Brix) 값이 20 이하인 것,,1,2022-01-01
2009190000,80,3,기타,,1,2002-01-01
20092,80,2,"그레이프프루트(grapefruit), 포멜로(pomelo) 주스",,0,
2009210000,80,3,브릭스(Brix) 값이 20 이하인 것,,1,2022-01-01
2009290000,80,3,기타,,1,2002-01-01
20093,80,2,그 밖의 한 가지 감귤류로 된 주스,,0,
200931,80,3,브릭스(Brix) 값이 20 이하인 것,,0,
2009311000,80,4,레몬주스,,1,2012-01-01
2009312000,80,4,라임주스,,1,2012-01-01
2009319000,80,4,기타,,1,2002-01-01
200939,80,3,기타,,0,
2009391000,80,4,레몬주스,,1,2012-01-01
2009392000,80,4,라임주스,,1,2012-01-01
2009399000,80,4,기타,,1,2002-01-01
20094,80,2,파인애플주스,,0,
2009410000,80,3,브릭스(Brix) 값이 20 이하인 것,,1,2022-01-01
2009490000,80,3,기타,,1,2002-01-01
2009500000,80,2,토마토주스,,1,2012-01-01
20096,80,2,포도주스(포도즙을 포함한다),,0,
2009610000,80,3,브릭스(Brix) 값이 30 이하인 것,,1,2022-01-01
2009690000,80,3,기타,,1,2002-01-01
20097,80,2,사과주스,,0,
2009710000,80,3,브릭스(Brix) 값이 20 이하인 것,,1,2022-01-01
2009790000,80,3,기타,,1,2002-01-01
20098,80,2,그 밖에 한 가지 과실ㆍ견과류ㆍ채소 주스,,0,
2009810000,80,3,"크랜베리(cranberry)[바치니움 매크로카르폰(Vaccinium macrocarpon)ㆍ바치니움 옥시코코스(Vaccinium oxycoccos)] 주스, 링곤베리(lingonberry)[바치니움 비티스-이다에아(Vaccinium vitis-idaea)] 주스",,1,2022-01-01
200989,80,3,기타,,0,
20098910,80,4,크랜베리(cranberry)[바치니움 매크로카르폰(Vaccinium macrocarpon)ㆍ바치니움 옥시코코스(Vaccinium oxycoccos)ㆍ바치니움 비티스-이다에아(Vaccinium vitis-idaea)] 이외의 과실주스,,0,
2009891010,80,5,복숭아주스,,1,2012-01-01
2009891020,80,5,딸기주스,,1,2012-01-01
2009891030,80,5,코코넛 주스(코코넛 워터를 포함한다),,1,2022-01-01
2009891090,80,5,기타,,1,2012-01-01
2009892000,80,4,채소 주스,,1,2013-01-01
200990,80,2,혼합 주스,,0,
20099010,80,3,과실로 만든 것,,0,
2009901010,80,4,오렌지주스를 주요 재료로 만든 것,,1,2013-01-01
2009901020,80,4,사과주스를 주요 재료로 만든 것,,1,2013-01-01
2009901030,80,4,포도주스를 주요 재료로 만든 것,,1,2013-01-01
2009901090,80,4,기타,,1,2002-01-01
2009902000,80,3,채소로 만든 것,,1,2013-01-01
2009909000,80,3,기타,,1,2002-01-01
21,80,0,제21류 각종 조제 식료품,,0,
2101,80,1,"커피ㆍ차ㆍ마테(maté)의 추출물(extract)ㆍ에센스(essence)ㆍ농축물과 이것들을 기본 재료로 한 조제품, 커피ㆍ차ㆍ마테(maté)를 기본 재료로 한 조제품, 볶은 치커리(chicory)ㆍ그 밖의 볶은 커피 대용물과 이들의 추출물(extract)ㆍ에센스(essence)ㆍ농축물",,0,
21011,80,2,"커피의 추출물(extract)ㆍ에센스(essence)ㆍ농축물, 이들을 기본 재료로 한 조제품, 커피를 기본 재료로 한 조제품",,0,
210111,80,3,추출물(extract)ㆍ에센스(essence)ㆍ농축물,,0,
2101111000,80,4,인스턴트 커피,,1,2008-01-01
2101119000,80,4,기타,,1,2008-01-01
210112,80,3,추출물(extract)ㆍ에센스(essence)ㆍ농축물을 기본 재료로 하거나 커피를 기본 재료로 한 조제품,,0,
2101121000,80,4,인스턴트 커피의 조제품,,1,2012-01-01
21011290,80,4,기타,,0,
2101129010,80,5,밀크ㆍ크림 또는 이들의 대용물을 함유한 것,,1,2002-01-01
2101129090,80,5,기타,,1,2002-01-01
210120,80,2,"차나 마테(maté)의 추출물(extract)ㆍ에센스(essence)ㆍ농축물, 이들을 기본 재료로 한 조제품, 차나 마테(maté)를 기본 재료로 한 조제품",,0,
2101201000,80,3,설탕ㆍ레몬이나 이들의 대용물을 함유한 것,,1,2013-01-01
21012090,80,3,기타,,0,
210120901,80,4,곡물을 함유한 것,,0,
2101209011,80,5,티백 포장의 것,,1,2008-01-01
2101209019,80,5,기타,,1,2008-01-01
2101209090,80,4,기타,,1,2008-01-01
210130,80,2,볶은 치커리(chicory)ㆍ그 밖의 볶은 커피 대용물과 이들의 추출물(extract)ㆍ에센스(essence)ㆍ농축물,,0,
2101301000,80,3,보리의 것,,1,2002-01-01
2101309000,80,3,기타,,1,2002-01-01
2102,80,1,"효모(활성이거나 불활성인 것), 그 밖의 단세포 미생물(죽은 것으로 한정하며, 제3002호의 백신은 제외한다)과 조제한 베이킹 파우더",,0,
210210,80,2,활성 효모,,0,
2102101000,80,3,양조효모,,1,2002-01-01
2102102000,80,3,증류효모,,1,2002-01-01
2102103000,80,3,제빵효모,,1,2002-01-01
2102104000,80,3,배양효모,,1,2002-01-01
2102109000,80,3,기타,,1,2002-01-01
210220,80,2,불활성 효모와 그 밖의 죽은 단세포 미생물,,0,
2102201000,80,3,불활성 효모,,1,2002-01-01
2102202000,80,3,누룩,,1,2002-01-01
21022030,80,3,클로렐라,,0,
2102203010,80,4,태블릿(tablet) 모양의 것,,1,2022-01-01
2102203090,80,4,기타,,1,2002-01-01
21022040,80,3,스피루리나(spirulina),,0,
2102204010,80,4,태블릿(tablet) 모양의 것,,1,2022-01-01
2102204090,80,4,기타,,1,2002-01-01
2102209000,80,3,기타,,1,2002-01-01
2102300000,80,2,조제한 베이킹 파우더,,1,2002-01-01
2103,80,1,"소스와 소스용 조제품, 혼합조미료, 겨자의 고운 가루ㆍ거친 가루와 조제한 겨자",,0,
2103100000,80,2,간장,,1,2002-01-01
210320,80,2,토마토 케첩과 그 밖의 토마토 소스,,0,
2103201000,80,3,토마토 케첩,,1,2017-01-01
2103202000,80,3,그 밖의 토마토 소스,,1,2022-01-01
210330,80,2,겨자의 고운 가루ㆍ거친 가루와 조제한 겨자,,0,
2103301000,80,3,겨자의 고운 가루ㆍ거친 가루,,1,2013-01-01
2103302000,80,3,조제한 겨자,,1,2002-01-01
210390,80,2,기타,,0,
21039010,80,3,장류,,0,
2103901010,80,4,된장,,1,2002-01-01
2103901020,80,4,춘장,,1,2002-01-01
2103901030,80,4,고추장,,1,2008-01-01
2103901090,80,4,기타,,1,2002-01-01
21039090,80,3,기타,,0,
2103909010,80,4,마요네스,,1,2002-01-01
2103909020,80,4,인스턴트 카레,,1,2013-01-01
2103909030,80,4,혼합조미료,,1,2002-01-01
2103909040,80,4,메주,,1,2022-01-01
2103909050,80,4,고추다진양념,,1,2025-01-01
2103909090,80,4,기타,,1,2002-01-01
2104,80,1,"수프ㆍ브로드(broth)와 수프ㆍ브로드(broth)용 조제품, 균질화한 혼합 조제 식료품",,0,
210410,80,2,수프ㆍ브로드(broth)와 수프ㆍ브로드(broth)용 조제품,,0,
2104101000,80,3,육류로 만든 것,,1,2013-01-01
2104102000,80,3,어류로 만든 것,,1,2013-01-01
2104103000,80,3,채소로 만든 것,,1,2015-01-01
2104109000,80,3,기타,,1,2002-01-01
2104200000,80,2,균질화한 혼합 조제 식료품,,1,2013-01-01
2105,80,1,아이스크림과 그 밖의 빙과류(코코아를 함유했는지에 상관없다),,0,
210500,80,2,아이스크림과 그 밖의 빙과류(코코아를 함유했는지에 상관없다),,0,
21050010,80,3,아이스크림,,0,
2105001010,80,4,코코아를 함유하지 않은 것,,1,2013-01-01
2105001090,80,4,기타,,1,2002-01-01
21050090,80,3,그 밖의 빙과류,,0,
2105009010,80,4,코코아를 함유하지 않은 것,,1,2013-01-01
2105009090,80,4,기타,,1,2002-01-01
2106,80,1,따로 분류되지 않은 조제 식료품,,0,
210610,80,2,단백질 농축물과 텍스처화한(textured) 단백질계 물질,,0,
2106101000,80,3,두부,,1,2002-01-01
21061090,80,3,기타,,0,
2106109020,80,4,단백질 농축물,,1,2009-01-01
2106109030,80,4,텍스처화한(textured) 단백질계 물질,,1,2014-01-01
210690,80,2,기타,,0,
21069010,80,3,알코올을 함유하지 않은 음료의 베이스,,0,
2106901010,80,4,콜라 베이스,,1,2002-01-01
2106901020,80,4,과일향의 음료베이스,,1,2002-01-01
2106901090,80,4,기타,,1,2002-01-01
2106902000,80,3,당시럽[향미제(香味劑)나 착색제를 첨가한 것으로 한정한다],,1,2013-01-01
21069030,80,3,인삼제품류,,0,
210690301,80,4,백삼제품류,,0,
2106903011,80,5,인삼차,,1,2002-01-01
2106903019,80,5,기타,,1,2002-01-01
210690302,80,4,홍삼제품류,,0,
2106903021,80,5,홍삼차,,1,2002-01-01
2106903029,80,5,기타,,1,2002-01-01
21069090,80,3,기타,,0,
2106909010,80,4,커피크리머,,1,2012-01-01
210690902,80,4,버터를 기본 재료로 한 조제품,,0,
2106909021,80,5,버터 함량이 전 중량의 100분의 30 이하인 것,,1,2013-01-01
2106909022,80,5,버터 함량이 전 중량의 100분의 30 초과 100분의 70 이하인 것,,1,2017-01-01
2106909023,80,5,버터 함량이 전 중량의 100분의 70을 초과하는 것,,1,2013-01-01
2106909030,80,4,아이스크림 제조용 조제품,,1,2002-01-01
2106909040,80,4,자기소화효모(autolyzed yeast)와 그 밖의 효모 추출물(extract),,1,2013-01-01
2106909050,80,4,향미(香味)용 조제품,,1,2013-01-01
2106909060,80,4,도토리 가루,,1,2013-01-01
2106909070,80,4,알로에를 기본 재료로 한 조제품,,1,2013-01-01
2106909080,80,4,"음료 제조용 조제품[방향성(芳香性) 물질을 기본 재료로 한 것은 제외하며, 알코올 용량이 전 용량의 100분의 0.5를 초과하는 것으로 한정한다]",,1,2013-01-01
210690909,80,4,기타,,0,
2106909091,80,5,"로열젤리, 벌꿀조제품의 것",,1,2012-01-01
2106909099,80,5,기타,,1,2002-01-01
22,80,0,제22류 음료ㆍ주류ㆍ식초,,0,
2201,80,1,"물(천연이나 인조 광천수와 탄산수를 포함하며, 설탕이나 그 밖의 감미료 또는 맛이나 향을 첨가하지 않은 것으로 한정한다)과 얼음과 눈",,0,
2201100000,80,2,광천수와 탄산수,L,1,2013-01-01
220190,80,2,기타,,0,
2201901000,80,3,얼음과 눈,L,1,2002-01-01
2201909000,80,3,기타,L,1,2002-01-01
2202,80,1,설탕이나 그 밖의 감미료 또는 맛이나 향을 첨가한 물(광천수와 탄산수를 포함한다)과 그 밖의 알코올을 함유하지 않은 음료(제2009호의 과실ㆍ견과류 주스와 채소 주스는 제외한다),,0,
220210,80,2,설탕이나 그 밖의 감미료 또는 맛이나 향을 첨가한 물(광천수와 탄산수를 포함한다),,0,
2202101000,80,3,색깔을 입힌 것,L,1,2013-01-01
2202109000,80,3,기타,L,1,2002-01-01
22029,80,2,기타,,0,
2202910000,80,3,알코올을 함유하지 않은 맥주,L,1,2017-01-01
220299,80,3,기타,,0,
2202991000,80,4,인삼음료,L,1,2017-01-01
2202992000,80,4,과실주스 음료,L,1,2017-01-01
2202993000,80,4,식혜,L,1,2017-01-01
2202999000,80,4,기타,L,1,2017-01-01
2203,80,1,맥주,,0,
2203000000,80,2,맥주,L,1,2002-01-01
2204,80,1,"포도주(생포도로 제조한 것으로 한정하며, 알코올로 강화한 포도주를 포함한다)와 포도즙(제2009호의 것은 제외한다)",,0,
2204100000,80,2,발포성(發泡性) 포도주,L,1,2013-01-01
22042,80,2,그 밖의 포도주와 알코올 첨가에 따라 발효를 중지한 포도즙,,0,
220421,80,3,2리터 이하의 용기에 넣은 것,,0,
2204211000,80,4,붉은 포도주,L,1,2002-01-01
2204212000,80,4,흰 포도주,L,1,2002-01-01
2204219000,80,4,기타,L,1,2002-01-01
220422,80,3,2리터 초과 10리터 이하의 용기에 넣은 것,,0,
2204221000,80,4,붉은 포도주,L,1,2017-01-01
2204222000,80,4,흰 포도주,L,1,2017-01-01
2204229000,80,4,기타,L,1,2017-01-01
220429,80,3,기타,,0,
2204291000,80,4,붉은 포도주,L,1,2002-01-01
2204292000,80,4,흰 포도주,L,1,2002-01-01
2204299000,80,4,기타,L,1,2002-01-01
2204300000,80,2,그 밖의 포도즙,L,1,2013-01-01
2205,80,1,베르무트(vermouth)와 그 밖에 이와 유사한 포도주[생포도로 제조한 것으로서 식물이나 방향성(芳香性) 물질로 맛이나 향을 첨가한 것으로 한정한다],,0,
2205100000,80,2,2리터 이하의 용기에 넣은 것,L,1,2002-01-01
2205900000,80,2,기타,L,1,2002-01-01
2206,80,1,"그 밖의 발효주[예: 사과술ㆍ배술ㆍ미드(mead)ㆍ청주(saké)], 따로 분류되지 않은 발효주의 혼합물, 발효주와 알코올을 함유하지 않은 음료와의 혼합물",,0,
220600,80,2,"그 밖의 발효주[예: 사과술ㆍ배술ㆍ미드(mead)ㆍ청주(saké)], 따로 분류되지 않은 발효주의 혼합물, 발효주와 알코올을 함유하지 않은 음료와의 혼합물",,0,
22060010,80,3,과실 발효주,,0,
2206001010,80,4,사과술,L,1,2022-01-01
2206001020,80,4,배술,L,1,2002-01-01
2206001090,80,4,기타,L,1,2002-01-01
22060020,80,3,곡물 발효주,,0,
2206002010,80,4,청주,L,1,2022-01-01
2206002020,80,4,약주,L,1,2002-01-01
2206002030,80,4,탁주,L,1,2002-01-01
2206002090,80,4,기타,L,1,2002-01-01
22060090,80,3,기타,,0,
2206009010,80,4,"와인쿨러(제2009호나 제2202호의 물품을 첨가한 것으로 한정하며, 포도를 원료로 한 것을 포함한다)",L,1,2013-01-01
2206009090,80,4,기타,L,1,2002-01-01
2207,80,1,"변성하지 않은 에틸알코올(알코올의 용량이 전 용량의 100분의 80 이상인 것으로 한정한다), 변성 에틸알코올과 그 밖의 변성 주정(알코올의 용량은 상관없다)",,0,
220710,80,2,변성하지 않은 에틸알코올(알코올의 용량이 전 용량의 100분의 80 이상인 것으로 한정한다),,0,
2207101000,80,3,조주정(粗酒精),L,1,2013-01-01
22071090,80,3,기타,,0,
2207109010,80,4,주류 제조용 발효주정,L,1,2002-01-01
2207109090,80,4,기타,L,1,2002-01-01
2207200000,80,2,변성 에틸알코올과 그 밖의 변성 주정(알코올의 용량은 상관없다),L,1,2013-01-01
2208,80,1,"변성하지 않은 에틸알코올(알코올의 용량이 전 용량의 100분의 80 미만인 것으로 한정한다), 증류주ㆍ리큐르(liqueur)와 그 밖의 주정음료",,0,
220820,80,2,포도주나 포도즙을 짜낸 찌꺼기에서 얻은 증류주,,0,
2208201000,80,3,꼬냑,L,1,2002-01-01
2208209000,80,3,기타,L,1,2002-01-01
220830,80,2,위스키류,,0,
2208301000,80,3,스카치 위스키,L,1,2025-01-01
2208302000,80,3,버본 위스키,L,1,2002-01-01
2208303000,80,3,라이(rye) 위스키,L,1,2013-01-01
2208309000,80,3,기타,L,1,2002-01-01
2208400000,80,2,럼(rum)과 발효된 사탕수수제품을 증류하여 얻은 그 밖의 증류주,L,1,2013-01-01
2208500000,80,2,진(gin)과 제네바(geneva),L,1,2013-01-01
2208600000,80,2,보드카,L,1,2002-01-01
220870,80,2,리큐르(liqueur)류와 코디얼(cordial),,0,
2208701000,80,3,인삼주,L,1,2002-01-01
2208702000,80,3,오가피주,L,1,2002-01-01
2208709000,80,3,기타,L,1,2002-01-01
220890,80,2,기타,,0,
2208901000,80,3,브랜디류(소호 제2208.20호의 것은 제외한다),L,1,2013-01-01
2208904000,80,3,소주,L,1,2002-01-01
2208906000,80,3,고량주,L,1,2012-01-01
2208907000,80,3,데낄라,L,1,2002-01-01
2208909000,80,3,기타,L,1,2002-01-01
2209,80,1,식초와 초산으로 만든 식초 대용물,,0,
220900,80,2,식초와 초산으로 만든 식초 대용물,,0,
2209001000,80,3,양조식초,L,1,2002-01-01
2209009000,80,3,기타,L,1,2002-01-01
23,80,0,"제23류 식품 공업에서 생기는 잔재물과 웨이스트(waste), 조제 사료",,0,
2301,80,1,육ㆍ설육(屑肉)ㆍ어류ㆍ갑각류ㆍ연체동물이나 그 밖의 수생(水生) 무척추동물의 고운 가루ㆍ거친 가루ㆍ펠릿(pellet)(식용에 적합하지 않은 것으로 한정한다)과 수지박,,0,
230110,80,2,육이나 설육(屑肉)의 고운 가루ㆍ거친 가루ㆍ펠릿(pellet)과 수지박,,0,
2301101000,80,3,육이나 설육(屑肉)의 고운 가루ㆍ거친 가루ㆍ펠릿(pellet),,1,2013-01-01
2301102000,80,3,수지박(greaves),,1,2013-01-01
230120,80,2,어류ㆍ갑각류ㆍ연체동물이나 그 밖의 수생(水生) 무척추동물의 고운 가루ㆍ거친 가루ㆍ펠릿(pellet),,0,
2301201000,80,3,어류의 고운 가루ㆍ거친 가루ㆍ펠릿(pellet),,1,2013-01-01
2301209000,80,3,기타,,1,2002-01-01
2302,80,1,밀기울ㆍ쌀겨와 그 밖에 이와 유사한 박(residue)류[펠릿(pellet) 모양인지에 상관없으며 곡물ㆍ채두류(菜豆類)의 선별ㆍ제분이나 그 밖의 처리과정에서 생기는 것으로 한정한다],,0,
2302100000,80,2,옥수수에서 나온 것,,1,2013-01-01
2302300000,80,2,밀에서 나온 것,,1,2013-01-01
230240,80,2,그 밖의 곡물에서 나온 것,,0,
2302401000,80,3,쌀에서 나온 것,,1,2013-01-01
2302409000,80,3,기타,,1,2007-01-01
2302500000,80,2,채두류(菜豆類)에서 나온 것,,1,2013-01-01
2303,80,1,"전분박과 이와 유사한 박(residue)류, 비트펄프(beet-pulp), 버개스(bagasse)와 그 밖의 설탕을 제조할 때 생기는 웨이스트(waste), 양조하거나 증류할 때 생기는 박과 웨이스트[펠릿(pellet) 모양인지에 상관없다]",,0,
2303100000,80,2,전분박과 이와 유사한 박(residue)류,,1,2013-01-01
2303200000,80,2,"비트펄프(beet-pulp), 버개스(bagasse)와 그 밖의 설탕을 제조할 때 생기는 웨이스트(waste)",,1,2013-01-01
230330,80,2,양조하거나 증류할 때 생기는 박과 웨이스트(waste),,0,
2303301000,80,3,사료용,,1,2012-01-01
2303309000,80,3,기타,,1,2012-01-01
2304,80,1,대두유를 추출할 때 얻는 오일 케이크와 고체 형태의 유박[잘게 부순 것인지 또는 펠릿(pellet) 모양인지에 상관없다],,0,
2304000000,80,2,대두유를 추출할 때 얻는 오일 케이크와 고체 형태의 유박[잘게 부순 것인지 또는 펠릿(pellet) 모양인지에 상관없다],,1,2013-01-01
2305,80,1,땅콩기름을 추출할 때 얻는 오일 케이크와 고체 형태의 유박[잘게 부순 것인지 또는 펠릿(pellet) 모양인지에 상관없다],,0,
2305000000,80,2,땅콩기름을 추출할 때 얻는 오일 케이크와 고체 형태의 유박[잘게 부순 것인지 또는 펠릿(pellet) 모양인지에 상관없다],,1,2013-01-01
2306,80,1,오일 케이크와 그 밖의 고체 형태인 유박[잘게 부순 것인지 또는 펠릿(pellet) 모양인지에 상관없으며 제2304호나 제2305호의 것은 제외한 식물성ㆍ미생물성 지방이나 기름을 추출할 때 생기는 것으로 한정한다],,0,
2306100000,80,2,목화씨에서 나온 것,,1,2013-01-01
2306200000,80,2,아마씨에서 나온 것,,1,2013-01-01
2306300000,80,2,해바라기씨에서 나온 것,,1,2013-01-01
23064,80,2,"유채(rape, colza)씨에서 나온 것",,0,
2306410000,80,3,"저에루크산(low erucic acid) 유채(rape, colza)씨에서 나온 것",,1,2017-01-01
2306490000,80,3,기타,,1,2002-01-01
2306500000,80,2,야자나 코프라(copra)에서 나온 것,,1,2013-01-01
2306600000,80,2,팜 너트(palm nut)나 핵(核)에서 나온 것,,1,2013-01-01
230690,80,2,기타,,0,
2306901000,80,3,참깨에서 나온 것,,1,2013-01-01
2306902000,80,3,들깨에서 나온 것,,1,2013-01-01
2306903000,80,3,옥수수 씨눈에서 나온 것,,1,2013-01-01
2306909000,80,3,기타,,1,2002-01-01
2307,80,1,와인리스(wine lees)와 생주석(argol),,0,
2307000000,80,2,와인리스(wine lees)와 생주석(argol),,1,2014-01-01
2308,80,1,사료용 식물성 물질ㆍ식물성 웨이스트(waste)ㆍ식물성 박(residue)류와 부산물[펠릿(pellet) 모양인지에 상관없으며 따로 분류되지 않은 것으로 한정한다],,0,
230800,80,2,사료용 식물성 물질ㆍ식물성 웨이스트(waste)ㆍ식물성 박(residue)류와 부산물[펠릿(pellet) 모양인지에 상관없으며 따로 분류되지 않은 것으로 한정한다],,0,
2308001000,80,3,도토리,,1,2002-01-01
2308002000,80,3,마로니에 열매,,1,2002-01-01
2308003000,80,3,목화씨 껍질,,1,2013-01-01
2308009000,80,3,기타,,1,2002-01-01
2309,80,1,사료용 조제품,,0,
230910,80,2,개나 고양이용 사료(소매용으로 한정한다),,0,
2309101000,80,3,개사료,,1,2009-01-01
2309102000,80,3,고양이 사료,,1,2009-01-01
230990,80,2,기타,,0,
23099010,80,3,「사료관리법」에 따른 배합사료,,0,
2309901010,80,4,양돈용,,1,2013-01-01
2309901020,80,4,양계용,,1,2013-01-01
2309901030,80,4,어류용,,1,2013-01-01
2309901040,80,4,축우용,,1,2013-01-01
230990109,80,4,기타,,0,
2309901091,80,5,대용유(代用乳),,1,2013-01-01
2309901099,80,5,기타,,1,2002-01-01
23099020,80,3,「사료관리법」에 따른 보조사료,,0,
2309902010,80,4,무기물 혹은 광물질(mineral)을 주로 한 것(미량 광물질을 주로 한 것은 제외한다),,1,2013-01-01
2309902020,80,4,향미제(香味劑)를 주로 한 것,,1,2013-01-01
2309902030,80,4,비타민을 주로 한 것,,1,2025-01-01
230990209,80,4,기타,,0,
2309902099,80,5,기타,,1,2002-01-01
23099030,80,3,「동물용 의약품등 취급규칙」에 따른 사료첨가제,,0,
2309903010,80,4,항생물질을 주로 한 것,,1,2002-01-01
2309903020,80,4,비타민을 주로 한 것,,1,2002-01-01
2309903030,80,4,미량 광물질(mineral)을 주로 한 것,,1,2013-01-01
2309903090,80,4,기타,,1,2002-01-01
23099090,80,3,기타,,0,
2309909010,80,4,낚시용 떡밥,,1,2014-01-01
2309909090,80,4,기타,,1,2014-01-01
24,80,0,"제24류 담배와 제조한 담배 대용물, 연소시키지 않고흡입하도록 만들어진 물품(니코틴을 함유하였는지에 상관없다), 니코틴을 함유한 그 밖의 물품으로 인체 내에 니코틴을 흡수시키도록 만들어진 것",,0,
2401,80,1,잎담배와 담배 부산물,,0,
240110,80,2,잎담배[주맥(主脈)을 제거하지 않은 것으로 한정한다],,0,
2401101000,80,3,황색종(種),,1,2013-01-01
2401102000,80,3,버어리(burley)종(種),,1,2013-01-01
2401103000,80,3,오리엔트종(種),,1,2013-01-01
2401109000,80,3,기타,,1,2002-01-01
240120,80,2,잎담배[주맥(主脈)을 일부나 전부 제거한 것으로 한정한다],,0,
2401201000,80,3,황색종,,1,2002-01-01
2401202000,80,3,버어리(burley)종(種),,1,2013-01-01
2401203000,80,3,오리엔트종(種),,1,2013-01-01
2401209000,80,3,기타,,1,2002-01-01
240130,80,2,담배 부산물,,0,
2401301000,80,3,잎의 주맥(主脈),,1,2013-01-01
2401302000,80,3,잎 부스러기,,1,2002-01-01
2401309000,80,3,기타,,1,2002-01-01
2402,80,1,시가(cigar)ㆍ셔루트(cheroot)ㆍ시가릴로(cigarillo)ㆍ궐련(담배나 담배 대용물인 것으로 한정한다),,0,
240210,80,2,시가(cigar)ㆍ셔루트(cheroot)ㆍ시가릴로(cigarillo)(담배를 함유한 것으로 한정한다),,0,
2402101000,80,3,시가(cigar),GR,1,2015-01-01
2402102000,80,3,셔루트(cheroot),GR,1,2015-01-01
2402103000,80,3,시가릴로(cigarillo),GR,1,2015-01-01
240220,80,2,궐련(담배를 함유한 것으로 한정한다),,0,
2402201000,80,3,필터담배,U,1,2015-01-01
2402209000,80,3,기타,U,1,2015-01-01
2402900000,80,2,기타,,1,2002-01-01
2403,80,1,"그 밖의 제조 담배, 제조한 담배 대용물, 균질화하거나 재구성한 담배ㆍ담배 추출물(extract)과 에센스(essence)",,0,
24031,80,2,흡연용 담배(담배 대용물의 포함비율은 상관없다),,0,
2403110000,80,3,이 류의 소호주 제1호에 규정된 워터파이프(water pipe) 담배,GR,1,2015-01-01
240319,80,3,기타,,0,
2403191000,80,4,파이프 담배,GR,1,2015-01-01
2403199000,80,4,기타,GR,1,2015-01-01
24039,80,2,기타,,0,
240391,80,3,균질화하거나 재구성한 담배,,0,
2403911000,80,4,판상엽(板狀葉),,1,2013-01-01
2403919000,80,4,기타,,1,2002-01-01
240399,80,3,기타,,0,
2403991000,80,4,씹는 담배,GR,1,2015-01-01
2403992000,80,4,코 담배,GR,1,2015-01-01
2403993000,80,4,담배의 추출물(extracts)과 에센스(essence),,1,2013-01-01
2403994000,80,4,입안에 머금는 담배(예: 스누스),GR,1,2022-01-01
2403999000,80,4,기타,U,1,2017-11-16
2404,80,1,"담배·재구성한 담배·니코틴이나 담배 대용물·니코틴 대용물을 함유한 물품(연소시키지 않고 흡입하도록 만들어진 것으로 한정한다), 니코틴을 함유한 그 밖의 물품으로 인체 내에 니코틴을 흡수시키도록 만들어진 것",,0,
24041,80,2,연소시키지 않고 흡입하도록 만들어진 물품,,0,
2404110000,80,3,담배나 재구성한 담배를 함유한 것,U,1,2022-01-01
240412,80,3,기타(니코틴을 함유한 것으로 한정한다),,0,
2404121000,80,4,전자담배용 용액,ML,1,2022-01-01
2404129000,80,4,기타,ML,1,2022-01-01
240419,80,3,기타,,0,
2404191000,80,4,담배대용물을 함유한 것,U,1,2022-01-22
24041990,80,4,기타,,0,
2404199010,80,5,전자담배용 용액,ML,1,2022-01-22
2404199090,80,5,기타,ML,1,2022-01-22
24049,80,2,기타,,0,
2404910000,80,3,경구(經口)용,ML,1,2022-01-22
2404920000,80,3,피부 투여용,ML,1,2022-01-22
2404990000,80,3,기타,ML,1,2022-01-22
2424000000,80,1,이사화물,,1,2002-01-01
25,80,0,"제25류 소금, 황, 토석류(土石類), 석고ㆍ석회ㆍ시멘트",,0,
2501,80,1,"소금(식탁염과 변성염을 포함한다), 순염화나트륨[수용액(水溶液)인지 또는 고결(固結)방지제나 유동제를 첨가한 것인지에 상관없다]과 바닷물",,0,
250100,80,2,"소금(식탁염과 변성염을 포함한다), 순염화나트륨[수용액(水溶液)인지 또는 고결(固結)방지제나 유동제를 첨가한 것인지에 상관없다]과 바닷물",,0,
25010010,80,3,암염(岩鹽)과 천일염(정제하지 않은 것으로 한정한다),,0,
2501001010,80,4,암염(岩鹽),,1,2013-01-01
2501001020,80,4,천일염,,1,2002-01-01
25010090,80,3,기타,,0,
2501009010,80,4,식염,,1,2002-01-01
2501009020,80,4,순염화나트륨,,1,2002-01-01
2501009090,80,4,기타,,1,2002-01-01
2502,80,1,황화철광[배소(焙燒)하지 않은 것으로 한정한다],,0,
2502000000,80,2,황화철광[배소(焙燒)하지 않은 것으로 한정한다],,1,2013-01-01
2503,80,1,황[승화황(昇華黃)ㆍ침강황(沈降黃)ㆍ콜로이드황은 제외한다],,0,
2503000000,80,2,황[승화황(昇華黃)ㆍ침강황(沈降黃)ㆍ콜로이드황은 제외한다],,1,2013-01-01
2504,80,1,천연 흑연,,0,
250410,80,2,가루 모양이나 플레이크(flake) 모양,,0,
2504101000,80,3,인상(鱗狀)흑연,,1,2013-01-01
2504102000,80,3,토상(土狀)흑연,,1,2013-01-01
2504109000,80,3,기타,,1,2002-01-01
2504900000,80,2,기타,,1,2022-01-01
2505,80,1,천연 모래(착색된 것인지에 상관없으며 제26류의 금속을 함유하는 모래는 제외한다),,0,
2505100000,80,2,규사,,1,2002-01-01
250590,80,2,기타,,0,
25059010,80,3,공업용 모래,,0,
2505901010,80,4,점토사,,1,2002-01-01
2505901020,80,4,장석사(長石砂),,1,2013-01-01
2505901090,80,4,기타,,1,2002-01-01
2505909000,80,3,기타,,1,2002-01-01
2506,80,1,석영(천연 모래는 제외한다)과 규암[톱질이나 그 밖의 방법으로 거칠게 다듬거나 단순히 절단하여 직사각형(정사각형을 포함한다)의 블록 모양이나 슬래브 모양으로 한 것인지에 상관없다],,0,
250610,80,2,석영,,0,
2506101000,80,3,불순물의 함유량이 100분의 0.06 미만인 것,,1,2002-01-01
2506102000,80,3,불순물의 함유량이 100분의 0.06 이상 100분의 0.1 이하인 것,,1,2017-01-01
2506103000,80,3,불순물의 함유량이 100분의 0.1을 초과하는 것,,1,2002-01-01
2506200000,80,2,규암,,1,2022-01-01
2507,80,1,고령토와 그 밖의 고령토질의 점토[하소(煆燒)한 것인지에 상관없다],,0,
250700,80,2,고령토와 그 밖의 고령토질의 점토[하소(煆燒)한 것인지에 상관없다],,0,
25070010,80,3,고령토,,0,
2507001010,80,4,하소(煆燒)하지 않은 것,,1,2017-01-01
2507001090,80,4,기타,,1,2002-01-01
2507002000,80,3,그 밖의 고령토질의 점토[하소(煆燒)하지 않은 것으로 한정한다],,1,2022-01-01
2507009000,80,3,기타,,1,2002-01-01
2508,80,1,"그 밖의 점토(제6806호의 팽창된 점토는 제외한다)ㆍ홍주석(紅柱石)ㆍ남정석(藍晶石)ㆍ규선석(硅線石) [하소(煆燒)한 것인지에 상관없다], 멀라이트(mullite), 샤모트(chamotte)나 다이나스 어스(dinas earth)",,0,
2508100000,80,2,벤토나이트(bentonite),,1,2013-01-01
2508300000,80,2,내화(耐火)점토,,1,2013-01-01
250840,80,2,그 밖의 점토,,0,
2508401000,80,3,산성백토,,1,2002-01-01
2508402000,80,3,탈색토(奪色土)와 표포토(漂布土),,1,2022-01-01
2508409000,80,3,기타,,1,2002-01-01
250850,80,2,홍주석(紅柱石)ㆍ남정석(藍晶石)ㆍ규선석(硅線石),,0,
2508501000,80,3,홍주석(紅柱石),,1,2013-01-01
2508502000,80,3,남정석(藍晶石),,1,2013-01-01
2508503000,80,3,규선석(硅線石),,1,2013-01-01
2508600000,80,2,멀라이트(mullite),,1,2013-01-01
250870,80,2,"샤모트(chamotte), 다이나스 어스(dinas earth)",,0,
2508701000,80,3,샤모트(chamotte),,1,2017-01-01
2508702000,80,3,다이나스 어스(dinas earth),,1,2013-01-01
2509,80,1,초크,,0,
2509000000,80,2,초크,,1,2002-01-01
2510,80,1,천연 인산칼슘ㆍ천연 인산알루미늄칼슘ㆍ인산염을 함유한 초크,,0,
251010,80,2,잘게 부수지 않은 것,,0,
2510101000,80,3,천연 인산칼슘,,1,2013-01-01
2510109000,80,3,기타,,1,2002-01-01
251020,80,2,잘게 부순 것,,0,
2510201000,80,3,천연 인산칼슘,,1,2013-01-01
2510202000,80,3,천연 인산알루미늄칼슘,,1,2013-01-01
2510209000,80,3,기타,,1,2002-01-01
2511,80,1,"천연 황산바륨[중정석(重晶石)], 천연 탄산바륨[독중석(毒重石)][하소(煆燒)한 것인지에 상관없으며 제2816호의 산화바륨은 제외한다]",,0,
2511100000,80,2,천연 황산바륨[중정석(重晶石)],,1,2013-01-01
2511200000,80,2,천연 탄산바륨[독중석(毒重石)],,1,2013-01-01
2512,80,1,규조토[예: 키절구어(kieselguhr)ㆍ트리폴리트(tripolite)ㆍ다이어토마이트(diatomite)]와 이와 유사한 규산질의 흙[하소(煆燒)한 것인지에 상관없으며 겉보기 비중이 1 이하인 것으로 한정한다],,0,
2512000000,80,2,규조토[예: 키절구어(kieselguhr)ㆍ트리폴리트(tripolite)ㆍ다이어토마이트(diatomite)]와 이와 유사한 규산질의 흙[하소(煆燒)한 것인지에 상관없으며 겉보기 비중이 1 이하인 것으로 한정한다],,1,2017-01-01
2513,80,1,"부석(浮石), 금강사(金剛砂), 천연 커런덤(corundum)ㆍ천연 석류석과 그 밖의 천연 연마재료(열처리한 것인지에 상관없다)",,0,
251310,80,2,부석,,0,
2513101000,80,3,가공하지 않은 것이나 불규칙한 조각[잘게 부순 부석(빔스키)을 포함한다],,1,2022-01-01
2513109000,80,3,기타,,1,2007-01-01
251320,80,2,"금강사(金剛砂), 천연 커런덤(corundum), 천연 석류석과 그 밖의 천연 연마재료",,0,
25132010,80,3,가공하지 않은 것이나 불규칙한 조각,,0,
2513201010,80,4,금강사(金剛砂),,1,2013-01-01
2513201020,80,4,천연 커런덤(corundum),,1,2013-01-01
2513201030,80,4,천연 석류석,,1,2013-01-01
2513201090,80,4,기타,,1,2002-01-01
25132020,80,3,기타,,0,
2513202010,80,4,금강사(金剛砂),,1,2013-01-01
2513202020,80,4,천연 커런덤(corundum),,1,2013-01-01
2513202030,80,4,천연 석류석,,1,2013-01-01
2513202090,80,4,기타,,1,2002-01-01
2514,80,1,슬레이트[톱질이나 그 밖의 방법으로 거칠게 다듬거나 단순히 절단하여 직사각형(정사각형을 포함한다)의 블록 모양이나 슬래브 모양으로 한 것인지에 상관없다],,0,
251400,80,2,슬레이트[톱질이나 그 밖의 방법으로 거칠게 다듬거나 단순히 절단하여 직사각형(정사각형을 포함한다)의 블록 모양이나 슬래브 모양으로 한 것인지에 상관없다],,0,
2514001000,80,3,가공하지 않은 것이나 거칠게 다듬은 것,,1,2013-01-01
2514009000,80,3,기타,,1,2002-01-01
2515,80,1,대리석ㆍ트래버틴(travertine)ㆍ에코신(ecaussine)과 그 밖의 석비(石碑)용ㆍ건축용 석회질의 암석(겉보기 비중이 2.5 이상인 것으로 한정한다)과 설화석고(alabaster)[톱질이나 그 밖의 방법으로 거칠게 다듬거나 단순히 절단하여 직사각형(정사각형을 포함한다)의 블록 모양이나 슬래브 모양으로 한 것인지에 상관없다],,0,
25151,80,2,대리석과 트래버틴(travertine),,0,
251511,80,3,가공하지 않은 것이나 거칠게 다듬은 것,,0,
2515111000,80,4,대리석,,1,2002-01-01
2515112000,80,4,트래버틴(travertine),,1,2013-01-01
251512,80,3,톱질이나 그 밖의 방법으로 단순히 절단하여 직사각형(정사각형을 포함한다)의 블록 모양이나 슬래브 모양으로 한 것,,0,
2515121000,80,4,대리석,,1,2002-01-01
2515122000,80,4,트래버틴(travertine),,1,2013-01-01
2515200000,80,2,에코신(ecaussine)과 그 밖의 석비(石碑)용ㆍ건축용 석회질의 암석과 설화 석고(alabaster),,1,2015-01-01
2516,80,1,화강암ㆍ반암(斑巖)ㆍ현무암ㆍ사암과 그 밖의 석비(石碑)용ㆍ건축용 암석[톱질이나 그 밖의 방법으로 거칠게 다듬거나 단순히 절단하여 직사각형(정사각형을 포함한다)의 블록 모양이나 슬래브 모양으로 한 것인지에 상관없다],,0,
25161,80,2,화강암,,0,
2516110000,80,3,가공하지 않은 것이나 거칠게 다듬은 것,,1,2013-01-01
2516120000,80,3,톱질이나 그 밖의 방법으로 단순히 절단하여 직사각형(정사각형을 포함한다)의 블록 모양이나 슬래브 모양으로 한 것,,1,2013-01-01
251620,80,2,사암,,0,
2516201000,80,3,가공하지 않은 것이나 거칠게 다듬은 것,,1,2013-01-01
2516209000,80,3,톱질이나 그 밖의 방법으로 단순히 절단하여 직사각형(정사각형을 포함한다)의 블록 모양이나 슬래브 모양으로 한 것,,1,2013-01-01
251690,80,2,그 밖의 석비(石碑)용ㆍ건축용 암석,,0,
2516901000,80,3,가공하지 않은 것이나 거칠게 다듬은 것,,1,2013-01-01
2516909000,80,3,기타,,1,2002-01-01
2517,80,1,"자갈ㆍ왕자갈ㆍ쇄석(碎石)[콘크리트용ㆍ도로포장용ㆍ철도용이나 그 밖의 밸러스트(ballast)용에 일반적으로 사용되는 것으로 한정한다], 싱글(shingle)과 플린트(flint)(열처리한 것인지에 상관없다), 슬래그(slag)ㆍ드로스(dross)나 이와 유사한 산업폐기물의 머캐덤(macadam)(이 호의 앞부분에 열거한 물품들과 혼합한 것인지에 상관없다), 타르 머캐덤(tarred macadam), 제2515호나 제2516호의 암석의 알갱이ㆍ파편ㆍ가루(열처리한 것인지에 상관없다)",,0,
251710,80,2,"자갈ㆍ왕자갈ㆍ쇄석(碎石)[콘크리트용ㆍ도로포장용ㆍ철도용이나 그 밖의 밸러스트(ballast)용에 일반적으로 사용되는 것으로 한정한다], 싱글(shingle)과 플린트(flint)(열처리한 것인지에 상관없다)",,0,
2517101000,80,3,자갈,,1,2002-01-01
2517102000,80,3,쇄석(碎石),,1,2013-01-01
2517109000,80,3,기타,,1,2002-01-01
2517200000,80,2,슬래그(slag)ㆍ드로스(dross)나 이와 유사한 산업폐기물의 머캐덤(macadam)(소호 제2517.10호의 물품을 혼합한 것인지에 상관없다),,1,2013-01-01
2517300000,80,2,타르 머캐덤(tarred macadam),,1,2022-01-01
25174,80,2,제2515호나 제2516호의 암석의 알갱이ㆍ파편ㆍ가루(열처리한 것인지에 상관없다),,0,
2517410000,80,3,대리석으로 만든 것,,1,2013-01-01
251749,80,3,기타,,0,
2517491000,80,4,현무암으로 만든 것,,1,2013-01-01
2517492000,80,4,화강암으로 만든 것,,1,2013-01-01
2517499000,80,4,기타,,1,2002-01-01
2518,80,1,백운석(白雲石)[하소(煆燒)한 것인지 또는 소결(燒結)한 것인지에 상관없으며 톱질이나 그 밖의 방법으로 거칠게 다듬거나 단순히 절단하여 직사각형(정사각형을 포함한다)의 블록 모양이나 슬래브 모양으로 한 것을 포함한다],,0,
2518100000,80,2,하소(煆燒)하지 않거나 소결(燒結)하지 않은 백운석(白雲石),,1,2017-01-01
2518200000,80,2,하소(煆燒)하거나 소결(燒結)한 백운석(白雲石),,1,2017-01-01
2519,80,1,"천연 탄산마그네슘(마그네사이트), 용융(溶融) 마그네시아, 소결(燒結)한 마그네시아[소결(燒結)하기 전에 첨가된 기타 산화물을 소량 함유한 것인지에 상관없다], 그 밖의 산화마그네슘(순수한 것인지에 상관없다)",,0,
2519100000,80,2,천연 탄산마그네슘(마그네사이트),,1,2013-01-01
251990,80,2,기타,,0,
2519901000,80,3,용융(溶融)ㆍ소결(燒結)한 마그네시아,,1,2013-01-01
2519902000,80,3,천연 산화마그네슘,,1,2013-01-01
2519909000,80,3,기타,,1,2002-01-01
2520,80,1,"석고, 무수(無水)석고, 플라스터(plaster)[하소(煆燒)한 석고나 황산칼슘을 원료로 한 것으로서 착색한 것인지 또는 촉진제나 지연제를 소량 첨가한 것인지에 상관없다]",,0,
252010,80,2,석고와 무수(無水)석고,,0,
2520101000,80,3,석고,,1,2002-01-01
2520102000,80,3,무수(無水)석고,,1,2013-01-01
252020,80,2,플라스터(plaster),,0,
2520201000,80,3,치과용으로 사용하기 위하여 특별히 하소하거나 미세하게 분쇄한 것,,1,2002-01-01
2520209000,80,3,기타,,1,2002-01-01
2521,80,1,"석회석 융제(融劑), 석회석과 그 밖의 석회질의 암석(석회나 시멘트 제조용으로 한정한다)",,0,
252100,80,2,"석회석 융제(融劑), 석회석과 그 밖의 석회질의 암석(석회나 시멘트 제조용으로 한정한다)",,0,
2521001000,80,3,석회석,,1,2002-01-01
2521009000,80,3,기타,,1,2002-01-01
2522,80,1,"생석회(生石灰), 소석회(消石灰), 수경성(水硬性) 석회(제2825호의 산화칼슘과 수산화칼슘은 제외한다)",,0,
2522100000,80,2,생석회(生石灰),,1,2013-01-01
2522200000,80,2,소석회(消石灰),,1,2013-01-01
2522300000,80,2,수경성(水硬性) 석회,,1,2013-01-01
2523,80,1,포틀랜드(Portland) 시멘트ㆍ알루미나(aluminous) 시멘트ㆍ슬래그(slag) 시멘트ㆍ슈퍼설페이트(super sulphate) 시멘트와 이와 유사한 수경성(水硬性) 시멘트[착색한 것인지 또는 클링커(clinker) 형태로 된 것인지에 상관없다],,0,
2523100000,80,2,시멘트 클링커(clinker),,1,2013-01-01
25232,80,2,포틀랜드(Portland) 시멘트,,0,
2523210000,80,3,백색 시멘트(인위적으로 착색한 것인지에 상관없다),,1,2013-01-01
2523290000,80,3,기타,,1,2002-01-01
2523300000,80,2,알루미나(aluminous) 시멘트,,1,2013-01-01
252390,80,2,그 밖의 수경성(水硬性) 시멘트,,0,
2523901000,80,3,슬래그(slag) 시멘트,,1,2013-01-01
2523909000,80,3,기타,,1,2002-01-01
2524,80,1,석면,,0,
2524100000,80,2,청(靑)석면,,1,2013-01-01
252490,80,2,기타,,0,
2524901000,80,3,갈(褐)석면,,1,2013-01-01
2524902000,80,3,백(白)석면,,1,2013-01-01
2524909000,80,3,기타,,1,2007-01-01
2525,80,1,운모(쪼갠 것을 포함한다)와 운모 웨이스트(waste),,0,
2525100000,80,2,가공하지 않은 운모와 시트(sheet) 모양의 운모나 쪼갠 운모,,1,2022-01-01
2525200000,80,2,운모 가루,,1,2013-01-01
2525300000,80,2,운모 웨이스트(waste),,1,2013-01-01
2526,80,1,천연 동석(凍石)[톱질이나 그 밖의 방법으로 거칠게 다듬거나 단순히 절단하여 직사각형(정사각형을 포함한다)의 블록 모양이나 슬래브 모양으로 한 것인지에 상관없다]과 활석,,0,
2526100000,80,2,부수지 않은 것으로 가루도 아닌 것,,1,2022-01-01
2526200000,80,2,부수거나 가루인 것,,1,2013-01-01
2528,80,1,"천연 붕산염과 그 정광(精鑛)[하소(煆燒)한 것인지에 상관없으며 천연 염수(鹽水)에서 분리한 붕산염은 제외한다], 천연 붕산(건조한 상태에서 측정한 붕산의 함유량이 전 중량의 100분의 85 이하인 것으로 한정한다)",,0,
252800,80,2,"천연 붕산염과 그 정광(精鑛)[하소(煆燒)한 것인지에 상관없으며 천연 염수(鹽水)에서 분리한 붕산염은 제외한다], 천연 붕산(건조한 상태에서 측정한 붕산의 함유량이 전 중량의 100분의 85 이하인 것으로 한정한다)",,0,
2528001000,80,3,천연 붕산나트륨과 그 정광(精鑛)[하소(煆燒)한 것인지에 상관없다],,1,2017-01-01
2528002000,80,3,붕산칼슘,,1,2012-01-01
2528003000,80,3,염화붕산마그네슘,,1,2012-01-01
2528004000,80,3,천연 붕산,,1,2013-01-01
2528009000,80,3,기타,,1,2012-01-01
2529,80,1,"장석(長石), 백류석(白榴石), 하석(霞石)과 하석 섬장암(霞石 閃長巖), 형석(螢石)",,0,
2529100000,80,2,장석(長石),,1,2013-01-01
25292,80,2,형석(螢石),,0,
252921,80,3,플루오르화칼슘의 함유량이 전 중량의 100분의 97 이하인 것,,0,
2529211000,80,4,가루,,1,2013-01-01
2529219000,80,4,기타,,1,2002-01-01
252922,80,3,플루오르화칼슘의 함유량이 전 중량의 100분의 97을 초과하는 것,,0,
2529221000,80,4,가루,,1,2013-01-01
2529229000,80,4,기타,,1,2002-01-01
252930,80,2,"백류석(白榴石), 하석(霞石)과 하석 섬장암(霞石 閃長巖)",,0,
2529301000,80,3,백류석(白榴石),,1,2013-01-01
2529302000,80,3,하석(霞石),,1,2013-01-01
2529303000,80,3,하석 섬장암(霞石 閃長巖),,1,2013-01-01
2530,80,1,따로 분류되지 않은 광물,,0,
253010,80,2,"질석(蛭石), 진주암(眞珠巖), 녹니석(綠泥石)(팽창되지 않은 것으로 한정한다)",,0,
2530101000,80,3,질석(蛭石),,1,2013-01-01
2530102000,80,3,진주암(眞珠巖)과 녹니석(綠泥石),,1,2013-01-01
2530200000,80,2,"키이저라이트, 에프소마이트(천연 황산마그네슘)",,1,2013-01-01
253090,80,2,기타,,0,
2530901000,80,3,천연 황화비소,,1,2002-01-01
2530902000,80,3,건전지 제조용에 적합한 연망간광,,1,2012-01-01
2530903000,80,3,스트론티아나이트(strontianite),,1,2013-01-01
2530904000,80,3,주사(朱沙),,1,2013-01-01
2530905000,80,3,납석(蠟石),,1,2013-01-01
2530906000,80,3,불석(沸石),,1,2013-01-01
2530907000,80,3,명반석(明礬石),,1,2013-01-01
2530908000,80,3,규회석(硅灰石),,1,2013-01-01
25309090,80,3,기타,,0,
2530909010,80,4,도석(陶石),,1,2013-01-01
2530909020,80,4,견운모(絹雲母),,1,2013-01-01
2530909030,80,4,어스컬러(earth colour),,1,2013-01-01
2530909040,80,4,천연의 운모상 산화철,,1,2002-01-01
2530909050,80,4,천연 빙정석(氷晶石)과 천연 치올라이트(chiolite),,1,2013-01-01
253090909,80,4,기타,,0,
2530909091,80,5,천연탄산칼슘,,1,2002-01-01
2530909099,80,5,기타,,1,2002-01-01
26,80,0,제26류 광(鑛)ㆍ슬래그(slag)ㆍ회(灰),,0,
2601,80,1,철광과 그 정광(精鑛)[배소(焙燒)한 황화철광을 포함한다],,0,
26011,80,2,철광과 그 정광[배소(焙燒)한 황화철광은 제외한다],,0,
260111,80,3,응결시키지 않은 것,,0,
2601111000,80,4,적(赤)철광,,1,2013-01-01
2601112000,80,4,자(磁)철광,,1,2013-01-01
2601119000,80,4,기타,,1,2002-01-01
260112,80,3,응결시킨 것,,0,
2601121000,80,4,적(赤)철광,,1,2013-01-01
2601122000,80,4,자(磁)철광,,1,2013-01-01
2601129000,80,4,기타,,1,2002-01-01
2601200000,80,2,배소(焙燒)한 황화철광,,1,2013-01-01
2602,80,1,망간광과 그 정광(精鑛)[건조 상태에서 측정한 망간의 함유량이 전 중량의 100분의 20 이상인 철망간광과 그 정광(精鑛)을 포함한다],,0,
2602000000,80,2,망간광과 그 정광(精鑛)[건조 상태에서 측정한 망간의 함유량이 전 중량의 100분의 20 이상인 철망간광과 그 정광(精鑛)을 포함한다],,1,2013-01-01
2603,80,1,구리광과 그 정광(精鑛),,0,
2603000000,80,2,구리광과 그 정광(精鑛),,1,2013-01-01
2604,80,1,니켈광과 그 정광(精鑛),,0,
2604000000,80,2,니켈광과 그 정광(精鑛),,1,2013-01-01
2605,80,1,코발트광과 그 정광(精鑛),,0,
2605000000,80,2,코발트광과 그 정광(精鑛),,1,2013-01-01
2606,80,1,알루미늄광과 그 정광(精鑛),,0,
2606000000,80,2,알루미늄광과 그 정광(精鑛),,1,2013-01-01
2607,80,1,납광과 그 정광(精鑛),,0,
2607000000,80,2,납광과 그 정광(精鑛),,1,2013-01-01
2608,80,1,아연광과 그 정광(精鑛),,0,
2608000000,80,2,아연광과 그 정광(精鑛),,1,2013-01-01
2609,80,1,주석광과 그 정광(精鑛),,0,
2609000000,80,2,주석광과 그 정광(精鑛),,1,2013-01-01
2610,80,1,크로뮴광과 그 정광(精鑛),,0,
2610000000,80,2,크로뮴광과 그 정광(精鑛),,1,2013-01-01
2611,80,1,텅스텐광과 그 정광(精鑛),,0,
261100,80,2,텅스텐광과 그 정광(精鑛),,0,
2611001000,80,3,흑중석(wolframite),,1,2013-01-01
2611002000,80,3,회중석(scheelite),,1,2013-01-01
2611009000,80,3,기타,,1,2002-01-01
2612,80,1,우라늄광이나 토륨광과 그 정광(精鑛),,0,
2612100000,80,2,우라늄광과 그 정광,,1,2022-01-01
2612200000,80,2,토륨광과 그 정광,,1,2022-01-01
2613,80,1,몰리브덴광과 그 정광(精鑛),,0,
2613100000,80,2,배소(焙燒)한 것,,1,2013-01-01
2613900000,80,2,기타,,1,2002-01-01
2614,80,1,티타늄광과 그 정광(精鑛),,0,
261400,80,2,티타늄광과 그 정광(精鑛),,0,
2614001000,80,3,금홍석(rutile),,1,2013-01-01
2614009000,80,3,기타,,1,2002-01-01
2615,80,1,니오븀광ㆍ탄탈륨광ㆍ바나듐광ㆍ지르코늄광과 이들의 정광(精鑛),,0,
2615100000,80,2,지르코늄광과 그 정광,,1,2022-01-01
261590,80,2,기타,,0,
2615901000,80,3,니오븀광과 그 정광,,1,2022-01-01
2615902000,80,3,탄탈륨광과 그 정광,,1,2022-01-01
2615903000,80,3,바나듐광과 그 정광,,1,2022-01-01
2616,80,1,귀금속광과 그 정광(精鑛),,0,
2616100000,80,2,은광과 그 정광,,1,2022-01-01
261690,80,2,기타,,0,
2616901000,80,3,금광과 그 정광,,1,2022-01-01
2616902000,80,3,백금광과 그 정광[백금족의 광과 그 정광을 포함한다],,1,2022-01-01
2617,80,1,그 밖의 광과 그 정광(精鑛),,0,
2617100000,80,2,안티모니광과 그 정광,,1,2022-01-01
261790,80,2,기타,,0,
2617901000,80,3,수은광과 그 정광,,1,2022-01-01
2617902000,80,3,게르마늄광과 그 정광,,1,2022-01-01
2617904000,80,3,비스무트(bismuth)광과 그 정광,,1,2022-01-01
2617909000,80,3,기타,,1,2002-01-01
2618,80,1,철강을 제조할 때 생기는 알갱이 모양의 슬래그(slag)[슬래그 샌드(slag sand)],,0,
2618000000,80,2,철강을 제조할 때 생기는 알갱이 모양의 슬래그(slag)[슬래그 샌드(slag sand)],,1,2013-01-01
2619,80,1,"철강을 제조할 때 생기는 슬래그(slag)ㆍ드로스(dross)[알갱이 모양의 슬래그는 제외한다], 스케일링(scaling)과 그 밖의 웨이스트(waste)",,0,
261900,80,2,"철강을 제조할 때 생기는 슬래그(slag)ㆍ드로스(dross)[알갱이 모양의 슬래그는 제외한다], 스케일링(scaling)과 그 밖의 웨이스트(waste)",,0,
26190010,80,3,슬래그(slag),,0,
2619001010,80,4,용광로 슬래그(slag),,1,2013-01-01
2619001090,80,4,기타,,1,2002-01-01
2619002000,80,3,드로스(dross),,1,2013-01-01
2619003000,80,3,스케일링(scaling),,1,2013-01-01
2619009000,80,3,기타,,1,2002-01-01
2620,80,1,"슬래그(slag), 회(灰), 잔재물(금속ㆍ비소나 이들의 화합물을 함유한 것으로 한정하며, 철강을 제조할 때 생기는 것은 제외한다)",,0,
26201,80,2,주로 아연을 함유한 것,,0,
2620110000,80,3,경(硬)아연 스펠터(spelter),,1,2013-01-01
2620190000,80,3,기타,,1,2002-01-01
26202,80,2,주로 납을 함유하는 것,,0,
2620210000,80,3,유연(有鉛) 가솔린 슬러지(sludge)와 유연 안티녹(anti-knock) 화합물 슬러지,,1,2022-01-01
2620290000,80,3,기타,,1,2002-01-01
2620300000,80,2,주로 구리를 함유하는 것,,1,2013-01-01
2620400000,80,2,주로 알루미늄을 함유하는 것,,1,2002-01-01
2620600000,80,2,"비소, 수은, 탈륨이나 그 혼합물을 함유하는 것으로 비소나 이들 금속들의 채취용이나 그 화합물의 제조용",,1,2013-01-01
26209,80,2,기타,,0,
2620910000,80,3,"안티모니, 베릴륨, 카드뮴, 크로뮴이나 그 혼합물을 포함하는 것",,1,2013-01-01
2620990000,80,3,기타,,1,2002-01-01
2621,80,1,"그 밖의 슬래그(slag)와 회(灰)[해초의 회(켈프)를 포함한다], 생활폐기물의 소각으로 생기는 회와 잔재물",,0,
2621100000,80,2,생활폐기물의 소각으로 생기는 회(灰)와 잔재물,,1,2013-01-01
262190,80,2,기타,,0,
2621901000,80,3,"분진(제철, 시멘트 제조공정 등의 대기오염방지지설에서 포집된 것으로 한정한다)",,1,2022-01-01
2621902000,80,3,석탄재,,1,2022-01-01
2621909000,80,3,기타,,1,2022-01-01
27,80,0,"제27류 광물성 연료ㆍ광물유(鑛物油)와 이들의 증류물, 역청(瀝靑)물질, 광물성 왁스",,0,
2701,80,1,석탄과 석탄으로 제조한 연탄ㆍ조개탄(ovoid)과 이와 유사한 고체 연료,,0,
27011,80,2,석탄(잘게 부수었는지에 상관없으며 응결시킨 것은 제외한다),,0,
2701110000,80,3,무연탄,,1,2002-01-01
270112,80,3,유연탄,,0,
2701121000,80,4,강점결성 코크스용 탄,,1,2013-01-01
2701122000,80,4,그 밖의 코크스용 탄,,1,2013-01-01
27011290,80,4,기타,,0,
2701129010,80,5,휘발성 물질의 함유량이 전 중량의 100분의 22 미만인 것(건조하고 광물질이 없는 상태 기준에 의한다),,1,2013-01-01
2701129090,80,5,기타,,1,2002-01-01
2701190000,80,3,그 밖의 석탄,,1,2013-01-01
270120,80,2,석탄으로 제조한 연탄ㆍ조개탄(ovoid)과 이와 유사한 고체 연료,,0,
2701201000,80,3,연탄,,1,2002-01-01
2701202000,80,3,조개탄(ovoid),,1,2013-01-01
2701209000,80,3,기타,,1,2002-01-01
2702,80,1,갈탄(응결시킨 것인지에 상관없으며 흑옥은 제외한다),,0,
2702100000,80,2,갈탄(잘게 부수었는지에 상관없으며 응결시킨 것은 제외한다),,1,2013-01-01
2702200000,80,2,응결시킨 갈탄,,1,2013-01-01
2703,80,1,"토탄(토탄 찌꺼기를 포함하며, 응결시킨 것인지에 상관없다)",,0,
270300,80,2,"토탄(토탄 찌꺼기를 포함하며, 응결시킨 것인지에 상관없다)",,0,
2703001000,80,3,응결시키지 않은 것,,1,2013-01-01
2703002000,80,3,응결시킨 것,,1,2013-01-01
2704,80,1,"코크스와 반성(半成) 코크스(석탄ㆍ갈탄ㆍ토탄으로 제조한 것으로 한정하며, 응결시킨 것인지에 상관없다), 레토르트 카본(retort carbon)",,0,
270400,80,2,"코크스와 반성(半成) 코크스(석탄ㆍ갈탄ㆍ토탄으로 제조한 것으로 한정하며, 응결시킨 것인지에 상관없다), 레토르트 카본(retort carbon)",,0,
27040010,80,3,코크스,,0,
2704001010,80,4,석탄에서 제조한 것,,1,2002-01-01
2704001090,80,4,기타,,1,2002-01-01
2704002000,80,3,반성(半成) 코크스,,1,2013-01-01
2704003000,80,3,레토르트 카본(retort carbon),,1,2013-01-01
2705,80,1,석탄가스ㆍ수성(水性)가스ㆍ발생로(發生爐)가스와 이와 유사한 가스(석유가스와 그 밖의 가스 상태의 탄화수소는 제외한다),,0,
2705000000,80,2,석탄가스ㆍ수성(水性)가스ㆍ발생로(發生爐)가스와 이와 유사한 가스(석유가스와 그 밖의 가스 상태의 탄화수소는 제외한다),,1,2013-01-01
2706,80,1,석탄ㆍ갈탄ㆍ토탄을 증류해서 얻은 타르와 그 밖의 광물성 타르(탈수나 부분 증류한 것과 재구성한 타르를 포함한다),,0,
270600,80,2,석탄ㆍ갈탄ㆍ토탄을 증류해서 얻은 타르와 그 밖의 광물성 타르(탈수나 부분 증류한 것과 재구성한 타르를 포함한다),,0,
2706001000,80,3,콜타르(coal tar),,1,2013-01-01
2706009000,80,3,기타,,1,2002-01-01
2707,80,1,콜타르(coal tar)를 고온 증류하여 얻은 오일과 그 밖에 이와 유사한 물품[방향족(芳香族) 성분의 중량이 비방향족(非芳香族) 성분의 중량을 초과하는 것으로 한정한다],,0,
2707100000,80,2,벤조올(벤젠),,1,2002-01-01
2707200000,80,2,톨루올(톨루엔),,1,2002-01-01
2707300000,80,2,크실롤(크실렌),,1,2013-01-01
2707400000,80,2,나프탈렌,,1,2002-01-01
2707500000,80,2,그 밖의 방향족(芳香族) 탄화수소의 혼합물[아이ㆍ에스ㆍ오(ISO) 3405방법(에이ㆍ에스ㆍ티ㆍ엠 디(ASTM D)86과 동등)에 의하여 섭씨 250도에서 전 용량의 100분의 65 이상(손실분을 포함한다)이 증류되는 것으로 한정한다],,1,2022-01-01
27079,80,2,기타,,0,
2707910000,80,3,크레오소트(creosote)유,,1,2013-01-01
270799,80,3,기타,,0,
2707991000,80,4,솔벤트 나프타(solvent naphtha),,1,2013-01-01
2707992000,80,4,안트라센(anthracene),,1,2013-01-01
2707993000,80,4,페놀(석탄산),,1,2007-01-01
2707999000,80,4,기타,,1,2002-01-01
2708,80,1,피치(pitch)와 피치코크스[콜타르(coal tar)나 그 밖의 광물성 타르에서 얻은 것으로 한정한다],,0,
2708100000,80,2,피치(pitch),,1,2013-01-01
2708200000,80,2,피치코크스(pitch cokes),,1,2013-01-01
2709,80,1,석유와 역청유(瀝靑油)(원유로 한정한다),,0,
270900,80,2,석유와 역청유(瀝靑油)(원유로 한정한다),,0,
27090010,80,3,석유,,0,
2709001010,80,4,섭씨 15도에서 비중이 0.796 초과 0.841 이하인 것,,1,2017-01-01
2709001020,80,4,섭씨 15도에서 비중이 0.841 초과 0.847 이하인 것,,1,2017-01-01
2709001030,80,4,섭씨 15도에서 비중이 0.847 초과 0.855 이하인 것,,1,2017-01-01
2709001040,80,4,섭씨 15도에서 비중이 0.855 초과 0.869 이하인 것,,1,2017-01-01
2709001050,80,4,섭씨 15도에서 비중이 0.869 초과 0.885 이하인 것,,1,2017-01-01
2709001060,80,4,섭씨 15도에서 비중이 0.885 초과 0.899 이하인 것,,1,2017-01-01
2709001070,80,4,섭씨 15도에서 비중이 0.899 초과 0.904 이하인 것,,1,2017-01-01
2709001080,80,4,섭씨 15도에서 비중이 0.904 초과 0.966 이하인 것,,1,2017-01-01
2709001090,80,4,기타,,1,2002-01-01
2709002000,80,3,역청유(瀝靑油),,1,2013-01-01
2710,80,1,"석유와 역청유(瀝靑油)(원유는 제외한다), 따로 분류되지 않은 조제품[석유나 역청유(瀝靑油)의 함유량이 전 중량의 100분의 70 이상인 것으로서 조제품의 기초 성분이 석유나 역청유(瀝靑油)인 것으로 한정한다], 웨이스트 오일(waste oil)",,0,
27101,80,2,"석유와 역청유(瀝靑油)(원유는 제외한다), 따로 분류되지 않은 조제품[석유나 역청유(瀝靑油)의 함유량이 전 중량의 100분의 70 이상인 것으로서 조제품의 기초 성분이 석유나 역청유(瀝靑油)인 것으로 한정하며, 바이오디젤을 함유하는 것과 웨이스트 오일(waste oil)은 제외한다]",,0,
271012,80,3,경질유(輕質油)와 조제품,,0,
2710121000,80,4,자동차 휘발유,L,1,2012-01-01
2710122000,80,4,항공 휘발유,L,1,2012-01-01
2710123000,80,4,프로필렌테트라머(propylene tetramer),L,1,2013-01-01
2710124000,80,4,나프타,L,1,2012-01-01
2710125000,80,4,엔지엘(NGL),L,1,2017-01-01
2710129000,80,4,기타,L,1,2012-01-01
271019,80,3,기타,,0,
27101910,80,4,그 밖의 휘발유와 그 조제품,,0,
2710191010,80,5,제트 연료유,L,1,2002-01-01
2710191090,80,5,기타,L,1,2002-01-01
27101920,80,4,등유와 그 조제품,,0,
2710192010,80,5,등유,L,1,2002-01-01
2710192020,80,5,제트 연료유,L,1,2002-01-01
2710192030,80,5,노르말-파라핀(n-paraffin),L,1,2017-01-01
2710192090,80,5,기타,L,1,2002-01-01
2710193000,80,4,경유,L,1,2002-01-01
27101940,80,4,중유,,0,
2710194010,80,5,경질(輕質)중유(벙커에이유),L,1,2013-01-01
2710194020,80,5,중유(벙커비유),L,1,2013-01-01
2710194030,80,5,벙커시유,L,1,2013-01-01
2710194090,80,5,기타,L,1,2002-01-01
27101950,80,4,조유(粗油)와 윤활유 기유(基油),,0,
2710195010,80,5,조유(粗油),L,1,2013-01-01
2710195020,80,5,윤활유 기유(基油),L,1,2013-01-01
2710196000,80,4,신전유(extender oil),L,1,2013-01-01
2710197,80,4,윤활유[신전유(extender oil)는 제외한다],,0,
27101971,80,5,기관오일,,0,
2710197110,80,6,항공기용 기관오일,L,1,2002-01-01
2710197120,80,6,자동차용 기관오일,L,1,2002-01-01
2710197130,80,6,선박용 기관오일,L,1,2002-01-01
2710197190,80,6,기타,L,1,2022-01-01
27101972,80,5,실린더오일ㆍ스핀들오일ㆍ기어오일ㆍ터빈오일ㆍ냉동기오일,,0,
2710197210,80,6,실린더오일,L,1,2002-01-01
2710197220,80,6,스핀들(spindle)오일,L,1,2013-01-01
2710197230,80,6,기어오일,L,1,2002-01-01
2710197240,80,6,터빈오일,L,1,2002-01-01
2710197250,80,6,냉동기오일,L,1,2002-01-01
27101973,80,5,"콤파운드오일, 유동파라핀과 자동변속기용 윤활유",,0,
2710197310,80,6,콤파운드오일,L,1,2002-01-01
2710197320,80,6,유동파라핀,L,1,2002-01-01
2710197330,80,6,자동변속기용 윤활유,L,1,2002-01-01
27101974,80,5,"방청유(anti-corrosive oil), 절삭유, 세척유, 주형이형유, 유압브레이크유",,0,
2710197410,80,6,방청유(anti-corrosive oil),L,1,2013-01-01
2710197420,80,6,절삭유,L,1,2002-01-01
2710197430,80,6,세척유,L,1,2002-01-01
2710197440,80,6,주형이형유,L,1,2002-01-01
2710197450,80,6,유압브레이크유,L,1,2002-01-01
27101975,80,5,"프로세스유, 전기전열유, 열처리유, 열매체유",,0,
2710197510,80,6,프로세스유,L,1,2002-01-01
2710197520,80,6,전기전열유,L,1,2002-01-01
2710197530,80,6,열처리유,L,1,2002-01-01
2710197540,80,6,열매체유,L,1,2002-01-01
2710197900,80,5,기타,L,1,2002-01-01
27101980,80,4,그리스,,0,
2710198010,80,5,알루미늄을 첨가한 것,L,1,2002-01-01
2710198020,80,5,칼슘을 첨가한 것,L,1,2002-01-01
2710198030,80,5,나트륨을 첨가한 것,L,1,2002-01-01
2710198040,80,5,리튬을 첨가한 것,L,1,2002-01-01
2710198090,80,5,기타,L,1,2002-01-01
2710199000,80,4,기타,L,1,2002-01-01
271020,80,2,"석유와 역청유(瀝靑油)(원유는 제외한다), 따로 분류되지 않은 조제품[석유나 역청유(瀝靑油)의 함유량이 전 중량의 100분의 70 이상이고 조제품의 기초 성분이 석유나 역청유(瀝靑油)인 것으로서 바이오디젤을 함유하는 것으로 한정한다][웨이스트 오일(waste oil)은 제외한다]",,0,
27102010,80,3,경질유(輕質油)와 조제품,,0,
2710201010,80,4,자동차 휘발유,L,1,2012-01-01
2710201020,80,4,항공 휘발유,L,1,2012-01-01
2710201030,80,4,프로필렌테트라머(propylene tetramer),L,1,2013-01-01
2710201040,80,4,나프타,L,1,2012-01-01
2710201050,80,4,엔지엘(NGL),L,1,2017-01-01
2710201090,80,4,기타,L,1,2012-01-01
2710209,80,3,기타,,0,
27102091,80,4,그 밖의 휘발유와 그 조제품,,0,
2710209110,80,5,제트 연료유,L,1,2012-01-01
2710209190,80,5,기타,L,1,2012-01-01
27102092,80,4,등유와 그 조제품,,0,
2710209210,80,5,등유,L,1,2012-01-01
2710209220,80,5,제트 연료유,L,1,2012-01-01
2710209230,80,5,노르말-파라핀(n-paraffin),L,1,2017-01-01
2710209290,80,5,기타,L,1,2012-01-01
2710209300,80,4,경유,L,1,2012-01-01
27102094,80,4,중유,,0,
2710209410,80,5,경질(輕質)중유(벙커에이유),L,1,2013-01-01
2710209420,80,5,중유(벙커비유),L,1,2013-01-01
2710209430,80,5,벙커시유,L,1,2013-01-01
2710209490,80,5,기타,L,1,2012-01-01
27102095,80,4,조유(粗油)와 윤활유 기유(基油),,0,
2710209510,80,5,조유(粗油),L,1,2013-01-01
2710209520,80,5,윤활유 기유(基油),L,1,2013-01-01
2710209600,80,4,신전유(extender oil),L,1,2013-01-01
27102097,80,4,윤활유[신전유(extender oil)는 제외한다],,0,
271020971,80,5,기관오일,,0,
2710209711,80,6,항공기용 기관오일,L,1,2012-01-01
2710209712,80,6,자동차용 기관오일,L,1,2012-01-01
2710209713,80,6,선박용 기관오일,L,1,2012-01-01
2710209719,80,6,기타,L,1,2022-01-01
271020972,80,5,실린더오일 ㆍ 스핀들오일 ㆍ 기어오일 ㆍ 터빈오일 ㆍ 냉동기오일,,0,
2710209721,80,6,실린더오일,L,1,2012-01-01
2710209722,80,6,스핀들(spindle)오일,L,1,2013-01-01
2710209723,80,6,기어오일,L,1,2012-01-01
2710209724,80,6,터빈오일,L,1,2012-01-01
2710209725,80,6,냉동기오일,L,1,2012-01-01
271020973,80,5,"콤파운드오일, 유동파라핀과 자동변속기용 윤활유",,0,
2710209731,80,6,콤파운드오일,L,1,2012-01-01
2710209732,80,6,유동파라핀,L,1,2012-01-01
2710209733,80,6,자동변속기용 윤활유,L,1,2012-01-01
271020974,80,5,"방청유, 절삭유, 세척유, 주형이형유, 유압브레이크유",,0,
2710209741,80,6,방청유,L,1,2022-01-01
2710209742,80,6,절삭유,L,1,2012-01-01
2710209743,80,6,세척유,L,1,2012-01-01
2710209744,80,6,주형이형유,L,1,2012-01-01
2710209745,80,6,유압브레이크유,L,1,2012-01-01
271020975,80,5,"프로세스유, 전기전열유, 열처리유, 열매체유",,0,
2710209751,80,6,프로세스유,L,1,2012-01-01
2710209752,80,6,전기전열유,L,1,2012-01-01
2710209753,80,6,열처리유,L,1,2012-01-01
2710209754,80,6,열매체유,L,1,2012-01-01
2710209790,80,5,기타,L,1,2012-01-01
27102098,80,4,그리스,,0,
2710209810,80,5,알루미늄을 첨가한 것,L,1,2012-01-01
2710209820,80,5,칼슘을 첨가한 것,L,1,2012-01-01
2710209830,80,5,나트륨을 첨가한 것,L,1,2012-01-01
2710209840,80,5,리튬을 첨가한 것,L,1,2012-01-01
2710209890,80,5,기타,L,1,2012-01-01
2710209900,80,4,기타,L,1,2012-01-01
27109,80,2,웨이스트 오일(waste oil),,0,
271091,80,3,"폴리염소화 비페닐(PCBs), 폴리염소화 테르페닐(PCTs)이나 폴리브롬화 비페닐(PBBs)을 함유하는 것",,0,
27109110,80,4,휘발유와 그 조제품,,0,
2710911010,80,5,자동차 휘발유ㆍ항공 휘발유ㆍ제트 연료유의 것,L,1,2013-01-01
2710911020,80,5,나프타와 엔지엘(NGL)의 것,L,1,2017-01-01
2710911090,80,5,기타,L,1,2002-01-01
27109120,80,4,등유와 그 조제품의 것,,0,
2710912010,80,5,등유와 제트 연료유의 것,L,1,2013-01-01
2710912090,80,5,기타,L,1,2002-01-01
2710913000,80,4,경유로 만든 것,L,1,2013-01-01
27109140,80,4,중유로 만든 것,,0,
2710914010,80,5,경질(輕質)중유(벙커에이유)ㆍ중유(벙커비유)ㆍ벙커시유의 것,L,1,2013-01-01
2710914090,80,5,기타,L,1,2002-01-01
2710915000,80,4,조유(粗油)ㆍ윤활유[신전유(extender oil)는 제외한다]ㆍ윤활유 기유(基油)의 것,L,1,2013-01-01
2710919000,80,4,기타,L,1,2002-01-01
271099,80,3,기타,,0,
27109910,80,4,휘발유와 그 조제품의 것,,0,
2710991010,80,5,자동차 휘발유ㆍ항공 휘발유ㆍ제트 연료유의 것,L,1,2013-01-01
2710991020,80,5,나프타와 엔지엘(NGL)의 것,L,1,2017-01-01
2710991090,80,5,기타,L,1,2002-01-01
27109920,80,4,등유와 그 조제품의 것,,0,
2710992010,80,5,등유와 제트 연료유의 것,L,1,2013-01-01
2710992090,80,5,기타,L,1,2002-01-01
2710993000,80,4,경유로 만든 것,L,1,2013-01-01
27109940,80,4,중유로 만든 것,,0,
2710994010,80,5,경질(輕質)중유(벙커에이유)ㆍ중유(벙커비유)ㆍ벙커시유의 것,L,1,2013-01-01
2710994090,80,5,기타,L,1,2002-01-01
2710995000,80,4,조유(粗油)ㆍ윤활유[신전유(extender oil)는 제외한다]ㆍ윤활유 기유(基油)의 것,L,1,2013-01-01
2710999000,80,4,기타,L,1,2002-01-01
2711,80,1,석유가스와 그 밖의 가스 상태의 탄화수소,,0,
27111,80,2,액화한 것,,0,
2711110000,80,3,천연가스,,1,2002-01-01
2711120000,80,3,프로판,,1,2002-01-01
2711130000,80,3,부탄,,1,2002-01-01
271114,80,3,에틸렌ㆍ프로필렌ㆍ부틸렌ㆍ부타디엔,,0,
2711141000,80,4,에틸렌,,1,2002-01-01
2711142000,80,4,프로필렌,,1,2002-01-01
2711143000,80,4,부틸렌,,1,2002-01-01
2711144000,80,4,부타디엔,,1,2002-01-01
2711190000,80,3,기타,,1,2002-01-01
27112,80,2,가스 상태인 것,,0,
2711210000,80,3,천연가스,,1,2002-01-01
2711290000,80,3,기타,,1,2002-01-01
2712,80,1,"석유젤리ㆍ파라핀왁스ㆍ마이크로크리스털린(micro crystalline)석유왁스ㆍ슬랙왁스(slack wax)ㆍ오조케라이트(ozokerite)ㆍ갈탄왁스ㆍ토탄왁스, 그 밖의 광물성 왁스와 합성이나 그 밖의 공정에 따라 얻은 이와 유사한 물품(착색한 것인지에 상관없다)",,0,
271210,80,2,석유젤리,,0,
2712101000,80,3,바셀린,,1,2002-01-01
2712109000,80,3,기타,,1,2002-01-01
2712200000,80,2,파라핀왁스(기름의 함유량이 전 중량의 100분의 0.75 미만인 것으로 한정한다),,1,2013-01-01
271290,80,2,기타,,0,
27129010,80,3,석유왁스,,0,
2712901010,80,4,슬랙왁스와 스케일왁스,,1,2013-01-01
2712901020,80,4,마이크로크리스털린왁스,,1,2002-01-01
2712901090,80,4,기타,,1,2002-01-01
27129090,80,3,기타,,0,
2712909010,80,4,몬탄왁스,,1,2002-01-01
2712909020,80,4,토탄왁스,,1,2002-01-01
2712909030,80,4,세레신왁스,,1,2002-01-01
2712909040,80,4,합성 파라핀왁스,,1,2002-01-01
2712909090,80,4,기타,,1,2002-01-01
2713,80,1,석유코크스ㆍ석유역청(瀝靑)과 그 밖의 석유나 역청유(瀝靑油)의 잔재물,,0,
27131,80,2,석유코크스,,0,
2713110000,80,3,하소(煆燒)하지 않은 것,,1,2017-01-01
2713120000,80,3,하소(煆燒)한 것,,1,2017-01-01
2713200000,80,2,석유역청(瀝靑),,1,2013-01-01
2713900000,80,2,그 밖의 석유나 역청유(瀝靑油)의 잔재물,,1,2013-01-01
2714,80,1,"천연의 역청(瀝靑)ㆍ아스팔트, 역청질 혈암(瀝靑質 頁巖), 유모 혈암(油母 頁巖), 타르샌드(tar sand), 아스팔타이트와 아스팔트질의 암석",,0,
2714100000,80,2,"역청질 혈암(瀝靑質 頁巖)ㆍ유모 혈암(油母 頁巖), 타르샌드(tar sand)",,1,2013-01-01
271490,80,2,기타,,0,
2714901000,80,3,천연의 역청(瀝靑)과 아스팔트,,1,2013-01-01
2714902000,80,3,아스팔타이트,,1,2002-01-01
2714903000,80,3,아스팔트질의 암석,,1,2002-01-01
2715,80,1,"역청질(瀝靑質) 혼합물[천연 아스팔트, 천연 역청(瀝靑), 석유역청(瀝靑), 광물성 타르, 광물성 타르 피치(tar pitch)를 기본 재료로 한 것으로 한정한다(예: 역청질 매스틱과 컷백)]",,0,
271500,80,2,"역청질(瀝靑質) 혼합물[천연 아스팔트, 천연 역청(瀝靑), 석유역청(瀝靑), 광물성 타르, 광물성 타르 피치(tar pitch)를 기본 재료로 한 것으로 한정한다(예: 역청질 매스틱과 컷백)]",,0,
2715001000,80,3,컷백(cut-back),,1,2013-01-01
2715002000,80,3,아스팔트ㆍ역청(瀝靑)ㆍ피치(pitch)ㆍ타르의 에멀션(emulsion)이나 안정분산액,,1,2013-01-01
2715003000,80,3,매스틱(mastic),,1,2013-01-01
2715009000,80,3,기타,,1,2002-01-01
2716,80,1,전기에너지,,0,
2716000000,80,2,전기에너지,MW,1,2002-01-01
28,80,0,"제28류 무기화학품, 귀금속ㆍ희토류(稀土類)금속ㆍ방사성원소ㆍ동위원소의 유기화합물이나 무기화합물",,0,
2801,80,1,플루오르ㆍ염소ㆍ브롬ㆍ요드,,0,
2801100000,80,2,염소,,1,2002-01-01
2801200000,80,2,요드,,1,2002-01-01
280130,80,2,플루오르와 브롬,,0,
2801301000,80,3,플루오르,,1,2002-01-01
2801302000,80,3,브롬,,1,2002-01-01
2802,80,1,승화황(昇華黃)ㆍ침강황(沈降黃)ㆍ콜로이드황,,0,
280200,80,2,승화황(昇華黃)ㆍ침강황(沈降黃)ㆍ콜로이드황,,0,
2802001000,80,3,승화황(昇華黃),,1,2013-01-01
2802002000,80,3,침강황(沈降黃),,1,2013-01-01
2802003000,80,3,콜로이드황,,1,2002-01-01
2803,80,1,탄소[카본 블랙(carbon black)과 따로 분류되지 않은 탄소물품을 포함한다],,0,
280300,80,2,탄소[카본 블랙(carbon black)과 따로 분류되지 않은 탄소물품을 포함한다],,0,
2803001000,80,3,아세틸렌 블랙,,1,2002-01-01
28030090,80,3,기타,,0,
280300901,80,4,카본 블랙(carbon black),,0,
2803009011,80,5,이차전지 제조용,,1,2013-01-01
2803009019,80,5,기타,,1,2011-01-01
2803009090,80,4,기타,,1,2002-01-01
2804,80,1,수소ㆍ희가스(rare gas)와 그 밖의 비(非)금속원소,,0,
2804100000,80,2,수소,M3,1,2002-01-01
28042,80,2,희가스(rare gas),,0,
2804210000,80,3,아르곤,M3,1,2002-01-01
280429,80,3,기타,,0,
2804291000,80,4,헬륨,M3,1,2002-01-01
2804292000,80,4,네온,M3,1,2002-01-01
2804293000,80,4,크립톤,M3,1,2002-01-01
2804294000,80,4,크세논,M3,1,2002-01-01
2804299000,80,4,기타,M3,1,2002-01-01
2804300000,80,2,질소,M3,1,2002-01-01
2804400000,80,2,산소,M3,1,2002-01-01
280450,80,2,붕소와 텔루르,,0,
2804501000,80,3,붕소,,1,2002-01-01
2804502000,80,3,텔루르,,1,2002-01-01
28046,80,2,규소,,0,
280461,80,3,규소의 함유량이 전 중량의 100분의 99.99 이상인 것,,0,
28046110,80,4,태양전지 제조용,,0,
2804611010,80,5,잉곳(ingot) 또는 브릭(brick),,1,2017-01-01
2804611090,80,5,기타,,1,2017-01-01
2804619000,80,4,기타,,1,2017-01-01
2804690000,80,3,기타,,1,2002-01-01
280470,80,2,인,,0,
2804701000,80,3,황린,,1,2002-01-01
2804709000,80,3,기타,,1,2002-01-01
2804800000,80,2,비소,,1,2002-01-01
2804900000,80,2,셀렌,,1,2002-01-01
2805,80,1,"알칼리금속ㆍ알칼리토류금속, 희토류(稀土類)금속, 스칸듐과 이트륨(상호 혼합된 것인지 또는 상호 합금된 것인지에 상관없다), 수은",,0,
28051,80,2,알칼리나 알칼리토류 금속,,0,
2805110000,80,3,나트륨,,1,2002-01-01
2805120000,80,3,칼슘,,1,2002-01-01
2805190000,80,3,기타,,1,2002-01-01
280530,80,2,"희토류(稀土類)금속, 스칸듐과 이트륨(상호 혼합된 것인지 또는 상호 합금된 것인지에 상관없다)",,0,
2805301000,80,3,세륨족,,1,2022-01-01
2805302000,80,3,테르븀족,,1,2022-01-01
2805303000,80,3,에르븀족,,1,2022-01-01
2805304000,80,3,이트륨,,1,2002-01-01
2805305000,80,3,스칸듐,,1,2002-01-01
2805309000,80,3,기타,,1,2002-01-01
2805400000,80,2,수은,,1,2002-01-01
2806,80,1,염화수소(염산)와 클로로황산,,0,
2806100000,80,2,염화수소(염산),,1,2002-01-01
2806200000,80,2,클로로황산,,1,2002-01-01
2807,80,1,황산과 발연황산,,0,
280700,80,2,황산과 발연황산,,0,
28070010,80,3,황산,,0,
2807001010,80,4,반도체 제조용,,1,2013-01-01
2807001090,80,4,기타,,1,2002-01-01
2807002000,80,3,발연황산,,1,2002-01-01
2808,80,1,질산과 황질산,,0,
280800,80,2,질산과 황질산,,0,
28080010,80,3,질산,,0,
2808001010,80,4,반도체 제조용,,1,2013-01-01
2808001090,80,4,기타,,1,2002-01-01
2808002000,80,3,황질산,,1,2002-01-01
2809,80,1,"오산화인, 인산, 폴리인산(화학적으로 단일한 것인지에 상관없다)",,0,
2809100000,80,2,오산화인,,1,2002-01-01
280920,80,2,인산과 폴리인산,,0,
28092010,80,3,인산,,0,
2809201010,80,4,반도체 제조용,,1,2013-01-01
2809201090,80,4,기타,,1,2002-01-01
2809202000,80,3,폴리인산,,1,2022-01-01
2810,80,1,붕소의 산화물과 붕산,,0,
281000,80,2,붕소의 산화물과 붕산,,0,
28100010,80,3,붕소의 산화물,,0,
2810001010,80,4,삼산화 이붕소,,1,2002-01-01
2810001090,80,4,기타,,1,2002-01-01
2810002000,80,3,오르토붕산,,1,2002-01-01
2810009000,80,3,기타,,1,2002-01-01
2811,80,1,그 밖의 무기산과 무기 비(非)금속 산화물,,0,
28111,80,2,그 밖의 무기산,,0,
281111,80,3,플루오르화수소(플루오르화수소산),,0,
2811111000,80,4,반도체 제조용,,1,2013-01-01
2811119000,80,4,기타,,1,2002-01-01
2811120000,80,3,시안화수소(시안화수소산),,1,2017-01-01
281119,80,3,기타,,0,
2811192000,80,4,브롬화수소산,,1,2002-01-01
2811193000,80,4,술파민산,,1,2002-01-01
2811196000,80,4,하이포아인산,,1,2002-01-01
2811199000,80,4,기타,,1,2017-01-01
28112,80,2,그 밖의 무기 비(非)금속 산화물,,0,
2811210000,80,3,이산화탄소,,1,2002-01-01
281122,80,3,이산화규소,,0,
2811221000,80,4,화이트카본,,1,2002-01-01
28112290,80,4,기타,,0,
2811229010,80,5,실리카겔,,1,2002-01-01
2811229090,80,5,기타,,1,2002-01-01
281129,80,3,기타,,0,
2811291000,80,4,일산화탄소,,1,2002-01-01
2811292000,80,4,아산화질소,,1,2002-01-01
2811299000,80,4,기타,,1,2002-01-01
2812,80,1,비(非)금속 할로겐화물과 산화할로겐화물,,0,
28121,80,2,염화물과 산화염화물,,0,
2812110000,80,3,카보닐 디클로라이드(포스겐),,1,2017-01-01
2812120000,80,3,포스포러스 옥시클로라이드,,1,2017-01-01
2812130000,80,3,포스포러스 트리클로라이드,,1,2017-01-01
2812140000,80,3,포스포러스 펜타클로라이드,,1,2017-01-01
2812150000,80,3,설퍼 모노클로라이드,,1,2017-01-01
2812160000,80,3,설퍼 디클로라이드,,1,2017-01-01
2812170000,80,3,티오닐 클로라이드,,1,2017-01-01
2812190000,80,3,기타,,1,2017-01-01
281290,80,2,기타,,0,
2812901000,80,3,삼플루오르붕소,,1,2002-01-01
2812902000,80,3,설퍼헥사플루오라이드,,1,2002-01-01
28129030,80,3,카보닐 디플루오라이드(불화포스겐),,0,
2812903010,80,4,불소고무 제조용,,1,2022-01-01
2812903090,80,4,기타,,1,2022-01-01
2812909000,80,3,기타,,1,2002-01-01
2813,80,1,비(非)금속 황화물과 상관습(商慣習)상의 삼황화인,,0,
2813100000,80,2,이황화탄소,,1,2002-01-01
2813900000,80,2,기타,,1,2022-01-01
2814,80,1,무수(無水)암모니아나 암모니아수,,0,
2814100000,80,2,무수(無水)암모니아,,1,2013-01-01
2814200000,80,2,암모니아수,,1,2002-01-01
2815,80,1,"수산화나트륨[가성(苛性)소다], 수산화칼륨[가성(苛性)칼륨], 과산화나트륨ㆍ과산화칼륨",,0,
28151,80,2,수산화나트륨[가성(苛性)소다],,0,
2815110000,80,3,고체,,1,2013-01-01
2815120000,80,3,수용액(소다액이나 액체 상태의 소다),,1,2013-01-01
2815200000,80,2,수산화칼륨[가성(苛性)칼륨],,1,2013-01-01
2815300000,80,2,과산화나트륨이나 과산화칼륨,,1,2022-01-01
2816,80,1,"수산화마그네슘ㆍ과산화마그네슘, 스트론튬이나 바륨의 산화물ㆍ수산화물ㆍ과산화물",,0,
281610,80,2,수산화마그네슘과 과산화마그네슘,,0,
2816101000,80,3,수산화마그네슘,,1,2002-01-01
2816102000,80,3,과산화마그네슘,,1,2002-01-01
2816400000,80,2,"스트론튬이나 바륨의 산화물, 수산화물, 과산화물",,1,2013-01-01
2817,80,1,산화아연과 과산화아연,,0,
281700,80,2,산화아연과 과산화아연,,0,
2817001000,80,3,산화아연,,1,2002-01-01
2817002000,80,3,과산화아연,,1,2002-01-01
2818,80,1,"인조 커런덤(corundum)(화학적으로 단일한 것인지에 상관없다), 산화알루미늄, 수산화알루미늄",,0,
281810,80,2,인조 커런덤(corundum)(화학적으로 단일한 것인지에 상관없다),,0,
2818101000,80,3,선별된 알갱이 모양,,1,2013-01-01
2818109000,80,3,기타,,1,2002-01-01
281820,80,2,산화알루미늄[인조 커런덤(corundum)은 제외한다],,0,
2818201000,80,3,"고순도 분말의 것(산화알루미늄 함유량이 100분의 99.99(4N) 이상이며, 알갱이의 크기가 0.1마이크로미터 이상 1.0마이크로미터 이하인 것으로 한정한다)",,1,2022-01-01
2818209000,80,3,기타,,1,2022-01-01
281830,80,2,수산화알루미늄,,0,
2818301000,80,3,알루미나겔,,1,2002-01-01
2818309000,80,3,기타,,1,2002-01-01
2819,80,1,산화크로뮴과 수산화크로뮴,,0,
2819100000,80,2,삼산화크로뮴,,1,2002-01-01
281990,80,2,기타,,0,
28199010,80,3,산화크로뮴,,0,
2819901010,80,4,산화제이크로뮴,,1,2002-01-01
2819901090,80,4,기타,,1,2002-01-01
2819902000,80,3,수산화크로뮴,,1,2002-01-01
2820,80,1,산화망간,,0,
2820100000,80,2,이산화망간,,1,2002-01-01
2820900000,80,2,기타,,1,2022-01-01
2821,80,1,산화철ㆍ수산화철ㆍ어스컬러(earth colour)[화합철분의 함유량이 산화제이철(Fe2O3)로서 계산하여 전 중량의 100분의 70 이상인 것으로 한정한다],,0,
282110,80,2,산화철과 수산화철,,0,
2821101000,80,3,산화철,,1,2002-01-01
2821102000,80,3,수산화철,,1,2002-01-01
2821200000,80,2,어스컬러(earth colour),,1,2013-01-01
2822,80,1,"산화코발트, 수산화코발트, 상관습(商慣習)상의 산화코발트",,0,
282200,80,2,"산화코발트, 수산화코발트, 상관습(商慣習)상의 산화코발트",,0,
28220010,80,3,산화코발트,,0,
2822001010,80,4,산화제이코발트,,1,2002-01-01
282200109,80,4,기타,,0,
2822001091,80,5,이차전지 제조용,,1,2013-01-01
2822001099,80,5,기타,,1,2007-01-01
28220020,80,3,수산화코발트,,0,
2822002010,80,4,수산화제일코발트,,1,2002-01-01
2822002090,80,4,기타,,1,2002-01-01
2823,80,1,산화티타늄,,0,
282300,80,2,산화티타늄,,0,
2823001000,80,3,아나타스형,,1,2002-01-01
2823009000,80,3,기타,,1,2002-01-01
2824,80,1,산화납ㆍ연단(鉛丹)ㆍ오렌지납,,0,
2824100000,80,2,일산화납[리사지(litharge)ㆍ메시코트(massicot)],,1,2013-01-01
282490,80,2,기타,,0,
2824901000,80,3,연단(鉛丹)과 오렌지납,,1,2013-01-01
2824909000,80,3,기타,,1,2007-01-01
2825,80,1,"히드라진ㆍ히드록실아민과 이들의 무기염, 그 밖의 무기염기ㆍ금속산화물ㆍ금속수산화물ㆍ금속과산화물",,0,
282510,80,2,히드라진ㆍ히드록실아민과 이들의 무기염,,0,
2825101000,80,3,히드라진 히드레이트,,1,2002-01-01
2825102000,80,3,히드록실아민,,1,2022-01-01
2825109000,80,3,기타,,1,2022-01-01
282520,80,2,산화리튬과 수산화리튬,,0,
2825201000,80,3,산화리튬,,1,2002-01-01
2825202000,80,3,수산화리튬,,1,2002-01-01
282530,80,2,산화바나듐과 수산화바나듐,,0,
2825301000,80,3,오산화바나듐,,1,2002-01-01
2825309000,80,3,기타,,1,2002-01-01
282540,80,2,산화니켈과 수산화니켈,,0,
2825401000,80,3,산화니켈,,1,2002-01-01
2825402000,80,3,수산화니켈,,1,2002-01-01
282550,80,2,산화구리와 수산화구리,,0,
2825501000,80,3,산화구리,,1,2013-01-01
28255020,80,3,수산화구리,,0,
2825502010,80,4,농약원제(農藥原劑)(｢농약관리법｣에 따라 등록된 것으로 한정한다),,1,2017-01-01
2825502090,80,4,기타,,1,2007-01-01
282560,80,2,산화게르마늄과 이산화지르코늄,,0,
2825601000,80,3,산화게르마늄,,1,2002-01-01
2825602000,80,3,이산화지르코늄,,1,2002-01-01
282570,80,2,산화몰리브덴과 수산화몰리브덴,,0,
2825701000,80,3,산화몰리브덴,,1,2002-01-01
2825702000,80,3,수산화몰리브덴,,1,2002-01-01
2825800000,80,2,산화안티모니,,1,2013-01-01
282590,80,2,기타,,0,
28259010,80,3,금속의 산화물,,0,
2825901010,80,4,산화칼슘,,1,2002-01-01
2825901020,80,4,산화텅스텐,,1,2002-01-01
2825901030,80,4,산화주석,,1,2022-01-01
2825901040,80,4,니켈 코발트 알루미늄 산화물,,1,2022-01-01
2825901090,80,4,기타,,1,2002-01-01
28259020,80,3,금속의 수산화물,,0,
2825902010,80,4,수산화칼슘,,1,2002-01-01
2825902050,80,4,니켈 코발트 망간 수산화물,,1,2022-01-01
2825902090,80,4,기타,,1,2002-01-01
2825903000,80,3,금속과산화물,,1,2022-01-01
2825909000,80,3,기타,,1,2002-01-01
2826,80,1,"플루오르화물, 플루오르화규산염ㆍ플루오르화알루미늄산염과 그 밖의 플루오르착염",,0,
28261,80,2,플루오르화물,,0,
2826120000,80,3,플루오르화알루미늄,,1,2002-01-01
282619,80,3,기타,,0,
2826191000,80,4,플루오르화칼슘,,1,2002-01-01
28261930,80,4,플루오르화칼륨,,0,
2826193010,80,5,산성플루오르화칼륨,,1,2012-01-01
2826193090,80,5,기타,,1,2002-01-01
2826194000,80,4,플루오르화암모늄이나 플루오르화나트륨,,1,2013-01-01
2826195000,80,4,텅스텐 헥사플루오라이드(WF6),,1,2009-01-01
2826199000,80,4,기타,,1,2002-01-01
2826300000,80,2,육플루오르화알루미늄산나트륨[인조 빙정석(氷晶石)],,1,2013-01-01
282690,80,2,기타,,0,
2826901000,80,3,인조치올라이트,,1,2002-01-01
2826902000,80,3,플루오르화규산칼슘,,1,2002-01-01
2826903000,80,3,플루오르화붕산염,,1,2002-01-01
2826904000,80,3,플루오르화인산염,,1,2002-01-01
2826905000,80,3,플루오르화황산염,,1,2002-01-01
2826906000,80,3,플루오르화규산나트륨이나 플루오르화규산칼륨,,1,2013-01-01
2826909000,80,3,기타,,1,2002-01-01
2827,80,1,"염화물ㆍ산화염화물ㆍ수산화염화물, 브롬화물ㆍ산화브롬화물과 요드화물ㆍ산화요드화물",,0,
2827100000,80,2,염화암모늄,,1,2002-01-01
2827200000,80,2,염화칼슘,,1,2002-01-01
28273,80,2,그 밖의 염화물,,0,
2827310000,80,3,마그네슘 염화물,,1,2002-01-01
2827320000,80,3,알루미늄 염화물,,1,2002-01-01
2827350000,80,3,니켈 염화물,,1,2002-01-01
282739,80,3,기타,,0,
2827391000,80,4,구리염화물,,1,2013-01-01
2827399000,80,4,기타,,1,2002-01-01
28274,80,2,산화염화물과 수산화염화물,,0,
282741,80,3,산화염화구리와 수산화염화구리,,0,
2827411000,80,4,산화염화구리,,1,2013-01-01
28274120,80,4,수산화염화구리,,0,
2827412010,80,5,농약원제(農藥原劑)(｢농약관리법｣에 따라 등록된 것으로 한정한다),,1,2017-01-01
2827412090,80,5,기타,,1,2007-01-01
282749,80,3,기타,,0,
2827491000,80,4,산화염화물,,1,2002-01-01
2827492000,80,4,수산화염화물,,1,2002-01-01
28275,80,2,브롬화물과 산화브롬화물,,0,
282751,80,3,브롬화나트륨이나 브롬화칼륨,,0,
2827511000,80,4,브롬화나트륨,,1,2002-01-01
2827512000,80,4,브롬화칼륨,,1,2002-01-01
2827590000,80,3,기타,,1,2022-01-01
282760,80,2,요드화합물과 산화요드화물,,0,
2827601000,80,3,산화요드화물,,1,2002-01-01
28276090,80,3,기타,,0,
2827609010,80,4,요드화칼륨,,1,2002-01-01
2827609090,80,4,기타,,1,2002-01-01
2828,80,1,하이포아염소산염ㆍ상관습(商慣習)상의 하이포아염소산칼슘ㆍ아염소산염ㆍ하이포아브롬산염,,0,
2828100000,80,2,상관습(商慣習)상의 하이포아염소산칼슘과 그 밖의 하이포아염소산칼슘,,1,2013-01-01
282890,80,2,기타,,0,
2828901000,80,3,아염소산나트륨,,1,2022-01-01
2828909000,80,3,기타,,1,2022-01-01
2829,80,1,"염소산염과 과염소산염, 브롬산염과 과브롬산염, 요드산염과 과요드산염",,0,
28291,80,2,염소산염,,0,
2829110000,80,3,염소산나트륨,,1,2002-01-01
2829190000,80,3,기타,,1,2022-01-01
282990,80,2,기타,,0,
2829901000,80,3,과염소산암모늄,,1,2022-01-01
2829909000,80,3,기타,,1,2022-01-01
2830,80,1,황화물과 폴리황화물(화학적으로 단일한 것인지에 상관없다),,0,
283010,80,2,황화나트륨,,0,
2830101000,80,3,황화수소나트륨,,1,2002-01-01
2830109000,80,3,기타,,1,2002-01-01
283090,80,2,기타,,0,
2830901000,80,3,황화물,,1,2002-01-01
2830902000,80,3,폴리황화물,,1,2002-01-01
2831,80,1,아이티온산염과 술폭실산염,,0,
283110,80,2,아이티온산나트륨과 술폭실산나트륨,,0,
2831101000,80,3,아이티온산나트륨,,1,2002-01-01
2831102000,80,3,술폭실산나트륨(포름알데히드 술폭실산나트륨),,1,2002-01-01
2831900000,80,2,기타,,1,2022-01-01
2832,80,1,아황산염과 티오황산염,,0,
2832100000,80,2,아황산나트륨,,1,2022-01-01
2832200000,80,2,그 밖의 아황산염,,1,2022-01-01
283230,80,2,티오황산염,,0,
2832302000,80,3,티오황산 나트륨,,1,2002-01-01
2832309000,80,3,기타,,1,2002-01-01
2833,80,1,황산염ㆍ명반ㆍ과산화황산염(과황산염),,0,
28331,80,2,황산나트륨,,0,
2833110000,80,3,황산이나트륨,,1,2002-01-01
2833190000,80,3,기타,,1,2022-01-01
28332,80,2,그 밖의 황산염,,0,
2833210000,80,3,황산마그네슘,,1,2002-01-01
283322,80,3,황산알루미늄,,0,
2833221000,80,4,이차전지 제조용,,1,2013-01-01
2833229000,80,4,기타,,1,2011-01-01
2833240000,80,3,황산니켈,,1,2002-01-01
283325,80,3,황산구리,,0,
2833251000,80,4,농약원제(農藥原劑)(｢농약관리법｣에 따라 등록된 것으로 한정한다),,1,2017-01-01
2833259000,80,4,기타,,1,2007-01-01
2833270000,80,3,황산바륨,,1,2002-01-01
283329,80,3,기타,,0,
2833291000,80,4,황산철,,1,2002-01-01
28332920,80,4,황산코발트,,0,
2833292010,80,5,이차전지 제조용,,1,2013-01-01
2833292090,80,5,기타,,1,2011-01-01
28332930,80,4,황산망간,,0,
2833293010,80,5,이차전지 제조용,,1,2013-01-01
2833293090,80,5,기타,,1,2011-01-01
2833299000,80,4,기타,,1,2002-01-01
2833300000,80,2,명반,,1,2002-01-01
283340,80,2,과산화황산염(과황산염),,0,
2833401000,80,3,과황산암모늄,,1,2002-01-01
2833402000,80,3,과황산나트륨,,1,2002-01-01
2833409000,80,3,기타,,1,2002-01-01
2834,80,1,아질산염과 질산염,,0,
2834100000,80,2,아질산염,,1,2022-01-01
28342,80,2,질산염,,0,
2834210000,80,3,질산칼륨,,1,2002-01-01
283429,80,3,기타,,0,
2834291000,80,4,질산바륨,,1,2002-01-01
2834299000,80,4,기타,,1,2002-01-01
2835,80,1,"포스피네이트(하이포아인산염)ㆍ포스포네이트(아인산염)ㆍ인산염, 폴리인산염(화학적으로 단일한 것인지에 상관없다)",,0,
283510,80,2,포스피네이트(하이포아인산염)와 포스포네이트(아인산염),,0,
2835101000,80,3,하이포아인산나트륨,,1,2022-01-01
2835109000,80,3,기타,,1,2022-01-01
28352,80,2,인산염,,0,
283522,80,3,인산일나트륨이나 인산이나트륨,,0,
2835221000,80,4,인산일나트륨,,1,2002-01-01
2835222000,80,4,인산이나트륨,,1,2002-01-01
2835240000,80,3,인산칼륨,,1,2002-01-01
2835250000,80,3,오르토인산수소칼슘(인산이칼슘),,1,2022-01-01
2835260000,80,3,그 밖의 인산칼슘,,1,2013-01-01
283529,80,3,기타,,0,
2835291000,80,4,인산알루미늄,,1,2002-01-01
2835299000,80,4,기타,,1,2022-01-01
28353,80,2,폴리인산염,,0,
2835310000,80,3,삼인산나트륨(트리폴리인산나트륨),,1,2002-01-01
283539,80,3,기타,,0,
2835391000,80,4,메타인산나트륨,,1,2002-01-01
2835392000,80,4,피로인산나트륨,,1,2002-01-01
2835399000,80,4,기타,,1,2002-01-01
2836,80,1,"탄산염, 과산화탄산염(과탄산염), 상관습(商慣習)상의 탄산암모늄(카르밤산암모늄을 함유한 것으로 한정한다)",,0,
2836200000,80,2,탄산이나트륨,,1,2002-01-01
2836300000,80,2,탄산수소나트륨(중탄산나트륨),,1,2002-01-01
2836400000,80,2,탄산칼륨,,1,2002-01-01
2836500000,80,2,탄산칼슘,,1,2002-01-01
2836600000,80,2,탄산바륨,,1,2002-01-01
28369,80,2,기타,,0,
2836910000,80,3,탄산리튬,,1,2002-01-01
2836920000,80,3,탄산스트론튬,,1,2002-01-01
283699,80,3,기타,,0,
28369910,80,4,탄산염,,0,
2836991010,80,5,탄산마그네슘,,1,2002-01-01
2836991020,80,5,상관습상의 탄산암모늄과 그 밖의 탄산암모늄,,1,2013-01-01
283699103,80,5,탄산망간,,0,
2836991031,80,6,이차전지 제조용,,1,2013-01-01
2836991039,80,6,기타,,1,2011-01-01
2836991090,80,5,기타,,1,2002-01-01
2836992000,80,4,과산화탄산염(과탄산염),,1,2002-01-01
2837,80,1,시안화물ㆍ산화시안화물ㆍ시안착염,,0,
28371,80,2,시안화물과 산화시안화물,,0,
283711,80,3,시안화나트륨과 산화시안화나트륨,,0,
2837111000,80,4,시안화나트륨,,1,2002-01-01
2837112000,80,4,산화시안화나트륨,,1,2002-01-01
283719,80,3,기타,,0,
28371910,80,4,시안화물,,0,
2837191010,80,5,시안화칼륨,,1,2002-01-01
2837191020,80,5,시안화구리,,1,2013-01-01
2837191030,80,5,시안화아연,,1,2002-01-01
2837191090,80,5,기타,,1,2002-01-01
2837192000,80,4,산화시안화물,,1,2002-01-01
283720,80,2,시안착염,,0,
2837201000,80,3,페로시안화물,,1,2002-01-01
2837202000,80,3,페리시안화물,,1,2002-01-01
2837209000,80,3,기타,,1,2002-01-01
2839,80,1,규산염과 상관습(商慣習)상의 알칼리금속의 규산염,,0,
28391,80,2,규산나트륨,,0,
2839110000,80,3,메타규산나트륨,,1,2002-01-01
2839190000,80,3,기타,,1,2002-01-01
283990,80,2,기타,,0,
2839901000,80,3,규산지르코늄,,1,2002-01-01
2839902000,80,3,규산바륨,,1,2002-01-01
2839909000,80,3,기타,,1,2002-01-01
2840,80,1,붕산염과 과산화붕산염(과붕산염),,0,
28401,80,2,사붕산이나트륨[정제붕사(精製硼砂)],,0,
2840110000,80,3,무수물(無水物),,1,2013-01-01
2840190000,80,3,기타,,1,2002-01-01
2840200000,80,2,그 밖의 붕산염,,1,2013-01-01
2840300000,80,2,과산화붕산염(과붕산염),,1,2002-01-01
2841,80,1,산화금속산염이나 과산화금속산염,,0,
2841300000,80,2,중크롬산나트륨,,1,2002-01-01
2841500000,80,2,"그 밖의 크롬산염과 중크롬산염, 과산화크롬산염",,1,2022-01-01
28416,80,2,아망간산염ㆍ망간산염ㆍ과망간산염,,0,
2841610000,80,3,과망간산칼륨,,1,2002-01-01
284169,80,3,기타,,0,
2841691000,80,4,아망간산염,,1,2002-01-01
2841692000,80,4,망간산염,,1,2002-01-01
2841693000,80,4,과망간산염,,1,2002-01-01
2841700000,80,2,몰리브덴산염,,1,2002-01-01
2841800000,80,2,텅스텐산염[울프라메이트(wolframate)],,1,2013-01-01
284190,80,2,기타,,0,
2841901000,80,3,주석산염,,1,2012-01-01
28419020,80,3,티탄산염,,0,
2841902010,80,4,티탄산바륨,,1,2002-01-01
2841902090,80,4,기타,,1,2002-01-01
2841903000,80,3,안티몬산염,,1,2002-01-01
2841904000,80,3,철산염과 아철산염,,1,2013-01-01
2841905000,80,3,바나듐산염,,1,2002-01-01
28419090,80,3,기타,,0,
2841909010,80,4,코발트산 리튬,,1,2022-01-01
2841909020,80,4,니켈코발트망간 산화물의 리튬염,,1,2022-01-01
2841909030,80,4,니켈코발트알루미늄 산화물의 리튬염,,1,2022-01-01
2841909040,80,4,니켈코발트망간알루미늄 산화물의 리튬염,,1,2022-01-01
2841909090,80,4,기타,,1,2022-01-01
2842,80,1,"그 밖의 무기산염이나 과산화산염[알루미노실리케이트(화학적으로 단일한 것인지에 상관없다)를 포함하며, 아지드화물은 제외한다]",,0,
284210,80,2,규산의 겹염이나 착염(화학적으로 단일한 것인지에 상관없으며 알루미노실리케이트를 포함한다),,0,
2842101000,80,3,알루미노실리케이트,,1,2002-01-01
2842109000,80,3,기타,,1,2002-01-01
284290,80,2,기타,,0,
2842903000,80,3,황을 함유하는 겹염이나 착염,,1,2013-01-01
2842909000,80,3,기타,,1,2002-01-01
2843,80,1,"콜로이드 귀금속, 귀금속의 무기화합물이나 유기화합물(화학적으로 단일한 화합물인지에 상관없다), 귀금속의 아말감(amalgam)",,0,
2843100000,80,2,콜로이드 귀금속,,1,2022-01-01
28432,80,2,은 화합물,,0,
2843210000,80,3,질산은,,1,2022-01-01
2843290000,80,3,기타,,1,2022-01-01
284330,80,2,금 화합물,,0,
2843301000,80,3,반도체 제조용 금청산칼륨,,1,2002-01-01
2843309000,80,3,기타,,1,2002-01-01
284390,80,2,그 밖의 화합물과 아말감(amalgam),,0,
2843901000,80,3,아말감(amalgam),,1,2013-01-01
28439090,80,3,그 밖의 화합물,,0,
2843909010,80,4,백금 화합물,,1,2002-01-01
2843909090,80,4,기타,,1,2002-01-01
2844,80,1,"방사성원소ㆍ방사성동위원소(핵분열성이나 연료핵친원소와 동위원소를 포함한다)와 이들의 화합물, 이들의 물품을 함유한 혼합물과 잔재물",,0,
284410,80,2,"천연 우라늄과 그 화합물, 합금ㆍ분산물(分散物)[서멧(cermet)을 포함한다]ㆍ도자제품과 이들의 혼합물(천연 우라늄이나 천연 우라늄 화합물을 함유하는 것으로 한정한다)",,0,
2844101000,80,3,천연 우라늄,,1,2013-01-01
2844102000,80,3,분산물(分散物)(천연 우라늄이나 그 화합물을 함유하는 것으로 한정한다),,1,2013-01-01
2844109000,80,3,기타,,1,2002-01-01
284420,80,2,"우라늄 235를 농축한 우라늄과 그 화합물, 플루토늄과 그 화합물, 합금ㆍ분산물(分散物)[서멧(cermet)을 포함한다]ㆍ도자제품과 이들의 혼합물(우라늄 235를 농축한 우라늄ㆍ플루토늄이나 이들의 화합물을 함유하는 것으로 한정한다)",,0,
2844201000,80,3,우라늄 235를 농축한 우라늄,,1,2002-01-01
2844202000,80,3,분산물(分散物)(우라늄 235를 농축한 우라늄ㆍ플루토늄이나 이들의 화합물을 함유한 것으로 한정한다),,1,2013-01-01
2844209000,80,3,기타,,1,2002-01-01
284430,80,2,"우라늄 235를 열화시킨 우라늄과 그 화합물, 토륨과 그 화합물, 합금ㆍ분산물(分散物)[서멧(cermet)을 포함한다]ㆍ도자제품과 이들의 혼합물(우라늄 235를 열화시킨 우라늄ㆍ토륨이나 이들의 화합물을 함유하는 것으로 한정한다)",,0,
2844301000,80,3,분산물(分散物)(우라늄 235를 열화시킨 우라늄과 토륨이나 이들의 화합물을 함유하는 것으로 한정한다),,1,2013-01-01
2844309000,80,3,기타,,1,2002-01-01
28444,80,2,"방사성원소ㆍ방사성동위원소와 이들의 화합물(소호 제2844.10호ㆍ제2844.20호ㆍ제2844.30호의 것은 제외한다), 합금ㆍ분산물(分散物)[서멧(cermet)을 포함한다]ㆍ도자제품과 이들의 혼합물(이들의 방사성원소ㆍ방사성동위원소나 화합물을 함유하는 것으로 한정한다), 방사성 잔재물",,0,
2844410000,80,3,"삼중수소와 그 화합물, 합금ㆍ분산물(分散物)[서멧(cermet)을 포함한다]ㆍ도자제품과 이들의 혼합물(삼중수소와 그 화합물을 함유하는 것으로 한정한다)",,1,2022-01-01
2844420000,80,3,"악티늄-225ㆍ악티늄-227ㆍ캘리포늄-253ㆍ퀴륨-240ㆍ퀴륨-241ㆍ퀴륨-242ㆍ퀴륨-243ㆍ퀴륨-244ㆍ아인슈타이늄-253ㆍ아인슈타이늄-254ㆍ가돌리늄-148ㆍ폴로늄-208ㆍ폴로늄-209ㆍ폴로늄-210ㆍ라듐-223ㆍ우라늄-230ㆍ우라늄-232와 이들의 화합물, 합금ㆍ분산물(分散物)[서멧(cermet)을 포함한다]ㆍ도자제품과 이들의 혼합물(이들 원소나 그 화합물을 함유하는 것으로 한정한다)",,1,2022-01-01
2844430000,80,3,"그 밖의 방사성원소ㆍ방사성동위원소와 이들의 화합물, 합금ㆍ분산물(分散物)[서멧(cermet)을 포함한다]ㆍ도자제품과 이들의 혼합물(이들 방사성원소ㆍ방사성동위원소나 화합물을 함유하는 것으로 한정한다)",,1,2022-01-01
2844440000,80,3,방사성 잔재물,,1,2022-01-01
2844500000,80,2,핵반응로에서 사용[조사(照射)]된 연료 요소[카트리지(cartridge)],,1,2013-01-01
2845,80,1,동위원소(제2844호의 것은 제외한다)와 그 동위원소의 무기화합물이나 유기화합물(화학적으로 단일한 것인지에 상관없다),,0,
2845100000,80,2,중수(重水)(산화 중수소),,1,2013-01-01
2845200000,80,2,붕소-10을 농축한 붕소와 그 화합물,,1,2022-01-01
2845300000,80,2,리튬-6을 농축한 리튬과 그 화합물,,1,2022-01-01
2845400000,80,2,헬륨-3,,1,2022-01-01
284590,80,2,기타,,0,
2845901000,80,3,중수소,,1,2002-01-01
2845902000,80,3,탄소의 동위원소,,1,2002-01-01
2845909000,80,3,기타,,1,2002-01-01
2846,80,1,희토류(稀土類)금속ㆍ이트륨ㆍ스칸듐이나 이들 금속혼합물의 무기ㆍ유기 화합물,,0,
2846100000,80,2,세륨화합물,,1,2002-01-01
284690,80,2,기타,,0,
2846901000,80,3,산화이트륨,,1,2002-01-01
2846909000,80,3,기타,,1,2002-01-01
2847,80,1,과산화수소(요소로 고체화한 것인지에 상관없다),,0,
284700,80,2,과산화수소(요소로 고체화한 것인지에 상관없다),,0,
2847002000,80,3,반도체 제조용,,1,2013-01-01
2847009000,80,3,기타,,1,2002-01-01
2849,80,1,탄화물(화학적으로 단일한 것인지에 상관없다),,0,
2849100000,80,2,탄화칼슘,,1,2002-01-01
2849200000,80,2,탄화규소,,1,2002-01-01
284990,80,2,기타,,0,
2849901000,80,3,복탄화물,,1,2002-01-01
28499090,80,3,기타,,0,
2849909010,80,4,탄화텅스텐,,1,2002-01-01
2849909090,80,4,기타,,1,2002-01-01
2850,80,1,수소화물ㆍ질화물ㆍ아지드화물ㆍ규화물ㆍ붕화물(화학적으로 단일한 것인지에 상관없으며 제2849호의 탄화물은 제외한다),,0,
285000,80,2,수소화물ㆍ질화물ㆍ아지드화물ㆍ규화물ㆍ붕화물(화학적으로 단일한 것인지에 상관없으며 제2849호의 탄화물은 제외한다),,0,
2850001000,80,3,수소화물,,1,2002-01-01
2850002000,80,3,질화물,,1,2002-01-01
2850003000,80,3,아지드화물,,1,2012-01-01
2850004000,80,3,규화물,,1,2002-01-01
2850005000,80,3,붕화물,,1,2002-01-01
2852,80,1,무기나 유기의 수은화합물[화학적으로 단일한 것인지에 상관없으며 아말감(amalgam)은 제외한다],,0,
2852100000,80,2,화학적으로 단일한 것,,1,2022-01-01
285290,80,2,기타,,0,
2852903000,80,3,소호 제3501.90호의 카세인산염과 그 밖의 카세인 유도체의 것(커피크리머 제조용은 제외한다),,1,2022-01-01
2852909000,80,3,기타,,1,2022-01-01
2853,80,1,"인화물(燐化物)(화학적으로 단일한 것인지에 상관없으며 인철은 제외한다), 그 밖의 무기화합물[증류수나 전도도수(傳導度水)와 이와 유사한 순도의 물을 포함한다], 액체 공기[희가스(rare gas)가 제거된 것인지에 상관없다], 압축 공기, 아말감(amalgam)[귀금속의 아말감(amalgam)은 제외한다]",,0,
2853100000,80,2,시아노겐 클로라이드(클로르시안),,1,2022-01-01
285390,80,2,기타,,0,
2853901000,80,3,"증류수, 전도도수와 이와 유사한 순도의 물",,1,2017-01-01
2853902000,80,3,인화물(燐化物)(화학적으로 단일한 것인지에 상관없으며 인철은 제외한다),,1,2017-01-01
2853909000,80,3,기타,,1,2017-01-01
29,80,0,제29류 유기화학품,,0,
2901,80,1,비환식탄화수소,,0,
290110,80,2,포화비환식탄화수소,,0,
2901101000,80,3,부탄,,1,2002-01-01
2901102000,80,3,헥산,,1,2002-01-01
2901103000,80,3,헵탄,,1,2002-01-01
2901109000,80,3,기타,,1,2002-01-01
29012,80,2,불포화비환식탄화수소,,0,
2901210000,80,3,에틸렌,,1,2002-01-01
2901220000,80,3,프로펜(프로필렌),,1,2002-01-01
2901230000,80,3,부텐(부틸렌)과 이들의 이성체,,1,2013-01-01
290124,80,3,"1,3-부타디엔과 이소프렌",,0,
2901241000,80,4,"1,3-부타디엔",,1,2002-01-01
2901242000,80,4,이소프렌,,1,2002-01-01
290129,80,3,기타,,0,
2901291000,80,4,헥센,,1,2002-01-01
2901292000,80,4,옥텐,,1,2002-01-01
2901299000,80,4,기타,,1,2002-01-01
2902,80,1,환식탄화수소,,0,
29021,80,2,포화지환식ㆍ불포화지환식ㆍ시클로테르펜,,0,
2902110000,80,3,시클로헥산,,1,2002-01-01
290219,80,3,기타,,0,
2902191000,80,4,에틸리덴 노르보넨,,1,2009-01-01
2902199000,80,4,기타,,1,2009-01-01
2902200000,80,2,벤젠,,1,2002-01-01
2902300000,80,2,톨루엔,,1,2002-01-01
29024,80,2,크실렌,,0,
2902410000,80,3,오르토-크실렌,,1,2002-01-01
2902420000,80,3,메타-크실렌,,1,2002-01-01
2902430000,80,3,파라-크실렌,,1,2002-01-01
2902440000,80,3,혼합크실렌이성체,,1,2002-01-01
2902500000,80,2,스티렌,,1,2002-01-01
2902600000,80,2,에틸벤젠,,1,2002-01-01
2902700000,80,2,큐멘,,1,2002-01-01
290290,80,2,기타,,0,
2902901000,80,3,나프탈렌,,1,2002-01-01
2902902000,80,3,메틸나프탈렌,,1,2002-01-01
2902903000,80,3,메틸스티렌,,1,2002-01-01
2902909000,80,3,기타,,1,2002-01-01
2903,80,1,탄화수소의 할로겐화 유도체,,0,
29031,80,2,포화비환식탄화수소의 염소화유도체,,0,
290311,80,3,염화메탄(염화메틸)과 염화에탄(염화에틸),,0,
2903111000,80,4,염화메탄(염화메틸),,1,2002-01-01
2903112000,80,4,염화에탄(염화에틸),,1,2002-01-01
2903120000,80,3,이염화메탄(염화메틸렌),,1,2002-01-01
2903130000,80,3,클로로포름(삼염화메탄),,1,2002-01-01
2903140000,80,3,사염화탄소,,1,2002-01-01
2903150000,80,3,"이염화에틸렌(ISO)(1,2-이염화에탄)",,1,2002-01-01
2903190000,80,3,기타,,1,2022-01-01
29032,80,2,불포화비환식탄화수소의 염소화유도체,,0,
2903210000,80,3,염화비닐(염화에틸렌),,1,2002-01-01
2903220000,80,3,삼염화에틸렌,,1,2002-01-01
2903230000,80,3,사염화에틸렌(과염화에틸렌),,1,2002-01-01
2903290000,80,3,기타,,1,2002-01-01
29034,80,2,포화비환식탄화수소의 플루오르화 유도체,,0,
2903410000,80,3,트리플루오로메탄(HFC-23),,1,2022-01-01
2903420000,80,3,디플루오로메탄(HFC-32),,1,2022-01-01
2903430000,80,3,"플루오로메탄(HFC-41), 1,2-디플루오로에탄(HFC-152)과 1,1-디플루오르에탄(HFC-152a)",,1,2022-01-01
2903440000,80,3,"펜타플루오로에탄(HFC-125), 1,1,1-트리플루오로에탄(HFC-143a)과 1,1,2-트리플루오로에탄(HFC-143)",,1,2022-01-01
2903450000,80,3,"1,1,1,2-테트라플루오로에탄(HFC-134a)과 1,1,2,2-테트라플루오로에탄(HFC-134)",,1,2022-01-01
2903460000,80,3,"1,1,1,2,3,3,3-헵타플루오로프로판(HFC-227ea), 1,1,1,2,2,3-헥사플루오로프로판(HFC-236cb), 1,1,1,2,3,3-헥사플루오로프로판(HFC-236ea)과 1,1,1,3,3,3-헥사플루오로프로판(HFC-236fa)",,1,2022-01-01
2903470000,80,3,"1,1,1,3,3-펜타플루오로프로판(HFC-245fa)과 1,1,2,2,3-펜타플루오로프로판(HFC-245ca)",,1,2022-01-01
2903480000,80,3,"1,1,1,3,3-펜타플루오로부탄(HFC-365mfc)과 1,1,1,2,2,3,4,5,5,5-데카플루오로펜탄(HFC-43-10mee)",,1,2022-01-01
290349,80,3,기타,,0,
2903491000,80,4,헥사플루오로에탄(CFC-116),,1,2022-01-01
2903499000,80,4,기타,,1,2022-01-01
29035,80,2,불포화비환식탄화수소의 플루오르화 유도체,,0,
2903510000,80,3,"2,3,3,3-테트라플루오르프로펜(HFO-1234yf), 1,3,3,3-테트라플루오르프로펜(HFO-1234ze)과 (Z)-1,1,1,4,4,4-헥사플루오르-2-부텐(HFO-1336mzz)",,1,2022-01-01
2903590000,80,3,기타,,1,2022-01-01
29036,80,2,비환식탄화수소의 브롬화ㆍ요드화유도체,,0,
2903610000,80,3,브롬화메틸(브로모메탄),,1,2022-01-01
2903620000,80,3,"에틸렌 디브로마이드(ISO)(1,2-디브로모에탄)",,1,2022-01-01
2903690000,80,3,기타,,1,2022-01-01
29037,80,2,비환식탄화수소의 할로겐화유도체(서로 다른 두 가지 이상의 할로겐을 가지는 것으로 한정한다),,0,
2903710000,80,3,클로로디플루오로메탄(HCFC-22),,1,2022-01-01
2903720000,80,3,디클로로트리플루오로에탄(HCFC-123),,1,2022-01-01
2903730000,80,3,"디클로로플루오로에탄(HCFC-141, 141b)",,1,2022-01-01
2903740000,80,3,"클로로디플루오로에탄(HCFC-142, 142b)",,1,2022-01-01
2903750000,80,3,"디클로로펜타플루오로프로판(HCFC-225, 225ca, 225cb)",,1,2022-01-01
2903760000,80,3,"브로모클로로디플루오로메탄(Halon-1211), 브로모트리플루오로메탄(Halon-1301), 디브로모테트라플루오로에탄(Halon-2402)",,1,2022-01-01
2903770000,80,3,기타(불소와 염소만으로 퍼할로겐화한 것),,1,2017-01-01
2903780000,80,3,그 밖의 퍼할로겐화유도체,,1,2013-01-01
2903790000,80,3,기타,,1,2022-01-01
29038,80,2,포화지환식ㆍ불포화지환식ㆍ시클로테르펜탄화수소의 할로겐화유도체,,0,
2903810000,80,3,"1,2,3,4,5,6-헥사클로로시클로헥산[HCH(ISO)][린데인(ISO, INN)을 포함한다]",,1,2012-01-01
2903820000,80,3,"앨드린(ISO), 클로르덴(ISO), 헵타클로르(ISO)",,1,2013-01-01
2903830000,80,3,미렉스(ISO),,1,2017-01-01
290389,80,3,기타,,0,
2903891000,80,4,헥사브로모사이클로도데칸(HBCDs),,1,2025-01-01
2903899000,80,4,기타,,1,2025-01-01
29039,80,2,방향족 탄화수소의 할로겐화유도체,,0,
2903910000,80,3,"클로로벤젠, 오르토-디클로로벤젠, 파라-디클로로벤젠",,1,2022-01-01
2903920000,80,3,"헥사클로로벤젠(ISO)과 디디티(ISO)[클로페노탄(INN), 1,1,1-트리클로로-2,2-비스(파라-클로로페닐)에탄]",,1,2022-01-01
2903930000,80,3,펜타클로로벤젠(ISO),,1,2017-01-01
2903940000,80,3,헥사브로모비페닐,,1,2017-01-01
290399,80,3,기타,,0,
2903992000,80,4,트리클로로벤젠,,1,2022-01-01
2903999000,80,4,기타,,1,2012-01-01
2904,80,1,탄화수소의 술폰화유도체ㆍ니트로화유도체나 니트로소화유도체(할로겐화된 것인지에 상관없다),,0,
2904100000,80,2,술폰화유도체와 이들의 염과 에틸에스테르,,1,2022-01-01
290420,80,2,니트로나 니트로소화 유도체,,0,
2904201000,80,3,니트로톨루엔,,1,2002-01-01
29042090,80,3,기타,,0,
2904209010,80,4,니트로벤젠,,1,2002-01-01
2904209090,80,4,기타,,1,2002-01-01
29043,80,2,"과불화옥탄술폰산, 그 염과 과불화옥탄술포닐플루오라이드",,0,
2904310000,80,3,과불화옥탄술폰산,,1,2017-01-01
2904320000,80,3,과불화옥탄술폰산 암모늄,,1,2017-01-01
2904330000,80,3,과불화옥탄술폰산 리튬,,1,2017-01-01
2904340000,80,3,과불화옥탄술폰산 칼륨,,1,2017-01-01
2904350000,80,3,그 밖의 과불화옥탄술폰산의 염,,1,2017-01-01
2904360000,80,3,과불화옥탄술포닐플루오라이드,,1,2017-01-01
29049,80,2,기타,,0,
2904910000,80,3,트리클로로니트로메탄(클로로피크린),,1,2017-01-01
2904990000,80,3,기타,,1,2017-01-01
2905,80,1,비환식알코올과 이들의 할로겐화유도체ㆍ술폰화유도체ㆍ니트로화유도체ㆍ니트로소화유도체,,0,
29051,80,2,포화 1가알코올,,0,
2905110000,80,3,메탄올(메틸알코올),,1,2002-01-01
290512,80,3,1-프로판올(프로필알코올)과 2-프로판올(이소프로필알코올),,0,
2905121000,80,4,1-프로판올(프로필알코올),,1,2002-01-01
29051220,80,4,2-프로판올(이소프로필알코올),,0,
2905122010,80,5,반도체 제조용,,1,2013-01-01
2905122090,80,5,기타,,1,2002-01-01
2905130000,80,3,1-부탄올(노르말-부틸알코올),,1,2002-01-01
2905140000,80,3,그 밖의 부탄올,,1,2013-01-01
290516,80,3,옥탄올(옥틸알코올)과 그 이성체,,0,
2905161000,80,4,2-에틸헥실알코올,,1,2002-01-01
2905169000,80,4,기타,,1,2002-01-01
290517,80,3,"1-도데칸올(라우릴알코올), 1-헥사데칸올(세틸알코올), 1-옥타데칸올(스테아릴알코올)",,0,
2905171000,80,4,1-도데칸올(라우릴알코올),,1,2002-01-01
2905172000,80,4,1-헥사데칸올(세틸알코올),,1,2002-01-01
2905173000,80,4,1-옥타데칸올(스테아릴알코올),,1,2002-01-01
290519,80,3,기타,,0,
2905191000,80,4,헵틸알코올,,1,2002-01-01
2905192000,80,4,노닐알코올,,1,2002-01-01
2905193000,80,4,이소노닐알코올,,1,2002-01-01
2905194000,80,4,펜탄올(아밀알코올)과 그 이성체,,1,2007-01-01
29051990,80,4,기타,,0,
2905199010,80,5,"3,3-디메틸부탄-2-올(피나코릴 알코올)",,1,2002-01-01
2905199020,80,5,2-프로필 헵틸 알코올,,1,2013-01-01
2905199030,80,5,이소데실 알코올,,1,2002-01-01
2905199090,80,5,기타,,1,2002-01-01
29052,80,2,불포화 1가알코올,,0,
290522,80,3,비환식테르펜알코올,,0,
2905221000,80,4,게라니올ㆍ시트로네롤ㆍ리날롤ㆍ로디놀ㆍ네롤,,1,2013-01-01
2905229000,80,4,기타,,1,2002-01-01
2905290000,80,3,기타,,1,2002-01-01
29053,80,2,2가알코올,,0,
2905310000,80,3,에틸렌글리콜(에탄디올),,1,2002-01-01
2905320000,80,3,"프로필렌글리콜(프로판-1,2-디올)",,1,2002-01-01
290539,80,3,기타,,0,
2905391000,80,4,"1,4-부탄디올",,1,2002-01-01
2905392000,80,4,네오펜틸 글리콜,,1,2002-01-01
2905399000,80,4,기타,,1,2002-01-01
29054,80,2,그 밖의 다가알코올,,0,
2905410000,80,3,"2-에틸-2-(히드록시메틸)프로판-1,3-디올(트리메틸올프로판)",,1,2002-01-01
2905420000,80,3,펜타에리트리톨,,1,2002-01-01
2905430000,80,3,만니톨,,1,2002-01-01
2905440000,80,3,디-글루시톨(소르비톨),,1,2002-01-01
2905450000,80,3,글리세롤,,1,2002-01-01
2905490000,80,3,기타,,1,2002-01-01
29055,80,2,비환식알코올의 할로겐화유도체ㆍ술폰화유도체ㆍ니트로화유도체ㆍ니트로소화유도체,,0,
2905510000,80,3,에스클로비놀(INN),,1,2002-01-01
2905590000,80,3,기타,,1,2002-01-01
2906,80,1,환식알코올과 이들의 할로겐화유도체ㆍ술폰화유도체ㆍ니트로화유도체ㆍ니트로소화유도체,,0,
29061,80,2,포화지환식ㆍ불포화지환식ㆍ시클로테르펜,,0,
2906110000,80,3,멘톨,,1,2002-01-01
2906120000,80,3,시클로헥산올ㆍ메틸시클로헥산올ㆍ디메틸시클로헥산올,,1,2013-01-01
290613,80,3,스테롤과 이노시톨,,0,
2906131000,80,4,스테롤,,1,2002-01-01
2906132000,80,4,이노시톨,,1,2002-01-01
290619,80,3,기타,,0,
2906191000,80,4,보르네올,,1,2002-01-01
2906192000,80,4,테르피네올,,1,2007-01-01
2906199000,80,4,기타,,1,2002-01-01
29062,80,2,방향족(芳香族),,0,
2906210000,80,3,벤질알코올,,1,2002-01-01
2906290000,80,3,기타,,1,2022-01-01
2907,80,1,페놀과 페놀알코올,,0,
29071,80,2,1가페놀,,0,
290711,80,3,페놀(석탄산)과 그 염,,0,
2907111000,80,4,페놀,,1,2002-01-01
2907112000,80,4,페놀의 염,,1,2002-01-01
290712,80,3,크레졸과 그 염,,0,
2907121000,80,4,크레졸,,1,2002-01-01
2907122000,80,4,크레졸의 염,,1,2002-01-01
290713,80,3,"옥틸페놀ㆍ노닐페놀과 이들의 이성체, 이들의 염",,0,
2907131000,80,4,옥틸페놀,,1,2002-01-01
2907132000,80,4,노닐페놀,,1,2002-01-01
2907139000,80,4,기타,,1,2002-01-01
290715,80,3,나프톨과 이들의 염,,0,
2907151000,80,4,나프톨,,1,2002-01-01
2907152000,80,4,나프톨의 염,,1,2002-01-01
290719,80,3,기타,,0,
2907191000,80,4,티몰,,1,2002-01-01
2907192000,80,4,크실레놀과 이들의 염,,1,2013-01-01
2907199000,80,4,기타,,1,2002-01-01
29072,80,2,다가페놀과 페놀알코올,,0,
290721,80,3,레조르시놀과 그 염,,0,
2907211000,80,4,레조르시놀,,1,2022-01-01
2907212000,80,4,레조르시놀의 염,,1,2022-01-01
290722,80,3,히드로퀴논(퀴놀)과 그 염,,0,
2907221000,80,4,히드로퀴논,,1,2002-01-01
2907222000,80,4,히드로퀴논의 염,,1,2002-01-01
290723,80,3,"4,4＇-이소프로필리덴디페놀(비스페놀에이, 디페닐올프로판)과 그 염",,0,
2907231000,80,4,"4,4´-이소프로필리덴디페놀(비스페놀에이)",,1,2022-01-01
2907232000,80,4,"4,4´-이소프로필리덴디페놀(비스페놀에이)의 염",,1,2022-01-01
290729,80,3,기타,,0,
2907291000,80,4,카테콜,,1,2002-01-01
2907299000,80,4,기타,,1,2002-01-01
2908,80,1,페놀이나 페놀알코올의 할로겐화유도체ㆍ술폰화유도체ㆍ니트로화유도체ㆍ니트로소화유도체,,0,
29081,80,2,할로겐화유도체와 이들의 염,,0,
2908110000,80,3,펜타클로로페놀(ISO),,1,2007-01-01
290819,80,3,기타,,0,
2908191000,80,4,클로로페놀(펜타클로로페놀은 제외한다),,1,2013-01-01
2908192000,80,4,테트라브로모비스페놀에이,,1,2007-01-01
2908193000,80,4,트리브로모페놀,,1,2007-01-01
2908199000,80,4,기타,,1,2007-01-01
29089,80,2,기타,,0,
2908910000,80,3,디노셉(ISO)과 그 염,,1,2007-01-01
2908920000,80,3,"4,6-디니트로-오르토-크레졸[DNOC(ISO)]과 그 염",,1,2015-01-01
2908990000,80,3,기타,,1,2022-01-01
2909,80,1,에테르ㆍ에테르알코올ㆍ에테르페놀ㆍ에테르알코올페놀ㆍ과산화알코올ㆍ과산화에테르ㆍ과산화아세탈과 과산화헤미아세탈ㆍ과산화케톤(화학적으로 단일한 것인지에 상관없다)과 이들의 할로겐화유도체ㆍ술폰화유도체ㆍ니트로화유도체ㆍ니트로소화유도체,,0,
29091,80,2,비환식에테르와 이들의 할로겐화유도체ㆍ술폰화유도체ㆍ니트로화유도체ㆍ니트로소화유도체,,0,
2909110000,80,3,디에틸에테르,,1,2002-01-01
290919,80,3,기타,,0,
2909191000,80,4,비스(클로로메틸)에테르,,1,2002-01-01
2909192000,80,4,메틸터샤리 부틸에테르,,1,2002-01-01
2909199000,80,4,기타,,1,2002-01-01
2909200000,80,2,포화지환식ㆍ불포화지환식ㆍ시클로테르펜에테르와 이들의 할로겐화유도체ㆍ술폰화유도체ㆍ니트로화유도체ㆍ니트로소화유도체,,1,2014-01-01
290930,80,2,방향족(芳香族)에테르와 이들의 할로겐화유도체ㆍ술폰화유도체ㆍ니트로화유도체ㆍ니트로소화유도체,,0,
2909301000,80,3,아니솔,,1,2002-01-01
2909302000,80,3,아네톨,,1,2002-01-01
2909303000,80,3,디페닐 에테르,,1,2002-01-01
2909304000,80,3,앰브렛 머스크,,1,2002-01-01
2909305000,80,3,데카브로모디페닐 옥사이드(데카브로모디페닐 에테르),,1,2025-01-01
29093090,80,3,기타,,0,
2909309010,80,4,농약원제(農藥原劑)(｢농약관리법｣에 따라 등록된 것으로 한정한다),,1,2017-01-01
2909309090,80,4,기타,,1,2007-01-01
29094,80,2,에테르알코올과 이들의 할로겐화유도체ㆍ술폰화유도체ㆍ니트로화유도체ㆍ니트로소화유도체,,0,
2909410000,80,3,"2,2'-옥시디에탄올(디에틸렌글리콜, 디골)",,1,2022-01-01
2909430000,80,3,에틸렌글리콜의 모노부틸에테르와 디에틸렌글리콜의 모노부틸에테르,,1,2002-01-01
290944,80,3,에틸렌글리콜의 그 밖의 모노알킬에테르와 디에틸렌글리콜의 그 밖의 모노알킬에테르,,0,
2909441000,80,4,에틸렌글리콜의 모노메틸에테르와 디에틸렌글리콜의 모노메틸에테르,,1,2022-01-01
2909449000,80,4,기타,,1,2007-01-01
290949,80,3,기타,,0,
2909491000,80,4,트리에틸렌 글리콜,,1,2002-01-01
2909499000,80,4,기타,,1,2002-01-01
2909500000,80,2,"에테르페놀, 에테르알코올페놀과 이들의 할로겐화유도체ㆍ술폰화유도체ㆍ니트로화유도체ㆍ니트로소화유도체",,1,2022-01-01
290960,80,2,과산화알코올ㆍ과산화에테르ㆍ과산화아세탈과 과산화헤미아세탈ㆍ과산화케톤과 이들의 할로겐화유도체ㆍ술폰화유도체ㆍ니트로화유도체ㆍ니트로소화유도체,,0,
2909601000,80,3,과산화알코올,,1,2002-01-01
2909602000,80,3,디쿠밀퍼록사이드,,1,2002-01-01
2909603000,80,3,메틸에틸케톤퍼록사이드,,1,2002-01-01
2909604000,80,3,과산화아세탈과 과산화헤미아세탈,,1,2022-01-01
2909609000,80,3,기타,,1,2002-01-01
2910,80,1,3원고리의 에폭시드ㆍ에폭시알코올ㆍ에폭시페놀ㆍ에폭시에테르와 이들의 할로겐화유도체ㆍ술폰화유도체ㆍ니트로화유도체ㆍ니트로소화유도체,,0,
2910100000,80,2,옥시란(에틸렌옥사이드),,1,2002-01-01
2910200000,80,2,메틸옥시란(프로필렌옥사이드),,1,2002-01-01
2910300000,80,2,"1-클로로-2,3-에폭시프로판(에피클로로히드린)",,1,2002-01-01
2910400000,80,2,"디엘드린(ISO, INN)",,1,2007-01-01
2910500000,80,2,엔드린(ISO),,1,2017-01-01
2910900000,80,2,기타,,1,2002-01-01
2911,80,1,아세탈ㆍ헤미아세탈(그 밖의 산소관능 결합을 한 것인지에 상관없다)과 이들의 할로겐화유도체ㆍ술폰화유도체ㆍ니트로화유도체ㆍ니트로소화유도체,,0,
2911000000,80,2,아세탈ㆍ헤미아세탈(그 밖의 산소관능 결합을 한 것인지에 상관없다)과 이들의 할로겐화유도체ㆍ술폰화유도체ㆍ니트로화유도체ㆍ니트로소화유도체,,1,2022-01-01
2912,80,1,"알데히드(그 밖의 산소관능 결합을 한 것인지에 상관없다), 알데히드의 환식중합체, 파라포름알데히드",,0,
29121,80,2,비환식알데히드(그 밖의 산소관능 결합을 하지 않은 것으로 한정한다),,0,
2912110000,80,3,메탄알(포름알데히드),,1,2002-01-01
2912120000,80,3,에탄알(아세트알데히드),,1,2002-01-01
291219,80,3,기타,,0,
2912193000,80,4,"부탄알(부티르알데히드, 노르말-이성체)",,1,2017-01-01
2912199000,80,4,기타,,1,2002-01-01
29122,80,2,환식알데히드(그 밖의 산소관능 결합을 하지 않은 것으로 한정한다),,0,
2912210000,80,3,벤즈알데히드,,1,2002-01-01
2912290000,80,3,기타,,1,2022-01-01
29124,80,2,"알데히드-알코올, 알데히드-에테르ㆍ알데히드-페놀과 그 밖의 산소관능 알데히드",,0,
2912410000,80,3,바닐린(4-히드록시-3-메톡시벤즈알데히드),,1,2002-01-01
2912420000,80,3,에틸바닐린(3-에톡시-4-히드록시벤즈알데히드),,1,2002-01-01
2912490000,80,3,기타,,1,2022-01-01
2912500000,80,2,알데히드의 환식중합체,,1,2022-01-01
2912600000,80,2,파라포름알데히드,,1,2002-01-01
2913,80,1,제2912호의 물품의 할로겐화유도체ㆍ술폰화유도체ㆍ니트로화유도체ㆍ니트로소화유도체,,0,
2913000000,80,2,제2912호의 물품의 할로겐화유도체ㆍ술폰화유도체ㆍ니트로화유도체ㆍ니트로소화유도체,,1,2013-01-01
2914,80,1,케톤ㆍ퀴논(그 밖의 산소관능 결합을 한 것인지에 상관없다)과 이들의 할로겐화유도체ㆍ술폰화유도체ㆍ니트로화유도체ㆍ니트로소화유도체,,0,
29141,80,2,비환식케톤(그 밖의 산소관능 결합을 하지 않은 것으로 한정한다),,0,
2914110000,80,3,아세톤,,1,2002-01-01
2914120000,80,3,부탄온(메틸에틸케톤),,1,2002-01-01
2914130000,80,3,4-메틸펜탄-2-온(메틸이소부틸케톤),,1,2002-01-01
2914190000,80,3,기타,,1,2022-01-01
29142,80,2,포화지환식ㆍ불포화지환식ㆍ시클로테르펜케톤(그 밖의 산소관능 결합을 하지 않은 것으로 한정한다),,0,
291422,80,3,시클로헥사논과 메틸시클로헥사논,,0,
2914221000,80,4,시클로헥사논,,1,2002-01-01
2914222000,80,4,메틸시클로헥사논,,1,2002-01-01
291423,80,3,이오논과 메틸이오논,,0,
2914231000,80,4,이오논,,1,2002-01-01
2914232000,80,4,메틸이오논,,1,2002-01-01
291429,80,3,기타,,0,
2914291000,80,4,자스몬,,1,2002-01-01
2914299000,80,4,기타,,1,2002-01-01
29143,80,2,방향족 케톤(그 밖의 산소관능 결합을 하지 않은 것으로 한정한다),,0,
2914310000,80,3,페닐아세톤(페닐프로판-2-온),,1,2002-01-01
2914390000,80,3,기타,,1,2002-01-01
291440,80,2,케톤-알코올과 케톤-알데히드,,0,
2914401000,80,3,디아세톤 알코올(4-히드록시-4-메틸펜탄-2-온),,1,2002-01-01
2914409000,80,3,기타,,1,2002-01-01
291450,80,2,케톤-페놀과 그 밖의 산소관능 케톤,,0,
2914501000,80,3,케톤-페놀,,1,2002-01-01
2914509000,80,3,기타,,1,2002-01-01
29146,80,2,퀴논,,0,
2914610000,80,3,안트라퀴논,,1,2002-01-01
2914620000,80,3,코엔자임 Q10[유비데카레논(INN)],,1,2017-01-01
291469,80,3,기타,,0,
2914691000,80,4,안트라퀴논의 유도체,,1,2002-01-01
2914699000,80,4,기타,,1,2022-01-01
29147,80,2,할로겐화유도체ㆍ술폰화유도체ㆍ니트로화유도체ㆍ니트로소화유도체,,0,
2914710000,80,3,클로르데콘(ISO),,1,2017-01-01
291479,80,3,기타,,0,
2914791000,80,4,농약원제(農藥原劑)(｢농약관리법｣에 따라 등록된 것으로 한정한다),,1,2022-01-01
2914799000,80,4,기타,,1,2017-01-01
2915,80,1,"포화비환식모노카르복시산과 이들의 무수물(無水物)ㆍ할로겐화물ㆍ과산화물ㆍ과산화산, 이들의 할로겐화유도체ㆍ술폰화유도체ㆍ니트로화유도체ㆍ니트로소화유도체",,0,
29151,80,2,"포름산, 그 염과 에스테르",,0,
2915110000,80,3,포름산,,1,2002-01-01
291512,80,3,포름산의 염,,0,
2915121000,80,4,포름산 칼슘,,1,2002-01-01
2915129000,80,4,기타,,1,2002-01-01
2915130000,80,3,포름산의 에스테르,,1,2022-01-01
29152,80,2,"초산과 그 염, 무수(無水)초산",,0,
2915210000,80,3,초산,,1,2002-01-01
2915240000,80,3,무수(無水)초산,,1,2013-01-01
291529,80,3,기타,,0,
2915291000,80,4,초산칼슘,,1,2002-01-01
2915292000,80,4,초산나트륨,,1,2007-01-01
2915293000,80,4,초산코발트,,1,2007-01-01
2915299000,80,4,기타,,1,2002-01-01
29153,80,2,초산에스테르,,0,
2915310000,80,3,초산에틸,,1,2002-01-01
2915320000,80,3,초산비닐,,1,2002-01-01
291533,80,3,초산노르말부틸,,0,
2915331000,80,4,반도체 제조용,,1,2013-01-01
2915339000,80,4,기타,,1,2002-01-01
2915360000,80,3,초산디노셉(ISO),,1,2007-01-01
291539,80,3,기타,,0,
2915391000,80,4,초산아밀,,1,2002-01-01
2915392000,80,4,초산이소아밀,,1,2002-01-01
2915393000,80,4,초산메틸,,1,2002-01-01
2915394000,80,4,초산이소부틸,,1,2007-01-01
2915395000,80,4,초산2-에톡시에틸,,1,2007-01-01
2915399000,80,4,기타,,1,2002-01-01
291540,80,2,"모노클로로 아세트산ㆍ디클로로 아세트산ㆍ트리클로로 아세트산, 이들의 염과 에스테르",,0,
2915401000,80,3,모노클로로 아세트산,,1,2002-01-01
2915409000,80,3,기타,,1,2002-01-01
2915500000,80,2,"프로피온산, 그 염과 에스테르",,1,2013-01-01
2915600000,80,2,"부탄산ㆍ펜탄산, 이들의 염과 에스테르",,1,2013-01-01
291570,80,2,"팔미트산ㆍ스테아르산, 이들의 염과 에스테르",,0,
2915701000,80,3,"팔미트산, 그 염과 에스테르",,1,2013-01-01
29157020,80,3,"스테아르산, 그 염과 에스테르",,0,
2915702010,80,4,스테아르산,,1,2002-01-01
2915702020,80,4,스테아르산 마그네슘,,1,2002-01-01
2915702030,80,4,스테아르산 연,,1,2002-01-01
2915702040,80,4,스테아르산 아연,,1,2002-01-01
2915702050,80,4,스테아르산 바륨,,1,2002-01-01
2915702060,80,4,스테아르산 카드뮴,,1,2002-01-01
2915702070,80,4,스테아르산 칼슘,,1,2002-01-01
2915702080,80,4,스테아르산 부틸,,1,2002-01-01
2915702090,80,4,기타,,1,2002-01-01
291590,80,2,기타,,0,
2915901000,80,3,네오데카노일 클로라이드와 피발로일클로라이드,,1,2002-01-01
29159090,80,3,기타,,0,
2915909010,80,4,2-에틸헥소산,,1,2002-01-01
2915909020,80,4,2-에틸헥실클로로포르메이트,,1,2022-01-01
2915909030,80,4,과불화옥탄산(PFOA)과 그 염,,1,2025-01-01
2915909090,80,4,기타,,1,2002-01-01
2916,80,1,"불포화비환식모노카르복시산ㆍ환식모노카르복시산과 이들의 무수물(無水物)ㆍ할로겐화물ㆍ과산화물ㆍ과산화산, 이들의 할로겐화유도체ㆍ술폰화유도체ㆍ니트로화유도체ㆍ니트로소화유도체",,0,
29161,80,2,"불포화비환식모노카르복시산, 이들의 무수물(無水物)ㆍ할로겐화물ㆍ과산화물ㆍ과산화산, 이들의 유도체",,0,
291611,80,3,아크릴산과 그 염,,0,
2916111000,80,4,아크릴산,,1,2002-01-01
2916119000,80,4,기타,,1,2002-01-01
291612,80,3,아크릴산의 에스테르,,0,
2916121000,80,4,아크릴산에틸,,1,2002-01-01
2916122000,80,4,아크릴산메틸,,1,2002-01-01
2916123000,80,4,아크릴산부틸,,1,2002-01-01
2916124000,80,4,아크릴산 2-에틸헥실,,1,2002-01-01
2916129000,80,4,기타,,1,2002-01-01
291613,80,3,메타아크릴산과 그 염,,0,
2916131000,80,4,메타아크릴산,,1,2002-01-01
2916139000,80,4,기타,,1,2002-01-01
291614,80,3,메타아크릴산의 에스테르,,0,
2916141000,80,4,메타아크릴산메틸,,1,2002-01-01
2916149000,80,4,기타,,1,2002-01-01
291615,80,3,"올레산ㆍ리놀레산ㆍ리놀렌산, 이들의 염과 에스테르",,0,
2916151000,80,4,"올레산, 그 염과 에스테르",,1,2013-01-01
2916152000,80,4,"리놀레산, 그 염과 에스테르",,1,2013-01-01
2916153000,80,4,"리놀렌산, 그 염과 에스테르",,1,2022-01-01
2916160000,80,3,비나파크릴(ISO),,1,2012-01-01
2916190000,80,3,기타,,1,2002-01-01
291620,80,2,"포화지환식ㆍ불포화지환식ㆍ시클로테르펜모노카르복시산, 이들의 무수물(無水物)ㆍ할로겐화물ㆍ과산화물ㆍ과산화산, 이들의 유도체",,0,
2916203000,80,3,농약원제(農藥原劑)(｢농약관리법｣에 따라 등록된 것으로 한정한다),,1,2022-01-01
2916209000,80,3,기타,,1,2022-01-01
29163,80,2,"방향족(芳香族) 모노카르복시산과 이들의 무수물(無水物)ㆍ할로겐화물ㆍ과산화물ㆍ과산화산, 이들의 유도체",,0,
291631,80,3,"벤조산, 그 염과 에스테르",,0,
2916311000,80,4,벤조산,,1,2002-01-01
2916312000,80,4,벤조산나트륨,,1,2002-01-01
2916313000,80,4,벤조산벤질,,1,2002-01-01
29163190,80,4,기타,,0,
2916319010,80,5,농약원제(農藥原劑)(｢농약관리법｣에 따라 등록된 것으로 한정한다),,1,2017-01-01
2916319090,80,5,기타,,1,2007-01-01
291632,80,3,과산화벤조일과 염화벤조일,,0,
2916321000,80,4,과산화벤조일,,1,2002-01-01
2916322000,80,4,염화벤조일,,1,2002-01-01
2916340000,80,3,페닐아세트산과 그 염,,1,2022-01-01
291639,80,3,기타,,0,
2916391000,80,4,계피산,,1,2002-01-01
29163990,80,4,기타,,0,
2916399010,80,5,농약원제(農藥原劑)(｢농약관리법｣에 따라 등록된 것으로 한정한다),,1,2017-01-01
2916399090,80,5,기타,,1,2007-01-01
2917,80,1,"폴리카르복시산과 이들의 무수물(無水物)ㆍ할로겐화물ㆍ과산화물ㆍ과산화산, 이들의 할로겐화유도체ㆍ술폰화유도체ㆍ니트로화유도체ㆍ니트로소화유도체",,0,
29171,80,2,"비환식폴리카르복시산과 이들의 무수물(無水物)ㆍ할로겐화물ㆍ과산화물ㆍ과산화산, 이들의 유도체",,0,
291711,80,3,"옥살산, 그 염과 에스테르",,0,
2917111000,80,4,옥살산,,1,2002-01-01
2917112000,80,4,옥살산의 염,,1,2002-01-01
2917113000,80,4,옥살산의 에스테르,,1,2002-01-01
291712,80,3,"아디프산, 그 염과 에스테르",,0,
2917121000,80,4,아디프산,,1,2002-01-01
2917122000,80,4,아디프산의 염,,1,2002-01-01
29171230,80,4,아디프산의 에스테르,,0,
2917123010,80,5,아디프산 디옥틸,,1,2002-01-01
2917123090,80,5,기타,,1,2002-01-01
291713,80,3,"아젤라산ㆍ세바스산, 이들의 염과 에스테르",,0,
2917131000,80,4,"아젤라산, 그 염과 에스테르",,1,2013-01-01
2917132000,80,4,"세바스산, 그 염과 에스테르",,1,2013-01-01
2917140000,80,3,무수말레산,,1,2002-01-01
291719,80,3,기타,,0,
2917192000,80,4,숙신산,,1,2002-01-01
2917193000,80,4,숙신산 나트륨,,1,2002-01-01
2917199000,80,4,기타,,1,2002-01-01
2917200000,80,2,"포화지환식ㆍ불포화지환식ㆍ시클로테르펜폴리카르복시산, 이들의 무수물(無水物)ㆍ할로겐화물ㆍ과산화물ㆍ과산화산, 이들의 유도체",,1,2013-01-01
29173,80,2,"방향족 폴리카르복시산, 이들의 무수물(無水物)ㆍ할로겐화물ㆍ과산화물ㆍ과산화산, 이들의 유도체",,0,
291732,80,3,오르토프탈산디옥틸,,0,
2917321000,80,4,오르토프탈산 디-2-에틸헥실,,1,2002-01-01
2917329000,80,4,기타,,1,2002-01-01
291733,80,3,오르토프탈산디노닐과 오르토프탈산디데실,,0,
2917331000,80,4,오르토프탈산디노닐,,1,2002-01-01
2917332000,80,4,오르토프탈산디데실,,1,2002-01-01
291734,80,3,그 밖의 오르토프탈산의 에스테르,,0,
2917341000,80,4,오르토프탈산 디헵틸,,1,2002-01-01
2917342000,80,4,오르토프탈산 디이소데실,,1,2002-01-01
2917343000,80,4,오르토프탈산 디부틸,,1,2007-01-01
2917349000,80,4,기타,,1,2002-01-01
2917350000,80,3,무수프탈산,,1,2002-01-01
291736,80,3,테레프탈산과 그 염,,0,
2917361000,80,4,테레프탈산,,1,2002-01-01
2917369000,80,4,기타,,1,2002-01-01
2917370000,80,3,테레프탈산디메틸,,1,2002-01-01
291739,80,3,기타,,0,
2917391000,80,4,이소프탈산,,1,2002-01-01
2917392000,80,4,트리옥틸트리메리테이트(T.O.T.M),,1,2002-01-01
2917393000,80,4,무수트리멜리트산,,1,2012-01-01
2917399000,80,4,기타,,1,2002-01-01
2918,80,1,"추가 산소관능을 갖는 카르복시산과 이들의 무수물(無水物)ㆍ할로겐화물ㆍ과산화물ㆍ과산화산, 이들의 할로겐유도체ㆍ술폰화유도체ㆍ니트로화유도체ㆍ니트로소화유도체",,0,
29181,80,2,"알코올관능의 카르복시산(그 밖의 산소관능을 가지지는 않은 것으로 한정한다), 이들의 무수물(無水物)ㆍ할로겐화물ㆍ과산화물ㆍ과산화산, 이들의 유도체",,0,
291811,80,3,"락트산, 그 염과 에스테르",,0,
2918111000,80,4,락트산,,1,2002-01-01
2918112000,80,4,락트산의 염,,1,2002-01-01
2918113000,80,4,락트산의 에스테르,,1,2002-01-01
2918120000,80,3,타르타르산,,1,2002-01-01
291813,80,3,타르타르산의 염과 에스테르,,0,
2918131000,80,4,타르타르산의 염,,1,2002-01-01
2918132000,80,4,타르타르산의 에스테르,,1,2002-01-01
2918140000,80,3,시트르산,,1,2002-01-01
291815,80,3,시트르산의 염과 에스테르,,0,
2918151000,80,4,시트르산의 염,,1,2022-01-01
2918152000,80,4,시트르산의 에스테르,,1,2002-01-01
291816,80,3,"글루콘산, 그 염과 에스테르",,0,
2918161000,80,4,글루콘산,,1,2002-01-01
2918162000,80,4,글루콘산의 염,,1,2002-01-01
2918163000,80,4,글루콘산의 에스테르,,1,2002-01-01
2918170000,80,3,"2,2-디페닐-2-하이드록시아세트산(벤질산)",,1,2017-01-01
2918180000,80,3,클로로벤질레이트(ISO),,1,2007-01-01
291819,80,3,기타,,0,
29181910,80,4,그 밖의 알코올관능의 카르복시산,,0,
2918191010,80,5,말산,,1,2002-01-01
2918191090,80,5,기타,,1,2002-01-01
2918192000,80,4,그 밖의 알코올관능의 카르복시산의 염,,1,2022-01-01
2918193000,80,4,그 밖의 알코올관능의 카르복시산의 에스테르,,1,2022-01-01
2918199000,80,4,기타,,1,2002-01-01
29182,80,2,"페놀관능기의 카르복시산(그 밖의 산소관능을 가지지 않은 것으로 한정한다), 이들의 무수물(無水物)ㆍ할로겐화물ㆍ과산화물ㆍ과산화산, 이들의 유도체",,0,
2918210000,80,3,살리실산과 그 염,,1,2022-01-01
2918220000,80,3,"오르토-아세틸살리실산, 그 염과 에스테르",,1,2022-01-01
291823,80,3,그 밖의 살리실산의 에스테르와 이들의 염,,0,
2918231000,80,4,그 밖의 살리실산의 에스테르,,1,2022-01-01
2918232000,80,4,그 밖의 살리실산에스테르의 염,,1,2013-01-01
291829,80,3,기타,,0,
2918291000,80,4,베타옥시나프토산과 그 염,,1,2002-01-01
29182990,80,4,기타,,0,
2918299010,80,5,갈산,,1,2002-01-01
2918299030,80,5,파라히드록시 벤조산,,1,2002-01-01
2918299090,80,5,기타,,1,2002-01-01
291830,80,2,"알데히드ㆍ케톤관능기의 카르복시산(그 밖의 산소관능을 가지지 않은 것으로 한정한다), 이들의 무수물(無水物)ㆍ할로겐화물ㆍ과산화물ㆍ과산화산, 이들의 유도체",,0,
2918301000,80,3,농약원제(農藥原劑)(｢농약관리법｣에 따라 등록된 것으로 한정한다),,1,2017-01-01
2918309000,80,3,기타,,1,2007-01-01
29189,80,2,기타,,0,
2918910000,80,3,"2,4,5-티(ISO)(2,4,5-트리클로로페녹시아세트산), 그 염과 에스테르",,1,2013-01-01
291899,80,3,기타,,0,
2918991000,80,4,농약원제(農藥原劑)(｢농약관리법｣에 따라 등록된 것으로 한정한다),,1,2017-01-01
2918999000,80,4,기타,,1,2007-01-01
2919,80,1,"인산에스테르와 이들의 염(락토포스페이트를 포함한다), 이들의 할로겐화유도체ㆍ술폰화유도체ㆍ니트로화유도체ㆍ니트로소화유도체",,0,
2919100000,80,2,"트리스(2,3-디브로모프로필) 포스페이트",,1,2007-01-01
291990,80,2,기타,,0,
29199010,80,3,인산에스테르,,0,
2919901010,80,4,농약원제(農藥原劑)(｢농약관리법｣에 따라 등록된 것으로 한정한다),,1,2022-01-01
2919901090,80,4,기타,,1,2007-01-01
2919902000,80,3,인산에스테르의 염,,1,2007-01-01
2919909000,80,3,기타,,1,2007-01-01
2920,80,1,"그 밖의 비(非)금속 무기산의 에스테르(할로겐화수소의 에스테르는 제외한다)와 이들의 염, 이들의 할로겐화유도체ㆍ술폰화유도체ㆍ니트로화유도체ㆍ니트로소화유도체",,0,
29201,80,2,"티오인산에스테르(포스포로티오에이트)와 이들의 염, 이들의 할로겐화유도체ㆍ술폰화유도체ㆍ니트로화유도체ㆍ니트로소화유도체",,0,
292011,80,3,파라티온(ISO)과 파라티온-메틸(ISO)(메틸-파라티온),,0,
2920111000,80,4,농약원제(農藥原劑)(｢농약관리법｣에 따라 등록된 것으로 한정한다),,1,2017-01-01
2920119000,80,4,기타,,1,2007-01-01
292019,80,3,기타,,0,
2920191000,80,4,농약원제(農藥原劑)(｢농약관리법｣에 따라 등록된 것으로 한정한다),,1,2017-01-01
2920199000,80,4,기타,,1,2017-01-01
29202,80,2,"아인산 에스테르와 그 염, 그들의 할로겐화유도체ㆍ술폰화유도체ㆍ니트로화유도체ㆍ니트로소화유도체",,0,
2920210000,80,3,디메틸 포스파이트,,1,2017-01-01
2920220000,80,3,디에틸 포스파이트,,1,2017-01-01
2920230000,80,3,트리메틸 포스파이트,,1,2017-01-01
2920240000,80,3,트리에틸 포스파이트,,1,2017-01-01
2920290000,80,3,기타,,1,2017-01-01
292030,80,2,엔도설판(ISO),,0,
2920301000,80,3,농약원제(農藥原劑)(｢농약관리법｣에 따라 등록된 것으로 한정한다),,1,2022-01-01
2920309000,80,3,기타,,1,2017-01-01
292090,80,2,기타,,0,
2920904000,80,3,농약원제(農藥原劑)(｢농약관리법｣에 따라 등록된 것으로 한정한다),,1,2022-01-01
2920909,80,3,기타,,0,
29209091,80,4,황산에스테르의 것,,0,
2920909110,80,5,황산디메틸,,1,2022-01-01
2920909190,80,5,기타,,1,2022-01-01
2920909200,80,4,탄산에스테르의 것,,1,2022-01-01
2920909900,80,4,기타,,1,2022-01-01
2921,80,1,아민관능화합물,,0,
29211,80,2,"비환식모노아민과 이들의 유도체, 이들의 염",,0,
292111,80,3,메틸아민ㆍ디메틸아민ㆍ트리메틸아민과 이들의 염,,0,
29211110,80,4,메틸아민과 그 염,,0,
2921111010,80,5,메틸아민,,1,2002-01-01
2921111020,80,5,메틸아민의 염,,1,2002-01-01
29211120,80,4,디메틸아민과 그 염,,0,
2921112010,80,5,디메틸아민,,1,2002-01-01
2921112020,80,5,디메틸아민의 염,,1,2002-01-01
29211130,80,4,트리메틸아민과 그 염,,0,
2921113010,80,5,트리메틸아민,,1,2002-01-01
2921113020,80,5,트리메틸아민의 염,,1,2002-01-01
2921120000,80,3,"2-(엔,엔-디메틸아미노)에틸클로라이드 염산염",,1,2017-01-01
2921130000,80,3,"2-(엔,엔-디에틸아미노)에틸클로라이드 염산염",,1,2017-01-01
2921140000,80,3,"2-(엔,엔-디이소프로필아미노)에틸클로라이드 염산염",,1,2017-01-01
292119,80,3,기타,,0,
2921192000,80,4,디에틸아민과 그 염,,1,2007-01-01
29211990,80,4,기타,,0,
2921199010,80,5,디메틸라우릴아민,,1,2002-01-01
2921199090,80,5,기타,,1,2002-01-01
29212,80,2,"비환식폴리아민과 이들의 유도체, 이들의 염",,0,
292121,80,3,에틸렌디아민과 그 염,,0,
2921211000,80,4,에틸렌디아민,,1,2002-01-01
2921212000,80,4,에틸렌디아민의 염,,1,2002-01-01
292122,80,3,헥사메틸렌디아민과 그 염,,0,
2921221000,80,4,헥사메틸렌디아민,,1,2002-01-01
2921222000,80,4,헥사메틸렌디아민아디페이트,,1,2002-01-01
2921229000,80,4,기타,,1,2002-01-01
292129,80,3,기타,,0,
2921291000,80,4,디에틸렌 트리아민,,1,2002-01-01
2921292000,80,4,트리에틸렌 테트라아민,,1,2002-01-01
2921299000,80,4,기타,,1,2002-01-01
292130,80,2,"포화지환식아민ㆍ불포화지환식아민ㆍ시클로테르펜 모노아민ㆍ폴리아민과 이들의 유도체, 이들의 염",,0,
2921301000,80,3,시클로 헥실아민,,1,2002-01-01
2921309000,80,3,기타,,1,2002-01-01
29214,80,2,"방향족(芳香族) 모노아민과 이들의 유도체, 이들의 염",,0,
292141,80,3,아닐린과 그 염,,0,
2921411000,80,4,아닐린,,1,2002-01-01
2921412000,80,4,아닐린의 염,,1,2002-01-01
292142,80,3,아닐린유도체와 이들의 염,,0,
2921423000,80,4,농약원제(農藥原劑)(｢농약관리법｣에 따라 등록된 것으로 한정한다),,1,2022-01-01
29214290,80,4,기타,,0,
2921429020,80,5,아닐린의 니트로할로겐화 유도체,,1,2022-01-01
2921429090,80,5,기타,,1,2007-01-01
292143,80,3,"톨루이딘과 이들의 유도체, 이들의 염",,0,
2921434000,80,4,농약원제(農藥原劑)(｢농약관리법｣에 따라 등록된 것으로 한정한다),,1,2022-01-01
2921435000,80,4,파라-톨루이딘-메타-술폰산과 그 염,,1,2022-01-01
2921436000,80,4,2-클로로-파라-톨루이딘-5-술폰산과 그 염,,1,2022-01-01
2921437000,80,4,3-아미노-6-클로로톨루엔-4-술폰산과 그 염,,1,2022-01-01
29214390,80,4,기타,,0,
2921439010,80,5,톨루이딘,,1,2002-01-01
2921439090,80,5,기타,,1,2022-01-01
292144,80,3,"디페닐아민과 그 유도체, 이들의 염",,0,
2921441000,80,4,디페닐아민,,1,2002-01-01
2921449000,80,4,기타,,1,2002-01-01
292145,80,3,"1-나프틸아민(알파-나프틸아민),2-나프틸아민(베타-나프틸아민)과 이들의 유도체, 이들의 염",,0,
2921451000,80,4,1-나프틸아민-4-술폰산과 그 염,,1,2002-01-01
29214590,80,4,기타,,0,
2921459010,80,5,1-나프틸아민(알파-나프틸아민)과 그 염,,1,2002-01-01
2921459020,80,5,2-나프틸아민(베타-나프틸아민)과 그 염,,1,2002-01-01
2921459030,80,5,"2-나프틸아민-3,6,8-트리술폰산과 그 염",,1,2002-01-01
2921459090,80,5,기타,,1,2002-01-01
2921460000,80,3,"암페타민(INN)ㆍ벤즈페타민(INN)ㆍ덱스암페타민(INN)ㆍ에틸암페타민(INN)ㆍ펜캄파민(INN)ㆍ레페타민(INN)ㆍ레브암페타민(INN)ㆍ메페노렉스(INN)ㆍ펜터민(INN), 이들의 염",,1,2013-01-01
292149,80,3,기타,,0,
2921491000,80,4,농약원제(農藥原劑)(｢농약관리법｣에 따라 등록된 것으로 한정한다),,1,2017-01-01
2921499000,80,4,기타,,1,2007-01-01
29215,80,2,"방향족(芳香族) 폴리아민과 이들의 유도체, 이들의 염",,0,
292151,80,3,"오르토-페닐렌디아민ㆍ메타-페닐렌디아민ㆍ파라-페닐렌디아민ㆍ디아미노톨루엔과 이들의 유도체, 이들의 염",,0,
2921511000,80,4,엔-페닐-엔-이소프로필 파라-페닐렌디아민,,1,2022-01-01
2921512000,80,4,"엔-(1,3-디메틸 부틸)-엔-페닐-파라-페닐렌디아민",,1,2022-01-01
29215190,80,4,기타,,0,
2921519010,80,5,오르토-페닐렌 디아민,,1,2002-01-01
2921519020,80,5,메타-페닐렌 디아민,,1,2002-01-01
2921519030,80,5,파라-페닐렌 디아민,,1,2002-01-01
2921519040,80,5,디아미노톨루엔,,1,2002-01-01
2921519090,80,5,기타,,1,2002-01-01
292159,80,3,기타,,0,
2921592000,80,4,"4,4´디아미노스틸벤-2,2´-디술폰산과 그 염",,1,2022-01-01
2921599000,80,4,기타,,1,2022-01-01
2922,80,1,산소관능아미노화합물,,0,
29221,80,2,"아미노알코올(동종 산소관능을 가지는 것으로 한정한다)과 이들의 에테르ㆍ에스테르, 이들의 염",,0,
292211,80,3,모노에탄올아민과 그 염,,0,
2922111000,80,4,모노에탄올아민,,1,2002-01-01
2922112000,80,4,모노에탄올아민의 염,,1,2002-01-01
292212,80,3,디에탄올아민과 그 염,,0,
2922121000,80,4,디에탄올아민,,1,2002-01-01
2922122000,80,4,디에탄올아민의 염,,1,2002-01-01
2922140000,80,3,덱스트로프로폭시펜(INN)과 그 염,,1,2002-01-01
2922150000,80,3,트리에탄올아민,,1,2017-01-01
2922160000,80,3,과불화옥탄 술폰산 디에탄올암모늄,,1,2017-01-01
292217,80,3,메틸디에탄올아민과 에틸디에탄올아민,,0,
2922171000,80,4,메틸디에탄올아민,,1,2017-01-01
2922172000,80,4,에틸디에탄올아민,,1,2017-01-01
2922180000,80,3,"2-(엔,엔-디이소프로필아미노)에탄올",,1,2017-01-01
292219,80,3,기타,,0,
2922193000,80,4,"엔,엔-디알킬(메틸, 에틸, 노르말-프로필 또는 이소프로필)2-아미노에탄올과 이들의 수소화된 염들",,1,2022-01-01
2922199000,80,4,기타,,1,2002-01-01
29222,80,2,"아미노나프톨ㆍ그 밖의 아미노페놀(동종 산소관능을 가지는 것으로 한정한다)과 이들의 에테르ㆍ에스테르, 이들의 염",,0,
292221,80,3,아미노히드록시 나프탈렌술폰산과 이들의 염,,0,
2922211000,80,4,7-아미노-1-나프톨-3-술폰산(감마 에시드)과 그 염,,1,2002-01-01
2922212000,80,4,"8-아미노-1-나프톨-3, 6-디술폰산(에이치 에시드)과 그 염",,1,2002-01-01
2922213000,80,4,2-아미노-5-나프톨-7-디술폰산(제이 에시드)과 그 염,,1,2002-01-01
2922219000,80,4,기타,,1,2002-01-01
292229,80,3,기타,,0,
2922292000,80,4,메타-아미노페놀,,1,2022-01-01
2922293000,80,4,페네티딘과 이들의 염,,1,2022-01-01
2922299000,80,4,기타,,1,2022-01-01
29223,80,2,"아미노-알데히드ㆍ아미노-케톤과 아미노-퀴논(동종 산소관능을 가지는 것으로 한정한다), 이들의 염",,0,
2922310000,80,3,암페프라몬(INN)ㆍ메타돈(INN)ㆍ노르메타돈(INN)과 이들의 염,,1,2013-01-01
292239,80,3,기타,,0,
2922393000,80,4,아미노 안트라퀴논의 유도체,,1,2017-01-01
2922399000,80,4,기타,,1,2002-01-01
29224,80,2,"아미노산(동종 산소관능을 가지는 것으로 한정한다)과 이들의 에스테르, 이들의 염",,0,
292241,80,3,"리신과 그 에스테르, 이들의 염",,0,
2922411000,80,4,리신,,1,2002-01-01
2922412000,80,4,리신의 에스테르,,1,2002-01-01
2922413000,80,4,리신의 염과 리신에스테르의 염,,1,2002-01-01
292242,80,3,글루탐산과 그 염,,0,
2922421000,80,4,글루탐산,,1,2002-01-01
2922422000,80,4,글루탐산 나트륨,,1,2002-01-01
2922423000,80,4,그 밖의 글루탐산의 염,,1,2013-01-01
2922430000,80,3,안트라닐산과 그 염,,1,2022-01-01
2922440000,80,3,틸리딘(INN)과 그 염,,1,2002-01-01
292249,80,3,기타,,0,
2922491000,80,4,글리신,,1,2002-01-01
2922492000,80,4,알라닌,,1,2002-01-01
2922493000,80,4,류우신,,1,2002-01-01
2922494000,80,4,바린,,1,2002-01-01
2922497000,80,4,에틸파라아미노 벤조에이트,,1,2002-01-01
2922499000,80,4,기타,,1,2002-01-01
292250,80,2,아미노-알코올페놀ㆍ아미노산페놀과 그 밖의 산소관능아미노화합물,,0,
2922505000,80,3,농약원제(農藥原劑)(｢농약관리법｣에 따라 등록된 것으로 한정한다),,1,2022-01-01
2922506000,80,3,세린,,1,2022-01-01
2922509000,80,3,기타,,1,2022-01-01
2923,80,1,"제4암모늄염과 수산화 제4암모늄, 레시틴과 그 밖의 포스포아미노리피드(화학적으로 단일한 것인지에 상관없다)",,0,
292310,80,2,콜린과 그 염,,0,
2923101000,80,3,콜린,,1,2002-01-01
2923102000,80,3,콜린의 염,,1,2002-01-01
292320,80,2,레시틴과 그 밖의 포스포아미노리피드,,0,
2923201000,80,3,레시틴,,1,2002-01-01
2923202000,80,3,그 밖의 포스포아미노리피드,,1,2013-01-01
2923300000,80,2,과불화옥탄 술폰산 테트라에틸암모늄,,1,2017-01-01
2923400000,80,2,과불화옥탄 술폰산 디데실디메틸암모늄,,1,2017-01-01
2923900000,80,2,기타,,1,2002-01-01
2924,80,1,"카르복시 아미드관능화합물, 탄산의 아미드관능화합물",,0,
29241,80,2,"비환식아미드(비환식카르바메이트를 포함한다)와 이들의 유도체, 이들의 염",,0,
2924110000,80,3,메프로바메이트(INN),,1,2002-01-01
2924120000,80,3,"플루오로아세트아미드(ISO), 모노크로토포스(ISO), 포스파미돈(ISO)",,1,2022-01-01
292419,80,3,기타,,0,
2924191000,80,4,디메틸포름아미드,,1,2003-01-01
2924192000,80,4,디메틸아세트아미드,,1,2003-01-01
29241990,80,4,기타,,0,
2924199010,80,5,농약원제(農藥原劑)(｢농약관리법｣에 따라 등록된 것으로 한정한다),,1,2017-01-01
2924199090,80,5,기타,,1,2007-01-01
29242,80,2,"환식아미드(환식카르바메이트를 포함한다)와 이들의 유도체, 이들의 염",,0,
292421,80,3,"우레인과 이들의 유도체, 이들의 염",,0,
2924211000,80,4,농약원제(農藥原劑)(「농약관리법」에 따라 등록된 것으로 한정한다),,1,2013-01-01
2924219000,80,4,기타,,1,2007-01-01
2924230000,80,3,2-아세트아미도벤조산(엔-아세틸 안트라닐산)과 그 염,,1,2013-01-01
2924240000,80,3,에치나메이트(INN),,1,2002-01-01
292425,80,3,알라클로르(ISO),,0,
2924251000,80,4,농약원제(農藥原劑)(｢농약관리법｣에 따라 등록된 것으로 한정한다),,1,2022-01-01
2924259000,80,4,기타,,1,2017-01-01
292429,80,3,기타,,0,
29242910,80,4,아세트아닐리드와 그 유도체,,0,
2924291010,80,5,아미노아세트아닐리드와 그 유도체,,1,2013-01-01
2924291020,80,5,아세트아미노펜,,1,2002-01-01
2924291090,80,5,기타,,1,2002-01-01
2924292000,80,4,아세토아세트아닐리드와 그 유도체,,1,2013-01-01
29242990,80,4,기타,,0,
2924299010,80,5,염산리도카인,,1,2002-01-01
2924299020,80,5,"이오프로마이드, 이오파미돌, 이오메프롤, 이오헥솔, 이오버솔, 이오딕산올",,1,2017-01-01
292429909,80,5,기타,,0,
2924299092,80,6,농약원제(農藥原劑)(｢농약관리법｣에 따라 등록된 것으로 한정한다),,1,2017-01-01
2924299099,80,6,기타,,1,2007-01-01
2925,80,1,카르복시이미드 관능화합물(사카린과 그 염을 포함한다)과 이민관능화합물,,0,
29251,80,2,"이미드와 이들의 유도체, 이들의 염",,0,
292511,80,3,사카린과 그 염,,0,
2925111000,80,4,사카린,,1,2002-01-01
2925112000,80,4,사카린의 염,,1,2002-01-01
2925120000,80,3,구루테치미드(INN),,1,2002-01-01
292519,80,3,기타,,0,
2925191000,80,4,프탈이미드,,1,2015-01-01
29251990,80,4,기타,,0,
2925199010,80,5,농약원제(農藥原劑)(｢농약관리법｣에 따라 등록된 것으로 한정한다),,1,2017-01-01
2925199090,80,5,기타,,1,2007-01-01
29252,80,2,"이민과 이들의 유도체, 이들의 염",,0,
2925210000,80,3,클로르디메포름(ISO),,1,2007-01-01
292529,80,3,기타,,0,
2925291000,80,4,디페닐구아니딘,,1,2007-01-01
29252990,80,4,기타,,0,
2925299010,80,5,농약원제(農藥原劑)(｢농약관리법｣에 따라 등록된 것으로 한정한다),,1,2017-01-01
2925299090,80,5,기타,,1,2007-01-01
2926,80,1,니트릴관능화합물,,0,
2926100000,80,2,아크릴로니트릴,,1,2002-01-01
2926200000,80,2,1-시아노구아니딘(디시안디아미드),,1,2002-01-01
2926300000,80,2,"펜프로포렉스(INN)와 그 염, 메사돈(INN) 제조중간체(4-시아노-2-디메틸아미노-4,4-디페닐부탄)",,1,2013-01-01
2926400000,80,2,알파-페닐아세토아세토니트릴,,1,2017-01-01
292690,80,2,기타,,0,
2926903000,80,3,농약원제(農藥原劑)(｢농약관리법｣에 따라 등록된 것으로 한정한다),,1,2022-01-01
2926904000,80,3,아세토니트릴,,1,2022-01-01
2926909000,80,3,기타,,1,2022-01-01
2927,80,1,디아조화합물ㆍ아조화합물ㆍ아족시화합물,,0,
292700,80,2,디아조화합물ㆍ아조화합물ㆍ아족시화합물,,0,
2927001,80,3,디아조화합물,,0,
2927001100,80,4,6-니트로-1-디아조-2-나프톨-4-술폰산,,1,2002-01-01
2927001900,80,4,기타,,1,2002-01-01
2927002,80,3,아조화합물,,0,
2927002100,80,4,아조디카본아미드,,1,2002-01-01
29270029,80,4,기타,,0,
2927002910,80,5,아조이소부티로니트릴,,1,2002-01-01
2927002990,80,5,기타,,1,2002-01-01
2927003000,80,3,아족시화합물,,1,2002-01-01
2928,80,1,히드라진ㆍ히드록실아민의 유기 유도체,,0,
292800,80,2,히드라진ㆍ히드록실아민의 유기 유도체,,0,
2928002000,80,3,농약원제(農藥原劑)(｢농약관리법｣에 따라 등록된 것으로 한정한다),,1,2022-01-01
2928003000,80,3,메틸에틸 케토옥심,,1,2022-01-01
2928009000,80,3,기타,,1,2022-01-01
2929,80,1,그 밖의 질소관능화합물,,0,
292910,80,2,이소시아네이트,,0,
2929101000,80,3,톨루엔 디이소시아네이트,,1,2002-01-01
2929102000,80,3,디페닐메탄 디이소시아네이트,,1,2002-01-01
2929109000,80,3,기타,,1,2002-01-01
2929900000,80,2,기타,,1,2022-01-01
2930,80,1,유기-황 화합물,,0,
2930100000,80,2,"2-(엔,엔-디메틸아미노) 에탄티올",,1,2022-01-01
293020,80,2,티오카르바메이트와 디티오카르바메이트,,0,
29302010,80,3,티오카르바메이트,,0,
2930201010,80,4,농약원제(農藥原劑)(｢농약관리법｣에 따라 등록된 것으로 한정한다),,1,2017-01-01
2930201090,80,4,기타,,1,2007-01-01
29302020,80,3,디티오카르바메이트,,0,
2930202010,80,4,농약원제(農藥原劑)(｢농약관리법｣에 따라 등록된 것으로 한정한다),,1,2017-01-01
2930202090,80,4,기타,,1,2007-01-01
293030,80,2,티우람모노술파이드ㆍ티우람디술파이드ㆍ티우람테트라술파이드,,0,
2930301000,80,3,티우람모노술파이드,,1,2002-01-01
2930302000,80,3,티우람디술파이드,,1,2002-01-01
2930303000,80,3,티우람테트라술파이드,,1,2002-01-01
2930400000,80,2,메티오닌,,1,2002-01-01
2930600000,80,2,"2-(엔,엔-디에틸아미노)에탄티올",,1,2017-01-01
2930700000,80,2,비스(2-하이드록시에틸)술파이드[티오디글리콜(INN)],,1,2017-01-01
2930800000,80,2,"알디카브(ISO), 캡타폴(ISO) 및 메타미도포스(ISO)",,1,2017-01-01
293090,80,2,기타,,0,
29309020,80,3,농약원제(農藥原劑)(｢농약관리법｣에 따라 등록된 것으로 한정한다),,0,
2930902010,80,4,포레이트(ISO),,1,2025-01-01
2930902090,80,4,기타,,1,2025-01-01
29309050,80,3,티오아미드,,0,
2930905030,80,4,티오우레아,,1,2022-01-01
2930905080,80,4,기타,,1,2022-01-01
29309060,80,3,메르캅탄,,0,
2930906010,80,4,티오알코올,,1,2022-01-01
2930906090,80,4,기타,,1,2022-01-01
29309070,80,3,그 밖의 티오에테르,,0,
2930907020,80,4,티오아닐린,,1,2022-01-01
2930907090,80,4,기타,,1,2022-01-01
29309090,80,3,기타,,0,
2930909010,80,4,티오산,,1,2002-01-01
2930909030,80,4,시스테인,,1,2002-01-01
2930909050,80,4,글루타티온,,1,2002-01-01
2930909090,80,4,기타,,1,2022-01-01
2931,80,1,그 밖의 유기-무기화합물,,0,
2931100000,80,2,"테트라메틸납, 테트라에틸납",,1,2022-01-01
2931200000,80,2,트리부틸틴 화합물,,1,2012-01-01
29314,80,2,비할로겐화 유기인 유도체,,0,
2931410000,80,3,디메틸 메틸포스포네이트,,1,2022-01-01
2931420000,80,3,디메틸 프로필포스포네이트,,1,2022-01-01
2931430000,80,3,디에틸 에틸포스포네이트,,1,2022-01-01
2931440000,80,3,메틸포스폰산,,1,2022-01-01
2931450000,80,3,메틸포스폰산과 (아미노이미노메틸)우레아의 염(1 : 1),,1,2022-01-01
2931460000,80,3,"2,4,6-트리프로필-1,3,5,2,4,6-트리옥사트리포스피난-2,4,6-트리옥사이드",,1,2022-01-01
2931470000,80,3,"(5-에틸-2-메틸-2-옥시도-1,3,2-디옥사포스피난-5-일)메틸 메틸 메틸포스포네이트",,1,2022-01-01
2931480000,80,3,"3,9-디메틸-2,4,8,10-테트라옥사-3,9-디포스파스피로[5.5] 운데칸 3,9-디옥사이드",,1,2022-01-01
2931490000,80,3,기타,,1,2022-01-01
29315,80,2,할로겐화 유기인 유도체,,0,
2931510000,80,3,메틸포스포닉 디클로라이드,,1,2022-01-01
2931520000,80,3,프로필포스포닉 디클로라이드,,1,2022-01-01
2931530000,80,3,오-(3-클로로프로필) 오-[4-니트로-3-(트리플루오르메틸)페닐] 메틸포스포노티오네이트,,1,2022-01-01
2931540000,80,3,트리클로르폰(ISO),,1,2022-01-01
2931590000,80,3,기타,,1,2022-01-01
293190,80,2,기타,,0,
2931901000,80,3,농약원제(農藥原劑)(｢농약관리법｣에 따라 등록된 것으로 한정한다),,1,2022-01-01
2931902000,80,3,유기-비소 화합물,,1,2022-01-01
2931903000,80,3,유기-인 화합물,,1,2022-01-01
2931904000,80,3,불소 화합물,,1,2022-01-01
2931905000,80,3,염소화합물,,1,2022-01-01
29319090,80,3,기타,,0,
2931909010,80,4,디부틸 틴 옥사이드,,1,2012-01-01
2931909020,80,4,디에틸 알루미늄 클로라이드,,1,2012-01-01
2931909090,80,4,기타,,1,2022-01-01
2932,80,1,산소 원자만을 함유한 헤테로고리 화합물,,0,
29321,80,2,붙지 않은 푸란고리(수소를 첨가하였는지에 상관없다) 구조를 가지는 화합물,,0,
2932110000,80,3,테트라히드로푸란,,1,2002-01-01
2932120000,80,3,2-푸르알데히드(푸르푸르알데히드),,1,2002-01-01
293213,80,3,"푸르푸릴 알코올, 테트라히드로 푸르푸릴 알코올",,0,
2932131000,80,4,푸르푸릴 알코올,,1,2013-01-01
2932132000,80,4,테트라히드로푸르푸릴 알코올,,1,2002-01-01
2932140000,80,3,수크랄로스,,1,2017-01-01
293219,80,3,기타,,0,
2932191000,80,4,농약원제(農藥原劑)(｢농약관리법｣에 따라 등록된 것으로 한정한다),,1,2017-01-01
2932199000,80,4,기타,,1,2007-01-01
293220,80,2,락톤,,0,
29322010,80,3,쿠마린ㆍ메틸쿠마린ㆍ에틸쿠마린,,0,
2932201010,80,4,쿠마린,,1,2012-01-01
2932201020,80,4,메틸쿠마린,,1,2012-01-01
2932201030,80,4,에틸쿠마린,,1,2012-01-01
29322090,80,3,그 밖의 락톤,,0,
2932209010,80,4,노나락톤,,1,2012-01-01
2932209020,80,4,운데카락톤,,1,2012-01-01
2932209030,80,4,부티로락톤,,1,2012-01-01
2932209040,80,4,산토닌,,1,2012-01-01
2932209050,80,4,페놀프탈레인,,1,2012-01-01
2932209060,80,4,글루쿠로노락톤,,1,2012-01-01
2932209070,80,4,탈수소초산과 그 염,,1,2012-01-01
2932209080,80,4,아세틸케텐(디케텐),,1,2012-01-01
293220909,80,4,기타,,0,
2932209091,80,5,농약원제(農藥原劑)(｢농약관리법｣에 따라 등록된 것으로 한정한다),,1,2017-01-01
2932209099,80,5,기타,,1,2014-01-01
29329,80,2,기타,,0,
2932910000,80,3,이소사프롤,,1,2002-01-01
2932920000,80,3,"1-(1,3-벤조디옥솔-5-일)프로판-2-온",,1,2002-01-01
2932930000,80,3,피페로날,,1,2002-01-01
2932940000,80,3,사프롤,,1,2002-01-01
2932950000,80,3,테트라히드로카나비놀(모든 이성체),,1,2002-01-01
2932960000,80,3,카보퓨란(ISO),,1,2022-01-01
293299,80,3,기타,,0,
2932991000,80,4,디옥산,,1,2002-01-01
2932992000,80,4,벤조푸란(쿠마론),,1,2002-01-01
29329990,80,4,기타,,0,
2932999010,80,5,농약원제(農藥原劑)(｢농약관리법｣에 따라 등록된 것으로 한정한다),,1,2017-01-01
2932999090,80,5,기타,,1,2007-01-01
2933,80,1,질소 원자만을 함유한 헤테로고리 화합물,,0,
29331,80,2,붙지 않은 피라졸고리(수소를 첨가하였는지에 상관없다) 구조를 가지는 화합물,,0,
293311,80,3,페나존(안티피린)과 그 유도체,,0,
2933112000,80,4,농약원제(農藥原劑)(｢농약관리법｣에 따라 등록된 것으로 한정한다),,1,2022-01-01
2933119000,80,4,기타,,1,2022-01-01
293319,80,3,기타,,0,
2933192000,80,4,농약원제(農藥原劑)(｢농약관리법｣에 따라 등록된 것으로 한정한다),,1,2022-01-01
2933193000,80,4,피라조론과 그 유도체,,1,2022-01-01
2933199000,80,4,기타,,1,2022-01-01
29332,80,2,붙지 않은 이미다졸고리(수소를 첨가하였는지에 상관없다) 구조를 가지는 화합물,,0,
293321,80,3,히단토인과 그 유도체,,0,
2933211000,80,4,히단토인,,1,2002-01-01
2933212000,80,4,히단토인의 유도체,,1,2002-01-01
293329,80,3,기타,,0,
2933291000,80,4,리시딘,,1,2002-01-01
29332990,80,4,기타,,0,
2933299010,80,5,농약원제(農藥原劑)(｢농약관리법｣에 따라 등록된 것으로 한정한다),,1,2017-01-01
2933299090,80,5,기타,,1,2007-01-01
29333,80,2,붙지 않은 피리딘고리(수소를 첨가하였는지에 상관없다) 구조를 가지는 화합물,,0,
293331,80,3,피리딘과 그 염,,0,
2933311000,80,4,피리딘,,1,2002-01-01
2933312000,80,4,피리딘의 염,,1,2002-01-01
293332,80,3,피페리딘과 그 염,,0,
2933321000,80,4,피페리딘,,1,2002-01-01
2933329000,80,4,피페리딘의 염,,1,2002-01-01
2933330000,80,3,알펜타닐(INN)ㆍ아닐레리딘(INN)ㆍ베지트라마이드(INN)ㆍ브로마제팜(INN)ㆍ카펜타닐(INN)ㆍ디페녹신(INN)ㆍ디펜옥실레이트(INN)ㆍ디피파논(INN)ㆍ펜타닐(INN)ㆍ케토베미돈(INN)ㆍ메틸페니데이트(INN)ㆍ펜타조신(INN)ㆍ페치딘(INN)ㆍ페치딘(INN) 제조중간체 에이ㆍ펜사이클리딘(INN)(PCP)ㆍ페노페리딘(INN)ㆍ피프라드롤(INN)ㆍ피리트라미드(INN)ㆍ프로피람(INN)ㆍ레미펜타닐(INN)ㆍ트리메페리딘(INN)과 이들의 염,,1,2022-01-01
2933340000,80,3,그 밖의 펜타닐과 그 유도체,,1,2022-01-01
2933350000,80,3,3-퀴뉴클리디놀,,1,2022-01-01
2933360000,80,3,4-아닐리노-N-펜에틸피페리딘(ANPP),,1,2022-01-01
2933370000,80,3,엔-펜에틸-4-피페리돈(NPP),,1,2022-01-01
293339,80,3,기타,,0,
2933392000,80,4,농약원제(農藥原劑)(｢농약관리법｣에 따라 등록된 것으로 한정한다),,1,2022-01-01
2933393000,80,4,3-하이드록시-1-메틸피페리딘,,1,2002-01-01
2933399000,80,4,기타,,1,2022-01-01
29334,80,2,퀴놀린고리나 이소퀴놀린고리의 구조를 가지는 화합물(수소를 첨가하였는지에 상관없으며 고리가 더 이상 붙지 않은 것으로 한정한다),,0,
2933410000,80,3,레보파놀(INN)과 그 염,,1,2013-01-01
293349,80,3,기타,,0,
2933491000,80,4,피비니움파모에이트,,1,2002-01-01
29334990,80,4,기타,,0,
2933499010,80,5,농약원제(農藥原劑)(｢농약관리법｣에 따라 등록된 것으로 한정한다),,1,2017-01-01
2933499090,80,5,기타,,1,2007-01-01
29335,80,2,피리미딘고리(수소를 첨가하였는지에 상관없다)나 피페라진고리 구조를 가지는 화합물,,0,
2933520000,80,3,말로닐우레아(바르비투르산)와 그 염,,1,2013-01-01
2933530000,80,3,아로바르비탈(INN)ㆍ아모바르비탈(INN)ㆍ바르비탈(INN)ㆍ부탈비탈(INN)ㆍ부토바르비탈(INN)ㆍ싸이클로바르비탈(INN)ㆍ메틸페노바르비탈(INN)ㆍ펜토바르비탈(INN)ㆍ페노바르비탈(INN)ㆍ섹부타바르비탈(INN)ㆍ세코바르비탈(INN)ㆍ비닐비탈(INN)과 이들의 염,,1,2013-01-01
2933540000,80,3,그 밖의 말로닐우레아 유도체(바르비투르산)와 이들의 염,,1,2013-01-01
2933550000,80,3,로프라졸람(INN)ㆍ메크로콰론(INN)ㆍ메타콰론(INN)ㆍ지페프롤(INN)과 이들의 염,,1,2013-01-01
293359,80,3,기타,,0,
2933591000,80,4,농약원제(農藥原劑)(｢농약관리법｣에 따라 등록된 것으로 한정한다),,1,2022-01-01
2933592000,80,4,"피리미딘, 그 염과 그 밖의 피리미딘고리(수소를 첨가하였는지에 상관없다) 구조를 가지는 화합물",,1,2022-01-01
2933593000,80,4,"피페라진, 그 염과 그 밖의 피페라진고리 구조를 가지는 화합물",,1,2022-01-01
29336,80,2,붙지 않은 트리아진고리(수소를 첨가하였는지에 상관없다) 구조를 가지는 화합물,,0,
2933610000,80,3,멜라민,,1,2002-01-01
293369,80,3,기타,,0,
2933691000,80,4,염화시아눌,,1,2002-01-01
2933692000,80,4,헥사메틸렌테트라민,,1,2003-01-01
29336990,80,4,기타,,0,
2933699010,80,5,트리메틸렌 트리니트라민,,1,2002-01-01
293369909,80,5,기타,,0,
2933699091,80,6,농약원제(農藥原劑)(｢농약관리법｣에 따라 등록된 것으로 한정한다),,1,2017-01-01
2933699099,80,6,기타,,1,2007-01-01
29337,80,2,락탐,,0,
2933710000,80,3,6-헥산락탐(에프시론-카프로락탐),,1,2002-01-01
2933720000,80,3,클로바잠(INN)과 메치푸리론(INN),,1,2002-01-01
293379,80,3,그 밖의 락탐,,0,
2933793000,80,4,1-비닐-2-피롤리돈,,1,2002-01-01
2933799000,80,4,기타,,1,2002-01-01
29339,80,2,기타,,0,
2933910000,80,3,알프라졸람(INN)ㆍ카마제팜(INN)ㆍ클로르디아제폭사이드(INN)ㆍ클로나제팜(INN)ㆍ클로라제페이트ㆍ델로라제팜(INN)ㆍ디아제팜(INN)ㆍ에스타졸람(INN)ㆍ에틸로프라제페이트(INN)ㆍ플르디아제팜(INN)ㆍ플루니트라제팜(INN)ㆍ플루라제팜(INN)ㆍ할라제팜(INN)ㆍ로라제팜(INN)ㆍ로르메타제팜(INN)ㆍ마진돌(INN)ㆍ메다제팜(INN)ㆍ미다졸람(INN)ㆍ니메타제팜(INN)ㆍ니트라제팜(INN)ㆍ놀다제팜(INN)ㆍ옥사제팜(INN)ㆍ피나제팜(INN)ㆍ프라제팜(INN)ㆍ피로발레톤(INN)ㆍ테마제팜(INN)ㆍ테트라제팜(INN)ㆍ트리아졸람(INN)과 이들의 염,,1,2017-01-01
293392,80,3,아진포스-메틸(ISO),,0,
2933921000,80,4,농약원제(農藥原劑)(「농약관리법」에 따라 등록된 것으로 한정한다),,1,2017-01-01
2933929000,80,4,기타,,1,2017-01-01
293399,80,3,기타,,0,
2933991000,80,4,인돌과 그 유도체,,1,2002-01-01
29339990,80,4,기타,,0,
2933999010,80,5,농약원제(農藥原劑)(「농약관리법」에 따라 등록된 것으로 한정한다),,1,2013-01-01
2933999090,80,5,기타,,1,2007-01-01
2934,80,1,"핵산과 이들의 염(화학적으로 단일한 것인지에 상관없다), 그 밖의 헤테로고리 화합물",,0,
293410,80,2,붙지 않은 티아졸고리(수소를 첨가하였는지에 상관없다) 구조를 가지는 화합물,,0,
2934101000,80,3,아미노티아졸과 그 유도체,,1,2013-01-01
29341090,80,3,기타,,0,
2934109010,80,4,농약원제(農藥原劑)(｢농약관리법｣에 따라 등록된 것으로 한정한다),,1,2017-01-01
2934109090,80,4,기타,,1,2007-01-01
293420,80,2,벤조티아졸고리의 구조를 가지는 화합물(수소를 첨가하였는지에 상관없으며 고리가 더 이상 붙지 않은 것으로 한정한다),,0,
2934204000,80,3,농약원제(農藥原劑)(｢농약관리법｣에 따라 등록된 것으로 한정한다),,1,2022-01-01
2934205000,80,3,머캐프토 벤조티아졸,,1,2022-01-01
2934206000,80,3,디벤조티아졸린 디술파이드,,1,2022-01-01
2934209000,80,3,기타,,1,2022-01-01
293430,80,2,페노티아진고리의 구조를 가지는 화합물(수소를 첨가하였는지에 상관없으며 고리가 더 이상 붙지 않은 것으로 한정한다),,0,
2934301000,80,3,페노티아진(티오디페닐아민),,1,2002-01-01
2934309000,80,3,기타,,1,2002-01-01
29349,80,2,기타,,0,
2934910000,80,3,아미노렉스(INN)ㆍ브로티졸람(INN)ㆍ클로티아제팜(INN)ㆍ클록사졸람(INN)ㆍ덱스트로모라마이드(INN)ㆍ할록사졸람(INN)ㆍ케타졸람(INN)ㆍ메소카브(INN)ㆍ옥사졸람(INN)ㆍ페몰린(INN)ㆍ펜디메트라진(INN)ㆍ펜메트라진(INN)ㆍ서펜타닐(INN)과 이들의 염,,1,2013-01-01
2934920000,80,3,그 밖의 펜타닐과 그 유도체,,1,2022-01-01
293499,80,3,기타,,0,
2934994000,80,4,농약원제(農藥原劑)(｢농약관리법｣에 따라 등록된 것으로 한정한다),,1,2022-01-01
2934995000,80,4,모르포린,,1,2022-01-01
2934996000,80,4,"핵산, 이들의 염과 유도체",,1,2022-01-01
2934997000,80,4,7-아미노세팔로스포린산,,1,2022-01-01
2934999000,80,4,기타,,1,2022-01-01
2935,80,1,술폰아미드,,0,
2935100000,80,2,엔-메틸과불화옥탄 술폰아미드,,1,2017-01-01
2935200000,80,2,엔-에틸과불화옥탄 술폰아미드,,1,2017-01-01
2935300000,80,2,엔-에틸-엔-(2-히드록시에틸)과불화옥탄 술폰아미드,,1,2017-01-01
2935400000,80,2,엔-(2-히드록시에틸)-엔-메틸과불화옥탄 술폰아미드,,1,2017-01-01
2935500000,80,2,그 밖의 과불화옥탄 술폰아미드,,1,2017-01-01
293590,80,2,기타,,0,
2935904000,80,3,농약원제(農藥原劑)(｢농약관리법｣에 따라 등록된 것으로 한정한다),,1,2022-01-01
2935905000,80,3,그 밖의 파라아미노벤젠 술폰아미드의 유도체,,1,2022-01-01
2935909000,80,3,기타,,1,2022-01-01
2936,80,1,"프로비타민과 비타민(천연의 것과 이와 동일한 구조를 가지는 합성의 것으로 한정하며, 천연의 프로비타민 농축물과 비타민 농축물을 포함한다), 이들의 유도체로서 주로 비타민으로 사용하는 것과 이들의 상호 혼합물(용매에 용해하였는지에 상관없다)",,0,
29362,80,2,비타민과 이들의 유도체(혼합하지 않은 것으로 한정한다),,0,
2936210000,80,3,비타민 A와 이들의 유도체,,1,2013-01-01
2936220000,80,3,비타민 B1과 이들의 유도체,,1,2013-01-01
2936230000,80,3,비타민 B2와 이들의 유도체,,1,2013-01-01
2936240000,80,3,디-판토텐산이나 디엘-판토텐산(비타민 B5)과 이들의 유도체,,1,2022-01-01
2936250000,80,3,비타민 B6와 이들의 유도체,,1,2013-01-01
2936260000,80,3,비타민 B12와 이들의 유도체,,1,2013-01-01
293627,80,3,비타민 C와 이들의 유도체,,0,
2936271000,80,4,아스코르브산,,1,2002-01-01
2936272000,80,4,아스코르브산나트륨,,1,2002-01-01
2936273000,80,4,아스코르브산 칼슘,,1,2002-01-01
2936279000,80,4,기타,,1,2002-01-01
293628,80,3,비타민 E와 이들의 유도체,,0,
2936281000,80,4,초산알파토코페롤,,1,2012-01-01
2936289000,80,4,기타,,1,2002-01-01
293629,80,3,그 밖의 비타민과 이들의 유도체,,0,
29362910,80,4,비타민 B9과 이들의 유도체,,0,
2936291010,80,5,비타민 B9,,1,2002-01-01
2936291090,80,5,기타,,1,2002-01-01
2936292000,80,4,비타민 D와 이들의 유도체,,1,2013-01-01
2936293000,80,4,비타민 H와 이들의 유도체,,1,2013-01-01
2936294000,80,4,비타민 K와 이들의 유도체,,1,2013-01-01
2936295000,80,4,니코틴아미드와 이들의 유도체,,1,2013-01-01
2936299000,80,4,기타,,1,2002-01-01
293690,80,2,기타(천연의 프로비타민 농축물과 비타민 농축물을 포함한다),,0,
2936901000,80,3,프로비타민(혼합하지 아니한 것으로 한정한다),,1,2013-01-01
2936909000,80,3,기타,,1,2007-01-01
2937,80,1,"호르몬ㆍ프로스타글란딘ㆍ트롬복산ㆍ류코트리엔(천연의 것과 이와 동일한 구조를 가지는 합성의 것으로 한정한다), 이들의 유도체와 이와 유사한 구조를 가지는 것으로서 주로 호르몬으로 사용되는 것(변성된 폴리펩타이드 체인을 가진 것을 포함한다)",,0,
29371,80,2,"폴리펩타이드 호르몬, 프로테인 호르몬, 글리코프로테인 호르몬, 이들의 유도체와 이와 유사한 구조를 가지는 것",,0,
293711,80,3,"소마토트로핀, 그 유도체와 이와 유사한 구조를 가지는 것",,0,
2937111000,80,4,소호 제2933.9호나 제2934.9호의 것,,1,2013-01-01
2937119000,80,4,기타,,1,2002-01-01
2937120000,80,3,인슐린과 그 염,,1,2002-01-01
293719,80,3,기타,,0,
2937191000,80,4,"소호 제2933.9호, 제2934.9호의 것",,1,2013-01-01
2937199000,80,4,기타,,1,2002-01-01
29372,80,2,"스테로이드 호르몬, 이들의 유도체와 이와 유사한 구조를 가지는 것",,0,
293721,80,3,코르티손ㆍ히드로코르티손ㆍ프레드니손(데히드로코르티손)ㆍ프레드니소론(데히드로히드로코르티손),,0,
2937211000,80,4,코르티손,,1,2002-01-01
2937212000,80,4,히드로코르티손,,1,2002-01-01
2937213000,80,4,프레드니손,,1,2002-01-01
2937214000,80,4,프레드니소론,,1,2002-01-01
2937220000,80,3,코르티코스테로이드 호르몬의 할로겐화 유도체,,1,2002-01-01
2937230000,80,3,에스트로겐과 프로게스토겐,,1,2002-01-01
293729,80,3,기타,,0,
2937292000,80,4,소호 제2914.50호의 것,,1,2002-01-01
2937299000,80,4,기타,,1,2002-01-01
293750,80,2,"프로스타글렌딘, 트롬복산과 류코트리엔, 이들의 유도체와 이와 유사한 구조를 가지는 것",,0,
2937501000,80,3,"소호 제2918.19호, 제2918.9호의 것",,1,2022-01-01
2937502000,80,3,소호 제2934.9호의 것,,1,2002-01-01
2937509000,80,3,기타,,1,2002-01-01
293790,80,2,기타,,0,
2937901000,80,3,"소호 제2933.9호, 제2934.9호의 것",,1,2013-01-01
2937902,80,3,"카테콜아민 호르몬, 이들의 유도체와 이와 유사한 구조를 가지는 것",,0,
2937902100,80,4,에피네프린,,1,2012-01-01
29379029,80,4,기타,,0,
2937902910,80,5,소호 제2922.50호의 것,,1,2013-01-01
2937902990,80,5,기타,,1,2012-01-01
2937903000,80,3,아미노산 유도체,,1,2012-01-01
2937909000,80,3,기타,,1,2002-01-01
2938,80,1,"글리코시드(천연의 것과 이와 동일한 구조를 가지는 합성의 것으로 한정한다), 이들의 염ㆍ에테르ㆍ에스테르ㆍ그 밖의 유도체",,0,
293810,80,2,루토시드(루틴)와 그 유도체,,0,
2938101000,80,3,루토시드(루틴),,1,2002-01-01
2938102000,80,3,루토시드의 유도체,,1,2002-01-01
293890,80,2,기타,,0,
2938901000,80,3,디기탈리스 글리코시드,,1,2002-01-01
2938902000,80,3,글리시리진과 글리시리제이트,,1,2002-01-01
2938903000,80,3,사포닌,,1,2002-01-01
2938904000,80,3,스테비오사이드,,1,2002-01-01
2938909000,80,3,기타,,1,2002-01-01
2939,80,1,"알칼로이드(천연의 것과 이와 동일한 구조를 가지는 합성의 것으로 한정한다), 이들의 염ㆍ에테르ㆍ에스테르ㆍ그 밖의 유도체",,0,
29391,80,2,"아편의 알칼로이드와 이들의 유도체, 이들의 염",,0,
293911,80,3,"양귀비 줄기 농축물, 부프레노르핀(INN)ㆍ코데인ㆍ디히드로코데인(INN)ㆍ에틸모르핀ㆍ에토르핀(INN)ㆍ헤로인ㆍ히드로코돈(INN)ㆍ히드로모르폰(INN)ㆍ모르핀ㆍ니코모르핀(INN)ㆍ옥시코돈(INN)ㆍ옥시모르폰(INN)ㆍ폴코딘(INN)ㆍ테바콘(INN)ㆍ테바인, 이들의 염",,0,
2939111000,80,4,모르핀,,1,2002-01-01
2939112000,80,4,에틸모르핀,,1,2002-01-01
2939113000,80,4,코데인,,1,2002-01-01
2939114000,80,4,양귀비 줄기 농축물(전중량의 100분의 50 이상의 알칼로이드를 함유하는 것으로 한정한다),,1,2013-01-01
2939119000,80,4,기타,,1,2002-01-01
2939190000,80,3,기타,,1,2002-01-01
2939200000,80,2,"기나의 알칼로이드와 이들의 유도체, 이들의 염",,1,2013-01-01
2939300000,80,2,카페인과 그 염,,1,2002-01-01
29394,80,2,"마황의 알칼로이드와 이들의 유도체, 이들의 염",,0,
293941,80,3,에페드린과 그 염,,0,
2939411000,80,4,에페드린,,1,2002-01-01
2939419000,80,4,에페드린의 염,,1,2002-01-01
293942,80,3,슈도에페드린(INN)과 그 염,,0,
2939421000,80,4,슈도에페드린(INN),,1,2002-01-01
2939429000,80,4,슈도에페드린의 염,,1,2002-01-01
2939430000,80,3,카틴(INN)과 그 염,,1,2022-01-01
2939440000,80,3,놀에페드린과 그 염,,1,2012-01-01
2939450000,80,3,레보메탐페타민ㆍ메탐페타민(INN)ㆍ메탐페타민 레이스메이트 및 이들의 염,,1,2022-01-01
2939490000,80,3,기타,,1,2012-01-01
29395,80,2,"테오피린ㆍ아미노피린(테오피린-에틸렌디아민)과 이들의 유도체, 이들의 염",,0,
2939510000,80,3,페네틸린(INN)과 그 염,,1,2002-01-01
2939590000,80,3,기타,,1,2002-01-01
29396,80,2,"맥각 알칼로이드와 그 유도체, 이들의 염",,0,
293961,80,3,엘고메트린(INN)과 그 염,,0,
2939611000,80,4,엘고메트린(INN),,1,2002-01-01
2939619000,80,4,엘고메트린(INN)의 염,,1,2002-01-01
293962,80,3,엘고타민(INN)과 그 염,,0,
2939621000,80,4,엘고타민(INN),,1,2002-01-01
2939629000,80,4,엘고타민(INN)의 염,,1,2012-01-01
293963,80,3,리세르그산과 그 염,,0,
2939631000,80,4,리세르그산,,1,2002-01-01
2939639000,80,4,리세르그산의 염,,1,2002-01-01
2939690000,80,3,기타,,1,2002-01-01
29397,80,2,기타(식물성의 것에 한정한다),,0,
2939720000,80,3,"코카인ㆍ엑고닌, 이들의 염ㆍ에스테르ㆍ그 밖의 유도체",,1,2022-01-01
293979,80,3,기타,,0,
2939791000,80,4,니코틴과 그 염,ML,1,2017-01-01
2939799000,80,4,기타,,1,2017-01-01
293980,80,2,기타,,0,
29398010,80,3,"비리디카틴, 루구로바신 에이, 스포리데스민 에이, 사이토칼라신 비, 테올로시딘 비4, 페니트렘 디, 로퀘포르틴, 사만다린, 에파비티딘, 카스토라민, 무스코피리딘, 코시넬린, 피라진, 다나이돈, 글로메린, 에필라크네네, 서브코시넬라 24-푼크타타, 바라신, 만자민, 콘볼루타민 디, 유디스토민, 프로시아닌",,0,
2939801010,80,4,농약원제(農藥原劑)(「농약관리법」에 따라 등록된 것으로 한정한다),,1,2017-01-01
2939801090,80,4,기타,,1,2017-01-01
2939802000,80,3,"히스트리오니코톡신, 테트로도톡신",,1,2022-01-01
2939809000,80,3,기타,,1,2017-01-01
2940,80,1,"당류(화학적으로 순수한 것으로 한정하며, 자당ㆍ유당ㆍ맥아당ㆍ포도당ㆍ과당은 제외한다), 당에테르ㆍ당아세탈ㆍ당에스테르와 이들의 염(제2937호ㆍ제2938호ㆍ제2939호의 물품은 제외한다)",,0,
294000,80,2,"당류(화학적으로 순수한 것으로 한정하며, 자당ㆍ유당ㆍ맥아당ㆍ포도당ㆍ과당은 제외한다), 당에테르ㆍ당아세탈ㆍ당에스테르와 이들의 염(제2937호ㆍ제2938호ㆍ제2939호의 물품은 제외한다)",,0,
29400010,80,3,당류,,0,
2940001010,80,4,갈락토오스,,1,2002-01-01
2940001020,80,4,소르보오스,,1,2002-01-01
2940001030,80,4,키실로오스,,1,2002-01-01
2940001090,80,4,기타,,1,2002-01-01
29400020,80,3,당에테르ㆍ당아세탈ㆍ당에스테르와 이들의 염,,0,
2940002010,80,4,히드록시프로필 슈크로오스,,1,2002-01-01
2940002090,80,4,기타,,1,2002-01-01
2941,80,1,항생물질,,0,
294110,80,2,"페니실린과 페니실린산의 구조를 갖는 이들의 유도체, 이들의 염",,0,
2941101000,80,3,페니실린 지(G) 칼륨,,1,2013-01-01
29411090,80,3,기타,,0,
2941109010,80,4,페니실린 지(G) 나트륨,,1,2013-01-01
2941109020,80,4,페니실린 브이(V),,1,2013-01-01
2941109090,80,4,기타,,1,2002-01-01
294120,80,2,"스트렙토마이신과 이들의 유도체, 이들의 염",,0,
2941201000,80,3,농약원제(農藥原劑)(「농약관리법」에 따라 등록된 것으로 한정한다),,1,2013-01-01
2941209000,80,3,기타,,1,2007-01-01
294130,80,2,"테트라사이클린과 이들의 유도체, 이들의 염",,0,
2941301000,80,3,클로로 테트라사이클린,,1,2002-01-01
2941302000,80,3,염산 옥시 테트라사이클린,,1,2002-01-01
2941303000,80,3,염산 클로로 테트라사이클린,,1,2002-01-01
2941309000,80,3,기타,,1,2002-01-01
2941400000,80,2,"클로람페니콜과 그 유도체, 이들의 염",,1,2013-01-01
294150,80,2,"에리즈로마이신과 그 유도체, 이들의 염",,0,
2941501000,80,3,에리즈로마이신 티오시아네이트,,1,2002-01-01
2941509000,80,3,기타,,1,2002-01-01
294190,80,2,기타,,0,
2941901000,80,3,농약원제(農藥原劑)(｢농약관리법｣에 따라 등록된 것으로 한정한다),,1,2022-01-01
2941909000,80,3,기타,,1,2022-01-01
2942,80,1,그 밖의 유기화합물,,0,
2942000000,80,2,그 밖의 유기화합물,,1,2022-01-01
30,80,0,제30류 의료용품,,0,
3001,80,1,"장기(臟器) 요법용 선(腺)과 그 밖의 기관(건조한 것으로 한정하며, 가루로 된 것인지에 상관없다), 선(腺)과 그 밖의 기관이나 이들의 분비물의 추출물로서 장기(臟器) 요법용의 것, 헤파린과 그 염, 치료용ㆍ예방용으로 조제한 그 밖의 인체물질이나 동물의 물질로서 따로 분류되지 않은 것",,0,
300120,80,2,선(腺)이나 그 밖의 기관의 추출물이나 이들의 분비물의 추출물,,0,
3001202000,80,3,간장 추출물,,1,2013-01-01
3001209000,80,3,기타,,1,2002-01-01
300190,80,2,기타,,0,
30019010,80,3,피부와 뼈(이식용으로 한정한다),,0,
3001901010,80,4,인체의 것,,1,2007-01-01
3001901090,80,4,기타,,1,2007-01-01
30019020,80,3,"선과 그 밖의 기관(건조한 것으로 한정하며, 분상으로 된 것인지에 상관없다)",,0,
3001902010,80,4,웅담,,1,2022-01-01
3001902090,80,4,기타,,1,2007-01-01
30019090,80,3,기타,,0,
3001909010,80,4,헤파린과 그 염,,1,2002-01-01
3001909020,80,4,인체의 것,,1,2007-01-01
3001909090,80,4,기타,,1,2002-01-01
3002,80,1,"사람의 피, 치료용ㆍ예방용ㆍ진단용으로 조제한 동물의 피, 면역혈청ㆍ그 밖의 혈액 분획물과 면역물품(생물공학적 방법에 따라 변성되거나 얻어진 것인지에 상관없다), 백신ㆍ독소ㆍ미생물 배양체(효모는 제외한다)와 이와 유사한 물품, 세포 배양체(변성된 것인지에 상관없다)",,0,
30021,80,2,"면역혈청, 그 밖의 혈액 분획물과 면역물품(생물공학적 방법에 따라 변성되거나 얻어진 것인지에 상관없다)",,0,
300212,80,3,면역혈청과 그 밖의 혈액 분획물,,0,
3002122000,80,4,면역혈청,,1,2022-01-01
3002123000,80,4,그 밖의 혈액 분획물,,1,2022-01-01
3002130000,80,3,"면역물품(혼합하지 않은 것에 한정하며, 일정한 투여량으로 한 것, 소매용 모양이나 포장을 한 것은 제외한다)",,1,2022-01-01
3002140000,80,3,"면역물품(혼합된 것에 한정하며, 일정한 투여량으로 한 것, 소매용 모양이나 포장을 한 것은 제외한다)",,1,2022-01-01
3002150000,80,3,"면역물품(일정한 투여량으로 한 것, 소매용 모양이나 포장을 한 것에 한정한다)",EA,1,2022-02-19
30024,80,2,백신ㆍ독소ㆍ미생물 배양체(효모는 제외한다)와 이와 유사한 물품,,0,
3002410000,80,3,백신(인체의약용으로 한정한다),,1,2022-01-01
300242,80,3,백신(동물의약용으로 한정한다),,0,
3002421000,80,4,구제역 백신,,1,2022-01-01
3002429000,80,4,기타,,1,2022-01-01
300249,80,3,기타,,0,
3002491000,80,4,"독소, 톡소이드(toxoid), 크립토독소(cryptotoxin), 항독소(anti-toxin)",,1,2022-01-01
3002492000,80,4,미생물 배양체,,1,2022-01-01
3002493000,80,4,바이러스와 항바이러스,,1,2022-01-01
3002494000,80,4,기타[박테리오파지(bacteriophage)를 포함한다],,1,2022-01-01
30025,80,2,세포 배양체(변성된 것인지에 상관없다),,0,
3002510000,80,3,세포치료법용 제품,,1,2022-01-01
3002590000,80,3,기타,,1,2022-01-01
300290,80,2,기타,,0,
3002901000,80,3,사람의 피,,1,2013-01-01
3002902000,80,3,동물의 피(치료용ㆍ예방용ㆍ진단용으로 조제한 것으로 한정한다),,1,2013-01-01
3002909000,80,3,기타,,1,2002-01-01
3003,80,1,"의약품(두 가지 이상의 성분을 혼합한 치료용이나 예방용의 것으로서 제3002호ㆍ제3005호ㆍ제3006호의 물품, 일정한 투여량으로 한 것, 소매용 모양이나 포장을 한 것은 제외한다)",,0,
300310,80,2,"페니실린이나 이들의 유도체(페니실린산 구조를 가진 것으로 한정한다)를 함유한 것, 스트렙토마이신이나 이들의 유도체를 함유한 것",,0,
3003101000,80,3,페니실린이나 이들의 유도체(페니실린산 구조를 가진 것)을 함유하는 것,,1,2013-01-01
3003102000,80,3,스트렙토마이신이나 이들의 유도체를 함유한 것,,1,2013-01-01
3003200000,80,2,기타(항생물질을 함유한 것으로 한정한다),,1,2022-01-01
30033,80,2,기타(제2937호의 호르몬이나 그 밖의 물품을 함유한 것으로 한정한다),,0,
3003310000,80,3,인슐린을 함유한 것,,1,2002-01-01
300339,80,3,기타,,0,
3003395000,80,4,부신피질 호르몬제제,,1,2002-01-01
3003399000,80,4,기타,,1,2002-01-01
30034,80,2,기타(알칼로이드나 이들의 유도체를 함유한 것에 한정한다),,0,
3003410000,80,3,에페드린 또는 그 염을 함유한 것,,1,2017-01-01
3003420000,80,3,슈도에페드린(INN) 또는 그 염을 함유한 것,,1,2017-01-01
3003430000,80,3,놀에페드린 또는 그 염을 함유한 것,,1,2017-01-01
3003490000,80,3,기타,,1,2022-01-01
3003600000,80,2,기타(이 류의 소호주 제2호에 열거한 항말라리아 활성성분을 함유한 것에 한정한다),,1,2017-01-01
300390,80,2,기타,,0,
3003902000,80,3,아스피린제제,,1,2022-01-01
3003903000,80,3,비타민제제,,1,2022-01-01
3003909000,80,3,기타,,1,2022-01-01
3004,80,1,"의약품[혼합한 것인지에 상관없으며 치료용이나 예방용의 것으로서 일정한 투여량으로 한 것(피부 투여의 형식을 취한 것을 포함한다)과 소매용 모양이나 포장을 한 것으로 한정하며, 제3002호ㆍ제3005호ㆍ제3006호의 물품은 제외한다]",,0,
300410,80,2,"페니실린이나 이들의 유도체(페니실린산 구조를 가진 것으로 한정한다)를 함유한 것, 스트렙토마이신이나 이들의 유도체를 함유한 것",,0,
3004101000,80,3,페니실린이나 이들의 유도체(페니실린산 구조를 가진 것)을 함유하는 것,,1,2013-01-01
3004102000,80,3,스트렙토마이신이나 이들의 유도체를 함유한 것,,1,2013-01-01
300420,80,2,기타(항생물질을 함유한 것으로 한정한다),,0,
3004201000,80,3,항결핵제ㆍ구충제ㆍ항암제,,1,2013-01-01
3004209,80,3,기타,,0,
3004209100,80,4,클로람페니콜제제,,1,2002-01-01
3004209300,80,4,옥시테트라 사이클린제제,,1,2002-01-01
3004209900,80,4,기타,,1,2002-01-01
30043,80,2,기타(제2937호의 호르몬이나 그 밖의 물품을 함유한 것으로 한정한다),,0,
3004310000,80,3,인슐린을 함유한 것,,1,2002-01-01
3004320000,80,3,코르티코스테로이드(corticosteroid) 호르몬을 함유한 것과 이들의 유도체나 그와 유사한 구조를 가지는 것,,1,2013-01-01
300439,80,3,기타,,0,
30043910,80,4,뇌하수체 호르몬제제,,0,
3004391010,80,5,뇌하수체 전엽 호르몬제제,,1,2002-01-01
3004391020,80,5,뇌하수체 후엽 호르몬제제,,1,2002-01-01
3004393000,80,4,갑상샘과 부갑상샘 호르몬제제,,1,2015-01-01
3004395000,80,4,부신수질 호르몬제제,,1,2002-01-01
3004396000,80,4,남성 호르몬제제,,1,2012-01-01
3004397000,80,4,난포와 황체 호르몬제제,,1,2013-01-01
3004399000,80,4,기타,,1,2002-01-01
30044,80,2,기타(알칼로이드나 이들의 유도체를 함유한 것으로 한정한다),,0,
3004410000,80,3,에페드린 또는 그 염을 함유한 것,,1,2017-01-01
3004420000,80,3,슈도에페드린(INN) 또는 그 염을 함유한 것,,1,2017-01-01
3004430000,80,3,놀에페드린 또는 그 염을 함유한 것,,1,2017-01-01
300449,80,3,기타,,0,
3004491000,80,4,항암제,,1,2017-01-01
30044920,80,4,"코카인제제, 맥각알칼로이드제제와 니코틴제제",,0,
3004492010,80,5,코카인제제,,1,2017-01-01
3004492020,80,5,맥각알칼로이드제제,,1,2017-01-01
3004492030,80,5,니코틴제제,,1,2017-01-01
3004493000,80,4,아트로핀과 호마트로핀제제,,1,2017-01-01
3004499000,80,4,기타,,1,2017-01-01
300450,80,2,기타(제2936호의 비타민이나 그 밖의 물품을 함유한 것으로 한정한다),,0,
3004501000,80,3,비타민 A제제,,1,2002-01-01
30045020,80,3,비타민 B제제,,0,
3004502010,80,4,비타민 B1제제,,1,2002-01-01
3004502090,80,4,기타,,1,2002-01-01
3004503000,80,3,비타민 C제제,,1,2002-01-01
3004504000,80,3,비타민 D제제,,1,2002-01-01
3004509000,80,3,기타,,1,2002-01-01
3004600000,80,2,기타(이 류의 소호주 제2호에 열거한 항말라리아 활성성분을 함유한 것에 한정한다),,1,2017-01-01
300490,80,2,기타,,0,
3004901000,80,3,항결핵제ㆍ구충제ㆍ항암제,,1,2013-01-01
3004909,80,3,기타,,0,
3004909100,80,4,아스피린제제,,1,2002-01-01
3004909200,80,4,항히스타민제제,,1,2022-01-01
3004909900,80,4,기타,,1,2002-01-01
3005,80,1,탈지면ㆍ거즈ㆍ붕대와 이와 유사한 제품(예: 피복재ㆍ반창고ㆍ습포제)으로서 내과용ㆍ외과용ㆍ치과용ㆍ수의과용으로 사용하기 위하여 의료물질을 도포하거나 침투시킨 것이나 소매용 모양이나 포장을 한 것,,0,
300510,80,2,접착성 피복재와 접착층을 갖는 그 밖의 물품,,0,
3005101000,80,3,반창고,,1,2002-01-01
3005109000,80,3,기타,,1,2002-01-01
300590,80,2,기타,,0,
3005901000,80,3,탈지면,,1,2002-01-01
3005902000,80,3,거즈,,1,2013-01-01
3005903000,80,3,붕대,,1,2002-01-01
3005904000,80,3,조제 드레싱과 습포제,,1,2013-01-01
3005909000,80,3,기타,,1,2002-01-01
3006,80,1,의료용품(이 류의 주 제4호의 물품으로 한정한다),,0,
300610,80,2,"살균한 외과용 캣거트(catgut)ㆍ이와 유사한 살균한 봉합재[살균한 외과용이나 치과용 흡수성 실을 포함한다]ㆍ살균한 수술상처의 봉합용 접착제, 살균한 라미나리아(laminaria)와 살균한 라미나리아(laminaria)의 텐트, 살균한 외과용이나 치과용 흡수성 지혈제, 살균한 외과용이나 치과용 유착방지제(흡수성이 있는지에 상관없다)",,0,
30061010,80,3,살균한 외과용 캣거트(catgut)와 이와 유사한 살균한 봉합재(살균한 외과용이나 치과용 흡수성 실을 포함한다),,0,
3006101010,80,4,살균한 외과용 캣거트(catgut),,1,2013-01-01
3006101020,80,4,살균한 봉합재(살균한 외과용이나 치과용 흡수성 실을 포함한다),,1,2013-01-01
3006102000,80,3,살균한 외과용 수술상처의 봉합용 접착제,,1,2002-01-01
3006103000,80,3,살균한 라미나리아와 살균한 라미나리아의 텐트,,1,2002-01-01
3006104000,80,3,살균한 외과용이나 치과용 흡수성 지혈제,,1,2013-01-01
30061050,80,3,살균한 외과용이나 치과용 유착방지제(흡수성이 있는지에 상관없다),,0,
3006105010,80,4,플라스틱으로 만든 것,,1,2013-01-01
3006105020,80,4,메리야스 편물이나 뜨개질 편물로 만든 것,,1,2013-01-01
3006105090,80,4,기타,,1,2007-01-01
300630,80,2,"엑스선 검사용 조영제, 환자에 투여할 진단용 시약",,0,
3006301000,80,3,엑스선 검사용 조영제,,1,2017-01-01
3006302000,80,3,진단용 시약(환자 투여용),,1,2013-01-01
300640,80,2,"치과용 시멘트와 그 밖의 치과용 충전제, 뼈 형성용 시멘트",,0,
3006401000,80,3,치과용 시멘트,,1,2002-01-01
3006402000,80,3,치과용 충전제,,1,2002-01-01
3006403000,80,3,뼈 형성용 시멘트,,1,2013-01-01
3006500000,80,2,구급상자와 구급대,,1,2002-01-01
3006600000,80,2,제2937호의 호르몬과 그 밖의 제품이나 살정자제(殺精子劑)를 기본 재료로 하는 피임성의 화학조제품,,1,2022-01-01
3006700000,80,2,외과수술이나 신체검사를 할 때 신체 각 부분의 윤활제로 사용되거나 신체와 의료기기 사이의 접착약품으로서 사람이나 수의약에 사용되는 겔(gel) 조제품,,1,2013-01-01
30069,80,2,기타,,0,
3006910000,80,3,장루(腸瘻)용으로 인정되는 기구,,1,2013-01-01
300692,80,3,폐(廢)의료용품,,0,
30069210,80,4,제3001호의 것,,0,
3006921010,80,5,피부와 뼈(이식용으로 한정한다),,1,2013-01-01
3006921090,80,5,기타,,1,2007-01-01
30069220,80,4,제3002호의 것,,0,
3006922010,80,5,"혈액 분획물의 조제품, 의약품으로서 일정한 투여량으로 한 것 또는 소매용 모양이나 포장을 한 것",,1,2017-01-01
3006922020,80,5,헤모글로빈과 글로불린(globulin),,1,2013-01-01
300692203,80,5,색시톡신(saxitoxin)과 리신(ricin),,0,
3006922031,80,6,색시톡신(saxitoxin),,1,2013-01-01
3006922032,80,6,리신(ricin),,1,2013-01-01
3006922090,80,5,기타,,1,2007-01-01
3006923000,80,4,제3003호와 제3004호의 것,,1,2013-01-01
3006924000,80,4,제3005호와 제3006호의 것,,1,2013-01-01
3006925000,80,4,"소호 제3824.84호부터 제3824.88호까지, 제3824.91호, 제3824.99호의 것",,1,2017-01-01
3006930000,80,3,공인된 임상시험에 사용하는 플라세보(placebo)와 맹검(또는 이중 맹검) 임상시험 키트(일정한 투여량으로 한 것으로 한정한다),,1,2022-01-01
31,80,0,제31류 비료,,0,
3101,80,1,"동물성ㆍ식물성 비료(함께 혼합한 것인지 또는 화학적 처리를 한 것인지에 상관없다), 동물성ㆍ식물성 물품을 혼합하거나 화학적으로 처리한 비료",,0,
310100,80,2,"동물성ㆍ식물성 비료(함께 혼합한 것인지 또는 화학적 처리를 한 것인지에 상관없다), 동물성ㆍ식물성 물품을 혼합하거나 화학적으로 처리한 비료",,0,
3101001000,80,3,동물성 비료,,1,2022-01-01
3101002000,80,3,식물성 비료,,1,2002-01-01
3101003000,80,3,동물성ㆍ식물성 물품을 혼합하거나 화학적으로 처리한 비료,,1,2013-01-01
3102,80,1,질소비료(광물성 비료나 화학비료로 한정한다),,0,
310210,80,2,요소(수용액의 것인지에 상관없다),,0,
3102101000,80,3,비료나 비료제조용,,1,2013-01-01
3102109000,80,3,기타,,1,2007-01-01
31022,80,2,"황산암모늄, 황산암모늄ㆍ질산암모늄의 겹염과 혼합물",,0,
3102210000,80,3,황산암모늄,,1,2002-01-01
310229,80,3,기타,,0,
3102291000,80,4,황산암모늄과 질산암모늄의 겹염,,1,2002-01-01
3102292000,80,4,황산암모늄과 질산암모늄의 혼합물,,1,2002-01-01
3102300000,80,2,질산암모늄(수용액의 것인지에 상관없다),,1,2013-01-01
3102400000,80,2,질산암모늄의 혼합물(탄산칼슘이나 그 밖의 비료성분이 아닌 무기물을 첨가한 것으로 한정한다),,1,2014-01-01
310250,80,2,질산나트륨,,0,
3102501000,80,3,천연의 것,,1,2002-01-01
3102509000,80,3,기타,,1,2002-01-01
3102600000,80,2,질산칼슘ㆍ질산암모늄의 겹염과 혼합물,,1,2013-01-01
3102800000,80,2,요소ㆍ질산암모늄의 혼합물(수용액이나 암모니아용액을 혼합한 것으로 한정한다),,1,2013-01-01
310290,80,2,기타(위의 소호에 열거하지 않은 혼합물을 포함한다),,0,
3102901000,80,3,질산칼슘과 질산마그네슘의 겹염,,1,2012-01-01
3102909000,80,3,기타,,1,2002-01-01
3103,80,1,인산비료(광물성 비료나 화학비료로 한정한다),,0,
31031,80,2,과인산석회,,0,
3103110000,80,3,오산화인(P2O5)의 함유량이 전 중량의 100분의 35 이상인 것,,1,2017-01-01
3103190000,80,3,기타,,1,2017-01-01
3103900000,80,2,기타,,1,2022-01-01
3104,80,1,칼륨비료(광물성 비료나 화학비료로 한정한다),,0,
3104200000,80,2,염화칼륨,,1,2002-01-01
310430,80,2,황산칼륨,,0,
3104301000,80,3,산화칼륨으로 계산한 칼륨분의 함유량이 전 중량의 100분의 52 이하인 것,,1,2013-01-01
3104309000,80,3,기타,,1,2002-01-01
310490,80,2,기타,,0,
31049010,80,3,황산마그네슘칼륨,,0,
3104901010,80,4,산화칼륨으로 계산한 칼륨분의 함유량이 전 중량의 100분의 30 이하인 것,,1,2013-01-01
3104901090,80,4,기타,,1,2002-01-01
3104909000,80,3,기타,,1,2002-01-01
3105,80,1,"광물성 비료나 화학비료(비료의 필수요소인 질소ㆍ인ㆍ칼륨 중 두 가지나 세 가지를 함유하는 것으로 한정한다), 그 밖의 비료, 이 류에 열거한 물품을 태블릿(tablet) 모양이나 이와 유사한 모양으로 한 것이거나 용기를 포함한 한 개의 총중량이 10킬로그램 이하로 포장한 것",,0,
3105100000,80,2,이 류에 열거한 물품을 태블릿(tablet) 모양이나 이와 유사한 모양으로 한 것이거나 용기를 포함한 한 개의 총중량이 10킬로그램 이하로 포장한 것,,1,2022-01-01
3105200000,80,2,질소ㆍ인ㆍ칼륨을 함유한 광물성 비료나 화학비료,,1,2013-01-01
3105300000,80,2,오르토인산수소 이암모늄(인산이암모늄),,1,2002-01-01
3105400000,80,2,"오르토인산이수소암모늄(인산일암모늄), 이것과 오르토인산수소이암모늄(인산이암모늄)의 혼합물",,1,2013-01-01
31055,80,2,질소와 인을 함유한 그 밖의 광물성 비료나 화학비료,,0,
3105510000,80,3,질산염과 인산염을 함유한 비료,,1,2002-01-01
3105590000,80,3,기타,,1,2002-01-01
3105600000,80,2,인과 칼륨을 함유한 광물성 비료나 화학비료,,1,2013-01-01
310590,80,2,기타,,0,
3105901000,80,3,질소와 칼륨을 함유한 비료,,1,2002-01-01
3105909000,80,3,기타,,1,2002-01-01
32,80,0,"제32류 유연용ㆍ염색용 추출물(extract), 탄닌과 이들의 유도체, 염료ㆍ안료와 그 밖의 착색제, 페인트ㆍ바니시(varnish), 퍼티(putty)와 그 밖의 매스틱(mastic), 잉크",,0,
3201,80,1,"식물성 유연용 추출물(extract), 탄닌과 그 염ㆍ에테르ㆍ에스테르ㆍ그 밖의 유도체",,0,
3201100000,80,2,퀘브라쵸 추출물(quebracho extract),,1,2013-01-01
3201200000,80,2,왓틀 추출물(wattle extract),,1,2013-01-01
3201900000,80,2,기타,,1,2022-01-01
3202,80,1,"합성 유기유연제ㆍ무기유연제ㆍ조제 유연제(천연 유연제를 함유하였는지에 상관없다), 유연전(柔軟前) 처리용 효소계 조제품",,0,
320210,80,2,합성 유기유연제,,0,
3202101000,80,3,방향족 신탄스,,1,2002-01-01
3202103000,80,3,수지성 유연제,,1,2002-01-01
3202109000,80,3,기타,,1,2002-01-01
320290,80,2,기타,,0,
3202901000,80,3,무기유연제,,1,2002-01-01
3202909000,80,3,기타,,1,2002-01-01
3203,80,1,"식물성ㆍ동물성 착색제[화학적으로 단일한 것인지에 상관없으며, 염색용 추출물(extract)을 포함하고 수탄(獸炭)은 제외한다]와 이것을 기본 재료로 한 조제품(이 류의 주 제3호의 것으로 한정한다)",,0,
320300,80,2,"식물성ㆍ동물성 착색제[화학적으로 단일한 것인지에 상관없으며, 염색용 추출물(extract)을 포함하고 수탄(獸炭)은 제외한다]와 이것을 기본 재료로 한 조제품(이 류의 주 제3호의 것으로 한정한다)",,0,
3203001000,80,3,식물성 착색제,,1,2022-01-01
32030020,80,3,동물성 착색제,,0,
3203002010,80,4,코치닐(cochineal),,1,2022-01-01
3203002030,80,4,세피아(sepia),,1,2013-01-01
3203002090,80,4,기타,,1,2002-01-01
3203003000,80,3,식물성이나 동물성 착색제를 기본 재료로 한 조제품,,1,2013-01-01
3204,80,1,"합성 유기착색제(화학적으로 단일한 것인지에 상관없다), 이것을 기본 재료로 한 조제품(이 류의 주 제3호의 것으로 한정한다), 형광증백제(螢光增白劑)나 루미노퍼(luminophore)로 사용되는 종류의 합성유기생산품(화학적으로 단일한 것인지에 상관없다)",,0,
32041,80,2,합성 유기착색제와 이들을 기본 재료로 한 조제품(이 류의 주 제3호의 것으로 한정한다),,0,
320411,80,3,분산성 염료와 이들을 기본 재료로 한 조제품,,0,
3204111000,80,4,분산성 염료 중간체[프레스케익(press cake)으로 한정한다],,1,2017-01-01
3204119000,80,4,기타,,1,2007-01-01
320412,80,3,산성 염료(금속염으로 한 것인지에 상관없다)ㆍ매염(媒染) 염료와 이들을 기본 재료로 한 조제품,,0,
3204121000,80,4,산성염료와 및 이들을 기본 재료로 한 조제품,,1,2013-01-01
3204122000,80,4,매염염료와 이들을 기본 재료로 한 조제품,,1,2013-01-01
3204130000,80,3,염기성 염료와 이들을 기본 재료로 한 조제품,,1,2013-01-01
3204140000,80,3,직접 염료와 이들을 기본 재료로 한 조제품,,1,2013-01-01
3204150000,80,3,건염(建染) 염료(그 상태에서 안료로 사용할 수 있는 것을 포함한다)와 이들을 기본 재료로 한 조제품,,1,2013-01-01
3204160000,80,3,반응성 염료와 이들을 기본 재료로 한 조제품,,1,2013-01-01
3204170000,80,3,안료 색소와 이들을 기본 재료로 한 조제품,,1,2013-01-01
3204180000,80,3,카로티노이드 착색제와 이들을 기본재료로 한 조제품,,1,2022-01-01
320419,80,3,기타(소호 제3204.11호부터 제3204.19호까지에 해당하는 둘 이상의 착색제의 혼합물을 포함한다),,0,
3204191000,80,4,유기용제 용해염료와 이들을 기본 재료로 한 조제품,,1,2017-01-01
3204193000,80,4,황화염료ㆍ황화 건염염료와 이들을 기본 재료로 한 조제품,,1,2013-01-01
3204199000,80,4,기타,,1,2002-01-01
3204200000,80,2,형광증백제로 사용되는 종류의 합성유기생산품,,1,2014-01-01
320490,80,2,기타,,0,
32049010,80,3,합성 유기루미노퍼(luminophore),,0,
3204901010,80,4,유기발광다이오드(오엘이디) 제조용,,1,2017-01-01
3204901090,80,4,기타,,1,2011-01-01
3204909000,80,3,기타,,1,2002-01-01
3205,80,1,레이크 안료와 이들을 기본 재료로 한 조제품(이 류의 주 제3호의 것으로 한정한다),,0,
320500,80,2,레이크 안료와 이들을 기본 재료로 한 조제품(이 류의 주 제3호의 것으로 한정한다),,0,
3205001000,80,3,플라스틱 안료색소,,1,2002-01-01
3205009000,80,3,기타,,1,2002-01-01
3206,80,1,"그 밖의 착색제와 조제품(제3203호ㆍ제3204호ㆍ제3205호에 해당하는 물품은 제외하며, 이 류의 주 제3호의 것으로 한정한다), 루미노퍼(luminophore)로 사용되는 무기물(화학적으로 단일한 것인지에 상관없다)",,0,
32061,80,2,이산화티타늄을 기본 재료로 한 안료와 그 조제품,,0,
3206110000,80,3,건조 상태로 계산하여 이산화티타늄의 중량이 100분의 80 이상 함유된 것,,1,2013-01-01
3206190000,80,3,기타,,1,2002-01-01
3206200000,80,2,크로뮴화합물을 기본 재료로 한 안료와 그 조제품,,1,2013-01-01
32064,80,2,그 밖의 착색제와 조제품,,0,
320641,80,3,군청(群靑)과 이것을 기본 재료로 한 조제품,,0,
3206411000,80,4,군청,,1,2002-01-01
3206419000,80,4,기타,,1,2002-01-01
320642,80,3,황아연을 기본 재료로 한 리토폰(lithopone)ㆍ그 밖의 안료와 조제품,,0,
3206421000,80,4,리토폰(lithopone),,1,2022-01-01
3206429000,80,4,기타,,1,2002-01-01
320649,80,3,기타,,0,
3206491000,80,4,아연회,,1,2002-01-01
3206495000,80,4,코발트 화합물을 기본 재료로 한 안료,,1,2013-01-01
3206496000,80,4,카드뮴화합물을 기본 재료로 한 안료와 그 조제품,,1,2013-01-01
3206499000,80,4,기타,,1,2002-01-01
3206500000,80,2,루미노퍼(luminophore)로 사용되는 무기물,,1,2013-01-01
3207,80,1,"조제 안료ㆍ조제 유백제(乳白劑)ㆍ조제 그림물감ㆍ법랑ㆍ유약ㆍ유약용 슬립ㆍ액체 상태 러스터(lustre)와 이와 유사한 조제품(요업ㆍ에나멜공업ㆍ유리공업에 주로 사용되는 것으로 한정한다), 유리 프리트(frit)와 그 밖의 유리[가루ㆍ알갱이ㆍ플레이크(flake) 모양인 것으로 한정한다]",,0,
3207100000,80,2,조제 안료ㆍ조제 유백제(乳白劑)ㆍ조제 그림물감과 이와 유사한 조제품,,1,2013-01-01
320720,80,2,법랑과 유약ㆍ유약용 슬립과 이와 유사한 조제품,,0,
3207201000,80,3,법랑과 유약,,1,2002-01-01
3207202000,80,3,슬립,,1,2002-01-01
3207209000,80,3,기타,,1,2002-01-01
320730,80,2,액체 상태 러스터(lustre)와 이와 유사한 조제품,,0,
3207301000,80,3,금으로 만든 것,,1,2013-01-01
3207302000,80,3,백금으로 만든 것,,1,2013-01-01
3207303000,80,3,팔라듐으로 만든 것,,1,2013-01-01
3207304000,80,3,은으로 만든 것,,1,2013-01-01
3207309000,80,3,기타,,1,2002-01-01
3207400000,80,2,유리 프리트(frit)와 그 밖의 유리[가루ㆍ알갱이ㆍ플레이크(flake) 모양인 것으로 한정한다],,1,2013-01-01
3208,80,1,"페인트와 바니시(varnish)[에나멜ㆍ래커(lacquer)를 포함하며, 합성 중합체나 화학적으로 변성한 천연 중합체를 기본 재료로 하여 비수성(非水性) 매질(媒質)에 분산하거나 용해한 것으로 한정한다], 이 류의 주 제4호의 용액",,0,
320810,80,2,폴리에스테르를 기본 재료로 한 것,,0,
32081010,80,3,페인트(에나멜을 포함한다),,0,
3208101010,80,4,에나멜,,1,2003-01-01
3208101090,80,4,기타,,1,2003-01-01
3208102000,80,3,바니시(varnish)[래커(lacquer)를 포함한다],,1,2013-01-01
3208103000,80,3,이 류의 주 제4호의 용액,,1,2002-01-01
320820,80,2,아크릴이나 비닐중합체를 기본 재료로 한 것,,0,
32082010,80,3,아크릴 중합체를 기본 재료로 한 것,,0,
320820101,80,4,페인트(에나멜을 포함한다),,0,
3208201011,80,5,에나멜,,1,2003-01-01
3208201019,80,5,기타,,1,2003-01-01
3208201020,80,4,바니시(varnish)[래커(lacquer)를 포함한다],,1,2013-01-01
3208201030,80,4,이 류의 주 제4호의 용액,,1,2002-01-01
32082020,80,3,비닐 중합체를 기본 재료로 한 것,,0,
320820201,80,4,페인트(에나멜을 포함한다),,0,
3208202011,80,5,에나멜,,1,2003-01-01
3208202019,80,5,기타,,1,2003-01-01
3208202020,80,4,바니시(varnish)[래커(lacquer)를 포함한다],,1,2013-01-01
3208202030,80,4,이 류의 주 제4호의 용액,,1,2002-01-01
320890,80,2,기타,,0,
32089010,80,3,셀룰로오스유도체를 기본 재료로 한 것,,0,
320890101,80,4,페인트(에나멜을 포함한다),,0,
3208901011,80,5,에나멜,,1,2003-01-01
3208901019,80,5,기타,,1,2003-01-01
3208901020,80,4,바니시(varnish)[래커(lacquer)를 포함한다],,1,2013-01-01
3208901030,80,4,이 류의 주 제4호의 용액,,1,2002-01-01
32089090,80,3,기타,,0,
320890901,80,4,페인트(에나멜을 포함한다),,0,
3208909011,80,5,에나멜,,1,2003-01-01
3208909019,80,5,기타,,1,2003-01-01
3208909020,80,4,바니시(varnish)[래커(lacquer)를 포함한다],,1,2013-01-01
3208909030,80,4,이 류의 주 제4호의 용액,,1,2002-01-01
3209,80,1,"페인트와 바니시(varnish)[에나멜과 래커(lacquer)를 포함하며, 합성 중합체나 화학적으로 변성한 천연 중합체를 기본 재료로 하여 수성(水性) 매질(媒質)에 분산하거나 용해한 것으로 한정한다]",,0,
320910,80,2,아크릴이나 비닐중합체를 기본 재료로 한 것,,0,
32091010,80,3,아크릴 중합체를 기본 재료로 한 것,,0,
320910101,80,4,페인트(에나멜을 포함한다),,0,
3209101011,80,5,에나멜,,1,2003-01-01
3209101019,80,5,기타,,1,2003-01-01
3209101020,80,4,바니시(varnish)[래커(lacquer)를 포함한다],,1,2013-01-01
32091020,80,3,비닐 중합체를 기본 재료로 한 것,,0,
3209102010,80,4,페인트(에나멜을 포함한다),,1,2002-01-01
3209102020,80,4,바니시(varnish)[래커(lacquer)를 포함한다],,1,2013-01-01
320990,80,2,기타,,0,
32099010,80,3,기타 합성중합체를 기본 재료로 한 것,,0,
320990101,80,4,페인트(에나멜을 포함한다),,0,
3209901011,80,5,에나멜,,1,2003-01-01
3209901019,80,5,기타,,1,2003-01-01
3209901020,80,4,바니시(varnish)[래커(lacquer)를 포함한다],,1,2013-01-01
32099090,80,3,기타,,0,
320990901,80,4,페인트(에나멜을 포함한다),,0,
3209909011,80,5,에나멜,,1,2003-01-01
3209909019,80,5,기타,,1,2003-01-01
3209909020,80,4,바니시(varnish)[래커(lacquer)를 포함한다],,1,2013-01-01
3210,80,1,"그 밖의 페인트와 바니시(varnish)[에나멜ㆍ래커(lacquer)ㆍ디스템퍼(distemper)를 포함한다], 가죽의 완성가공용으로 사용하는 조제 수성안료",,0,
321000,80,2,"그 밖의 페인트와 바니시(varnish)[에나멜ㆍ래커(lacquer)ㆍ디스템퍼(distemper)를 포함한다], 가죽의 완성가공용으로 사용하는 조제 수성안료",,0,
32100010,80,3,페인트(에나멜을 포함한다),,0,
321000101,80,4,드라잉 오일,,0,
3210001011,80,5,에나멜,,1,2003-01-01
3210001019,80,5,기타,,1,2003-01-01
321000109,80,4,기타,,0,
3210001091,80,5,에나멜,,1,2003-01-01
3210001099,80,5,기타,,1,2003-01-01
32100020,80,3,바니시(varnish)[래커(lacquer)를 포함한다],,0,
3210002010,80,4,오일 바니시(varnish),,1,2013-01-01
3210002020,80,4,락ㆍ천연 검이나 천연 수지를 기본 재료로 한 바니시(varnish)와 래커(lacquer),,1,2013-01-01
3210002030,80,4,역청질ㆍ피치이나 이와 유사한 물품을 기본 재료로 한 바니시(varnish),,1,2022-01-01
3210002040,80,4,용제를 함유하지 않은 액상 바니시(varnish),,1,2013-01-01
32100030,80,3,디스템퍼(distemper)와 피혁의 완성가공용으로 사용하는 조제 수성안료,,0,
3210003010,80,4,디스템퍼(distemper),,1,2013-01-01
3210003090,80,4,기타,,1,2002-01-01
3211,80,1,조제 드라이어,,0,
3211000000,80,2,조제 드라이어,,1,2013-01-01
3212,80,1,"비수성(非水性) 매질(媒質)에 분산시킨 안료[금속 가루ㆍ금속플레이크(flake)를 포함하며, 페인트ㆍ에나멜 제조에 사용되는 액체나 페이스트(paste) 상태인 것으로 한정한다], 스탬프용 박(箔), 소매용 모양이나 포장을 한 염료와 그 밖의 착색제",,0,
3212100000,80,2,스탬프용 박(箔),,1,2013-01-01
321290,80,2,기타,,0,
3212901000,80,3,소매용의 모양이나 포장으로 한 염료와 그 밖의 착색제,,1,2013-01-01
3212909000,80,3,기타,,1,2002-01-01
3213,80,1,화가용ㆍ학생용ㆍ간판도장공용ㆍ색조 수정용ㆍ오락용 물감과 이와 유사한 물감[태블릿(tablet) 모양인 것ㆍ튜브들이ㆍ병들이ㆍ접시들이나 이와 유사한 모양이나 포장의 것으로 한정한다],,0,
321310,80,2,세트인 것,,0,
3213101000,80,3,유성 물감,,1,2013-01-01
3213102000,80,3,수성 물감,,1,2013-01-01
3213109000,80,3,기타,,1,2002-01-01
321390,80,2,기타,,0,
3213901000,80,3,유성 물감,,1,2013-01-01
3213902000,80,3,수성 물감,,1,2013-01-01
3213909000,80,3,기타,,1,2002-01-01
3214,80,1,"유리 접합용 퍼티(putty)ㆍ접목용 퍼티(putty)ㆍ수지시멘트ㆍ코킹(caulking)화합물과 그 밖의 매스틱(mastic), 도장용 충전제, 건물의 외면ㆍ실내벽ㆍ마루ㆍ천장과 이와 유사한 장소에 사용되는 비내화성 표면처리제",,0,
321410,80,2,"유리 접합용 퍼티(putty)ㆍ접목용 퍼티(putty)ㆍ수지시멘트ㆍ코킹(caulking)화합물과 그 밖의 매스틱(mastic), 도장용 충전제",,0,
32141010,80,3,매스틱,,0,
3214101060,80,4,고무를 기본 재료로 한 것,,1,2013-01-01
3214101080,80,4,수지매스틱과 수지시멘트,,1,2002-01-01
3214101090,80,4,기타,,1,2002-01-01
3214102000,80,3,도장용 충전제,,1,2022-01-01
3214109000,80,3,기타,,1,2002-01-01
3214900000,80,2,기타,,1,2002-01-01
3215,80,1,인쇄용 잉크ㆍ필기용 잉크ㆍ제도용 잉크와 그 밖의 잉크(농축하거나 고체화한 것인지에 상관없다),,0,
32151,80,2,인쇄용 잉크,,0,
3215110000,80,3,흑색,,1,2013-01-01
3215190000,80,3,기타,,1,2002-01-01
321590,80,2,기타,,0,
3215901000,80,3,필기용 잉크,,1,2002-01-01
3215902000,80,3,제도용 잉크,,1,2002-01-01
3215903000,80,3,복사용 잉크,,1,2002-01-01
32159040,80,3,볼펜용 잉크,,0,
3215904010,80,4,유성,,1,2013-01-01
3215904020,80,4,수성,,1,2013-01-01
3215904030,80,4,유성ㆍ수성 겸용,,1,2013-01-01
3215905000,80,3,금속성 잉크,,1,2002-01-01
32159060,80,3,마크용 잉크,,0,
3215906010,80,4,유성,,1,2013-01-01
3215906020,80,4,수성,,1,2013-01-01
3215906030,80,4,유성ㆍ수성 겸용,,1,2013-01-01
3215909000,80,3,기타,,1,2002-01-01
33,80,0,"제33류 정유(essential oil)와 레지노이드(resinoid), 조제향료와 화장품ㆍ화장용품",,0,
3301,80,1,"정유(essential oil)[콘크리트(concrete)와 앱설루트(absolute)를 포함하며, 테르펜을 제거한 것인지에 상관없다], 레지노이드(resinoid), 추출한 올레오레진(oleoresin), 정유(essential oil)의 농축물[냉침법(冷浸法)이나 온침법(溫浸法)에 따라 얻은 것으로서 유지ㆍ불휘발성유ㆍ왁스나 이와 유사한 물질을 매질(媒質)로 한 것으로 한정한다], 정유(essential oil)에서 테르펜을 제거할 때 생기는 테르펜계 부산물, 정유(essential oil)의 애큐어스 디스틸레이트(aqueous distillate)와 애큐어스 솔루션(aqueous solution)",,0,
33011,80,2,정유(essential oil)(감귤류로 한정한다),,0,
3301120000,80,3,오렌지유,,1,2002-01-01
3301130000,80,3,레몬유,,1,2002-01-01
3301190000,80,3,기타,,1,2002-01-01
33012,80,2,정유(essential oil)(감귤류 외의 것으로 한정한다),,0,
3301240000,80,3,박하유[멘타 피페리타(Mentha piperita)],,1,2013-01-01
3301250000,80,3,그 밖의 민트류로 만든 것,,1,2013-01-01
3301290000,80,3,기타,,1,2022-01-01
3301300000,80,2,레지노이드(resinoid),,1,2013-01-01
330190,80,2,기타,,0,
3301901000,80,3,정유(essential oil)에서 테르펜을 제거할 때에 생기는 테르펜계 부산물,,1,2013-01-01
3301902000,80,3,정유(essential oil)의 농축물,,1,2013-01-01
3301903000,80,3,정유(essential oil)의 애큐어스 디스틸레이트(aqueous distillate)와 애큐어스 솔루션(aqueous solution),,1,2013-01-01
3301904,80,3,추출한 올레오레진(oleoresin),,0,
3301904100,80,4,아편에서 추출한 것,,1,2013-01-01
3301904200,80,4,감초에서 추출한 것,,1,2013-01-01
3301904300,80,4,홉(hop)에서 추출한 것,,1,2013-01-01
3301904400,80,4,제충국(除蟲菊)에서 추출한 것이나 로테논(rotenone)을 함유하는 식물 뿌리에서 추출한 것,,1,2013-01-01
33019045,80,4,인삼에서 추출한 것,,0,
3301904510,80,5,백삼에서 추출한 것,,1,2013-01-01
3301904520,80,5,홍삼에서 추출한 것,,1,2013-01-01
3301904530,80,5,그 밖의 인삼에서 추출한 것,,1,2013-01-01
3301904600,80,4,캐슈너트 쉘액(cashew nut shell liquid)에서 추출한 것,,1,2013-01-01
3301904700,80,4,생칠(生漆)에서 추출한 것,,1,2013-01-01
3301904800,80,4,기타,,1,2002-01-01
3302,80,1,"방향성(芳香性) 물질의 혼합물과 방향성(芳香性) 물질의 하나 이상을 기본 재료로 한 혼합물(알코올의 용액을 포함하며, 공업용 원료로 사용하는 것으로 한정한다), 방향성(芳香性) 물질을 기본 재료로 한 그 밖의 조제품(음료제조용으로 한정한다)",,0,
330210,80,2,식품공업용이나 음료공업용,,0,
3302101000,80,3,식품공업용,,1,2013-01-01
33021020,80,3,음료공업용,,0,
330210201,80,4,음료제조용 조제품,,0,
3302102011,80,5,알코올성 합성 조제품,,1,2013-01-01
3302102019,80,5,기타,,1,2002-01-01
3302102090,80,4,기타,,1,2002-01-01
3302900000,80,2,기타,,1,2002-01-01
3303,80,1,향수와 화장수,,0,
330300,80,2,향수와 화장수,,0,
3303001000,80,3,향수,,1,2012-01-01
3303002000,80,3,화장수,,1,2002-01-01
3304,80,1,"미용이나 메이크업용 제품류와 기초화장용 제품류[의약품은 제외하며, 선스크린(sunscreen)과 선탠(sun tan) 제품류를 포함한다], 매니큐어용 제품류와 페디큐어(pedicure)용 제품류",,0,
330410,80,2,입술화장용 제품류,,0,
3304101000,80,3,립스틱,,1,2002-01-01
3304109000,80,3,기타,,1,2002-01-01
330420,80,2,눈화장용 제품류,,0,
3304201000,80,3,아이섀도,,1,2013-01-01
3304209000,80,3,기타,,1,2002-01-01
330430,80,2,매니큐어용 제품류와 페디큐어(pedicure)용 제품류,,0,
3304301000,80,3,네일에나멜,,1,2002-01-01
3304309000,80,3,기타,,1,2002-01-01
33049,80,2,기타,,0,
330491,80,3,가루(압축한 것인지에 상관없다),,0,
3304911000,80,4,페이스파우다,,1,2012-01-01
3304912000,80,4,베이비파우다(탈쿰파우다를 포함한다),,1,2002-01-01
3304919000,80,4,기타,,1,2002-01-01
330499,80,3,기타,,0,
3304991000,80,4,기초화장용 제품류,,1,2002-01-01
3304992000,80,4,메이크업용 제품류,,1,2002-01-01
3304993000,80,4,어린이용 제품류,,1,2002-01-01
3304999000,80,4,기타,,1,2002-01-01
3305,80,1,두발용 제품류,,0,
3305100000,80,2,샴푸,,1,2002-01-01
3305200000,80,2,퍼머넌트 웨이빙(permanent waving)용이나 스트레이트닝(straightening)용 제품류,,1,2013-01-01
3305300000,80,2,헤어 래커(hair lacquer),,1,2013-01-01
330590,80,2,기타,,0,
3305901000,80,3,헤어린스,,1,2002-01-01
3305902000,80,3,헤어크림,,1,2002-01-01
3305909000,80,3,기타,,1,2002-01-01
3306,80,1,"구강ㆍ치과 위생용 제품류[치열 교정용 페이스트(paste)와 가루를 포함한다], 치간 청결용 실로서 개별 소매용으로 포장한 것[치실(dental floss)]",,0,
3306100000,80,2,치약,,1,2002-01-01
330620,80,2,치간 청결용 실[치실(dental floss)],,0,
33062010,80,3,나일론이나 그 밖의 폴리아미드의 것,,0,
330620101,80,4,강력사나 단사로서 꼬임이 없거나 미터당 50회 이하의 꼬임의 것,,0,
3306201011,80,5,70데시텍스를 초과하지 않는 것,,1,2022-01-01
3306201019,80,5,기타,,1,2007-01-01
3306201020,80,4,구성하는 단사가 50텍스를 초과하는 것,,1,2002-01-01
3306209000,80,3,기타,,1,2002-01-01
330690,80,2,기타,,0,
3306901000,80,3,구강위생용 제품류,,1,2002-01-01
3306902000,80,3,치과위생용 제품류,,1,2002-01-01
3307,80,1,면도용 제품류ㆍ인체용 탈취제ㆍ목욕용 조제품ㆍ탈모제와 그 밖의 조제향료ㆍ따로 분류되지 않은 화장품이나 화장용품ㆍ실내용 조제 탈취제(향을 첨가한 것인지 또는 살균성이 있는 것인지에 상관없다),,0,
330710,80,2,면도용 제품류,,0,
3307101000,80,3,애프터 셰이빙로션,,1,2013-01-01
3307109000,80,3,기타,,1,2002-01-01
3307200000,80,2,인체용 탈취제와 땀 억제제,,1,2013-01-01
330730,80,2,향을 첨가한 목욕용 염과 그 밖의 목욕용 제품류,,0,
3307301000,80,3,가향한 목욕용 염,,1,2002-01-01
3307302000,80,3,그 밖의 목욕용 제품류,,1,2013-01-01
33074,80,2,실내용 방향 조제품이나 탈취 조제품(종교의식에 사용하는 방향 조제품을 포함한다),,0,
3307410000,80,3,아가바티(agarbatti)와 그 밖의 연소시켜 사용하는 향기성의 조제품,,1,2022-01-01
3307490000,80,3,기타,,1,2002-01-01
330790,80,2,기타,,0,
3307901000,80,3,제모제,,1,2025-01-01
3307903000,80,3,콘택트렌즈의 액이나 의안의 액,,1,2013-01-01
3307904000,80,3,마스크 팩,,1,2022-01-01
3307909000,80,3,기타,,1,2002-01-01
34,80,0,제34류 비누ㆍ유기계면활성제ㆍ조제 세제ㆍ조제 윤활제ㆍ인조 왁스ㆍ조제 왁스ㆍ광택용이나 연마용 조제품ㆍ양초와 이와 유사한 물품ㆍ조형용 페이스트(paste)ㆍ치과용 왁스와 플라스터(plaster)를 기본 재료로 한 치과용 조제품,,0,
3401,80,1,"비누, 비누로 사용되는 유기계면활성제품과 조제품[막대(bar) 모양ㆍ케이크 모양ㆍ주형 모양으로 된 것으로 한정하며, 비누를 함유한 것인지에 상관없다], 피부세척용 유기계면활성제품과 조제품(액체나 크림 형태의 소매용으로 한정하며, 비누를 함유한 것인지에 상관없다), 비누나 세제를 침투시키거나 도포한 종이ㆍ워딩(wadding)ㆍ펠트(felt)ㆍ부직포",,0,
34011,80,2,"비누ㆍ유기계면활성제품과 조제품[막대(bar) 모양ㆍ케이크 모양ㆍ주형 모양으로 된 것으로 한정한다], 비누나 세제를 침투시키거나 도포한 종이ㆍ워딩(wadding)ㆍ펠트(felt)ㆍ부직포",,0,
340111,80,3,화장용(약용을 포함한다),,0,
3401111000,80,4,약용비누,,1,2002-01-01
3401119000,80,4,기타,,1,2002-01-01
340119,80,3,기타,,0,
34011910,80,4,"비누, 유기계면활성제품과 조제품(막대(bar) 모양ㆍ케이크 모양ㆍ주형 모양으로 된 것)",,0,
3401191010,80,5,세탁비누,,1,2002-01-01
3401191090,80,5,기타,,1,2002-01-01
3401192000,80,4,비누나 세제를 침투시키거나 도포한 종이ㆍ워딩(wadding)ㆍ펠트(felt)와 부직포,,1,2013-01-01
3401200000,80,2,그 밖의 모양의 비누,,1,2013-01-01
3401300000,80,2,"피부세척용 유기계면활성제품과 조제품(액체나 크림 형태의 소매용으로 한정하며, 비누를 함유한 것인지에 상관없다)",,1,2013-01-01
3402,80,1,"유기계면활성제(비누는 제외한다), 조제 계면활성제ㆍ조제 세제(보조 조제 세제를 포함한다)ㆍ조제 청정제(비누를 함유한 것인지에 상관없으며 제3401호의 물품은 제외한다)",,0,
34023,80,2,음이온성 유기계면활성제(소매용으로 한 것인지에 상관없다),,0,
3402310000,80,3,선형 알킬벤젠 술폰산과 그 염,,1,2022-01-01
3402390000,80,3,기타,,1,2022-01-01
34024,80,2,그 밖의 유기계면활성제(소매용으로 한 것인지에 상관없다),,0,
3402410000,80,3,양이온성,,1,2022-01-01
340242,80,3,비이온성,,0,
3402421000,80,4,농약원제(農藥原劑)(｢농약관리법｣에 따라 등록된 것으로 한정한다),,1,2022-01-01
3402429000,80,4,기타,,1,2022-01-01
3402490000,80,3,기타,,1,2022-01-01
340250,80,2,소매용 조제품,,0,
3402501000,80,3,조제 세제,,1,2022-01-01
3402502000,80,3,조제 청정제,,1,2022-01-01
3402509000,80,3,기타,,1,2022-01-01
340290,80,2,기타,,0,
3402901000,80,3,조제 계면활성제,,1,2013-01-01
3402902000,80,3,조제 세제,,1,2013-01-01
3402903000,80,3,조제 청정제,,1,2013-01-01
3403,80,1,"조제 윤활유[윤활제를 기본 재료로 한 조제 절삭제ㆍ볼트나 너트 방출제ㆍ방청제ㆍ부식방지제ㆍ이형(mould release) 조제품을 포함한다], 방직용 재료ㆍ가죽ㆍ모피나 그 밖의 재료의 오일링처리나 가지처리에 사용하는 조제품[석유나 역청유(瀝靑油)의 함유량이 전 중량의 100분의 70 이상인 것을 기본 재료로 한 조제품은 제외한다]",,0,
34031,80,2,석유나 역청유(瀝靑油)를 함유하는 것,,0,
340311,80,3,방직용 재료ㆍ가죽ㆍ모피나 그 밖의 재료의 처리용 조제품,,0,
3403111000,80,4,방직용 재료의 처리용 조제품,,1,2013-01-01
3403112000,80,4,가죽이나 모피의 처리용 조제품,,1,2013-01-01
3403119000,80,4,기타,,1,2002-01-01
340319,80,3,기타,,0,
3403191000,80,4,조제 절삭유,,1,2013-01-01
3403193000,80,4,방청제나 부식방지제,,1,2013-01-01
3403194000,80,4,이형(mold release) 조제품,,1,2013-01-01
3403195000,80,4,신선용(伸線用) 조제 윤활제,,1,2013-01-01
3403199000,80,4,기타,,1,2002-01-01
34039,80,2,기타,,0,
340391,80,3,방직용 재료ㆍ가죽ㆍ모피나 그 밖의 재료의 처리용 조제품,,0,
3403911000,80,4,방직용 재료의 처리용 조제품,,1,2013-01-01
3403912000,80,4,가죽이나 모피의 처리용 조제품,,1,2013-01-01
3403919000,80,4,기타,,1,2002-01-01
340399,80,3,기타,,0,
3403991000,80,4,조제 절삭유,,1,2013-01-01
3403992000,80,4,신선용(伸線用) 조제 윤활제,,1,2013-01-01
3403999000,80,4,기타,,1,2002-01-01
3404,80,1,인조 왁스와 조제 왁스,,0,
3404200000,80,2,폴리(옥시에틸렌)(폴리에틸렌글리콜)의 것,,1,2002-01-01
340490,80,2,기타,,0,
34049010,80,3,인조 왁스,,0,
3404901010,80,4,클로로 파라핀왁스,,1,2002-01-01
3404901030,80,4,폴리알킬렌왁스,,1,2002-01-01
3404901040,80,4,화학적으로 변성한 갈탄왁스,,1,2007-01-01
3404901090,80,4,기타,,1,2002-01-01
3404902000,80,3,조제 왁스,,1,2013-01-01
3405,80,1,"신발용ㆍ가구용ㆍ마루용ㆍ차체(coachwork)용ㆍ유리용ㆍ금속용 광택제와 크림, 연마페이스트(paste)ㆍ연마가루와 이와 유사한 조제품[이러한 조제품을 침투시키거나 도포하거나 피복한 종이ㆍ워딩(wadding)ㆍ펠트(felt)ㆍ부직포ㆍ셀룰러 플라스틱ㆍ셀룰러 고무 형태의 것인지에 상관없다](제3404호의 왁스는 제외한다)",,0,
3405100000,80,2,신발용이나 가죽용 광택제ㆍ크림과 이와 유사한 조제품,,1,2013-01-01
3405200000,80,2,목제가구ㆍ마루나 그 밖의 목제품의 유지용 광택제ㆍ크림과 이와 유사한 조제품,,1,2013-01-01
3405300000,80,2,차체(coachwork)용 광택제와 이와 유사한 조제품(금속용 광택제는 제외한다),,1,2013-01-01
3405400000,80,2,조제 연마페이스트(paste)ㆍ조제 연마가루와 그 밖의 연마용 조제품,,1,2013-01-01
340590,80,2,기타,,0,
34059010,80,3,금속용 광택제와 크림,,0,
3405901030,80,4,다이아몬드 가루나 더스트를 기본 재료로 한 것,,1,2013-01-01
3405901090,80,4,기타,,1,2002-01-01
3405909000,80,3,기타,,1,2002-01-01
3406,80,1,양초와 이와 유사한 물품,,0,
3406000000,80,2,양초와 이와 유사한 물품,,1,2013-01-01
3407,80,1,"조형용 페이스트(paste)(아동 오락용을 포함한다), 치과용 왁스나 치과용 인상재료[세트로 된 것, 소매용으로 포장된 것, 판 모양ㆍ말굽 모양ㆍ막대(stick) 모양이나 이와 유사한 모양의 것으로 한정한다], 플라스터(plaster)(소석고나 황산칼슘으로 만든 것으로 한정한다)를 기본 재료로 한 그 밖의 치과용 조제품",,0,
340700,80,2,"조형용 페이스트(paste)(아동 오락용을 포함한다), 치과용 왁스나 치과용 인상재료[세트로 된 것, 소매용으로 포장된 것, 판 모양ㆍ말굽 모양ㆍ막대(stick) 모양이나 이와 유사한 모양의 것으로 한정한다], 플라스터(plaster)(소석고나 황산칼슘으로 만든 것으로 한정한다)를 기본 재료로 한 그 밖의 치과용 조제품",,0,
3407001000,80,3,조형용 페이스트(paste),,1,2013-01-01
3407002000,80,3,치과용 왁스나 치과용 인상재료,,1,2022-01-01
3407003000,80,3,플라스터를 기본 재료로 한 기타 치과용 조제품,,1,2013-01-01
35,80,0,"제35류 단백질계 물질, 변성전분, 글루(glue), 효소",,0,
3501,80,1,"카세인(casein)ㆍ카세인산염(caseinate)과 그 밖의 카세인(casein) 유도체, 카세인 글루(casein glue)",,0,
350110,80,2,카세인(casein),,0,
3501101000,80,3,커피 크리머 제조용,,1,2013-01-01
3501109000,80,3,기타,,1,2007-01-01
350190,80,2,기타,,0,
3501901,80,3,카세인산염(caseinate)과 그 밖의 카세인(casein) 유도체,,0,
35019011,80,4,카세인산염(caseinate),,0,
3501901110,80,5,커피 크리머 제조용,,1,2013-01-01
3501901190,80,5,기타,,1,2007-01-01
3501901200,80,4,그 밖의 카세인(casein) 유도체,,1,2013-01-01
3501902000,80,3,카세인 글루(casein glue),,1,2013-01-01
3502,80,1,알부민(건조물 상태에서 계산한 유장단백질의 함유량이 전 중량의 100분의 80을 초과하는 둘 이상의 유장단백질의 농축물을 포함한다)ㆍ알부민산염과 그 밖의 알부민 유도체,,0,
35021,80,2,알의 흰자위(egg albumin),,0,
3502110000,80,3,건조한 것,,1,2002-01-01
3502190000,80,3,기타,,1,2002-01-01
3502200000,80,2,밀크알부민(둘 이상의 유장단백질의 농축물을 포함한다),,1,2002-01-01
350290,80,2,기타,,0,
3502901000,80,3,알부민산염과 그 밖의 알부민 유도체,,1,2013-01-01
3502909000,80,3,기타,,1,2002-01-01
3503,80,1,"젤라틴[직사각형(정사각형의 것을 포함한다) 시트(sheet) 모양인 것을 포함하며, 표면가공이나 착색한 것인지에 상관없다]과 젤라틴 유도체, 아이징글라스(isinglass), 그 밖의 동물성 글루(glue)[제3501호의 카세인 글루(casein glue)는 제외한다]",,0,
350300,80,2,"젤라틴[직사각형(정사각형의 것을 포함한다) 시트(sheet) 모양인 것을 포함하며, 표면가공이나 착색한 것인지에 상관없다]과 젤라틴 유도체, 아이징글라스(isinglass), 그 밖의 동물성 글루(glue)[제3501호의 카세인 글루(casein glue)는 제외한다]",,0,
35030010,80,3,젤라틴과 젤라틴 유도체,,0,
3503001010,80,4,젤라틴,,1,2002-01-01
3503001020,80,4,젤라틴 유도체,,1,2002-01-01
3503002000,80,3,아이징글라스(isinglass),,1,2013-01-01
3503003000,80,3,그 밖의 동물성 글루(glue),,1,2013-01-01
3504,80,1,"펩톤(peptone)과 이들의 유도체, 그 밖의 단백질계 물질과 이들의 유도체(따로 분류되지 않은 것으로 한정한다), 하이드파우더(hide powder)(크롬명반을 첨가한 것인지에 상관없다)",,0,
350400,80,2,"펩톤(peptone)과 이들의 유도체, 그 밖의 단백질계 물질과 이들의 유도체(따로 분류되지 않은 것으로 한정한다), 하이드파우더(hide powder)(크롬명반을 첨가한 것인지에 상관없다)",,0,
35040010,80,3,펩톤(peptone)과 이들의 유도체,,0,
3504001010,80,4,펩톤(peptone),,1,2013-01-01
3504001020,80,4,펩톤(peptone) 유도체,,1,2013-01-01
35040020,80,3,그 밖의 단백질계 물질과 이들의 유도체,,0,
3504002010,80,4,케라틴,,1,2002-01-01
3504002020,80,4,핵산단백질,,1,2002-01-01
3504002030,80,4,분리단백질,,1,2025-01-01
3504002090,80,4,기타,,1,2002-01-01
3504003000,80,3,하이드 파우더(hide powder),,1,2013-01-01
3505,80,1,"덱스트린과 그 밖의 변성전분[예: 프리젤라티나이지드(pregelatinised) 전분이나 에스테르화 전분], 전분ㆍ덱스트린이나 그 밖의 변성전분을 기본 재료로 한 글루(glue)",,0,
350510,80,2,덱스트린과 그 밖의 변성전분,,0,
3505101000,80,3,덱스트린,,1,2002-01-01
3505102000,80,3,가용성 전분(아밀로겐),,1,2002-01-01
3505103000,80,3,배소전분,,1,2002-01-01
35051040,80,3,프리젤라티나이지드(pregelatinised)전분이나 스웰링 전분,,0,
3505104010,80,4,식품용,,1,2013-01-01
3505104090,80,4,기타,,1,2007-01-01
35051050,80,3,에테르화전분이나 에스테르화전분,,0,
3505105010,80,4,식품용,,1,2013-01-01
3505105090,80,4,기타,,1,2007-01-01
35051090,80,3,기타,,0,
3505109010,80,4,식품용,,1,2013-01-01
3505109090,80,4,기타,,1,2007-01-01
350520,80,2,글루(glue),,0,
3505201000,80,3,전분 글루(glue),,1,2013-01-01
3505202000,80,3,덱스트린 글루(glue),,1,2013-01-01
3505209000,80,3,기타,,1,2002-01-01
3506,80,1,"조제 글루(glue)와 그 밖의 조제 접착제(따로 분류되지 않은 것으로 한정한다), 글루(glue)나 접착제로 사용하기에 적합한 물품[소매용으로 한 글루(glue)나 접착제로서 순중량이 1킬로그램 이하인 것으로 한정한다]",,0,
350610,80,2,"글루(glue)나 접착제로 사용하기에 적합한 물품[소매용으로 한 글루(glue)나 접착제로서, 순중량이 1킬로그램 이하인 것으로 한정한다]",,0,
3506101000,80,3,고무를 기본 재료로 한 것,,1,2013-01-01
3506102000,80,3,플라스틱(인조수지를 포함한다)을 기본 재료로 한 것,,1,2013-01-01
3506109000,80,3,기타,,1,2002-01-01
35069,80,2,기타,,0,
350691,80,3,제3901호부터 제3913호까지의 폴리머(polymer)나 고무를 기본 재료로 한 접착제,,0,
3506911000,80,4,광학용 투명 점착 필름 접착제ㆍ광학용 투명 경화성 액상 접착제(평판디스플레이 또는 터치 감지 스크린 패널의 제조에 전용 또는 주로 사용되는 종류의 것으로 한정한다),,1,2017-01-01
3506919000,80,4,기타,,1,2017-01-01
350699,80,3,기타,,0,
3506991000,80,4,비엔나 글루(glue),,1,2013-01-01
3506999000,80,4,기타,,1,2002-01-01
3507,80,1,효소와 따로 분류되지 않은 조제 효소,,0,
3507100000,80,2,레네트(rennet)와 이들의 농축물,,1,2013-01-01
350790,80,2,기타,,0,
3507901000,80,3,췌장계 효소,,1,2022-01-01
3507904000,80,3,"파파인, 브로멜라인과 피신",,1,2022-01-01
35079060,80,3,미생물에서 얻은 아밀라제와 프로테아제,,0,
3507906010,80,4,아밀라제,,1,2002-01-01
3507906020,80,4,프로테아제,,1,2002-01-01
3507907000,80,3,펙틴효소,,1,2025-01-01
3507909000,80,3,기타,,1,2002-01-01
36,80,0,"제36류 화약류, 화공품, 성냥, 발화성 합금, 특정 가연성 조제품",,0,
3601,80,1,화약,,0,
360100,80,2,화약,,0,
3601001000,80,3,흑색화약,,1,2002-01-01
3601002000,80,3,무연화약,,1,2002-01-01
3602,80,1,폭약(화약은 제외한다),,0,
3602000000,80,2,폭약(화약은 제외한다),,1,2013-01-01
3603,80,1,"도화선, 도폭선, 뇌관, 점화기, 전기뇌관",,0,
3603100000,80,2,도화선,,1,2022-01-01
3603200000,80,2,도폭선,,1,2022-01-01
3603300000,80,2,격발뇌관(percussion cap),,1,2022-01-01
3603400000,80,2,뇌관(detonating cap),,1,2022-01-01
3603500000,80,2,점화기,,1,2022-01-01
3603600000,80,2,전기뇌관,,1,2022-01-01
3604,80,1,불꽃제품ㆍ신호용 조명탄ㆍ레인로켓(rain rocket)ㆍ안개 신호용품과 그 밖의 화공품,,0,
3604100000,80,2,불꽃제품,,1,2002-01-01
360490,80,2,기타,,0,
3604901000,80,3,신호용 조명탄,,1,2002-01-01
3604909000,80,3,기타,,1,2002-01-01
3605,80,1,성냥(제3604호의 화공품은 제외한다),,0,
3605000000,80,2,성냥(제3604호의 화공품은 제외한다),,1,2022-01-01
3606,80,1,"페로세륨ㆍ그 밖의 발화성 합금(어떤 모양이라도 가능하다), 이 류의 주 제2호의 가연성 재료의 제품",,0,
3606100000,80,2,흡연용 라이터나 이와 유사한 라이터를 충전하거나 재충전하기 위하여 사용되는 용기(용량이 300세제곱센티미터 이하인 것으로 한정한다)에 넣은 액체연료ㆍ액화가스연료,,1,2013-01-01
3606900000,80,2,기타,,1,2022-01-01
37,80,0,제37류 사진용이나 영화용 재료,,0,
3701,80,1,"평면 모양 사진플레이트ㆍ평면 모양 사진필름(감광성이 있고 노광하지 않은 것으로 한정하며, 종이ㆍ판지ㆍ직물로 만든 것은 제외한다), 평면 모양 인스턴트 프린트필름(감광성이 있고 노광하지 않은 것으로 한정하며, 팩으로 된 것인지에 상관없다)",,0,
3701100000,80,2,엑스선용,M2,1,2013-01-01
3701200000,80,2,인스턴트 프린트필름,,1,2002-01-01
370130,80,2,그 밖의 플레이트와 필름(각 변의 길이가 255밀리미터를 초과하는 것으로 한정한다),,0,
3701302000,80,3,인쇄제판용,M2,1,2022-01-01
3701303000,80,3,인쇄회로기판용,M2,1,2022-01-01
3701304000,80,3,평판디스플레이용[블랭크마스크(blank mask)로 한정한다],M2,1,2022-01-01
3701309000,80,3,기타,M2,1,2022-01-01
37019,80,2,기타,,0,
370191,80,3,천연색 사진용(폴리크롬),,0,
3701911000,80,4,반도체 제조용,,1,2013-01-01
3701919,80,4,기타,,0,
3701919100,80,5,인쇄제판용,,1,2013-01-01
3701919200,80,5,인쇄회로기판용,,1,2013-01-01
3701919900,80,5,기타,,1,2017-01-01
370199,80,3,기타,,0,
3701991000,80,4,반도체 제조용,M2,1,2013-01-01
3701999,80,4,기타,,0,
3701999100,80,5,인쇄제판용,M2,1,2013-01-01
3701999200,80,5,인쇄회로기판용,M2,1,2013-01-01
3701999900,80,5,기타,M2,1,2022-01-01
3702,80,1,"롤 모양 사진필름(감광성이 있고 노광하지 않은 것으로 한정하며, 종이ㆍ판지ㆍ직물로 만든 것은 제외한다)과 롤 모양 인스턴트 프린트필름(감광성이 있고 노광하지 않은 것으로 한정한다)",,0,
3702100000,80,2,엑스선용,M2,1,2013-01-01
37023,80,2,그 밖의 필름(구멍이 없는 것으로서 폭이 105밀리미터 이하인 것으로 한정한다),,0,
370231,80,3,천연색 사진용(폴리크롬),,0,
3702311000,80,4,영화필름,M2,1,2022-01-01
3702319000,80,4,기타,M2,1,2017-01-01
370232,80,3,기타[할로겐화은 에멀션(emulsion)으로 된 것으로 한정한다],,0,
3702321000,80,4,영화필름,M2,1,2025-01-01
3702329000,80,4,기타,M2,1,2022-01-01
370239,80,3,기타,,0,
3702391000,80,4,영화필름,M2,1,2025-01-01
3702399000,80,4,기타,M2,1,2017-01-01
37024,80,2,그 밖의 필름(구멍이 없는 것으로서 폭이 105밀리미터를 초과하는 것으로 한정한다),,0,
370241,80,3,"폭이 610밀리미터를 초과하고, 길이가 200미터를 초과하는 것으로서 천연색 사진용의 것(폴리크롬)",,0,
3702411000,80,4,영화필름,M2,1,2017-01-01
3702419000,80,4,기타,M2,1,2017-01-01
370242,80,3,"폭이 610밀리미터를 초과하고, 길이가 200미터를 초과하는 것(천연색 사진용은 제외한다)",,0,
3702421000,80,4,영화필름,M2,1,2017-01-01
3702422000,80,4,인쇄제판용,M2,1,2013-01-01
3702423000,80,4,인쇄회로기판용,M2,1,2013-01-01
3702429000,80,4,기타,M2,1,2017-01-01
370243,80,3,"폭이 610밀리미터를 초과하고, 길이가 200미터 이하인 것",,0,
3702431000,80,4,영화필름,M2,1,2022-01-01
3702432000,80,4,인쇄제판용,M2,1,2013-01-01
3702433000,80,4,인쇄회로기판용,M2,1,2013-01-01
3702439000,80,4,기타,M2,1,2017-01-01
370244,80,3,폭이 105밀리미터 초과 610밀리미터 이하인 것,,0,
3702441000,80,4,영화필름,M2,1,2022-01-01
3702442000,80,4,인쇄제판용,M2,1,2013-01-01
3702443000,80,4,인쇄회로기판용,M2,1,2013-01-01
3702449000,80,4,기타,M2,1,2022-01-01
37025,80,2,그 밖의 필름[천연색 사진용(폴리크롬)],,0,
370252,80,3,폭이 16밀리미터 이하인 것,,0,
3702521000,80,4,영화필름,M,1,2022-01-01
3702529000,80,4,기타,M,1,2017-01-01
3702530000,80,3,폭이 16밀리미터 초과 35밀리미터 이하로서 길이가 30미터 이하인 것(슬라이드용으로 한정한다),M,1,2017-01-01
370254,80,3,폭이 16밀리미터 초과 35밀리미터 이하로서 길이가 30미터 이하인 것(슬라이드용은 제외한다),,0,
3702541000,80,4,영화필름,M,1,2022-01-01
3702549000,80,4,기타,M,1,2022-01-01
370255,80,3,폭이 16밀리미터 초과 35밀리미터 이하로서 길이가 30미터를 초과하는 것,,0,
3702551000,80,4,영화필름,M,1,2022-01-01
3702559000,80,4,기타,M,1,2017-01-01
370256,80,3,폭이 35밀리미터를 초과하는 것,,0,
3702561000,80,4,영화필름,M,1,2022-01-01
3702569000,80,4,기타,M,1,2017-01-01
37029,80,2,기타,,0,
370296,80,3,폭이 35밀리미터 이하로서 길이가 30미터 이하인 것,,0,
3702961000,80,4,영화필름,M,1,2022-01-01
3702969000,80,4,기타,M,1,2017-01-01
370297,80,3,폭이 35밀리미터 이하로서 길이가 30미터를 초과하는 것,,0,
3702971000,80,4,영화필름,M,1,2022-01-01
3702979000,80,4,기타,M,1,2022-01-01
370298,80,3,폭이 35밀리미터를 초과하는 것,,0,
3702981000,80,4,영화필름,M,1,2022-01-01
3702982000,80,4,인쇄제판용,M,1,2013-01-01
3702983000,80,4,인쇄회로기판용,M,1,2013-01-01
3702989000,80,4,기타,M,1,2017-01-01
3703,80,1,사진 인화지ㆍ판지ㆍ직물(감광성이 있고 노광하지 않은 것으로 한정한다),,0,
3703100000,80,2,롤 모양(폭이 610밀리미터를 초과하는 것으로 한정한다),,1,2022-01-01
370320,80,2,기타[천연색 사진용(폴리크롬)으로 한정한다],,0,
3703203000,80,3,사진복사용,,1,2013-01-01
3703209000,80,3,기타,,1,2002-01-01
3703900000,80,2,기타,,1,2022-01-01
3704,80,1,사진플레이트ㆍ필름ㆍ인화지ㆍ판지ㆍ직물(노광한 것으로서 현상하지 않은 것으로 한정한다),,0,
370400,80,2,사진플레이트ㆍ필름ㆍ인화지ㆍ판지ㆍ직물(노광한 것으로서 현상하지 않은 것으로 한정한다),,0,
3704001,80,3,사진플레이트와 필름,,0,
3704001100,80,4,영화용,,1,2017-01-01
3704001200,80,4,오프셋 복사용(엽서ㆍ그림엽서ㆍ카드ㆍ캘린더 제작용으로 한정한다),,1,2013-01-01
3704001300,80,4,반도체 제조용,,1,2013-01-01
3704001900,80,4,기타,,1,2002-01-01
3704002000,80,3,사진 인화지ㆍ판지ㆍ직물,,1,2013-01-01
3705,80,1,"사진플레이트와 필름(노광하여 현상한 것으로 한정하며, 영화용 필름은 제외한다)",,0,
370500,80,2,"사진플레이트와 필름(노광하여 현상한 것으로 한정하며, 영화용 필름은 제외한다)",,0,
37050010,80,3,오프셋 복사용,,0,
3705001010,80,4,엽서ㆍ그림엽서ㆍ카드와 캘린더 제작용,,1,2017-01-01
3705001090,80,4,기타,,1,2017-01-01
37050090,80,3,기타,,0,
3705009010,80,4,반도체 제조용,,1,2017-01-01
3705009090,80,4,기타,,1,2017-01-01
3706,80,1,"영화용 필름(노광하여 현상한 것으로 한정하며, 사운드트랙이 있는 것인지 또는 사운드트랙만으로 구성된 것인지에 상관없다)",,0,
3706100000,80,2,폭이 35밀리미터 이상인 것,M,1,2022-01-01
3706900000,80,2,기타,M,1,2022-01-01
3707,80,1,"사진용 화학조제품[바니시(varnish)ㆍ글루(glue)ㆍ접착제와 이와 유사한 조제품은 제외한다], 사진용 단일 물품(일정 소량으로 나누거나 그대로 사용할 수 있는 모양인 소매용으로 한정한다)",,0,
3707100000,80,2,감광유제,,1,2002-01-01
370790,80,2,기타,,0,
37079010,80,3,포토레지스트(photo-resist),,0,
3707901010,80,4,반도체 제조용,,1,2013-01-01
3707901020,80,4,유기발광다이오드(오엘이디) 제조용,,1,2017-01-01
3707901090,80,4,기타,,1,2002-01-01
37079020,80,3,현상제,,0,
3707902010,80,4,인쇄제판용,,1,2022-01-01
3707902090,80,4,기타,,1,2022-01-01
3707903000,80,3,정착제,,1,2022-01-01
3707909,80,3,기타,,0,
3707909200,80,4,조색제,,1,2002-01-01
3707909300,80,4,세정제,,1,2002-01-01
3707909900,80,4,기타,,1,2002-01-01
38,80,0,제38류 각종 화학공업 생산품,,0,
3801,80,1,"인조흑연, 콜로이드흑연ㆍ반콜로이드흑연, 흑연이나 그 밖의 탄소를 기본 재료로 한 조제품[페이스트(paste)ㆍ블록ㆍ판 모양이나 그 밖의 반제품으로 한정한다]",,0,
380110,80,2,인조흑연,,0,
3801101000,80,3,이차전지 제조용,,1,2013-01-01
3801109000,80,3,기타,,1,2007-01-01
3801200000,80,2,콜로이드흑연이나 반콜로이드흑연,,1,2013-01-01
3801300000,80,2,전극용 탄소질 페이스트(paste)와 노(爐) 내장용의 이와 유사한 페이스트(paste),,1,2013-01-01
3801900000,80,2,기타,,1,2002-01-01
3802,80,1,"활성탄, 활성화한 천연의 광물성 생산품, 수탄(獸炭)[폐수탄(廢獸炭)을 포함한다]",,0,
3802100000,80,2,활성탄,,1,2002-01-01
380290,80,2,기타,,0,
3802901000,80,3,활성 규조토,,1,2022-01-01
3802903000,80,3,활성토,,1,2022-01-01
3802909000,80,3,기타,,1,2022-01-01
3803,80,1,톨유(tall oil)(정제한 것인지에 상관없다),,0,
3803000000,80,2,톨유(tall oil)(정제한 것인지에 상관없다),,1,2013-01-01
3804,80,1,"목재펄프를 제조할 때 생기는 폐액(廢液)[농축한 것인지, 당류를 제거한 것인지 또는 화학적으로 처리한 것인지에 상관없으며 리그닌 술폰산을 포함하나, 제3803호의 톨유(tall oil)는 제외한다]",,0,
380400,80,2,"목재펄프를 제조할 때 생기는 폐액(廢液)[농축한 것인지, 당류를 제거한 것인지 또는 화학적으로 처리한 것인지에 상관없으며 리그닌 술폰산을 포함하나, 제3803호의 톨유(tall oil)는 제외한다]",,0,
3804001000,80,3,액체 상태인 것,,1,2013-01-01
3804009000,80,3,기타,,1,2002-01-01
3805,80,1,"검테레빈유ㆍ우드테레빈유ㆍ황산테레빈유와 그 밖의 테르펜계유(증류나 그 밖의 방법에 따라 침엽수 목재에서 얻은 것으로 한정한다), 가공하지 않은 디펜틴, 아황산테레빈과 그 밖의 가공하지 않은 파라시멘, 파인유(pine oil)(주성분이 알파테르피네올인 것으로 한정한다)",,0,
380510,80,2,검테레빈유ㆍ우드테레빈유ㆍ황산테레빈유,,0,
3805101000,80,3,검테레빈유,,1,2002-01-01
3805102000,80,3,우드테레빈유,,1,2002-01-01
3805103000,80,3,황산테레빈유,,1,2002-01-01
3805900000,80,2,기타,,1,2002-01-01
3806,80,1,"로진(rosin)ㆍ수지산과 이들의 유도체, 로진 스피릿(rosin spirit)과 로진유(rosin oil), 런검(run gum)",,0,
380610,80,2,로진(rosin)과 수지산,,0,
3806101000,80,3,로진(rosin),,1,2013-01-01
3806102000,80,3,수지산,,1,2002-01-01
3806200000,80,2,"로진염, 수지산염, 로진(rosin)ㆍ수지산 유도체의 염[로진(rosin) 부가물의 염은 제외한다]",,1,2022-01-01
3806300000,80,2,에스테르 검(ester gum),,1,2013-01-01
3806900000,80,2,기타,,1,2022-01-01
3807,80,1,"목(木)타르, 목(木)타르유, 목(木)크레오소트(creosote), 목(木)나프타, 식물성 피치(pitch), 브루어피치(brewers' pitch)와 이와 유사한 조제품[로진(rosin)ㆍ수지산이나 식물성 피치(pitch)를 기본 재료로 한 것으로 한정한다]",,0,
380700,80,2,"목(木)타르, 목(木)타르유, 목(木)크레오소트(creosote), 목(木)나프타, 식물성 피치(pitch), 브루어피치(brewers' pitch)와 이와 유사한 조제품[로진(rosin)ㆍ수지산이나 식물성 피치(pitch)를 기본 재료로 한 것으로 한정한다]",,0,
3807003000,80,3,식물성 피치(pitch),,1,2013-01-01
38070090,80,3,기타,,0,
3807009010,80,4,목초액,,1,2002-01-01
3807009090,80,4,기타,,1,2002-01-01
3808,80,1,살충제ㆍ살서제(쥐약)ㆍ살균제ㆍ제초제ㆍ발아억제제ㆍ식물성장조절제ㆍ소독제와 이와 유사한 물품[소매용 모양이나 포장을 한 것ㆍ조제품으로 한 것ㆍ제품으로 한 것(예: 황으로 처리한 밴드ㆍ심지ㆍ양초ㆍ파리잡이 끈끈이)으로 한정한다],,0,
38085,80,2,이 류의 소호주 제1호의 물품,,0,
3808520000,80,3,디디티(ISO)[클로페노탄(INN)](순중량이 300그램 이하로 포장한 것에 한정한다),,1,2017-01-01
380859,80,3,기타,,0,
3808591000,80,4,농약원제(農藥原劑)(｢농약관리법｣에 따라 등록된 것으로 한정한다),,1,2022-01-01
3808599000,80,4,기타,,1,2017-01-01
38086,80,2,이 류의 소호주 제2호의 물품,,0,
380861,80,3,순중량이 300그램 이하로 포장한 것,,0,
3808611000,80,4,농약원제(農藥原劑)(｢농약관리법｣에 따라 등록된 것으로 한정한다),,1,2022-01-01
3808619000,80,4,기타,,1,2017-01-01
380862,80,3,순중량이 300그램 초과 7.5킬로그램 이하로 포장한 것,,0,
3808621000,80,4,농약원제(農藥原劑)(｢농약관리법｣에 따라 등록된 것으로 한정한다),,1,2022-01-01
3808629000,80,4,기타,,1,2017-01-01
380869,80,3,기타,,0,
3808691000,80,4,농약원제(農藥原劑)(｢농약관리법｣에 따라 등록된 것으로 한정한다),,1,2022-01-01
3808699000,80,4,기타,,1,2017-01-01
38089,80,2,기타,,0,
380891,80,3,살충제,,0,
3808911000,80,4,농약원제(農藥原劑)(｢농약관리법｣에 따라 등록된 것으로 한정한다),,1,2017-01-01
3808919000,80,4,기타,,1,2007-01-01
380892,80,3,살진균제,,0,
3808921000,80,4,농약원제(農藥原劑)(｢농약관리법｣에 따라 등록된 것으로 한정한다),,1,2017-01-01
3808929000,80,4,기타,,1,2007-01-01
380893,80,3,제초제ㆍ발아억제제ㆍ식물성장조절제,,0,
3808931000,80,4,제초제,,1,2007-01-01
3808932000,80,4,발아억제제,,1,2007-01-01
3808933000,80,4,식물성장조절제,,1,2007-01-01
3808940000,80,3,소독제,,1,2007-01-01
380899,80,3,기타,,0,
3808991000,80,4,살서제(쥐약),,1,2007-01-01
3808999000,80,4,기타,,1,2007-01-01
3809,80,1,"완성가공제, 염색 촉진용ㆍ염료 고착용 염색캐리어, 드레싱ㆍ매염제와 같은 그 밖의 물품과 조제품(섬유산업ㆍ제지산업ㆍ가죽산업 그 밖에 이와 유사한 산업에 사용하는 것으로서 따로 분류되지 않은 것으로 한정한다)",,0,
3809100000,80,2,전분질을 기본 재료로 한 것,,1,2013-01-01
38099,80,2,기타,,0,
3809910000,80,3,섬유산업이나 이와 유사한 산업에서 사용하는 것,,1,2013-01-01
3809920000,80,3,제지산업이나 이와 유사한 산업에서 사용하는 것,,1,2013-01-01
3809930000,80,3,가죽산업이나 이와 유사한 산업에서 사용하는 것,,1,2013-01-01
3810,80,1,"금속표면처리용 침지 조제품, 납땜용ㆍ땜질용ㆍ용접용 융제와 그 밖의 보조 조제품, 납땜용ㆍ땜질용ㆍ용접용 가루와 페이스트(paste)로서 금속과 그 밖의 재료로 조성한 것, 용접용 전극ㆍ용접봉의 코어나 피복에 사용하는 조제품",,0,
381010,80,2,"금속표면처리용 침지 조제품, 납땜용ㆍ땜질용ㆍ용접용 가루와 페이스트(paste)로서 금속과 그 밖의 재료로 조성한 것",,0,
3810101000,80,3,금속표면처리용 침지 조제품,,1,2013-01-01
3810109000,80,3,기타,,1,2002-01-01
381090,80,2,기타,,0,
3810901000,80,3,납땜ㆍ땜질이나 용접용의 융제와 그 밖의 보조 조제품,,1,2022-01-01
3810909000,80,3,기타,,1,2002-01-01
3811,80,1,안티녹(anti-knock)제ㆍ산화억제제ㆍ검화억제제(gum inhibitor)ㆍ점도향상제ㆍ부식방지제와 그 밖의 조제 첨가제[광물유(가솔린을 포함한다)용이나 광물유와 동일한 목적에 사용하는 그 밖의 액체용으로 한정한다],,0,
38111,80,2,안티녹(anti-knock)제,,0,
3811110000,80,3,납화합물을 기본 재료로 한 것,,1,2013-01-01
3811190000,80,3,기타,,1,2002-01-01
38112,80,2,윤활유 첨가제,,0,
3811210000,80,3,석유나 역청유(瀝靑油)를 함유하는 것,,1,2013-01-01
3811290000,80,3,기타,,1,2002-01-01
3811900000,80,2,기타,,1,2002-01-01
3812,80,1,"조제한 고무가황촉진제, 고무용ㆍ플라스틱용 복합가소제(따로 분류되지 않은 것으로 한정한다), 고무용ㆍ플라스틱용 산화방지 조제품과 그 밖의 복합안정제",,0,
381210,80,2,조제한 고무가황촉진제,,0,
3812101000,80,3,디페닐구아니딘을 기본 재료로 한 것,,1,2013-01-01
3812102000,80,3,디티오카르바메이트를 기본 재료로 한 것,,1,2013-01-01
3812109000,80,3,기타,,1,2002-01-01
3812200000,80,2,고무용ㆍ플라스틱용 복합가소제,,1,2013-01-01
38123,80,2,고무용ㆍ플라스틱용 산화방지 조제품과 그 밖의 복합안정제,,0,
3812310000,80,3,"2,2,4-트리메틸-1,2-디히드로퀴놀린 올리고머(티엠큐)의 혼합물",,1,2017-01-01
381239,80,3,기타,,0,
3812391000,80,4,산화방지 조제품,,1,2017-01-01
3812392000,80,4,그 밖의 복합안정제,,1,2017-01-01
3813,80,1,"소화기용 조제품과 장전물, 장전된 소화탄",,0,
381300,80,2,"소화기용 조제품과 장전물, 장전된 소화탄",,0,
3813001000,80,3,소화기용 조제품,,1,2013-01-01
3813002000,80,3,소화기용 장전물,,1,2013-01-01
3813003000,80,3,장전된 소화탄,,1,2002-01-01
3814,80,1,"유기혼합용제와 시너(thinner)(따로 분류되지 않은 것으로 한정한다), 조제한 페인트ㆍ바니시(varnish) 제거제",,0,
381400,80,2,"유기혼합용제와 시너(thinner)(따로 분류되지 않은 것으로 한정한다), 조제한 페인트ㆍ바니시(varnish) 제거제",,0,
38140010,80,3,유기혼합용제와 시너(thinner),,0,
3814001020,80,4,초산에틸ㆍ부틸알코올과 톨루엔 혼합물,,1,2013-01-01
3814001030,80,4,수소불화탄소(HFCs)나 수소염화불화탄소(HCFCs)를 함유한 것,,1,2025-01-01
3814001090,80,4,기타,,1,2002-01-01
3814002,80,3,조제한 페인트 제거제나 바니시(varnish) 제거제,,0,
38140021,80,4,포토레지스트 스트리퍼,,0,
3814002110,80,5,반도체 제조용,,1,2013-01-01
3814002190,80,5,기타,,1,2002-01-01
38140029,80,4,기타,,0,
3814002910,80,5,수소불화탄소(HFCs)나 수소염화불화탄소(HCFCs)를 함유한 것,,1,2025-01-01
3814002990,80,5,기타,,1,2025-01-01
3815,80,1,반응시작제ㆍ반응촉진제ㆍ촉매 조제품(따로 분류되지 않은 것으로 한정한다),,0,
38151,80,2,서포트된(supported) 촉매,,0,
3815110000,80,3,활성물질로서 니켈이나 니켈화합물의 것,,1,2013-01-01
381512,80,3,활성물질로서 귀금속이나 귀금속화합물의 것,,0,
3815121000,80,4,백금이나 백금화합물의 것,,1,2013-01-01
3815122000,80,4,팔라듐이나 팔라듐화합물의 것,,1,2013-01-01
3815129000,80,4,기타,,1,2002-01-01
381519,80,3,기타,,0,
3815191000,80,4,활성물질로서 철이나 철화합물의 것,,1,2013-01-01
3815192000,80,4,활성물질로서 티타늄이나 티타늄화합물의 것,,1,2022-01-01
3815199000,80,4,기타,,1,2002-01-01
381590,80,2,기타,,0,
3815901000,80,3,반응시작제,,1,2002-01-01
3815909000,80,3,기타,,1,2002-01-01
3816,80,1,"내화시멘트ㆍ내화모르타르ㆍ내화콘크리트와 이와 유사한 혼합물[백운석 래밍믹스(ramming mix)를 포함하며, 제3801호의 물품은 제외한다]",,0,
381600,80,2,"내화시멘트ㆍ내화모르타르ㆍ내화콘크리트와 이와 유사한 혼합물[백운석 래밍믹스(ramming mix)를 포함하며, 제3801호의 물품은 제외한다]",,0,
3816001000,80,3,내화시멘트,,1,2002-01-01
3816002000,80,3,내화모르타르,,1,2002-01-01
3816003000,80,3,내화콘크리트,,1,2002-01-01
38160090,80,3,기타,,0,
3816009010,80,4,백운석 래밍믹스(ramming mix),,1,2022-01-01
3816009090,80,4,기타,,1,2022-01-01
3817,80,1,혼합알킬벤젠과 혼합알킬나프탈렌(제2707호ㆍ제2902호의 물품은 제외한다),,0,
3817000000,80,2,혼합알킬벤젠과 혼합알킬나프탈렌(제2707호ㆍ제2902호의 물품은 제외한다),,1,2022-01-01
3818,80,1,"전자공업에 사용하기 위하여 도프처리된(doped) 화학원소(디스크ㆍ웨이퍼 모양이나 이와 유사한 모양으로 한정한다), 전자공업에 사용하기 위하여 도프처리된(doped) 화학화합물",,0,
381800,80,2,"전자공업에 사용하기 위하여 도프처리된(doped) 화학원소(디스크ㆍ웨이퍼 모양이나 이와 유사한 모양으로 한정한다), 전자공업에 사용하기 위하여 도프처리된(doped) 화학화합물",,0,
3818001000,80,3,전자공업에 사용하기 위하여 도프처리된(doped) 화학원소,,1,2013-01-01
38180020,80,3,전자공업에 사용하기 위하여 도프처리된(doped) 화학화합물,,0,
3818002010,80,4,태양전지 제조용 웨이퍼,,1,2017-01-01
3818002090,80,4,기타,,1,2017-01-01
3819,80,1,유압제동액과 그 밖의 조제 유압전동액[석유나 역청유(瀝靑油)를 함유하지 않거나 석유나 역청유(瀝靑油)의 함유량이 전 중량의 100분의 70 미만인 것으로 한정한다],,0,
381900,80,2,유압제동액과 그 밖의 조제 유압전동액[석유나 역청유(瀝靑油)를 함유하지 않거나 석유나 역청유(瀝靑油)의 함유량이 전 중량의 100분의 70 미만인 것으로 한정한다],,0,
3819001000,80,3,유압제동액,,1,2002-01-01
3819002000,80,3,그 밖의 조제 유압전동액,,1,2013-01-01
3820,80,1,부동(不凍) 조제품과 조제 제빙액,,0,
382000,80,2,부동(不凍) 조제품과 조제 제빙액,,0,
3820001000,80,3,부동(不凍) 조제품,,1,2013-01-01
3820002000,80,3,조제 제빙액,,1,2013-01-01
3821,80,1,미생물(바이러스와 이와 유사한 것을 포함한다)ㆍ식물ㆍ인간ㆍ동물 세포의 성장이나 보존을 위한 조제 배양제,,0,
3821000000,80,2,미생물(바이러스와 이와 유사한 것을 포함한다)ㆍ식물ㆍ인간ㆍ동물 세포의 성장이나 보존을 위한 조제 배양제,,1,2013-01-01
3822,80,1,"뒤편을 보강한 진단용ㆍ실험실용 시약과 뒷편을 보강하였거나 보강하지 않은 진단용ㆍ실험실용 조제시약(도구모음 형태로 된 것인지에 상관없으며, 제3006호의 물품은 제외한다), 인증 표준물질",,0,
38221,80,2,뒤편을 보강한 진단용ㆍ실험실용 시약과 뒷편을 보강하였거나 보강하지 않은 진단용ㆍ실험실용 조제시약(도구모음 형태로 된 것인지에 상관없다),,0,
382211,80,3,말라리아용,,0,
3822111000,80,4,진단 시험 도구모음,,1,2022-01-01
3822112000,80,4,면역물품,,1,2022-01-01
3822119000,80,4,기타,,1,2022-01-01
382212,80,3,지카(Zika)와 그 밖의 질병용[아에데스(Aedes)속 모기에 의해 전염되는 것으로 한정한다],,0,
3822121000,80,4,면역물품,,1,2022-01-01
3822129000,80,4,기타,,1,2022-01-01
3822130000,80,3,혈액형 분류용,,1,2022-01-01
382219,80,3,기타,,0,
3822191000,80,4,면역물품,EA,1,2022-02-09
38221920,80,4,그 밖의 진단용 시약,,0,
382219201,80,5,조제된 것(뒷편을 보강한 것으로 한정한다),,0,
3822192011,80,6,"플라스틱으로 만든 그 밖의 판, 시트(sheet), 필름, 박(箔)과 스트립(strip)의 것",EA,1,2022-02-09
3822192012,80,6,플라스틱으로 만든 그 밖의 제품,,1,2022-01-01
3822192013,80,6,"종이, 판지, 셀룰로오스워딩, 셀룰로오스 섬유의 웹(web)[제48류의 주 제8호의 롤 모양이나 시트(sheet) 모양으로 한정한다]",,1,2022-01-01
3822192014,80,6,리트머스 시험지와 그 밖의 이와 유사한 시험지,,1,2022-01-01
3822192019,80,6,기타,,1,2022-01-01
3822192020,80,5,조제된 것(뒷편을 보강하지 않은 것으로 한정한다),EA,1,2022-02-19
382219209,80,5,기타,,0,
3822192091,80,6,"플라스틱으로 만든 그 밖의 판, 시트(sheet), 필름, 박(箔)과 스트립(strip)의 것",,1,2022-01-01
3822192092,80,6,플라스틱으로 만든 그 밖의 제품,,1,2022-01-01
3822192093,80,6,"종이, 판지, 셀룰로오스워딩, 셀룰로오스 섬유의 웹(web)[제48류의 주 제8호의 롤 모양이나 시트(sheet) 모양으로 한정한다]",,1,2022-01-01
3822192099,80,6,기타,,1,2022-01-01
38221930,80,4,실험실용 시약,,0,
382219301,80,5,조제된 것(뒷편을 보강한 것으로 한정한다),,0,
3822193011,80,6,"플라스틱으로 만든 그 밖의 판, 시트(sheet), 필름, 박(箔)과 스트립(strip)의 것",,1,2022-01-01
3822193012,80,6,플라스틱으로 만든 그 밖의 제품,,1,2022-01-01
3822193013,80,6,"종이, 판지, 셀룰로오스워딩, 셀룰로오스 섬유의 웹(web)[제48류의 주 제8호의 롤 모양이나 시트(sheet) 모양으로 한정한다]",,1,2022-01-01
3822193014,80,6,리트머스 시험지와 그 밖의 이와 유사한 시험지,,1,2022-01-01
3822193019,80,6,기타,,1,2022-01-01
3822193020,80,5,조제된 것(뒷편을 보강하지 않은 것으로 한정한다),,1,2022-01-01
382219309,80,5,기타,,0,
3822193091,80,6,"플라스틱으로 만든 그 밖의 판, 시트(sheet), 필름, 박(箔)과 스트립(strip)의 것",,1,2022-01-01
3822193092,80,6,플라스틱으로 만든 그 밖의 제품,,1,2022-01-01
3822193093,80,6,"종이, 판지, 셀룰로오스워딩, 셀룰로오스 섬유의 웹(web)[제48류의 주 제8호의 롤 모양이나 시트(sheet) 모양으로 한정한다]",,1,2022-01-01
3822193099,80,6,기타,,1,2022-01-01
382290,80,2,기타,,0,
38229000,80,3,"인증표준물질(이 류의 주 제2호가목에 따른 것으로서 제4류, 제13류, 제15류, 제17류, 제22류, 제25류부터 제27류까지, 제30류부터 제41류까지, 제68류부터 제81류까지에 해당하는 물질)",,0,
3822900011,80,4,이 표에서 세율이 무세인 것,,1,2022-01-01
3822900012,80,4,이 표에서 세율이 1퍼센트인 것,,1,2022-01-01
3822900013,80,4,이 표에서 세율이 2퍼센트인 것,,1,2022-01-01
3822900014,80,4,이 표에서 세율이 3퍼센트인 것,,1,2022-01-01
3822900015,80,4,이 표에서 세율이 4퍼센트인 것,,1,2022-01-01
3822900016,80,4,이 표에서 세율이 5퍼센트인 것,,1,2022-01-01
3822900017,80,4,이 표에서 세율이 5.4퍼센트인 것,,1,2022-01-01
3822900018,80,4,이 표에서 세율이 6.5퍼센트인 것,,1,2022-01-01
3822900019,80,4,이 표에서 세율이 7퍼센트인 것,,1,2022-01-01
3822900020,80,4,기타,,1,2022-01-01
3823,80,1,"공업용 모노카르복시 지방산, 유지를 정제할 때 생긴 애시드유(acid oil), 공업용 지방성 알코올",,0,
38231,80,2,공업용 모노카르복시 지방산ㆍ유지를 정제할 때 생긴 애시드유(acid oil),,0,
3823110000,80,3,스테아린산,,1,2002-01-01
3823120000,80,3,올레인산,,1,2002-01-01
3823130000,80,3,톨유(tall oil) 지방산,,1,2013-01-01
382319,80,3,기타,,0,
3823191000,80,4,팔미트산,,1,2025-01-01
3823192000,80,4,유지를 정제할 때 생긴 애시드유(acid oil),,1,2013-01-01
3823199000,80,4,기타,,1,2002-01-01
382370,80,2,공업용 지방성 알코올,,0,
3823701000,80,3,세틸 알코올,,1,2002-01-01
3823702000,80,3,스테아릴 알코올,,1,2002-01-01
3823703000,80,3,올레일 알코올,,1,2002-01-01
3823704000,80,3,라우릴 알코올,,1,2002-01-01
38237090,80,3,기타,,0,
3823709010,80,4,농약원제(農藥原劑)(｢농약관리법｣에 따라 등록된 것으로 한정한다),,1,2017-01-01
3823709090,80,4,기타,,1,2007-01-01
3824,80,1,"조제 점결제(주물의 주형용이나 코어용으로 한정한다), 따로 분류되지 않은 화학품과 화학공업이나 연관공업에 따른 조제품(천연물만의 혼합물을 포함한다)",,0,
3824100000,80,2,조제 점결제(주물의 주형용이나 코어용으로 한정한다),,1,2013-01-01
3824300000,80,2,응결하지 않은 금속탄화물(상호 혼합되거나 금속점결제와 혼합되어 있는 것으로 한정한다),,1,2022-01-01
3824400000,80,2,시멘트용ㆍ모르타르용ㆍ콘크리트용 조제 첨가제,,1,2013-01-01
3824500000,80,2,비내화성 모르타르와 비내화성 콘크리트,,1,2002-01-01
3824600000,80,2,소르비톨(sorbitol)(소호 제2905.44호에 해당하는 것은 제외한다),,1,2013-01-01
38248,80,2,이 류의 소호주 제3호의 물품,,0,
3824810000,80,3,옥시란(산화에틸렌)을 함유한 것,,1,2007-01-01
3824820000,80,3,"폴리염소화 비페닐 (PCBs), 폴리염소화 테르페닐(PCTs), 폴리브롬화 비페닐(PBBs)을 함유한 것",,1,2013-01-01
3824830000,80,3,"트리스(2,3-디브로모프로필) 포스페이트를 함유한 것",,1,2017-01-01
3824840000,80,3,"앨드린(ISO), 캄페클로(ISO)(톡사핀), 클로단(ISO), 클로르데콘(ISO), 디디티(ISO)[클로페노탄(INN), 1,1,1-트리클로로-2,2-비스(파라-클로로페닐)에탄], 디엘드린(ISO, INN), 엔도설판(ISO), 엔드린(ISO), 헵타클로르(ISO) 또는 미렉스(ISO)를 함유한 것",,1,2017-01-01
3824850000,80,3,"1,2,3,4,5,6-헥사클로로시클로헥산[HCH(ISO)][린데인(ISO, INN)을 포함하는 것]을 함유한 것",,1,2017-01-01
3824860000,80,3,펜타클로로벤젠(ISO) 또는 헥사클로로벤젠(ISO)을 함유한 것,,1,2017-01-01
3824870000,80,3,"과불화옥탄 술폰산과 그 염, 과불화옥탄 술폰아미드, 또는 과불화옥탄술포닐 플루오라이드를 함유한 것",,1,2017-01-01
3824880000,80,3,"테트라-, 펜타-, 헥사-, 헵타- 또는 옥타브로모디페닐 에테르를 함유한 것",,1,2022-01-01
3824890000,80,3,짧은사슬 염화파라핀을 함유한 것,,1,2022-01-01
38249,80,2,기타,,0,
3824910000,80,3,"(5-에틸-2-메틸-2-옥시도-1,3,2-디옥사포스피난-5-일)메틸 메틸 메틸포스포네이트와 비스[(5-에틸-2-메틸-2-옥시도-1,3,2-디옥사포스피난-5-일)메틸] 메틸포스포네이트로 주로 구성된 혼합물과 조제품",,1,2017-01-01
3824920000,80,3,메틸포스폰산의 폴리글리콜 에스테르,,1,2022-01-01
382499,80,3,기타,,0,
3824991000,80,4,크롬광 배소물,,1,2017-01-01
3824992,80,4,진공관의 게터(getter)ㆍ탄소저항 조제품이나 세라믹솔리드 저항 조제품ㆍ트리클로로트리플루오르에탄을 기본 재료로 한 세정제와 항생물질의 제조과정의 중간생산물,,0,
3824992100,80,5,진공관의 게터(getter),,1,2017-01-01
38249922,80,5,항생물질 제조과정의 중간생산물,,0,
3824992210,80,6,농약원제(農藥原劑)(｢농약관리법｣에 따라 등록된 것으로 한정한다),,1,2022-01-01
3824992290,80,6,기타,,1,2017-01-01
3824992900,80,5,기타,,1,2017-01-01
3824993,80,4,화학무기나 화학무기제조용에 사용되는 물질의 혼합물,,0,
3824993100,80,5,"[오-2-디알킬(메틸, 에틸, 노르말-프로필, 이소프로필)아미노에틸]하이드로젠 알킬(메틸, 에틸, 노르말-프로필, 이소프로필)포스포노티오에이트와 이들의 오-알킬(탄소수가 10개 이하로서 사이클로 알킬을 포함한다)에스테르로 주로 구성된 혼합물과 이들의 알킬화나 수소화된 염들로 구성된 혼합물",,1,2025-01-01
38249939,80,5,기타,,0,
3824993910,80,6,"하나의 인(燐) 원자가 하나의 메틸, 에틸, 노르말-프로필이나 이소프로필 그룹과 결합되어 있는 것으로서 더 이상의 탄소 원자와 결합하지 않은 화학품으로 주로 구성된 그 밖의 혼합물",,1,2017-01-01
3824993990,80,6,기타,,1,2017-01-01
3824994,80,4,혼합 폴리에틸렌글리콜ㆍ이온교환제ㆍ스케일방지제와 바니시(varnish)경화제나 글루(glue)의 경화제,,0,
3824994100,80,5,혼합 폴리에틸렌글리콜,,1,2017-01-01
3824994200,80,5,이온교환체,,1,2017-01-01
3824994300,80,5,스케일방지제,,1,2017-01-01
3824994400,80,5,바니시(varnish)경화제나 글루(glue)의 경화제,,1,2017-01-01
3824995,80,4,잉크제거제ㆍ등사판원지 수정제와 수정액(소매용으로 포장된 것으로 한정한다),,0,
3824995100,80,5,잉크 제거제,,1,2022-01-01
3824995200,80,5,등사판원지 수정제,,1,2017-01-01
3824995300,80,5,수정액,,1,2017-01-01
3824996,80,4,페인트용 혼합증량제ㆍ특정요업제품 제조용 조제품(의치 등)ㆍ소다석회ㆍ수화실리카겔ㆍ방청제와 세라믹콘덴서와 페라이트코어 제조용 조제품,,0,
3824996100,80,5,페인트용 혼합증량제,,1,2017-01-01
3824996200,80,5,특정요업제품 제조용 조제품(의치 등),,1,2022-01-01
3824996300,80,5,소다석회,,1,2017-01-01
3824996400,80,5,수화실리카겔,,1,2017-01-01
3824996500,80,5,방청제(anti-rust preparation),,1,2017-01-01
3824996600,80,5,세라믹콘덴서와 페라이트코어 제조용 조제품,,1,2017-01-01
3824997,80,4,도금용 조제품ㆍ염화파라핀ㆍ소포제ㆍ발포제ㆍ조제탄산칼슘ㆍ액정용 조제품과 암모니아성 가스액,,0,
3824997100,80,5,도금용 조제품,,1,2017-01-01
3824997200,80,5,염화파라핀,,1,2017-01-01
3824997300,80,5,소포제,,1,2017-01-01
3824997400,80,5,발포제,,1,2017-01-01
3824997500,80,5,조제 탄산칼슘,,1,2017-01-01
3824997600,80,5,액정용 조제품,,1,2017-01-01
3824997700,80,5,암모니아성 가스액,,1,2017-01-01
3824998000,80,4,조제유기과산화물(제3815호의 물품과 제3824.99-4400호의 물품은 제외한다),,1,2022-01-01
38249990,80,4,기타,,0,
3824999010,80,5,미량요소비료(제31류의 물품은 제외한다),,1,2017-01-01
3824999020,80,5,추잉껌 베이스,,1,2017-01-01
3824999030,80,5,나프텐산과 이들의 수불용성염과 이들의 에스테르,,1,2017-01-01
3824999040,80,5,수소차 연료전지 제조용 혼합 조제품(흑연을 기본재료로 한 것으로 한정한다),,1,2022-01-01
382499905,80,5,이차전지 제조용의 전해액과 첨가제 및 그 중간 조제품,,0,
3824999052,80,6,전해액 첨가제,,1,2022-01-01
3824999053,80,6,전해액,,1,2025-01-01
3824999059,80,6,기타,,1,2025-01-01
3824999090,80,5,기타,,1,2017-01-01
3825,80,1,"따로 분류되지 않은 화학공업이나 연관공업에 따른 잔재물, 생활폐기물, 하수 찌꺼기, 이 류의 주 제6호의 그 밖의 폐기물",,0,
3825100000,80,2,생활폐기물,,1,2002-01-01
3825200000,80,2,하수 찌꺼기,,1,2002-01-01
382530,80,2,감염성 폐기물,,0,
3825301000,80,3,제3005호의 것,,1,2002-01-01
3825302000,80,3,"소호 제3824.84호부터 제3824.88호까지, 제3824.91호, 제3824.99호의 것",,1,2017-01-01
3825303000,80,3,소호 제4015.12호의 것,,1,2022-01-01
3825304000,80,3,소호 제9018.3호의 것,,1,2002-01-01
38254,80,2,폐유기용제,,0,
3825410000,80,3,할로겐을 함유하는 것,,1,2017-01-01
3825490000,80,3,기타,,1,2002-01-01
3825500000,80,2,"금속세정액, 유압액, 브레이크액, 부동액 폐기물",,1,2013-01-01
38256,80,2,화학공업이나 연관공업에서 발생한 그 밖의 폐기물,,0,
3825610000,80,3,주로 유기성분을 함유하는 것,,1,2002-01-01
3825690000,80,3,기타,,1,2002-01-01
382590,80,2,기타,,0,
3825901000,80,3,폐석고,,1,2022-01-01
3825902000,80,3,폐석회석,,1,2022-01-01
3825903000,80,3,폐주물사,,1,2022-01-01
3825904000,80,3,그 밖의 폐토사,,1,2022-01-01
3825909000,80,3,기타,,1,2022-01-01
3826,80,1,바이오디젤과 그 혼합물[석유나 역청유(瀝靑油)를 함유하지 않거나 중량기준으로 70 퍼센트 미만을 함유한 것으로 한정한다],,0,
3826000000,80,2,바이오디젤과 그 혼합물[석유나 역청유(瀝靑油)를 함유하지 않거나 중량기준으로 70 퍼센트 미만을 함유한 것으로 한정한다],L,1,2024-07-01
3827,80,1,따로 분류되지 않은 메탄ㆍ에탄ㆍ프로판의 할로겐화 유도체를 함유한 혼합물,,0,
38271,80,2,"염화불화탄소(CFCs)를 함유하는 것[수소염화불화탄소(HCFCs)ㆍ과불화탄소(PFCs)ㆍ수소불화탄소(HFCs)를 함유한 것인지에 상관없다], 수소브롬화불화탄소(HBFCs)를 함유하는 것, 사염화탄소를 함유하는 것, 1,1,1-삼염화에탄(메틸 클로로포름)을 함유하는 것",,0,
382711,80,3,염화불화탄소(CFCs)를 함유하는 것[수소염화불화탄소(HCFCs)ㆍ과불화탄소(PFCs)ㆍ수소불화탄소(HFCs)를 함유한 것인지에 상관없다],,0,
3827111000,80,4,트리클로로트리플루오로에탄을 기본 재료로 한 세정제,,1,2022-01-01
3827119000,80,4,기타,,1,2022-01-01
3827120000,80,3,수소브롬화불화탄소(HBFCs)를 함유하는 것,,1,2022-01-01
3827130000,80,3,사염화탄소를 함유하는 것,,1,2022-01-01
3827140000,80,3,"1,1,1-삼염화에탄(메틸 클로로포름)을 함유하는 것",,1,2022-01-01
3827200000,80,2,브로모클로로디플루오로메탄(Halon-1211)ㆍ브로모트리플루오로메탄(Halon-1301)ㆍ디브로모테트라플루오로에탄(Halon-2402)을 함유하는 것,,1,2022-01-01
38273,80,2,"수소염화불화탄소(HCFCs)를 함유하는 것[과불화탄소(PFCs)ㆍ수소불화탄소(HFCs)를 함유한 것인지에 상관없으며, 염화불화탄소(CFCs)를 함유하지 않은 것으로 한정한다]",,0,
3827310000,80,3,소호 제2903.41호부터 제2903.48호까지의 물질을 함유한 것,,1,2022-01-01
3827320000,80,3,기타(소호 제2903.71호부터 제2903.75호까지의 물질을 함유한 것으로 한정한다),,1,2022-01-01
3827390000,80,3,기타,,1,2022-01-01
3827400000,80,2,메틸 브로마이드(브로모메탄)나 브로모클로로메탄을 함유한 것,,1,2022-01-01
38275,80,2,트리플루오로메탄(HFC-23)이나 과불화탄소(PFCs)를 함유한 것[염화불화탄소(CFCs)나 수소염화불화탄소(HCFCs)를 함유하지 않은 것으로 한정한다],,0,
3827510000,80,3,트리플루오로메탄(HFC-23)을 함유한 것,,1,2022-01-01
3827590000,80,3,기타,,1,2022-01-01
38276,80,2,그 밖의 수소불화탄소(HFCs)를 함유한 것[염화불화탄소(CFCs)나 수소염화불화탄소(HCFCs)를 함유하지 않은 것으로 한정한다],,0,
3827610000,80,3,"1,1,1-트리플루오로에탄(HFC-143a)을 질량 기준으로 15% 이상 함유한 것",,1,2022-01-01
3827620000,80,3,"기타[이 호의 앞선 소호에 포함되지 않는 것으로서, 펜타플루오로에탄(HFC-125)을 질량 기준으로 55% 이상 함유하고 비환식탄화수소의 불포화 플루오르화유도체(HFOs)를 함유하지 않은 것으로 한정한다]",,1,2022-01-01
3827630000,80,3,"기타[이 호의 앞선 소호에 포함되지 않는 것으로서, 펜타플루오로에탄(HFC-125)을 질량 기준으로 40% 이상 함유한 것으로 한정한다]",,1,2022-01-01
3827640000,80,3,"기타[이 호의 앞선 소호에 포함되지 않는 것으로서, 1,1,1,2-테트라플루오로에탄(HFC-134a)을 질량 기준으로 30% 이상 함유하고 비환식탄화수소의 불포화 플루오르화유도체(HFOs)를 함유하지 않은 것으로 한정한다]",,1,2022-01-01
3827650000,80,3,"기타[이 호의 앞선 소호에 포함되지 않는 것으로서, 디플루오로메탄(HFC-32)을 질량 기준으로 20% 이상 함유하고 펜타플루오르에탄(HFC-125)을 질량 기준으로 20% 이상 함유한 것으로 한정한다]",,1,2022-01-01
3827680000,80,3,"기타[이 호의 앞선 소호에 포함되지 않는 것으로서, 소호 제2903.41호부터 제2903.48호까지의 물질을 함유한 것으로 한정한다]",,1,2022-01-01
3827690000,80,3,기타,,1,2022-01-01
3827900000,80,2,기타,,1,2022-01-01
39,80,0,제39류 플라스틱과 그 제품,,0,
3901,80,1,에틸렌의 중합체[일차제품(primary form)으로 한정한다],,0,
390110,80,2,폴리에틸렌(비중이 0.94 미만으로 한정한다),,0,
3901101000,80,3,선형저밀도폴리에틸렌,,1,2007-01-01
3901109000,80,3,기타,,1,2007-01-01
3901200000,80,2,폴리에틸렌(비중이 0.94 이상으로 한정한다),,1,2022-01-01
3901300000,80,2,에틸렌-초산비닐 공중합체,,1,2002-01-01
3901400000,80,2,에틸렌-알파-올레핀 공중합체(비중이 0.94 미만으로 한정한다),,1,2017-01-01
3901900000,80,2,기타,,1,2002-01-01
3902,80,1,프로필렌의 중합체나 그 밖의 올레핀의 중합체[일차제품(primary form)으로 한정한다],,0,
3902100000,80,2,폴리프로필렌,,1,2002-01-01
3902200000,80,2,폴리이소부틸렌,,1,2002-01-01
3902300000,80,2,프로필렌 공중합체,,1,2002-01-01
3902900000,80,2,기타,,1,2002-01-01
3903,80,1,스티렌의 중합체[일차제품(primary form)으로 한정한다],,0,
39031,80,2,폴리스티렌,,0,
3903110000,80,3,발포성의 것,,1,2015-01-01
3903190000,80,3,기타,,1,2002-01-01
3903200000,80,2,스티렌-아크릴로니트릴 공중합체(SAN),,1,2002-01-01
3903300000,80,2,아크릴로니트릴-부타디엔-스티렌 공중합체(ABS),,1,2002-01-01
390390,80,2,기타,,0,
3903901000,80,3,스티렌-부타디엔 공중합체,,1,2002-01-01
3903909000,80,3,기타,,1,2002-01-01
3904,80,1,염화비닐의 중합체나 그 밖의 할로겐화 올레핀의 중합체[일차제품(primary form)으로 한정한다],,0,
3904100000,80,2,폴리(염화비닐)(다른 물질을 혼합하지 않은 것으로 한정한다),,1,2013-01-01
39042,80,2,그 밖의 폴리(염화비닐),,0,
3904210000,80,3,가소화하지 않은 것,,1,2013-01-01
3904220000,80,3,가소화한 것,,1,2013-01-01
3904300000,80,2,염화비닐-초산비닐 공중합체,,1,2002-01-01
3904400000,80,2,그 밖의 염화비닐 공중합체,,1,2013-01-01
3904500000,80,2,염화비닐리덴 중합체,,1,2002-01-01
39046,80,2,플루오르 중합체,,0,
3904610000,80,3,폴리테트라 플루오로에틸렌,,1,2022-01-01
390469,80,3,기타,,0,
3904691000,80,4,폴리비닐리덴 플루오라이드[이차전지 제조용으로 한정한다],,1,2022-01-01
3904699000,80,4,기타,,1,2022-01-01
3904900000,80,2,기타,,1,2002-01-01
3905,80,1,"초산비닐의 중합체나 그 밖의 비닐에스테르의 중합체, 그 밖의 비닐중합체[일차제품(primary form)으로 한정한다]",,0,
39051,80,2,폴리(초산비닐),,0,
3905120000,80,3,물에 분산된 것,,1,2002-01-01
3905190000,80,3,기타,,1,2002-01-01
39052,80,2,초산비닐 공중합체,,0,
3905210000,80,3,물에 분산된 것,,1,2002-01-01
3905290000,80,3,기타,,1,2002-01-01
3905300000,80,2,폴리(비닐알코올)[가수분해되지 않은 초산기(基)를 함유하였는지에 상관없다],,1,2013-01-01
39059,80,2,기타,,0,
3905910000,80,3,공중합체(共重合體),,1,2013-01-01
3905990000,80,3,기타,,1,2002-01-01
3906,80,1,아크릴의 중합체[일차제품(primary form)으로 한정한다],,0,
3906100000,80,2,폴리(메틸 메타크리레이트),,1,2002-01-01
390690,80,2,기타,,0,
3906901000,80,3,폴리아크릴아미드와 그 공중합체,,1,2025-01-01
3906909000,80,3,기타,,1,2002-01-01
3907,80,1,"폴리아세탈수지ㆍ그 밖의 폴리에테르와 에폭시수지, 폴리카보네이트ㆍ알키드수지ㆍ폴리아릴에스테르와 그 밖의 폴리에스테르[일차제품(primary form)으로 한정한다]",,0,
3907100000,80,2,폴리아세탈수지,,1,2002-01-01
39072,80,2,그 밖의 폴리에테르,,0,
3907210000,80,3,비스(폴리옥시에틸렌) 메틸포스포네이트,,1,2022-01-01
390729,80,3,기타,,0,
39072910,80,4,폴리옥시에틸렌(폴리에틸렌 글리콜)과 그 공중합체,,0,
3907291010,80,5,수소불화탄소(HFCs)나 수소염화불화탄소(HCFCs)를 함유한 것,,1,2025-01-01
3907291090,80,5,기타,,1,2025-01-01
39072920,80,4,폴리옥시프로필렌(폴리프로필렌 글리콜)과 그 공중합체,,0,
3907292010,80,5,수소불화탄소(HFCs)나 수소염화불화탄소(HCFCs)를 함유한 것,,1,2025-01-01
3907292090,80,5,기타,,1,2025-01-01
3907293000,80,4,폴리페닐렌 옥사이드,,1,2022-01-01
3907299000,80,4,기타,,1,2022-01-01
390730,80,2,에폭시수지,,0,
3907301000,80,3,반도체 제조용,,1,2013-01-01
3907309000,80,3,기타,,1,2002-01-01
3907400000,80,2,폴리카보네이트,,1,2002-01-01
3907500000,80,2,알키드수지,,1,2002-01-01
39076,80,2,폴리(에틸렌 테레프탈레이트),,0,
3907610000,80,3,점도번호가 그램당 78 밀리리터 이상인 것,,1,2017-01-01
3907690000,80,3,기타,,1,2017-01-01
3907700000,80,2,폴리(락트산),,1,2007-01-01
39079,80,2,그 밖의 폴리에스테르,,0,
3907910000,80,3,불포화의 것,,1,2002-01-01
390799,80,3,기타,,0,
3907991000,80,4,폴리부틸렌 테레프탈레이트,,1,2002-01-01
3907992000,80,4,열가소성의 액정 방향족 폴리에스테르 공중합체,,1,2017-01-01
3907999000,80,4,기타,,1,2002-01-01
3908,80,1,폴리아미드[일차제품(primary form)으로 한정한다],,0,
390810,80,2,"폴리아미드-6, -11, -12, -6,6, -6,9, -6,10 또는 -6,12",,0,
3908101000,80,3,폴리아미드 -6,,1,2002-01-01
3908102000,80,3,"폴리아미드 -6,6",,1,2002-01-01
3908103000,80,3,"폴리아미드 -11, -12, -6,9, -6,10 또는 -6,12",,1,2002-01-01
3908900000,80,2,기타,,1,2002-01-01
3909,80,1,아미노수지ㆍ페놀수지ㆍ폴리우레탄[일차제품(primary form)으로 한정한다],,0,
3909100000,80,2,요소수지와 티오요소수지,,1,2022-01-01
3909200000,80,2,멜라민수지,,1,2012-01-01
39093,80,2,그 밖의 아미노수지,,0,
3909310000,80,3,"폴리(메틸렌 페닐 이소시아네이트)(크루드 엠디아이, 중합 엠디아이)",,1,2017-01-01
3909390000,80,3,기타,,1,2017-01-01
3909400000,80,2,페놀수지,,1,2002-01-01
3909500000,80,2,폴리우레탄,,1,2002-01-01
3910,80,1,실리콘수지[일차제품(primary form)으로 한정한다],,0,
391000,80,2,실리콘수지[일차제품(primary form)으로 한정한다],,0,
3910001000,80,3,반도체 제조용,,1,2013-01-01
39100090,80,3,기타,,0,
3910009010,80,4,실리콘오일,,1,2002-01-01
3910009020,80,4,실리콘고무,,1,2002-01-01
3910009090,80,4,기타,,1,2002-01-01
3911,80,1,석유수지ㆍ쿠마론-인덴수지ㆍ폴리테르펜ㆍ폴리술파이드ㆍ폴리술폰과 이 류의 주 제3호의 기타 물품[일차제품(primary form)으로서 따로 분류되지 않은 것으로 한정한다],,0,
391110,80,2,석유수지ㆍ쿠마론ㆍ인덴ㆍ쿠마론-인덴수지ㆍ폴리테르펜,,0,
3911101000,80,3,석유수지,,1,2002-01-01
3911102000,80,3,쿠마론ㆍ인덴이나 쿠마론-인덴수지,,1,2013-01-01
3911103000,80,3,폴리테르펜,,1,2002-01-01
3911200000,80,2,"폴리(1,3-페닐렌 메틸포스포네이트)",,1,2022-01-01
391190,80,2,기타,,0,
3911901000,80,3,폴리술파이드,,1,2002-01-01
3911902000,80,3,폴리술폰,,1,2002-01-01
3911903000,80,3,푸란수지,,1,2002-01-01
3911909000,80,3,기타,,1,2002-01-01
3912,80,1,셀룰로오스와 그 화학적 유도체[일차제품(primary form)으로서 따로 분류되지 않은 것으로 한정한다],,0,
39121,80,2,초산셀룰로오스,,0,
3912110000,80,3,가소화하지 않은 것,,1,2013-01-01
3912120000,80,3,가소화한 것,,1,2013-01-01
3912200000,80,2,질산셀룰로오스(콜로디온을 포함한다),,1,2002-01-01
39123,80,2,셀룰로오스 에테르,,0,
391231,80,3,카르복시메틸셀룰로오스와 그 염,,0,
3912311000,80,4,카르복시메틸셀룰로오스 나트륨,,1,2002-01-01
3912319000,80,4,기타,,1,2002-01-01
391239,80,3,기타,,0,
3912391000,80,4,메틸셀룰로오스,,1,2002-01-01
3912399000,80,4,기타,,1,2002-01-01
3912900000,80,2,기타,,1,2022-01-01
3913,80,1,"천연중합체(예: 알긴산)와 변성한 천연중합체(예: 경화 단백질, 천연고무의 화학적 유도체)[일차제품(primary form)으로서 따로 분류되지 않은 것으로 한정한다]",,0,
391310,80,2,알긴산과 그 염ㆍ에스테르,,0,
3913101000,80,3,알긴산 나트륨,,1,2002-01-01
3913102000,80,3,알긴산 프로필렌 글리콜,,1,2002-01-01
3913109000,80,3,기타,,1,2002-01-01
391390,80,2,기타,,0,
39139020,80,3,천연고무의 화학적 유도체,,0,
3913902010,80,4,염화고무,,1,2002-01-01
3913902090,80,4,기타,,1,2002-01-01
3913909000,80,3,기타,,1,2022-01-01
3914,80,1,이온교환수지[제3901호부터 제3913호까지의 중합체를 기본 재료로 한 것으로서 일차제품(primary form)으로 한정한다],,0,
391400,80,2,이온교환수지[제3901호부터 제3913호까지의 중합체를 기본 재료로 한 것으로서 일차제품(primary form)으로 한정한다],,0,
3914001000,80,3,양이온성의 것,,1,2002-01-01
3914009000,80,3,기타,,1,2002-01-01
3915,80,1,플라스틱의 웨이스트(waste)ㆍ페어링(paring)ㆍ스크랩(scrap),,0,
391510,80,2,에틸렌의 중합체로 만든 것,,0,
3915101000,80,3,제조 당시 필름ㆍ시트(sheet)ㆍ판ㆍ박(箔) 상태의 것,,1,2013-01-01
3915102000,80,3,제조 당시 파이프ㆍ호스 상태의 것,,1,2013-01-01
3915103000,80,3,제조 당시 플라스틱 절연전선의 것,,1,2022-01-01
3915104000,80,3,"기타, 폴리에틸렌(PE)으로 만든 것",,1,2025-01-01
3915109000,80,3,기타,,1,2017-01-01
391520,80,2,스티렌의 중합체로 만든 것,,0,
3915201000,80,3,제조 당시 양식용 부자의 것,,1,2022-01-01
3915209000,80,3,기타,,1,2022-01-01
391530,80,2,염화비닐의 중합체로 만든 것,,0,
3915301000,80,3,제조 당시 플라스틱 절연전선의 것,,1,2022-01-01
3915309000,80,3,기타,,1,2022-01-01
391590,80,2,그 밖의 플라스틱으로 만든 것,,0,
3915901000,80,3,프로필렌의 중합체로 만든 것,,1,2013-01-01
3915902000,80,3,아크릴 중합체로 만든 것,,1,2013-01-01
3915903000,80,3,폴리아세탈수지로 만든 것,,1,2013-01-01
3915904000,80,3,폴리카보네이트로 만든 것,,1,2013-01-01
3915905000,80,3,폴리아미드로 만든 것,,1,2025-01-01
39159090,80,3,기타,,0,
3915909010,80,4,제조 당시 플라스틱 포장재의 것,,1,2022-01-01
3915909020,80,4,"펠릿, 플레이크, 분말 형태의 것",,1,2022-01-01
3915909030,80,4,액상 상태의 것,,1,2022-01-01
3915909090,80,4,기타,,1,2022-01-01
3916,80,1,"플라스틱의 모노필라멘트(횡단면의 치수가 1밀리미터를 초과하는 것으로 한정한다)ㆍ막대(rod, stick)ㆍ형재(形材)(표면 가공을 한 것인지에 상관없으며 그 밖의 가공한 것은 제외한다)",,0,
3916100000,80,2,에틸렌의 중합체로 만든 것,,1,2013-01-01
3916200000,80,2,염화비닐의 중합체로 만든 것,,1,2013-01-01
391690,80,2,그 밖의 플라스틱으로 만든 것,,0,
3916901000,80,3,스티렌의 중합체로 만든 것,,1,2013-01-01
3916902000,80,3,프로필렌의 중합체로 만든 것,,1,2013-01-01
3916903000,80,3,아크릴 중합체로 만든 것,,1,2013-01-01
3916904000,80,3,폴리아미드로 만든 것,,1,2013-01-01
3916909000,80,3,기타,,1,2002-01-01
3917,80,1,플라스틱의 관ㆍ파이프ㆍ호스와 이들의 연결구류[예: 조인트(joint)ㆍ엘보(elbow)ㆍ플랜지(flange)],,0,
391710,80,2,경화 단백질이나 셀룰로오스 물질의 인조 거트(gut)[소시지케이싱(sausage casing)],,0,
3917101000,80,3,경화 단백질로 만든 것,,1,2013-01-01
3917102000,80,3,셀룰로오스 물질로 만든 것,,1,2013-01-01
39172,80,2,경질(硬質)의 관ㆍ파이프ㆍ호스,,0,
3917210000,80,3,에틸렌의 중합체로 만든 것,,1,2013-01-01
3917220000,80,3,프로필렌의 중합체로 만든 것,,1,2013-01-01
3917230000,80,3,염화비닐의 중합체로 만든 것,,1,2013-01-01
391729,80,3,그 밖의 플라스틱으로 만든 것,,0,
3917292000,80,4,폴리아미드로 만든 것,,1,2013-01-01
3917299000,80,4,기타,,1,2002-01-01
39173,80,2,그 밖의 관ㆍ파이프ㆍ호스,,0,
391731,80,3,연질(軟質)의 관ㆍ파이프ㆍ호스[파열압(破裂壓)이 27.6메가파스칼 이상으로 한정한다],,0,
3917311000,80,4,에틸렌의 중합체로 만든 것,,1,2013-01-01
3917312000,80,4,염화비닐의 중합체로 만든 것,,1,2013-01-01
3917319000,80,4,기타,,1,2002-01-01
391732,80,3,"기타(연결구가 없는 것으로 한정하며, 그 밖의 재료로 보강되거나 결합되지 않은 것으로 한정한다)",,0,
3917321000,80,4,에틸렌의 중합체로 만든 것,,1,2013-01-01
3917322000,80,4,염화비닐의 중합체로 만든 것,,1,2013-01-01
3917329000,80,4,기타,,1,2002-01-01
391733,80,3,"기타(연결구가 있는 것으로 한정하며, 그 밖의 재료로 보강되거나 결합되지 않은 것으로 한정한다)",,0,
3917331000,80,4,에틸렌의 중합체로 만든 것,,1,2013-01-01
3917332000,80,4,염화비닐의 중합체로 만든 것,,1,2013-01-01
3917339000,80,4,기타,,1,2002-01-01
391739,80,3,기타,,0,
3917391000,80,4,에틸렌의 중합체로 만든 것,,1,2013-01-01
3917392000,80,4,염화비닐의 중합체로 만든 것,,1,2013-01-01
3917399000,80,4,기타,,1,2002-01-01
3917400000,80,2,연결구류,,1,2002-01-01
3918,80,1,"플라스틱으로 만든 바닥깔개(접착성이 있는지에 상관없으며 롤이나 타일 모양으로 한정한다), 이 류의 주 제9호의 플라스틱으로 만든 벽 피복재나 천장 피복재",,0,
391810,80,2,염화비닐의 중합체로 만든 것,,0,
3918101000,80,3,폴리염화비닐로 만든 것,,1,2013-01-01
3918102000,80,3,염화비닐과 초산비닐의 공중합체로 만든 것,,1,2013-01-01
3918109000,80,3,기타,,1,2002-01-01
3918900000,80,2,그 밖의 플라스틱으로 만든 것,,1,2013-01-01
3919,80,1,플라스틱으로 만든 접착성 판ㆍ시트(sheet)ㆍ필름ㆍ박(箔)ㆍ테이프ㆍ스트립과 그 밖의 평면 모양인 것(롤 모양인지에 상관없다),,0,
3919100000,80,2,롤 모양인 것(폭이 20센티미터 이하로 한정한다),,1,2013-01-01
3919900000,80,2,기타,,1,2002-01-01
3920,80,1,플라스틱으로 만든 그 밖의 판ㆍ시트(sheet)ㆍ필름ㆍ박(箔)ㆍ스트립(셀룰러가 아닌 것으로서 그 밖의 재료로 보강ㆍ적층ㆍ지지하거나 이와 유사하게 결합하지 않은 것으로 한정한다),,0,
3920100000,80,2,에틸렌의 중합체로 만든 것,,1,2013-01-01
3920200000,80,2,프로필렌의 중합체로 만든 것,,1,2013-01-01
3920300000,80,2,스티렌의 중합체로 만든 것,,1,2013-01-01
39204,80,2,염화비닐의 중합체로 만든 것,,0,
3920430000,80,3,전 중량의 100분의 6 이상의 가소제를 함유하는 것,,1,2013-01-01
3920490000,80,3,기타,,1,2002-01-01
39205,80,2,아크릴 중합체로 만든 것,,0,
3920510000,80,3,폴리(메틸메타크리레이트)로 만든 것,,1,2013-01-01
3920590000,80,3,기타,,1,2002-01-01
39206,80,2,폴리카보네이트ㆍ알키드수지ㆍ폴리아릴 에스테르ㆍ그 밖의 폴리에스테르로 만든 것,,0,
3920610000,80,3,폴리카보네이트로 만든 것,,1,2013-01-01
3920620000,80,3,폴리(에틸렌테레프탈레이트)로 만든 것,,1,2013-01-01
3920630000,80,3,불포화 폴리에스테르로 만든 것,,1,2013-01-01
3920690000,80,3,그 밖의 폴리에스테르로 만든 것,,1,2013-01-01
39207,80,2,셀룰로오스나 그 화학적 유도체로 만든 것,,0,
3920710000,80,3,재생 셀룰로오스로 만든 것,,1,2013-01-01
3920730000,80,3,초산셀룰로오스로 만든 것,,1,2013-01-01
392079,80,3,그 밖의 셀룰로오스 유도체로 만든 것,,0,
3920791000,80,4,벌커나이즈드 파이버의 것,,1,2007-01-01
3920799000,80,4,기타,,1,2007-01-01
39209,80,2,그 밖의 플라스틱으로 만든 것,,0,
3920910000,80,3,폴리(비닐 부티랄)로 만든 것,,1,2013-01-01
3920920000,80,3,폴리아미드로 만든 것,,1,2013-01-01
3920930000,80,3,아미노수지로 만든 것,,1,2013-01-01
3920940000,80,3,페놀수지로 만든 것,,1,2013-01-01
392099,80,3,그 밖의 플라스틱으로 만든 것,,0,
3920991000,80,4,항공기용,,1,2013-01-01
39209990,80,4,기타,,0,
3920999010,80,5,폴리이미드 필름(리드프레임의 기능을 하는 인쇄회로기판 제조용으로 한정한다),,1,2013-01-01
3920999020,80,5,불화폴리이미드로 만든 것,,1,2022-01-01
3920999090,80,5,기타,,1,2007-01-01
3921,80,1,플라스틱으로 만든 그 밖의 판ㆍ시트(sheet)ㆍ필름ㆍ박(箔)ㆍ스트립,,0,
39211,80,2,셀룰러,,0,
3921110000,80,3,스티렌 중합체로 만든 것,,1,2013-01-01
3921120000,80,3,염화비닐 중합체로 만든 것,,1,2013-01-01
3921130000,80,3,폴리우레탄으로 만든 것,,1,2013-01-01
3921140000,80,3,재생 셀룰로오스로 만든 것,,1,2013-01-01
392119,80,3,그 밖의 플라스틱으로 만든 것,,0,
39211910,80,4,에틸렌 중합체로 만든 것,,0,
3921191010,80,5,격리막(이차전지 제조용으로 한정한다),,1,2013-01-01
3921191090,80,5,기타,,1,2007-01-01
39211920,80,4,프로필렌 중합체로 만든 것,,0,
3921192010,80,5,격리막(이차전지 제조용으로 한정한다),,1,2013-01-01
3921192090,80,5,기타,,1,2007-01-01
39211930,80,4,아크릴 중합체로 만든 것,,0,
3921193010,80,5,폴리메틸메타클레이트로 만든 것,,1,2013-01-01
3921193090,80,5,기타,,1,2002-01-01
39211940,80,4,폴리카보네이트ㆍ알키드수지ㆍ폴리아릴 에스테르나 그 밖의 폴리에스테르로 만든 것,,0,
3921194010,80,5,폴리카보네이트로 만든 것,,1,2013-01-01
3921194020,80,5,폴리에틸렌테레프탈레이트로 만든 것,,1,2013-01-01
3921194030,80,5,불포화 폴리에스테르로 만든 것,,1,2013-01-01
3921194090,80,5,기타,,1,2002-01-01
3921195000,80,4,그 밖의 셀룰로오스나 그 화학적 유도체로 만든 것,,1,2022-01-01
39211990,80,4,기타,,0,
3921199020,80,5,폴리아미드로 만든 것,,1,2013-01-01
3921199040,80,5,페놀수지로 만든 것,,1,2013-01-01
3921199090,80,5,기타,,1,2002-01-01
392190,80,2,기타,,0,
3921901000,80,3,에틸렌의 중합체로 만든 것,,1,2013-01-01
3921902000,80,3,프로필렌의 중합체로 만든 것,,1,2013-01-01
3921903000,80,3,스티렌의 중합체로 만든 것,,1,2013-01-01
39219040,80,3,염화비닐의 중합체로 만든 것,,0,
3921904010,80,4,경질의 것,,1,2002-01-01
3921904020,80,4,연질의 것,,1,2002-01-01
3921905000,80,3,아크릴 중합체로 만든 것,,1,2022-01-01
39219060,80,3,폴리카보네이트ㆍ알키드수지ㆍ폴리아릴에스테르나 그 밖의 폴리에스테르로 만든 것,,0,
3921906010,80,4,폴리카보네이트로 만든 것,,1,2013-01-01
3921906020,80,4,폴리에틸렌테레프탈레이트로 만든 것,,1,2013-01-01
3921906030,80,4,불포화 폴리에스테르로 만든 것,,1,2013-01-01
3921906090,80,4,기타,,1,2002-01-01
3921907000,80,3,셀룰로오스나 그 화학적 유도체로 만든 것,,1,2022-01-01
39219090,80,3,기타,,0,
3921909010,80,4,폴리비닐 부티랄로 만든 것,,1,2013-01-01
3921909020,80,4,폴리아미드로 만든 것,,1,2013-01-01
3921909030,80,4,아미노수지로 만든 것,,1,2013-01-01
3921909040,80,4,페놀수지로 만든 것,,1,2013-01-01
3921909050,80,4,폴리우레탄으로 만든 것,,1,2013-01-01
3921909090,80,4,기타,,1,2002-01-01
3922,80,1,플라스틱으로 만든 목욕통ㆍ샤워통ㆍ설거지통ㆍ세면대ㆍ비데ㆍ화장실용 팬ㆍ변기용 시트(seat)와 커버ㆍ수세용 물탱크와 이와 유사한 위생용품,,0,
392210,80,2,목욕통ㆍ샤워통ㆍ설거지통ㆍ세면대,,0,
3922101000,80,3,목욕통과 샤워통,,1,2002-01-01
3922102000,80,3,세면대,,1,2002-01-01
3922103000,80,3,설거지통,,1,2002-01-01
3922200000,80,2,변기용 시트(seat)와 커버,,1,2013-01-01
392290,80,2,기타,,0,
3922901000,80,3,비데,,1,2002-01-01
3922909000,80,3,기타,,1,2002-01-01
3923,80,1,"플라스틱으로 만든 물품운반ㆍ포장 용기, 플라스틱으로 만든 뚜껑ㆍ마개ㆍ캡과 이와 유사한 물품",,0,
3923100000,80,2,상자ㆍ케이스ㆍ바구니와 이와 유사한 물품,,1,2013-01-01
39232,80,2,포장대[콘(cone)을 포함한다],,0,
3923210000,80,3,에틸렌 중합체로 만든 것,,1,2013-01-01
3923290000,80,3,그 밖의 플라스틱으로 만든 것,,1,2013-01-01
3923300000,80,2,카보이(carboy)ㆍ병ㆍ플라스크(flask)와 이와 유사한 물품,,1,2013-01-01
3923400000,80,2,스풀(spool)ㆍ콥(cop)ㆍ보빈(bobbin)과 이와 유사한 물품,,1,2013-01-01
3923500000,80,2,뚜껑ㆍ마개ㆍ캡과 이와 유사한 물품,,1,2013-01-01
3923900000,80,2,기타,,1,2002-01-01
3924,80,1,플라스틱으로 만든 식탁용품ㆍ주방용품ㆍ그 밖의 가정용품ㆍ위생용품ㆍ화장용품,,0,
3924100000,80,2,식탁용품과 주방용품,,1,2002-01-01
392490,80,2,기타,,0,
3924901000,80,3,비누접시와 통,,1,2002-01-01
3924902000,80,3,탁상보과 그 밖의 이와 유사한 것,,1,2013-01-01
3924909000,80,3,기타,,1,2002-01-01
3925,80,1,플라스틱으로 만든 건축용품(따로 분류되지 않은 것으로 한정한다),,0,
3925100000,80,2,저장기ㆍ탱크ㆍ배트(vat)와 이와 유사한 용기(용량이 300리터를 초과하는 것으로 한정한다),,1,2013-01-01
3925200000,80,2,문ㆍ창과 이들의 틀과 문지방,,1,2013-01-01
3925300000,80,2,"셔터ㆍ블라인드[베네치안 블라인드(venetian blind)를 포함한다]와 이와 유사한 물품, 이들의 부분품",,1,2013-01-01
3925900000,80,2,기타,,1,2002-01-01
3926,80,1,플라스틱으로 만든 그 밖의 제품과 제3901호부터 제3914호까지의 그 밖의 재료로 만든 제품,,0,
392610,80,2,사무용품이나 학용품,,0,
3926101000,80,3,필통과 지우개,,1,2013-01-01
3926102000,80,3,바인더,,1,2014-01-01
3926109000,80,3,기타,,1,2002-01-01
3926200000,80,2,"의류와 의류 부속품(장갑, 벙어리장갑을 포함한다)",,1,2013-01-01
3926300000,80,2,가구ㆍ차체(coachwork)와 이와 유사한 것들의 부착구,,1,2013-01-01
3926400000,80,2,작은 조각상과 그 밖의 장식용품,,1,2013-01-01
392690,80,2,기타,,0,
3926901000,80,3,기계용의 부분품,,1,2002-01-01
3926902000,80,3,부채ㆍ핸드스크린(기계식이 아닌 것으로 한정한다)과 이들의 살ㆍ자루(살ㆍ자루의 부분품을 포함한다),,1,2013-01-01
3926903000,80,3,레이블과 태그,,1,2013-01-01
3926904000,80,3,케이스를 갖춘 접착테이프,,1,2002-01-01
3926905000,80,3,그림틀ㆍ사진틀ㆍ거울틀과 이와 유사한 틀,,1,2013-01-01
3926906000,80,3,앨범,,1,2014-01-01
3926909000,80,3,기타,,1,2002-01-01
40,80,0,제40류 고무와 그 제품,,0,
4001,80,1,천연고무ㆍ발라타(balata)ㆍ구타페르카(gutta-percha)ㆍ구아율(guayule)ㆍ치클(chicle)과 이와 유사한 천연 검(gum)[일차제품(primary form)ㆍ판ㆍ시트(sheet)ㆍ스트립 모양으로 한정한다],,0,
4001100000,80,2,천연고무의 라텍스[프리-벌커나이즈된(pre-vulcanised) 것인지에 상관없다],,1,2013-01-01
40012,80,2,천연고무(그 밖의 모양으로 한정한다),,0,
4001210000,80,3,스모크드 시트(smoked sheet),,1,2017-01-01
4001220000,80,3,공업 규격화된 천연고무(TSNR),,1,2002-01-01
4001290000,80,3,기타,,1,2002-01-01
4001300000,80,2,발라타(balata)ㆍ구타페르카(gutta-percha)ㆍ구아율(guayule)ㆍ치클(chicle)과 이와 유사한 천연 검(gum),,1,2022-01-01
4002,80,1,"합성고무와 기름에서 제조한 팩티스(factice)[일차제품(primary form)ㆍ판ㆍ시트(sheet)ㆍ스트립 모양으로 한정한다], 제4001호의 물품과 제4002호의 물품과의 혼합물[일차제품(primary form)ㆍ판ㆍ시트(sheet)ㆍ스트립 모양으로 한정한다]",,0,
40021,80,2,스티렌-부타디엔 고무(SBR)ㆍ카르복시화한 스티렌-부타디엔 고무(XSBR),,0,
4002110000,80,3,라텍스,,1,2002-01-01
4002190000,80,3,기타,,1,2002-01-01
400220,80,2,부타디엔 고무(BR),,0,
4002201000,80,3,라텍스,,1,2002-01-01
4002209000,80,3,기타,,1,2002-01-01
40023,80,2,이소부텐-이소프렌(부틸)고무(IIR)ㆍ할로-이소부텐-이소프렌고무(CIIR이나 BIIR),,0,
400231,80,3,이소부텐-이소프렌 고무(부틸고무)(IIR),,0,
4002311000,80,4,라텍스,,1,2002-01-01
4002319000,80,4,기타,,1,2002-01-01
400239,80,3,기타,,0,
4002391000,80,4,라텍스,,1,2002-01-01
40023990,80,4,기타,,0,
4002399010,80,5,염화부틸고무(CIIR)의 것,,1,2012-01-01
4002399020,80,5,브롬화 부틸고무(BIIR)의 것,,1,2002-01-01
40024,80,2,클로로프렌(클로로부타디엔) 고무(CR),,0,
4002410000,80,3,라텍스,,1,2002-01-01
4002490000,80,3,기타,,1,2002-01-01
40025,80,2,아크릴로니트릴-부타디엔 고무(NBR),,0,
4002510000,80,3,라텍스,,1,2002-01-01
4002590000,80,3,기타,,1,2002-01-01
4002600000,80,2,이소프렌 고무(IR),,1,2022-01-01
4002700000,80,2,에틸렌-프로필렌-비공액 디엔 고무(EPDM),,1,2022-01-01
4002800000,80,2,제4001호의 물품과 제4002호의 물품과의 혼합물,,1,2022-01-01
40029,80,2,기타,,0,
4002910000,80,3,라텍스,,1,2002-01-01
400299,80,3,기타,,0,
4002991000,80,4,카르복시화한 아크릴로니트릴 부타디엔고무(XNBR)의 것,,1,2013-01-01
4002999000,80,4,기타,,1,2002-01-01
4003,80,1,재생고무[일차제품(primary form)ㆍ판ㆍ시트(sheet)ㆍ스트립 모양으로 한정한다],,0,
4003000000,80,2,재생고무[일차제품(primary form)ㆍ판ㆍ시트(sheet)ㆍ스트립 모양으로 한정한다],,1,2013-01-01
4004,80,1,고무의 웨이스트(waste)ㆍ페어링(paring)ㆍ스크랩(scrap)[경질(硬質)고무인 것은 제외한다]과 이들의 가루와 알갱이,,0,
400400,80,2,고무의 웨이스트(waste)ㆍ페어링(paring)ㆍ스크랩(scrap)[경질(硬質)고무인 것은 제외한다]과 이들의 가루와 알갱이,,0,
40040010,80,3,타이어의 것,,0,
4004001010,80,4,제87류 자동차용의 타이어의 것,,1,2022-01-01
4004001090,80,4,기타,,1,2022-01-01
4004002000,80,3,합성고무(타이어를 제외한다)의 것,,1,2022-01-01
4004009000,80,3,기타,,1,2022-01-01
4005,80,1,가황하지 않은 배합고무[일차제품(primary form)ㆍ판ㆍ시트(sheet)ㆍ스트립 모양으로 한정한다],,0,
400510,80,2,카본블랙이나 실리카와 배합한 것,,0,
4005101000,80,3,판ㆍ시트(sheet)ㆍ스트립,,1,2013-01-01
4005109000,80,3,기타,,1,2002-01-01
4005200000,80,2,용액과 분산액(소호 제4005.10호의 물품은 제외한다),,1,2013-01-01
40059,80,2,기타,,0,
4005910000,80,3,판ㆍ시트(sheet)ㆍ스트립,,1,2013-01-01
4005990000,80,3,기타,,1,2022-01-01
4006,80,1,가황하지 않은 고무의 그 밖의 모양[예: 막대(rod)ㆍ관ㆍ형재(形材)]과 제품(예: 디스크ㆍ링),,0,
4006100000,80,2,고무타이어 재생용 “캐멀-백(camel-back)” 스트립,,1,2022-01-01
400690,80,2,기타,,0,
4006904000,80,3,고무디스크ㆍ링ㆍ와셔,,1,2013-01-01
4006909000,80,3,기타,,1,2002-01-01
4007,80,1,고무실과 고무끈(가황한 것으로 한정한다),,0,
400700,80,2,고무실과 고무끈(가황한 것으로 한정한다),,0,
4007001000,80,3,고무실,,1,2013-01-01
4007002000,80,3,고무끈,,1,2002-01-01
4008,80,1,"고무로 만든 판ㆍ시트(sheet)ㆍ스트립ㆍ막대(rod)ㆍ형재(形材)[가황한 것으로 한정하며, 경질(硬質)고무인 것은 제외한다]",,0,
40081,80,2,셀룰러 고무로 만든 것,,0,
400811,80,3,판ㆍ시트(sheet)ㆍ스트립,,0,
4008111000,80,4,보강을 위하여 방직용 직물과 결합된 것,,1,2002-01-01
4008119000,80,4,기타,,1,2002-01-01
400819,80,3,기타,,0,
4008191000,80,4,보강을 위하여 방직용 직물과 결합된 것,,1,2002-01-01
4008199000,80,4,기타,,1,2002-01-01
40082,80,2,셀룰러 고무 외로 만든 것,,0,
400821,80,3,판ㆍ시트(sheet)ㆍ스트립,,0,
4008211000,80,4,보강을 위해서 방직용 직물과 결합된 것,,1,2002-01-01
4008219000,80,4,기타,,1,2002-01-01
400829,80,3,기타,,0,
4008291000,80,4,보강을 위해서 방직용 직물과 결합된 것,,1,2002-01-01
4008299000,80,4,기타,,1,2002-01-01
4009,80,1,"고무로 만든 관ㆍ파이프ㆍ호스[가황한 것으로 한정하고, 경질(硬質)고무인 것은 제외하며, 조인트(joint)ㆍ엘보(elbow)ㆍ플랜지(flange) 등 연결구류가 부착된 것인지에 상관없다]",,0,
40091,80,2,그 밖의 재료로 보강되거나 결합되지 않은 것,,0,
4009110000,80,3,연결구류를 부착하지 않은 것,,1,2013-01-01
4009120000,80,3,연결구류를 부착한 것,,1,2002-01-01
40092,80,2,금속으로만 보강되거나 결합된 것,,0,
4009210000,80,3,연결구류를 부착하지 않은 것,,1,2013-01-01
4009220000,80,3,연결구류를 부착한 것,,1,2002-01-01
40093,80,2,방직용 섬유 재료로만 보강되거나 결합된 것,,0,
4009310000,80,3,연결구류를 부착하지 않은 것,,1,2013-01-01
4009320000,80,3,연결구류를 부착한 것,,1,2002-01-01
40094,80,2,그 밖의 재료로 보강되거나 결합된 것,,0,
4009410000,80,3,연결구류를 부착하지 않은 것,,1,2013-01-01
4009420000,80,3,연결구류를 부착한 것,,1,2002-01-01
4010,80,1,고무로 만든 컨베이어용ㆍ전동(transmission)용 벨트와 벨팅(belting)(가황한 것으로 한정한다),,0,
40101,80,2,컨베이어용 벨트나 벨팅(belting),,0,
4010110000,80,3,금속으로만 보강된 것,,1,2012-01-01
4010120000,80,3,방직용 섬유 재료로만 보강된 것,,1,2002-01-01
401019,80,3,기타,,0,
4010191000,80,4,플라스틱으로만 보강된 것,,1,2007-01-01
4010199000,80,4,기타,,1,2007-01-01
40103,80,2,전동(transmission)용 벨트와 벨팅(belting),,0,
4010310000,80,3,횡단면이 사다리꼴형의 전동(transmission)용 엔드리스(endless) 벨트(브이벨트)로서 바깥둘레가 60센티미터 초과 180센티미터 이하인 것(브이홈이 파인 것으로 한정한다),,1,2017-01-01
4010320000,80,3,횡단면이 사다리꼴형의 전동(transmission)용 엔드리스(endless) 벨트(브이벨트)로서 바깥둘레가 60센티미터 초과 180센티미터 이하인 것(브이홈이 파인 것은 제외한다),,1,2025-01-01
4010330000,80,3,횡단면이 사다리꼴형의 전동(transmission)용 엔드리스(endless) 벨트(브이벨트)로서 바깥둘레가 180센티미터 초과 240센티미터 이하인 것(브이홈이 파인 것으로 한정한다),,1,2017-01-01
4010340000,80,3,횡단면이 사다리꼴형의 전동(transmission)용 엔드리스(endless) 벨트(브이벨트)로서 바깥둘레가 180센티미터 초과 240센티미터 이하인 것(브이홈이 파인 것은 제외한다),,1,2017-01-01
4010350000,80,3,엔드리스 싱크러너스(endless synchronous) 벨트로서 바깥둘레가 60센티미터 초과 150센티미터 이하인 것,,1,2017-01-01
4010360000,80,3,엔드리스 싱크러너스(endless synchronous) 벨트로서 바깥둘레가 150센티미터 초과 198센티미터 이하인 것,,1,2017-01-01
4010390000,80,3,기타,,1,2002-01-01
4011,80,1,고무로 만든 공기타이어(신품으로 한정한다),,0,
401110,80,2,승용자동차용[스테이션왜건(station wagon)과 경주 자동차용을 포함한다],,0,
4011101000,80,3,래디알 구조의 것,U,1,2002-01-01
4011102000,80,3,바이어스 구조의 것,U,1,2002-01-01
4011109000,80,3,기타,U,1,2002-01-01
401120,80,2,버스용ㆍ화물차용,,0,
40112010,80,3,래디알 구조의 것,,0,
4011201010,80,4,림의 지름이 49.53센티미터 미만인 것,U,1,2002-01-01
4011201090,80,4,기타,U,1,2002-01-01
40112020,80,3,바이어스 구조의 것,,0,
4011202010,80,4,림의 지름이 49.53센티미터 미만인 것,U,1,2002-01-01
4011202090,80,4,기타,U,1,2002-01-01
4011209000,80,3,기타,U,1,2002-01-01
4011300000,80,2,항공기용,U,1,2013-01-01
4011400000,80,2,모터사이클용,U,1,2013-01-01
4011500000,80,2,자전거용,U,1,2013-01-01
401170,80,2,농경용ㆍ임업용 차량과 기계의 것,,0,
4011701000,80,3,헤링본(herring-bone)이나 이와 유사한 트레드(tread)가 있는 것,U,1,2022-01-01
4011709000,80,3,기타,U,1,2017-01-01
401180,80,2,건설용ㆍ광산용ㆍ산업용 차량과 기계의 것,,0,
40118010,80,3,헤링본(herring-bone)이나 이와 유사한 트레드(tread)가 있는 것,,0,
4011801010,80,4,림(rim)의 지름이 61센티미터 이하인 것,U,1,2017-01-01
4011801090,80,4,기타,U,1,2017-01-01
40118090,80,3,기타,,0,
4011809010,80,4,림(rim)의 지름이 61센티미터 이하인 것,U,1,2017-01-01
4011809090,80,4,기타,U,1,2017-01-01
4011900000,80,2,기타,U,1,2025-01-01
4012,80,1,"고무로 만든 공기타이어(재생품과 중고품으로 한정한다), 고무로 만든 솔리드(solid)나 쿠션타이어, 타이어 트레드(tread), 타이어 플랩(flap)",,0,
40121,80,2,재생타이어,,0,
4012110000,80,3,승용자동차용[스테이션왜건(station wagon)과 경주 자동차용을 포함한다],U,1,2013-01-01
4012120000,80,3,버스용ㆍ화물자동차용,U,1,2013-01-01
4012130000,80,3,항공기용,U,1,2013-01-01
4012190000,80,3,기타,U,1,2002-01-01
401220,80,2,중고 공기타이어,,0,
4012201000,80,3,항공기용,U,1,2013-01-01
40122090,80,3,기타,,0,
4012209010,80,4,승용자동차용[스테이션왜건(station wagon)과 경주 자동차용을 포함한다],U,1,2013-01-01
4012209020,80,4,버스용이나 화물차용의 것,U,1,2013-01-01
4012209090,80,4,기타,U,1,2002-01-01
401290,80,2,기타,,0,
4012901000,80,3,항공기용,U,1,2022-01-01
40129090,80,3,기타,,0,
4012909010,80,4,솔리드 타이어,,1,2002-01-01
4012909020,80,4,쿠션 타이어,,1,2002-01-01
4012909030,80,4,타이어트레드,,1,2022-01-01
4012909040,80,4,타이어 플랩,,1,2002-01-01
4012909090,80,4,기타,,1,2002-01-01
4013,80,1,고무로 만든 이너튜브,,0,
401310,80,2,승용자동차용[스테이션왜건(station wagon)과 경주 자동차용을 포함한다]ㆍ버스용ㆍ화물차용,,0,
4013101000,80,3,승용자동차용[스테이션왜건(station wagon)과 경주 자동차용을 포함한다],U,1,2013-01-01
4013102000,80,3,버스ㆍ화물차용,U,1,2013-01-01
4013200000,80,2,자전거용,U,1,2013-01-01
401390,80,2,기타,,0,
4013901000,80,3,항공기용,U,1,2013-01-01
40139090,80,3,기타,,0,
4013909010,80,4,모터싸이클ㆍ모터스쿠터용,U,1,2013-01-01
4013909020,80,4,산업용ㆍ농경용,U,1,2013-01-01
4013909090,80,4,기타,U,1,2002-01-01
4014,80,1,"고무로 만든 위생용품과 의료용품[젖꼭지를 포함하며, 경질(硬質)고무 외의 가황한 것으로 한정한다. 다만, 경질(硬質)고무로 만든 연결구류를 부착한 것인지에 상관없다]",,0,
4014100000,80,2,콘돔,,1,2002-01-01
401490,80,2,기타,,0,
4014901000,80,3,젖꼭지,,1,2002-01-01
4014909000,80,3,기타,,1,2002-01-01
4015,80,1,"고무로 만든 의류와 의류 부속품[장갑, 벙어리장갑을 포함하고, 경질(硬質)고무 외의 가황한 것으로 한정하며, 어떤 용도인지는 상관없다]",,0,
40151,80,2,"장갑, 벙어리장갑",,0,
4015120000,80,3,내과용ㆍ외과용ㆍ치과용ㆍ수의과용으로 사용되는 종류의 것,2U,1,2022-01-01
4015190000,80,3,기타,2U,1,2002-01-01
401590,80,2,기타,,0,
4015901000,80,3,잠수복,,1,2002-01-01
4015902000,80,3,방사선 방호복,,1,2002-01-01
4015909000,80,3,기타,,1,2002-01-01
4016,80,1,가황한 고무의 그 밖의 제품[경질(硬質)고무로 만든 것은 제외한다],,0,
4016100000,80,2,셀룰러 고무로 만든 것,,1,2013-01-01
40169,80,2,기타,,0,
4016910000,80,3,바닥깔개와 매트,,1,2002-01-01
4016920000,80,3,지우개,,1,2002-01-01
4016930000,80,3,개스킷(gasket)ㆍ와셔(washer)ㆍ그 밖의 실(seal),,1,2013-01-01
4016940000,80,3,보트나 도크펜더(dock fender)(공기주입식인지에 상관없다),,1,2022-01-01
401695,80,3,그 밖의 공기주입식 제품,,0,
4016951000,80,4,공기 매트리스,,1,2002-01-01
4016952000,80,4,베개,,1,2002-01-01
4016953000,80,4,쿠션,,1,2002-01-01
4016959000,80,4,기타,,1,2002-01-01
401699,80,3,기타,,0,
40169910,80,4,기계용의 것,,0,
4016991010,80,5,기구ㆍ비행선ㆍ비행기계류ㆍ글라이더ㆍ연과 로토슈트의 부품,,1,2013-01-01
4016991090,80,5,기타,,1,2002-01-01
4016992000,80,4,고무밴드,,1,2002-01-01
4016993000,80,4,병마개,,1,2002-01-01
4016999000,80,4,기타,,1,2002-01-01
4017,80,1,"각종 모양의 경질(硬質)고무[예: 에보나이트(ebonite), 각종 모양의 웨이스트(waste)와 스크랩(scrap)을 포함한다]와 경질고무의 제품",,0,
401700,80,2,"각종 모양의 경질(硬質)고무[예: 에보나이트(ebonite), 웨이스트(waste)와 스크랩(scrap)을 포함한다]와 그 제품",,0,
4017001000,80,3,경질고무(웨이스트와 스크랩을 제외한다),,1,2022-01-01
4017002000,80,3,경질고무의 제품,,1,2002-01-01
4017003000,80,3,경질고무의 웨이스트와 스크랩,,1,2022-01-01
41,80,0,제41류 원피(모피는 제외한다)와 가죽,,0,
4101,80,1,"소(버팔로를 포함한다)와 마속(馬屬)동물의 원피[생 것ㆍ염장한 것ㆍ건조한 것ㆍ석회처리한 것ㆍ산처리한 것이나 그 밖의 방법으로 보존처리한 것으로 한정하고, 유연처리ㆍ파치먼트(parchment) 가공이나 그 이상의 가공을 한 것은 제외하며, 털을 제거한 것인지 또는 스플릿(split)한 것인지에 상관없다]",,0,
410120,80,2,"스플릿(split)하지 않은 전신 원피(단순 건조시켰을 때의 중량이 8킬로그램 이하, 염처리 후 건조시켰을 때의 중량이 10킬로그램 이하, 생 것ㆍ습식염장이나 그 밖의 방법으로 보존처리하였을 때의 중량이 16킬로그램 이하인 것으로 한정한다)",,0,
4101201000,80,3,유연처리 하지 않은 원피,U,1,2013-01-01
4101202000,80,3,유연처리(유연전처리를 포함한다)한 원피(원상태로 복귀할 수 있는 것으로 한정한다),U,1,2013-01-01
410150,80,2,전신 원피(16킬로그램을 초과하는 것으로 한정한다),,0,
41015010,80,3,유연처리 하지 않은 원피,,0,
410150101,80,4,컨벤셔널(conventional),,0,
4101501011,80,5,카우하이드(cow hide),U,1,2013-01-01
4101501012,80,5,스티어하이드(steer hide),U,1,2013-01-01
4101501013,80,5,옥스하이드(ox hide),U,1,2013-01-01
4101501014,80,5,불하이드(bull hide),U,1,2013-01-01
4101501019,80,5,기타,U,1,2002-01-01
410150102,80,4,트림드(trimmed)와 후레쉬드(fleshed),,0,
4101501021,80,5,카우하이드(cow hide),U,1,2013-01-01
4101501022,80,5,스티어하이드(steer hide),U,1,2013-01-01
4101501023,80,5,옥스하이드(ox hide),U,1,2013-01-01
4101501024,80,5,불하이드(bull hide),U,1,2013-01-01
4101501029,80,5,기타,U,1,2002-01-01
4101501090,80,4,기타,U,1,2002-01-01
4101502000,80,3,유연처리(유연전처리를 포함한다)한 원피(원상태로 복귀할 수 있는 것으로 한정한다),U,1,2013-01-01
410190,80,2,"기타[버트(butt), 벤드(bend), 벨리(belly)를 포함한다]",,0,
41019010,80,3,유연처리 하지 않은 원피,,0,
4101901010,80,4,버트(butt)와 벤드(bend),U,1,2017-01-01
410190109,80,4,기타,,0,
4101901091,80,5,송아지의 원피,U,1,2013-01-01
4101901099,80,5,기타,U,1,2002-01-01
4101902000,80,3,유연처리(유연전처리를 포함한다)한 원피(원상태로 복귀할 수 있는 것으로 한정한다),U,1,2013-01-01
4102,80,1,"면양이나 어린 양의 원피[생 것ㆍ염장한 것ㆍ건조한 것ㆍ석회처리한 것ㆍ산처리한 것이나 그 밖의 방법으로 보존처리한 것으로 한정하고, 유연처리ㆍ파치먼트(parchment) 가공이나 그 이상의 가공을 한 것은 제외하며, 털을 제거한 것인지 또는 스플릿(split)한 것인지에 상관없다. 다만, 이 류의 주 제1호다목에 따라 제외되는 것을 포함하지 않는다]",,0,
4102100000,80,2,털을 제거하지 않은 것,U,1,2013-01-01
41022,80,2,털을 제거한 것,,0,
410221,80,3,산처리한 것,,0,
4102211000,80,4,유연처리 하지 않은 원피,U,1,2013-01-01
4102212000,80,4,유연처리(유연전처리를 포함한다)한 원피(원상태로 복귀할 수 있는 것으로 한정한다),U,1,2013-01-01
410229,80,3,기타,,0,
4102291000,80,4,유연처리 하지 않은 원피,U,1,2013-01-01
4102292000,80,4,유연처리(유연전처리를 포함한다)한 원피(원상태로 복귀할 수 있는 것으로 한정한다),U,1,2013-01-01
4103,80,1,"그 밖의 원피[생 것ㆍ염장한 것ㆍ건조한 것ㆍ석회처리한 것ㆍ산처리한 것이나 그 밖의 방법으로 보존처리한 것으로 한정하고, 유연처리ㆍ파치먼트(parchment) 가공이나 그 이상의 가공을 한 것은 제외하며, 털을 제거한 것인지 또는 스플릿(split)한 것인지에 상관없다. 다만, 이 류의 주 제1호나목이나 다목에 따라 제외되는 것을 포함하지 않는다]",,0,
410320,80,2,파충류의 원피,,0,
41032010,80,3,유연처리 하지 않은 원피,,0,
4103201010,80,4,뱀의 원피,U,1,2013-01-01
4103201030,80,4,악어의 원피,U,1,2013-01-01
4103201090,80,4,기타,U,1,2002-01-01
4103202000,80,3,유연처리(유연전처리를 포함한다)한 원피(원상태로 복귀할 수 있는 것으로 한정한다),U,1,2013-01-01
410330,80,2,돼지의 원피,,0,
4103301000,80,3,유연처리 하지 않은 원피,U,1,2013-01-01
4103302000,80,3,유연처리(유연전처리를 포함한다)한 원피(원상태로 복귀할 수 있는 것으로 한정한다),U,1,2013-01-01
410390,80,2,기타,,0,
41039010,80,3,유연처리 하지 않은 원피,,0,
4103901010,80,4,장어류의 원피,U,1,2013-01-01
4103901020,80,4,캥거루의 원피,U,1,2013-01-01
4103901030,80,4,낙타(단봉낙타를 포함한다)의 원피,U,1,2013-01-01
4103901090,80,4,기타,U,1,2002-01-01
4103902000,80,3,유연처리(유연전처리를 포함한다)한 원피(원상태로 복귀할 수 있는 것으로 한정한다),U,1,2017-01-01
4104,80,1,"소(버팔로를 포함한다)나 마속(馬屬)동물의 유연처리나 크러스트 처리한 원피[털을 제거한 것으로 한정하고, 스플릿(split)한 것인지에 상관없으며 그 이상 가공한 것은 제외한다]",,0,
41041,80,2,습윤 상태의 것[웨트-블루(wet-blue)를 포함한다],,0,
4104110000,80,3,"스플릿(split)하지 않은 풀 그레인(full grain), 그레인 스플릿(grain split)",M2,1,2013-01-01
4104190000,80,3,기타,M2,1,2002-01-01
41044,80,2,건조 상태의 것(크러스트),,0,
4104410000,80,3,"스플릿(split)하지 않은 풀 그레인(full grain), 그레인 스플릿(grain split)",M2,1,2013-01-01
4104490000,80,3,기타,M2,1,2002-01-01
4105,80,1,"면양이나 어린 양의 유연처리ㆍ크러스트 처리한 원피[털을 제거한 것으로 한정하고, 스플릿(split)한 것인지에 상관없으며 그 이상 가공한 것은 제외한다]",,0,
4105100000,80,2,습윤 상태의 것[웨트-블루(wet-blue)를 포함한다],M2,1,2013-01-01
4105300000,80,2,건조 상태의 것(크러스트),M2,1,2013-01-01
4106,80,1,"그 밖의 동물의 유연처리ㆍ크러스트 처리한 원피[털을 제거한 것으로 한정하고, 스플릿(split)한 것인지에 상관없으며 그 이상 가공한 것은 제외한다]",,0,
41062,80,2,염소의 원피,,0,
4106210000,80,3,습윤 상태의 것[웨트-블루(wet-blue)를 포함한다],M2,1,2013-01-01
4106220000,80,3,건조 상태의 것(크러스트),M2,1,2013-01-01
41063,80,2,돼지의 원피,,0,
4106310000,80,3,습윤 상태의 것[웨트-블루(wet-blue)를 포함한다],M2,1,2013-01-01
4106320000,80,3,건조 상태의 것(크러스트),M2,1,2013-01-01
4106400000,80,2,파충류의 원피,M2,1,2013-01-01
41069,80,2,기타,,0,
4106910000,80,3,습윤 상태의 것[웨트-블루(wet-blue)를 포함한다],M2,1,2013-01-01
4106920000,80,3,건조 상태의 것(크러스트),M2,1,2013-01-01
4107,80,1,"유연처리ㆍ크러스트 처리한 후 그 이상의 가공을 한 소(버팔로를 포함한다)나 마속(馬屬)동물의 가죽[파치먼트(parchment) 가공 가죽을 포함한다][털을 제거한 것으로 한정하고, 스플릿(split)한 것인지에 상관없으며 제4114호의 가죽은 제외한다]",,0,
41071,80,2,전신 가죽,,0,
4107110000,80,3,스플릿(split)하지 않은 풀 그레인(full grain),M2,1,2013-01-01
4107120000,80,3,그레인 스플릿(grain split),M2,1,2013-01-01
4107190000,80,3,기타,M2,1,2002-01-01
41079,80,2,기타(반신의 가죽을 포함한다),,0,
4107910000,80,3,스플릿(split)하지 않은 풀 그레인(full grain),M2,1,2013-01-01
4107920000,80,3,그레인 스플릿(grain split),M2,1,2013-01-01
4107990000,80,3,기타,M2,1,2002-01-01
4112,80,1,"유연처리ㆍ크러스트 처리한 후 그 이상의 가공을 한 면양이나 어린 양의 가죽[파치먼트(parchment) 가공 가죽을 포함한다][털을 제거한 것으로 한정하고, 스플릿(split)한 것인지에 상관없으며 제4114호의 가죽은 제외한다]",,0,
4112000000,80,2,"유연처리ㆍ크러스트 처리한 후 그 이상의 가공을 한 면양이나 어린 양의 가죽[파치먼트(parchment) 가공 가죽을 포함한다][털을 제거한 것으로 한정하고, 스플릿(split)한 것인지에 상관없으며 제4114호의 가죽은 제외한다]",M2,1,2013-01-01
4113,80,1,"유연처리ㆍ크러스트 처리한 후 그 이상의 가공을 한 그 밖의 동물의 가죽[파치먼트(parchment) 가공 가죽을 포함한다][털을 제거한 것으로 한정하고, 스플릿(split)한 것인지에 상관없으며 제4114호의 가죽은 제외한다]",,0,
4113100000,80,2,염소의 가죽,M2,1,2022-01-01
4113200000,80,2,돼지의 가죽,M2,1,2013-01-01
4113300000,80,2,파충류의 가죽,M2,1,2013-01-01
4113900000,80,2,기타,M2,1,2002-01-01
4114,80,1,"섀미가죽(chamois leather)[콤비네이션 섀미가죽(chamois leather)을 포함한다], 페이턴트 레더(patent leather)와 적층한 페이턴트 레더(patent leather), 메탈라이즈드 레더(metallised leather)",,0,
4114100000,80,2,섀미가죽(chamois leather)[콤비네이션 섀미가죽(chamois leather)을 포함한다],M2,1,2013-01-01
411420,80,2,"페이턴트 레더(patent leather)와 적층한 페이턴트 레더(patent leather), 메탈라이즈드 레더(metallised leather)",,0,
4114201000,80,3,페이턴트 레더(patent leather),M2,1,2013-01-01
4114202000,80,3,적층한 페이턴트 레더(patent leather),M2,1,2013-01-01
4114203000,80,3,메탈라이즈드 레더(metallised leather),M2,1,2013-01-01
4115,80,1,"콤퍼지션 레더(composition leather)[가죽이나 가죽섬유를 기본 재료로 하여 제조한 것으로서 롤 모양인지에 상관없으며 슬래브 모양ㆍ시트(sheet) 모양ㆍ스트립 모양으로 한정한다], 가죽이나 콤퍼지션 레더(composition leather)의 페어링(paring)과 그 밖의 웨이스트(waste)(가죽제품의 제조에 적합하지 않은 것으로 한정한다), 가죽의 더스트(dust)와 가루",,0,
4115100000,80,2,콤퍼지션 레더(composition leather)[가죽이나 가죽섬유를 기본 재료로 하여 제조한 것으로서 롤 모양인지에 상관없으며 슬래브 모양ㆍ시트(sheet) 모양ㆍ스트립 모양으로 한정한다],,1,2013-01-01
4115200000,80,2,"가죽이나 콤퍼지션 레더(composition leather)의 페어링(paring)과 그 밖의 웨이스트(waste)(가죽제품의 제조에 적합하지 않은 것으로 한정한다), 가죽의 더스트(dust)와 가루",,1,2013-01-01
42,80,0,"제42류 가죽제품, 마구, 여행용구ㆍ핸드백과 이와 유사한 용기, 동물 거트(gut)[누에의 거트(gut)는 제외한다]의 제품",,0,
4201,80,1,"동물용 마구(고삐줄, 끈, 무릎받이, 재갈, 안장용 방석, 안장에 다는 주머니, 개용 코트와 이와 유사한 것을 포함하며, 어떤 재료이든 상관없다)",,0,
420100,80,2,"동물용 마구(고삐줄, 끈, 무릎받이, 재갈, 안장용 방석, 안장에 다는 주머니, 개용 코트와 이와 유사한 것을 포함하며, 어떤 재료이든 상관없다)",,0,
4201002000,80,3,끈,U,1,2022-01-01
4201009000,80,3,기타,U,1,2022-01-01
4202,80,1,"트렁크ㆍ슈트 케이스ㆍ화장품 케이스ㆍ이그잭큐티브 케이스(executive case)ㆍ서류가방ㆍ학생가방ㆍ안경 케이스ㆍ쌍안경 케이스ㆍ사진기 케이스ㆍ악기 케이스ㆍ총 케이스ㆍ권총 케이스와 이와 유사한 용기, 가죽ㆍ콤퍼지션 레더(composition leather)ㆍ플라스틱의 시트(sheet)ㆍ방직용 섬유ㆍ벌커나이즈드파이버(vulcanised fibre)ㆍ판지 또는 이러한 재료나 종이로 전부 또는 주로 피복하여 만든 여행가방ㆍ식품용이나 음료용 단열가방ㆍ화장갑ㆍ배낭ㆍ핸드백ㆍ쇼핑백ㆍ돈주머니ㆍ지갑ㆍ지도용 케이스ㆍ담배 케이스ㆍ담배쌈지ㆍ공구가방ㆍ운동용구 가방, 병 케이스ㆍ신변장식용품용 상자ㆍ분갑ㆍ칼붙이집과 이와 유사한 용기",,0,
42021,80,2,트렁크ㆍ슈트 케이스ㆍ화장품 케이스ㆍ이그잭큐티브 케이스(executive case)ㆍ서류가방ㆍ학생가방과 이와 유사한 용기,,0,
420211,80,3,외부 표면을 가죽이나 콤퍼지션 레더(composition leather)로 만든 것,,0,
4202111000,80,4,가죽으로 만든 것,U,1,2022-01-01
4202112000,80,4,콤퍼지션 레더로 만든 것,U,1,2013-01-01
4202113000,80,4,페이턴트 레더로 만든 것,U,1,2013-01-01
420212,80,3,외부 표면을 플라스틱이나 방직용 섬유재료로 만든 것,,0,
42021210,80,4,플라스틱으로 만든 것,,0,
4202121010,80,5,폴리염화비닐로 만든 것,U,1,2013-01-01
4202121020,80,5,폴리우레탄으로 만든 것,U,1,2013-01-01
4202121090,80,5,기타,U,1,2002-01-01
4202122000,80,4,방직용 섬유재료로 만든 것,U,1,2013-01-01
4202190000,80,3,기타,U,1,2022-01-01
42022,80,2,핸드백(멜빵이 있는지에 상관없으며 손잡이가 없는 것을 포함한다),,0,
420221,80,3,외부 표면을 가죽이나 콤퍼지션 레더(composition leather)로 만든 것,,0,
42022110,80,4,가죽으로 만든 것,,0,
4202211010,80,5,뱀 가죽으로 만든 것,U,1,2013-01-01
4202211020,80,5,도마뱀 가죽으로 만든 것,U,1,2013-01-01
4202211030,80,5,악어 가죽으로 만든 것,U,1,2013-01-01
4202211090,80,5,기타,U,1,2002-01-01
4202212000,80,4,콤퍼지션 레더로 만든 것,U,1,2013-01-01
4202213000,80,4,페이턴트 레더로 만든 것,U,1,2013-01-01
420222,80,3,외부 표면을 플라스틱 시트(sheet)나 방직용 섬유재료로 만든 것,,0,
42022210,80,4,플라스틱 시트(sheet)로 만든 것,,0,
4202221010,80,5,폴리염화비닐로 만든 것,U,1,2013-01-01
4202221020,80,5,폴리우레탄으로 만든 것,U,1,2013-01-01
4202221090,80,5,기타,U,1,2002-01-01
4202222000,80,4,방직용 섬유재료로 만든 것,U,1,2013-01-01
4202290000,80,3,기타,U,1,2022-01-01
42023,80,2,통상 포켓이나 핸드백에 넣어 다니는 물품,,0,
420231,80,3,외부 표면을 가죽이나 콤퍼지션 레더(composition leather)로 만든 것,,0,
42023110,80,4,가죽으로 만든 것,,0,
4202311030,80,5,악어 가죽으로 만든 것,U,1,2013-01-01
4202311090,80,5,기타,U,1,2002-01-01
4202312000,80,4,콤퍼지션 레더로 만든 것,U,1,2013-01-01
4202313000,80,4,페이턴트 레더로 만든 것,U,1,2013-01-01
420232,80,3,외부 표면을 플라스틱 시트(sheet)나 방직용 섬유재료로 만든 것,,0,
42023210,80,4,플라스틱 시트(sheet)로 만든 것,,0,
4202321010,80,5,폴리염화비닐로 만든 것,U,1,2013-01-01
4202321020,80,5,폴리우레탄으로 만든 것,U,1,2013-01-01
4202321090,80,5,기타,U,1,2002-01-01
4202322000,80,4,방직용 섬유재료로 만든 것,U,1,2013-01-01
4202390000,80,3,기타,U,1,2022-01-01
42029,80,2,기타,,0,
420291,80,3,외부 표면을 가죽이나 콤퍼지션 레더(composition leather)로 만든 것,,0,
4202911000,80,4,가죽으로 만든 것,U,1,2022-01-01
4202912000,80,4,콤퍼지션 레더로 만든 것,U,1,2013-01-01
4202913000,80,4,페이턴트 레더로 만든 것,U,1,2013-01-01
420292,80,3,외부 표면을 플라스틱 시트(sheet)나 방직용 섬유재료로 만든 것,,0,
42029210,80,4,플라스틱 시트(sheet)로 만든 것,,0,
4202921010,80,5,폴리염화비닐로 만든 것,U,1,2013-01-01
4202921020,80,5,폴리우레탄으로 만든 것,U,1,2013-01-01
4202921090,80,5,기타,U,1,2002-01-01
4202922000,80,4,방직용 섬유재료로 만든 것,U,1,2013-01-01
420299,80,3,기타,,0,
4202991000,80,4,판지로 만든 것,U,1,2013-01-01
4202999000,80,4,기타,U,1,2002-01-01
4203,80,1,의류와 의류 부속품[가죽이나 콤퍼지션 레더(composition leather)로 만든 것으로 한정한다],,0,
420310,80,2,의류,,0,
42031010,80,3,소 가죽으로 만든 것,,0,
4203101010,80,4,코트류,,1,2002-01-01
4203101020,80,4,"재킷, 블레이저와 점퍼류",,1,2013-01-01
4203101060,80,4,바지류,,1,2002-01-01
4203101090,80,4,기타,,1,2002-01-01
4203102000,80,3,돼지 가죽으로 만든 것,,1,2022-01-01
42031030,80,3,"면양, 어린 양이나 산양 가죽으로 만든 것",,0,
4203103010,80,4,코트류,,1,2002-01-01
4203103020,80,4,"재킷, 블레이저와 점퍼류",,1,2013-01-01
4203103050,80,4,조끼류,,1,2002-01-01
4203103060,80,4,바지류,,1,2002-01-01
4203103070,80,4,스커트류,,1,2002-01-01
4203103090,80,4,기타,,1,2002-01-01
42031090,80,3,기타,,0,
4203109010,80,4,코트류,,1,2002-01-01
4203109020,80,4,"재킷, 블레이저와 점퍼류",,1,2013-01-01
4203109090,80,4,기타,,1,2002-01-01
42032,80,2,장갑류,,0,
420321,80,3,운동용으로 특수 디자인한 것,,0,
4203211000,80,4,야구장갑,2U,1,2002-01-01
4203212000,80,4,골프장갑,2U,1,2002-01-01
4203213000,80,4,스키장갑,2U,1,2002-01-01
4203214000,80,4,모터싸이클장갑,2U,1,2002-01-01
4203215000,80,4,배팅장갑,2U,1,2002-01-01
4203219000,80,4,기타,2U,1,2002-01-01
420329,80,3,기타,,0,
4203291000,80,4,작업용 장갑,2U,1,2002-01-01
4203292000,80,4,방한용 장갑,2U,1,2012-01-01
4203299000,80,4,기타,2U,1,2002-01-01
420330,80,2,벨트와 띠,,0,
42033010,80,3,가죽으로 만든 것,,0,
4203301030,80,4,악어 가죽으로 만든 것,,1,2013-01-01
4203301090,80,4,기타,,1,2002-01-01
4203309000,80,3,기타,,1,2002-01-01
4203400000,80,2,그 밖의 의류 부속품,,1,2013-01-01
4205,80,1,그 밖의 가죽제품과 콤퍼지션 레더(composition leather)제품,,0,
420500,80,2,그 밖의 가죽제품과 콤퍼지션 레더(composition leather)제품,,0,
4205001,80,3,가죽으로 만든 것,,0,
4205001100,80,4,기계용이나 그 밖의 공업용에 사용하는 가죽제품,,1,2022-01-01
4205001900,80,4,그 밖의 가죽제품,,1,2013-01-01
4205002,80,3,콤퍼지션 레더로 만든 것,,0,
4205002100,80,4,기계용이나 그 밖의 공업용에 사용하는 콤퍼지션 레더(composition leather)제품,,1,2022-01-01
4205002900,80,4,그 밖의 콤퍼지션 레더(composition leather)제품,,1,2022-01-01
4206,80,1,거트(gut)[누에의 거트(gut)는 제외한다]ㆍ골드비터 스킨(goldbeater skin)ㆍ방광ㆍ건(腱)의 제품,,0,
4206000000,80,2,거트(gut)[누에의 거트(gut)는 제외한다]ㆍ골드비터 스킨(goldbeater skin)ㆍ방광ㆍ건(腱)의 제품,,1,2022-01-01
43,80,0,제43류 모피ㆍ인조모피와 이들의 제품,,0,
4301,80,1,"생모피(모피 사용에 적합한 머리 부분, 꼬리 부분, 발 부분과 그 밖의 조각이나 절단품을 포함하며, 제4101호ㆍ제4102호ㆍ제4103호에 해당하는 원피는 제외한다)",,0,
4301100000,80,2,"밍크의 것(전신인 것으로 한정하며, 머리 부분ㆍ꼬리 부분ㆍ발 부분이 있는지에 상관없다)",U,1,2013-01-01
4301300000,80,2,"어린 양의 것[아스트라칸(Astrakhan)ㆍ브로드테일(Broadtail)ㆍ카라쿨(Caracul)ㆍ페르시아 어린 양과 이와 유사한 어린 양, 인도ㆍ중국ㆍ몽고ㆍ티베트 어린 양의 것으로서 전신인 것으로 한정하며, 머리 부분ㆍ꼬리 부분ㆍ발 부분이 있는지에 상관없다]",U,1,2013-01-01
4301600000,80,2,"여우의 것(전신인 것으로 한정하며, 머리 부분ㆍ꼬리 부분ㆍ발 부분이 있는지에 상관없다)",U,1,2013-01-01
430180,80,2,"그 밖의 모피(전신인 것으로 한정하며, 머리 부분, 꼬리 부분, 발 부분이 있는지에 상관없다)",,0,
4301802000,80,3,오파섬(opossum)의 것,U,1,2013-01-01
4301803000,80,3,라쿤(raccoon)의 것,U,1,2013-01-01
4301804000,80,3,코요테의 것,U,1,2002-01-01
4301805000,80,3,토끼의 것,U,1,2002-01-01
4301806000,80,3,사향쥐의 것,U,1,2022-01-01
4301809000,80,3,기타,U,1,2002-01-01
4301900000,80,2,머리 부분ㆍ꼬리 부분ㆍ발 부분과 그 밖의 조각이나 절단품으로서 모피제품으로 사용하기에 적합한 것,U,1,2022-01-01
4302,80,1,"모피(유연처리, 드레스가공한 것으로서 머리 부분, 꼬리 부분, 발 부분과 그 밖의 조각이나 절단품을 포함하고, 조합하지 않은 것이나 그 밖의 재료를 가하지 않고 조합한 것으로 한정하며, 제4303호의 물품은 제외한다)",,0,
43021,80,2,"전신 모피(조합하지 않은 것으로 한정하며, 머리 부분, 꼬리 부분, 발 부분이 있는지에 상관없다)",,0,
4302110000,80,3,밍크의 것,U,1,2002-01-01
430219,80,3,기타,,0,
4302191000,80,4,비버(beaver)의 것,U,1,2013-01-01
4302192000,80,4,사향쥐의 것,U,1,2022-01-01
4302193000,80,4,여우의 것,U,1,2002-01-01
4302195000,80,4,친칠라의 것,U,1,2002-01-01
4302196000,80,4,오파섬(opossum)의 것,U,1,2013-01-01
4302197000,80,4,라쿤(raccoon)의 것,U,1,2013-01-01
4302198000,80,4,코요테의 것,U,1,2002-01-01
43021990,80,4,기타,,0,
4302199010,80,5,면양의 것,U,1,2002-01-01
4302199020,80,5,어린 양의 것(아스트라칸(Astrakhan)ㆍ브로드테일(Broadtail)ㆍ카라쿨(Caracul)ㆍ페르시아와 이와 유사한 어린 양ㆍ인도ㆍ중국ㆍ몽고나 티베트 어린 양의 것으로 한정한다),U,1,2013-01-01
4302199090,80,5,기타,U,1,2002-01-01
430220,80,2,머리 부분ㆍ꼬리 부분ㆍ발 부분과 그 밖의 조각이나 절단품(조합하지 않은 것으로 한정한다),,0,
4302201000,80,3,밍크의 것,U,1,2002-01-01
4302202000,80,3,토끼의 것,U,1,2002-01-01
4302203000,80,3,비버(beaver)의 것,U,1,2013-01-01
4302204000,80,3,사향쥐의 것,U,1,2022-01-01
4302205000,80,3,여우의 것,U,1,2002-01-01
4302207000,80,3,친칠라의 것,U,1,2002-01-01
43022090,80,3,기타,,0,
4302209020,80,4,라쿤(raccoon)의 것,U,1,2013-01-01
4302209030,80,4,코요테의 것,U,1,2002-01-01
4302209090,80,4,기타,U,1,2002-01-01
4302300000,80,2,전신 모피와 그 조각이나 절단품(조합한 것으로 한정한다),U,1,2013-01-01
4303,80,1,모피의류ㆍ모피의류의 부속품과 그 밖의 모피제품,,0,
430310,80,2,모피의류와 모피의류의 부속품,,0,
4303101,80,3,의류,,0,
4303101100,80,4,밍크의 것,U,1,2002-01-01
4303101200,80,4,토끼의 것,U,1,2002-01-01
4303101300,80,4,어린 양의 것,U,1,2002-01-01
4303101600,80,4,여우의 것,U,1,2002-01-01
4303101900,80,4,기타,U,1,2022-01-01
4303102,80,3,의류 부속품,,0,
4303102100,80,4,밍크의 것,U,1,2002-01-01
4303102200,80,4,토끼의 것,U,1,2002-01-01
4303102600,80,4,여우의 것,U,1,2002-01-01
43031029,80,4,기타,,0,
4303102920,80,5,라쿤(raccoon)의 것,U,1,2013-01-01
4303102990,80,5,기타,U,1,2002-01-01
4303900000,80,2,기타,U,1,2002-01-01
4304,80,1,인조모피와 그 제품,,0,
430400,80,2,인조모피와 그 제품,,0,
4304001000,80,3,인조모피,,1,2002-01-01
4304002000,80,3,인조모피의 제품,,1,2002-01-01
44,80,0,"제44류 목재와 그 제품, 목탄",,0,
4401,80,1,"땔나무(통나무, 목편, 작은 가지, 다발이나 이와 유사한 모양으로 한정한다), 칩이나 삭편(削片) 모양인 목재, 톱밥ㆍ목재의 웨이스트(waste)와 스크랩(scrap)[통나무ㆍ브리케트(briquette)ㆍ펠릿(pellet)이나 이와 유사한 모양으로 응결된 것인지에 상관없다]",,0,
44011,80,2,"땔나무(통나무, 목편, 작은 가지, 다발이나 이와 유사한 모양으로 한정한다)",,0,
4401110000,80,3,침엽수류,,1,2017-01-01
4401120000,80,3,활엽수류,,1,2017-01-01
44012,80,2,칩이나 삭편(削片) 모양인 목재,,0,
4401210000,80,3,침엽수류,,1,2002-01-01
440122,80,3,활엽수류,,0,
4401221000,80,4,펄프 제조용,,1,2013-01-01
4401229000,80,4,기타,,1,2007-01-01
44013,80,2,"톱밥, 목재의 웨이스트(waste)와 스크랩(scrap)[통나무ㆍ브리켓(briquette)ㆍ펠릿(pellet)이나 이와 유사한 모양으로 응결된 것으로 한정한다]",,0,
4401310000,80,3,목재 펠릿(pellet),,1,2013-01-01
4401320000,80,3,목재 브리켓(briquette),,1,2022-01-01
4401390000,80,3,기타,,1,2012-01-01
44014,80,2,"톱밥, 목재의 웨이스트(waste)와 스크랩(scrap)(응결되지 않은 것으로 한정한다)",,0,
4401410000,80,3,톱밥,,1,2022-01-01
4401490000,80,3,기타,,1,2022-01-01
4402,80,1,"목탄[쉘(shell)이나 너트(nut)의 탄을 포함하며, 응결된 것인지에 상관없다]",,0,
440210,80,2,대나무로 만든 것,,0,
44021010,80,3,성형 목탄,,0,
4402101010,80,4,착화제가 포함된 것,,1,2025-01-01
4402101090,80,4,기타,,1,2025-01-01
4402109000,80,3,기타,,1,2007-01-01
440220,80,2,쉘(shell)이나 너트(nut)로 만든 것,,0,
44022010,80,3,성형 목탄,,0,
4402201010,80,4,착화제가 포함된 것,,1,2025-01-01
4402201090,80,4,기타,,1,2025-01-01
4402209000,80,3,기타,,1,2022-01-01
440290,80,2,기타,,0,
44029010,80,3,성형 목탄,,0,
440290101,80,4,구이용,,0,
4402901011,80,5,착화제가 포함된 것,,1,2025-01-01
4402901019,80,5,기타,,1,2025-01-01
4402901090,80,4,기타,,1,2022-01-01
44029090,80,3,기타,,0,
4402909010,80,4,백탄,,1,2022-01-01
4402909020,80,4,흑탄,,1,2025-01-01
4402909090,80,4,기타,,1,2022-01-01
4403,80,1,원목[껍질ㆍ변재(邊材)를 벗긴 것인지 또는 거칠게 각을 뜬 것인지에 상관없다],,0,
44031,80,2,"페인트, 착색, 크레오소트(creosote)나 그 밖의 방부제로 처리한 것",,0,
4403110000,80,3,침엽수류,M3,1,2017-01-01
440312,80,3,활엽수류,,0,
4403121000,80,4,열대산 목재,M3,1,2017-01-01
4403129000,80,4,기타,M3,1,2017-01-01
44032,80,2,기타(침엽수류로 한정한다),,0,
440321,80,3,소나무[피너스(Pinus)속]의 것(횡단면의 최소치수가 15 센티미터 이상인 것으로 한정한다),,0,
4403211000,80,4,적송,M3,1,2017-01-01
4403212000,80,4,라디에타소나무(radiata pine),M3,1,2017-01-01
4403219000,80,4,기타,M3,1,2017-01-01
440322,80,3,소나무[피너스(Pinus)속]의 것(그 밖의 것으로 한정한다),,0,
4403221000,80,4,적송,M3,1,2017-01-01
4403222000,80,4,라디에타소나무(radiata pine),M3,1,2017-01-01
4403229000,80,4,기타,M3,1,2017-01-01
440323,80,3,전나무[아비에스(Abies)속]와 가문비나무[피세아(Picea)속]의 것(횡단면의 최소치수가 15 센티미터 이상인 것으로 한정한다),,0,
4403231000,80,4,전나무[아비에스(Abies)속],M3,1,2022-01-01
4403232000,80,4,가문비나무[피세아(Picea)속],M3,1,2022-01-01
440324,80,3,전나무[아비에스(Abies)속]와 가문비나무[피세아(Picea)속]의 것(그 밖의 것으로 한정한다),,0,
4403241000,80,4,전나무[아비에스(Abies)속],M3,1,2022-01-01
4403242000,80,4,가문비나무[피세아(Picea)속],M3,1,2022-01-01
440325,80,3,기타(횡단면의 최소치수가 15 센티미터 이상인 것으로 한정한다),,0,
4403251000,80,4,삼나무,M3,1,2017-01-01
44032520,80,4,미송,,0,
4403252010,80,5,더글러스퍼(Douglas fir),M3,1,2022-01-01
4403252020,80,5,헴록(hemlock),M3,1,2022-01-01
4403252090,80,5,기타,M3,1,2022-01-01
4403254000,80,4,전나무류[아비에스(Abies)속을 제외한다],M3,1,2022-01-01
4403255000,80,4,편백나무,M3,1,2022-01-01
4403259000,80,4,기타,M3,1,2017-01-01
440326,80,3,기타,,0,
4403261000,80,4,삼나무,M3,1,2017-01-01
44032620,80,4,미송,,0,
4403262010,80,5,더글러스퍼(Douglas fir),M3,1,2022-01-01
4403262020,80,5,헴록(hemlock),M3,1,2022-01-01
4403262090,80,5,기타,M3,1,2022-01-01
4403264000,80,4,전나무류[아비에스(Abies)속을 제외한다],M3,1,2022-01-01
4403265000,80,4,편백나무,M3,1,2022-01-01
4403269000,80,4,기타,M3,1,2017-01-01
44034,80,2,기타(열대산 목재로 한정한다),,0,
4403410000,80,3,다크레드메란티(Dark Red Meranti)ㆍ라이트레드메란티(Light Red Meranti)ㆍ메란티바카우(Meranti Bakau),M3,1,2013-01-01
4403420000,80,3,티크(Teak),M3,1,2022-01-01
440349,80,3,기타,,0,
4403491000,80,4,화이트라왕(White Lauan)ㆍ화이트메란티(White Meranti)ㆍ화이트세라야(White Seraya)ㆍ옐로메란티(Yellow Meranti)ㆍ아란(Alan),M3,1,2013-01-01
4403492000,80,4,케루잉(Keruing)ㆍ라민(Ramin)ㆍ카풀(Kapur)ㆍ종콩(Jongkong)ㆍ멜바우(Merbau)ㆍ제루통(Jelutong)ㆍ켐파스(Kempas),M3,1,2022-01-01
4403493000,80,4,오꾸메(Okoumé)ㆍ오베체(Obeche)ㆍ사팰리(Sapelli)ㆍ시포(Sipo)ㆍ아까주다푸리케(Acajou d'Afrique)ㆍ마코레(Makoré)ㆍ이로코(Iroko),M3,1,2022-01-01
4403494000,80,4,티아마(Tiama)ㆍ만소니아(Mansonia)ㆍ이롬바(Ilomba)ㆍ디베토우(Dibétou)ㆍ림바(Limba)ㆍ아조베(Azobé),M3,1,2022-01-01
4403495000,80,4,마호가니(Mahogany)와 발사(Balsa),M3,1,2013-01-01
4403499000,80,4,기타,M3,1,2002-01-01
44039,80,2,기타,,0,
4403910000,80,3,참나무[코커스(Quercus)속],M3,1,2022-01-01
4403930000,80,3,너도밤나무[파구스(Fagus)속]의 것(횡단면의 최소치수가 15 센티미터 이상인 것으로 한정한다),M3,1,2022-01-01
4403940000,80,3,너도밤나무[파구스(Fagus)속]의 것(그 밖의 것으로 한정한다),M3,1,2022-01-01
4403950000,80,3,자작나무[베툴라(Betula)속]의 것(횡단면의 최소치수가 15 센티미터 이상인 것으로 한정한다),M3,1,2022-01-01
4403960000,80,3,자작나무[베툴라(Betula)속]의 것(그 밖의 것으로 한정한다),M3,1,2022-01-01
440397,80,3,포플러와 사시나무[포푸러스(Populus)속]의 것,,0,
4403971000,80,4,포플러,M3,1,2017-01-01
4403972000,80,4,사시나무,M3,1,2017-01-01
4403980000,80,3,유칼립투스[유칼립투스(Eucalyptus)속]의 것,M3,1,2022-01-01
440399,80,3,기타,,0,
44039910,80,4,황양(Barxylum)ㆍ화리(rufum) ㆍ철도목(Bombay blackwood)ㆍ자단(rosewood)ㆍ흑단(ebony wood)ㆍ히커리(hickory)ㆍ물푸레나무ㆍ호두나무,,0,
4403991010,80,5,자단(rosewood),M3,1,2013-01-01
4403991020,80,5,흑단(ebony wood),M3,1,2013-01-01
4403991040,80,5,물푸레나무,M3,1,2002-01-01
4403991050,80,5,호두나무,M3,1,2013-01-01
4403991090,80,5,기타,M3,1,2002-01-01
4403992000,80,4,리그넘 바이티(Lignum vitae),M3,1,2013-01-01
44039930,80,4,단풍나무ㆍ느릅나무ㆍ피나무,,0,
4403993030,80,5,단풍나무,M3,1,2002-01-01
4403993040,80,5,느릅나무,M3,1,2002-01-01
4403993060,80,5,피나무,M3,1,2002-01-01
4403994000,80,4,오동나무,M3,1,2002-01-01
4403999000,80,4,기타,M3,1,2017-01-01
4404,80,1,"후프우드(hoopwood), 쪼갠 말뚝, 뾰족하게 만든 목재의 말뚝류(길이의 방향으로 톱질한 것은 제외한다), 목재의 막대(stick)[지팡이ㆍ산류(傘類)ㆍ공구의 자루나 이와 유사한 물품의 제조에 적합한 것으로서 거칠게 깎은 것으로 한정하며, 선반가공ㆍ휨 가공이나 그 밖의 가공을 한 것은 제외한다], 칩우드(chipwood)와 이와 유사한 것",,0,
4404100000,80,2,침엽수류,,1,2014-01-01
4404200000,80,2,활엽수류,,1,2014-01-01
4405,80,1,목모(wood wool)와 목분(wood flour),,0,
4405000000,80,2,목모(wood wool)와 목분(wood flour),,1,2013-01-01
4406,80,1,철도용 또는 궤도용 받침목(크로스타이),,0,
44061,80,2,주약처리(impregnated)하지 않은 것,,0,
4406110000,80,3,침엽수류,M3,1,2017-01-01
4406120000,80,3,활엽수류,M3,1,2017-01-01
44069,80,2,기타,,0,
4406910000,80,3,침엽수류,M3,1,2017-01-01
4406920000,80,3,활엽수류,M3,1,2017-01-01
4407,80,1,"제재목[길이의 방향으로 쪼갠 것, 평삭(平削)한 것, 회전식으로 절단한 것으로서 두께가 6밀리미터를 초과하는 것으로 한정하며, 대패질ㆍ연마ㆍ엔드-조인트한(end-jointed) 것인지에 상관없다]",,0,
44071,80,2,침엽수류,,0,
440711,80,3,소나무[피누스(Pinus)속]의 것,,0,
44071110,80,4,적송,,0,
4407111010,80,5,방부처리한 것,M3,1,2022-01-01
4407111020,80,5,난연처리한 것,M3,1,2022-01-01
4407111090,80,5,기타,M3,1,2022-01-01
4407112000,80,4,라디에타소나무(radiata pine),M3,1,2017-01-01
4407119000,80,4,기타,M3,1,2017-01-01
440712,80,3,전나무[아비에스(Abies)속] 및 가문비나무[피세아(Picea)속]의 것,,0,
4407121000,80,4,전나무[아비에스(Abies)속],M3,1,2022-01-01
44071220,80,4,가문비나무[피세아(Picea)속],,0,
4407122010,80,5,방부처리한 것,M3,1,2022-01-01
4407122020,80,5,난연처리한 것,M3,1,2022-01-01
4407122090,80,5,기타,M3,1,2022-01-01
440713,80,3,"에스-피-에프(S-P-F)[가문비나무(피세아(Picea)속), 소나무(피누스(Pinus)속)와 전나무(아비에스(Abies)속)]의 것",,0,
4407131000,80,4,방부처리한 것,M3,1,2022-01-01
4407132000,80,4,난연처리한 것,M3,1,2022-01-01
4407139000,80,4,기타,M3,1,2022-01-01
4407140000,80,3,헴퍼(Hem-fir)[웨스턴 헴록(Western hemlock)(트수가 헤테로필라(Tsuga heterophylla))과 전나무(아비에스(Abies)속)]의 것,M3,1,2022-01-01
440719,80,3,기타,,0,
4407191000,80,4,삼나무,M3,1,2017-01-01
44071920,80,4,미송,,0,
4407192010,80,5,더글러스퍼(Douglas fir),M3,1,2022-01-01
4407192020,80,5,헴록(hemlock),M3,1,2017-01-01
4407192090,80,5,기타,M3,1,2017-01-01
4407193000,80,4,전나무류[아비에스(Abies)속을 제외한다],M3,1,2022-01-01
4407194000,80,4,낙엽송,M3,1,2017-01-01
4407195000,80,4,편백나무,M3,1,2022-01-01
4407199000,80,4,기타,M3,1,2017-01-01
44072,80,2,열대산의 목재의 것,,0,
4407210000,80,3,마호가니(Mahogany)[스웨테니아(Swietenia)속],M3,1,2022-01-01
4407220000,80,3,비롤라(Virola)ㆍ임부아(Imbua)ㆍ발사(Balsa),M3,1,2017-01-01
4407230000,80,3,티크(Teak),M3,1,2022-01-01
4407250000,80,3,다크레드메란티(Dark Red Meranti)ㆍ라이트레드메란티(Light Red Meranti)ㆍ메란티바카우(Meranti Bakau),M3,1,2013-01-01
4407260000,80,3,화이트라왕(White Lauan)ㆍ화이트메란티(White Meranti)ㆍ화이트세라야(White Seraya)ㆍ옐로메란티(Yellow Meranti)ㆍ아란(Alan),M3,1,2013-01-01
4407270000,80,3,사팰리(Sapelli),M3,1,2013-01-01
4407280000,80,3,이로코(Iroko),M3,1,2013-01-01
440729,80,3,기타,,0,
4407291000,80,4,케루잉(Keruing)ㆍ라민(Ramin)ㆍ카풀(Kapur)ㆍ종콩(Jongkong)ㆍ멜바우(Merbau)ㆍ제루통(Jelutong)ㆍ켐파스(Kempas),M3,1,2013-01-01
4407293000,80,4,오꾸메(Okoumé)ㆍ오베체(Obeche)ㆍ시포(Sipo)ㆍ아까주다푸리케(Acajou d'Afrique)ㆍ마꼬레(Makoré)ㆍ티아마(Tiama)ㆍ만소니아(Mansonia)ㆍ이롬바(Ilomba)ㆍ디베토우(Dibétou)ㆍ림바(Limba)ㆍ아조베(Azobé),M3,1,2022-01-01
4407299000,80,4,기타,M3,1,2002-01-01
44079,80,2,기타,,0,
4407910000,80,3,참나무[코커스(Quercus)속],M3,1,2022-01-01
4407920000,80,3,너도밤나무[파구스(Fagus)속],M3,1,2022-01-01
4407930000,80,3,단풍나무[아세르(Acer)속],M3,1,2022-01-01
4407940000,80,3,체리나무[프루누스(Prunus)속],M3,1,2022-01-01
4407950000,80,3,물푸레나무[프라시너스(Fraxinus)속],M3,1,2022-01-01
4407960000,80,3,자작나무[베툴라(Betula)속]의 것,M3,1,2022-01-01
440797,80,3,포플러와 사시나무[포푸러스(Populus)속]의 것,,0,
4407971000,80,4,포플러,M3,1,2017-01-01
4407972000,80,4,사시나무,M3,1,2017-01-01
440799,80,3,기타,,0,
44079910,80,4,황양(Barxylum)ㆍ화리(rufum)ㆍ철도목(Bombay blackwood)ㆍ자단(rosewood)ㆍ흑단(ebony wood)ㆍ히커리(hickory)ㆍ호두나무,,0,
4407991010,80,5,자단(rosewood),M3,1,2013-01-01
4407991020,80,5,흑단(ebony wood),M3,1,2013-01-01
4407991040,80,5,호두나무,M3,1,2013-01-01
4407991090,80,5,기타,M3,1,2002-01-01
4407992000,80,4,리그넘 바이티(Lignum vitae),M3,1,2013-01-01
44079930,80,4,느릅나무ㆍ피나무,,0,
4407993040,80,5,느릅나무,M3,1,2002-01-01
4407993060,80,5,피나무,M3,1,2002-01-01
4407994000,80,4,오동나무,M3,1,2002-01-01
4407999000,80,4,기타,M3,1,2017-01-01
4408,80,1,"베니어용 단판[적층 목재를 평삭(平削)한 것을 포함한다], 합판용 단판이나 이와 유사한 적층 목재용 단판, 그 밖의 목재[길이의 방향으로 톱질한 것, 평삭(平削)한 것, 회전식으로 절단한 것으로서 두께가 6밀리미터 이하인 것으로 한정하며, 대패질ㆍ연마ㆍ엔드-조인트한(end-jointed) 것인지에 상관없다]",,0,
440810,80,2,침엽수류,,0,
4408106000,80,3,적층 목재를 평삭(平削)한 베니어용이나 그 밖에 이와 유사한 적층 목재용,,1,2013-01-01
4408109,80,3,기타,,0,
4408109100,80,4,합판 제조용,,1,2013-01-01
4408109200,80,4,무늬목,,1,2007-01-01
44081099,80,4,기타,,0,
4408109910,80,5,삼나무,,1,2007-01-01
4408109920,80,5,미송,,1,2022-01-01
4408109950,80,5,낙엽송,,1,2007-01-01
4408109960,80,5,가문비나무,,1,2007-01-01
4408109990,80,5,기타,,1,2007-01-01
44083,80,2,열대산 목재의 것,,0,
440831,80,3,다크레드메란티(Dark Red Meranti)ㆍ라이트레드메란티(Light Red Meranti)ㆍ메란티바카우(Meranti Bakau),,0,
4408313000,80,4,적층 목재를 평삭(平削)한 베니어용이나 그 밖에 이와 유사한 적층 목재용,,1,2013-01-01
44083190,80,4,기타,,0,
440831901,80,5,다크레드메란티(Dark Red Meranti)ㆍ라이트레드메란티(Light Red Meranti),,0,
4408319011,80,6,합판 제조용,,1,2013-01-01
4408319012,80,6,무늬목,,1,2007-01-01
4408319019,80,6,기타,,1,2007-01-01
440831902,80,5,메란티바카우(Meranti Bakau),,0,
4408319021,80,6,합판 제조용,,1,2013-01-01
4408319022,80,6,무늬목,,1,2007-01-01
4408319029,80,6,기타,,1,2007-01-01
440839,80,3,기타,,0,
4408396000,80,4,적층 목재를 평삭(平削)한 베니어용이나 그 밖에 이와 유사한 적층 목재용,,1,2013-01-01
44083990,80,4,기타,,0,
440839901,80,5,티크(Teak),,0,
4408399011,80,6,합판 제조용,,1,2013-01-01
4408399012,80,6,무늬목,,1,2007-01-01
4408399019,80,6,기타,,1,2007-01-01
440839902,80,5,화이트라왕(White Lauan),,0,
4408399021,80,6,합판 제조용,,1,2013-01-01
4408399022,80,6,무늬목,,1,2007-01-01
4408399029,80,6,기타,,1,2007-01-01
440839903,80,5,시포(Sipo)ㆍ오꾸메(Okoumé)ㆍ오베체(Obeche)ㆍ아까쥬다푸리케(Acajou d＇Afrique)ㆍ사팰리(Sapelli),,0,
4408399031,80,6,합판 제조용,,1,2013-01-01
4408399032,80,6,무늬목,,1,2007-01-01
4408399039,80,6,기타,,1,2007-01-01
440839904,80,5,림바(Limba),,0,
4408399041,80,6,합판 제조용,,1,2013-01-01
4408399042,80,6,무늬목,,1,2007-01-01
4408399049,80,6,기타,,1,2007-01-01
440839905,80,5,마호가니(Mahogany),,0,
4408399051,80,6,합판 제조용,,1,2013-01-01
4408399052,80,6,무늬목,,1,2007-01-01
4408399059,80,6,기타,,1,2007-01-01
440839909,80,5,기타,,0,
4408399091,80,6,합판 제조용,,1,2013-01-01
4408399092,80,6,무늬목,,1,2007-01-01
4408399099,80,6,기타,,1,2007-01-01
440890,80,2,기타,,0,
4408901000,80,3,적층 목재를 평삭(平削)한 베니어용이나 그 밖에 이와 유사한 적층 목재용,,1,2013-01-01
4408909,80,3,기타,,0,
44089091,80,4,황양(Barxylum)ㆍ화리(rufum) ㆍ철도목(Bombay blackwood)ㆍ자단(rosewood)ㆍ흑단(ebony wood)ㆍ히커리(hickory)ㆍ물푸레나무ㆍ호두나무ㆍ참나무,,0,
4408909150,80,5,합판 제조용,,1,2013-01-01
4408909160,80,5,무늬목,,1,2007-01-01
440890919,80,5,기타,,0,
4408909191,80,6,자단(Rosewood),,1,2013-01-01
4408909192,80,6,흑단(Ebony wood),,1,2013-01-01
4408909193,80,6,물푸레나무,,1,2007-01-01
4408909194,80,6,호두나무,,1,2013-01-01
4408909195,80,6,참나무,,1,2009-01-01
4408909199,80,6,기타,,1,2007-01-01
44089092,80,4,리그넘 바이티(Lignum vitae),,0,
4408909210,80,5,합판 제조용,,1,2013-01-01
4408909220,80,5,무늬목,,1,2007-01-01
4408909290,80,5,기타,,1,2007-01-01
44089093,80,4,사시나무ㆍ포플러ㆍ단풍나무ㆍ느릅나무ㆍ자작나무ㆍ피나무,,0,
4408909370,80,5,합판 제조용,,1,2013-01-01
4408909380,80,5,무늬목,,1,2007-01-01
440890939,80,5,기타,,0,
4408909391,80,6,사시나무,,1,2007-01-01
4408909392,80,6,포플러,,1,2007-01-01
4408909393,80,6,단풍나무,,1,2007-01-01
4408909394,80,6,느릅나무,,1,2007-01-01
4408909395,80,6,자작나무,,1,2007-01-01
4408909396,80,6,피나무,,1,2007-01-01
44089094,80,4,오동나무,,0,
4408909410,80,5,합판 제조용,,1,2013-01-01
4408909420,80,5,무늬목,,1,2007-01-01
4408909490,80,5,기타,,1,2007-01-01
44089099,80,4,기타,,0,
4408909910,80,5,합판 제조용,,1,2017-01-01
4408909920,80,5,무늬목,,1,2017-01-01
4408909990,80,5,기타,,1,2017-01-01
4409,80,1,목재[미조립한 쪽마루판용 스트립(strip)과 프리즈(frieze)를 포함한다]로서 어느 한쪽의 가장자리ㆍ마구리ㆍ면을 따라 연속적으로 성형한 것[블록가공ㆍ홈가공ㆍ은촉이음가공ㆍ경사이음가공ㆍ브이형이음가공ㆍ구슬형가공ㆍ주형가공ㆍ원형가공이나 이와 유사한 가공을 한 것으로서 대패질ㆍ연마ㆍ엔드-조인트한(end-jointed) 것인지에 상관없다],,0,
440910,80,2,침엽수류,,0,
4409101000,80,3,벽판재,,1,2022-01-01
4409102000,80,3,바닥재,,1,2022-01-01
4409109000,80,3,기타,,1,2014-01-01
44092,80,2,활엽수류,,0,
4409210000,80,3,대나무로 만든 것,,1,2013-01-01
440922,80,3,열대산 목재의 것,,0,
4409221000,80,4,벽판재,,1,2022-01-01
4409222000,80,4,바닥재,,1,2022-01-01
4409229000,80,4,기타,,1,2017-01-01
440929,80,3,기타,,0,
4409291000,80,4,벽판재,,1,2022-01-01
4409292000,80,4,바닥재,,1,2022-01-01
4409299000,80,4,기타,,1,2014-01-01
4410,80,1,"파티클보드(particle board), 배향성(配向性)이 있는 스트랜드 보드(OSB: oriented strand board)와 이와 유사한 보드[예: 웨이퍼보드(wafer board)](목재나 그 밖의 목질재료로 만든 것으로 한정하며, 수지나 그 밖의 유기결합제로 응결시킨 것인지에 상관없다)",,0,
44101,80,2,목재로 만든 것,,0,
441011,80,3,파티클보드(particle board),,0,
4410111000,80,4,가공하지 않은 것이나 연마가공 이상으로 가공하지 않은 것,,1,2013-01-01
4410112000,80,4,멜라민을 침투한 종이로 표면을 피복한 것,,1,2007-01-01
4410119000,80,4,기타,,1,2007-01-01
441012,80,3,배향성(配向性)이 있는 스트랜드 보드(OSB: oriented strand board),,0,
4410121000,80,4,가공하지 않은 것이나 연마가공 이상으로 가공하지 않은 것,,1,2013-01-01
4410129000,80,4,기타,,1,2007-01-01
441019,80,3,기타,,0,
4410191000,80,4,웨이퍼보드,,1,2022-01-01
4410199000,80,4,기타,,1,2022-01-01
4410900000,80,2,기타,,1,2002-01-01
4411,80,1,"섬유판(목재나 그 밖의 목질재료로 만든 것으로 한정하며, 수지나 그 밖의 유기물질로 접착한 것인지에 상관없다)",,0,
44111,80,2,중밀도 섬유판(MDF),,0,
441112,80,3,두께가 5밀리미터 이하인 것,,0,
4411121000,80,4,기계적 가공과 표면 피복을 모두 하지 않은 것,,1,2017-01-01
4411129000,80,4,기타,,1,2007-01-01
441113,80,3,두께가 5밀리미터 초과 9밀리미터 이하인 것,,0,
4411131000,80,4,기계적 가공과 표면 피복을 모두 하지 않은 것,,1,2017-01-01
4411139000,80,4,기타,,1,2007-01-01
441114,80,3,두께가 9밀리미터를 초과하는 것,,0,
4411141000,80,4,기계적 가공과 표면 피복을 모두 하지 않은 것,,1,2017-01-01
44111490,80,4,기타,,0,
4411149010,80,5,마루판,,1,2017-01-01
4411149090,80,5,기타,,1,2017-01-01
44119,80,2,기타,,0,
441192,80,3,밀도가 1세제곱센티미터당 0.8그램을 초과하는 것,,0,
4411921000,80,4,기계적 가공과 표면 피복을 모두 하지 않은 것,,1,2017-01-01
44119290,80,4,기타,,0,
4411929010,80,5,마루판,,1,2017-01-01
4411929090,80,5,기타,,1,2017-01-01
441193,80,3,밀도가 1세제곱센티미터당 0.5그램 초과 0.8그램 이하인 것,,0,
4411931000,80,4,기계적 가공과 표면 피복을 모두 하지 않은 것,,1,2017-01-01
44119390,80,4,기타,,0,
4411939010,80,5,마루판,,1,2017-01-01
4411939090,80,5,기타,,1,2017-01-01
441194,80,3,밀도가 1세제곱센티미터당 0.5그램 이하인 것,,0,
4411941000,80,4,기계적 가공과 표면 피복을 모두 하지 않은 것,,1,2017-01-01
4411949000,80,4,기타,,1,2007-01-01
4412,80,1,합판ㆍ베니어패널과 이와 유사한 적층 목재,,0,
441210,80,2,대나무로 만든 것,,0,
44121010,80,3,합판,,0,
4412101010,80,4,두께가 6밀리미터 미만인 것,M3,1,2007-01-01
4412101020,80,4,두께가 6밀리미터 이상인 것,M3,1,2007-01-01
4412102000,80,3,마루판,M3,1,2013-01-01
44121090,80,3,기타,,0,
4412109010,80,4,각 플라이가 6밀리미터 이하인 시트(sheet)만으로 구성된 것으로서 전체 두께가 6밀리미터 이상인 것,M3,1,2013-01-01
4412109090,80,4,기타,M3,1,2007-01-01
44123,80,2,"그 밖의 합판[각 플라이(ply)가 6밀리미터 이하의 목재 시트(sheet)만으로 구성된 것으로 한정하며, 대나무로 만든 것은 제외한다]",,0,
441231,80,3,적어도 한쪽 외면의 플라이(ply)가 열대산 목재인 것,,0,
4412311000,80,4,두께가 3.2밀리미터 미만인 것,M3,1,2007-01-01
44123120,80,4,두께가 3.2밀리미터 이상 4밀리미터 미만인 것,,0,
4412312010,80,5,적어도 한쪽 외면의 플라이(ply)가 이류의 국내주 제1호의 열대산 목재인 것,M3,1,2017-01-01
4412312090,80,5,기타,M3,1,2017-01-01
4412313000,80,4,두께가 4밀리미터 이상 6밀리미터 미만인 것,M3,1,2007-01-01
44123140,80,4,두께가 6밀리미터 이상 10밀리미터 미만인 것,,0,
441231401,80,5,두께가 6밀리미터 이상 8밀리미터 미만인 것,,0,
4412314011,80,6,적어도 한쪽 외면의 플라이(ply)가 이류의 국내주 제1호의 열대산 목재인 것,M3,1,2017-01-01
4412314019,80,6,기타,M3,1,2017-01-01
441231402,80,5,두께가 8밀리미터 이상 10밀리미터 미만인 것,,0,
4412314021,80,6,적어도 한쪽 외면의 플라이(ply)가 이류의 국내주 제1호의 열대산 목재인 것,M3,1,2017-01-01
4412314029,80,6,기타,M3,1,2017-01-01
44123150,80,4,두께가 10밀리미터 이상 12밀리미터 미만인 것,,0,
4412315010,80,5,적어도 한쪽 외면의 플라이(ply)가 이류의 국내주 제1호의 열대산 목재인 것,M3,1,2017-01-01
4412315090,80,5,기타,M3,1,2017-01-01
44123160,80,4,두께가 12밀리미터 이상 15밀리미터 미만인 것,,0,
4412316010,80,5,적어도 한쪽 외면의 플라이(ply)가 이류의 국내주 제1호의 열대산 목재인 것,M3,1,2017-01-01
4412316090,80,5,기타,M3,1,2017-01-01
44123170,80,4,두께가 15밀리미터 이상인 것,,0,
4412317010,80,5,적어도 한쪽 외면의 플라이(ply)가 이류의 국내주 제1호의 열대산 목재인 것,M3,1,2017-01-01
4412317090,80,5,기타,M3,1,2017-01-01
441233,80,3,기타[적어도 한쪽 외면의 플라이(ply)가 오리나무[알너스(Alnus)속] ∙ 물푸레나무[프락시너스(Fraxinus)속] ∙ 너도밤나무[파구스(Fagus)속] ∙ 자작나무[베툴라(Betula)속] ∙ 체리나무[프루누스(Prunus)속] ∙ 밤나무[카스타네아(Castanea)속] ∙ 느릅나무[울무스(Ulmus)속] ∙ 유칼립투스[유칼립투스(Eucalyptus)속] ∙ 히커리[카르야(Carya)속] ∙ 칠엽수[아에스쿨러스(Aesculus)속] ∙ 라임[틸리아(Tilia)속] ∙ 단풍나무[아서(Acer)속] ∙ 참나무[코커스(Quercus)속] ∙ 버즘나무[플라타너스(Platanus)속] ∙ 포플러와 사시나무[포푸러스(Populus)속] ∙ 아까시나무[로비니아(Robinia)속] ∙ 백합나무[리리오덴드론(Liriodendron)속] 또는 호두나무[주글란스(Juglans)속]의 활엽수 목재인 것으로 한정한다],,0,
4412331000,80,4,두께가 3.2밀리미터 미만인 것,M3,1,2017-01-01
4412332000,80,4,두께가 3.2밀리미터 이상 4밀리미터 미만인 것,M3,1,2017-01-01
4412333000,80,4,두께가 4밀리미터 이상 6밀리미터 미만인 것,M3,1,2017-01-01
44123340,80,4,두께가 6밀리미터 이상 10밀리미터 미만인 것,,0,
4412334010,80,5,두께가 6밀리미터 이상 8밀리미터 미만인 것,M3,1,2022-01-01
4412334020,80,5,두께가 8밀리미터 이상 10밀리미터 미만인 것,M3,1,2022-01-01
4412335000,80,4,두께가 10밀리미터 이상 12밀리미터 미만인 것,M3,1,2017-01-01
4412336000,80,4,두께가 12밀리미터 이상 15밀리미터 미만인 것,M3,1,2017-01-01
4412337000,80,4,두께가 15밀리미터 이상인 것,M3,1,2017-01-01
441234,80,3,기타[적어도 한쪽 외면의 플라이(ply)가 소호 제4412.33호에 특정하지 않은 활엽수 목재인 것으로 한정한다],,0,
4412341000,80,4,두께가 3.2밀리미터 미만인 것,M3,1,2017-01-01
4412342000,80,4,두께가 3.2밀리미터 이상 4밀리미터 미만인 것,M3,1,2017-01-01
4412343000,80,4,두께가 4밀리미터 이상 6밀리미터 미만인 것,M3,1,2017-01-01
44123440,80,4,두께가 6밀리미터 이상 10밀리미터 미만인 것,,0,
4412344010,80,5,두께가 6밀리미터 이상 8밀리미터 미만인 것,M3,1,2022-01-01
4412344020,80,5,두께가 8밀리미터 이상 10밀리미터 미만인 것,M3,1,2022-01-01
4412345000,80,4,두께가 10밀리미터 이상 12밀리미터 미만인 것,M3,1,2017-01-01
4412346000,80,4,두께가 12밀리미터 이상 15밀리미터 미만인 것,M3,1,2017-01-01
4412347000,80,4,두께가 15밀리미터 이상인 것,M3,1,2017-01-01
441239,80,3,기타[양쪽 외면의 플라이(ply)가 침엽수 목재인 것으로 한정한다],,0,
4412391000,80,4,두께가 6밀리미터 미만인 것,M3,1,2017-01-01
4412399000,80,4,기타,M3,1,2017-01-01
44124,80,2,단판적층재(LVL),,0,
441241,80,3,적어도 한쪽 외면의 플라이(ply)가 열대산 목재인 것,,0,
4412411000,80,4,각 플라이가 6밀리미터 이하인 시트(sheet)만으로 구성된 것으로서 전체 두께가 6밀리미터 이상인 것,M3,1,2022-01-01
4412419000,80,4,기타,M3,1,2022-01-01
441242,80,3,기타[적어도 한쪽 외면의 플라이(ply)가 활엽수 목재인 것으로 한정한다],,0,
4412421000,80,4,각 플라이가 6밀리미터 이하인 시트(sheet)만으로 구성된 것으로서 전체 두께가 6밀리미터 이상인 것,M3,1,2022-01-01
4412429000,80,4,기타,M3,1,2022-01-01
441249,80,3,기타[양쪽 외면의 플라이(ply)가 침엽수 목재인 것으로 한정한다],,0,
4412491000,80,4,각 플라이가 6밀리미터 이하인 시트(sheet)만으로 구성된 것으로서 전체 두께가 6밀리미터 이상인 것,M3,1,2022-01-01
4412499000,80,4,기타,M3,1,2022-01-01
44125,80,2,"블록보드(blockboard), 라민보드(laminboard), 배튼보드(battenboard)",,0,
4412510000,80,3,적어도 한쪽 외면의 플라이(ply)가 열대산 목재인 것,M3,1,2022-01-01
4412520000,80,3,기타[적어도 한쪽 외면의 플라이(ply)가 활엽수 목재인 것으로 한정한다],M3,1,2022-01-01
4412590000,80,3,기타[양쪽 외면의 플라이(ply)가 침엽수 목재인 것으로 한정한다],M3,1,2022-01-01
44129,80,2,기타,,0,
441291,80,3,적어도 한쪽 외면의 플라이(ply)가 열대산 목재인 것,,0,
4412911000,80,4,합판,M3,1,2022-01-01
4412919,80,4,기타,,0,
44129191,80,5,마루판,,0,
4412919110,80,6,각 플라이가 6밀리미터 이하인 시트(sheet)만으로 구성된 것으로서 전체 두께가 6밀리미터 이상인 것,M3,1,2022-01-01
4412919190,80,6,기타,M3,1,2022-01-01
44129199,80,5,기타,,0,
4412919910,80,6,각 플라이가 6밀리미터 이하인 시트(sheet)만으로 구성된 것으로서 전체 두께가 6밀리미터 이상인 것,M3,1,2022-01-01
4412919990,80,6,기타,M3,1,2022-01-01
441292,80,3,기타[적어도 한쪽 외면의 플라이(ply)가 활엽수 목재인 것으로 한정한다],,0,
4412921000,80,4,합판,M3,1,2022-01-01
4412929,80,4,기타,,0,
44129291,80,5,마루판,,0,
4412929110,80,6,각 플라이가 6밀리미터 이하인 시트(sheet)만으로 구성된 것으로서 전체 두께가 6밀리미터 이상인 것,M3,1,2022-01-01
4412929190,80,6,기타,M3,1,2022-01-01
44129299,80,5,기타,,0,
4412929910,80,6,각 플라이가 6밀리미터 이하인 시트(sheet)만으로 구성된 것으로서 전체 두께가 6밀리미터 이상인 것,M3,1,2022-01-01
4412929990,80,6,기타,M3,1,2022-01-01
441299,80,3,기타[양쪽 외면의 플라이(ply)가 침엽수 목재인 것으로 한정한다],,0,
4412991000,80,4,합판,M3,1,2022-01-01
4412999,80,4,기타,,0,
44129991,80,5,마루판,,0,
4412999110,80,6,각 플라이가 6밀리미터 이하인 시트(sheet)만으로 구성된 것으로서 전체 두께가 6밀리미터 이상인 것,M3,1,2022-01-01
4412999190,80,6,기타,M3,1,2022-01-01
44129999,80,5,그 밖의 적층 목재,,0,
4412999910,80,6,각 플라이가 6밀리미터 이하인 시트(sheet)만으로 구성된 것으로서 전체 두께가 6밀리미터 이상인 것,M3,1,2022-01-14
4412999990,80,6,기타,M3,1,2022-01-14
4413,80,1,고밀도화 목재[블록 모양ㆍ플레이트(plate) 모양ㆍ스트립(strip) 모양ㆍ프로파일(profile) 모양인 것으로 한정한다],,0,
4413000000,80,2,고밀도화 목재[블록 모양ㆍ플레이트(plate) 모양ㆍ스트립(strip) 모양ㆍ프로파일(profile) 모양인 것으로 한정한다],,1,2013-01-01
4414,80,1,목재로 만든 그림틀ㆍ사진틀ㆍ거울틀이나 이와 유사한 틀,,0,
4414100000,80,2,열대산 목재로 만든 것,,1,2022-01-01
4414900000,80,2,기타,,1,2022-01-01
4415,80,1,"목재로 만든 케이스ㆍ상자ㆍ크레이트(crate)ㆍ드럼과 이와 유사한 포장용기, 목재로 만든 케이블드럼, 목재로 만든 팰릿(pallet), 박스팰릿(box pallet), 그 밖의 깔판류, 목재로 만든 팰릿칼러(pallet collar)",,0,
4415100000,80,2,"케이스ㆍ상자ㆍ크레이트(crate)ㆍ드럼과 이와 유사한 포장용기, 케이블드럼",U,1,2013-01-01
4415200000,80,2,"팰릿(pallet)ㆍ박스팰릿(box pallet)ㆍ그 밖의 깔판류, 목재로 만든 팰릿칼러(pallet collar)",U,1,2022-01-01
4416,80,1,목재로 만든 통ㆍ배럴(barrel)ㆍ배트(vat)ㆍ텁(tub)ㆍ그 밖의 용기와 이들의 부분품(통재와 준재를 포함한다),,0,
4416000000,80,2,목재로 만든 통ㆍ배럴(barrel)ㆍ배트(vat)ㆍ텁(tub)ㆍ그 밖의 용기와 이들의 부분품(통재와 준재를 포함한다),,1,2022-01-01
4417,80,1,목재로 만든 공구ㆍ공구의 몸체ㆍ공구의 손잡이ㆍ비나 브러시의 몸체와 손잡이ㆍ목재로 만든 신발의 골,,0,
4417000000,80,2,목재로 만든 공구ㆍ공구의 몸체ㆍ공구의 손잡이ㆍ비나 브러시의 몸체와 손잡이ㆍ목재로 만든 신발의 골,,1,2022-01-01
4418,80,1,목재로 만든 건축용 건구와 목공품[셀룰러우드패널(cellular wood panel)ㆍ조립된 마루판용 패널ㆍ지붕을 이는 판자를 포함한다],,0,
44181,80,2,"창, 프랑스 창과 이들의 틀",,0,
4418110000,80,3,열대산 목재로 만든 것,,1,2022-01-01
4418190000,80,3,기타,,1,2022-01-01
44182,80,2,문ㆍ문틀ㆍ문지방,,0,
4418210000,80,3,열대산 목재로 만든 것,,1,2022-01-01
4418290000,80,3,기타,,1,2022-01-01
4418300000,80,2,기둥과 들보(소호 제4418.81호부터 제4418.89호까지의 물품을 제외한다),,1,2022-01-01
4418400000,80,2,콘크리트 구조물 작업용 거푸집널,,1,2013-01-01
4418500000,80,2,지붕을 이는 판자,,1,2013-01-01
44187,80,2,조립된 마루판용 패널,,0,
441873,80,3,대나무로 만든 것 또는 최소한 최상층(마모층)을 대나무로 만든 것,,0,
4418731000,80,4,파케이패널(parquet panel),,1,2017-01-01
4418739000,80,4,기타,,1,2017-01-01
441874,80,3,기타(모자이크 마루용인 것으로 한정한다),,0,
4418741000,80,4,파케이패널(parquet panel),,1,2017-01-01
4418749000,80,4,기타,,1,2017-01-01
441875,80,3,기타(다층인 것으로 한정한다),,0,
4418751000,80,4,파케이패널(parquet panel),,1,2017-01-01
4418759000,80,4,기타,,1,2017-01-01
441879,80,3,기타,,0,
4418791000,80,4,파케이패널(parquet panel),,1,2013-01-01
4418799000,80,4,기타,,1,2007-01-01
44188,80,2,구조용 공학목재,,0,
4418810000,80,3,집성재[글루램(glulam)],,1,2022-01-01
4418820000,80,3,직교집성판[씨엘티(CLT)나 엑스-램(X-lam)],,1,2022-01-01
4418830000,80,3,아이빔(I beam),,1,2022-01-01
4418890000,80,3,기타,,1,2022-01-01
44189,80,2,기타,,0,
4418910000,80,3,대나무로 만든 것,,1,2017-01-01
4418920000,80,3,셀룰러우드패널,,1,2022-01-01
441899,80,3,기타,,0,
4418999000,80,4,기타,,1,2017-01-01
4419,80,1,목재로 만든 식탁용품과 주방용품,,0,
44191,80,2,대나무로 만든 것,,0,
4419110000,80,3,"빵도마, 도마 및 이와 유사한 판",,1,2017-01-01
4419120000,80,3,젓가락,,1,2017-01-01
4419190000,80,3,기타,,1,2017-01-01
441920,80,2,열대산 목재로 만든 것,,0,
4419201000,80,3,"빵도마, 도마 및 이와 유사한 판",,1,2022-01-01
4419202000,80,3,대접(공기),,1,2022-01-01
4419203000,80,3,젓가락,,1,2022-01-01
4419209000,80,3,기타,,1,2022-01-01
441990,80,2,기타,,0,
4419901000,80,3,"빵도마, 도마 및 이와 유사한 판",,1,2017-01-01
4419902000,80,3,대접(공기),,1,2017-01-01
4419903000,80,3,젓가락,,1,2017-01-01
4419909000,80,3,기타,,1,2017-01-01
4420,80,1,"마르퀘트리(marquetry) 목제품과 상감세공 목제품, 신변장식용품, 칼붙이, 이와 유사한 제품용인 목재로 만든 상자와 용기, 목재로 만든 작은 조각상과 그 밖의 장식품, 제94류에 해당하지 않는 목제 가구",,0,
44201,80,2,작은 조각상과 그 밖의 장식품,,0,
4420110000,80,3,열대산 목재로 만든 것,,1,2022-01-01
4420190000,80,3,기타,,1,2022-01-01
442090,80,2,기타,,0,
4420902000,80,3,칠기제품(나전칠기 제품을 포함한다),,1,2022-01-01
44209090,80,3,기타,,0,
4420909010,80,4,담배용 상자와 신변장식용품용 상자,,1,2013-01-01
4420909020,80,4,제94류에 해당하지 않는 그 밖의 가구,,1,2013-01-01
4420909090,80,4,기타,,1,2002-01-01
4421,80,1,그 밖의 목제품,,0,
4421100000,80,2,옷걸이,,1,2002-01-01
4421200000,80,2,관(棺),,1,2022-01-01
44219,80,2,기타,,0,
442191,80,3,대나무로 만든 것,,0,
4421913000,80,4,이쑤시개,,1,2017-01-01
4421915000,80,4,부채ㆍ핸드스크린(기계식이 아닌 것으로 한정한다)ㆍ이들의 살과 자루(살ㆍ자루의 부분품을 포함한다),,1,2017-01-01
4421919000,80,4,기타,,1,2017-01-01
442199,80,3,기타,,0,
4421991000,80,4,스풀ㆍ콥ㆍ보빈ㆍ재봉사 릴과 이와 유사한 것(선반가공한 목재의 것으로 한정한다),,1,2017-01-01
4421993000,80,4,이쑤시개,,1,2017-01-01
4421994000,80,4,포장용의 목재블록,,1,2017-01-01
4421995000,80,4,부채ㆍ핸드스크린(기계식이 아닌 것으로 한정한다)ㆍ이들의 살과 자루(살ㆍ자루의 부분품을 포함한다),,1,2017-01-01
44219990,80,4,기타,,0,
4421999010,80,5,집성판(건축자재를 제외한다),,1,2025-01-01
4421999090,80,5,기타,,1,2025-01-01
45,80,0,제45류 코르크(cork)와 그 제품,,0,
4501,80,1,"천연 코르크(cork)(가공하지 않은 것이나 단순히 가공한 것으로 한정한다), 코르크(cork)의 웨이스트(waste), 부순 코르크(cork), 알갱이 모양 코르크(cork), 잘게 부순 코르크(cork)",,0,
4501100000,80,2,천연 코르크(cork)(가공하지 않은 것이나 단순히 가공한 것으로 한정한다),,1,2013-01-01
4501900000,80,2,기타,,1,2002-01-01
4502,80,1,"천연 코르크(cork)[외피를 제거한 것, 거칠게 각을 만든 것, 직사각형(정사각형을 포함한다)의 블록 모양ㆍ판 모양ㆍ시트(sheet) 모양ㆍ스트립(strip) 모양인 것으로 한정하고, 각이 예리한 마개용 블랭크(blank)를 포함한다]",,0,
4502000000,80,2,"천연 코르크(cork)[외피를 제거한 것, 거칠게 각을 만든 것, 직사각형(정사각형을 포함한다)의 블록 모양ㆍ판 모양ㆍ시트(sheet) 모양ㆍ스트립(strip) 모양인 것으로 한정하고, 각이 예리한 마개용 블랭크(blank)를 포함한다]",,1,2013-01-01
4503,80,1,천연 코르크(cork) 제품,,0,
4503100000,80,2,마개,,1,2002-01-01
4503900000,80,2,기타,,1,2002-01-01
4504,80,1,응결 코르크(cork)(응집제를 사용한 것인지에 상관없다)와 응결 코르크(cork)의 제품,,0,
4504100000,80,2,블록ㆍ판ㆍ시트(sheet)ㆍ스트립(strip)ㆍ타일(어떤 모양이라도 상관없다)ㆍ솔리드실린더(solid cylinder)(디스크를 포함한다),,1,2013-01-01
4504900000,80,2,기타,,1,2002-01-01
46,80,0,"제46류 짚ㆍ에스파르토(esparto)나 그 밖의 조물 재료의 제품, 바구니 세공물(basketware)과 지조세공물(枝條細工物)",,0,
4601,80,1,"플레이트(plait)와 이와 유사한 조물 재료의 물품[이를 조합하여 스트립(strip) 모양으로 한 것인지에 상관없다], 조물 재료ㆍ플레이트(plait)와 이와 유사한 조물 재료의 물품을 평행으로 연결하거나 직조한 물품[시트(sheet) 모양으로 한정하며, 매트류ㆍ발 등 최종 제품인지에 상관없다]",,0,
46012,80,2,매트류와 발(식물성 재료로 한정한다),,0,
460121,80,3,대나무로 만든 것,,0,
4601211000,80,4,매트류,,1,2007-01-01
4601212000,80,4,발,,1,2007-01-01
4601220000,80,3,등나무로 만든 것,,1,2022-01-01
4601290000,80,3,기타,,1,2022-01-01
46019,80,2,기타,,0,
4601920000,80,3,대나무로 만든 것,,1,2022-01-01
4601930000,80,3,등나무로 만든 것,,1,2013-01-01
4601940000,80,3,그 밖의 식물성 재료로 만든 것,,1,2022-01-01
4601990000,80,3,기타,,1,2022-01-01
4602,80,1,"바구니 세공물(basketware), 지조세공물(枝條細工物)과 그 밖의 제품(조물 재료로 직접 조형한 것이나 제4601호의 물품으로 만든 것으로 한정한다), 수세미제품",,0,
46021,80,2,식물성 재료로 만든 것,,0,
460211,80,3,대나무로 만든 것,,0,
4602111000,80,4,바구니,,1,2007-01-01
4602119000,80,4,기타,,1,2007-01-01
4602120000,80,3,등나무로 만든 것,,1,2013-01-01
460219,80,3,기타,,0,
4602191000,80,4,골풀제품,,1,2007-01-01
4602199000,80,4,기타,,1,2007-01-01
4602900000,80,2,기타,,1,2002-01-01
47,80,0,"제47류 목재나 그 밖의 섬유질 셀룰로오스재료의 펄프, 회수한 종이ㆍ판지[웨이스트(waste)와 스크랩(scrap)]",,0,
4701,80,1,기계목재펄프,,0,
470100,80,2,기계목재펄프,,0,
4701001000,80,3,표백하지 않은 것,,1,2013-01-01
4701002000,80,3,반표백하거나 표백한 것,,1,2013-01-01
4702,80,1,화학목재펄프(용해용으로 한정한다),,0,
4702000000,80,2,화학목재펄프(용해용으로 한정한다),,1,2013-01-01
4703,80,1,"화학목재펄프(소다펄프나 황산펄프로 한정하며, 용해용은 제외한다)",,0,
47031,80,2,표백하지 않은 것,,0,
4703110000,80,3,침엽수류로 만든 것,,1,2013-01-01
4703190000,80,3,활엽수류로 만든 것,,1,2013-01-01
47032,80,2,반표백하거나 표백한 것,,0,
470321,80,3,침엽수류로 만든 것,,0,
4703211000,80,4,반표백한 것,,1,2002-01-01
4703212000,80,4,표백한 것,,1,2002-01-01
470329,80,3,활엽수류로 만든 것,,0,
4703291000,80,4,반표백한 것,,1,2002-01-01
4703292000,80,4,표백한 것,,1,2002-01-01
4704,80,1,"화학목재펄프(아황산펄프로 한정하며, 용해용은 제외한다)",,0,
47041,80,2,표백하지 않은 것,,0,
4704110000,80,3,침엽수류로 만든 것,,1,2013-01-01
4704190000,80,3,활엽수류로 만든 것,,1,2013-01-01
47042,80,2,반표백하거나 표백한 것,,0,
4704210000,80,3,침엽수류로 만든 것,,1,2013-01-01
4704290000,80,3,활엽수류로 만든 것,,1,2013-01-01
4705,80,1,기계펄프공정과 화학펄프공정을 결합하여 얻은 목재펄프,,0,
4705000000,80,2,기계펄프공정과 화학펄프공정을 결합하여 얻은 목재펄프,,1,2017-01-01
4706,80,1,회수한 종이나 판지[웨이스트(waste)와 스크랩(scrap)]에서 뽑아낸 섬유펄프나 그 밖의 섬유질 셀룰로오스재료의 펄프,,0,
4706100000,80,2,면 린터 펄프(cotton linters pulp),,1,2013-01-01
4706200000,80,2,회수한 종이나 판지[웨이스트(waste)와 스크랩(scrap)]에서 뽑아낸 섬유펄프,,1,2013-01-01
4706300000,80,2,기타(대나무로 만든 것으로 한정한다),,1,2022-01-01
47069,80,2,기타,,0,
470691,80,3,기계펄프,,0,
4706911000,80,4,표백하지 않은 것,,1,2013-01-01
4706912000,80,4,반표백하거나 표백한 것,,1,2013-01-01
470692,80,3,화학펄프,,0,
4706921000,80,4,표백하지 않은 것,,1,2013-01-01
4706922000,80,4,반표백하거나 표백한 것,,1,2013-01-01
470693,80,3,기계공정과 화학공정의 결합으로 생산된 펄프,,0,
4706931000,80,4,표백하지 않은 것,,1,2013-01-01
4706932000,80,4,반표백하거나 표백한 것,,1,2013-01-01
4707,80,1,회수한 종이나 판지[웨이스트(waste)와 스크랩(scrap)],,0,
4707100000,80,2,표백하지 않은 크라프트지ㆍ판지나 물결 모양의 종이ㆍ판지로 만든 것,,1,2013-01-01
4707200000,80,2,주로 표백화학펄프로 된 그 밖의 종이나 판지(전체를 착색하지 않은 것으로 한정한다),,1,2013-01-01
4707300000,80,2,"주로 기계펄프로 만들어진 종이나 판지(예: 신문, 잡지, 이와 유사한 인쇄물)",,1,2013-01-01
4707900000,80,2,기타[선별하지 않은 웨이스트(waste)와 스크랩(scrap)을 포함한다],,1,2013-01-01
48,80,0,"제48류 종이와 판지, 제지용 펄프ㆍ종이ㆍ판지의 제품",,0,
4801,80,1,신문용지(롤 모양이나 시트 모양으로 한정한다),,0,
4801000000,80,2,신문용지(롤 모양이나 시트 모양으로 한정한다),,1,2013-01-01
4802,80,1,"도포하지 않은 종이와 판지(필기용, 인쇄용, 그 밖의 그래픽용으로 한정한다), 구멍을 뚫지 않은 펀치카드와 펀치테이프지[제4801호와 제4803호의 것은 제외하며, 크기와는 관계 없이 롤 모양이나 직사각형(정사각형을 포함한다) 시트(sheet) 모양으로 한정한다], 수제(手製) 종이와 판지",,0,
4802100000,80,2,수제(手製) 종이와 판지,,1,2022-01-01
4802200000,80,2,사진 감광성ㆍ열 감응성ㆍ전자 감광성 종이나 판지의 기본 재료로 사용되는 종이와 판지,,1,2013-01-01
4802400000,80,2,벽지용 원지(原紙),,1,2013-01-01
48025,80,2,그 밖의 종이와 판지(기계공정이나 화학-기계공정에 따른 섬유를 함유하지 않거나 그 함유량이 전 섬유중량의 100분의 10 이하인 것으로 한정한다),,0,
480254,80,3,1제곱미터당 중량이 40그램 미만인 것,,0,
48025410,80,4,인디아지(india paper),,0,
4802541010,80,5,여러 층의 종이와 판지로서 각 층을 표백한 것,,1,2017-01-01
4802541090,80,5,기타,,1,2002-01-01
48025490,80,4,기타,,0,
4802549010,80,5,여러 층의 종이와 판지로서 각 층을 표백한 것,,1,2013-01-01
4802549090,80,5,기타,,1,2002-01-01
480255,80,3,롤 모양으로서 1제곱미터당 중량이 40그램 이상 150그램 이하인 것,,0,
48025510,80,4,인쇄용ㆍ필기용 종이와 판지,,0,
4802551010,80,5,여러 층의 종이와 판지로서 각 층을 표백한 것,,1,2013-01-01
4802551020,80,5,복사용지,,1,2009-01-01
4802551030,80,5,전산용지와 폼용지 (컴퓨터용지와 지로용지를 포함한다),,1,2022-01-01
4802551090,80,5,기타,,1,2002-01-01
48025590,80,4,기타,,0,
4802559010,80,5,여러 층의 종이와 판지로서 각 층을 표백한 것,,1,2013-01-01
4802559090,80,5,기타,,1,2002-01-01
480256,80,3,"시트(sheet) 모양으로서 1제곱미터당 중량이 40그램 이상 150그램 이하이고, 접지 않은 상태에서 한 변이 435밀리미터 이하이며, 다른 한 변은 297밀리미터를 이하인 것",,0,
48025610,80,4,인쇄용ㆍ필기용 종이와 판지,,0,
4802561010,80,5,여러 층의 종이와 판지로서 각 층을 표백한 것,,1,2013-01-01
4802561020,80,5,복사용지,,1,2009-01-01
4802561090,80,5,기타,,1,2002-01-01
48025690,80,4,기타,,0,
4802569010,80,5,여러 층의 종이와 판지로서 각 층을 표백한 것,,1,2013-01-01
4802569090,80,5,기타,,1,2002-01-01
480257,80,3,그 밖의 것으로서 1제곱미터당 중량이 40그램 이상 150그램 이하인 것,,0,
48025710,80,4,인쇄용ㆍ필기용 종이와 판지,,0,
4802571010,80,5,여러 층의 종이와 판지로서 각 층을 표백한 것,,1,2013-01-01
4802571020,80,5,복사용지,,1,2009-01-01
4802571090,80,5,기타,,1,2002-01-01
48025790,80,4,기타,,0,
4802579010,80,5,여러 층의 종이와 판지로서 각 층을 표백한 것,,1,2013-01-01
4802579090,80,5,기타,,1,2002-01-01
480258,80,3,1제곱미터당 중량이 150그램을 초과하는 것,,0,
48025810,80,4,인쇄용ㆍ필기용 종이와 판지,,0,
4802581010,80,5,여러 층의 종이와 판지로서 각 층을 표백한 것,,1,2013-01-01
4802581090,80,5,기타,,1,2002-01-01
48025820,80,4,통계기계 카드용 종이와 판지,,0,
4802582010,80,5,여러 층의 종이와 판지로서 각 층을 표백한 것,,1,2013-01-01
4802582090,80,5,기타,,1,2002-01-01
48025890,80,4,기타,,0,
4802589010,80,5,여러 층의 종이와 판지로서 각 층을 표백한 것,,1,2013-01-01
4802589090,80,5,기타,,1,2002-01-01
48026,80,2,그 밖의 종이와 판지(기계공정이나 화학-기계공정에 따른 섬유의 함유량이 전 섬유중량의 100분의 10을 초과하는 것으로 한정한다),,0,
480261,80,3,롤 모양인 것,,0,
48026110,80,4,인쇄용ㆍ필기용 종이와 판지,,0,
4802611010,80,5,여러 층의 종이와 판지로서 각 층을 표백한 것,,1,2013-01-01
4802611090,80,5,기타,,1,2002-01-01
48026190,80,4,기타,,0,
4802619010,80,5,여러 층의 종이와 판지로서 각 층을 표백한 것,,1,2013-01-01
4802619090,80,5,기타,,1,2002-01-01
480262,80,3,"시트(sheet) 모양으로서 접지 않은 상태에서 한 변이 435밀리미터 이하이고, 다른 한 변은 297밀리미터 이하인 것",,0,
48026210,80,4,인쇄용ㆍ필기용 종이와 판지,,0,
4802621010,80,5,여러 층의 종이와 판지로서 각 층을 표백한 것,,1,2013-01-01
4802621020,80,5,복사용지,,1,2009-01-01
4802621090,80,5,기타,,1,2002-01-01
48026290,80,4,기타,,0,
4802629010,80,5,여러 층의 종이와 판지로서 각 층을 표백한 것,,1,2013-01-01
4802629090,80,5,기타,,1,2002-01-01
480269,80,3,기타,,0,
48026910,80,4,인쇄용ㆍ필기용 종이와 판지,,0,
4802691010,80,5,여러 층의 종이와 판지로서 각 층을 표백한 것,,1,2013-01-01
4802691020,80,5,복사용지,,1,2009-01-01
4802691090,80,5,기타,,1,2002-01-01
48026990,80,4,기타,,0,
4802699010,80,5,여러 층의 종이와 판지로서 각 층을 표백한 것,,1,2013-01-01
4802699090,80,5,기타,,1,2002-01-01
4803,80,1,"화장지ㆍ안면용 티슈용 원지, 타월ㆍ냅킨용 원지와 이와 유사한 가정용이나 위생용 종이, 셀룰로오스워딩ㆍ셀룰로오스섬유의 웹(web)[주름지거나(creped) 구겨진(crinkled) 것, 올록볼록한(embossed) 것, 구멍을 뚫은(perforated) 것, 착색한 것, 표면장식한 것, 인쇄한 것인지에 상관없으며 롤 모양이나 시트(sheet) 모양으로 한정한다]",,0,
480300,80,2,"화장지ㆍ안면용 티슈용 원지, 타월ㆍ냅킨용 원지와 이와 유사한 가정용이나 위생용 종이, 셀룰로오스워딩ㆍ셀룰로오스섬유의 웹(web)[주름지거나(creped) 구겨진(crinkled) 것, 올록볼록한(embossed) 것, 구멍을 뚫은(perforated) 것, 착색한 것, 표면장식한 것, 인쇄한 것인지에 상관없으며 롤 모양이나 시트(sheet) 모양으로 한정한다]",,0,
4803001000,80,3,화장지ㆍ안면용 티슈용 원지,,1,2022-01-01
4803002000,80,3,셀룰로오스워딩과 셀룰로오스섬유의 웹(web),,1,2013-01-01
4803009000,80,3,기타,,1,2002-01-01
4804,80,1,"도포하지 않은 크라프트지와 판지[롤 모양이나 시트(sheet) 모양으로 한정하며, 제4802호나 제4803호의 것은 제외한다]",,0,
48041,80,2,크라프트라이너(kraftliner),,0,
4804110000,80,3,표백하지 않은 것,,1,2013-01-01
4804190000,80,3,기타,,1,2002-01-01
48042,80,2,자루(sack)용 크라프트지,,0,
4804210000,80,3,표백하지 않은 것,,1,2013-01-01
4804290000,80,3,기타,,1,2002-01-01
48043,80,2,그 밖의 크라프트지와 판지(1제곱미터당 중량이 150그램 이하인 것으로 한정한다),,0,
480431,80,3,표백하지 않은 것,,0,
4804311000,80,4,전기절연지와 판지,,1,2022-01-01
4804312000,80,4,콘덴서지와 판지,,1,2013-01-01
4804313000,80,4,포장지와 판지,,1,2002-01-01
4804319000,80,4,기타,,1,2002-01-01
480439,80,3,기타,,0,
4804391000,80,4,전기절연지와 판지,,1,2012-01-01
4804392000,80,4,콘덴서지와 판지,,1,2013-01-01
4804393000,80,4,포장지와 판지,,1,2002-01-01
4804399000,80,4,기타,,1,2002-01-01
48044,80,2,그 밖의 크라프트지와 판지(1제곱미터당 중량이 150그램 초과 225그램 미만인 것으로 한정한다),,0,
480441,80,3,표백하지 않은 것,,0,
4804412000,80,4,중량이 1제곱미터당 200그램 미만인 것,,1,2022-01-01
4804419000,80,4,기타,,1,2022-01-01
480442,80,3,전체적으로 균일하게 표백한 것으로서 화학공정에 따른 목재 섬유의 함유량이 전 섬유중량의 100분의 95를 초과하는 것,,0,
4804421000,80,4,중량이 1제곱미터당 200그램 미만인 것,,1,2022-01-01
4804429000,80,4,기타,,1,2022-01-01
480449,80,3,기타,,0,
4804491000,80,4,중량이 1제곱미터당 200그램 미만인 것,,1,2007-01-01
4804499000,80,4,기타,,1,2007-01-01
48045,80,2,그 밖의 크라프트지와 판지(1제곱미터당 중량이 225그램 이상인 것으로 한정한다),,0,
4804510000,80,3,표백하지 않은 것,,1,2013-01-01
480452,80,3,전체적으로 균일하게 표백한 것으로서 화학공정에 따른 목재 섬유의 함유량이 전 섬유중량의 100분의 95를 초과하는 것,,0,
4804523000,80,4,쟁반ㆍ접시ㆍ플레이트ㆍ컵 원지와 이와 유사한 것,,1,2013-01-01
4804529000,80,4,기타,,1,2009-01-01
4804590000,80,3,기타,,1,2002-01-01
4805,80,1,"그 밖의 도포하지 않은 종이와 판지[롤 모양이나 시트(sheet) 모양으로 한정하며, 이 류의 주 제3호의 것 이상의 가공을 하지 않은 것으로 한정한다]",,0,
48051,80,2,플루팅지(fluting paper),,0,
4805110000,80,3,반화학 플루팅지(fluting paper),,1,2013-01-01
4805120000,80,3,스트로 플루팅지(straw fluting paper),,1,2013-01-01
4805190000,80,3,기타,,1,2002-01-01
48052,80,2,테스트라이너(testliner)(재생라이너판),,0,
480524,80,3,1제곱미터당 중량이 150그램 이하인 것,,0,
4805241000,80,4,여러 층의 종이와 판지로서 각 층을 표백한 것,,1,2013-01-01
4805249000,80,4,기타,,1,2002-01-01
480525,80,3,1제곱미터당 중량이 150그램을 초과하는 것,,0,
4805251000,80,4,여러 층의 종이와 판지로서 각 층을 표백한 것,,1,2013-01-01
4805259000,80,4,기타,,1,2002-01-01
4805300000,80,2,아황산포장지,,1,2002-01-01
4805400000,80,2,여과지와 판지,,1,2002-01-01
4805500000,80,2,펠트지와 판지,,1,2002-01-01
48059,80,2,기타,,0,
480591,80,3,1제곱미터당 중량이 150그램 이하인 것,,0,
4805911000,80,4,여러 층의 종이와 판지로서 각 층을 표백한 것,,1,2013-01-01
48059190,80,4,기타,,0,
4805919010,80,5,콘덴서지와 판지,,1,2013-01-01
4805919090,80,5,기타,,1,2002-01-01
480592,80,3,1제곱미터당 중량이 150그램 초과 225그램 미만인 것,,0,
4805921000,80,4,여러 층의 종이와 판지로서 각 층을 표백한 것,,1,2013-01-01
4805929000,80,4,기타,,1,2002-01-01
480593,80,3,1제곱미터당 중량이 225그램 이상인 것,,0,
4805931000,80,4,여러 층의 종이와 판지로서 각 층을 표백한 것,,1,2013-01-01
4805939000,80,4,기타,,1,2002-01-01
4806,80,1,황산지ㆍ내지지(耐脂紙)ㆍ트레이싱지(tracing paper)ㆍ글라신지(glassine paper)와 그 밖의 투명 광택지나 반투명 광택지[롤 모양이나 시트(sheet) 모양으로 한정한다],,0,
4806100000,80,2,황산지,,1,2002-01-01
4806200000,80,2,내지지(耐脂紙),,1,2013-01-01
4806300000,80,2,트레이싱지(tracing paper),,1,2013-01-01
480640,80,2,글라신지(glassine paper)와 그 밖의 투명 광택지나 반투명 광택지,,0,
4806401000,80,3,글라신지(glassine paper),,1,2013-01-01
4806409000,80,3,기타,,1,2002-01-01
4807,80,1,"겹붙인 종이와 판지[접착제로 겹붙인 것으로서 롤 모양이나 시트(sheet) 모양으로 한정하며, 표면을 도포하거나 침투시킨 것은 제외하고, 내면을 보강했는지에 상관없다]",,0,
4807000000,80,2,"겹붙인 종이와 판지[접착제로 겹붙인 것으로서 롤 모양이나 시트(sheet) 모양으로 한정하며, 표면을 도포하거나 침투시킨 것은 제외하고, 내면을 보강했는지에 상관없다]",,1,2013-01-01
4808,80,1,"물결 모양으로 하거나(corrugated)(평면지가 붙은 것인지에 상관없다) 주름지거나(creped) 구겨지거나(crinkled) 올록볼록하거나(embossed) 구멍을 뚫은(perforated) 종이와 판지[롤 모양이나 시트(sheet) 모양으로 한정하며, 제4803호의 것은 제외한다]",,0,
4808100000,80,2,물결 모양의 종이와 판지(구멍을 뚫었는지에 상관없다),,1,2013-01-01
480840,80,2,"크라프트지[주름지거나(creped) 구겨진(crinkled) 것으로서 올록볼록한지(embossed), 구멍을 뚫었는지(perforated)에 상관없다]",,0,
4808401000,80,3,자루(sack)용,,1,2013-01-01
4808409000,80,3,기타,,1,2012-01-01
4808900000,80,2,기타,,1,2002-01-01
4809,80,1,"카본지, 셀프복사지, 그 밖의 복사지나 전사지[등사원지나 오프셋 플레이트(offset plate)로 사용하는 도포지와 침투지를 포함하고, 인쇄한 것인지에 상관없으며 롤 모양이나 시트(sheet) 모양으로 한정한다]",,0,
480920,80,2,셀프복사지,,0,
4809201000,80,3,한 겹의 것,,1,2013-01-01
4809202000,80,3,두 겹 이상의 것,,1,2013-01-01
480990,80,2,기타,,0,
4809901000,80,3,전사지,,1,2002-01-01
48099020,80,3,감열기록지,,0,
4809902010,80,4,제곱미터당 중량이 65그램 이상의 것,,1,2012-01-01
4809902090,80,4,기타,,1,2009-01-01
4809904000,80,3,카본지나 이와 유사한 복사지,,1,2013-01-01
4809909000,80,3,기타,,1,2002-01-01
4810,80,1,한 면이나 양면을 도포한 종이와 판지[결합재가 있는지에 상관없으며 고령토(kaolin)[차이나 클레이(China clay)]나 그 밖의 무기물질을 도포한 것(그 밖의 다른 물질을 도포한 것은 제외한다)으로서 표면착색ㆍ표면장식ㆍ인쇄하였는지에 상관없으며 크기와는 관계없이 롤 모양이나 직사각형(정사각형을 포함한다)의 시트(sheet) 모양으로 한정한다],,0,
48101,80,2,"필기용, 인쇄용, 그 밖의 그래픽용 종이와 판지(기계공정이나 화학-기계공정에 따른 섬유를 함유하지 않거나 그 함유량이 전 섬유중량의 100분의 10 이하인 것으로 한정한다)",,0,
481013,80,3,롤 모양인 것,,0,
4810131000,80,4,인쇄용ㆍ필기용 종이와 판지,,1,2013-01-01
4810139000,80,4,기타,,1,2002-01-01
4810140000,80,3,"시트(sheet) 모양인 것으로서 접지 않은 상태에서 한 변이 435밀리미터 이하이고, 다른 한 변은 297밀리미터 이하인 것",,1,2022-01-01
481019,80,3,기타,,0,
4810191000,80,4,인쇄용ㆍ필기용 종이와 판지,,1,2013-01-01
4810199000,80,4,기타,,1,2002-01-01
48102,80,2,"필기용, 인쇄용, 그 밖의 그래픽용 종이와 판지(기계공정이나 화학-기계공정에 따른 섬유의 함유량이 전 섬유중량의 100분의 10을 초과하는 것으로 한정한다)",,0,
4810220000,80,3,경량(輕量)의 도포한 종이,,1,2013-01-01
4810290000,80,3,기타,,1,2002-01-01
48103,80,2,"크라프트지와 판지(필기용, 인쇄용, 그 밖의 그래픽용은 제외한다)",,0,
481031,80,3,전체적으로 균일하게 표백한 것(화학공정에 따른 목재섬유의 함유량이 전 섬유중량의 100분의 95를 초과하는 것으로서 1제곱미터당 중량이 150그램 이하인 것으로 한정한다),,0,
4810319000,80,4,기타,,1,2009-01-01
481032,80,3,전체적으로 균일하게 표백한 것(화학공정에 따른 목재섬유의 함유량이 전 섬유중량의 100분의 95를 초과하는 것으로서 1제곱미터당 중량이 150그램을 초과하는 것으로 한정한다),,0,
4810321000,80,4,카톤(carton)용 원지(화장품ㆍ의약품ㆍ담배의 포장용과 이와 유사한 것을 포함한다),,1,2017-01-01
4810322000,80,4,쟁반ㆍ접시ㆍ플레이트ㆍ컵 원지와 이와 유사한 것,,1,2013-01-01
4810329000,80,4,기타,,1,2009-01-01
4810390000,80,3,기타,,1,2002-01-01
48109,80,2,그 밖의 종이와 판지,,0,
481092,80,3,여러 겹의 것,,0,
48109210,80,4,백판지,,0,
4810921010,80,5,제곱미터당 중량이 250그램 이하인 것,,1,2009-01-01
4810921090,80,5,기타,,1,2009-01-01
4810929000,80,4,기타,,1,2009-01-01
481099,80,3,기타,,0,
4810992000,80,4,여과지,,1,2002-01-01
4810999000,80,4,기타,,1,2002-01-01
4811,80,1,"종이, 판지, 셀룰로오스워딩, 셀룰로오스섬유의 웹(web)[크기와는 관계 없이 롤 모양이나 직사각형(정사각형을 포함한다)의 시트(sheet) 모양으로서 도포ㆍ침투ㆍ피복ㆍ표면착색ㆍ표면장식ㆍ인쇄한 것으로 한정하며, 제4803호ㆍ제4809호ㆍ제4810호에 열거한 것은 제외한다]",,0,
4811100000,80,2,타르ㆍ역청물질ㆍ아스팔트 처리를 한 종이와 판지,,1,2022-01-01
48114,80,2,접착지와 판지,,0,
4811410000,80,3,셀프접착지,,1,2002-01-01
4811490000,80,3,기타,,1,2002-01-01
48115,80,2,플라스틱을 도포하거나 침투시키거나 피복한 종이와 판지(접착제는 제외한다),,0,
481151,80,3,표백한 것(1제곱미터당 중량이 150그램을 초과하는 것으로 한정한다),,0,
4811511000,80,4,1제곱미터당 중량이 150그램을 초과하며 265그램 이하인 것,,1,2013-01-01
48115190,80,4,기타,,0,
481151901,80,5,"폭이 15센티미터를 초과하는 롤 모양인 것과 접지 않은 상태에서 한 변이 36센티미터를 초과하며, 다른 한 변은 15센티미터를 초과하는 직사각형(정사각형을 포함한다)의 시트(sheet) 모양인 것",,0,
4811519011,80,6,종이나 판지를 기본 재료로 한 바닥깔개,,1,2013-01-01
4811519019,80,6,기타,,1,2007-01-01
4811519090,80,5,기타,,1,2002-01-01
4811590000,80,3,기타,,1,2002-01-01
4811600000,80,2,왁스ㆍ파라핀왁스ㆍ스테아린(stearin)ㆍ기름ㆍ글리세롤을 도포하거나 침투시키거나 피복한 종이와 판지,,1,2013-01-01
481190,80,2,"그 밖의 종이와 판지, 셀룰로오스워딩, 셀룰로오스섬유의 웹(web)",,0,
4811901000,80,3,그 밖의 종이와 판지,,1,2022-01-01
48119020,80,3,"셀룰로오스워딩, 셀룰로오스섬유의 웹(web)",,0,
4811902010,80,4,셀룰로오스워딩,,1,2002-01-01
4811902090,80,4,기타,,1,2002-01-01
4812,80,1,"제지용 펄프로 만든 필터블록, 필터슬래브, 필터플레이트",,0,
4812000000,80,2,"제지용 펄프로 만든 필터블록, 필터슬래브, 필터플레이트",,1,2013-01-01
4813,80,1,궐련지(적합한 크기로 절단하였는지 또는 소책자나 튜브 모양인지에 상관없다),,0,
4813100000,80,2,소책자 모양이나 튜브 모양인 것,,1,2013-01-01
4813200000,80,2,폭이 5센티미터 이하인 롤 모양인 것,,1,2013-01-01
4813900000,80,2,기타,,1,2002-01-01
4814,80,1,벽지와 이와 유사한 벽 피복재와 창용 투명지,,0,
481420,80,2,"벽지와 이와 유사한 벽 피복재[표면에 그레인한(grained) 것, 올록볼록한(embossed) 것, 착색한 것, 디자인 인쇄한 것, 그 밖의 모양으로 장식한 플라스틱층을 도포하거나 피복한 종이로 된 것으로 한정한다]",,0,
4814201000,80,3,벽지,,1,2002-01-01
4814209000,80,3,기타,,1,2002-01-01
481490,80,2,기타,,0,
48149010,80,3,벽지 및 이와 유사한 벽 피복재(지제의 표면에 조물재료를 피복한 것에 한하며 이들을 서로 평행히 연결하거나 직조한 것인지에 상관없다),,0,
4814901010,80,4,갈포섬유로 만든 것,,1,2013-01-01
4814901090,80,4,기타,,1,2007-01-01
4814909000,80,3,기타,,1,2007-01-01
4816,80,1,"카본지, 셀프복사지, 그 밖의 복사지나 전사지(제4809호의 것은 제외한다), 종이로 만든 등사원지와 오프셋 플레이트(offset plate)(상자에 든 것인지에 상관없다)",,0,
4816200000,80,2,셀프복사지,,1,2022-01-01
481690,80,2,기타,,0,
4816901000,80,3,전사지,,1,2002-01-01
48169020,80,3,감열기록지,,0,
4816902010,80,4,제곱미터당 중량이 65그램 이상인 것,,1,2015-01-01
4816902090,80,4,기타,,1,2009-01-01
4816903000,80,3,인쇄용 제판용지,,1,2002-01-01
4816904000,80,3,카본지나 이와 유사한 복사지,,1,2013-01-01
4816905000,80,3,등사원지,,1,2007-01-01
4816909000,80,3,기타,,1,2002-01-01
4817,80,1,"종이나 판지로 만든 봉투ㆍ봉함엽서ㆍ우편엽서ㆍ통신용 카드, 종이나 판지로 만든 상자ㆍ파우치ㆍ지갑ㆍ필기첩(안에 종이로 만든 문구류가 있는 것으로 한정한다)",,0,
4817100000,80,2,봉투,,1,2002-01-01
4817200000,80,2,봉함엽서ㆍ우편엽서ㆍ통신용카드,,1,2013-01-01
4817300000,80,2,종이나 판지로 만든 상자ㆍ파우치ㆍ지갑ㆍ필기첩(안에 종이로 만든 문구류가 있는 것으로 한정한다),,1,2013-01-01
4818,80,1,화장지와 이와 유사한 종이ㆍ셀롤로오스워딩ㆍ셀룰로오스섬유의 웹(web)(가정용이나 위생용으로 사용되는 것으로서 폭이 36센티미터 이하인 롤 모양이나 특정의 크기나 모양으로 절단한 것으로 한정한다)ㆍ손수건ㆍ클렌징티슈ㆍ타월ㆍ책상보ㆍ서비에트(serviette)ㆍ베드시트와 이와 유사한 가정용품ㆍ위생용품이나 병원용품ㆍ의류와 의류 부속품[제지용 펄프ㆍ종이ㆍ셀룰로오스워딩ㆍ셀룰로오스섬유의 웹(web)으로 만든 것으로 한정한다],,0,
4818100000,80,2,화장지,,1,2002-01-01
4818200000,80,2,손수건ㆍ클렌징티슈ㆍ안면용 화장지ㆍ타월,,1,2013-01-01
4818300000,80,2,책상보와 서비에트(serviette),,1,2013-01-01
4818500000,80,2,의류와 의류 부속품,,1,2013-01-01
4818900000,80,2,기타,,1,2002-01-01
4819,80,1,"종이ㆍ판지ㆍ셀룰로오스워딩ㆍ셀룰로오스섬유의 웹(web)으로 만든 상자ㆍ포장대ㆍ그 밖의 포장용기, 종이나 판지로 만든 서류상자ㆍ서류받침과 이와 유사한 물품(사무실ㆍ상점이나 이와 유사한 곳에서 사용하는 것으로 한정한다)",,0,
4819100000,80,2,상자류(골판지로 만든 것으로 한정한다),,1,2013-01-01
4819200000,80,2,접는 상자류(골판지로 만든 것은 제외한다),,1,2013-01-01
4819300000,80,2,폭이 40센티미터 이상인 포장대,,1,2002-01-01
4819400000,80,2,그 밖의 포장대[콘(cone)을 포함한다],,1,2013-01-01
481950,80,2,그 밖의 포장용기[레코드 슬리브(record sleeve)를 포함한다],,0,
4819501000,80,3,액체 포장에 적합한 것,,1,2013-01-01
4819509000,80,3,기타,,1,2002-01-01
4819600000,80,2,서류상자ㆍ서류받침ㆍ보관함과 이와 유사한 물품(사무실ㆍ상점이나 이와 유사한 곳에서 사용하는 것으로 한정한다),,1,2013-01-01
4820,80,1,"종이나 판지로 만든 장부ㆍ회계부ㆍ노트북ㆍ주문장ㆍ영수장ㆍ편지지철ㆍ메모철ㆍ일기장과 이와 유사한 물품ㆍ연습장ㆍ압지철(blotting-pad)ㆍ바인더[예: 루스리프(loose-leaf) 등]ㆍ폴더ㆍ서류철 표지ㆍ각종 사무용 양식ㆍ삽입식 카본세트와 그 밖의 문구류, 견본용이나 수집용 앨범과 책커버",,0,
4820100000,80,2,장부ㆍ회계부ㆍ노트북ㆍ주문장ㆍ영수장ㆍ편지지철ㆍ메모철ㆍ일기장과 이와 유사한 물품,,1,2013-01-01
4820200000,80,2,연습장,,1,2017-01-01
4820300000,80,2,바인더(책표지는 제외한다)ㆍ폴더ㆍ서류철 표지,,1,2013-01-01
4820400000,80,2,각종 사무용 양식과 삽입식 카본세트,,1,2002-01-01
4820500000,80,2,견본용이나 수집용 앨범,,1,2013-01-01
4820900000,80,2,기타,,1,2002-01-01
4821,80,1,종이나 판지로 만든 레이블(인쇄하였는지에 상관없다),,0,
4821100000,80,2,인쇄한 것,,1,2002-01-01
4821900000,80,2,기타,,1,2002-01-01
4822,80,1,제지용 펄프ㆍ종이ㆍ판지로 만든 보빈(bobbin)ㆍ스풀(spool)ㆍ콥(cop)과 이와 유사한 물품(구멍을 뚫은 것인지 또는 경화한 것인지에 상관없다),,0,
4822100000,80,2,방직용 섬유사를 감는 데에 사용하는 것,,1,2013-01-01
4822900000,80,2,기타,,1,2002-01-01
4823,80,1,"그 밖의 종이ㆍ판지ㆍ셀룰로오스워딩ㆍ셀룰로오스섬유의 웹(web)(특정한 크기나 모양으로 절단한 것으로 한정한다), 제지용 펄프ㆍ종이ㆍ판지ㆍ셀룰로오스워딩ㆍ셀룰로오스섬유의 웹(web)으로 만든 그 밖의 제품",,0,
4823200000,80,2,여과용 종이와 판지,,1,2013-01-01
4823400000,80,2,자동기록장치용으로 인쇄된 롤ㆍ시트(sheet)ㆍ다이얼,,1,2015-01-01
48236,80,2,종이나 판지로 만든 쟁반ㆍ접시ㆍ플레이트ㆍ컵과 이와 유사한 것,,0,
4823610000,80,3,대나무로 만든 것,,1,2013-01-01
4823690000,80,3,기타,,1,2007-01-01
4823700000,80,2,제지용 펄프로 만든 몰드ㆍ프레스한 제품,,1,2013-01-01
482390,80,2,기타,,0,
48239010,80,3,구멍을 뚫거나 그 밖의 방법으로 기록된 통계기계용ㆍ회계기계용 카드,,0,
4823901010,80,4,구멍을 뚫은 카드,,1,2013-01-01
4823901090,80,4,기타,,1,2002-01-01
4823902000,80,3,전기절연지,,1,2002-01-01
48239030,80,3,콘덴서지와 판지,,0,
482390301,80,4,폭이 15센티미터 초과 36센티미터 이하인 것으로서 1제곱미터당 중량이 150그램 이하인 도포하지 않은 크라프트지와 판지인 것(표백한 것으로서 롤 모양으로 한정한다),,0,
4823903011,80,5,종이나 판지를 기본 재료로 한 바닥깔개,,1,2013-01-01
4823903019,80,5,기타,,1,2007-01-01
482390302,80,4,"폭이 15센티미터 초과 36센티미터 이하인 것으로서 1제곱미터당 중량이 150그램 이하인 도포하지 않은 종이와 판지인 것(롤 모양으로 한정하며, 이 류의 주 제3호의 것 이상의 가공을 하지 않은 것으로 한정한다)",,0,
4823903021,80,5,종이나 판지를 기본 재료로 한 바닥깔개,,1,2013-01-01
4823903029,80,5,기타,,1,2007-01-01
4823903090,80,4,기타,,1,2002-01-01
4823905000,80,3,자카드(Jacquard) 직기용 구멍을 뚫은 종이,,1,2013-01-01
48239090,80,3,기타,,0,
482390901,80,4,"폭이 15센티미터 초과 36센티미터 이하인 도포하지 않은 여러 층의 종이와 판지로서 각 층을 표백한 것(롤 모양으로서, 이 류의 주 제3호의 것 이상의 가공을 하지 않은 것으로 한정한다)",,0,
4823909011,80,5,종이나 판지를 기본 재료로 한 바닥깔개,,1,2013-01-01
4823909019,80,5,기타,,1,2007-01-01
4823909090,80,4,기타,,1,2002-01-01
49,80,0,"제49류 인쇄서적ㆍ신문ㆍ회화ㆍ그 밖의 인쇄물, 수제(手製)문서ㆍ타자문서ㆍ도면",,0,
4901,80,1,인쇄서적ㆍ소책자ㆍ리플릿(leaflet)과 이와 유사한 인쇄물(단매인지에 상관없다),,0,
490110,80,2,단매인 것(접어 포갠 것인지에 상관없다),,0,
4901101000,80,3,국문판,,1,2002-01-01
4901109000,80,3,기타,,1,2002-01-01
49019,80,2,기타,,0,
490191,80,3,사전ㆍ백과사전과 이들의 분할 연속물,,0,
4901911000,80,4,국문판,,1,2002-01-01
4901919000,80,4,기타,,1,2002-01-01
490199,80,3,기타,,0,
4901991000,80,4,국문판,,1,2002-01-01
4901999000,80,4,기타,,1,2002-01-01
4902,80,1,신문ㆍ잡지ㆍ정기간행물(그림이나 광고 선전물이 있는지에 상관없다),,0,
490210,80,2,1주에 4회 이상 간행되는 것,,0,
49021010,80,3,국문판,,0,
4902101010,80,4,신문,,1,2002-01-01
4902101090,80,4,기타,,1,2002-01-01
4902109000,80,3,기타,,1,2002-01-01
490290,80,2,기타,,0,
49029010,80,3,국문판,,0,
4902901010,80,4,잡지,,1,2002-01-01
4902901090,80,4,기타,,1,2002-01-01
49029090,80,3,기타,,0,
4902909010,80,4,잡지,,1,2002-01-01
4902909090,80,4,기타,,1,2002-01-01
4903,80,1,아동용 그림책과 습화책,,0,
4903000000,80,2,아동용 그림책과 습화책,,1,2022-01-01
4904,80,1,악보[인쇄나 수제(手製)의 것으로서 제본되었는지 또는 그림이 있는지에 상관없다],,0,
4904000000,80,2,악보[인쇄나 수제(手製)의 것으로서 제본되었는지 또는 그림이 있는지에 상관없다],,1,2013-01-01
4905,80,1,"지도ㆍ해도나 이와 유사한 차트(제본한 것ㆍ벽걸이용의 것ㆍ지형도와 지구의를 포함하며, 인쇄한 것으로 한정한다)",,0,
490520,80,2,책자로 된 것,,0,
4905201000,80,3,지도와 해도,,1,2022-01-01
4905209000,80,3,기타,,1,2022-01-01
4905900000,80,2,기타,,1,2022-01-01
4906,80,1,"설계도와 도안[건축용ㆍ공학용ㆍ공업용ㆍ상업용ㆍ지형학용이나 이와 유사한 용도에 사용하는 것으로서 수제(手製) 원도(原圖)로 한정한다], 손으로 쓴 책자와 이들을 감광지에 사진복사ㆍ카본복사한 것",,0,
490600,80,2,"설계도와 도안[건축용ㆍ공학용ㆍ공업용ㆍ상업용ㆍ지형학용이나 이와 유사한 용도에 사용하는 것으로서 수제(手製) 원도(原圖)로 한정한다], 손으로 쓴 책자와 이들을 감광지에 사진복사ㆍ카본복사한 것",,0,
4906001000,80,3,설계도,,1,2002-01-01
4906002000,80,3,도안,,1,2002-01-01
4906009000,80,3,기타,,1,2002-01-01
4907,80,1,"사용하지 않은 우표ㆍ수입인지나 이와 유사한 물품(해당국에서 통용되거나 발행된 것으로서 액면가를 갖거나 가질 예정인 것으로 한정한다), 스탬프를 찍은 종이, 지폐, 수표, 주식ㆍ주권ㆍ채권과 이와 유사한 유가증권",,0,
490700,80,2,"사용하지 않은 우표ㆍ수입인지나 이와 유사한 물품(해당국에서 통용되거나 발행된 것으로서 액면가를 갖거나 가질 예정인 것으로 한정한다), 스탬프를 찍은 종이, 지폐, 수표, 주식ㆍ주권ㆍ채권과 이와 유사한 유가증권",,0,
4907001000,80,3,우표(사용되지 않은 것으로 한정한다),,1,2013-01-01
4907002000,80,3,항공화물증권,,1,2002-01-01
4907009000,80,3,기타,,1,2002-01-01
4908,80,1,전사지[디칼커매니어(decalcomania)],,0,
4908100000,80,2,전사지[디칼커매니어(decalcomania)]로서 유리화할 수 있는 것,,1,2013-01-01
490890,80,2,기타,,0,
4908901000,80,3,전사지[디칼커매니어(decalcomania)]로서 쿠션 플로어링 시트(sheet)용의 것,,1,2013-01-01
4908909000,80,3,기타,,1,2002-01-01
4909,80,1,"인쇄된 엽서와 그림엽서, 인쇄카드(인사용ㆍ전언용ㆍ안내용으로서 그림ㆍ봉투ㆍ장식이 있는지에 상관없다)",,0,
4909000000,80,2,"인쇄된 엽서와 그림엽서, 인쇄카드(인사용ㆍ전언용ㆍ안내용으로서 그림ㆍ봉투ㆍ장식이 있는지에 상관없다)",,1,2013-01-01
4910,80,1,캘린더(인쇄된 것으로서 캘린더 블록을 포함한다),,0,
491000,80,2,캘린더(인쇄된 것으로서 캘린더 블록을 포함한다),,0,
4910001000,80,3,종이나 판지로 만든 것,,1,2013-01-01
4910009000,80,3,기타,,1,2002-01-01
4911,80,1,그 밖의 인쇄물(인쇄된 서화와 사진을 포함한다),,0,
4911100000,80,2,광고 선전물ㆍ상업용 카탈로그(catalogue)와 이와 유사한 것,,1,2013-01-01
49119,80,2,기타,,0,
491191,80,3,서화ㆍ디자인ㆍ사진,,0,
4911911000,80,4,인쇄된 설계도와 도안,,1,2002-01-01
4911919000,80,4,기타,,1,2002-01-01
4911990000,80,3,기타,,1,2002-01-01
50,80,0,제50류 견,,0,
5001,80,1,누에고치(생사를 뽑는 데에 적합한 것으로 한정한다),,0,
5001000000,80,2,누에고치(생사를 뽑는 데에 적합한 것으로 한정한다),,1,2013-01-01
5002,80,1,생사(꼰 것은 제외한다),,0,
500200,80,2,생사(꼰 것은 제외한다),,0,
50020010,80,3,백잠사(white silk),,0,
5002001010,80,4,20데시텍스 이하인 것,,1,2002-01-01
5002001020,80,4,20데시텍스 초과 25.56데시텍스 이하인 것,,1,2017-01-01
5002001030,80,4,25.56데시텍스 초과 28.89데시텍스 이하인 것,,1,2017-01-01
5002001040,80,4,28.89데시텍스 초과 36.67데시텍스 이하인 것,,1,2017-01-01
5002001050,80,4,36.67데시텍스를 초과하는 것,,1,2002-01-01
5002002000,80,3,옥사(doupion silk),,1,2013-01-01
5002009000,80,3,기타,,1,2002-01-01
5003,80,1,"견 웨이스트(waste)[생사를 뽑는 데에 적합하지 않은 누에고치, 실 웨이스트(waste), 가닛스톡(garnetted stock)을 포함한다]",,0,
500300,80,2,"견 웨이스트(waste)[생사를 뽑는 데에 적합하지 않은 누에고치, 실 웨이스트(waste), 가닛스톡(garnetted stock)을 포함한다]",,0,
5003001000,80,3,카드(card)하지도 코움(comb)하지도 않은 것,,1,2014-01-01
5003009000,80,3,기타,,1,2014-01-01
5004,80,1,견사[견 웨이스트(waste)로 만든 견방사와 소매용은 제외한다],,0,
5004000000,80,2,견사[견 웨이스트(waste)로 만든 견방사와 소매용은 제외한다],,1,2013-01-01
5005,80,1,"견방사[견 웨이스트(waste)인 것으로 한정하며, 소매용은 제외한다]",,0,
5005000000,80,2,"견방사[견 웨이스트(waste)인 것으로 한정하며, 소매용은 제외한다]",,1,2022-01-01
5006,80,1,"견사ㆍ견방사(소매용으로 한정한다), 누에의 거트(gut)",,0,
5006000000,80,2,"견사ㆍ견방사(소매용으로 한정한다), 누에의 거트(gut)",,1,2022-01-01
5007,80,1,견직물[견 웨이스트(waste)의 것을 포함한다],,0,
5007100000,80,2,견 노일(noil) 직물,M2,1,2013-01-01
500720,80,2,그 밖의 직물[견이나 견 웨이스트(waste)의 함유량이 전 중량의 100분의 85 이상인 것으로 견 노일(noil)의 것은 제외한다],,0,
5007201000,80,3,생지견직물,M2,1,2002-01-01
50072020,80,3,순 견직물(생지견직물은 제외한다),,0,
5007202010,80,4,홀치기가공,M2,1,2002-01-01
5007202020,80,4,사틴,M2,1,2002-01-01
5007202030,80,4,크레이프 드 신(crepe de chine),M2,1,2022-01-01
5007202090,80,4,기타,M2,1,2002-01-01
5007209000,80,3,기타,M2,1,2002-01-01
500790,80,2,그 밖의 직물,,0,
5007901000,80,3,생지견직물,M2,1,2002-01-01
5007902000,80,3,아세테이트사와 혼방한 견직물,M2,1,2002-01-01
5007903000,80,3,그 밖의 인조섬유와 혼방한 견직물,M2,1,2013-01-01
5007904000,80,3,양모와 혼방한 견직물,M2,1,2002-01-01
5007909000,80,3,기타,M2,1,2002-01-01
51,80,0,제51류 양모ㆍ동물의 부드러운 털이나 거친 털ㆍ말의 털로 만든 실과 직물,,0,
5101,80,1,양모[카드(card)하지도 코움(comb)하지도 않은 것으로 한정한다],,0,
51011,80,2,그리지(greasy)[플리스와시한(fleece-washed) 양모를 포함한다],,0,
5101110000,80,3,깎은 양모,,1,2012-01-01
5101190000,80,3,기타,,1,2002-01-01
51012,80,2,탈지한 것(탄화처리한 것은 제외한다),,0,
5101210000,80,3,깎은 양모,,1,2012-01-01
5101290000,80,3,기타,,1,2002-01-01
5101300000,80,2,탄화처리한 것,,1,2002-01-01
5102,80,1,동물의 부드러운 털이나 거친 털[카드(card)하지도 코움(comb)하지도 않은 것으로 한정한다],,0,
51021,80,2,동물의 부드러운 털,,0,
5102110000,80,3,캐시미어 염소의 것,,1,2022-01-01
5102190000,80,3,기타,,1,2002-01-01
5102200000,80,2,동물의 거친 털,,1,2013-01-01
5103,80,1,"양모ㆍ동물의 부드러운 털이나 거친 털의 웨이스트(waste)[실의 웨이스트(waste)를 포함하며, 가닛스톡(garnetted stock)은 제외한다]",,0,
5103100000,80,2,양모나 동물의 부드러운 털의 노일(noil),,1,2013-01-01
5103200000,80,2,양모나 동물의 부드러운 털의 그 밖의 웨이스트(waste),,1,2013-01-01
5103300000,80,2,동물의 거친 털의 웨이스트(waste),,1,2013-01-01
5104,80,1,양모ㆍ동물의 부드러운 털이나 거친 털의 가닛스톡(garnetted stock),,0,
5104000000,80,2,양모ㆍ동물의 부드러운 털이나 거친 털의 가닛스톡(garnetted stock),,1,2013-01-01
5105,80,1,"양모ㆍ동물의 부드러운 털이나 거친 털[카드(card)하거나 코움(comb)한 것으로 한정하며, 코움(comb)한 단편 모양인 양모를 포함한다]",,0,
5105100000,80,2,카드(card)한 양모,,1,2013-01-01
51052,80,2,울톱과 그 밖의 코움(comb)한 양모,,0,
5105210000,80,3,코움(comb)한 양모(단편 모양으로 한정한다),,1,2013-01-01
5105290000,80,3,기타,,1,2014-01-01
51053,80,2,동물의 부드러운 털[카드(card)하거나 코움(comb)한 것으로 한정한다],,0,
5105310000,80,3,캐시미어 염소의 것,,1,2022-01-01
5105390000,80,3,기타,,1,2002-01-01
5105400000,80,2,동물의 거친 털[카드(card)하거나 코움(comb)한 것으로 한정한다],,1,2013-01-01
5106,80,1,카드(card)한 양모사(소매용은 제외한다),,0,
510610,80,2,양모의 함유량이 전 중량의 100분의 85 이상인 것,,0,
5106101000,80,3,순모의 것,,1,2002-01-01
5106109000,80,3,기타,,1,2002-01-01
510620,80,2,양모의 함유량이 전 중량의 100분의 85 미만인 것,,0,
5106201000,80,3,폴리에스테르섬유와 혼방한 것,,1,2002-01-01
5106202000,80,3,폴리아미드섬유와 혼방한 것,,1,2002-01-01
5106204000,80,3,그 밖의 합성섬유와 혼방한 것,,1,2013-01-01
5106209000,80,3,기타,,1,2002-01-01
5107,80,1,코움(comb)한 양모사(소매용은 제외한다),,0,
510710,80,2,양모의 함유량이 전 중량의 100분의 85 이상인 것,,0,
5107101000,80,3,순모의 것,,1,2002-01-01
5107102000,80,3,합성섬유와 혼방한 것,,1,2002-01-01
5107109000,80,3,그 밖의 섬유와 혼방한 것,,1,2013-01-01
510720,80,2,양모의 함유량이 전 중량의 100분의 85 미만인 것,,0,
5107201000,80,3,폴리에스테르섬유와 혼방한 것,,1,2002-01-01
5107202000,80,3,폴리아미드섬유와 혼방한 것,,1,2002-01-01
5107203000,80,3,아크릴섬유와 혼방한 것,,1,2002-01-01
5107209000,80,3,그 밖의 섬유와 혼방한 것,,1,2013-01-01
5108,80,1,"동물의 부드러운 털로 만든 실[카드(card)하거나 코움(comb)한 것으로 한정하며, 소매용은 제외한다]",,0,
5108100000,80,2,카드(card)한 것,,1,2013-01-01
5108200000,80,2,코움(comb)한 것,,1,2013-01-01
5109,80,1,양모사나 동물의 부드러운 털로 만든 실(소매용으로 한정한다),,0,
510910,80,2,양모나 동물의 부드러운 털의 함유량이 전 중량의 100분의 85 이상인 것,,0,
5109101000,80,3,양모사,,1,2002-01-01
5109109000,80,3,동물의 부드러운 털로 만든 실,,1,2013-01-01
510990,80,2,기타,,0,
5109901000,80,3,양모사,,1,2002-01-01
5109909000,80,3,동물의 부드러운 털로 만든 실,,1,2013-01-01
5110,80,1,"동물의 거친 털로 만든 실이나 말의 털로 만든 실[짐프한(gimped) 말의 털로 만든 실을 포함하며, 소매용인지에 상관없다]",,0,
5110000000,80,2,"동물의 거친 털로 만든 실이나 말의 털로 만든 실[짐프한(gimped) 말의 털로 만든 실을 포함하며, 소매용인지에 상관없다]",,1,2013-01-01
5111,80,1,직물[카드(card)한 양모나 동물의 부드러운 털로 만든 것으로 한정한다],,0,
51111,80,2,양모나 동물의 부드러운 털의 함유량이 전 중량의 100분의 85 이상인 것,,0,
511111,80,3,1제곱미터당 중량이 300그램 이하인 것,,0,
5111111000,80,4,양모로 만든 것,M2,1,2013-01-01
5111112000,80,4,동물의 부드러운 털의 실로 만든 것,M2,1,2013-01-01
511119,80,3,기타,,0,
5111191000,80,4,양모로 만든 것,M2,1,2013-01-01
5111192000,80,4,동물의 부드러운 털의 실로 만든 것,M2,1,2013-01-01
5111200000,80,2,기타(주로 인조필라멘트와 혼방한 것으로 한정한다),M2,1,2013-01-01
5111300000,80,2,기타(주로 인조스테이플섬유와 혼방한 것으로 한정한다),M2,1,2013-01-01
5111900000,80,2,기타,M2,1,2002-01-01
5112,80,1,직물[코움(comb)한 양모나 동물의 부드러운 털로 만든 것으로 한정한다],,0,
51121,80,2,양모나 동물의 부드러운 털의 함유량이 전 중량의 100분의 85 이상인 것,,0,
511211,80,3,1제곱미터당 중량이 200그램 이하인 것,,0,
5112111000,80,4,양모로 만든 것,M2,1,2013-01-01
5112112000,80,4,동물의 부드러운 털의 실로 만든 것,M2,1,2013-01-01
511219,80,3,기타,,0,
5112191000,80,4,양모로 만든 것,M2,1,2013-01-01
5112192000,80,4,동물의 부드러운 털의 실로 만든 것,M2,1,2013-01-01
5112200000,80,2,기타(주로 인조필라멘트와 혼방한 것으로 한정한다),M2,1,2013-01-01
5112300000,80,2,기타(주로 인조스테이플섬유와 혼방한 것으로 한정한다),M2,1,2013-01-01
5112900000,80,2,기타,M2,1,2002-01-01
5113,80,1,직물(동물의 거친 털이나 말의 털의 것으로 한정한다),,0,
5113000000,80,2,직물(동물의 거친 털이나 말의 털의 것으로 한정한다),M2,1,2013-01-01
52,80,0,제52류 면,,0,
5201,80,1,면[카드(card)하지도 코움(comb)하지도 않은 것으로 한정한다],,0,
520100,80,2,면[카드(card)하지도 코움(comb)하지도 않은 것으로 한정한다],,0,
5201001000,80,3,실면(實綿),,1,2013-01-01
52010090,80,3,기타,,0,
5201009010,80,4,섬유 길이가 23.2밀리미터 미만인 것,,1,2013-01-01
5201009020,80,4,섬유 길이가 23.2밀리미터 이상 25.4밀리미터 미만인 것,,1,2013-01-01
5201009030,80,4,섬유 길이가 25.4밀리미터 이상 28.5밀리미터 미만인 것,,1,2013-01-01
5201009050,80,4,섬유 길이가 28.5밀리미터 이상 34.9밀리미터 미만인 것,,1,2013-01-01
5201009060,80,4,섬유 길이가 34.9밀리미터 이상인 것,,1,2013-01-01
5202,80,1,면 웨이스트(waste)[실 웨이스트(waste)와 가닛스톡(garnetted stock)을 포함한다],,0,
5202100000,80,2,실(yarn)의 웨이스트(waste)[실(thread)의 웨이스트(waste)를 포함한다],,1,2013-01-01
52029,80,2,기타,,0,
5202910000,80,3,가닛스톡(garnetted stock),,1,2013-01-01
5202990000,80,3,기타,,1,2002-01-01
5203,80,1,면[카드(card)하거나 코움(comb)한 것으로 한정한다],,0,
5203000000,80,2,면[카드(card)하거나 코움(comb)한 것으로 한정한다],,1,2013-01-01
5204,80,1,면 재봉사(소매용인지에 상관없다),,0,
52041,80,2,소매용이 아닌 것,,0,
5204110000,80,3,면의 함유량이 전 중량의 100분의 85 이상인 것,,1,2013-01-01
5204190000,80,3,기타,,1,2002-01-01
5204200000,80,2,소매용,,1,2013-01-01
5205,80,1,"면사(면의 함유량이 전 중량의 100분의 85 이상인 것으로 한정하며, 재봉사와 소매용은 제외한다)",,0,
52051,80,2,단사[코움(comb)하지 않은 섬유의 것으로 한정한다],,0,
520511,80,3,714.29데시텍스 이상인 것(미터식 번수 14수 이하),,0,
5205111000,80,4,표백하지 않거나 머서(mercer)처리하지 않은 것,,1,2017-01-01
5205119000,80,4,기타,,1,2002-01-01
520512,80,3,714.29데시텍스 미만 232.56데시텍스 이상인 것(미터식 번수 14수 초과 43수 이하),,0,
52051210,80,4,표백하지 않거나 머서(mercer)처리하지 않은 것,,0,
5205121010,80,5,"370.37데시텍스 이하 232.56데시텍스 이상(미터식 번수 27수 이상 43수 이하)인 것. 다만, 오픈ㆍ엔드사(open end yarn)는 제외한다.",,1,2013-01-01
5205121090,80,5,기타,,1,2007-01-01
5205129000,80,4,기타,,1,2002-01-01
520513,80,3,232.56데시텍스 미만 192.31데시텍스 이상인 것(미터식 번수 43수 초과 52수 이하),,0,
5205131000,80,4,표백하지 않거나 머서(mercer)처리하지 않은 것,,1,2017-01-01
5205139000,80,4,기타,,1,2002-01-01
520514,80,3,192.31데시텍스 미만 125데시텍스 이상인 것(미터식 번수 52수 초과 80수 이하),,0,
5205141000,80,4,표백하지 않거나 머서(mercer)처리하지 않은 것,,1,2017-01-01
5205149000,80,4,기타,,1,2002-01-01
5205150000,80,3,125데시텍스 미만인 것(미터식 번수 80수 초과),,1,2022-01-01
52052,80,2,단사[코움(comb)한 섬유의 것으로 한정한다],,0,
5205210000,80,3,714.29데시텍스 이상인 것(미터식 번수 14수 이하),,1,2022-01-01
520522,80,3,714.29데시텍스 미만 232.56데시텍스 이상인 것(미터식 번수 14수 초과 43수 이하),,0,
5205221000,80,4,표백하지 않거나 머서(mercer)처리하지 않은 것,,1,2017-01-01
5205229000,80,4,기타,,1,2002-01-01
520523,80,3,232.56데시텍스 미만 192.31데시텍스 이상인 것(미터식 번수 43수 초과 52수 이하),,0,
5205231000,80,4,표백하지 않거나 머서(mercer)처리하지 않은 것,,1,2017-01-01
5205239000,80,4,기타,,1,2002-01-01
520524,80,3,192.31데시텍스 미만 125데시텍스 이상인 것(미터식 번수 52수 초과 80수 이하),,0,
5205241000,80,4,표백하지 않거나 머서(mercer)처리하지 않은 것,,1,2017-01-01
5205249000,80,4,기타,,1,2002-01-01
5205260000,80,3,125데시텍스 미만 106.38데시텍스 이상인 것(미터식 번수 80수 초과 94수 이하),,1,2022-01-01
5205270000,80,3,106.38데시텍스 미만 83.33데시텍스 이상인 것(미터식 번수 94수 초과 120수 이하),,1,2022-01-01
5205280000,80,3,83.33 데시텍스 미만인 것(미터식 번수 120수 초과),,1,2022-01-01
52053,80,2,복합사(연합사)나 케이블사[코움(comb)하지 않은 섬유의 것으로 한정한다],,0,
5205310000,80,3,구성하는 단사가 714.29데시텍스 이상인 것(단사당 미터식 번수 14수 이하),,1,2022-01-01
520532,80,3,구성하는 단사가 714.29데시텍스 미만 232.56데시텍스 이상인 것(단사당 미터식 번수 14수 초과 43수 이하),,0,
52053210,80,4,표백하지 않거나 머서(mercer)처리하지 않은 것,,0,
5205321010,80,5,"370.37데시텍스 이하 232.56데시텍스 이상(미터식 번수 27수 이상 43수 이하)인 것. 다만, 오픈ㆍ엔드사(open end yarn)는 제외한다.",,1,2013-01-01
5205321090,80,5,기타,,1,2007-01-01
5205329000,80,4,기타,,1,2002-01-01
5205330000,80,3,구성하는 단사가 232.56데시텍스 미만 192.31데시텍스 이상인 것(단사당 미터식 번수 43수 초과 52수 이하),,1,2022-01-01
5205340000,80,3,구성하는 단사가 192.31데시텍스 미만 125데시텍스 이상인 것(단사당 미터식 번수 52수 초과 80수 이하),,1,2022-01-01
5205350000,80,3,구성하는 단사가 125데시텍스 미만인 것(단사당 미터식 번수 80수 초과),,1,2022-01-01
52054,80,2,복합사(연합사)나 케이블사[코움(comb)한 섬유의 것으로 한정한다],,0,
5205410000,80,3,구성하는 단사가 714.29데시텍스 이상인 것(단사당 미터식 번수 14수 이하),,1,2022-01-01
5205420000,80,3,구성하는 단사가 714.29데시텍스 미만 232.56데시텍스 이상인 것(단사당 미터식 번수 14수 초과 43수 이하),,1,2022-01-01
5205430000,80,3,구성하는 단사가 232.56데시텍스 미만 192.31데시텍스 이상인 것(단사당 미터식 번수 43수 초과 52수 이하),,1,2022-01-01
5205440000,80,3,구성하는 단사가 192.31데시텍스 미만 125데시텍스 이상인 것(단사당 미터식 번수 52수 초과 80수 이하),,1,2022-01-01
5205460000,80,3,구성하는 단사가 125데시텍스 미만 106.38데시텍스 이상인 것(단사당 미터식 번수 80수 초과 94수 이하),,1,2022-01-01
5205470000,80,3,구성하는 단사가 106.38데시텍스 미만 83.33데시텍스 이상인 것(단사당 미터식 번수 94수 초과 120수 이하),,1,2022-01-01
5205480000,80,3,구성하는 단사가 83.33데시텍스 미만인 것(단사당 미터식 번수 120수 초과),,1,2022-01-01
5206,80,1,"면사(면의 함유량이 전 중량의 100분의 85 미만인 것으로 한정하며, 재봉사와 소매용은 제외한다)",,0,
52061,80,2,단사[코움(comb)하지 않은 섬유의 것으로 한정한다],,0,
520611,80,3,714.29데시텍스 이상인 것(미터식 번수 14수 이하),,0,
5206111000,80,4,표백하지 않거나 머서(mercer)처리하지 않은 것,,1,2017-01-01
5206119000,80,4,기타,,1,2002-01-01
520612,80,3,714.29데시텍스 미만 232.56데시텍스 이상인 것(미터식 번수 14수 초과 43수 이하),,0,
5206121000,80,4,표백하지 않거나 머서(mercer)처리하지 않은 것,,1,2017-01-01
5206129000,80,4,기타,,1,2002-01-01
5206130000,80,3,232.56데시텍스 미만 192.31데시텍스 이상인 것(미터식 번수 43수 초과 52수 이하),,1,2022-01-01
5206140000,80,3,192.31데시텍스 미만 125데시텍스 이상인 것(미터식 번수 52수 초과 80수 이하),,1,2022-01-01
5206150000,80,3,125데시텍스 미만인 것(미터식 번수 80수 초과),,1,2022-01-01
52062,80,2,단사[코움(comb)한 섬유의 것으로 한정한다],,0,
5206210000,80,3,714.29데시텍스 이상인 것(미터식 번수 14수 이하),,1,2022-01-01
520622,80,3,714.29데시텍스 미만 232.56데시텍스 이상인 것(미터식 번수 14수 초과 43수 이하),,0,
5206221000,80,4,표백하지 않거나 머서(mercer)처리하지 않은 것,,1,2017-01-01
5206229000,80,4,기타,,1,2002-01-01
520623,80,3,232.56데시텍스 미만 192.31데시텍스 이상인 것(미터식 번수 43수 초과 52수 이하),,0,
5206231000,80,4,표백하지 않거나 머서(mercer)처리하지 않은 것,,1,2017-01-01
5206239000,80,4,기타,,1,2002-01-01
520624,80,3,192.31데시텍스 미만 125데시텍스 이상인 것(미터식 번수 52수 초과 80수 이하),,0,
5206241000,80,4,표백하지 않거나 머서(mercer)처리하지 않은 것,,1,2017-01-01
5206249000,80,4,기타,,1,2002-01-01
5206250000,80,3,125데시텍스 미만인 것(미터식 번수 80수 초과),,1,2022-01-01
52063,80,2,복합사(연합사)나 케이블사[코움(comb)하지 않은 섬유의 것으로 한정한다],,0,
5206310000,80,3,구성하는 단사가 714.29데시텍스 이상인 것(단사당 미터식 번수 14수 이하),,1,2022-01-01
5206320000,80,3,구성하는 단사가 714.29데시텍스 미만 232.56데시텍스 이상인 것(단사당 미터식 번수 14수 초과 43수 이하),,1,2022-01-01
5206330000,80,3,구성하는 단사가 232.56데시텍스 미만 192.31데시텍스 이상인 것(단사당 미터식 번수 43수 초과 52수 이하),,1,2022-01-01
5206340000,80,3,구성하는 단사가 192.31데시텍스 미만 125데시텍스 이상인 것(단사당 미터식 번수 52수 초과 80수 이하),,1,2022-01-01
5206350000,80,3,구성하는 단사가 125데시텍스 미만인 것(미터식 번수 80수 초과),,1,2022-01-01
52064,80,2,복합사(연합사)나 케이블사[코움(comb)한 섬유의 것으로 한정한다],,0,
5206410000,80,3,구성하는 단사가 714.29데시텍스 이상인 것(단사당 미터식 번수 14수 이하),,1,2022-01-01
5206420000,80,3,구성하는 단사가 714.29데시텍스 미만 232.56데시텍스 이상인 것(단사당 미터식 번수 14수 초과 43수 이하),,1,2022-01-01
5206430000,80,3,구성하는 단사가 232.56데시텍스 미만 192.31데시텍스 이상인 것(단사당 미터식 번수 43수 초과 52수 이하),,1,2022-01-01
5206440000,80,3,구성하는 단사가 192.31데시텍스 미만 125데시텍스 이상인 것(단사당 미터식 번수 52수 초과 80수 이하),,1,2022-01-01
5206450000,80,3,구성하는 단사가 125데시텍스 미만인 것(단사당 미터식 번수 80수 초과),,1,2022-01-01
5207,80,1,면사(재봉사는 제외하며 소매용으로 한정한다),,0,
5207100000,80,2,면의 함유량이 전 중량의 100분의 85 이상인 것,,1,2022-01-01
5207900000,80,2,기타,,1,2022-01-01
5208,80,1,면직물(면의 함유량이 전 중량의 100분의 85 이상인 것으로서 1제곱미터당 중량이 200그램 이하인 것으로 한정한다),,0,
52081,80,2,표백하지 않은 것,,0,
5208110000,80,3,평직물(平織物)(1제곱미터당 중량이 100그램 이하인 것으로 한정한다),M2,1,2013-01-01
5208120000,80,3,평직물(平織物)(1제곱미터당 중량이 100그램 초과인 것으로 한정한다),M2,1,2013-01-01
5208130000,80,3,3올이나 4올의 능직물(綾織物)[파사문직(破斜文織)의 것을 포함한다],M2,1,2013-01-01
5208190000,80,3,그 밖의 직물의 것,M2,1,2013-01-01
52082,80,2,표백한 것,,0,
5208210000,80,3,평직물(平織物)(1제곱미터당 중량이 100그램 이하인 것으로 한정한다),M2,1,2013-01-01
5208220000,80,3,평직물(平織物)(1제곱미터당 중량이 100그램 초과인 것으로 한정한다),M2,1,2013-01-01
5208230000,80,3,3올이나 4올의 능직물(綾織物)[파사문직(破斜文織)의 것을 포함한다],M2,1,2013-01-01
5208290000,80,3,그 밖의 직물의 것,M2,1,2013-01-01
52083,80,2,염색한 것,,0,
5208310000,80,3,평직물(平織物)(1제곱미터당 중량이 100그램 이하인 것으로 한정한다),M2,1,2013-01-01
5208320000,80,3,평직물(平織物)(1제곱미터당 중량이 100그램 초과인 것으로 한정한다),M2,1,2013-01-01
5208330000,80,3,3올이나 4올의 능직물(綾織物)[파사문직(破斜文織)의 것을 포함한다],M2,1,2013-01-01
5208390000,80,3,그 밖의 직물,M2,1,2013-01-01
52084,80,2,서로 다른 색실로 된 것,,0,
5208410000,80,3,평직물(平織物)(1제곱미터당 중량이 100그램 이하인 것으로 한정한다),M2,1,2013-01-01
5208420000,80,3,평직물(平織物)(1제곱미터당 중량이 100그램 초과인 것으로 한정한다),M2,1,2013-01-01
5208430000,80,3,3올이나 4올의 능직물(綾織物)[파사문직(破斜文織)의 것을 포함한다],M2,1,2013-01-01
5208490000,80,3,그 밖의 직물,M2,1,2013-01-01
52085,80,2,날염한 것,,0,
5208510000,80,3,평직물(平織物)(1제곱미터당 중량이 100그램 이하인 것으로 한정한다),M2,1,2013-01-01
5208520000,80,3,평직물(平織物)(1제곱미터당 중량이 100그램 초과인 것으로 한정한다),M2,1,2013-01-01
520859,80,3,그 밖의 직물,,0,
5208591000,80,4,3올이나 4올의 능직물(綾織物)[파사문직(破斜文織)의 것을 포함한다],M2,1,2013-01-01
5208599000,80,4,기타,M2,1,2007-01-01
5209,80,1,면직물(면의 함유량이 전 중량의 100분의 85 이상인 것으로서 1제곱미터당 중량이 200그램을 초과하는 것으로 한정한다),,0,
52091,80,2,표백하지 않은 것,,0,
5209110000,80,3,평직물(平織物),M2,1,2013-01-01
5209120000,80,3,3올이나 4올의 능직물(綾織物)[파사문직(破斜文織)의 것을 포함한다],M2,1,2013-01-01
5209190000,80,3,그 밖의 직물,M2,1,2013-01-01
52092,80,2,표백한 것,,0,
5209210000,80,3,평직물(平織物),M2,1,2013-01-01
5209220000,80,3,3올이나 4올의 능직물(綾織物)[파사문직(破斜文織)의 것을 포함한다],M2,1,2013-01-01
5209290000,80,3,그 밖의 직물,M2,1,2013-01-01
52093,80,2,염색한 것,,0,
5209310000,80,3,평직물(平織物),M2,1,2013-01-01
5209320000,80,3,3올이나 4올의 능직물(綾織物)[파사문직(破斜文織)의 것을 포함한다],M2,1,2013-01-01
5209390000,80,3,그 밖의 직물,M2,1,2013-01-01
52094,80,2,서로 다른 색실로 된 것,,0,
5209410000,80,3,평직물(平織物),M2,1,2013-01-01
5209420000,80,3,데님(denim),M2,1,2013-01-01
5209430000,80,3,3올이나 4올의 그 밖의 능직물(綾織物)[파사문직(破斜文織)의 것을 포함한다],M2,1,2013-01-01
5209490000,80,3,그 밖의 직물,M2,1,2013-01-01
52095,80,2,날염한 것,,0,
5209510000,80,3,평직물(平織物),M2,1,2013-01-01
5209520000,80,3,3올이나 4올의 능직물(綾織物)[파사문직(破斜文織)의 것을 포함한다],M2,1,2013-01-01
5209590000,80,3,그 밖의 직물,M2,1,2013-01-01
5210,80,1,면직물(면의 함유량이 전 중량의 100분의 85 미만이고 주로 인조섬유와 혼방한 것으로서 1제곱미터당 중량이 200그램 이하인 것으로 한정한다),,0,
52101,80,2,표백하지 않은 것,,0,
5210110000,80,3,평직물(平織物),M2,1,2013-01-01
5210190000,80,3,그 밖의 직물,M2,1,2022-01-01
52102,80,2,표백한 것,,0,
5210210000,80,3,평직물(平織物),M2,1,2013-01-01
5210290000,80,3,그 밖의 직물,M2,1,2022-01-01
52103,80,2,염색한 것,,0,
5210310000,80,3,평직물(平織物),M2,1,2013-01-01
5210320000,80,3,3올이나 4올의 능직물(綾織物)[파사문직(破斜文織)의 것을 포함한다],M2,1,2013-01-01
5210390000,80,3,그 밖의 직물,M2,1,2013-01-01
52104,80,2,서로 다른 색실로 된 것,,0,
5210410000,80,3,평직물(平織物),M2,1,2013-01-01
5210490000,80,3,그 밖의 직물,M2,1,2022-01-01
52105,80,2,날염한 것,,0,
5210510000,80,3,평직물(平織物),M2,1,2013-01-01
5210590000,80,3,그 밖의 직물,M2,1,2013-01-01
5211,80,1,면직물(면의 함유량이 전 중량의 100분의 85 미만이고 주로 인조섬유와 혼방한 것으로서 1제곱미터당 중량이 200그램을 초과하는 것으로 한정한다),,0,
52111,80,2,표백하지 않은 것,,0,
5211110000,80,3,평직물(平織物),M2,1,2013-01-01
5211120000,80,3,3올이나 4올의 능직물(綾織物)[파사문직(破斜文織)의 것을 포함한다],M2,1,2013-01-01
5211190000,80,3,그 밖의 직물,M2,1,2013-01-01
5211200000,80,2,표백한 것,M2,1,2007-01-01
52113,80,2,염색한 것,,0,
5211310000,80,3,평직물(平織物),M2,1,2013-01-01
5211320000,80,3,3올이나 4올의 능직물(綾織物)[파사문직(破斜文織)의 것을 포함한다],M2,1,2013-01-01
5211390000,80,3,그 밖의 직물,M2,1,2013-01-01
52114,80,2,서로 다른 색실로 된 것,,0,
5211410000,80,3,평직물(平織物),M2,1,2013-01-01
5211420000,80,3,데님(denim),M2,1,2013-01-01
5211430000,80,3,3올이나 4올의 그 밖의 능직물(綾織物)[파사문직(破斜文織)의 것을 포함한다],M2,1,2015-01-01
5211490000,80,3,그 밖의 직물,M2,1,2013-01-01
52115,80,2,날염한 것,,0,
5211510000,80,3,평직물(平織物),M2,1,2013-01-01
5211520000,80,3,3올이나 4올의 능직물(綾織物)[파사문직(破斜文織)의 것을 포함한다],M2,1,2013-01-01
5211590000,80,3,그 밖의 직물,M2,1,2013-01-01
5212,80,1,그 밖의 면직물,,0,
52121,80,2,1제곱미터당 중량이 200그램 이하인 것,,0,
5212110000,80,3,표백하지 않은 것,M2,1,2013-01-01
5212120000,80,3,표백한 것,M2,1,2002-01-01
5212130000,80,3,염색한 것,M2,1,2002-01-01
5212140000,80,3,서로 다른 색실로 된 것,M2,1,2013-01-01
5212150000,80,3,날염한 것,M2,1,2002-01-01
52122,80,2,1제곱미터당 중량이 200그램 초과인 것,,0,
5212210000,80,3,표백하지 않은 것,M2,1,2013-01-01
5212220000,80,3,표백한 것,M2,1,2002-01-01
5212230000,80,3,염색한 것,M2,1,2002-01-01
5212240000,80,3,서로 다른 색실로 된 것,M2,1,2013-01-01
5212250000,80,3,날염한 것,M2,1,2002-01-01
53,80,0,"제53류 그 밖의 식물성 방직용 섬유, 종이실(paper yarn)과 종이실로 만든 직물",,0,
5301,80,1,"아마(생것이거나 가공은 하였으나 방적하지 않은 것으로 한정한다), 아마의 토우(tow)와 웨이스트(waste)[실의 웨이스트(waste)와 가닛스톡(garnetted stock)을 포함한다]",,0,
5301100000,80,2,생아마나 침지(沈漬)아마,,1,2013-01-01
53012,80,2,줄기를 으깨거나(broken) 두드리거나(scutched) 훑어 내리거나(hackled) 그 밖의 방법으로 가공한 아마(방적한 것은 제외한다),,0,
5301210000,80,3,줄기를 으깨거나(broken) 두드린(scutched) 것,,1,2013-01-01
5301290000,80,3,기타,,1,2002-01-01
530130,80,2,아마의 토우(tow)와 웨이스트(waste),,0,
5301301000,80,3,아마의 토우(tow),,1,2013-01-01
5301302000,80,3,아마의 웨이스트(waste),,1,2013-01-01
5302,80,1,"대마(생것이거나 가공은 하였으나 방적하지 않은 것으로 한정한다), 대마의 토우(tow)와 웨이스트(waste)[실의 웨이스트(waste)와 가닛스톡(garnetted stock)을 포함한다]",,0,
5302100000,80,2,생대마나 침지(沈漬)대마,,1,2013-01-01
530290,80,2,기타,,0,
5302901000,80,3,줄기를 으깨거나(broken) 두드리거나(scutched) 훑어내리거나(hackled) 그 밖의 방법으로 가공한 대마(방적한 것은 제외한다),,1,2013-01-01
53029020,80,3,대마의 토우(tow)와 웨이스트(waste),,0,
5302902010,80,4,대마의 토우(tow),,1,2013-01-01
5302902020,80,4,대마의 웨이스트(waste),,1,2013-01-01
5303,80,1,"황마와 그 밖의 방직용 인피(靭皮)섬유[아마ㆍ대마ㆍ라미(ramie)는 제외하며, 생것이거나 가공은 하였으나 방적하지 않은 것으로 한정한다], 이들 섬유의 토우(tow)와 웨이스트(waste)[실의 웨이스트(waste)와 가닛스톡(garnetted stock)을 포함한다]",,0,
530310,80,2,황마와 그 밖의 방직용 인피(靭皮)섬유[생것이나 침지(沈漬)한 것으로 한정한다],,0,
5303101000,80,3,황마,,1,2002-01-01
5303102000,80,3,그 밖의 방직용 인피(靭皮)섬유,,1,2013-01-01
530390,80,2,기타,,0,
53039010,80,3,줄기를 으깨거나(broken) 두드리거나(scutched) 훑어내리거나(hackled)그 밖의 방법으로 가공한 황마와 그 밖의 방직용 인피(靭皮)섬유(방적한 것은 제외한다),,0,
5303901010,80,4,황마,,1,2002-01-01
5303901090,80,4,그 밖의 방직용 인피(靭皮)섬유,,1,2013-01-01
53039090,80,3,기타,,0,
5303909010,80,4,황마의 토우(tow)와 웨이스트(waste),,1,2013-01-01
5303909090,80,4,그 밖의 방직용 인피(靭皮)섬유의 토우(tow)와 웨이스트(waste),,1,2013-01-01
5305,80,1,"코코넛ㆍ아바카(마닐라마)ㆍ라미(ramie)와 그 밖의 식물성 방직용 섬유(따로 분류되지 않은 것으로 한정하며, 생것이거나 가공은 하였으나 방적하지 않은 것으로 한정한다), 이들의 토우(tow)ㆍ노일(noil)ㆍ웨이스트(waste)[실의 웨이스트(waste)와 가닛스톡(garnetted stock)을 포함한다]",,0,
530500,80,2,"코코넛ㆍ아바카(마닐라마)ㆍ라미(ramie)와 그 밖의 식물성 방직용 섬유(따로 분류되지 않은 것으로 한정하며, 생것이거나 가공은 하였으나 방적하지 않은 것으로 한정한다), 이들의 토우(tow)ㆍ노일(noil)ㆍ웨이스트(waste)[실의 웨이스트(waste)와 가닛스톡(garnetted stock)을 포함한다]",,0,
5305001000,80,3,코코넛[코이어(coir)]의 것,,1,2014-01-01
5305002000,80,3,아바카(마닐라마)의 것,,1,2022-01-01
5305003000,80,3,사이잘(sisal)마와 아가베(Agave)속의 것,,1,2017-01-01
5305009000,80,3,기타,,1,2014-01-01
5306,80,1,아마사,,0,
530610,80,2,단사,,0,
5306101000,80,3,순아마사,,1,2002-01-01
5306102000,80,3,혼방아마사,,1,2002-01-01
530620,80,2,복합사(연합사)나 케이블사,,0,
5306201000,80,3,순아마사,,1,2002-01-01
5306202000,80,3,혼방아마사,,1,2002-01-01
5307,80,1,제5303호의 황마나 그 밖의 방직용 인피(靭皮)섬유사,,0,
530710,80,2,단사,,0,
5307101000,80,3,황마사,,1,2002-01-01
5307109000,80,3,기타,,1,2002-01-01
530720,80,2,복합사(연합사)나 케이블사,,0,
5307201000,80,3,황마사,,1,2002-01-01
5307209000,80,3,기타,,1,2002-01-01
5308,80,1,그 밖의 식물성 섬유사와 종이실(paper yarn),,0,
5308100000,80,2,코이어(coir)사,,1,2013-01-01
5308200000,80,2,대마사,,1,2002-01-01
530890,80,2,기타,,0,
5308901000,80,3,라미(ramie)사,,1,2013-01-01
5308909000,80,3,기타,,1,2002-01-01
5309,80,1,아마직물,,0,
53091,80,2,아마의 함유량이 전 중량의 100분의 85 이상인 것,,0,
5309110000,80,3,표백하지 않은 것이나 표백한 것,M2,1,2013-01-01
5309190000,80,3,기타,M2,1,2002-01-01
53092,80,2,아마의 함유량이 전 중량의 100분의 85 미만인 것,,0,
5309210000,80,3,표백하지 않은 것이나 표백한 것,M2,1,2013-01-01
5309290000,80,3,기타,M2,1,2002-01-01
5310,80,1,제5303호의 황마나 그 밖의 방직용 인피(靭皮)섬유의 직물,,0,
5310100000,80,2,표백하지 않은 것,M2,1,2022-01-01
5310900000,80,2,기타,M2,1,2022-01-01
5311,80,1,그 밖의 식물성 방직용 섬유의 직물과 종이실(paper yarn)의 직물,,0,
531100,80,2,그 밖의 식물성 방직용 섬유의 직물과 종이실(paper yarn)의 직물,,0,
5311001000,80,3,라미(ramie)의 것,M2,1,2013-01-01
5311002000,80,3,대마의 것,M2,1,2002-01-01
5311009000,80,3,기타,M2,1,2002-01-01
54,80,0,"제54류 인조필라멘트, 인조방직용 섬유재료의 스트립(strip)과 이와 유사한 것",,0,
5401,80,1,인조필라멘트의 재봉사(소매용인지에 상관없다),,0,
540110,80,2,합성필라멘트의 것,,0,
5401101000,80,3,나일론이나 기타 폴리아미드의 것,,1,2013-01-01
5401102000,80,3,폴리에스테르의 것,,1,2002-01-01
5401109000,80,3,기타,,1,2002-01-01
540120,80,2,재생ㆍ반(半)합성 필라멘트의 것,,0,
5401201000,80,3,비스코스 레이온의 것,,1,2002-01-01
5401209000,80,3,기타,,1,2002-01-01
5402,80,1,"합성필라멘트사(재봉사와 소매용은 제외하며, 67데시텍스 미만인 합성모노필라멘트를 포함한다)",,0,
54021,80,2,"강력사[나일론이나 그 밖의 폴리아미드의 것으로 한정하며, 텍스처화한(textured) 것인지에 상관없다]",,0,
5402110000,80,3,아라미드의 것,,1,2007-01-01
540219,80,3,기타,,0,
54021910,80,4,나일론의 것,,0,
540219101,80,5,나일론 6의 것,,0,
5402191011,80,6,타이어 코드사,,1,2009-01-01
5402191012,80,6,어망사,,1,2009-01-01
5402191019,80,6,기타,,1,2009-01-01
540219102,80,5,나일론 66의 것,,0,
5402191021,80,6,타이어 코드사,,1,2009-01-01
5402191029,80,6,기타,,1,2009-01-01
5402191090,80,5,기타,,1,2009-01-01
5402199000,80,4,기타,,1,2009-01-01
5402200000,80,2,"강력사[폴리에스테르의 것으로 한정하며, 텍스처화한(textured) 것인지에 상관없다]",,1,2017-01-01
54023,80,2,텍스처드사,,0,
540231,80,3,나일론이나 그 밖의 폴리아미드의 것(구성하는 단사가 50텍스 이하인 것으로 한정한다),,0,
54023110,80,4,나일론의 것,,0,
5402311010,80,5,나일론 6의 것,,1,2009-01-01
5402311020,80,5,나일론 66의 것,,1,2009-01-01
5402311090,80,5,기타,,1,2009-01-01
5402319000,80,4,기타,,1,2009-01-01
540232,80,3,나일론이나 그 밖의 폴리아미드의 것(구성하는 단사가 50텍스 초과인 것으로 한정한다),,0,
54023210,80,4,나일론의 것,,0,
5402321010,80,5,나일론 6의 것,,1,2009-01-01
5402321020,80,5,나일론 66의 것,,1,2009-01-01
5402321090,80,5,기타,,1,2009-01-01
5402329000,80,4,기타,,1,2009-01-01
540233,80,3,폴리에스테르의 것,,0,
5402331000,80,4,폴리 트리메틸렌 테레프탈레이트의 것,,1,2009-01-01
5402339000,80,4,기타,,1,2009-01-01
5402340000,80,3,폴리프로필렌의 것,,1,2007-01-01
5402390000,80,3,기타,,1,2002-01-01
54024,80,2,그 밖의 실(단사로서 꼬임이 없거나 미터당 50회 이하의 꼬임의 것으로 한정한다),,0,
5402440000,80,3,탄성사,,1,2007-01-01
540245,80,3,기타(나일론이나 그 밖의 폴리아미드의 것으로 한정한다),,0,
54024510,80,4,나일론의 것,,0,
5402451010,80,5,나일론 6의 것,,1,2009-01-01
5402451020,80,5,나일론 66의 것,,1,2009-01-01
5402451090,80,5,기타,,1,2009-01-01
5402459000,80,4,기타,,1,2009-01-01
540246,80,3,기타[폴리에스테르의 것으로서 부분적으로 방향성(方向性)이 있는 것으로 한정한다],,0,
5402461000,80,4,폴리 트리메틸렌 테레프탈레이트의 것,,1,2009-01-01
5402469000,80,4,기타,,1,2009-01-01
540247,80,3,기타(폴리에스테르의 것으로 한정한다),,0,
5402471000,80,4,폴리 트리메틸렌 테레프탈레이트의 것,,1,2009-01-01
5402479000,80,4,기타,,1,2009-01-01
5402480000,80,3,기타(폴리프로필렌의 것으로 한정한다),,1,2013-01-01
540249,80,3,기타,,0,
5402491000,80,4,아크릴 중합체의 것,,1,2002-01-01
5402499000,80,4,기타,,1,2002-01-01
54025,80,2,그 밖의 실(단사로서 미터당 꼬임이 50회를 초과하는 것으로 한정한다),,0,
5402510000,80,3,나일론이나 그 밖의 폴리아미드의 것,,1,2013-01-01
5402520000,80,3,폴리에스테르의 것,,1,2002-01-01
5402530000,80,3,폴리프로필렌의 것,,1,2017-01-01
540259,80,3,기타,,0,
5402591000,80,4,아크릴 중합체의 것,,1,2002-01-01
5402599000,80,4,기타,,1,2002-01-01
54026,80,2,그 밖의 실[복합사(연합사)나 케이블사],,0,
5402610000,80,3,나일론이나 그 밖의 폴리아미드의 것,,1,2013-01-01
5402620000,80,3,폴리에스테르의 것,,1,2002-01-01
5402630000,80,3,폴리프로필렌의 것,,1,2017-01-01
540269,80,3,기타,,0,
5402691000,80,4,아크릴 중합체의 것,,1,2002-01-01
5402692000,80,4,폴리비닐알코올의 것,,1,2002-01-01
5402699000,80,4,기타,,1,2002-01-01
5403,80,1,"재생ㆍ반(半)합성 필라멘트사[재봉사와 소매용은 제외하며, 67데시텍스 미만인 재생ㆍ반(半)합성 모노필라멘트를 포함한다]",,0,
5403100000,80,2,강력사[비스코스레이온(viscose rayon)의 것으로 한정한다],,1,2013-01-01
54033,80,2,그 밖의 실(단사),,0,
5403310000,80,3,"비스코스레이온(viscose rayon)의 것(꼬임이 없거나, 꼬임이 미터당 120회 이하인 것으로 한정한다)",,1,2022-01-01
5403320000,80,3,비스코스레이온(viscose rayon)의 것(꼬임이 미터당 120회 초과인 것으로 한정한다),,1,2022-01-01
540333,80,3,초산셀룰로오스의 것,,0,
5403331000,80,4,텍스처드사,,1,2007-01-01
5403339000,80,4,기타,,1,2007-01-01
5403390000,80,3,기타,,1,2022-01-01
54034,80,2,그 밖의 실[복합사(연합사)나 케이블사],,0,
540341,80,3,비스코스레이온(viscose rayon)의 것,,0,
5403411000,80,4,텍스처드사,,1,2007-01-01
5403419000,80,4,기타,,1,2007-01-01
5403420000,80,3,초산셀룰로오스의 것,,1,2022-01-01
5403490000,80,3,기타,,1,2022-01-01
5404,80,1,"합성모노필라멘트(67데시텍스 이상인 것으로서 횡단면의 치수가 1밀리미터 이하인 것으로 한정한다), 방직용 합성섬유재료의 스트립(strip)이나 이와 유사한 것[예: 인조스트로(straw)](시폭이 5밀리미터 이하인 것으로 한정한다)",,0,
54041,80,2,모노필라멘트,,0,
5404110000,80,3,탄성사,,1,2007-01-01
5404120000,80,3,기타(폴리프로필렌의 것으로 한정한다),,1,2013-01-01
540419,80,3,기타,,0,
5404191000,80,4,나일론이나 기타 폴리아미드의 것,,1,2013-01-01
5404199000,80,4,기타,,1,2007-01-01
540490,80,2,기타,,0,
5404901000,80,3,스트립 모양의 것,,1,2013-01-01
5404909000,80,3,기타,,1,2002-01-01
5405,80,1,"재생ㆍ반(半)합성 모노필라멘트(67데시텍스 이상인 것으로서 횡단면의 치수가 1밀리미터 이하인 것으로 한정한다), 재생ㆍ반(半)합성 방직용 섬유재료의 스트립(strip)이나 이와 유사한 것[예: 인조 스트로(straw)](시폭이 5밀리미터 이하인 것으로 한정한다)",,0,
5405000000,80,2,"재생ㆍ반(半)합성 모노필라멘트(67데시텍스 이상인 것으로서 횡단면의 치수가 1밀리미터 이하인 것으로 한정한다), 재생ㆍ반(半)합성 방직용 섬유재료의 스트립(strip)이나 이와 유사한 것[예: 인조 스트로(straw)](시폭이 5밀리미터 이하인 것으로 한정한다)",,1,2022-01-01
5406,80,1,"인조필라멘트사(재봉사는 제외하며, 소매용으로 한정한다)",,0,
540600,80,2,"인조필라멘트사(재봉사는 제외하며, 소매용으로 한정한다)",,0,
5406001000,80,3,합성필라멘트사,,1,2007-01-01
5406002000,80,3,재생ㆍ반(半)합성 필라멘트사,,1,2013-01-01
5407,80,1,합성필라멘트사의 직물(제5404호 재료로 직조한 직물을 포함한다),,0,
540710,80,2,강력사(나일론이나 그 밖의 폴리아미드와 폴리에스테르의 것으로 한정한다)의 직물,,0,
5407101000,80,3,나일론이나 그 밖의 폴리아미드의 것,M2,1,2013-01-01
5407102000,80,3,폴리에스테르의 것,M2,1,2002-01-01
5407200000,80,2,스트립(strip)이나 이와 유사한 것으로 직조한 직물,M2,1,2013-01-01
5407300000,80,2,제11부의 주 제9호의 직물,M2,1,2022-01-01
54074,80,2,그 밖의 직물(나일론이나 그 밖의 폴리아미드필라멘트의 함유량이 전 중량의 100분의 85 이상인 것으로 한정한다),,0,
5407410000,80,3,표백하지 않은 것이나 표백한 것,M2,1,2013-01-01
5407420000,80,3,염색한 것,M2,1,2002-01-01
5407430000,80,3,서로 다른 색실로 된 것,M2,1,2013-01-01
5407440000,80,3,날염한 것,M2,1,2002-01-01
54075,80,2,그 밖의 직물(텍스처드 폴리에스테르 필라멘트의 함유량이 전 중량의 100분의 85 이상인 것으로 한정한다),,0,
5407510000,80,3,표백하지 않은 것이나 표백한 것,M2,1,2013-01-01
5407520000,80,3,염색한 것,M2,1,2002-01-01
5407530000,80,3,서로 다른 색실로 된 것,M2,1,2013-01-01
5407540000,80,3,날염한 것,M2,1,2002-01-01
54076,80,2,그 밖의 직물(폴리에스테르 필라멘트의 함유량이 전 중량의 100분의 85 이상인 것으로 한정한다),,0,
540761,80,3,비(非)텍스처드 폴리에스테르 필라멘트의 함유량이 전 중량의 100분의 85 이상인 것,,0,
5407611000,80,4,표백하지 않은 것이나 표백한 것,M2,1,2013-01-01
5407612000,80,4,염색한 것,M2,1,2002-01-01
5407613000,80,4,서로 다른 색실로 된 것,M2,1,2013-01-01
5407614000,80,4,날염한 것,M2,1,2002-01-01
540769,80,3,기타,,0,
5407691000,80,4,표백하지 않은 것이나 표백한 것,M2,1,2013-01-01
5407692000,80,4,염색한 것,M2,1,2002-01-01
5407693000,80,4,서로 다른 색실로 된 것,M2,1,2013-01-01
5407694000,80,4,날염한 것,M2,1,2002-01-01
54077,80,2,그 밖의 직물(합성필라멘트의 함유량이 전 중량의 100분의 85 이상인 것으로 한정한다),,0,
5407710000,80,3,표백하지 않은 것이나 표백한 것,M2,1,2022-01-01
5407720000,80,3,염색한 것,M2,1,2022-01-01
5407730000,80,3,서로 다른 색실로 된 것,M2,1,2022-01-01
5407740000,80,3,날염한 것,M2,1,2022-01-01
54078,80,2,그 밖의 직물(합성필라멘트의 함유량이 전 중량의 100분의 85 미만인 것으로 주로 면과 혼방한 것으로 한정한다),,0,
540781,80,3,표백하지 않은 것이나 표백한 것,,0,
5407811000,80,4,나일론이나 그 밖의 폴리아미드의 것,M2,1,2013-01-01
5407812000,80,4,폴리에스테르의 것,M2,1,2002-01-01
5407813000,80,4,아크릴 중합체의 것,M2,1,2002-01-01
5407819000,80,4,기타,M2,1,2002-01-01
540782,80,3,염색한 것,,0,
5407821000,80,4,나일론이나 그 밖의 폴리아미드의 것,M2,1,2013-01-01
5407822000,80,4,폴리에스테르의 것,M2,1,2002-01-01
5407823000,80,4,아크릴 중합체의 것,M2,1,2002-01-01
5407829000,80,4,기타,M2,1,2002-01-01
540783,80,3,서로 다른 색실로 된 것,,0,
5407831000,80,4,나일론이나 그 밖의 폴리아미드의 것,M2,1,2013-01-01
5407832000,80,4,폴리에스테르의 것,M2,1,2002-01-01
5407833000,80,4,아크릴 중합체의 것,M2,1,2002-01-01
5407839000,80,4,기타,M2,1,2002-01-01
540784,80,3,날염한 것,,0,
5407841000,80,4,나일론이나 그 밖의 폴리아미드의 것,M2,1,2013-01-01
5407842000,80,4,폴리에스테르의 것,M2,1,2002-01-01
5407843000,80,4,아크릴 중합체의 것,M2,1,2002-01-01
5407849000,80,4,기타,M2,1,2002-01-01
54079,80,2,그 밖의 직물,,0,
540791,80,3,표백하지 않은 것이나 표백한 것,,0,
5407911000,80,4,나일론이나 그 밖의 폴리아미드의 것,M2,1,2013-01-01
5407912000,80,4,폴리에스테르의 것,M2,1,2002-01-01
5407913000,80,4,아크릴 중합체의 것,M2,1,2002-01-01
5407919000,80,4,기타,M2,1,2002-01-01
540792,80,3,염색한 것,,0,
5407921000,80,4,나일론이나 그 밖의 폴리아미드의 것,M2,1,2013-01-01
5407922000,80,4,폴리에스테르의 것,M2,1,2002-01-01
5407923000,80,4,아크릴 중합체의 것,M2,1,2002-01-01
5407929000,80,4,기타,M2,1,2002-01-01
540793,80,3,서로 다른 색실로 된 것,,0,
5407931000,80,4,나일론이나 그 밖의 폴리아미드의 것,M2,1,2013-01-01
5407932000,80,4,폴리에스테르의 것,M2,1,2002-01-01
5407933000,80,4,아크릴 중합체의 것,M2,1,2002-01-01
5407939000,80,4,기타,M2,1,2002-01-01
540794,80,3,날염한 것,,0,
5407941000,80,4,나일론이나 그 밖의 폴리아미드의 것,M2,1,2013-01-01
5407942000,80,4,폴리에스테르의 것,M2,1,2002-01-01
5407943000,80,4,아크릴 중합체의 것,M2,1,2002-01-01
5407949000,80,4,기타,M2,1,2002-01-01
5408,80,1,재생ㆍ반(半)합성 필라멘트사의 직물(제5405호의 재료로 직조한 직물을 포함한다),,0,
5408100000,80,2,비스코스레이온(viscose rayon)의 강력사로 직조한 직물,M2,1,2013-01-01
54082,80,2,그 밖의 직물[재생ㆍ반(半)합성 필라멘트ㆍ스트립(strip)이나 이와 유사한 것의 함유량이 전 중량의 100분의 85 이상인 것으로 한정한다],,0,
5408210000,80,3,표백하지 않은 것이나 표백한 것,M2,1,2013-01-01
5408220000,80,3,염색한 것,M2,1,2002-01-01
5408230000,80,3,서로 다른 색실로 된 것,M2,1,2013-01-01
5408240000,80,3,날염한 것,M2,1,2002-01-01
54083,80,2,그 밖의 직물,,0,
5408310000,80,3,표백하지 않은 것이나 표백한 것,M2,1,2013-01-01
5408320000,80,3,염색한 것,M2,1,2002-01-01
5408330000,80,3,서로 다른 색실로 된 것,M2,1,2013-01-01
5408340000,80,3,날염한 것,M2,1,2002-01-01
55,80,0,제55류 인조스테이플섬유,,0,
5501,80,1,합성필라멘트 토우(tow),,0,
55011,80,2,나일론이나 그 밖의 폴리아미드의 것,,0,
5501110000,80,3,아라미드의 것,,1,2022-01-01
5501190000,80,3,기타,,1,2022-01-01
5501200000,80,2,폴리에스테르의 것,,1,2002-01-01
5501300000,80,2,아크릴이나 모다크릴(modacrylic)의 것,,1,2022-01-01
5501400000,80,2,폴리프로필렌의 것,,1,2007-01-01
5501900000,80,2,기타,,1,2002-01-01
5502,80,1,재생ㆍ반(半)합성 필라멘트 토우(tow),,0,
550210,80,2,초산셀룰로오스의 것,,0,
5502101000,80,3,"44,000 데시텍스 미만의 것",,1,2017-01-01
5502102000,80,3,"44,000 데시텍스 이상의 것",,1,2017-01-01
5502900000,80,2,기타,,1,2022-01-01
5503,80,1,합성스테이플섬유[카드(card)ㆍ코움(comb)이나 그 밖의 방적준비 처리를 한 것은 제외한다],,0,
55031,80,2,나일론이나 그 밖의 폴리아미드의 것,,0,
5503110000,80,3,아라미드(aramid)의 것,,1,2022-01-01
5503190000,80,3,기타,,1,2022-01-01
550320,80,2,폴리에스테르의 것,,0,
5503201000,80,3,이형단면(異型斷面)인 것,,1,2013-01-01
5503209000,80,3,기타,,1,2022-01-01
550330,80,2,아크릴이나 모다크릴(modacrylic)의 것,,0,
5503301000,80,3,아크릴의 것,,1,2022-01-01
5503302000,80,3,모다크릴(modacrylic)의 것,,1,2022-01-01
5503400000,80,2,폴리프로필렌의 것,,1,2002-01-01
5503900000,80,2,기타,,1,2002-01-01
5504,80,1,재생ㆍ반(半)합성 스테이플섬유[카드(card)ㆍ코움(comb)이나 그 밖의 방적준비 처리를 한 것은 제외한다],,0,
550410,80,2,비스코스레이온(viscose rayon)의 것,,0,
5504101000,80,3,이형단면(異型斷面)인 것,,1,2013-01-01
5504102000,80,3,폴리노직(polynosic) 단면인 것,,1,2013-01-01
5504109000,80,3,기타,,1,2017-01-01
550490,80,2,기타,,0,
5504902000,80,3,리오셀(lyocell)의 것,,1,2013-01-01
5504909000,80,3,기타,,1,2002-01-01
5505,80,1,인조섬유의 웨이스트(waste)[노일(noil)ㆍ실의 웨이스트ㆍ가닛스톡(garnetted stock)을 포함한다],,0,
5505100000,80,2,합성섬유의 것,,1,2002-01-01
5505200000,80,2,재생ㆍ반(半)합성 섬유의 것,,1,2013-01-01
5506,80,1,합성스테이플섬유[카드(card)ㆍ코움(comb)이나 그 밖의 방적준비 처리를 한 것으로 한정한다],,0,
5506100000,80,2,나일론이나 그 밖의 폴리아미드의 것,,1,2022-01-01
5506200000,80,2,폴리에스테르의 것,,1,2022-01-01
5506300000,80,2,아크릴이나 모다크릴(modacrylic)의 것,,1,2022-01-01
5506400000,80,2,폴리프로필렌의 것,,1,2017-01-01
5506900000,80,2,기타,,1,2002-01-01
5507,80,1,재생ㆍ반(半)합성 스테이플섬유[카드(card)ㆍ코움(comb)이나 그 밖의 방적준비 처리를 한 것으로 한정한다],,0,
5507000000,80,2,재생ㆍ반(半)합성 스테이플섬유[카드(card)ㆍ코움(comb)이나 그 밖의 방적준비 처리를 한 것으로 한정한다],,1,2022-01-01
5508,80,1,인조스테이플섬유의 재봉사(소매용인지에 상관없다),,0,
550810,80,2,합성스테이플섬유의 것,,0,
5508102000,80,3,폴리에스테르의 것,,1,2002-01-01
5508109000,80,3,기타,,1,2002-01-01
5508200000,80,2,재생ㆍ반(半)합성 스테이플섬유의 것,,1,2022-01-01
5509,80,1,합성스테이플섬유사(재봉사와 소매용은 제외한다),,0,
55091,80,2,나일론이나 그 밖의 폴리아미드의 스테이플섬유의 함유량이 전 중량의 100분의 85 이상인 것,,0,
550911,80,3,단사,,0,
5509111000,80,4,강력사,,1,2002-01-01
5509119000,80,4,기타,,1,2002-01-01
550912,80,3,복합사(연합사)나 케이블사,,0,
5509121000,80,4,강력사,,1,2012-01-01
5509129000,80,4,기타,,1,2002-01-01
55092,80,2,폴리에스테르 스테이플섬유의 함유량이 전 중량의 100분의 85 이상인 것,,0,
550921,80,3,단사,,0,
5509211000,80,4,강력사,,1,2002-01-01
5509219000,80,4,기타,,1,2002-01-01
550922,80,3,복합사(연합사)나 케이블사,,0,
5509221000,80,4,강력사,,1,2002-01-01
5509229000,80,4,기타,,1,2002-01-01
55093,80,2,아크릴이나 모다크릴(modacrylic) 스테이플섬유의 함유량이 전 중량의 100분의 85 이상인 것,,0,
550931,80,3,단사,,0,
5509311000,80,4,아크릴의 것,,1,2002-01-01
5509312000,80,4,모다크릴(modacrylic)의 것,,1,2013-01-01
550932,80,3,복합사(연합사)나 케이블사,,0,
5509321000,80,4,아크릴의 것,,1,2002-01-01
5509322000,80,4,모다크릴(modacrylic)의 것,,1,2013-01-01
55094,80,2,그 밖의 실(합성스테이플섬유의 함유량이 전 중량의 100분의 85 이상인 것으로 한정한다),,0,
5509410000,80,3,단사,,1,2002-01-01
5509420000,80,3,복합사(연합사)나 케이블사,,1,2013-01-01
55095,80,2,그 밖의 실(폴리에스테르 스테이플섬유의 것으로 한정한다),,0,
5509510000,80,3,주로 재생ㆍ반(半)합성 스테이플섬유와 혼방한 것,,1,2013-01-01
5509520000,80,3,주로 양모나 동물의 부드러운 털과 혼방한 것,,1,2013-01-01
5509530000,80,3,주로 면과 혼방한 것,,1,2002-01-01
5509590000,80,3,기타,,1,2002-01-01
55096,80,2,그 밖의 실[아크릴이나 모다크릴(modacrylic) 스테이플섬유의 것으로 한정한다],,0,
550961,80,3,주로 양모나 동물의 부드러운 털과 혼방한 것,,0,
5509611000,80,4,아크릴의 것,,1,2002-01-01
5509612000,80,4,모다크릴(modacrylic)의 것,,1,2013-01-01
550962,80,3,주로 면과 혼방한 것,,0,
5509621000,80,4,아크릴의 것,,1,2002-01-01
5509622000,80,4,모다크릴(modacrylic)의 것,,1,2013-01-01
550969,80,3,기타,,0,
55096910,80,4,주로 재생ㆍ반(半)합성 섬유와 혼방한 것,,0,
5509691010,80,5,아크릴의 것,,1,2002-01-01
5509691020,80,5,모다크릴(modacrylic)의 것,,1,2013-01-01
55096920,80,4,기타,,0,
5509692010,80,5,아크릴의 것,,1,2002-01-01
5509692020,80,5,모다크릴(modacrylic)의 것,,1,2013-01-01
55099,80,2,그 밖의 실,,0,
550991,80,3,주로 양모나 동물의 부드러운 털과 혼방한 것,,0,
5509911000,80,4,나일론이나 그 밖의 폴리아미드의 것,,1,2013-01-01
5509919000,80,4,기타,,1,2002-01-01
5509920000,80,3,주로 면과 혼방한 것,,1,2022-01-01
5509990000,80,3,기타,,1,2002-01-01
5510,80,1,재생ㆍ반(半)합성 스테이플섬유사(재봉사와 소매용은 제외한다),,0,
55101,80,2,재생ㆍ반(半)합성 스테이플섬유의 함유량이 전 중량의 100분의 85 이상인 것,,0,
551011,80,3,단사,,0,
5510111000,80,4,비스코스레이온(viscose rayon)의 것,,1,2013-01-01
5510119000,80,4,기타,,1,2002-01-01
551012,80,3,복합사(연합사)나 케이블사,,0,
5510121000,80,4,비스코스레이온(viscose rayon)의 것,,1,2013-01-01
5510129000,80,4,기타,,1,2002-01-01
551020,80,2,그 밖의 실(주로 양모나 동물의 부드러운 털과 혼방한 것으로 한정한다),,0,
5510201000,80,3,비스코스레이온(viscose rayon)의 것,,1,2013-01-01
5510209000,80,3,기타,,1,2002-01-01
551030,80,2,그 밖의 실(주로 면과 혼방한 것으로 한정한다),,0,
5510301000,80,3,비스코스레이온(viscose rayon)의 것,,1,2013-01-01
5510309000,80,3,기타,,1,2002-01-01
551090,80,2,그 밖의 실,,0,
5510901000,80,3,비스코스레이온(viscose rayon)의 것,,1,2013-01-01
5510909000,80,3,기타,,1,2002-01-01
5511,80,1,"인조스테이플섬유사(재봉사는 제외하며, 소매용으로 한정한다)",,0,
5511100000,80,2,합성스테이플섬유의 함유량이 전 중량의 100분의 85 이상인 것,,1,2022-01-01
5511200000,80,2,합성스테이플섬유의 함유량이 전 중량의 100분의 85 미만인 것,,1,2022-01-01
5511300000,80,2,재생ㆍ반(半)합성 스테이플섬유의 것,,1,2022-01-01
5512,80,1,합성스테이플섬유의 직물(합성스테이플섬유의 함유량이 전 중량의 100분의 85 이상인 것으로 한정한다),,0,
55121,80,2,폴리에스테르 스테이플섬유의 함유량이 전 중량의 100분의 85 이상인 것,,0,
5512110000,80,3,표백하지 않은 것이나 표백한 것,M2,1,2013-01-01
551219,80,3,기타,,0,
5512191000,80,4,염색한 것,M2,1,2002-01-01
5512192000,80,4,서로 다른 색실로 된 것,M2,1,2013-01-01
5512193000,80,4,날염한 것,M2,1,2002-01-01
55122,80,2,아크릴이나 모다크릴(modacrylic) 스테이플섬유의 함유량이 전 중량의 100분의 85 이상인 것,,0,
5512210000,80,3,표백하지 않은 것이나 표백한 것,M2,1,2022-01-01
5512290000,80,3,기타,M2,1,2002-01-01
55129,80,2,기타,,0,
551291,80,3,표백하지 않은 것이나 표백한 것,,0,
5512911000,80,4,나일론이나 그 밖의 폴리아미드의 것,M2,1,2013-01-01
5512919000,80,4,기타,M2,1,2002-01-01
551299,80,3,기타,,0,
5512991000,80,4,나일론이나 그 밖의 폴리아미드의 것,M2,1,2013-01-01
5512999000,80,4,기타,M2,1,2002-01-01
5513,80,1,주로 면과 혼방한 합성스테이플섬유의 직물(합성스테이플섬유의 함유량이 전 중량의 100분의 85 미만인 것으로서 1제곱미터당 중량이 170그램 이하인 것으로 한정한다),,0,
55131,80,2,표백하지 않은 것이나 표백한 것,,0,
5513110000,80,3,폴리에스테르 스테이플섬유의 것[평직(平織)으로 한정한다],M2,1,2013-01-01
5513120000,80,3,폴리에스테르 스테이플섬유의 능직(綾織)[3올이나 4올의 능직(綾織)으로 한정하며 파사문직(破斜文織)을 포함한다],M2,1,2013-01-01
5513130000,80,3,폴리에스테르 스테이플섬유의 그 밖의 직물,M2,1,2013-01-01
5513190000,80,3,그 밖의 직물,M2,1,2022-01-01
55132,80,2,염색한 것,,0,
5513210000,80,3,폴리에스테르 스테이플섬유의 것[평직(平織)으로 한정한다],M2,1,2013-01-01
551323,80,3,폴리에스테르 스테이플섬유의 그 밖의 직물,,0,
5513231000,80,4,폴리에스테르 스테이플섬유의 능직(綾織)[3올이나 4올의 능직(綾織)으로 한정하며 파사문직(破斜文織)을 포함한다],M2,1,2013-01-01
5513239000,80,4,기타,M2,1,2007-01-01
5513290000,80,3,그 밖의 직물,M2,1,2022-01-01
55133,80,2,서로 다른 색실로 된 것,,0,
5513310000,80,3,폴리에스테르 스테이플섬유의 것[평직(平織)으로 한정한다],M2,1,2013-01-01
5513390000,80,3,그 밖의 직물,M2,1,2022-01-01
55134,80,2,날염한 것,,0,
5513410000,80,3,폴리에스테르 스테이플섬유의 것[평직(平織)으로 한정한다],M2,1,2013-01-01
5513490000,80,3,그 밖의 직물,M2,1,2022-01-01
5514,80,1,주로 면과 혼방한 합성스테이플섬유의 직물(합성스테이플섬유의 함유량이 전 중량의 100분의 85 미만인 것으로서 1제곱미터당 중량이 170그램을 초과하는 것으로 한정한다),,0,
55141,80,2,표백하지 않은 것이나 표백한 것,,0,
5514110000,80,3,폴리에스테르 스테이플섬유의 것[평직(平織)으로 한정한다],M2,1,2013-01-01
5514120000,80,3,폴리에스테르 스테이플섬유의 능직(綾織)[3올이나 4올의 능직(綾織)으로 한정하며 파사문직(破斜文織)을 포함한다],M2,1,2013-01-01
551419,80,3,그 밖의 직물,,0,
5514193000,80,4,폴리에스테르 스테이플섬유의 기타직물,M2,1,2007-01-01
5514199000,80,4,기타,M2,1,2002-01-01
55142,80,2,염색한 것,,0,
5514210000,80,3,폴리에스테르 스테이플섬유의 것[평직(平織)으로 한정한다],M2,1,2013-01-01
5514220000,80,3,폴리에스테르 스테이플섬유의 능직(綾織)[3올이나 4올의 능직(綾織)으로 한정하며 파사문직(破斜文織)을 포함한다],M2,1,2013-01-01
5514230000,80,3,폴리에스테르 스테이플섬유의 그 밖의 직물,M2,1,2013-01-01
5514290000,80,3,그 밖의 직물,M2,1,2022-01-01
5514300000,80,2,서로 다른 색실로 된 것,M2,1,2013-01-01
55144,80,2,날염한 것,,0,
5514410000,80,3,폴리에스테르 스테이플섬유의 것[평직(平織)으로 한정한다],M2,1,2013-01-01
5514420000,80,3,폴리에스테르 스테이플섬유의 능직(綾織)[3올이나 4올의 능직(綾織)으로 한정하며 파사문직(破斜文織)을 포함한다],M2,1,2013-01-01
5514430000,80,3,폴리에스테르 스테이플섬유의 그 밖의 직물,M2,1,2013-01-01
5514490000,80,3,그 밖의 직물,M2,1,2022-01-01
5515,80,1,합성스테이플섬유의 그 밖의 직물,,0,
55151,80,2,폴리에스테르 스테이플섬유의 것,,0,
551511,80,3,주로 비스코스레이온(viscose rayon) 스테이플섬유와 혼방한 것,,0,
5515111000,80,4,표백하지 않은 것이나 표백한 것,M2,1,2013-01-01
5515119000,80,4,기타,M2,1,2002-01-01
551512,80,3,주로 인조필라멘트와 혼방한 것,,0,
5515121000,80,4,표백하지 않은 것이나 표백한 것,M2,1,2013-01-01
5515129000,80,4,기타,M2,1,2002-01-01
551513,80,3,주로 양모나 동물의 부드러운 털과 혼방한 것,,0,
5515131000,80,4,표백하지 않은 것이나 표백한 것,M2,1,2013-01-01
5515139000,80,4,기타,M2,1,2002-01-01
551519,80,3,기타,,0,
5515191000,80,4,표백하지 않은 것이나 표백한 것,M2,1,2013-01-01
5515199000,80,4,기타,M2,1,2002-01-01
55152,80,2,아크릴이나 모다크릴(modacrylic) 스테이플섬유의 것,,0,
5515210000,80,3,주로 인조필라멘트와 혼방한 것,M2,1,2022-01-01
551522,80,3,주로 양모나 동물의 부드러운 털과 혼방한 것,,0,
5515221000,80,4,표백하지 않은 것이나 표백한 것,M2,1,2013-01-01
5515229000,80,4,기타,M2,1,2002-01-01
5515290000,80,3,기타,M2,1,2022-01-01
55159,80,2,그 밖의 직물,,0,
5515910000,80,3,주로 인조필라멘트와 혼방한 것,M2,1,2022-01-01
5515990000,80,3,기타,M2,1,2022-01-01
5516,80,1,재생ㆍ반(半)합성 스테이플섬유의 직물,,0,
55161,80,2,재생ㆍ반(半)합성 스테이플섬유의 함유량이 전 중량의 100분의 85 이상인 것,,0,
551611,80,3,표백하지 않은 것이나 표백한 것,,0,
5516111000,80,4,비스코스레이온(viscose rayon)의 것,M2,1,2013-01-01
5516119000,80,4,기타,M2,1,2002-01-01
551612,80,3,염색한 것,,0,
5516121000,80,4,비스코스레이온(viscose rayon)의 것,M2,1,2013-01-01
5516129000,80,4,기타,M2,1,2002-01-01
5516130000,80,3,서로 다른 색실로 된 것,M2,1,2022-01-01
551614,80,3,날염한 것,,0,
5516141000,80,4,비스코스레이온(viscose rayon)의 것,M2,1,2013-01-01
5516149000,80,4,기타,M2,1,2002-01-01
55162,80,2,주로 인조필라멘트와 혼방한 것으로서 재생ㆍ반(半)합성 스테이플섬유의 함유량이 전 중량의 100분의 85 미만인 것,,0,
551621,80,3,표백하지 않은 것이나 표백한 것,,0,
5516211000,80,4,비스코스레이온(viscose rayon)의 것,M2,1,2013-01-01
5516219000,80,4,기타,M2,1,2002-01-01
551622,80,3,염색한 것,,0,
5516221000,80,4,비스코스레이온(viscose rayon)의 것,M2,1,2013-01-01
5516229000,80,4,기타,M2,1,2002-01-01
5516230000,80,3,서로 다른 색실로 된 것,M2,1,2022-01-01
551624,80,3,날염한 것,,0,
5516241000,80,4,비스코스레이온(viscose rayon)의 것,M2,1,2013-01-01
5516249000,80,4,기타,M2,1,2002-01-01
55163,80,2,주로 양모나 동물의 부드러운 털과 혼방한 것으로 재생ㆍ반(半)합성 스테이플섬유의 함유량이 전 중량의 100분의 85 미만인 것,,0,
5516310000,80,3,표백하지 않은 것이나 표백한 것,M2,1,2022-01-01
5516320000,80,3,염색한 것,M2,1,2022-01-01
5516330000,80,3,서로 다른 색실로 된 것,M2,1,2022-01-01
5516340000,80,3,날염한 것,M2,1,2022-01-01
55164,80,2,주로 면과 혼방한 것으로서 재생ㆍ반(半)합성 스테이플섬유의 함유량이 전 중량의 100분의 85 미만인 것,,0,
551641,80,3,표백하지 않은 것이나 표백한 것,,0,
5516411000,80,4,비스코스레이온(viscose rayon)의 것,M2,1,2013-01-01
5516419000,80,4,기타,M2,1,2002-01-01
551642,80,3,염색한 것,,0,
5516421000,80,4,비스코스레이온(viscose rayon)의 것,M2,1,2013-01-01
5516429000,80,4,기타,M2,1,2002-01-01
5516430000,80,3,서로 다른 색실로 된 것,M2,1,2022-01-01
5516440000,80,3,날염한 것,M2,1,2022-01-01
55169,80,2,기타,,0,
5516910000,80,3,표백하지 않은 것이나 표백한 것,M2,1,2022-01-01
551692,80,3,염색한 것,,0,
5516921000,80,4,비스코스레이온(viscose rayon)의 것,M2,1,2013-01-01
5516929000,80,4,기타,M2,1,2002-01-01
5516930000,80,3,서로 다른 색실로 된 것,M2,1,2022-01-01
5516940000,80,3,날염한 것,M2,1,2022-01-01
56,80,0,"제56류 워딩(wadding)ㆍ펠트(felt)ㆍ부직포, 특수사, 끈ㆍ배의 밧줄(cordage)ㆍ로프ㆍ케이블과 이들의 제품",,0,
5601,80,1,"방직용 섬유의 워딩(wadding)과 그 제품, 방직용 섬유로서 길이가 5밀리미터 이하인 것(플록), 방직용 섬유의 더스트(dust)와 밀네프(mill nep)",,0,
56012,80,2,워딩(wadding)과 워딩(wadding)의 그 밖의 제품,,0,
5601210000,80,3,면으로 만든 것,,1,2013-01-01
5601220000,80,3,인조섬유로 만든 것,,1,2013-01-01
5601290000,80,3,기타,,1,2002-01-01
560130,80,2,"섬유의 플록(flock), 더스트(dust), 밀네프(mill nep)",,0,
5601301000,80,3,섬유의 플록(flock),,1,2013-01-01
5601309000,80,3,기타,,1,2002-01-01
5602,80,1,펠트(felt)(침투ㆍ도포ㆍ피복ㆍ적층한 것인지에 상관없다),,0,
560210,80,2,니들룸펠트(needleloom felt)와 스티치본드(stitch-bonded) 섬유직물,,0,
5602101000,80,3,니들룸 펠트(needleloom felt),,1,2013-01-01
5602102000,80,3,스티치 본드(stitch-bonded) 섬유직물,,1,2013-01-01
56022,80,2,그 밖의 펠트(felt)(침투ㆍ도포ㆍ피복하거나 적층하지 않은 것으로 한정한다),,0,
5602210000,80,3,양모나 동물의 부드러운 털로 만든 것,,1,2022-01-01
5602290000,80,3,그 밖의 섬유로 만든 것,,1,2013-01-01
5602900000,80,2,기타,,1,2002-01-01
5603,80,1,부직포(침투ㆍ도포ㆍ피복ㆍ적층한 것인지에 상관없다),,0,
56031,80,2,인조필라멘트의 것,,0,
560311,80,3,1제곱미터당 중량이 25그램 이하인 것,,0,
5603111000,80,4,침투ㆍ도포ㆍ피복ㆍ적층한 것,,1,2013-01-01
5603119000,80,4,기타,,1,2002-01-01
560312,80,3,1제곱미터당 중량이 25그램 초과 70그램 이하인 것,,0,
5603121000,80,4,침투ㆍ도포ㆍ피복ㆍ적층한 것,,1,2013-01-01
5603129000,80,4,기타,,1,2002-01-01
560313,80,3,1제곱미터당 중량이 70그램 초과 150그램 이하인 것,,0,
5603131000,80,4,침투ㆍ도포ㆍ피복ㆍ적층한 것,,1,2013-01-01
5603139000,80,4,기타,,1,2002-01-01
560314,80,3,1제곱미터당 중량이 150그램을 초과하는 것,,0,
5603141000,80,4,침투ㆍ도포ㆍ피복ㆍ적층한 것,,1,2013-01-01
5603149000,80,4,기타,,1,2002-01-01
56039,80,2,기타,,0,
5603910000,80,3,1제곱미터당 중량이 25그램 이하인 것,,1,2002-01-01
5603920000,80,3,1제곱미터당 중량이 25그램 초과 70그램 이하인 것,,1,2017-01-01
5603930000,80,3,1제곱미터당 중량이 70그램 초과 150그램 이하인 것,,1,2017-01-01
5603940000,80,3,1제곱미터당 중량이 150그램을 초과하는 것,,1,2015-01-01
5604,80,1,"고무실과 고무끈(방직용 섬유로 피복한 것으로 한정한다), 방직용 섬유사ㆍ제5404호나 제5405호의 스트립(strip)과 이와 유사한 물품[고무나 플라스틱을 침투ㆍ도포ㆍ피복하거나 시드한(sheathed) 것으로 한정한다]",,0,
5604100000,80,2,고무실과 고무끈(방직용 섬유로 피복한 것으로 한정한다),,1,2013-01-01
560490,80,2,기타,,0,
5604902000,80,3,강력사(폴리에스테르ㆍ나일론이나 그 밖의 폴리아미드ㆍ비스코스레이온의 것으로서 침투ㆍ도포한 것),,1,2017-01-01
5604909000,80,3,기타,,1,2002-01-01
5605,80,1,"금속드리사(metallised yarn)[짐프한(gimped) 것인지에 상관없으며 방직용 섬유사, 제5404호나 제5405호의 스트립(strip)이나 이와 유사한 것으로서 실ㆍ스트립(strip)ㆍ가루 모양의 금속과 결합한 것이나 금속을 피복한 것으로 한정한다]",,0,
5605000000,80,2,"금속드리사(metallised yarn)[짐프한(gimped) 것인지에 상관없으며 방직용 섬유사, 제5404호나 제5405호의 스트립(strip)이나 이와 유사한 것으로서 실ㆍ스트립(strip)ㆍ가루 모양의 금속과 결합한 것이나 금속을 피복한 것으로 한정한다]",,1,2022-01-01
5606,80,1,"짐프사(gimped yarn)와 제5404호나 제5405호에 열거한 스트립(strip)과 그 밖에 이와 유사한 것[짐프한(gimped) 것으로 한정하며 제5605호의 것과 짐프한(gimped) 말의 털로 만든 실은 제외한다], 셔닐사(chenille yarn)[플록(flock) 모양의 셔닐사(chenille yarn)를 포함한다], 루프웨일사(loop wale-yarn)",,0,
560600,80,2,"짐프사(gimped yarn)와 제5404호나 제5405호에 열거한 스트립(strip)과 그 밖에 이와 유사한 것[짐프한(gimped) 것으로 한정하며 제5605호의 것과 짐프한(gimped) 말의 털로 만든 실은 제외한다], 셔닐사(chenille yarn)[플록(flock) 모양의 셔닐사(chenille yarn)를 포함한다], 루프웨일사(loop wale-yarn)",,0,
5606001000,80,3,짐프사(Gimped yarn),,1,2013-01-01
5606002000,80,3,셔닐사(chenille yarn),,1,2013-01-01
5606003000,80,3,루프웨일사(loop wale-yarn),,1,2013-01-01
5606009000,80,3,기타,,1,2002-01-01
5607,80,1,"끈ㆍ배의 밧줄(cordage)ㆍ로프ㆍ케이블[엮거나 짠 것인지, 고무나 플라스틱을 침투ㆍ도포ㆍ피복ㆍ시드한(sheathed) 것인지에 상관없다]",,0,
56072,80,2,사이잘(sisal)마나 아가베(Agave)속의 그 밖의 방직용 섬유로 만든 것,,0,
5607210000,80,3,포장용 끈,,1,2002-01-01
5607290000,80,3,기타,,1,2002-01-01
56074,80,2,폴리에틸렌이나 폴리프로필렌으로 만든 것,,0,
5607410000,80,3,포장용 끈,,1,2002-01-01
5607490000,80,3,기타,,1,2002-01-01
5607500000,80,2,그 밖의 합성섬유로 만든 것,,1,2013-01-01
560790,80,2,기타,,0,
5607901000,80,3,"제5303호의 황마, 방직용 인피섬유로 만든 것",,1,2013-01-01
5607909000,80,3,기타,,1,2007-01-01
5608,80,1,"매듭이 있는 그물감[끈ㆍ배의 밧줄(cordage)ㆍ로프로 만든 것으로 한정한다], 방직용 섬유제품으로 만든 어망, 그 밖의 제품으로 만든 그물",,0,
56081,80,2,인조섬유로 만든 것,,0,
560811,80,3,제품으로 된 어망,,0,
56081110,80,4,합성섬유로 만든 것,,0,
560811101,80,5,통발,,0,
5608111011,80,6,그물코 크기가 35밀리미터를 초과하는 것,,1,2022-01-01
5608111012,80,6,그물코 크기가 22밀리미터를 초과하고 35밀리미터 이하인 것,,1,2022-01-01
5608111013,80,6,그물코 크기가 22밀리미터 이하인 것,,1,2025-01-01
5608111020,80,5,자망,,1,2022-01-01
5608111090,80,5,기타,,1,2022-01-01
5608119000,80,4,기타,,1,2002-01-01
560819,80,3,기타,,0,
5608191000,80,4,합성섬유로 만든 것,,1,2013-01-01
5608199000,80,4,기타,,1,2002-01-01
5608900000,80,2,기타,,1,2022-01-01
5609,80,1,실ㆍ제5404호나 제5405호의 스트립(strip)이나 이와 유사한 것ㆍ끈ㆍ배의 밧줄(cordage)ㆍ로프ㆍ케이블의 제품(따로 분류되지 않은 것으로 한정한다),,0,
560900,80,2,실ㆍ제5404호나 제5405호의 스트립(strip)이나 이와 유사한 것ㆍ끈ㆍ배의 밧줄(cordage)ㆍ로프ㆍ케이블의 제품(따로 분류되지 않은 것으로 한정한다),,0,
5609001000,80,3,면으로 만든 것,,1,2013-01-01
5609002000,80,3,식물성 섬유로 만든 것(면으로 만든 것은 제외한다),,1,2013-01-01
5609003000,80,3,인조섬유로 만든 것,,1,2013-01-01
5609009000,80,3,기타,,1,2002-01-01
57,80,0,제57류 양탄자류와 그 밖의 방직용 섬유로 만든 바닥깔개,,0,
5701,80,1,"양탄자류와 그 밖의 방직용 섬유로 만든 바닥깔개(매듭이 있는 것으로 한정하며, 제품으로 된 것인지에 상관없다)",,0,
5701100000,80,2,양모나 동물의 부드러운 털로 만든 것,M2,1,2013-01-01
5701900000,80,2,그 밖의 방직용 섬유로 만든 것,M2,1,2013-01-01
5702,80,1,"양탄자류와 그 밖의 방직용 섬유로 만든 바닥깔개[직조한 것으로 한정하고, 터프트(tuft)하거나 플록(flock)한 것은 제외하고, 제품으로 된 것인지에 상관없으며 켈렘(kelem)ㆍ슈맥(schumack)ㆍ카라마니(karamanie)와 이와 유사한 손으로 짠 러그(rug)를 포함한다]",,0,
5702100000,80,2,켈렘(kelem)ㆍ슈맥(schumack)ㆍ카라마니(karamanie)와 이와 유사한 손으로 짠 러그(rug),M2,1,2022-01-01
5702200000,80,2,코코넛섬유(코이어)로 만든 바닥깔개,M2,1,2013-01-01
57023,80,2,"기타[파일(pile)직물로 만든 것으로 한정하며, 제품으로 된 것은 제외한다]",,0,
5702310000,80,3,양모나 동물의 부드러운 털로 만든 것,M2,1,2013-01-01
5702320000,80,3,인조섬유로 만든 것,M2,1,2013-01-01
5702390000,80,3,그 밖의 방직용 섬유로 만든 것,M2,1,2013-01-01
57024,80,2,기타[파일(pile)직물로 만든 것으로서 제품으로 된 것으로 한정한다],,0,
5702410000,80,3,양모나 동물의 부드러운 털로 만든 것,M2,1,2013-01-01
5702420000,80,3,인조섬유로 만든 것,M2,1,2013-01-01
5702490000,80,3,그 밖의 방직용 섬유로 만든 것,M2,1,2013-01-01
5702500000,80,2,기타[파일(pile)직물로 만든 것과 제품으로 된 것은 제외한다],M2,1,2013-01-01
57029,80,2,"기타[파일(pile)직물로 만든 것은 제외하며, 제품으로 된 것으로 한정한다]",,0,
5702910000,80,3,양모나 동물의 부드러운 털로 만든 것,M2,1,2013-01-01
5702920000,80,3,인조섬유로 만든 것,M2,1,2013-01-01
5702990000,80,3,그 밖의 방직용 섬유로 만든 것,M2,1,2013-01-01
5703,80,1,"양탄자류와 그 밖의 방직용 섬유로 만든 바닥깔개(인조잔디(turf)를 포함한다)[터프트(tuft)한 것으로 한정하며, 제품으로 된 것인지에 상관없다]",,0,
5703100000,80,2,양모나 동물의 부드러운 털로 만든 것,M2,1,2013-01-01
57032,80,2,나일론이나 폴리아미드로 만든 것,,0,
5703210000,80,3,인조잔디(turf),M2,1,2022-01-01
5703290000,80,3,기타,M2,1,2022-01-01
57033,80,2,그 밖의 인조방직용 섬유로 만든 것,,0,
5703310000,80,3,인조잔디(turf),M2,1,2022-01-01
5703390000,80,3,기타,M2,1,2022-01-01
5703900000,80,2,그 밖의 방직용 섬유로 만든 것,M2,1,2013-01-01
5704,80,1,"양탄자류와 그 밖의 방직용 섬유로 만든 바닥깔개[펠트(felt)로 만든 것으로 한정하고, 터프트(tuft)하거나 플록(flock)한 것은 제외하며 제품으로 된 것인지에 상관없다]",,0,
5704100000,80,2,타일(tile)(표면적이 최고 0.3제곱미터인 것으로 한정한다),M2,1,2022-01-01
5704200000,80,2,타일(tile)(표면적이 최고 0.3제곱미터 초과 1제곱미터 이하인 것으로 한정한다),M2,1,2022-01-01
5704900000,80,2,기타,M2,1,2002-01-01
5705,80,1,그 밖의 양탄자류와 그 밖의 방직용 섬유로 만든 바닥깔개(제품으로 된 것인지에 상관없다),,0,
5705000000,80,2,그 밖의 양탄자류와 그 밖의 방직용 섬유로 만든 바닥깔개(제품으로 된 것인지에 상관없다),M2,1,2013-01-01
58,80,0,"제58류 특수직물, 터프트(tuft)한 직물, 레이스, 태피스트리(tapestry), 트리밍(trimming), 자수천",,0,
5801,80,1,파일(pile)직물ㆍ셔닐(chenille)직물(제5802호나 제5806호에 해당하는 직물은 제외한다),,0,
5801100000,80,2,양모나 동물의 부드러운 털로 만든 것,M2,1,2022-01-01
58012,80,2,면으로 만든 것,,0,
5801210000,80,3,절단되지 않은 위(緯)파일(pile)직물,M2,1,2013-01-01
5801220000,80,3,절단된 코듀로이(corduroy),M2,1,2013-01-01
5801230000,80,3,그 밖의 위(緯)파일(pile)직물,M2,1,2013-01-01
5801260000,80,3,셔닐(chenille)직물,M2,1,2013-01-01
5801270000,80,3,경(經)파일(pile)직물,M2,1,2022-01-01
58013,80,2,인조섬유로 만든 것,,0,
5801310000,80,3,절단되지 않은 위(緯)파일(pile)직물,M2,1,2013-01-01
5801320000,80,3,절단된 코듀로이(corduroy),M2,1,2013-01-01
5801330000,80,3,그 밖의 위(緯)파일(pile)직물,M2,1,2013-01-01
5801360000,80,3,셔닐(chenille)직물,M2,1,2013-01-01
5801370000,80,3,경(經)파일(pile) 직물,M2,1,2022-01-01
5801900000,80,2,그 밖의 섬유로 만든 것,M2,1,2013-01-01
5802,80,1,"테리타월지(terry towelling fabric)와 이와 유사한 테리(terry)직물[제5806호에 해당하는 세폭(細幅)직물은 제외한다], 터프트(tuft)한 직물(제5703호에 해당하는 물품은 제외한다)",,0,
5802100000,80,2,면으로 만든 테리타월지(terry towelling fabric)와 이와 유사한 테리(terry)직물,M2,1,2022-01-01
5802200000,80,2,그 밖의 섬유로 만든 테리타월지(terry towelling fabric)와 이와 유사한 테리(terry)직물,M2,1,2013-01-01
5802300000,80,2,터프트(tuft)한 직물,M2,1,2013-01-01
5803,80,1,거즈[제5806호에 해당하는 세폭(細幅)직물은 제외한다],,0,
5803000000,80,2,거즈[제5806호에 해당하는 세폭(細幅)직물은 제외한다],,1,2013-01-01
5804,80,1,"튈(tulle)과 그 밖의 망직물(제직한 것ㆍ메리야스 편물이나 뜨개질 편물은 제외한다), 레이스[원단 상태ㆍ스트립(strip)이나 모티프(motif)로 된 것으로 한정하며, 제6002호부터 제6006호까지의 편물은 제외한다]",,0,
580410,80,2,튈(tulle)과 그 밖의 망직물,,0,
5804103000,80,3,인조섬유로 만든 것,M2,1,2013-01-01
5804109000,80,3,기타,M2,1,2002-01-01
58042,80,2,기계로 만든 레이스,,0,
5804210000,80,3,인조섬유로 만든 것,,1,2013-01-01
580429,80,3,그 밖의 방직용 섬유로 만든 것,,0,
5804292000,80,4,면으로 만든 것,,1,2013-01-01
5804299000,80,4,기타,,1,2002-01-01
5804300000,80,2,손으로 만든 레이스,,1,2013-01-01
5805,80,1,"고블랭(gobelin)직ㆍ플랜더스(flanders)직ㆍ오뷔송(aubusson)직ㆍ보베(beauvais)직과 이와 유사한 손으로 짠 태피스트리(tapestry), 자수의 태피스트리(tapestry)[예: 프티포인트(petit point)ㆍ십자수](제품으로 된 것인지에 상관없다)",,0,
5805000000,80,2,"고블랭(gobelin)직ㆍ플랜더스(flanders)직ㆍ오뷔송(aubusson)직ㆍ보베(beauvais)직과 이와 유사한 손으로 짠 태피스트리(tapestry), 자수의 태피스트리(tapestry)[예: 프티포인트(petit point)ㆍ십자수](제품으로 된 것인지에 상관없다)",,1,2022-01-01
5806,80,1,세폭(細幅)직물(제5807호에 해당하는 것은 제외한다)과 접착제로 접착한 경사(經絲)만으로 이루어진 세폭(細幅)직물(볼덕),,0,
580610,80,2,"파일(pile)직물[테리타월지(terry towelling fabric)와 이와 유사한 테리(terry)직물], 셔닐(chenille)직물",,0,
5806103000,80,3,인조섬유로 만든 것,M2,1,2013-01-01
5806109000,80,3,기타,M2,1,2002-01-01
5806200000,80,2,그 밖의 직물(탄성사나 고무실의 중량이 전 중량의 100분의 5 이상인 것으로 한정한다),M2,1,2013-01-01
58063,80,2,그 밖의 직물,,0,
5806310000,80,3,면으로 만든 것,M2,1,2013-01-01
5806320000,80,3,인조섬유로 만든 것,M2,1,2013-01-01
5806390000,80,3,그 밖의 방직용 섬유로 만든 것,M2,1,2022-01-01
5806400000,80,2,접착제로 접착한 경사(經絲)만으로 이루어진 세폭(細幅)직물(볼덕),M2,1,2013-01-01
5807,80,1,"방직용 섬유재료로 만든 레이블(label), 배지(badge)와 이와 유사한 물품[원단 상태인 것ㆍ스트립(strip) 모양인 것ㆍ특정한 모양이나 크기로 절단한 것으로 한정하며, 자수한 것은 제외한다]",,0,
580710,80,2,직조한 것,,0,
5807101000,80,3,레이블(label),,1,2013-01-01
5807109000,80,3,기타,,1,2002-01-01
580790,80,2,기타,,0,
5807901000,80,3,레이블(label),,1,2013-01-01
5807909000,80,3,기타,,1,2002-01-01
5808,80,1,"원단 상태인 브레이드(braid)와 원단 상태인 장식용 트리밍(trimming)(자수가 없는 것으로 한정하며, 메리야스 편물이나 뜨개질 편물은 제외한다), 술ㆍ폼퐁(pompon)과 이와 유사한 물품",,0,
5808100000,80,2,브레이드(braid)(원단 상태로 한정한다),,1,2013-01-01
5808900000,80,2,기타,,1,2022-01-01
5809,80,1,"금속사의 직물과 제5605호에 해당하는 금속드리사(metallised yarn)의 직물(의류ㆍ실내용품이나 이와 유사한 물품에 사용되는 것으로 한정하며, 따로 분류되는 것은 제외한다)",,0,
5809000000,80,2,"금속사의 직물과 제5605호에 해당하는 금속드리사(metallised yarn)의 직물(의류ㆍ실내용품이나 이와 유사한 물품에 사용되는 것으로 한정하며, 따로 분류되는 것은 제외한다)",M2,1,2013-01-01
5810,80,1,자수천[원단 상태인 것ㆍ스트립(strip) 모양인 것ㆍ모티프(motif)로 된 것으로 한정한다],,0,
5810100000,80,2,자수천(바탕천을 육안으로 식별할 수 없는 것으로 한정한다),,1,2013-01-01
58109,80,2,그 밖의 자수천,,0,
5810910000,80,3,면으로 만든 것,,1,2013-01-01
5810920000,80,3,인조섬유로 만든 것,,1,2013-01-01
5810990000,80,3,그 밖의 방직용 섬유로 만든 것,,1,2013-01-01
5811,80,1,"원단 상태인 방직용 누비제품(바느질이나 그 밖의 방법으로 패딩과 조합한 한 층 이상의 방직용 섬유로 만든 것으로 한정하며, 제5810호의 자수천은 제외한다)",,0,
581100,80,2,"원단 상태인 방직용 누비제품(바느질이나 그 밖의 방법으로 패딩과 조합한 한 층 이상의 방직용 섬유로 만든 것으로 한정하며, 제5810호의 자수천은 제외한다)",,0,
5811004000,80,3,인조섬유로 만든 것,,1,2013-01-01
5811009000,80,3,기타,,1,2002-01-01
59,80,0,"제59류 침투ㆍ도포ㆍ피복하거나 적층한 방직용 섬유의 직물, 공업용인 방직용 섬유제품",,0,
5901,80,1,"서적 장정용이나 이와 유사한 용도로 사용하는 방직용 섬유의 직물류로서 검(gum)이나 전분질의 물품을 도포한 것, 투사포(tracing cloth), 회화용 캔버스, 모자 제조에 사용되는 버크럼(buckram)과 이와 유사한 경화가공된 방직용 섬유의 직물",,0,
5901100000,80,2,서적 장정용이나 이와 유사한 용도로 사용하는 방직용 섬유의 직물류로서 검(gum)이나 전분질의 물품을 도포한 것,M2,1,2013-01-01
590190,80,2,기타,,0,
5901901000,80,3,투사포(tracing cloth),M2,1,2013-01-01
5901902000,80,3,회화용 캔버스,M2,1,2022-01-01
5901903000,80,3,버크럼(buckram)과 이와 유사한 경화가공된 방직용 섬유의 직물,M2,1,2013-01-01
5902,80,1,강력사의 타이어코드(tyre cord)직물[나일론이나 그 밖의 폴리아미드ㆍ폴리에스테르ㆍ비스코스레이온(viscose rayon)의 것으로 한정한다],,0,
5902100000,80,2,나일론이나 그 밖의 폴리아미드로 만든 것,M2,1,2013-01-01
5902200000,80,2,폴리에스테르로 만든 것,M2,1,2013-01-01
5902900000,80,2,기타,M2,1,2002-01-01
5903,80,1,플라스틱을 침투ㆍ도포ㆍ피복하거나 적층한 방직용 섬유의 직물류(제5902호에 해당하는 직물류는 제외한다),,0,
5903100000,80,2,폴리(염화비닐)의 것,M2,1,2002-01-01
5903200000,80,2,폴리우레탄의 것,M2,1,2002-01-01
5903900000,80,2,기타,M2,1,2002-01-01
5904,80,1,리놀륨과 방직용 섬유직물의 뒷면을 도포하거나 피복한 것으로 만든 바닥깔개(특정한 모양으로 절단한 것인지에 상관없다),,0,
5904100000,80,2,리놀륨,M2,1,2002-01-01
5904900000,80,2,기타,M2,1,2002-01-01
5905,80,1,방직용 섬유로 만든 벽 피복재,,0,
5905000000,80,2,방직용 섬유로 만든 벽 피복재,M2,1,2013-01-01
5906,80,1,고무가공을 한 방직용 섬유의 직물류(제5902호에 해당하는 직물류는 제외한다),,0,
5906100000,80,2,폭이 20센티미터 이하인 접착테이프,M2,1,2002-01-01
59069,80,2,기타,,0,
5906910000,80,3,메리야스 편물이나 뜨개질 편물,M2,1,2013-01-01
5906990000,80,3,기타,M2,1,2002-01-01
5907,80,1,"그 밖의 방법으로 침투ㆍ도포하거나 피복한 방직용 섬유의 직물류, 극장용 배경이나 스튜디오용 배경막이나 이와 유사하게 사용되는 그림이 그려진 캔버스",,0,
590700,80,2,"그 밖의 방법으로 침투ㆍ도포하거나 피복한 방직용 섬유의 직물류, 극장용 배경이나 스튜디오용 배경막이나 이와 유사하게 사용되는 그림이 그려진 캔버스",,0,
5907001000,80,3,건성유의 조제품이나 기름을 도포ㆍ침투한 방직용 섬유의 직물류,M2,1,2013-01-01
5907002000,80,3,극장용 배경이나 스튜디오용 배경막이나 이와 유사하게 사용되는 그림이 그려진 캔버스,M2,1,2017-01-01
5907009000,80,3,기타,M2,1,2002-01-01
5908,80,1,"램프용ㆍ스토브용ㆍ라이터용ㆍ양초용이나 이와 유사한 용도로 사용하는 방직용 섬유의 심지(직조ㆍ편조ㆍ편직한 것으로 한정한다), 백열가스 맨틀(mantle)과 백열가스 맨틀(mantle)용 관 모양의 편물(침투시켰는지에 상관없다)",,0,
590800,80,2,"램프용ㆍ스토브용ㆍ라이터용ㆍ양초용이나 이와 유사한 용도로 사용하는 방직용 섬유의 심지(직조ㆍ편조ㆍ편직한 것으로 한정한다), 백열가스 맨틀(mantle)과 백열가스 맨틀(mantle)용 관 모양의 편물(침투시켰는지에 상관없다)",,0,
5908001000,80,3,심지,,1,2002-01-01
5908009000,80,3,기타,,1,2002-01-01
5909,80,1,방직용 섬유로 만든 호스와 이와 유사한 관 모양의 물품(다른 재료를 내장ㆍ보강한 것인지 또는 부속품이 있는지에 상관없다),,0,
5909000000,80,2,방직용 섬유로 만든 호스와 이와 유사한 관 모양의 물품(다른 재료를 내장ㆍ보강한 것인지 또는 부속품이 있는지에 상관없다),,1,2013-01-01
5910,80,1,"전동(transmission)용ㆍ컨베이어용 벨트와 벨팅(belting)(방직용 섬유로 만든 것으로 한정하며, 플라스틱을 침투ㆍ도포ㆍ피복ㆍ적층한 것인지 또는 금속이나 그 밖의 물품으로 보강한 것인지에 상관없다)",,0,
5910000000,80,2,"전동(transmission)용ㆍ컨베이어용 벨트와 벨팅(belting)(방직용 섬유로 만든 것으로 한정하며, 플라스틱을 침투ㆍ도포ㆍ피복ㆍ적층한 것인지 또는 금속이나 그 밖의 물품으로 보강한 것인지에 상관없다)",,1,2022-01-01
5911,80,1,방직용 섬유제품과 방직용 섬유로 만든 물품(이 류의 주 제8호에 열거된 물품으로 공업용으로 사용되는 것),,0,
5911100000,80,2,"침포(針布)로 사용하는 방직용 섬유의 직물류, 펠트(felt), 펠트(felt)로 안을 붙인 직물로서 고무ㆍ가죽 그 밖의 물품을 도포ㆍ피복하거나 적층한 물품으로 그 밖의 기술적 용도로 사용하는 이와 유사한 직물[위빙스핀들(weaving spindle)(위빙빔)을 피복하기 위한 고무를 침투시킨 벨벳으로 된 세폭(細幅)직물을 포함한다]",,1,2022-01-01
5911200000,80,2,볼팅 클로스(bolting cloth)(제품인지에 상관없다),,1,2013-01-01
59113,80,2,제지용 기계나 이와 유사한 기계(예: 펄프나 석면시멘트 제조용)에 사용하는 것으로 엔드리스(endless)나 연결구를 갖춘 방직용 섬유의 직물류와 펠트(felt)류,,0,
5911310000,80,3,1제곱미터당 중량이 650그램 미만인 것,,1,2002-01-01
5911320000,80,3,1제곱미터당 중량이 650그램 이상인 것,,1,2002-01-01
5911400000,80,2,착유기나 이와 유사한 용도로 사용하는 여과포(사람 머리카락으로 만든 것을 포함한다),,1,2022-01-01
5911900000,80,2,기타,,1,2002-01-01
60,80,0,제60류 메리야스 편물과 뜨개질 편물,,0,
6001,80,1,"파일(pile) 편물[롱파일(long pile) 편물과 테리(terry) 편물을 포함하며, 메리야스 편물이나 뜨개질 편물로 한정한다]",,0,
600110,80,2,롱파일(long pile) 편물,,0,
6001101000,80,3,면으로 만든 것,M2,1,2013-01-01
6001102000,80,3,인조섬유로 만든 것,M2,1,2013-01-01
6001109000,80,3,기타,M2,1,2002-01-01
60012,80,2,루프파일(looped pile) 편물,,0,
6001210000,80,3,면으로 만든 것,M2,1,2013-01-01
6001220000,80,3,인조섬유로 만든 것,M2,1,2013-01-01
6001290000,80,3,그 밖의 방직용 섬유로 만든 것,M2,1,2013-01-01
60019,80,2,기타,,0,
6001910000,80,3,면으로 만든 것,M2,1,2013-01-01
6001920000,80,3,인조섬유로 만든 것,M2,1,2013-01-01
6001990000,80,3,그 밖의 방직용 섬유로 만든 것,M2,1,2013-01-01
6002,80,1,메리야스 편물이나 뜨개질 편물(폭이 30센티미터 이하이며 탄성사나 고무실의 함유중량이 전 중량의 100분의 5 이상인 것으로서 제6001호의 것은 제외한다),,0,
6002400000,80,2,"탄성사의 함유중량이 전 중량의 100분의 5 이상이며, 고무실은 함유하지 않은 것",M2,1,2017-01-01
6002900000,80,2,기타,M2,1,2002-01-01
6003,80,1,메리야스 편물이나 뜨개질 편물(폭이 30센티미터 이하인 것으로서 제6001호나 제6002호의 것은 제외한다),,0,
6003100000,80,2,양모나 동물의 부드러운 털로 만든 것,,1,2013-01-01
6003200000,80,2,면으로 만든 것,,1,2013-01-01
6003300000,80,2,합성섬유로 만든 것,,1,2013-01-01
6003400000,80,2,재생ㆍ반(半)합성 섬유로 만든 것,,1,2013-01-01
6003900000,80,2,기타,,1,2002-01-01
6004,80,1,메리야스 편물이나 뜨개질 편물(폭이 30센티미터를 초과하며 탄성사나 고무실의 함유중량이 전 중량의 100분의 5 이상인 것으로서 제6001호의 것은 제외한다),,0,
6004100000,80,2,"탄성사의 함유중량이 전 중량의 100분의 5 이상이며, 고무실은 함유하지 않은 것",,1,2013-01-01
6004900000,80,2,기타,,1,2017-01-01
6005,80,1,"경(經)편직 편물류[거룬(galloon) 편직기로 제조한 것을 포함하며, 제6001호부터 제6004호까지의 것은 제외한다]",,0,
60052,80,2,면으로 만든 것,,0,
6005210000,80,3,표백하지 않은 것이나 표백한 것,,1,2017-01-01
6005220000,80,3,염색한 것,,1,2017-01-01
6005230000,80,3,서로 다른 색실의 것,,1,2017-01-01
6005240000,80,3,날염한 것,,1,2017-01-01
60053,80,2,합성섬유로 만든 것,,0,
600535,80,3,이 류의 소호주 제1호에 규정된 직물,,0,
6005351000,80,4,표백하지 않은 것이나 표백한 것,,1,2017-01-01
6005352000,80,4,염색한 것,,1,2017-01-01
6005353000,80,4,서로 다른 색실의 것,,1,2017-01-01
6005354000,80,4,날염한 것,,1,2017-01-01
6005360000,80,3,기타(표백하지 않은 것이나 표백한 것으로 한정한다),,1,2017-01-01
6005370000,80,3,기타(염색한 것으로 한정한다),,1,2017-01-01
6005380000,80,3,기타(서로 다른 색실의 것으로 한정한다),,1,2017-01-01
6005390000,80,3,기타(날염한 것으로 한정한다),,1,2017-01-01
60054,80,2,재생ㆍ반(半)합성 섬유로 만든 것,,0,
6005410000,80,3,표백하지 않은 것이나 표백한 것,,1,2017-01-01
6005420000,80,3,염색한 것,,1,2017-01-01
6005430000,80,3,서로 다른 색실의 것,,1,2017-01-01
6005440000,80,3,날염한 것,,1,2017-01-01
6005900000,80,2,기타,,1,2002-01-01
6006,80,1,그 밖의 메리야스 편물이나 뜨개질 편물,,0,
6006100000,80,2,양모나 동물의 부드러운 털로 만든 것,,1,2013-01-01
60062,80,2,면으로 만든 것,,0,
6006210000,80,3,표백하지 않은 것이나 표백한 것,,1,2017-01-01
6006220000,80,3,염색한 것,,1,2017-01-01
6006230000,80,3,서로 다른 색실의 것,,1,2017-01-01
6006240000,80,3,날염한 것,,1,2002-01-01
60063,80,2,합성섬유로 만든 것,,0,
6006310000,80,3,표백하지 않은 것이나 표백한 것,,1,2017-01-01
6006320000,80,3,염색한 것,,1,2017-01-01
6006330000,80,3,서로 다른 색실의 것,,1,2017-01-01
6006340000,80,3,날염한 것,,1,2002-01-01
60064,80,2,재생ㆍ반(半)합성 섬유로 만든 것,,0,
6006410000,80,3,표백하지 않은 것이나 표백한 것,,1,2017-01-01
6006420000,80,3,염색한 것,,1,2017-01-01
6006430000,80,3,서로 다른 색실의 것,,1,2017-01-01
6006440000,80,3,날염한 것,,1,2002-01-01
6006900000,80,2,기타,,1,2002-01-01
61,80,0,제61류 의류와 그 부속품(메리야스 편물이나 뜨개질 편물로 한정한다),,0,
6101,80,1,"남성용이나 소년용 오버코트(overcoat)ㆍ카코트(car-coat)ㆍ케이프(cape)ㆍ클록(cloak)ㆍ아노락(anorak)(스키재킷을 포함한다)ㆍ윈드치터(wind-cheater)ㆍ윈드재킷(wind-jacket)과 이와 유사한 의류(메리야스 편물과 뜨개질 편물로 한정하며, 제6103호의 것은 제외한다)",,0,
6101200000,80,2,면으로 만든 것,U,1,2013-01-01
610130,80,2,인조섬유로 만든 것,,0,
6101301000,80,3,합성섬유로 만든 것,U,1,2013-01-01
6101302000,80,3,재생ㆍ반(半)합성 섬유로 만든 것,U,1,2013-01-01
6101900000,80,2,그 밖의 방직용 섬유로 만든 것,U,1,2013-01-01
6102,80,1,"여성용이나 소녀용 오버코트(overcoat)ㆍ카코트(car-coat)ㆍ케이프(cape)ㆍ클록(cloak)ㆍ아노락(anorak)(스키재킷을 포함한다)ㆍ윈드치터(wind-cheater)ㆍ윈드재킷(wind-jacket)과 이와 유사한 의류(메리야스 편물과 뜨개질 편물로 한정하며, 제6104호의 것은 제외한다)",,0,
6102100000,80,2,양모나 동물의 부드러운 털로 만든 것,U,1,2013-01-01
6102200000,80,2,면으로 만든 것,U,1,2013-01-01
610230,80,2,인조섬유로 만든 것,,0,
6102301000,80,3,합성섬유로 만든 것,U,1,2013-01-01
6102302000,80,3,재생ㆍ반(半)합성 섬유로 만든 것,U,1,2013-01-01
6102900000,80,2,그 밖의 방직용 섬유로 만든 것,U,1,2013-01-01
6103,80,1,"남성용이나 소년용 슈트ㆍ앙상블(ensemble)ㆍ재킷ㆍ블레이저(blazer)ㆍ긴 바지ㆍ가슴받이와 멜빵이 있는 바지ㆍ짧은 바지(breeches)ㆍ반바지(shorts)(메리야스 편물이나 뜨개질 편물로 한정하며, 수영복은 제외한다)",,0,
610310,80,2,슈트,,0,
6103101000,80,3,양모나 동물의 부드러운 털로 만든 것,U,1,2013-01-01
6103102000,80,3,합성섬유로 만든 것,U,1,2013-01-01
6103109000,80,3,그 밖의 방직용 섬유로 만든 것,U,1,2013-01-01
61032,80,2,앙상블(ensemble),,0,
6103220000,80,3,면으로 만든 것,U,1,2013-01-01
6103230000,80,3,합성섬유로 만든 것,U,1,2013-01-01
6103290000,80,3,그 밖의 방직용 섬유로 만든 것,U,1,2013-01-01
61033,80,2,재킷과 블레이저(blazer),,0,
6103310000,80,3,양모나 동물의 부드러운 털로 만든 것,U,1,2013-01-01
6103320000,80,3,면으로 만든 것,U,1,2013-01-01
6103330000,80,3,합성섬유로 만든 것,U,1,2013-01-01
6103390000,80,3,그 밖의 방직용 섬유로 만든 것,U,1,2013-01-01
61034,80,2,긴 바지ㆍ가슴받이와 멜빵이 있는 바지ㆍ짧은 바지(breeches)ㆍ반바지(shorts),,0,
6103410000,80,3,양모나 동물의 부드러운 털로 만든 것,U,1,2013-01-01
6103420000,80,3,면으로 만든 것,U,1,2013-01-01
6103430000,80,3,합성섬유로 만든 것,U,1,2013-01-01
6103490000,80,3,그 밖의 방직용 섬유로 만든 것,U,1,2013-01-01
6104,80,1,"여성용이나 소녀용 슈트ㆍ앙상블(ensemble)ㆍ재킷ㆍ블레이저(blazer)ㆍ드레스ㆍ스커트ㆍ치마바지ㆍ긴 바지ㆍ가슴받이와 멜빵이 있는 바지ㆍ짧은 바지(breeches)ㆍ반바지(shorts)(메리야스 편물이나 뜨개질 편물로 한정하며, 수영복은 제외한다)",,0,
61041,80,2,슈트,,0,
6104130000,80,3,합성섬유로 만든 것,U,1,2013-01-01
610419,80,3,그 밖의 방직용 섬유로 만든 것,,0,
6104191000,80,4,면으로 만든 것,U,1,2013-01-01
6104199000,80,4,기타,U,1,2007-01-01
61042,80,2,앙상블(ensemble),,0,
6104220000,80,3,면으로 만든 것,U,1,2013-01-01
6104230000,80,3,합성섬유로 만든 것,U,1,2013-01-01
6104290000,80,3,그 밖의 방직용 섬유로 만든 것,U,1,2013-01-01
61043,80,2,재킷과 블레이저(blazer),,0,
6104310000,80,3,양모나 동물의 부드러운 털로 만든 것,U,1,2013-01-01
6104320000,80,3,면으로 만든 것,U,1,2013-01-01
6104330000,80,3,합성섬유로 만든 것,U,1,2013-01-01
6104390000,80,3,그 밖의 방직용 섬유로 만든 것,U,1,2013-01-01
61044,80,2,드레스,,0,
6104410000,80,3,양모나 동물의 부드러운 털로 만든 것,U,1,2013-01-01
6104420000,80,3,면으로 만든 것,U,1,2013-01-01
6104430000,80,3,합성섬유로 만든 것,U,1,2013-01-01
6104440000,80,3,재생ㆍ반(半)합성 섬유로 만든 것,U,1,2013-01-01
610449,80,3,그 밖의 방직용 섬유로 만든 것,,0,
6104491000,80,4,견으로 만든 것,U,1,2013-01-01
6104499000,80,4,기타,U,1,2002-01-01
61045,80,2,스커트와 치마바지,,0,
6104510000,80,3,양모나 동물의 부드러운 털로 만든 것,U,1,2013-01-01
6104520000,80,3,면으로 만든 것,U,1,2013-01-01
6104530000,80,3,합성섬유로 만든 것,U,1,2013-01-01
6104590000,80,3,그 밖의 방직용 섬유로 만든 것,U,1,2013-01-01
61046,80,2,긴 바지ㆍ가슴받이와 멜빵이 있는 바지ㆍ짧은 바지(breeches)ㆍ반바지(shorts),,0,
6104610000,80,3,양모나 동물의 부드러운 털로 만든 것,U,1,2013-01-01
6104620000,80,3,면으로 만든 것,U,1,2013-01-01
6104630000,80,3,합성섬유로 만든 것,U,1,2013-01-01
6104690000,80,3,그 밖의 방직용 섬유로 만든 것,U,1,2013-01-01
6105,80,1,남성용이나 소년용 셔츠(메리야스 편물이나 뜨개질 편물로 한정한다),,0,
6105100000,80,2,면으로 만든 것,U,1,2013-01-01
610520,80,2,인조섬유로 만든 것,,0,
6105201000,80,3,합성섬유로 만든 것,U,1,2013-01-01
6105202000,80,3,재생ㆍ반(半)합성 섬유로 만든 것,U,1,2013-01-01
6105900000,80,2,그 밖의 방직용 섬유로 만든 것,U,1,2022-01-01
6106,80,1,여성용이나 소녀용 블라우스ㆍ셔츠ㆍ셔츠블라우스(메리야스 편물이나 뜨개질 편물로 한정한다),,0,
6106100000,80,2,면으로 만든 것,U,1,2013-01-01
610620,80,2,인조섬유로 만든 것,,0,
6106201000,80,3,합성섬유로 만든 것,U,1,2013-01-01
6106202000,80,3,재생ㆍ반(半)합성 섬유로 만든 것,U,1,2013-01-01
6106900000,80,2,그 밖의 방직용 섬유로 만든 것,U,1,2022-01-01
6107,80,1,남성용이나 소년용 언더팬츠ㆍ브리프(briefs)ㆍ나이트셔츠ㆍ파자마ㆍ목욕용 가운ㆍ드레싱가운과 이와 유사한 물품(메리야스 편물이나 뜨개질 편물로 한정한다),,0,
61071,80,2,언더팬츠와 브리프(briefs),,0,
6107110000,80,3,면으로 만든 것,U,1,2013-01-01
610712,80,3,인조섬유로 만든 것,,0,
6107121000,80,4,합성섬유로 만든 것,U,1,2013-01-01
6107122000,80,4,재생ㆍ반(半)합성 섬유로 만든 것,U,1,2013-01-01
6107190000,80,3,그 밖의 방직용 섬유로 만든 것,U,1,2013-01-01
61072,80,2,나이트셔츠와 파자마,,0,
6107210000,80,3,면으로 만든 것,U,1,2013-01-01
610722,80,3,인조섬유로 만든 것,,0,
6107221000,80,4,합성섬유로 만든 것,U,1,2013-01-01
6107222000,80,4,재생ㆍ반(半)합성 섬유로 만든 것,U,1,2013-01-01
6107290000,80,3,그 밖의 방직용 섬유로 만든 것,U,1,2013-01-01
61079,80,2,기타,,0,
6107910000,80,3,면으로 만든 것,U,1,2013-01-01
6107990000,80,3,그 밖의 방직용 섬유로 만든 것,U,1,2022-01-01
6108,80,1,여성용이나 소녀용 슬립ㆍ페티코트(petticoat)ㆍ브리프(briefs)ㆍ팬티ㆍ나이트드레스ㆍ파자마ㆍ네그리제(negligee)ㆍ목욕용 가운ㆍ드레싱가운과 이와 유사한 의류(메리야스 편물이나 뜨개질 편물로 한정한다),,0,
61081,80,2,슬립과 페티코트(petticoat),,0,
610811,80,3,인조섬유로 만든 것,,0,
6108111000,80,4,합성섬유로 만든 것,U,1,2013-01-01
6108112000,80,4,재생ㆍ반(半)합성 섬유로 만든 것,U,1,2013-01-01
6108190000,80,3,그 밖의 방직용 섬유로 만든 것,U,1,2022-01-01
61082,80,2,브리프(briefs)와 팬티,,0,
6108210000,80,3,면으로 만든 것,U,1,2013-01-01
610822,80,3,인조섬유로 만든 것,,0,
6108221000,80,4,합성섬유로 만든 것,U,1,2013-01-01
6108222000,80,4,재생ㆍ반(半)합성 섬유로 만든 것,U,1,2013-01-01
6108290000,80,3,그 밖의 방직용 섬유로 만든 것,U,1,2013-01-01
61083,80,2,나이트드레스와 파자마,,0,
6108310000,80,3,면으로 만든 것,U,1,2013-01-01
610832,80,3,인조섬유로 만든 것,,0,
6108321000,80,4,합성섬유로 만든 것,U,1,2013-01-01
6108322000,80,4,재생ㆍ반(半)합성 섬유로 만든 것,U,1,2013-01-01
6108390000,80,3,그 밖의 방직용 섬유로 만든 것,U,1,2013-01-01
61089,80,2,기타,,0,
6108910000,80,3,면으로 만든 것,U,1,2013-01-01
610892,80,3,인조섬유로 만든 것,,0,
6108921000,80,4,합성섬유로 만든 것,U,1,2013-01-01
6108922000,80,4,재생ㆍ반(半)합성 섬유로 만든 것,U,1,2013-01-01
6108990000,80,3,그 밖의 방직용 섬유로 만든 것,U,1,2022-01-01
6109,80,1,티셔츠ㆍ싱글리트(singlet)와 그 밖의 조끼(메리야스 편물이나 뜨개질 편물로 한정한다),,0,
610910,80,2,면으로 만든 것,,0,
6109101000,80,3,티셔츠,U,1,2002-01-01
6109109000,80,3,기타,U,1,2002-01-01
610990,80,2,그 밖의 방직용 섬유로 만든 것,,0,
61099010,80,3,견으로 만든 것,,0,
6109901010,80,4,티셔츠,U,1,2002-01-01
6109901090,80,4,기타,U,1,2002-01-01
61099020,80,3,양모나 동물의 부드러운 털로 만든 것,,0,
6109902010,80,4,티셔츠,U,1,2002-01-01
6109902090,80,4,기타,U,1,2002-01-01
61099030,80,3,인조섬유로 만든 것,,0,
6109903010,80,4,티셔츠,U,1,2002-01-01
6109903090,80,4,기타,U,1,2002-01-01
61099090,80,3,기타,,0,
6109909010,80,4,티셔츠,U,1,2002-01-01
6109909090,80,4,기타,U,1,2002-01-01
6110,80,1,저지(jersey)ㆍ풀오버(pullover)ㆍ카디건(cardigan)ㆍ웨이스트코트(waistcoat)와 이와 유사한 의류(메리야스 편물이나 뜨개질 편물로 한정한다),,0,
61101,80,2,양모나 동물의 부드러운 털로 만든 것,,0,
6110110000,80,3,양모로 만든 것,U,1,2017-01-01
6110120000,80,3,캐시미어 염소의 털로 만든 것,U,1,2022-01-01
6110190000,80,3,기타,U,1,2002-01-01
6110200000,80,2,면으로 만든 것,U,1,2013-01-01
611030,80,2,인조섬유로 만든 것,,0,
6110301000,80,3,합성섬유로 만든 것,U,1,2013-01-01
6110302000,80,3,재생ㆍ반(半)합성 섬유로 만든 것,U,1,2013-01-01
611090,80,2,그 밖의 방직용 섬유로 만든 것,,0,
6110901000,80,3,견으로 만든 것,U,1,2013-01-01
6110909000,80,3,기타,U,1,2002-01-01
6111,80,1,유아용 의류와 그 부속품(메리야스 편물이나 뜨개질 편물로 한정한다),,0,
611120,80,2,면으로 만든 것,,0,
6111201000,80,3,의류,U,1,2002-01-01
6111202000,80,3,부속품,U,1,2002-01-01
611130,80,2,합성섬유로 만든 것,,0,
6111301000,80,3,의류,U,1,2002-01-01
6111302000,80,3,부속품,U,1,2002-01-01
611190,80,2,그 밖의 방직용 섬유로 만든 것,,0,
6111901000,80,3,의류,U,1,2002-01-01
6111902000,80,3,부속품,U,1,2002-01-01
6112,80,1,트랙슈트ㆍ스키슈트ㆍ수영복(메리야스 편물이나 뜨개질 편물로 한정한다),,0,
61121,80,2,트랙슈트,,0,
6112110000,80,3,면으로 만든 것,U,1,2013-01-01
6112120000,80,3,합성섬유로 만든 것,U,1,2013-01-01
6112190000,80,3,그 밖의 방직용 섬유로 만든 것,U,1,2013-01-01
6112200000,80,2,스키슈트,U,1,2022-01-01
61123,80,2,남성용이나 소년용 수영복,,0,
6112310000,80,3,합성섬유로 만든 것,U,1,2013-01-01
6112390000,80,3,그 밖의 방직용 섬유로 만든 것,U,1,2013-01-01
61124,80,2,여성용이나 소녀용 수영복,,0,
6112410000,80,3,합성섬유로 만든 것,U,1,2013-01-01
6112490000,80,3,그 밖의 방직용 섬유로 만든 것,U,1,2013-01-01
6113,80,1,의류(제5903호ㆍ제5906호ㆍ제5907호에 해당하는 메리야스 편물이나 뜨개질 편물로 한정한다),,0,
611300,80,2,의류(제5903호ㆍ제5906호ㆍ제5907호에 해당하는 메리야스 편물이나 뜨개질 편물로 한정한다),,0,
6113001000,80,3,제5903호의 것,U,1,2002-01-01
6113002000,80,3,제5906호의 것,U,1,2002-01-01
6113003000,80,3,제5907호의 것,U,1,2002-01-01
6114,80,1,그 밖의 의류(메리야스 편물이나 뜨개질 편물로 한정한다),,0,
6114200000,80,2,면으로 만든 것,U,1,2013-01-01
611430,80,2,인조섬유로 만든 것,,0,
6114301000,80,3,합성섬유로 만든 것,U,1,2013-01-01
6114302000,80,3,재생ㆍ반(半)합성 섬유로 만든 것,U,1,2013-01-01
6114900000,80,2,그 밖의 방직용 섬유로 만든 것,U,1,2022-01-01
6115,80,1,"팬티호스(panty hose)ㆍ타이츠(tights)ㆍ스타킹과 그 밖의 양말류[단계압박 양말류(예: 정맥류 치료용 스타킹)와 바닥을 대지 않은 신발류를 포함하며, 메리야스 편물이나 뜨개질 편물로 한정한다]",,0,
6115100000,80,2,단계압박 양말류(예: 정맥류 치료용 스타킹),U,1,2017-01-01
61152,80,2,그 밖의 팬티호스(panty hose)와 타이츠(tights),,0,
6115210000,80,3,합성섬유로 만든 것(구성하는 단사가 67데시텍스 미만인 것으로 한정한다),U,1,2013-01-01
6115220000,80,3,합성섬유로 만든 것(구성하는 단사가 67데시텍스 이상인 것으로 한정한다),U,1,2013-01-01
6115290000,80,3,그 밖의 방직용 섬유로 만든 것,U,1,2013-01-01
6115300000,80,2,그 밖의 여성용인 전길이(full-length)나 무릎길이(knee-length)의 양말(구성하는 단사가 67데시텍스 미만인 것으로 한정한다),U,1,2022-01-01
61159,80,2,기타,,0,
6115940000,80,3,양모나 동물의 부드러운 털로 만든 것,U,1,2013-01-01
6115950000,80,3,면으로 만든 것,U,1,2013-01-01
6115960000,80,3,합성섬유로 만든 것,U,1,2013-01-01
6115990000,80,3,그 밖의 방직용 섬유로 만든 것,U,1,2013-01-01
6116,80,1,장갑류(메리야스 편물이나 뜨개질 편물로 한정한다),,0,
6116100000,80,2,플라스틱이나 고무를 침투ㆍ도포ㆍ피복하거나 적층한 것,U,1,2022-01-01
61169,80,2,기타,,0,
6116910000,80,3,양모나 동물의 부드러운 털로 만든 것,U,1,2013-01-01
611692,80,3,면으로 만든 것,,0,
6116921000,80,4,작업용 장갑,U,1,2002-01-01
6116929000,80,4,기타,U,1,2002-01-01
6116930000,80,3,합성섬유로 만든 것,U,1,2013-01-01
6116990000,80,3,그 밖의 방직용 섬유로 만든 것,U,1,2013-01-01
6117,80,1,그 밖의 메리야스 편물이나 뜨개질 편물로 만든 의류부속품과 의류ㆍ의류부속품의 부분품,,0,
611710,80,2,숄(shawl)ㆍ스카프ㆍ머플러ㆍ만틸라(mantilla)ㆍ베일(veil)과 이와 유사한 물품,,0,
6117101000,80,3,견으로 만든 것,U,1,2013-01-01
6117102000,80,3,양모나 동물의 부드러운 털로 만든 것,U,1,2013-01-01
6117103000,80,3,면으로 만든 것,U,1,2013-01-01
6117104000,80,3,인조섬유로 만든 것,U,1,2013-01-01
6117109000,80,3,기타,U,1,2002-01-01
6117800000,80,2,그 밖의 부속품,U,1,2022-01-01
6117900000,80,2,부분품,,1,2002-01-01
62,80,0,제62류 의류와 그 부속품(메리야스 편물이나 뜨개질편물은 제외한다),,0,
6201,80,1,남성용이나 소년용 오버코트(overcoat)ㆍ카코트(car-coat)ㆍ케이프(cape)ㆍ클록(cloak)ㆍ아노락(anorak)(스키재킷을 포함한다)ㆍ윈드치터(wind-cheater)ㆍ윈드재킷(wind-jacket)과 이와 유사한 의류(제6203호의 것은 제외한다),,0,
620120,80,2,양모나 동물의 부드러운 털로 만든 것,,0,
6201201000,80,3,오버코트(overcoat)ㆍ레인코트(raincoat)ㆍ카코트(car-coat)ㆍ케이프(cape)ㆍ클록(cloak)과 이와 유사한 의류,U,1,2022-01-01
6201209000,80,3,기타,U,1,2022-01-01
620130,80,2,면으로 만든 것,,0,
6201301000,80,3,오버코트(overcoat)ㆍ레인코트(raincoat)ㆍ카코트(car-coat)ㆍ케이프(cape)ㆍ클록(cloak)과 이와 유사한 의류,U,1,2022-01-01
6201309000,80,3,기타,U,1,2022-01-01
620140,80,2,인조섬유로 만든 것,,0,
62014010,80,3,합성섬유로 만든 것,,0,
6201401010,80,4,오버코트(overcoat)ㆍ레인코트(raincoat)ㆍ카코트(car-coat)ㆍ케이프(cape)ㆍ클록(cloak)과 이와 유사한 의류,U,1,2022-01-01
6201401090,80,4,기타,U,1,2022-01-01
62014090,80,3,재생ㆍ반(半)합성 섬유로 만든 것,,0,
6201409010,80,4,오버코트(overcoat)ㆍ레인코트(raincoat)ㆍ카코트(car-coat)ㆍ케이프(cape)ㆍ클록(cloak)과 이와 유사한 의류,U,1,2022-01-01
6201409090,80,4,기타,U,1,2022-01-01
620190,80,2,그 밖의 방직용 섬유로 만든 것,,0,
6201901000,80,3,오버코트(overcoat)ㆍ레인코트(raincoat)ㆍ카코트(car-coat)ㆍ케이프(cape)ㆍ클록(cloak)과 이와 유사한 의류,U,1,2022-01-01
6201909000,80,3,기타,U,1,2022-01-01
6202,80,1,여성용이나 소녀용 오버코트(overcoat)ㆍ카코트(car-coat)ㆍ케이프(cape)ㆍ클록(cloak)ㆍ아노락(anorak)(스키재킷을 포함한다)ㆍ윈드치터(wind-cheater)ㆍ윈드재킷(wind-jacket)과 이와 유사한 의류(제6204호의 것은 제외한다),,0,
620220,80,2,양모나 동물의 부드러운 털로 만든 것,,0,
6202201000,80,3,오버코트(overcoat)ㆍ레인코트(raincoat)ㆍ카코트(car-coat)ㆍ케이프(cape)ㆍ클록(cloak)과 이와 유사한 의류,U,1,2022-01-01
6202209000,80,3,기타,U,1,2022-01-01
620230,80,2,면으로 만든 것,,0,
6202301000,80,3,오버코트(overcoat)ㆍ레인코트(raincoat)ㆍ카코트(car-coat)ㆍ케이프(cape)ㆍ클록(cloak)과 이와 유사한 의류,U,1,2022-01-01
6202309000,80,3,기타,U,1,2022-01-01
620240,80,2,인조섬유로 만든 것,,0,
62024010,80,3,합성섬유로 만든 것,,0,
6202401010,80,4,오버코트(overcoat)ㆍ레인코트(raincoat)ㆍ카코트(car-coat)ㆍ케이프(cape)ㆍ클록(cloak)과 이와 유사한 의류,U,1,2022-01-01
6202401090,80,4,기타,U,1,2022-01-01
62024090,80,3,재생ㆍ반(半)합성 섬유로 만든 것,,0,
6202409010,80,4,오버코트(overcoat)ㆍ레인코트(raincoat)ㆍ카코트(car-coat)ㆍ케이프(cape)ㆍ클록(cloak)과 이와 유사한 의류,U,1,2022-01-01
6202409090,80,4,기타,U,1,2022-01-01
620290,80,2,그 밖의 방직용 섬유로 만든 것,,0,
6202901000,80,3,오버코트(overcoat)ㆍ레인코트(raincoat)ㆍ카코트(car-coat)ㆍ케이프(cape)ㆍ클록(cloak)과 이와 유사한 의류,U,1,2022-01-01
6202909000,80,3,기타,U,1,2022-01-01
6203,80,1,남성용이나 소년용 슈트ㆍ앙상블(ensemble)ㆍ재킷ㆍ블레이저(blazer)ㆍ긴 바지ㆍ가슴받이와 멜빵이 있는 바지ㆍ짧은 바지(breeches)ㆍ반바지(shorts)(수영복은 제외한다),,0,
62031,80,2,슈트,,0,
6203110000,80,3,양모나 동물의 부드러운 털로 만든 것,U,1,2013-01-01
6203120000,80,3,합성섬유로 만든 것,U,1,2013-01-01
6203190000,80,3,그 밖의 방직용 섬유로 만든 것,U,1,2013-01-01
62032,80,2,앙상블(ensemble),,0,
6203220000,80,3,면으로 만든 것,U,1,2013-01-01
6203230000,80,3,합성섬유로 만든 것,U,1,2013-01-01
6203290000,80,3,그 밖의 방직용 섬유로 만든 것,U,1,2022-01-01
62033,80,2,재킷과 블레이저(blazer),,0,
6203310000,80,3,양모나 동물의 부드러운 털로 만든 것,U,1,2013-01-01
6203320000,80,3,면으로 만든 것,U,1,2013-01-01
6203330000,80,3,합성섬유로 만든 것,U,1,2013-01-01
6203390000,80,3,그 밖의 방직용 섬유로 만든 것,U,1,2013-01-01
62034,80,2,긴 바지ㆍ가슴받이와 멜빵이 있는 바지ㆍ짧은 바지(breeches)ㆍ반바지(shorts),,0,
6203410000,80,3,양모나 동물의 부드러운 털로 만든 것,U,1,2013-01-01
620342,80,3,면으로 만든 것,,0,
6203421000,80,4,데님의 것(청바지를 포함한다),U,1,2002-01-01
6203429000,80,4,기타,U,1,2002-01-01
6203430000,80,3,합성섬유로 만든 것,U,1,2013-01-01
6203490000,80,3,그 밖의 방직용 섬유로 만든 것,U,1,2013-01-01
6204,80,1,여성용이나 소녀용 슈트ㆍ앙상블(ensemble)ㆍ재킷ㆍ블레이저(blazer)ㆍ드레스ㆍ스커트ㆍ치마바지ㆍ긴 바지ㆍ가슴받이와 멜빵이 있는 바지ㆍ짧은 바지(breeches)ㆍ반바지(shorts)(수영복은 제외한다),,0,
62041,80,2,슈트,,0,
6204110000,80,3,양모나 동물의 부드러운 털로 만든 것,U,1,2013-01-01
6204120000,80,3,면으로 만든 것,U,1,2013-01-01
6204130000,80,3,합성섬유로 만든 것,U,1,2013-01-01
6204190000,80,3,그 밖의 방직용 섬유로 만든 것,U,1,2022-01-01
62042,80,2,앙상블(ensemble),,0,
6204210000,80,3,양모나 동물의 부드러운 털로 만든 것,U,1,2013-01-01
6204220000,80,3,면으로 만든 것,U,1,2013-01-01
6204230000,80,3,합성섬유로 만든 것,U,1,2013-01-01
6204290000,80,3,그 밖의 방직용 섬유로 만든 것,U,1,2022-01-01
62043,80,2,재킷과 블레이저(blazer),,0,
6204310000,80,3,양모나 동물의 부드러운 털로 만든 것,U,1,2013-01-01
6204320000,80,3,면으로 만든 것,U,1,2013-01-01
6204330000,80,3,합성섬유로 만든 것,U,1,2013-01-01
620439,80,3,그 밖의 방직용 섬유로 만든 것,,0,
6204391000,80,4,견으로 만든 것,U,1,2013-01-01
6204399000,80,4,기타,U,1,2002-01-01
62044,80,2,드레스,,0,
6204410000,80,3,양모나 동물의 부드러운 털로 만든 것,U,1,2013-01-01
6204420000,80,3,면으로 만든 것,U,1,2013-01-01
6204430000,80,3,합성섬유로 만든 것,U,1,2013-01-01
6204440000,80,3,재생ㆍ반(半)합성 섬유로 만든 것,U,1,2013-01-01
620449,80,3,그 밖의 방직용 섬유로 만든 것,,0,
6204491000,80,4,견으로 만든 것,U,1,2013-01-01
6204499000,80,4,기타,U,1,2002-01-01
62045,80,2,스커트와 치마바지,,0,
6204510000,80,3,양모나 동물의 부드러운 털로 만든 것,U,1,2013-01-01
6204520000,80,3,면으로 만든 것,U,1,2013-01-01
6204530000,80,3,합성섬유로 만든 것,U,1,2013-01-01
620459,80,3,그 밖의 방직용 섬유로 만든 것,,0,
6204591000,80,4,견으로 만든 것,U,1,2013-01-01
6204599000,80,4,기타,U,1,2002-01-01
62046,80,2,긴 바지ㆍ가슴받이와 멜빵이 있는 바지ㆍ짧은 바지(breeches)ㆍ반바지(shorts),,0,
6204610000,80,3,양모나 동물의 부드러운 털로 만든 것,U,1,2013-01-01
620462,80,3,면으로 만든 것,,0,
6204621000,80,4,데님의 것(청바지를 포함한다),U,1,2002-01-01
6204629000,80,4,기타,U,1,2002-01-01
6204630000,80,3,합성섬유로 만든 것,U,1,2013-01-01
620469,80,3,그 밖의 방직용 섬유로 만든 것,,0,
6204691000,80,4,견으로 만든 것,U,1,2013-01-01
6204699000,80,4,기타,U,1,2002-01-01
6205,80,1,남성용이나 소년용 셔츠,,0,
6205200000,80,2,면으로 만든 것,U,1,2013-01-01
620530,80,2,인조섬유로 만든 것,,0,
6205301000,80,3,합성섬유로 만든 것,U,1,2013-01-01
6205302000,80,3,재생ㆍ반(半)합성 섬유로 만든 것,U,1,2013-01-01
6205900000,80,2,그 밖의 방직용 섬유로 만든 것,U,1,2022-01-01
6206,80,1,여성용이나 소녀용 블라우스ㆍ셔츠ㆍ셔츠블라우스,,0,
6206100000,80,2,견이나 견 웨이스트(waste)로 만든 것,U,1,2013-01-01
6206200000,80,2,양모나 동물의 부드러운 털로 만든 것,U,1,2013-01-01
6206300000,80,2,면으로 만든 것,U,1,2013-01-01
620640,80,2,인조섬유로 만든 것,,0,
6206401000,80,3,합성섬유로 만든 것,U,1,2013-01-01
6206402000,80,3,재생ㆍ반(半)합성 섬유로 만든 것,U,1,2013-01-01
6206900000,80,2,그 밖의 방직용 섬유로 만든 것,U,1,2013-01-01
6207,80,1,남성용이나 소년용 싱글리트(singlet)와 그 밖의 조끼ㆍ언더팬츠ㆍ브리프(briefs)ㆍ나이트셔츠ㆍ파자마ㆍ목욕용 가운ㆍ드레싱가운과 이와 유사한 물품,,0,
62071,80,2,언더팬츠와 브리프(briefs),,0,
6207110000,80,3,면으로 만든 것,U,1,2013-01-01
620719,80,3,그 밖의 방직용 섬유로 만든 것,,0,
6207191000,80,4,인조섬유로 만든 것,U,1,2013-01-01
6207199000,80,4,기타,U,1,2002-01-01
62072,80,2,나이트셔츠와 파자마,,0,
6207210000,80,3,면으로 만든 것,U,1,2013-01-01
620722,80,3,인조섬유로 만든 것,,0,
6207221000,80,4,합성섬유로 만든 것,U,1,2013-01-01
6207222000,80,4,재생ㆍ반(半)합성 섬유로 만든 것,U,1,2013-01-01
6207290000,80,3,그 밖의 방직용 섬유로 만든 것,U,1,2013-01-01
62079,80,2,기타,,0,
6207910000,80,3,면으로 만든 것,U,1,2013-01-01
620799,80,3,그 밖의 방직용 섬유로 만든 것,,0,
6207991000,80,4,견으로 만든 것,U,1,2013-01-01
6207992000,80,4,양모나 동물의 부드러운 털로 만든 것,U,1,2013-01-01
62079930,80,4,인조섬유로 만든 것,,0,
6207993010,80,5,합성섬유로 만든 것,U,1,2013-01-01
6207993020,80,5,재생ㆍ반(半)합성 섬유로 만든 것,U,1,2013-01-01
6207999000,80,4,기타,U,1,2002-01-01
6208,80,1,여성용이나 소녀용 싱글리트(singlet)와 그 밖의 조끼ㆍ슬립ㆍ페티코트(petticoat)ㆍ브리프(briefs)ㆍ팬티ㆍ나이트드레스ㆍ파자마ㆍ네그리제(negligee)ㆍ목욕용 가운ㆍ드레싱가운과 이와 유사한 의류,,0,
62081,80,2,슬립과 페티코트(petticoat),,0,
620811,80,3,인조섬유로 만든 것,,0,
6208111000,80,4,합성섬유로 만든 것,U,1,2013-01-01
6208112000,80,4,재생ㆍ반(半)합성 섬유로 만든 것,U,1,2013-01-01
6208190000,80,3,그 밖의 방직용 섬유로 만든 것,U,1,2022-01-01
62082,80,2,나이트드레스와 파자마,,0,
6208210000,80,3,면으로 만든 것,U,1,2013-01-01
620822,80,3,인조섬유로 만든 것,,0,
6208221000,80,4,합성섬유로 만든 것,U,1,2013-01-01
6208222000,80,4,재생ㆍ반(半)합성 섬유로 만든 것,U,1,2013-01-01
6208290000,80,3,그 밖의 방직용 섬유로 만든 것,U,1,2013-01-01
62089,80,2,기타,,0,
6208910000,80,3,면으로 만든 것,U,1,2013-01-01
620892,80,3,인조섬유로 만든 것,,0,
6208921000,80,4,합성섬유로 만든 것,U,1,2013-01-01
6208922000,80,4,재생ㆍ반(半)합성 섬유로 만든 것,U,1,2013-01-01
6208990000,80,3,그 밖의 방직용 섬유로 만든 것,U,1,2022-01-01
6209,80,1,유아용 의류와 그 부속품,,0,
620920,80,2,면으로 만든 것,,0,
6209201000,80,3,의류,U,1,2002-01-01
6209202000,80,3,부속품,U,1,2002-01-01
620930,80,2,합성섬유로 만든 것,,0,
6209301000,80,3,의류,U,1,2002-01-01
6209302000,80,3,부속품,U,1,2002-01-01
620990,80,2,그 밖의 방직용 섬유로 만든 것,,0,
6209901000,80,3,의류,U,1,2022-01-14
6209902000,80,3,부속품,U,1,2002-01-01
6210,80,1,의류(제5602호ㆍ제5603호ㆍ제5903호ㆍ제5906호ㆍ제5907호의 직물류의 제품으로 한정한다),,0,
621010,80,2,제5602호나 제5603호의 직물로 만든 것,,0,
6210101000,80,3,제5602호의 직물로 만든 것,U,1,2013-01-01
6210102000,80,3,제5603호의 직물로 만든 것,U,1,2013-01-01
621020,80,2,그 밖의 의류(제6201호에 열거된 종류의 것으로 한정한다),,0,
62102010,80,3,오버코트(overcoat)ㆍ레인코트(raincoat)ㆍ카코트(car-coat)ㆍ케이프(cape)ㆍ클록(cloak)과 이와 유사한 의류,,0,
6210201010,80,4,제5903호의 직물로 만든 것,U,1,2022-01-01
6210201020,80,4,제5906호의 직물로 만든 것,U,1,2022-01-01
6210201030,80,4,제5907호의 직물로 만든 것,U,1,2022-01-01
62102090,80,3,기타,,0,
6210209010,80,4,제5903호의 직물로 만든 것,U,1,2022-01-01
6210209020,80,4,제5906호의 직물로 만든 것,U,1,2022-01-01
6210209030,80,4,제5907호의 직물로 만든 것,U,1,2022-01-01
621030,80,2,그 밖의 의류(제6202호에 열거된 종류의 것으로 한정한다),,0,
62103010,80,3,오버코트(overcoat)ㆍ레인코트(raincoat)ㆍ카코트(car-coat)ㆍ케이프(cape)ㆍ클록(cloak)과 이와 유사한 의류,,0,
6210301010,80,4,제5903호의 직물로 만든 것,U,1,2022-01-01
6210301020,80,4,제5906호의 직물로 만든 것,U,1,2022-01-01
6210301030,80,4,제5907호의 직물로 만든 것,U,1,2022-01-01
62103090,80,3,기타,,0,
6210309010,80,4,제5903호의 직물로 만든 것,U,1,2022-01-01
6210309020,80,4,제5906호의 직물로 만든 것,U,1,2022-01-01
6210309030,80,4,제5907호의 직물로 만든 것,U,1,2022-01-01
621040,80,2,그 밖의 남성용이나 소년용 의류,,0,
6210401000,80,3,제5903호의 직물로 만든 것,U,1,2013-01-01
6210402000,80,3,제5906호의 직물로 만든 것,U,1,2013-01-01
6210403000,80,3,제5907호의 직물로 만든 것,U,1,2013-01-01
621050,80,2,그 밖의 여성용이나 소녀용 의류,,0,
6210501000,80,3,제5903호의 직물로 만든 것,U,1,2013-01-01
6210502000,80,3,제5906호의 직물로 만든 것,U,1,2013-01-01
6210503000,80,3,제5907호의 직물로 만든 것,U,1,2013-01-01
6211,80,1,트랙슈트ㆍ스키슈트ㆍ수영복과 그 밖의 의류,,0,
62111,80,2,수영복,,0,
621111,80,3,남성용이나 소년용,,0,
6211111000,80,4,인조섬유로 만든 것,U,1,2013-01-01
6211119000,80,4,기타,U,1,2002-01-01
621112,80,3,여성용이나 소녀용,,0,
6211121000,80,4,인조섬유로 만든 것,U,1,2013-01-01
6211129000,80,4,기타,U,1,2002-01-01
621120,80,2,스키슈트,,0,
6211201000,80,3,인조섬유로 만든 것,U,1,2013-01-01
6211209000,80,3,기타,U,1,2002-01-01
62113,80,2,남성용이나 소년용 그 밖의 의류,,0,
621132,80,3,면으로 만든 것,,0,
6211321000,80,4,"유도, 태권도와 그 밖의 동양 무술복",U,1,2013-01-01
6211329000,80,4,기타,U,1,2003-01-01
621133,80,3,인조섬유로 만든 것,,0,
6211331000,80,4,합성섬유로 만든 것,U,1,2013-01-01
6211332000,80,4,재생ㆍ반(半)합성 섬유로 만든 것,U,1,2013-01-01
621139,80,3,그 밖의 방직용 섬유로 만든 것,,0,
6211391000,80,4,양모나 동물의 부드러운 털로 만든 것,U,1,2013-01-01
6211399000,80,4,기타,U,1,2007-01-01
62114,80,2,여성용이나 소녀용 그 밖의 의류,,0,
621142,80,3,면으로 만든 것,,0,
6211421000,80,4,"유도, 태권도와 그 밖의 동양 무술복",U,1,2013-01-01
6211429000,80,4,기타,U,1,2003-01-01
621143,80,3,인조섬유로 만든 것,,0,
6211431000,80,4,합성섬유로 만든 것,U,1,2013-01-01
6211432000,80,4,재생ㆍ반(半)합성 섬유로 만든 것,U,1,2013-01-01
621149,80,3,그 밖의 방직용 섬유로 만든 것,,0,
6211491000,80,4,양모나 동물의 부드러운 털로 만든 것,U,1,2013-01-01
6211499000,80,4,기타,U,1,2012-01-01
6212,80,1,"브래지어ㆍ거들ㆍ코르셋(corset)ㆍ브레이스(braces)ㆍ서스펜더(suspender)ㆍ가터(garter)와 이와 유사한 제품, 이들의 부분품(메리야스 편물이나 뜨개질 편물로 만든 것인지에 상관없다)",,0,
621210,80,2,브래지어,,0,
6212101000,80,3,면으로 만든 것,U,1,2013-01-01
6212102000,80,3,인조섬유로 만든 것,U,1,2013-01-01
6212109000,80,3,기타,U,1,2002-01-01
621220,80,2,거들과 팬티거들,,0,
6212201000,80,3,면으로 만든 것,U,1,2013-01-01
6212202000,80,3,인조섬유로 만든 것,U,1,2013-01-01
6212209000,80,3,기타,U,1,2002-01-01
6212300000,80,2,코르슬렛(corselette),U,1,2015-01-01
6212900000,80,2,기타,U,1,2002-01-01
6213,80,1,손수건,,0,
6213200000,80,2,면으로 만든 것,U,1,2013-01-01
6213900000,80,2,그 밖의 방직용 섬유로 만든 것,U,1,2013-01-01
6214,80,1,숄(shawl)ㆍ스카프ㆍ머플러ㆍ만틸라(mantilla)ㆍ베일(veil)과 이와 유사한 물품,,0,
6214100000,80,2,견이나 견 웨이스트(waste)로 만든 것,U,1,2013-01-01
6214200000,80,2,양모나 동물의 부드러운 털로 만든 것,U,1,2013-01-01
6214300000,80,2,합성섬유로 만든 것,U,1,2013-01-01
6214400000,80,2,재생ㆍ반(半)합성 섬유로 만든 것,U,1,2013-01-01
6214900000,80,2,그 밖의 방직용 섬유로 만든 것,U,1,2013-01-01
6215,80,1,넥타이류,,0,
6215100000,80,2,견이나 견 웨이스트(waste)로 만든 것,U,1,2013-01-01
6215200000,80,2,인조섬유로 만든 것,U,1,2013-01-01
6215900000,80,2,그 밖의 방직용 섬유로 만든 것,U,1,2013-01-01
6216,80,1,장갑류,,0,
621600,80,2,장갑류,,0,
6216001000,80,3,"플라스틱ㆍ고무를 침투, 도포, 피복한 것",U,1,2013-01-01
6216009000,80,3,기타,U,1,2002-01-01
6217,80,1,"그 밖의 제품으로 된 의류부속품, 의류ㆍ의류부속품의 부분품(제6212호에 해당하는 것은 제외한다)",,0,
6217100000,80,2,부속품,U,1,2002-01-01
6217900000,80,2,부분품,U,1,2002-01-01
63,80,0,"제63류 제품으로 된 방직용 섬유의 그 밖의 물품, 세트, 사용하던 의류ㆍ방직용 섬유제품, 넝마",,0,
6301,80,1,모포류와 여행용 러그(rug),,0,
6301100000,80,2,전기모포,U,1,2002-01-01
6301200000,80,2,양모나 동물의 부드러운 털로 만든 모포(전기모포는 제외한다)와 여행용 러그(rug),U,1,2013-01-01
6301300000,80,2,면으로 만든 모포(전기모포는 제외한다)와 여행용 러그(rug),U,1,2013-01-01
6301400000,80,2,합성섬유로 만든 모포(전기모포는 제외한다)와 여행용 러그(rug),U,1,2025-01-01
6301900000,80,2,그 밖의 모포와 여행용 러그(rug),U,1,2013-01-01
6302,80,1,베드린넨(bed linen)ㆍ테이블린넨(table linen)ㆍ토일렛린넨(toilet linen)ㆍ주방린넨(kitchen linen),,0,
630210,80,2,베드린넨(bed linen)(메리야스 편물이나 뜨개질 편물로 한정한다),,0,
6302101000,80,3,면으로 만든 것,U,1,2013-01-01
6302109000,80,3,기타,U,1,2002-01-01
63022,80,2,그 밖의 베드린넨(bed linen)(날염된 것으로 한정한다),,0,
6302210000,80,3,면으로 만든 것,U,1,2013-01-01
6302220000,80,3,인조섬유로 만든 것,U,1,2013-01-01
6302290000,80,3,그 밖의 방직용 섬유로 만든 것,U,1,2013-01-01
63023,80,2,그 밖의 베드린넨(bed linen),,0,
6302310000,80,3,면으로 만든 것,U,1,2013-01-01
6302320000,80,3,인조섬유로 만든 것,U,1,2013-01-01
6302390000,80,3,그 밖의 방직용 섬유로 만든 것,U,1,2013-01-01
6302400000,80,2,테이블린넨(table linen)(메리야스 편물이나 뜨개질 편물로 한정한다),U,1,2013-01-01
63025,80,2,그 밖의 테이블린넨(table linen),,0,
6302510000,80,3,면으로 만든 것,U,1,2013-01-01
6302530000,80,3,인조섬유로 만든 것,U,1,2013-01-01
6302590000,80,3,그 밖의 방직용 섬유로 만든 것,U,1,2013-01-01
6302600000,80,2,면으로 만든 토일렛린넨(toilet linen)과 주방린넨(kitchen linen)[테리타월지(terry towelling fabric)나 그 밖에 이와 유사한 테리(terry)직물의 것으로 한정한다],U,1,2013-01-01
63029,80,2,기타,,0,
6302910000,80,3,면으로 만든 것,U,1,2013-01-01
6302930000,80,3,인조섬유로 만든 것,,1,2013-01-01
6302990000,80,3,그 밖의 방직용 섬유로 만든 것,,1,2013-01-01
6303,80,1,"커튼[드레이프(drape)를 포함한다]ㆍ실내용 블라인드(blind), 커튼이나 침대용 밸런스(valance)",,0,
63031,80,2,메리야스 편물이나 뜨개질 편물로 만든 것,,0,
6303120000,80,3,합성섬유로 만든 것,,1,2013-01-01
6303190000,80,3,그 밖의 방직용 섬유로 만든 것,,1,2022-01-01
63039,80,2,기타,,0,
6303910000,80,3,면으로 만든 것,,1,2013-01-01
6303920000,80,3,합성섬유로 만든 것,,1,2013-01-01
6303990000,80,3,그 밖의 방직용 섬유로 만든 것,,1,2013-01-01
6304,80,1,그 밖의 실내용품(제9404호의 물품은 제외한다),,0,
63041,80,2,침대덮개,,0,
6304110000,80,3,메리야스 편물이나 뜨개질 편물로 만든 것,,1,2013-01-01
6304190000,80,3,기타,,1,2002-01-01
6304200000,80,2,베드 네트(이 류의 소호주 제1호에 규정된 것으로 한정한다),,1,2017-01-01
63049,80,2,기타,,0,
6304910000,80,3,메리야스 편물이나 뜨개질 편물로 만든 것,,1,2013-01-01
6304920000,80,3,면으로 만든 것(메리야스 편물이나 뜨개질 편물은 제외한다),,1,2022-01-01
6304930000,80,3,합성섬유로 만든 것(메리야스 편물이나 뜨개질 편물은 제외한다),,1,2013-01-01
6304990000,80,3,그 밖의 방직용 섬유로 만든 것(메리야스 편물이나 뜨개질 편물은 제외한다),,1,2013-01-01
6305,80,1,포장용 빈 포대,,0,
6305100000,80,2,황마나 제5303호의 그 밖의 방직용 인피(靭皮)섬유로 만든 것,,1,2013-01-01
6305200000,80,2,면으로 만든 것,,1,2013-01-01
63053,80,2,인조의 방직용 섬유로 만든 것,,0,
6305320000,80,3,중간 벌크컨테이너(신축성이 있는 것으로 한정한다),,1,2013-01-01
6305330000,80,3,기타[폴리에틸렌ㆍ폴리프로필렌 스트립(strip)이나 그 밖에 이와 유사한 것으로 만든 것으로 한정한다],,1,2022-01-01
6305390000,80,3,기타,,1,2002-01-01
6305900000,80,2,그 밖의 방직용 섬유로 만든 것,,1,2013-01-01
6306,80,1,"방수포(tarpaulin)ㆍ천막ㆍ차양, 텐트(임시 캐노피와 이와 유사한 물품을 포함한다), 돛[보트용ㆍ세일보드(sailboard)용ㆍ랜드크래프트(landcraft)용], 캠프용품",,0,
63061,80,2,방수포(tarpaulin)ㆍ천막ㆍ차양,,0,
6306120000,80,3,합성섬유로 만든 것,,1,2013-01-01
6306190000,80,3,그 밖의 방직용 섬유로 만든 것,,1,2013-01-01
63062,80,2,텐트(임시 캐노피와 이와 유사한 물품을 포함한다),,0,
6306220000,80,3,합성섬유로 만든 것,,1,2013-01-01
6306290000,80,3,그 밖의 방직용 섬유로 만든 것,,1,2013-01-01
6306300000,80,2,돛,,1,2007-01-01
6306400000,80,2,압축공기식 매트리스(mattress),,1,2022-01-01
630690,80,2,기타,,0,
6306901000,80,3,면으로 만든 것,,1,2013-01-01
6306902000,80,3,합성섬유로 만든 것,,1,2013-01-01
6306909000,80,3,기타,,1,2012-01-01
6307,80,1,그 밖의 제품[드레스패턴(dress pattern)을 포함한다],,0,
6307100000,80,2,마루닦이포ㆍ접시닦이포ㆍ더스터(duster)와 이와 유사한 청소용 포,,1,2013-01-01
6307200000,80,2,구명재킷과 구명벨트,,1,2013-01-01
630790,80,2,기타,,0,
6307901000,80,3,신발류 끈,,1,2002-01-01
6307902000,80,3,보자기,,1,2002-01-01
6307903000,80,3,드레스 패턴(dress pattern),,1,2013-01-01
63079040,80,3,안면마스크,,0,
6307904010,80,4,수술용 마스크,,1,2022-01-01
6307904020,80,4,보건용 마스크,,1,2021-01-01
6307904030,80,4,비말차단용 마스크,,1,2021-01-01
6307904090,80,4,그 밖의 안면마스크,,1,2021-01-01
6307909000,80,3,기타,,1,2002-01-01
6308,80,1,"러그(rug)용ㆍ태피스트리(tapestry)용ㆍ자수한 테이블보용ㆍ서비에트(serviette)용 직물이나 실로 구성된 세트(부속품이 있는지에 상관없다), 이와 유사한 방직용 섬유제품을 제조하기 위한 것으로서 소매용으로 포장한 것",,0,
6308000000,80,2,"러그(rug)용ㆍ태피스트리(tapestry)용ㆍ자수한 테이블보용ㆍ서비에트(serviette)용 직물이나 실로 구성된 세트(부속품이 있는지에 상관없다), 이와 유사한 방직용 섬유제품을 제조하기 위한 것으로서 소매용으로 포장한 것",,1,2013-01-01
6309,80,1,사용하던 의류와 그 밖의 사용하던 물품,,0,
6309000000,80,2,사용하던 의류와 그 밖의 사용하던 물품,,1,2013-01-01
6310,80,1,"넝마(사용하던 것이나 신품으로 한정한다), 끈ㆍ배의 밧줄(cordage)ㆍ로프ㆍ케이블의 스크랩(scrap), 끈ㆍ배의 밧줄(cordage)ㆍ로프ㆍ케이블 제품의 폐품(방직용 섬유로 만든 것으로 한정한다)",,0,
6310100000,80,2,선별한 것,,1,2002-01-01
6310900000,80,2,기타,,1,2002-01-01
64,80,0,"제64류 신발류ㆍ각반과 이와 유사한 것, 이들의 부분품",,0,
6401,80,1,"방수 신발류[바깥 바닥과 갑피(甲皮)를 고무나 플라스틱으로 만든 것으로 한정하며, 갑피(甲皮)를 바닥에 스티칭(stitching)ㆍ리베팅(riveting)ㆍ네일링(nailing)ㆍ스크루잉(screwing)ㆍ플러깅(plugging)이나 이와 유사한 방법으로 부착하거나 조립한 것은 제외한다]",,0,
6401100000,80,2,보호용 금속 토캡(toe-cap)을 넣은 신발,2U,1,2013-01-01
64019,80,2,그 밖의 신발,,0,
640192,80,3,발목을 덮는 것(무릎을 덮는 것은 제외한다),,0,
6401921000,80,4,스키부츠,2U,1,2017-01-01
64019290,80,4,기타,,0,
6401929010,80,5,고무로 만든 것,2U,1,2013-01-01
6401929090,80,5,기타,2U,1,2002-01-01
640199,80,3,기타,,0,
64019910,80,4,무릎을 덮는 것,,0,
6401991010,80,5,고무로 만든 것,2U,1,2013-01-01
6401991090,80,5,기타,2U,1,2007-01-01
6401999000,80,4,기타,2U,1,2007-01-01
6402,80,1,그 밖의 신발류[바깥 바닥과 갑피(甲皮)를 고무나 플라스틱으로 만든 것으로 한정한다],,0,
64021,80,2,스포츠용 신발류,,0,
6402120000,80,3,스키부츠ㆍ크로스컨트리스키화ㆍ스노보드부츠,2U,1,2013-01-01
6402190000,80,3,기타,2U,1,2002-01-01
6402200000,80,2,신발[갑피(甲皮)끈을 플러그(plug) 삽입식으로 바닥에 조립한 것으로 한정한다],2U,1,2013-01-01
64029,80,2,그 밖의 신발,,0,
640291,80,3,발목을 덮는 것,,0,
6402911000,80,4,방한화,2U,1,2002-01-01
6402912000,80,4,테니스화ㆍ농구화ㆍ체조화ㆍ훈련화나 이와 유사한 것,2U,1,2013-01-01
6402919000,80,4,기타,2U,1,2002-01-01
640299,80,3,기타,,0,
6402991000,80,4,샌들이나 이와 유사한 신발로서 주조에 의하여 단일체로 제조된 것,2U,1,2013-01-01
6402992000,80,4,테니스화ㆍ농구화ㆍ체조화ㆍ훈련화나 이와 유사한 것,2U,1,2013-01-01
6402999000,80,4,기타,2U,1,2002-01-01
6403,80,1,"신발류[바깥 바닥을 고무ㆍ플라스틱ㆍ가죽ㆍ콤퍼지션 레더(composition leather)로 만들고, 갑피(甲皮)를 가죽으로 만든 것으로 한정한다]",,0,
64031,80,2,스포츠용 신발류,,0,
6403120000,80,3,스키부츠ㆍ크로스컨트리스키화ㆍ스노보드부츠,2U,1,2013-01-01
6403190000,80,3,기타,2U,1,2002-01-01
6403200000,80,2,"신발류[바깥 바닥을 가죽으로 만들고, 갑피(甲皮)를 발등과 엄지발가락의 주위를 감싸는 가죽끈으로 만든 것으로 한정한다]",2U,1,2022-01-01
6403400000,80,2,그 밖의 신발류[보호용 금속 토캡(toe-cap)을 넣은 것으로 한정한다],2U,1,2013-01-01
64035,80,2,그 밖의 신발류(바깥 바닥을 가죽으로 만든 것으로 한정한다),,0,
6403510000,80,3,발목을 덮는 것,2U,1,2022-01-01
640359,80,3,기타,,0,
6403591000,80,4,드레스화,2U,1,2002-01-01
6403599000,80,4,기타,2U,1,2002-01-01
64039,80,2,그 밖의 신발류,,0,
640391,80,3,발목을 덮는 것,,0,
6403911000,80,4,드레스화,2U,1,2002-01-01
6403912000,80,4,등산화,2U,1,2002-01-01
6403913000,80,4,편상화(lace-boots),2U,1,2013-01-01
6403914000,80,4,테니스화ㆍ농구화ㆍ체조화ㆍ훈련화나 이와 유사한 것,2U,1,2013-01-01
6403919000,80,4,기타,2U,1,2002-01-01
640399,80,3,기타,,0,
6403991000,80,4,드레스화,2U,1,2002-01-01
6403992000,80,4,등산화,2U,1,2002-01-01
6403994000,80,4,테니스화ㆍ농구화ㆍ체조화ㆍ훈련화나 이와 유사한 것,2U,1,2013-01-01
6403999000,80,4,기타,2U,1,2002-01-01
6404,80,1,"신발류[바깥 바닥을 고무ㆍ플라스틱ㆍ가죽ㆍ콤퍼지션 레더(composition leather)로 만들고, 갑피(甲皮)를 방직용 섬유재료로 만든 것으로 한정한다]",,0,
64041,80,2,신발류(바깥 바닥을 고무나 플라스틱으로 만든 것으로 한정한다),,0,
6404110000,80,3,"스포츠용 신발류, 테니스화ㆍ농구화ㆍ체조화ㆍ훈련화나 이와 유사한 것",2U,1,2013-01-01
640419,80,3,기타,,0,
6404191000,80,4,실내화,2U,1,2002-01-01
6404199000,80,4,기타,2U,1,2002-01-01
6404200000,80,2,신발류[바깥 바닥을 가죽이나 콤퍼지션 레더(composition leather)로 만든 것으로 한정한다],2U,1,2022-01-01
6405,80,1,그 밖의 신발류,,0,
6405100000,80,2,갑피(甲皮)를 가죽이나 콤퍼지션 레더(composition leather)로 만든 것,2U,1,2013-01-01
6405200000,80,2,갑피(甲皮)를 방직용 섬유재료로 만든 것,2U,1,2013-01-01
6405900000,80,2,기타,2U,1,2002-01-01
6406,80,1,"신발류 부분품[갑피(甲皮)(바깥 바닥을 제외한 바닥에 부착한 것인지에 상관없다)를 포함한다], 갈아 끼울 수 있는 안창과 힐쿠션(heel cushion)이나 이와 유사한 물품, 각반ㆍ레깅스나 이와 유사한 물품과 이들의 부분품",,0,
640610,80,2,갑피(甲皮)와 그 부분품(보강재는 제외한다),,0,
6406101000,80,3,갑피,,1,2002-01-01
6406102000,80,3,부분품,,1,2002-01-01
640620,80,2,바깥 바닥과 뒷굽(고무나 플라스틱으로 만든 것으로 한정한다),,0,
6406201000,80,3,바깥바닥,,1,2002-01-01
6406202000,80,3,뒷굽,,1,2002-01-01
640690,80,2,기타,,0,
6406902000,80,3,갈아 끼울 수 있는 안창,,1,2022-01-01
6406903000,80,3,각반,,1,2022-01-01
6406909000,80,3,기타,,1,2022-01-01
65,80,0,제65류 모자류와 그 부분품,,0,
6501,80,1,"모체(hat-form)[펠트(felt)로 만든 성형하지 않은 것으로서 차양을 붙이지 않은 것으로 한정한다], 펠트(felt)로 만든 플래토우(plateaux)와 망숑(manchon)[슬릿망숑(slit manchon)을 포함한다]",,0,
6501000000,80,2,"모체(hat-form)[펠트(felt)로 만든 성형하지 않은 것으로서 차양을 붙이지 않은 것으로 한정한다], 펠트(felt)로 만든 플래토우(plateaux)와 망숑(manchon)[슬릿망숑(slit manchon)을 포함한다]",,1,2014-01-01
6502,80,1,"모체(hat-shape)[각종 재료로 만든 스트립(strip)을 엮거나 결합하여 만든 것으로서 미성형인 것, 차양을 붙이지 않은 것, 안을 대지 않거나 장식하지 않은 것으로 한정한다]",,0,
6502000000,80,2,"모체(hat-shape)[각종 재료로 만든 스트립(strip)을 엮거나 결합하여 만든 것으로서 미성형인 것, 차양을 붙이지 않은 것, 안을 대지 않거나 장식하지 않은 것으로 한정한다]",,1,2013-01-01
6504,80,1,"모자[각종 재료로 만든 스트립(strip)을 엮거나 결합하여 만든 것으로 한정하며, 안을 댄 것인지 또는 장식한 것인지에 상관없다]",,0,
6504000000,80,2,"모자[각종 재료로 만든 스트립(strip)을 엮거나 결합하여 만든 것으로 한정하며, 안을 댄 것인지 또는 장식한 것인지에 상관없다]",,1,2013-01-01
6505,80,1,"모자[메리야스 편물이나 뜨개질 편물의 것과 원단 상태(스트립 모양은 제외한다)인 레이스ㆍ펠트(felt)나 그 밖의 방직용 섬유의 직물류로 만든 것으로 한정하며, 안을 댄 것인지 또는 장식한 것인지에 상관없다], 각종 재료로 만든 헤어네트(hair-net)(안을 대거나 장식한 것인지에 상관없다)",,0,
650500,80,2,"모자[메리야스 편물이나 뜨개질 편물의 것과 원단 상태(스트립 모양은 제외한다)인 레이스ㆍ펠트(felt)나 그 밖의 방직용 섬유의 직물류로 만든 것으로 한정하며, 안을 댄 것인지 또는 장식한 것인지에 상관없다], 각종 재료로 만든 헤어네트(hair-net)(안을 대거나 장식한 것인지에 상관없다)",,0,
6505001000,80,3,헤어네트,,1,2012-01-01
65050090,80,3,기타,,0,
650500901,80,4,메리야스나 뜨개질 모자,,0,
6505009011,80,5,합성섬유로 만든 것,,1,2013-01-01
6505009019,80,5,그 밖의 섬유로 만든 것,,1,2013-01-01
650500902,80,4,방직용 섬유의 직물로 만든 모자[펠트(felt)로 만든 것은 제외한다],,0,
6505009021,80,5,운동모,,1,2012-01-01
6505009029,80,5,기타,,1,2012-01-01
6505009090,80,4,기타,,1,2012-01-01
6506,80,1,그 밖의 모자(안을 댄 것인지 또는 장식한 것인지에 상관없다),,0,
6506100000,80,2,안전모자,U,1,2002-01-01
65069,80,2,기타,,0,
6506910000,80,3,고무나 플라스틱으로 만든 것,,1,2013-01-01
6506990000,80,3,그 밖의 재료로 만든 것,,1,2022-01-01
6507,80,1,헤드밴드ㆍ내장재ㆍ커버ㆍ모자의 파운데이션(foundation)ㆍ모자의 프레임(frame)ㆍ챙ㆍ턱끈,,0,
6507000000,80,2,헤드밴드ㆍ내장재ㆍ커버ㆍ모자의 파운데이션(foundation)ㆍ모자의 프레임(frame)ㆍ챙ㆍ턱끈,,1,2013-01-01
66,80,0,제66류 산류(傘類)ㆍ지팡이ㆍ시트스틱(seat-stick)ㆍ채찍ㆍ승마용 채찍과 이들의 부분품,,0,
6601,80,1,산류(傘類)[지팡이 겸용 우산ㆍ정원용 산류(傘類)와 이와 유사한 산류(傘類)를 포함한다],,0,
6601100000,80,2,정원용 산류(傘類)나 이와 유사한 산류(傘類),U,1,2013-01-01
66019,80,2,기타,,0,
6601910000,80,3,대가 절첩식(折疊式)인 것,U,1,2013-01-01
660199,80,3,기타,,0,
6601992000,80,4,양산,U,1,2002-01-01
6601999000,80,4,기타,U,1,2002-01-01
6602,80,1,지팡이ㆍ시트스틱(seat-stick)ㆍ채찍ㆍ승마용 채찍과 이와 유사한 물품,,0,
660200,80,2,지팡이ㆍ시트스틱(seat-stick)ㆍ채찍ㆍ승마용 채찍과 이와 유사한 물품,,0,
6602001000,80,3,지팡이,U,1,2002-01-01
6602009000,80,3,기타,U,1,2002-01-01
6603,80,1,제6601호나 제6602호의 물품의 부분품ㆍ트리밍(trimming)ㆍ부속품,,0,
6603200000,80,2,산류(傘類)의 틀(대에 부착된 틀을 포함한다),,1,2013-01-01
6603900000,80,2,기타,,1,2002-01-01
67,80,0,"제67류 조제 깃털ㆍ솜털과 그 제품, 조화, 사람 머리카락으로 된 제품",,0,
6701,80,1,새의 깃털이나 솜털이 붙은 가죽과 그 밖의 부분ㆍ깃털과 그 부분ㆍ솜털과 이들의 제품[제0505호의 물품과 가공한 깃대(scape)ㆍ깃촉(quill)은 제외한다],,0,
6701000000,80,2,새의 깃털이나 솜털이 붙은 가죽과 그 밖의 부분ㆍ깃털과 그 부분ㆍ솜털과 이들의 제품[제0505호의 물품과 가공한 깃대(scape)ㆍ깃촉(quill)은 제외한다],,1,2013-01-01
6702,80,1,"인조 꽃ㆍ잎ㆍ과실과 이들의 부분품, 인조 꽃ㆍ잎ㆍ과실로 만든 제품",,0,
6702100000,80,2,플라스틱으로 만든 것,,1,2013-01-01
670290,80,2,그 밖의 재료로 만든 것,,0,
6702901000,80,3,직물로 만든 것,,1,2013-01-01
6702909000,80,3,기타,,1,2002-01-01
6703,80,1,"사람 머리카락(정돈ㆍ표백이나 그 밖의 가공을 한 것으로 한정한다), 가발이나 이와 유사한 것을 제조하기 위한 양모나 그 밖의 동물의 털이나 그 밖의 방직용 섬유재료",,0,
670300,80,2,"사람 머리카락(정돈ㆍ표백이나 그 밖의 가공을 한 것으로 한정한다), 가발이나 이와 유사한 것을 제조하기 위한 양모나 그 밖의 동물의 털이나 그 밖의 방직용 섬유재료",,0,
6703001000,80,3,사람 머리카락,,1,2022-01-01
6703009000,80,3,기타,,1,2002-01-01
6704,80,1,"가발ㆍ가수염ㆍ눈썹ㆍ속눈썹ㆍ스위치와 이와 유사한 것(사람 머리카락ㆍ동물의 털ㆍ방직용 섬유재료로 만든 것으로 한정한다), 사람 머리카락으로 된 제품(따로 분류되지 않은 것으로 한정한다)",,0,
67041,80,2,합성 방직용 섬유재료로 만든 것,,0,
6704110000,80,3,전체가발,,1,2002-01-01
670419,80,3,기타,,0,
6704191000,80,4,부분가발,,1,2002-01-01
6704194000,80,4,가속눈썹,,1,2002-01-01
6704199000,80,4,기타,,1,2002-01-01
670420,80,2,사람 머리카락으로 만든 것,,0,
6704201000,80,3,전체가발,,1,2002-01-01
6704202000,80,3,부분가발,,1,2002-01-01
6704205000,80,3,가속눈썹,,1,2002-01-01
6704209000,80,3,기타,,1,2002-01-01
6704900000,80,2,그 밖의 재료로 만든 것,,1,2013-01-01
68,80,0,제68류 돌ㆍ플라스터(plaster)ㆍ시멘트ㆍ석면ㆍ운모나 이와 유사한 재료의 제품,,0,
6801,80,1,"포석ㆍ연석ㆍ판석[천연 석재로 한정하며, 슬레이트(slate)는 제외한다]",,0,
6801000000,80,2,"포석ㆍ연석ㆍ판석[천연 석재로 한정하며, 슬레이트(slate)는 제외한다]",U,1,2022-01-01
6802,80,1,"가공한 석비용ㆍ건축용 석재[슬레이트(slate)는 제외한다]와 이들의 제품(제6801호의 물품은 제외한다), 모자이크 큐브와 이와 유사한 것[천연 석재의 것으로서 슬레이트(slate) 제품을 포함하며, 뒷면을 보강한 것인지에 상관없다], 인공적으로 착색한 천연 석재[슬레이트(slate)를 포함한다]의 알갱이ㆍ조각ㆍ가루",,0,
6802100000,80,2,"타일ㆍ큐브와 이와 유사한 물품(직사각형인지에 상관없으며 가장 넓은 면이 변의 길이가 7센티미터 미만인 정사각형의 면적 이내인 것으로 한정한다), 인공적으로 착색한 알갱이ㆍ조각ㆍ가루",,1,2022-01-01
68022,80,2,그 밖의 석비용ㆍ건축용 석재와 이들의 제품(단순히 평판 모양이나 수평 모양으로 절단하였거나 톱질한 것으로 한정한다),,0,
680221,80,3,대리석ㆍ트래버틴(travertine)ㆍ설화석고(alabaster),,0,
6802211000,80,4,대리석,,1,2002-01-01
6802212000,80,4,트래버틴(travertine),,1,2013-01-01
6802213000,80,4,설화석고(alabaster),,1,2013-01-01
6802230000,80,3,화강암,,1,2002-01-01
680229,80,3,그 밖의 돌,,0,
6802291000,80,4,그 밖의 석회질 암석,,1,2013-01-01
6802299000,80,4,기타,,1,2007-01-01
68029,80,2,기타,,0,
680291,80,3,대리석ㆍ트래버틴(travertine)ㆍ설화석고(alabaster),,0,
6802911000,80,4,대리석,,1,2002-01-01
6802912000,80,4,트래버틴(travertine),,1,2013-01-01
6802913000,80,4,설화석고(alabaster),,1,2013-01-01
6802920000,80,3,그 밖의 석회질 암석,,1,2013-01-01
6802930000,80,3,화강암,,1,2002-01-01
6802990000,80,3,그 밖의 돌,,1,2013-01-01
6803,80,1,"가공한 슬레이트(slate)와 슬레이트(slate) 제품, 응결 슬레이트(slate)의 제품",,0,
6803000000,80,2,"가공한 슬레이트(slate)와 슬레이트(slate) 제품, 응결 슬레이트(slate)의 제품",,1,2022-01-01
6804,80,1,"밀스톤(millstone)ㆍ그라인드스톤(grindstone)ㆍ그라인딩휠(grinding wheel)과 이와 유사한 것(연마용ㆍ벼리기용ㆍ광택용ㆍ정형용ㆍ절단용인 것으로서 프레임을 갖추지 않은 것으로 한정한다)ㆍ수지석(手砥石)과 이들의 부분품[천연석, 응결시킨 천연ㆍ인조의 연마재료로 만든 것이나 도자(陶瓷)제의 것으로 한정하며, 그 밖의 재료로 만든 부분품이 부착되었는지에 상관없다]",,0,
6804100000,80,2,밀스톤(millstone)과 그라인드스톤(grindstone)[밀링(milling)용ㆍ그라인딩(grinding)용ㆍ펄핑(pulping)용으로 한정한다],,1,2013-01-01
68042,80,2,그 밖의 밀스톤(millstone)ㆍ그라인드스톤(grindstone)ㆍ그라인딩휠(grinding wheel)과 이와 유사한 것,,0,
6804210000,80,3,합성ㆍ천연 다이아몬드로 만든 것(응결된 것으로 한정한다),,1,2013-01-01
680422,80,3,그 밖의 연마재료로 만든 것(응결된 것으로 한정한다)이나 도자제의 것,,0,
6804221000,80,4,반도체 웨이퍼 연마용,,1,2022-01-01
6804229000,80,4,기타,,1,2022-01-01
6804230000,80,3,천연석으로 만든 것,,1,2013-01-01
6804300000,80,2,수지석(手砥石),,1,2002-01-01
6805,80,1,천연ㆍ인조의 연마용 가루나 알갱이를 방직용 섬유재료ㆍ종이ㆍ판지나 그 밖의 재료에 부착한 물품(특정한 모양으로 절단ㆍ봉합한 것인지 또는 그 밖의 방법으로 만든 제품인지에 상관없다),,0,
6805100000,80,2,방직용 섬유의 직물만을 기본 재료로 한 것,,1,2013-01-01
6805200000,80,2,종이나 판지만을 기본 재료로 한 것,,1,2013-01-01
6805300000,80,2,그 밖의 재료를 기본 재료로 한 것,,1,2013-01-01
6806,80,1,"슬래그 울(slag wool)ㆍ암면(rock wool)과 이와 유사한 광물성 울, 박리한 질석(蛭石)ㆍ팽창점토ㆍ다포슬래그(slag)와 이와 유사하게 팽창하는 광물성 재료, 단열용ㆍ방음용ㆍ흡음용 광물성 재료의 혼합물과 그 제품(제6811호ㆍ제6812호나 제69류의 것은 제외한다)",,0,
680610,80,2,슬래그 울(slag wool)ㆍ암면(rock wool)과 이와 유사한 광물성 울[이들의 혼합물을 포함하며 벌크 모양ㆍ시트(sheet) 모양ㆍ롤 모양으로 한정한다],,0,
6806101000,80,3,슬래그 울(slag wool),,1,2013-01-01
6806102000,80,3,암면(rock wool),,1,2013-01-01
6806103000,80,3,세라믹 파이버,,1,2002-01-01
6806109000,80,3,기타,,1,2002-01-01
680620,80,2,박리한 질석(蛭石)ㆍ팽창점토ㆍ다포슬래그(slag)와 이와 유사하게 팽창하는 광물성 재료(이들의 혼합물을 포함한다),,0,
6806201000,80,3,박리한 질석(蛭石),,1,2022-01-01
6806202000,80,3,팽창점토,,1,2002-01-01
6806204000,80,3,팽창퍼라이트,,1,2002-01-01
6806209000,80,3,기타,,1,2002-01-01
680690,80,2,기타,,0,
6806901000,80,3,내화피복재,,1,2002-01-01
6806909000,80,3,기타,,1,2002-01-01
6807,80,1,아스팔트 제품이나 이와 유사한 재료[예: 석유역청이나 콜타르 피치(coal tar pitch)]의 제품,,0,
6807100000,80,2,롤 모양인 것,,1,2013-01-01
6807900000,80,2,기타,,1,2002-01-01
6808,80,1,패널ㆍ보드ㆍ타일ㆍ블록과 이와 유사한 물품[식물성 섬유ㆍ짚ㆍ목재의 대팻밥ㆍ칩ㆍ파티클(particle)ㆍ톱밥이나 그 밖의 웨이스트(waste)를 시멘트ㆍ플라스터(plaster)나 그 밖의 광물성 결합재로 응결시킨 것으로 한정한다],,0,
6808000000,80,2,패널ㆍ보드ㆍ타일ㆍ블록과 이와 유사한 물품[식물성 섬유ㆍ짚ㆍ목재의 대팻밥ㆍ칩ㆍ파티클(particle)ㆍ톱밥이나 그 밖의 웨이스트(waste)를 시멘트ㆍ플라스터(plaster)나 그 밖의 광물성 결합재로 응결시킨 것으로 한정한다],,1,2013-01-01
6809,80,1,플라스터(plaster) 제품이나 플라스터(plaster)를 기본 재료로 조합한 제품,,0,
68091,80,2,보드ㆍ시트(sheet)ㆍ패널ㆍ타일과 이와 유사한 제품(장식한 것은 제외한다),,0,
6809110000,80,3,종이나 판지만을 입혔거나 보강한 것,,1,2013-01-01
6809190000,80,3,기타,,1,2002-01-01
6809900000,80,2,그 밖의 제품,,1,2013-01-01
6810,80,1,시멘트 제품ㆍ콘크리트 제품ㆍ인조석 제품(보강한 것인지에 상관없다),,0,
68101,80,2,타일ㆍ판석ㆍ벽돌과 이와 유사한 제품,,0,
681011,80,3,건축용 블록과 벽돌,,0,
6810111000,80,4,블록,,1,2002-01-01
6810112000,80,4,벽돌,,1,2002-01-01
681019,80,3,기타,,0,
6810191000,80,4,타일,,1,2002-01-01
6810192000,80,4,판석,,1,2002-01-01
6810199000,80,4,기타,,1,2002-01-01
68109,80,2,그 밖의 제품,,0,
6810910000,80,3,조립식 건축자재(건축용이나 토목 공사용으로 한정한다),,1,2013-01-01
681099,80,3,기타,,0,
6810992000,80,4,파일,,1,2002-01-01
6810993000,80,4,전신주,,1,2013-01-01
6810999000,80,4,기타,,1,2002-01-01
6811,80,1,석면시멘트 제품ㆍ셀룰로오스파이버시멘트 제품이나 이와 유사한 것,,0,
6811400000,80,2,석면을 함유한 것,,1,2022-01-01
68118,80,2,석면을 함유하지 않은 것,,0,
6811810000,80,3,물결 모양의 시트(sheet),,1,2013-01-01
6811820000,80,3,그 밖의 시트(sheet)ㆍ패널ㆍ타일과 이와 유사한 제품,,1,2013-01-01
6811890000,80,3,그 밖의 제품,,1,2022-01-01
6812,80,1,"가공한 석면섬유, 석면을 기본 재료로 한 혼합물, 석면과 탄산마그네슘을 기본 재료로 한 혼합물, 그 혼합물들의 제품, 석면제품[예: 석면의 실ㆍ직물ㆍ의류ㆍ모자ㆍ신발ㆍ개스킷(gasket)](보강한 것인지에 상관없으며 제6811호와 제6813호의 물품은 제외한다)",,0,
6812800000,80,2,청석면의 것,,1,2022-01-01
68129,80,2,기타,,0,
6812910000,80,3,의류ㆍ의류 부속품ㆍ신발ㆍ모자류,,1,2013-01-01
6812990000,80,3,기타,,1,2007-01-01
6813,80,1,"마찰 재료와 그 제품[예: 시트(sheet)ㆍ롤ㆍ스트립(strip)ㆍ세그먼트ㆍ디스크(disc)ㆍ와셔(washer)ㆍ패드](장착되지 않은 것으로서 브레이크용ㆍ클러치용이나 이와 유사한 용도의 석면ㆍ그 밖의 광물성 재료ㆍ셀룰로오스를 기본 재료로 한 것으로 한정하며, 직물이나 그 밖의 재료와 결합한 것인지에 상관없다)",,0,
6813200000,80,2,석면을 함유한 것,,1,2022-01-01
68138,80,2,석면을 함유하지 않은 것,,0,
6813810000,80,3,브레이크 라이닝(brake lining)과 패드,,1,2013-01-01
681389,80,3,기타,,0,
6813891000,80,4,클러치 페이싱,,1,2007-01-01
6813899000,80,4,기타,,1,2007-01-01
6814,80,1,운모(가공한 것으로 한정한다)와 운모의 제품(응결시키거나 재생한 운모를 포함하며 종이ㆍ판지나 그 밖의 재료로 된 지지물에 부착한 것인지에 상관없다),,0,
6814100000,80,2,판ㆍ시트(sheet)ㆍ스트립(strip)(응결시키거나 재생한 운모의 것으로 한정하며 지지물에 부착한 것인지에 상관없다),,1,2013-01-01
6814900000,80,2,기타,,1,2002-01-01
6815,80,1,"석제품이나 그 밖의 광물성 재료의 제품[탄소섬유ㆍ탄소섬유의 제품ㆍ이탄(泥炭)제품을 포함하며, 따로 분류되지 않은 것으로 한정한다]",,0,
68151,80,2,"탄소섬유, 비(非)전기용의 탄소섬유 제품, 비(非)전기용의 그 밖의 흑연 제품이나 탄소 제품",,0,
6815110000,80,3,탄소섬유,,1,2022-01-01
6815120000,80,3,탄소섬유 직물,,1,2022-01-01
681513,80,3,그 밖의 탄소섬유 제품,,0,
6815131000,80,4,프리프레그,,1,2022-01-01
6815139000,80,4,기타,,1,2022-01-01
681519,80,3,기타,,0,
6815191000,80,4,비전기용 흑연제품,,1,2022-01-01
6815199000,80,4,기타,,1,2022-01-01
6815200000,80,2,이탄(泥炭)제품,,1,2013-01-01
68159,80,2,그 밖의 제품,,0,
6815910000,80,3,"마그네사이트, 페리클레이스(periclase) 형태의 마그네시아, 백운석[돌라임(dolime) 형태의 것을 포함한다)]이나 크로마이트를 함유한 것",,1,2022-01-01
6815990000,80,3,기타,,1,2022-01-14
69,80,0,제69류 도자제품,,0,
6901,80,1,벽돌ㆍ블록ㆍ타일과 그 밖의 도자제품[규조토(예: 키절구어(kieselguhr)ㆍ트리폴리트(tripolite)ㆍ다이어토마이트(diatomite))나 이와 유사한 규산질의 흙으로 제조한 것으로 한정한다],,0,
690100,80,2,벽돌ㆍ블록ㆍ타일과 그 밖의 도자제품[규조토(예: 키절구어(kieselguhr)ㆍ트리폴리트(tripolite)ㆍ다이어토마이트(diatomite))나 이와 유사한 규산질의 흙으로 제조한 것으로 한정한다],,0,
6901001000,80,3,벽돌,,1,2002-01-01
6901002000,80,3,블록,,1,2002-01-01
6901003000,80,3,타일,,1,2002-01-01
69010090,80,3,기타,,0,
6901009010,80,4,슬래브와 패널,,1,2002-01-01
6901009090,80,4,기타,,1,2002-01-01
6902,80,1,내화벽돌ㆍ내화블록ㆍ내화타일과 이와 유사한 건설용 내화 도자제품(규조토나 이와 유사한 규산질의 흙으로 만든 제품은 제외한다),,0,
6902100000,80,2,마그네슘ㆍ칼슘ㆍ크로뮴원소를 산화마그네슘ㆍ산화칼슘ㆍ산화크로뮴으로 표현하였을 때 하나 이상의 함유량이 전 중량의 100분의 50을 초과하는 것,,1,2014-01-01
6902200000,80,2,"알루미나(Al2O3)ㆍ실리카(SiO2), 이들의 혼합물이나 화합물의 함유량이 전 중량의 100분의 50을 초과하는 것",,1,2022-01-01
690290,80,2,기타,,0,
6902901000,80,3,탄화규소나 지르콘을 기본 재료로 한 것,,1,2013-01-01
6902909000,80,3,기타,,1,2002-01-01
6903,80,1,그 밖의 내화성 도자제품[예: 레토르트(retort)ㆍ도가니ㆍ머플ㆍ노즐ㆍ플러그ㆍ서포트ㆍ큐펠(cupel)ㆍ관(管)ㆍ쉬드(sheath)ㆍ막대(rod)ㆍ슬라이드 게이트(slide gate)](규조토나 이와 유사한 규산질의 흙으로 만든 제품은 제외한다),,0,
690310,80,2,유리(遊離) 탄소의 함유량이 전 중량의 100분의 50을 초과하는 것,,0,
69031020,80,3,도가니,,0,
6903102010,80,4,반도체 웨이퍼(wafer) 제조에 사용되는 노(爐)용,,1,2013-01-01
6903102090,80,4,기타,,1,2002-01-01
6903105000,80,3,노즐,,1,2002-01-01
6903109000,80,3,기타,,1,2017-01-01
690320,80,2,알루미나(Al2O3) 또는 알루미나와 실리카(SiO2)의 혼합물이나 화합물의 함유량이 전 중량의 100분의 50을 초과하는 것,,0,
6903202000,80,3,도가니,,1,2002-01-01
6903205000,80,3,노즐,,1,2002-01-01
6903207000,80,3,관(管),,1,2013-01-01
6903209000,80,3,기타,,1,2002-01-01
690390,80,2,기타,,0,
6903901000,80,3,탄화규소나 지르콘을 기본 재료로 한 것,,1,2013-01-01
69039090,80,3,기타,,0,
6903909020,80,4,도가니,,1,2002-01-01
6903909070,80,4,관(管),,1,2013-01-01
6903909080,80,4,"막대(bar, rod)",,1,2013-01-01
6903909090,80,4,기타,,1,2002-01-01
6904,80,1,도자제의 건축용 벽돌ㆍ바닥깔개용 블록ㆍ서포트타일(support tile)ㆍ필러타일(filler tile)과 이와 유사한 것,,0,
6904100000,80,2,건축용 벽돌,TU,1,2002-01-01
6904900000,80,2,기타,,1,2002-01-01
6905,80,1,기와ㆍ굴뚝통ㆍ굴뚝갓ㆍ굴뚝용 내장재ㆍ건축용 장식품과 그 밖의 도자제의 건설용품,,0,
6905100000,80,2,기와(지붕타일),,1,2002-01-01
6905900000,80,2,기타,,1,2022-01-01
6906,80,1,도자제의 관(管)ㆍ도관(導管)ㆍ홈통과 관(管)의 연결구류,,0,
690600,80,2,도자제의 관(管)ㆍ도관(導管)ㆍ홈통과 관(管)의 연결구류,,0,
6906001000,80,3,관(管)ㆍ도관(導管)ㆍ홈통,,1,2013-01-01
6906002000,80,3,관의 연결구류,,1,2002-01-01
6907,80,1,"도자제의 판석과 포장(鋪裝)용ㆍ노(爐)용ㆍ벽용 타일, 도자제의 모자이크 큐브와 이와 유사한 것(뒷면을 보강한 것인지에 상관없다), 피니싱 세라믹",,0,
69072,80,2,판석과 포장(鋪裝)용ㆍ노(爐)용ㆍ벽용 타일(소호 제6907.30호 및 제6907.40호의 것은 제외한다),,0,
6907210000,80,3,수분흡수계수가 중량기준으로 100분의 0.5 이하인 것,M2,1,2017-01-01
690722,80,3,수분흡수계수가 중량기준으로 100분의 0.5 초과 100분의 10 이하인 것,,0,
6907221000,80,4,수분흡수계수가 중량기준으로 100분의 0.5 초과 100분의 3 이하인 것,M2,1,2017-01-01
6907229000,80,4,기타,M2,1,2017-01-01
6907230000,80,3,수분흡수계수가 중량기준으로 100분의 10 초과인 것,M2,1,2017-01-01
690730,80,2,모자이크 큐브와 이와 유사한 것(소호 제6907.40호의 것은 제외한다),,0,
6907301000,80,3,자기제의 것,M2,1,2017-01-01
6907309000,80,3,기타,M2,1,2017-01-01
690740,80,2,피니싱 세라믹,,0,
6907401000,80,3,자기제의 것,M2,1,2017-01-01
6907409000,80,3,기타,M2,1,2017-01-01
6909,80,1,"실험실용ㆍ화학용이나 그 밖의 공업용 도자제품, 농업용 도자제 통과 이와 유사한 용기, 물품의 수송용ㆍ포장용으로 사용하는 도자제의 항아리ㆍ단지와 이와 유사한 제품",,0,
69091,80,2,실험실용ㆍ화학용이나 그 밖의 공업용 도자제품,,0,
6909110000,80,3,자기제의 것,,1,2002-01-01
6909120000,80,3,모스 경도가 9 이상인 물품,,1,2002-01-01
6909190000,80,3,기타,,1,2002-01-01
6909900000,80,2,기타,,1,2002-01-01
6910,80,1,도자제의 설거지통ㆍ세면대ㆍ세면대용 받침ㆍ목욕통ㆍ비데ㆍ수세식 변기통ㆍ수세식 변기용 물통ㆍ소변기와 이와 유사한 위생용 물품,,0,
691010,80,2,자기제의 것,,0,
6910101000,80,3,세면대,U,1,2002-01-01
6910103000,80,3,수세식 변기통,U,1,2013-01-01
6910104000,80,3,소변기,U,1,2002-01-01
6910109000,80,3,기타,U,1,2002-01-01
6910900000,80,2,기타,U,1,2002-01-01
6911,80,1,자기제의 식탁용품ㆍ주방용품ㆍ그 밖의 가정용품ㆍ화장용품,,0,
691110,80,2,식탁용품과 주방용품,,0,
6911101000,80,3,커피 세트ㆍ티세트,,1,2013-01-01
6911102000,80,3,"공기, 대접과 접시",,1,2013-01-01
6911109000,80,3,기타,,1,2002-01-01
6911900000,80,2,기타,,1,2022-01-01
6912,80,1,도자제의 식탁용품ㆍ주방용품ㆍ그 밖의 가정용품ㆍ화장용품(자기제의 것은 제외한다),,0,
691200,80,2,도자제의 식탁용품ㆍ주방용품ㆍ그 밖의 가정용품ㆍ화장용품(자기제의 것은 제외한다),,0,
69120010,80,3,식탁용품과 주방용품,,0,
6912001010,80,4,커피 세트ㆍ티세트,,1,2013-01-01
6912001020,80,4,"공기, 대접과 접시",,1,2013-01-01
6912001090,80,4,기타,,1,2002-01-01
6912002000,80,3,가정용품,,1,2002-01-01
6912003000,80,3,화장용품,,1,2002-01-01
6912009000,80,3,기타,,1,2002-01-01
6913,80,1,도자제의 작은 조각상과 그 밖의 장식용 제품,,0,
6913100000,80,2,자기제의 것,,1,2022-01-01
6913900000,80,2,기타,,1,2022-01-01
6914,80,1,도자제의 그 밖의 제품,,0,
691410,80,2,자기제의 것,,0,
6914101000,80,3,화분,,1,2013-01-01
6914109000,80,3,기타,,1,2002-01-01
691490,80,2,기타,,0,
6914901000,80,3,화분,,1,2013-01-01
6914909000,80,3,기타,,1,2002-01-01
70,80,0,제70류 유리와 유리제품,,0,
7001,80,1,"깨진 유리, 유리의 그 밖의 웨이스트(waste)ㆍ스크랩(scrap)[제8549호의 음극선관에서 얻어진 유리와 그 밖의 활성화된 유리를 제외한다], 유리 괴(塊)",,0,
700100,80,2,"깨진 유리, 유리의 그 밖의 웨이스트(waste)ㆍ스크랩(scrap)[제8549호의 음극선관에서 얻어진 유리와 그 밖의 활성화된 유리를 제외한다], 유리 괴(塊)",,0,
7001001000,80,3,괴(塊),,1,2013-01-01
7001002000,80,3,"웨이스트(waste)ㆍ스크랩(scrap), 깨진 유리",,1,2013-01-01
7002,80,1,"유리로 만든 구(球)[제7018호의 마이크로스피어(microsphere)는 제외한다], 막대(rod)나 관(管)(가공하지 않은 것으로 한정한다)",,0,
7002100000,80,2,구(球),,1,2013-01-01
700220,80,2,막대(rod),,0,
7002201000,80,3,반도체 제조용으로서 석영제품(quartz ware) 제조에 사용되는 것,,1,2013-01-01
7002209000,80,3,기타,,1,2007-01-01
70023,80,2,관(管),,0,
700231,80,3,석영유리와 용융실리카로 만든 것,,0,
7002311000,80,4,반도체 제조용으로서 석영제품(quartz ware) 제조에 사용되는 것,,1,2013-01-01
7002319000,80,4,기타,,1,2007-01-01
7002320000,80,3,선팽창계수가 섭씨 0도에서 300도의 범위 내에서 1켈빈온도당 1백만분의 5 이하인 그 밖의 유리로 만든 것,,1,2022-01-01
7002390000,80,3,기타,,1,2002-01-01
7003,80,1,"주입법과 롤(roll)법으로 제조한 유리[시트(sheet) 모양이나 프로파일(profile) 모양으로 한정하고, 흡수층ㆍ반사층ㆍ무반사층인지에 상관없으며 그 밖의 방법으로 가공하지 않은 것으로 한정한다]",,0,
70031,80,2,망입(網入)하지 않은 시트(sheet) 유리,,0,
700312,80,3,"전 부분을 착색한 것(엷게 착색한 것을 포함한다), 불투명한 것, 다른 착색유리로 입힌 것, 흡수층ㆍ반사층ㆍ무반사층을 갖는 것",,0,
7003121000,80,4,두께가 2밀리미터 이하인 것,M2,1,2017-01-01
7003122000,80,4,두께가 2밀리미터 초과 3밀리미터 이하인 것,M2,1,2017-01-01
7003123000,80,4,두께가 3밀리미터 초과 4밀리미터 이하인 것,M2,1,2017-01-01
7003124000,80,4,두께가 4밀리미터 초과 5밀리미터 이하인 것,M2,1,2017-01-01
7003125000,80,4,두께가 5밀리미터 초과 6밀리미터 이하인 것,M2,1,2017-01-01
7003126000,80,4,두께가 6밀리미터 초과 8밀리미터 이하인 것,M2,1,2017-01-01
7003127000,80,4,두께가 8밀리미터를 초과하는 것,M2,1,2002-01-01
700319,80,3,기타,,0,
7003191000,80,4,두께가 2밀리미터 이하인 것,M2,1,2017-01-01
7003192000,80,4,두께가 2밀리미터 초과 3밀리미터 이하인 것,M2,1,2017-01-01
7003193000,80,4,두께가 3밀리미터 초과 4밀리미터 이하인 것,M2,1,2017-01-01
7003194000,80,4,두께가 4밀리미터 초과 5밀리미터 이하인 것,M2,1,2017-01-01
7003195000,80,4,두께가 5밀리미터 초과 6밀리미터 이하인 것,M2,1,2017-01-01
7003196000,80,4,두께가 6밀리미터 초과 8밀리미터 이하인 것,M2,1,2017-01-01
7003197000,80,4,두께가 8밀리미터를 초과하는 것,M2,1,2002-01-01
7003200000,80,2,망입(網入) 시트(sheet) 유리,M2,1,2013-01-01
7003300000,80,2,프로파일(profile),M2,1,2013-01-01
7004,80,1,"인상법(引上法)과 취입법(吹入法)으로 제조한 유리[시트(sheet) 모양으로 한정하고, 흡수층ㆍ반사층ㆍ무반사층인지에 상관없으며 그 밖의 방법으로 가공하지 않은 것으로 한정한다]",,0,
700420,80,2,"전 부분을 착색한 것(엷게 착색한 것을 포함한다), 불투명한 것, 다른 착색유리로 입힌 것, 흡수층ㆍ반사층ㆍ무반사층을 갖는 것",,0,
7004201000,80,3,두께가 2밀리미터 이하인 것,M2,1,2017-01-01
7004202000,80,3,두께가 2밀리미터 초과 3밀리미터 이하인 것,M2,1,2017-01-01
7004203000,80,3,두께가 3밀리미터 초과 4밀리미터 이하인 것,M2,1,2017-01-01
7004204000,80,3,두께가 4밀리미터 초과 5밀리미터 이하인 것,M2,1,2017-01-01
7004205000,80,3,두께가 5밀리미터 초과 6밀리미터 이하인 것,M2,1,2017-01-01
7004206000,80,3,두께가 6밀리미터 초과 8밀리미터 이하인 것,M2,1,2017-01-01
7004207000,80,3,두께가 8밀리미터를 초과하는 것,M2,1,2002-01-01
700490,80,2,그 밖의 유리,,0,
7004901000,80,3,두께가 2밀리미터 이하인 것,M2,1,2017-01-01
7004902000,80,3,두께가 2밀리미터 초과 3밀리미터 이하인 것,M2,1,2017-01-01
7004903000,80,3,두께가 3밀리미터 초과 4밀리미터 이하인 것,M2,1,2017-01-01
7004904000,80,3,두께가 4밀리미터 초과 5밀리미터 이하인 것,M2,1,2017-01-01
7004905000,80,3,두께가 5밀리미터 초과 6밀리미터 이하인 것,M2,1,2017-01-01
7004906000,80,3,두께가 6밀리미터 초과 8밀리미터 이하인 것,M2,1,2017-01-01
7004907000,80,3,두께가 8밀리미터를 초과하는 것,M2,1,2002-01-01
7005,80,1,"플로트유리(float glass)와 표면을 연마한 유리[시트(sheet) 모양으로 한정하고, 흡수층ㆍ반사층ㆍ무반사층인지에 상관없으며 그 밖의 방법으로 가공하지 않은 것으로 한정한다]",,0,
700510,80,2,망입(網入)하지 않은 유리(흡수층ㆍ반사층ㆍ무반사층을 갖고 있는 것으로 한정한다),,0,
70051010,80,3,반사유리,,0,
7005101010,80,4,두께가 4밀리미터 이하인 것,M2,1,2009-01-01
7005101020,80,4,두께가 4밀리미터 초과 6밀리미터 이하인 것,M2,1,2017-01-01
7005101030,80,4,두께가 6밀리미터 초과 8밀리미터 이하인 것,M2,1,2017-01-01
7005101040,80,4,두께가 8밀리미터를 초과하는 것,M2,1,2009-01-01
70051020,80,3,저방사유리,,0,
7005102010,80,4,두께가 4밀리미터 이하인 것,M2,1,2009-01-01
7005102020,80,4,두께가 4밀리미터 초과 6밀리미터 이하인 것,M2,1,2017-01-01
7005102030,80,4,두께가 6밀리미터 초과 8밀리미터 이하인 것,M2,1,2017-01-01
7005102040,80,4,두께가 8밀리미터를 초과하는 것,M2,1,2009-01-01
70051090,80,3,기타,,0,
7005109010,80,4,두께가 4밀리미터 이하인 것,M2,1,2009-01-01
7005109020,80,4,두께가 4밀리미터 초과 6밀리미터 이하인 것,M2,1,2017-01-01
7005109030,80,4,두께가 6밀리미터 초과 8밀리미터 이하인 것,M2,1,2017-01-01
7005109040,80,4,두께가 8밀리미터를 초과하는 것,M2,1,2009-01-01
70052,80,2,그 밖의 망입(網入)하지 않은 유리,,0,
700521,80,3,"전 부분을 착색한 것(엷게 색상이 있는 색유리를 포함한다), 불투명한 것, 다른 착색유리로 입힌 것, 단순히 표면을 연마한 것",,0,
7005211000,80,4,두께가 2밀리미터 이하인 것,M2,1,2017-01-01
7005212000,80,4,두께가 2밀리미터 초과 3밀리미터 이하인 것,M2,1,2017-01-01
7005213000,80,4,두께가 3밀리미터 초과 4밀리미터 이하인 것,M2,1,2017-01-01
7005214000,80,4,두께가 4밀리미터 초과 5밀리미터 이하인 것,M2,1,2017-01-01
7005215000,80,4,두께가 5밀리미터 초과 6밀리미터 이하인 것,M2,1,2017-01-01
7005216000,80,4,두께가 6밀리미터 초과 8밀리미터 이하인 것,M2,1,2017-01-01
70052170,80,4,두께가 8밀리미터를 초과하는 것,,0,
7005217010,80,5,두께가 10밀리미터 이하인 것,M2,1,2009-01-01
7005217020,80,5,두께가 10밀리미터 초과 12밀리미터 이하인 것,M2,1,2017-01-01
7005217030,80,5,두께가 12밀리미터를 초과하는 것,M2,1,2009-01-01
700529,80,3,기타,,0,
70052910,80,4,두께가 2밀리미터 이하인 것,,0,
7005291010,80,5,플라즈마 디스플레이 패널용,M2,1,2013-01-01
7005291020,80,5,반도체나 평판디스플레이 제조에 사용되는 블랭크마스크(blank mask)용,M2,1,2013-01-01
7005291030,80,5,유기발광 디스플레이 패널용,M2,1,2025-01-01
7005291040,80,5,액정 디스플레이용,M2,1,2025-01-01
700529109,80,5,기타,,0,
7005291091,80,6,맑은 유리,M2,1,2009-01-01
7005291092,80,6,저철분 유리,M2,1,2009-01-01
7005291099,80,6,기타,M2,1,2009-01-01
70052920,80,4,두께가 2밀리미터 초과 3밀리미터 이하인 것,,0,
7005292010,80,5,플라즈마 디스플레이 패널용,M2,1,2013-01-01
7005292020,80,5,반도체나 평판디스플레이 제조에 사용되는 블랭크마스크(blank mask)용,M2,1,2013-01-01
7005292030,80,5,유기발광 디스플레이 패널용,M2,1,2017-01-01
700529209,80,5,기타,,0,
7005292091,80,6,맑은 유리,M2,1,2009-01-01
7005292092,80,6,저철분 유리,M2,1,2009-01-01
7005292099,80,6,기타,M2,1,2009-01-01
70052930,80,4,두께가 3밀리미터 초과 4밀리미터 이하인 것,,0,
7005293010,80,5,맑은 유리,M2,1,2009-01-01
7005293020,80,5,저철분 유리,M2,1,2009-01-01
7005293090,80,5,기타,M2,1,2009-01-01
70052940,80,4,두께가 4밀리미터 초과 5밀리미터 이하인 것,,0,
7005294010,80,5,맑은 유리,M2,1,2009-01-01
7005294020,80,5,저철분 유리,M2,1,2009-01-01
7005294090,80,5,기타,M2,1,2009-01-01
70052950,80,4,두께가 5밀리미터 초과 6밀리미터 이하인 것,,0,
7005295010,80,5,맑은 유리,M2,1,2009-01-01
7005295020,80,5,저철분 유리,M2,1,2009-01-01
7005295090,80,5,기타,M2,1,2009-01-01
70052960,80,4,두께가 6밀리미터 초과 8밀리미터 이하인 것,,0,
7005296010,80,5,맑은 유리,M2,1,2009-01-01
7005296020,80,5,저철분 유리,M2,1,2009-01-01
7005296090,80,5,기타,M2,1,2009-01-01
70052970,80,4,두께가 8밀리미터 초과 10밀리미터 이하인 것,,0,
7005297010,80,5,맑은 유리,M2,1,2009-01-01
7005297020,80,5,저철분 유리,M2,1,2009-01-01
7005297090,80,5,기타,M2,1,2009-01-01
70052980,80,4,두께가 10밀리미터 초과 12밀리미터 이하인 것,,0,
7005298010,80,5,맑은 유리,M2,1,2009-01-01
7005298020,80,5,저철분 유리,M2,1,2009-01-01
7005298090,80,5,기타,M2,1,2009-01-01
70052990,80,4,두께가 12밀리미터를 초과하는 것,,0,
7005299010,80,5,맑은 유리,M2,1,2009-01-01
7005299020,80,5,저철분 유리,M2,1,2009-01-01
7005299090,80,5,기타,M2,1,2009-01-01
7005300000,80,2,망입(網入) 유리,M2,1,2013-01-01
7006,80,1,"제7003호ㆍ제7004호ㆍ제7005호의 유리(구부린 것ㆍ가장자리 가공한 것ㆍ조각한 것ㆍ구멍을 뚫은 것ㆍ에나멜을 칠한 것이나 그 밖의 방법으로 가공한 것으로 한정하며, 프레임을 붙인 것이나 그 밖의 재료를 붙인 것은 제외한다)",,0,
700600,80,2,"제7003호ㆍ제7004호ㆍ제7005호의 유리(구부린 것ㆍ가장자리 가공한 것ㆍ조각한 것ㆍ구멍을 뚫은 것ㆍ에나멜을 칠한 것이나 그 밖의 방법으로 가공한 것으로 한정하며, 프레임을 붙인 것이나 그 밖의 재료를 붙인 것은 제외한다)",,0,
7006001000,80,3,플라즈마 디스플레이 패널용,,1,2013-01-01
7006002000,80,3,반도체나 평판디스플레이 제조에 사용되는 블랭크마스크(blank mask)용,,1,2013-01-01
7006003000,80,3,유기발광 디스플레이 패널용,,1,2025-01-01
7006004000,80,3,액정 디스플레이용,,1,2025-01-01
7006009000,80,3,기타,,1,2007-01-01
7007,80,1,안전유리(강화유리나 접합유리로 된 것으로 한정한다),,0,
70071,80,2,강화 안전유리,,0,
700711,80,3,차량ㆍ항공기ㆍ우주선ㆍ선박에 사용하기 적합한 크기와 모양인 것,,0,
7007111000,80,4,두께가 8밀리미터 이하인 것,,1,2009-01-01
7007112000,80,4,두께가 8밀리미터를 초과하는 것,,1,2009-01-01
700719,80,3,기타,,0,
7007191000,80,4,두께가 8밀리미터 이하인 것,M2,1,2009-01-01
7007192000,80,4,두께가 8밀리미터를 초과하는 것,M2,1,2009-01-01
70072,80,2,접합 안전유리,,0,
700721,80,3,차량ㆍ항공기ㆍ우주선ㆍ선박에 사용하기 적합한 크기와 모양인 것,,0,
7007211000,80,4,두께가 12밀리미터 이하인 것(필름 두께를 포함한다),,1,2009-01-01
7007212000,80,4,두께가 12밀리미터를 초과하는 것(필름 두께를 포함한다),,1,2009-01-01
700729,80,3,기타,,0,
7007291000,80,4,두께가 12밀리미터 이하인 것(필름 두께를 포함한다),M2,1,2009-01-01
7007292000,80,4,두께가 12밀리미터를 초과하는 것(필름 두께를 포함한다),M2,1,2015-01-01
7008,80,1,유리로 만든 복층 절연유닛,,0,
7008000000,80,2,유리로 만든 복층 절연유닛,,1,2013-01-01
7009,80,1,"유리거울(백미러를 포함하며, 틀을 붙인 것인지에 상관없다)",,0,
7009100000,80,2,백미러(차량용으로 한정한다),,1,2013-01-01
70099,80,2,기타,,0,
7009910000,80,3,틀이 붙지 않은 것,,1,2013-01-01
7009920000,80,3,틀이 붙은 것,,1,2002-01-01
7010,80,1,"유리로 만든 카보이(carboy)ㆍ병ㆍ플라스크ㆍ단지ㆍ항아리ㆍ약병ㆍ앰플과 그 밖에 이와 유사한 용기(물품의 수송용ㆍ포장용으로 한정한다), 유리로 만든 보존병, 유리로 만든 마개ㆍ뚜껑과 그 밖의 마개류",,0,
7010100000,80,2,앰플,,1,2002-01-01
7010200000,80,2,마개ㆍ뚜껑과 그 밖의 마개류,,1,2013-01-01
7010900000,80,2,기타,,1,2002-01-01
7011,80,1,"밀폐되지 않은 유리로 만든 외피(벌브와 튜브를 포함한다)와 이들의 부분품(전기 램프ㆍ광원, 음극선관이나 이와 유사한 용도의 것으로서 부착물이 없는 것으로 한정한다)",,0,
7011100000,80,2,전등용,,1,2013-01-01
701120,80,2,음극선관용,,0,
7011201000,80,3,천연색용,,1,2013-01-01
7011209000,80,3,기타,,1,2002-01-01
7011900000,80,2,기타,,1,2002-01-01
7013,80,1,"유리제품(식탁용ㆍ주방용ㆍ화장실용ㆍ사무용ㆍ실내장식용이나 이와 유사한 용도로 한정하며, 제7010호나 제7018호의 것은 제외한다)",,0,
7013100000,80,2,유리 도자제의 것,,1,2002-01-01
70132,80,2,굽 달린 음료용 유리컵류(유리 도자제의 것은 제외한다),,0,
7013220000,80,3,납 크리스탈로 만든 것,,1,2013-01-01
7013280000,80,3,기타,,1,2007-01-01
70133,80,2,그 밖의 음료용 유리컵류(유리 도자제의 것은 제외한다),,0,
7013330000,80,3,납 크리스탈로 만든 것,,1,2013-01-01
7013370000,80,3,기타,,1,2007-01-01
70134,80,2,식탁용 유리제품(음료용 유리컵류는 제외한다)과 주방용 유리제품(유리 도자제의 것은 제외한다),,0,
7013410000,80,3,납 크리스탈로 만든 것,,1,2013-01-01
7013420000,80,3,선팽창계수가 섭씨 0도에서 300도의 범위 내에서 1켈빈온도당 백만분의 5 이하인 유리로 만든 것,,1,2022-01-01
7013490000,80,3,기타,,1,2007-01-01
70139,80,2,그 밖의 유리제품,,0,
7013910000,80,3,납 크리스탈로 만든 것,,1,2013-01-01
7013990000,80,3,기타,,1,2002-01-01
7014,80,1,신호용 유리제품과 유리로 만든 광학소자(제7015호의 것과 광학적으로 가공한 것은 제외한다),,0,
701400,80,2,신호용 유리제품과 유리로 만든 광학소자(제7015호의 것과 광학적으로 가공한 것은 제외한다),,0,
7014001000,80,3,실드빔 램프(sealed beam lamp)의 것,,1,2013-01-01
70140090,80,3,기타,,0,
7014009010,80,4,신호용 유리제품,,1,2002-01-01
7014009020,80,4,유리로 만든 광학소자,,1,2014-01-01
7015,80,1,"시계용 유리와 이와 유사한 유리, 안경용(시력교정용인지에 상관없다) 유리[곡면인 것ㆍ구부린 것ㆍ중공(中空)인 것이나 이와 유사한 것으로 광학적으로 가공하지 않은 것으로 한정한다], 이들의 제조에 사용하는 중공구면(中空球面)유리와 그 세그먼트",,0,
7015100000,80,2,시력교정용 안경유리,,1,2002-01-01
701590,80,2,기타,,0,
7015901000,80,3,선글라스용,,1,2013-01-01
7015902000,80,3,시계용 유리와 이와 유사한 것,,1,2013-01-01
7015909000,80,3,기타,,1,2002-01-01
7016,80,1,"압축하거나 주형한 유리로 만든 포장(鋪裝)용 블록ㆍ슬래브ㆍ벽돌ㆍ스퀘어(square)ㆍ타일과 그 밖의 제품[망입(網入)한 것인지에 상관없으며 건축용이나 건설용으로 한정한다], 유리로 만든 입방체와 그 밖의 유리 세공품(뒷면을 보강한지에 상관없으며 모자이크용이나 이와 유사한 장식용으로 한정한다), 레드라이트(leaded light)와 이와 유사한 것, 블록(block)ㆍ패널(panel)ㆍ플레이트(plate)ㆍ쉘(shell)이나 이와 유사한 모양의 다공(多孔)유리나 다포(多泡)유리",,0,
7016100000,80,2,유리로 만든 입방체와 그 밖의 유리 세공품(뒷면을 보강한지에 상관없으며 모자이크용이나 이와 유사한 장식용으로 한정한다),,1,2013-01-01
701690,80,2,기타,,0,
7016901000,80,3,압축하거나 주형한 유리로 만든 포장(鋪裝)용 블록ㆍ슬래브ㆍ벽돌ㆍ스퀘어(square)ㆍ타일과 그 밖의 제품[망입(網入)한 것인지에 상관없으며 건축용이나 건설용으로 한정한다],,1,2013-01-01
70169090,80,3,기타,,0,
7016909010,80,4,레드라이트(leaded light),,1,2013-01-01
7016909020,80,4,스테인드글라스(stained glass),,1,2013-01-01
7016909090,80,4,기타,,1,2002-01-01
7017,80,1,실험실용ㆍ위생용ㆍ약제용 유리제품(눈금이 있는지에 상관없다),,0,
7017100000,80,2,석영유리 또는 용융실리카로 만든 것,,1,2014-01-01
7017200000,80,2,선팽창계수가 섭씨 0도에서 300도의 범위 내에서 1켈빈온도당 백만분의 5 이하인 그 밖의 유리로 만든 것,,1,2022-01-01
7017900000,80,2,기타,,1,2002-01-01
7018,80,1,"유리로 만든 비드(bead)ㆍ모조 진주ㆍ모조 귀석과 반귀석ㆍ이와 유사한 유리 세공품ㆍ모조 신변장식용품을 제외한 유리제품, 인체용을 제외한 유리 안구, 작은 조각상과 램프 가공한(lamp-worked) 그 밖의 장식용 유리제품(모조 신변장식용품은 제외한다), 지름이 1밀리미터 이하인 유리로 만든 마이크로스피어(microsphere)",,0,
701810,80,2,유리로 만든 비드(bead)ㆍ모조 진주ㆍ모조 귀석과 반귀석ㆍ이와 유사한 유리 세공품,,0,
7018101000,80,3,비드(bead),,1,2013-01-01
7018102000,80,3,모조 진주,,1,2013-01-01
7018103000,80,3,모조 귀석과 반귀석,,1,2013-01-01
7018104000,80,3,모조 산호,,1,2013-01-01
7018109000,80,3,기타,,1,2002-01-01
7018200000,80,2,1밀리미터 이하인 유리로 만든 마이크로스피어(microsphere),,1,2022-01-01
701890,80,2,기타,,0,
7018901000,80,3,유리안구(인체용은 제외한다),,1,2013-01-01
7018909000,80,3,기타,,1,2002-01-01
7019,80,1,유리섬유[글라스 울(glass wool)을 포함한다]와 이들의 제품(예: 실ㆍ로빙(roving)ㆍ직물),,0,
70191,80,2,슬리버(sliver)ㆍ로빙(roving)ㆍ실ㆍ단연사와 이들의 매트(mat),,0,
7019110000,80,3,단연사(길이가 50밀리미터 이하인 것으로 한정한다),,1,2013-01-01
7019120000,80,3,로빙(roving),,1,2013-01-01
7019130000,80,3,그 밖의 실[슬리버(sliver)로 한정한다],,1,2022-01-01
7019140000,80,3,기계적으로 접착한 매트,,1,2022-01-01
7019150000,80,3,화학적으로 접착한 매트,,1,2022-01-01
7019190000,80,3,기타,,1,2002-01-01
70196,80,2,기계적으로 접착한 직물,,0,
7019610000,80,3,촘촘하게 직조한 직물[로빙(roving)의 것],,1,2022-01-01
7019620000,80,3,그 밖의 촘촘한 직물[로빙(roving)의 것],,1,2022-01-01
701963,80,3,"촘촘하게 직조한 직물[실로 짠 평직물로서, 도포·적층하지 않은 것]",,0,
7019631000,80,4,폭이 30센티미터 이하인 것,,1,2022-01-01
7019632000,80,4,"폭이 30센티미터 초과인 것(평직물로서 1제곱미터당 중량이 250그램 미만이며, 구성하는 단사가 136텍스 이하의 필라멘트인 것으로 한정한다)",,1,2022-01-01
7019639000,80,4,기타,,1,2022-01-01
701964,80,3,"촘촘하게 직조한 직물[실로 짠 평직물로서, 도포·적층한 것]",,0,
7019641000,80,4,폭이 30센티미터 이하인 것,,1,2022-01-01
7019642000,80,4,"폭이 30센티미터 초과인 것(평직물로서 1제곱미터당 중량이 250그램 미만이며, 구성하는 단사가 136텍스 이하의 필라멘트인 것으로 한정한다)",,1,2022-01-01
7019649000,80,4,기타,,1,2022-01-01
701965,80,3,성기게 직조한 직물[폭이 30센티미터 이하인 것],,0,
7019651000,80,4,로빙으로 짠 것,,1,2022-01-01
7019659000,80,4,기타,,1,2022-01-01
701966,80,3,성기게 직조한 직물[폭이 30센티미터를 초과하는 것],,0,
7019661000,80,4,로빙으로 짠 것,,1,2022-01-01
7019662000,80,4,"기타(평직물로서 1제곱미터당 중량이 250그램 미만이며, 구성하는 단사가 136텍스 이하의 필라멘트인 것으로 한정한다)",,1,2022-01-01
7019669000,80,4,기타,,1,2022-01-01
701969,80,3,기타,,0,
7019692000,80,4,웹(web)ㆍ매트리스(mattress)ㆍ보드와 이와 유사한 부직포,,1,2022-01-01
70196930,80,4,직조한 직물,,0,
7019693010,80,5,폭이 30센티미터 이하인 것,,1,2022-01-01
7019693090,80,5,기타,,1,2022-01-01
7019699000,80,4,기타,,1,2022-01-01
70197,80,2,화학적으로 접착한 직물,,0,
7019710000,80,3,베일(얇은 시트),,1,2022-01-01
7019720000,80,3,그 밖의 촘촘한 직물,,1,2022-01-01
7019730000,80,3,그 밖의 성긴 직물,,1,2022-01-01
701980,80,2,글라스 울(glass wool)과 글라스 울 제품,,0,
7019801000,80,3,글라스 울(glass wool),,1,2022-01-01
7019809000,80,3,기타,,1,2022-01-01
7019900000,80,2,기타,,1,2022-01-01
7020,80,1,유리로 만든 그 밖의 제품,,0,
702000,80,2,유리로 만든 그 밖의 제품,,0,
70200010,80,3,공업용,,0,
702000101,80,4,석영유리 또는 용융실리카로 만든 것,,0,
7020001011,80,5,반도체 웨이퍼(wafer) 제조용으로 확산로(擴散爐)와 산화로(酸化爐)에 삽입할 수 있도록 고안된 석영 리액터(reactor) 튜브와 홀더,U,1,2013-01-01
7020001012,80,5,반도체 웨이퍼(wafer) 제조에 사용되는 노(爐)용 석영 도가니,U,1,2013-01-01
7020001013,80,5,반도체 제조용으로서 석영제품(quartz ware) 제조에 사용되는 것,U,1,2013-01-01
7020001019,80,5,기타,U,1,2007-01-01
7020001090,80,4,기타,U,1,2007-01-01
7020009000,80,3,기타,U,1,2007-01-01
71,80,0,"제71류 천연진주ㆍ양식진주ㆍ귀석ㆍ반귀석ㆍ귀금속ㆍ귀금속을 입힌 금속과 이들의 제품, 모조 신변장식용품, 주화",,0,
7101,80,1,"천연진주나 양식진주(가공한 것인지 또는 등급을 매긴 것인지에 상관없으며 실로 꿴 것ㆍ장착되거나 세트로 된 것은 제외한다. 다만, 수송의 편의를 위하여 일시적으로 실로 꿴 것을 포함한다)",,0,
7101100000,80,2,천연진주,,1,2022-01-01
71012,80,2,양식진주,,0,
7101210000,80,3,가공하지 않은 것,,1,2013-01-01
7101220000,80,3,가공한 것,,1,2002-01-01
7102,80,1,다이아몬드(가공한 것인지에 상관없으며 장착되거나 세트로 된 것은 제외한다),,0,
7102100000,80,2,선별하지 않은 것,CR,1,2013-01-01
71022,80,2,공업용,,0,
7102210000,80,3,원석(단순히 톱질한 것이나 쪼갠 것으로 한정한다),CR,1,2013-01-01
7102290000,80,3,기타,CR,1,2002-01-01
71023,80,2,공업용이 아닌 것,,0,
7102310000,80,3,원석(단순히 톱질한 것이나 쪼갠 것으로 한정한다),CR,1,2013-01-01
7102390000,80,3,기타,CR,1,2013-01-01
7103,80,1,"귀석(다이아몬드는 제외한다)과 반귀석(가공한 것인지 또는 등급을 매긴 것인지에 상관없으며 실로 꿴 것ㆍ장착되거나 세트로 된 것은 제외한다. 다만, 등급을 매기지 않은 것으로서 수송의 편의를 위하여 일시적으로 실로 꿴 것을 포함한다)",,0,
7103100000,80,2,"원석, 단순히 톱질한 것이나 거칠게 성형한 것",,1,2013-01-01
71039,80,2,그 밖의 다른 방법으로 가공한 것,,0,
710391,80,3,루비ㆍ사파이어ㆍ에메랄드,,0,
7103911000,80,4,공업용,CR,1,2013-01-01
71039190,80,4,기타,,0,
7103919010,80,5,루비,CR,1,2002-01-01
7103919020,80,5,사파이어,CR,1,2002-01-01
7103919030,80,5,에메랄드,CR,1,2002-01-01
710399,80,3,기타,,0,
7103991000,80,4,공업용,CR,1,2013-01-01
71039990,80,4,기타,,0,
7103999010,80,5,오팔,CR,1,2002-01-01
7103999020,80,5,비취,CR,1,2002-01-01
7103999030,80,5,옥수(玉髓),CR,1,2013-01-01
7103999040,80,5,수정,CR,1,2002-01-01
7103999090,80,5,기타,CR,1,2017-01-01
7104,80,1,"합성ㆍ재생한 귀석이나 반귀석(가공한 것인지 또는 등급을 매긴 것인지에 상관없으며 실로 꿴 것, 장착되거나 세트로 된 것은 제외한다. 다만, 등급을 매기지 않은 것으로서 수송의 편의를 위하여 일시적으로 실로 꿴 것을 포함한다)",,0,
7104100000,80,2,압전기용 석영,,1,2002-01-01
71042,80,2,"기타(원석, 단순히 톱질한 것이나 거칠게 성형한 것으로 한정한다)",,0,
7104210000,80,3,다이아몬드,CR,1,2022-01-01
7104290000,80,3,기타,CR,1,2022-01-01
71049,80,2,기타,,0,
710491,80,3,다이아몬드,,0,
7104911000,80,4,공업용,CR,1,2022-01-01
7104919000,80,4,기타,CR,1,2022-01-01
710499,80,3,기타,,0,
7104991000,80,4,인조수정(공업용으로 한정한다),CR,1,2022-01-01
71049990,80,4,기타,,0,
7104999010,80,5,공업용,CR,1,2022-01-01
7104999090,80,5,기타,CR,1,2022-01-01
7105,80,1,천연의 것이나 합성한 귀석ㆍ반귀석의 더스트(dust)와 가루,,0,
710510,80,2,다이아몬드의 것,,0,
7105101000,80,3,천연의 것,CR,1,2002-01-01
7105102000,80,3,합성한 것,CR,1,2013-01-01
710590,80,2,기타,,0,
7105901000,80,3,석류석의 것,,1,2002-01-01
7105909000,80,3,기타,,1,2002-01-01
7106,80,1,"은(금이나 백금을 도금한 은을 포함하며, 가공하지 않은 것ㆍ반가공한 모양이나 가루 모양인 것으로 한정한다)",,0,
7106100000,80,2,가루,,1,2013-01-01
71069,80,2,기타,,0,
710691,80,3,가공하지 않은 것,,0,
7106911000,80,4,은의 함유량이 전 중량의 100분의 99.99 이상인 것,,1,2013-01-01
7106919000,80,4,기타,,1,2017-01-01
710692,80,3,반가공한 것,,0,
7106921000,80,4,"막대(bar, rod)와 형재(形材)",,1,2013-01-01
7106922000,80,4,판ㆍ시트(sheet)ㆍ스트립(strip),,1,2013-01-01
7106923000,80,4,선,,1,2002-01-01
7106929000,80,4,기타,,1,2002-01-01
7107,80,1,은을 입힌 비금속(卑金屬)(반가공한 것보다 더 가공하지 않은 것으로 한정한다),,0,
710700,80,2,은을 입힌 비금속(卑金屬)(반가공한 것보다 더 가공하지 않은 것으로 한정한다),,0,
7107001000,80,3,"막대(bar, rod)와 형재(形材)",,1,2013-01-01
7107002000,80,3,판ㆍ시트(sheet)ㆍ스트립(strip),,1,2013-01-01
7107003000,80,3,선,,1,2002-01-01
7107004000,80,3,관(管)과 중공(中空)봉,,1,2013-01-01
7107009000,80,3,기타,,1,2002-01-01
7108,80,1,"금(백금을 도금한 금을 포함하며, 가공하지 않은 것ㆍ반가공한 모양이나 가루 모양인 것으로 한정한다)",,0,
71081,80,2,화폐용이 아닌 것,,0,
7108110000,80,3,가루,,1,2013-01-01
710812,80,3,그 밖의 가공하지 않은 모양인 것,,0,
7108121000,80,4,럼프(lump)ㆍ빌릿(billet)ㆍ알갱이,,1,2013-01-01
7108129000,80,4,기타,,1,2002-01-01
710813,80,3,그 밖의 반가공한 모양인 것,,0,
71081310,80,4,선,,0,
7108131010,80,5,반도체 제조용,,1,2013-01-01
7108131090,80,5,기타,,1,2002-01-01
71081390,80,4,기타,,0,
7108139010,80,5,"막대(bar, rod)와 형재(形材)",,1,2013-01-01
7108139020,80,5,판ㆍ시트(sheet)ㆍ스트립(strip),,1,2013-01-01
7108139090,80,5,기타,,1,2002-01-01
7108200000,80,2,화폐용,,1,2013-01-01
7109,80,1,금을 입힌 비금속(卑金屬)이나 은(반가공한 것보다 더 가공하지 않은 것으로 한정한다),,0,
7109000000,80,2,금을 입힌 비금속(卑金屬)이나 은(반가공한 것보다 더 가공하지 않은 것으로 한정한다),,1,2013-01-01
7110,80,1,백금(가공하지 않은 것ㆍ반가공한 모양이나 가루 모양인 것으로 한정한다),,0,
71101,80,2,플라티늄(platinum),,0,
7110110000,80,3,가공하지 않은 것이나 가루 모양인 것,,1,2013-01-01
7110190000,80,3,기타,,1,2002-01-01
71102,80,2,팔라듐(palladium),,0,
7110210000,80,3,가공하지 않은 것이나 가루 모양인 것,,1,2013-01-01
7110290000,80,3,기타,,1,2002-01-01
71103,80,2,로듐(rhodium),,0,
7110310000,80,3,가공하지 않은 것이나 가루 모양인 것,,1,2013-01-01
7110390000,80,3,기타,,1,2002-01-01
71104,80,2,이리듐(iridium)ㆍ오스뮴(osmium)ㆍ루테늄(ruthenium),,0,
7110410000,80,3,가공하지 않은 것이나 가루 모양인 것,,1,2013-01-01
7110490000,80,3,기타,,1,2002-01-01
7111,80,1,백금을 입힌 비금속(卑金屬)ㆍ은ㆍ금(반가공한 것보다 더 가공하지 않은 것으로 한정한다),,0,
7111000000,80,2,백금을 입힌 비금속(卑金屬)ㆍ은ㆍ금(반가공한 것보다 더 가공하지 않은 것으로 한정한다),,1,2013-01-01
7112,80,1,"귀금속이나 귀금속을 입힌 금속의 웨이스트(waste)와 스크랩(scrap), 귀금속이나 귀금속 화합물을 포함하고 있는 그 밖의 웨이스트(waste)와 스크랩(scrap)(주로 귀금속의 회수에 사용되는 것으로 한정하며 제8549호의 물품은 제외한다)",,0,
7112300000,80,2,귀금속이나 귀금속 화합물을 포함하고 있는 회(灰),,1,2013-01-01
71129,80,2,기타,,0,
711291,80,3,"금의 것(금을 입힌 금속을 포함하며, 그 밖의 귀금속을 함유한 부스러기는 제외한다)",,0,
7112911000,80,4,잔재물의 것,,1,2002-01-01
7112919000,80,4,기타,,1,2002-01-01
711292,80,3,"백금의 것(백금을 입힌 금속을 포함하며, 그 밖의 귀금속을 함유한 부스러기는 제외한다)",,0,
7112921000,80,4,잔재물의 것,,1,2002-01-01
7112929000,80,4,기타,,1,2002-01-01
711299,80,3,기타,,0,
7112991000,80,4,잔재물의 것,,1,2002-01-01
7112992000,80,4,플라스틱의 웨이스트(waste)ㆍ페어링(paring)ㆍ스크랩(scrap)의 것,,1,2013-01-01
7112999000,80,4,기타,,1,2002-01-01
7113,80,1,신변장식용품과 그 부분품(귀금속으로 만들거나 귀금속을 입힌 금속으로 만든 것으로 한정한다),,0,
71131,80,2,귀금속으로 만든 것(귀금속을 도금하거나 입힌 것인지에 상관없다),,0,
7113110000,80,3,은으로 만든 것(그 밖의 귀금속을 도금하거나 입힌 것인지에 상관없다),,1,2013-01-01
711319,80,3,그 밖의 귀금속으로 만든 것(귀금속을 도금하거나 입힌 것인지에 상관없다),,0,
7113191000,80,4,백금으로 만든 것,,1,2013-01-01
7113192000,80,4,금으로 만든 것,,1,2013-01-01
7113199000,80,4,기타,,1,2002-01-01
711320,80,2,귀금속을 입힌 비금속(卑金屬)으로 만든 것,,0,
7113201000,80,3,백금을 입힌 것,,1,2002-01-01
7113202000,80,3,금을 입힌 것,,1,2002-01-01
7113203000,80,3,은을 입힌 것,,1,2002-01-01
7113209000,80,3,기타,,1,2002-01-01
7114,80,1,금 세공품이나 은 세공품과 이들의 부분품(귀금속으로 만들거나 귀금속을 입힌 금속으로 만든 것으로 한정한다),,0,
71141,80,2,귀금속으로 만든 것(귀금속을 도금하거나 입힌 것인지에 상관없다),,0,
7114110000,80,3,은으로 만든 것(그 밖의 귀금속을 도금하거나 입힌 것인지에 상관없다),,1,2022-01-01
711419,80,3,그 밖의 귀금속으로 만든 것(귀금속을 도금하거나 입힌 것인지에 상관없다),,0,
7114191000,80,4,식탁용,,1,2013-01-01
7114199000,80,4,기타,,1,2002-01-01
7114200000,80,2,귀금속을 입힌 비금속(卑金屬)으로 만든 것,,1,2022-01-01
7115,80,1,귀금속이나 귀금속을 입힌 금속의 그 밖의 제품,,0,
7115100000,80,2,촉매제[백금으로 만든 와이어 클로스(wire cloth)나 그릴 모양인 것으로 한정한다],,1,2013-01-01
711590,80,2,기타,,0,
71159010,80,3,공업용,,0,
7115901010,80,4,백금 도가니,,1,2013-01-01
7115901090,80,4,기타,,1,2002-01-01
71159090,80,3,기타,,0,
7115909010,80,4,금으로 만든 것(금을 입힌 금속을 포함한다),,1,2013-01-01
7115909020,80,4,은으로 만든 것(은을 입힌 금속을 포함한다),,1,2013-01-01
7115909090,80,4,기타,,1,2002-01-01
7116,80,1,"천연진주나 양식진주, 귀석이나 반귀석(천연의 것, 합성ㆍ재생한 것)의 제품",,0,
711610,80,2,천연진주나 양식진주로 만든 것,,0,
7116101000,80,3,천연진주로 만든 것,,1,2013-01-01
7116102000,80,3,양식진주로 만든 것,,1,2013-01-01
711620,80,2,"귀석이나 반귀석(천연의 것, 합성ㆍ재생한 것)으로 만든 것",,0,
7116201000,80,3,공업용,,1,2013-01-01
71162090,80,3,기타,,0,
7116209010,80,4,신변장식용,,1,2013-01-01
7116209090,80,4,기타,,1,2002-01-01
7117,80,1,모조 신변장식용품,,0,
71171,80,2,비금속(卑金屬)으로 만든 것(귀금속을 도금한 것인지에 상관없다),,0,
7117110000,80,3,커프링크(cuff-link)와 장식용 단추,,1,2013-01-01
711719,80,3,기타,,0,
7117191000,80,4,목걸이,,1,2002-01-01
7117192000,80,4,팔찌,,1,2002-01-01
7117193000,80,4,귀걸이,,1,2012-01-01
7117194000,80,4,브로치,,1,2013-01-01
7117195000,80,4,반지,,1,2002-01-01
7117196000,80,4,신변장식용 체인,,1,2002-01-01
7117199000,80,4,기타,,1,2002-01-01
7117900000,80,2,기타,,1,2002-01-01
7118,80,1,주화,,0,
7118100000,80,2,주화(금화는 제외한다)로서 법정통화가 아닌 것,,1,2013-01-01
711890,80,2,기타,,0,
7118901000,80,3,금화,,1,2002-01-01
7118902000,80,3,은화,,1,2002-01-01
7118909000,80,3,기타,,1,2002-01-01
72,80,0,제72류 철강,,0,
7201,80,1,선철(銑鐵)과 스피그라이즌(spiegeleisen)[피그(pig)ㆍ블록(block) 모양이나 그 밖의 일차제품(primary form) 형태인 것으로 한정한다],,0,
720110,80,2,비합금선철(인의 함유량이 전 중량의 100분의 0.5 이하인 것으로 한정한다),,0,
7201101000,80,3,주물용,,1,2013-01-01
7201102000,80,3,제강용,,1,2013-01-01
7201109000,80,3,기타,,1,2002-01-01
7201200000,80,2,비합금선철(인의 함유량이 전 중량의 100분의 0.5를 초과하는 것으로 한정한다),,1,2013-01-01
7201500000,80,2,합금선철과 스피그라이즌(spiegeleisen),,1,2017-01-01
7202,80,1,합금철(ferro-alloy),,0,
72021,80,2,페로망간,,0,
7202110000,80,3,탄소의 함유량이 전 중량의 100분의 2를 초과하는 것,,1,2013-01-01
7202190000,80,3,기타,,1,2002-01-01
72022,80,2,페로실리콘(ferro-silicon),,0,
7202210000,80,3,실리콘의 함유량이 100분의 55를 초과하는 것,,1,2002-01-01
720229,80,3,기타,,0,
7202291000,80,4,마그네슘 함유량이 전 중량의 100분의 2 이상인 것,,1,2013-01-01
7202299000,80,4,기타,,1,2002-01-01
7202300000,80,2,페로실리코망간(ferro-silico-manganese),,1,2013-01-01
72024,80,2,페로크로뮴(ferro-chromium),,0,
7202410000,80,3,탄소의 함유량이 전 중량의 100분의 4를 초과하는 것,,1,2013-01-01
7202490000,80,3,기타,,1,2002-01-01
7202500000,80,2,페로실리코크로뮴(ferro-silico-chromium),,1,2013-01-01
7202600000,80,2,페로니켈(ferro-nickel),,1,2013-01-01
7202700000,80,2,페로몰리브데늄(ferro-molybdenum),,1,2013-01-01
7202800000,80,2,페로텅스텐(ferro-tungsten)과 페로실리코 텅스텐(ferro-silico-tungsten),,1,2013-01-01
72029,80,2,기타,,0,
7202910000,80,3,페로티타늄(ferrotitanium)과 페로실리코티타늄(ferro-silico-titanium),,1,2013-01-01
7202920000,80,3,페로바나듐(ferro-vanadium),,1,2013-01-01
7202930000,80,3,페로니오븀(ferro-niobium),,1,2013-01-01
720299,80,3,기타,,0,
7202991000,80,4,인철(인의 함유량이 전 중량의 100분의 15 이상인 것으로 한정한다),,1,2013-01-01
7202999000,80,4,기타,,1,2002-01-01
7203,80,1,철광석을 직접 환원하여 제조한 철제품과 그 밖의 해면질의 철제품[럼프(lump)ㆍ펠릿(pellet)이나 이와 유사한 모양인 것으로 한정한다]과 순도가 최저 전 중량의 100분의 99.94인 철[럼프(lump)ㆍ펠릿(pellet)이나 이와 유사한 모양인 것으로 한정한다],,0,
7203100000,80,2,철광석을 직접 환원하여 제조한 철제품,,1,2002-01-01
7203900000,80,2,기타,,1,2002-01-01
7204,80,1,"철의 웨이스트(waste)와 스크랩(scrap), 철강의 재용해용 스크랩 잉곳(scrap ingot)",,0,
7204100000,80,2,주철의 웨이스트(waste)와 스크랩(scrap),,1,2013-01-01
72042,80,2,합금강의 웨이스트(waste)와 스크랩(scrap),,0,
7204210000,80,3,스테인리스강의 것,,1,2002-01-01
7204290000,80,3,기타,,1,2002-01-01
7204300000,80,2,주석을 도금한 철강의 웨이스트(waste)와 스크랩(scrap),,1,2013-01-01
72044,80,2,그 밖의 웨이스트(waste)와 스크랩(scrap),,0,
7204410000,80,3,선삭(旋削)ㆍ세이빙(shaving)ㆍ칩ㆍ밀링 웨이스트(milling waste)ㆍ톱밥ㆍ파일링(filing)ㆍ트리밍(trimming)ㆍ스탬핑(stamping)(번들 모양인지에 상관없다),,1,2013-01-01
7204490000,80,3,기타,,1,2002-01-01
7204500000,80,2,재용해용 스크랩 잉곳(scrap ingot),,1,2013-01-01
7205,80,1,알갱이와 가루[선철(銑鐵)ㆍ스피그라이즌(spiegeleisen)ㆍ철강의 것으로 한정한다],,0,
720510,80,2,알갱이,,0,
7205101000,80,3,숏(shot),,1,2013-01-01
7205102000,80,3,그릿(grit),,1,2013-01-01
7205109000,80,3,기타,,1,2002-01-01
72052,80,2,가루,,0,
7205210000,80,3,합금강의 것,,1,2002-01-01
7205290000,80,3,기타,,1,2002-01-01
7206,80,1,잉곳(ingot)이나 그 밖의 일차제품(primary form) 형태인 철과 비합금강(제7203호의 철은 제외한다),,0,
7206100000,80,2,잉곳(ingot),,1,2013-01-01
7206900000,80,2,기타,,1,2002-01-01
7207,80,1,철이나 비합금강의 반제품,,0,
72071,80,2,탄소의 함유량이 전 중량의 100분의 0.25 미만인 것,,0,
720711,80,3,횡단면이 직사각형(정사각형을 포함한다)인 것(폭이 두께의 두 배 미만인 것으로 한정한다),,0,
7207111000,80,4,블룸(bloom),,1,2013-01-01
7207112000,80,4,빌릿(billet),,1,2013-01-01
720712,80,3,그 밖의 횡단면이 직사각형(정사각형은 제외한다)인 것,,0,
7207121000,80,4,슬래브,,1,2002-01-01
7207122000,80,4,시트바(sheet bar),,1,2013-01-01
7207190000,80,3,기타,,1,2002-01-01
720720,80,2,탄소의 함유량이 전 중량의 100분의 0.25 이상인 것,,0,
7207201000,80,3,블룸(bloom),,1,2013-01-01
7207202000,80,3,빌릿(billet),,1,2013-01-01
7207203000,80,3,슬래브,,1,2002-01-01
7207209000,80,3,기타,,1,2002-01-01
7208,80,1,"철이나 비합금강의 평판압연제품[폭이 600밀리미터 이상인 것으로서 열간(熱間)압연한 것으로 한정하고, 클래드(clad)ㆍ도금ㆍ도포한 것은 제외한다]",,0,
720810,80,2,코일 모양인 것으로서 열간(熱間)압연보다 더 가공하지 않고 부조(浮彫)된 무늬가 있는 것,,0,
7208101000,80,3,두께가 4.75밀리미터 이상인 것,,1,2002-01-01
7208109000,80,3,두께가 4.75밀리미터 미만인 것,,1,2002-01-01
72082,80,2,기타[코일 모양인 것으로서 열간(熱間)압연보다 더 가공하지 않고 산세(酸洗)한 것으로 한정한다],,0,
720825,80,3,두께가 4.75밀리미터 이상인 것,,0,
7208251000,80,4,인장강도가 490메가파스칼 이상인 것,,1,2007-01-01
7208259000,80,4,기타,,1,2007-01-01
720826,80,3,두께가 3밀리미터 이상 4.75밀리미터 미만인 것,,0,
7208261000,80,4,인장강도가 490메가파스칼 이상인 것,,1,2007-01-01
7208269000,80,4,기타,,1,2007-01-01
720827,80,3,두께가 3밀리미터 미만인 것,,0,
7208271000,80,4,인장강도가 490메가파스칼 이상인 것,,1,2007-01-01
7208279000,80,4,기타,,1,2007-01-01
72083,80,2,기타[코일 모양인 것으로서 열간(熱間)압연보다 더 가공하지 않은 것으로 한정한다],,0,
720836,80,3,두께가 10밀리미터를 초과하는 것,,0,
7208361000,80,4,인장강도가 490메가파스칼 이상인 것,,1,2007-01-01
7208369000,80,4,기타,,1,2007-01-01
720837,80,3,두께가 4.75밀리미터 이상 10밀리미터 이하인 것,,0,
7208371000,80,4,인장강도가 490메가파스칼 이상인 것,,1,2007-01-01
7208379000,80,4,기타,,1,2007-01-01
720838,80,3,두께가 3밀리미터 이상 4.75밀리미터 미만인 것,,0,
7208381000,80,4,인장강도가 490메가파스칼 이상인 것,,1,2007-01-01
7208389000,80,4,기타,,1,2007-01-01
720839,80,3,두께가 3밀리미터 미만인 것,,0,
7208391000,80,4,인장강도가 490메가파스칼 이상인 것,,1,2007-01-01
7208399000,80,4,기타,,1,2007-01-01
7208400000,80,2,코일 모양이 아닌 것으로서 열간(熱間)압연보다 더 가공하지 않은 부조(浮彫)된 무늬가 있는 것,,1,2015-01-01
72085,80,2,기타[코일 모양이 아닌 것으로 열간(熱間)압연보다 더 가공하지 않은 것으로 한정한다],,0,
720851,80,3,두께가 10밀리미터를 초과하는 것,,0,
7208511000,80,4,인장강도가 490메가파스칼 이상인 것,,1,2007-01-01
7208519000,80,4,기타,,1,2007-01-01
720852,80,3,두께가 4.75밀리미터 이상 10밀리미터 이하인 것,,0,
7208521000,80,4,인장강도가 490메가파스칼 이상인 것,,1,2007-01-01
7208529000,80,4,기타,,1,2007-01-01
720853,80,3,두께가 3밀리미터 이상 4.75밀리미터 미만인 것,,0,
7208531000,80,4,인장강도가 490메가파스칼 이상인 것,,1,2007-01-01
7208539000,80,4,기타,,1,2007-01-01
720854,80,3,두께가 3밀리미터 미만인 것,,0,
7208541000,80,4,인장강도가 490메가파스칼 이상인 것,,1,2007-01-01
7208549000,80,4,기타,,1,2007-01-01
7208900000,80,2,기타,,1,2002-01-01
7209,80,1,"철이나 비합금강의 평판압연제품[폭이 600밀리미터 이상인 것으로서 냉간압연(냉간환원)한 것으로 한정하고, 클래드(clad)ㆍ도금ㆍ도포한 것은 제외한다]",,0,
72091,80,2,코일 모양인 것으로 냉간압연(냉간환원)보다 더 가공하지 않은 것,,0,
720915,80,3,두께가 3밀리미터 이상인 것,,0,
7209151000,80,4,인장강도가 340메가파스칼 이상인 것,,1,2007-01-01
7209159000,80,4,기타,,1,2007-01-01
720916,80,3,두께가 1밀리미터 초과 3밀리미터 미만인 것,,0,
7209161000,80,4,인장강도가 340메가파스칼 이상인 것,,1,2007-01-01
7209169000,80,4,기타,,1,2007-01-01
720917,80,3,두께가 0.5밀리미터 이상 1밀리미터 이하인 것,,0,
7209171000,80,4,인장강도가 340메가파스칼 이상인 것,,1,2007-01-01
7209179000,80,4,기타,,1,2007-01-01
720918,80,3,두께가 0.5밀리미터 미만인 것,,0,
7209181000,80,4,인장강도가 340메가파스칼 이상인 것,,1,2007-01-01
7209189000,80,4,기타,,1,2007-01-01
72092,80,2,코일 모양이 아닌 것으로 냉간압연(냉간환원)보다 더 가공하지 않은 것,,0,
720925,80,3,두께가 3밀리미터 이상인 것,,0,
7209251000,80,4,인장강도가 340메가파스칼 이상인 것,,1,2007-01-01
7209259000,80,4,기타,,1,2007-01-01
720926,80,3,두께가 1밀리미터 초과 3밀리미터 미만인 것,,0,
7209261000,80,4,인장강도가 340메가파스칼 이상인 것,,1,2007-01-01
7209269000,80,4,기타,,1,2007-01-01
720927,80,3,두께가 0.5밀리미터 이상 1밀리미터 이하인 것,,0,
7209271000,80,4,인장강도가 340메가파스칼 이상인 것,,1,2007-01-01
7209279000,80,4,기타,,1,2007-01-01
720928,80,3,두께가 0.5밀리미터 미만인 것,,0,
7209281000,80,4,인장강도가 340메가파스칼 이상인 것,,1,2007-01-01
7209289000,80,4,기타,,1,2007-01-01
7209900000,80,2,기타,,1,2002-01-01
7210,80,1,철이나 비합금강의 평판압연제품[폭이 600밀리미터 이상인 것으로서 클래드(clad)ㆍ도금ㆍ도포한 것으로 한정한다],,0,
72101,80,2,주석을 도금하거나 도포한 것,,0,
7210110000,80,3,두께가 0.5밀리미터 이상인 것,,1,2002-01-01
7210120000,80,3,두께가 0.5밀리미터 미만인 것,,1,2002-01-01
7210200000,80,2,납을 도금하거나 도포한 것(함석판을 포함한다),,1,2013-01-01
721030,80,2,아연을 전해도금하거나 도포한 것,,0,
7210301000,80,3,인장강도가 340메가파스칼 이상인 것,,1,2007-01-01
7210309000,80,3,기타,,1,2007-01-01
72104,80,2,그 밖의 다른 방법으로 아연을 도금하거나 도포한 것,,0,
7210410000,80,3,물결 모양의 것,,1,2013-01-01
721049,80,3,기타,,0,
72104910,80,4,소둔(燒鈍)한 것,,0,
7210491010,80,5,인장강도가 340메가파스칼 이상인 것,,1,2007-01-01
7210491090,80,5,기타,,1,2007-01-01
72104990,80,4,기타,,0,
7210499010,80,5,인장강도가 340메가파스칼 이상인 것,,1,2007-01-01
7210499090,80,5,기타,,1,2007-01-01
7210500000,80,2,산화크로뮴이나 크로뮴과 산화크로뮴으로 도금하거나 도포한 것,,1,2013-01-01
72106,80,2,알루미늄을 도금하거나 도포한 것,,0,
7210610000,80,3,알루미늄-아연 합금을 도금하거나 도포한 것,,1,2013-01-01
7210690000,80,3,기타,,1,2002-01-01
721070,80,2,페인팅한 것ㆍ바니시한 것ㆍ플라스틱을 도포한 것,,0,
7210701000,80,3,두께가 4.75밀리미터 이상의 것,,1,2022-01-01
7210702000,80,3,두께가 4.75밀리미터 미만의 것,,1,2022-01-01
721090,80,2,기타,,0,
7210901000,80,3,니켈을 도금하거나 도포한 것,,1,2013-01-01
7210902000,80,3,구리를 도금하거나 도포한 것,,1,2013-01-01
7210909000,80,3,기타,,1,2002-01-01
7211,80,1,"철이나 비합금강의 평판압연제품[폭이 600밀리미터 미만인 것으로 한정하고, 클래드(clad)ㆍ도금ㆍ도포한 것은 제외한다]",,0,
72111,80,2,열간(熱間)압연보다 더 가공하지 않은 것,,0,
7211130000,80,3,"4면을 압연한 것이나 크로스드박스패스(closed box pass)로 한 것(폭이 150밀리미터를 초과하고, 두께가 4밀리미터 이상인 것으로 한정하며, 코일 모양인 것과 부조(浮彫)된 무늬가 있는 것은 제외한다)",,1,2017-01-01
721114,80,3,기타(두께가 4.75밀리미터 이상인 것으로 한정한다),,0,
7211141000,80,4,인장강도가 490메가파스칼 이상인 것,,1,2007-01-01
7211149000,80,4,기타,,1,2007-01-01
721119,80,3,기타,,0,
7211191000,80,4,인장강도가 490메가파스칼 이상인 것,,1,2007-01-01
7211199000,80,4,기타,,1,2007-01-01
72112,80,2,냉간압연(냉간환원)보다 더 가공하지 않은 것,,0,
721123,80,3,탄소의 함유량이 전 중량의 100분의 0.25 미만인 것,,0,
7211231000,80,4,인장강도가 340메가파스칼 이상인 것,,1,2007-01-01
7211239000,80,4,기타,,1,2007-01-01
721129,80,3,기타,,0,
7211291000,80,4,인장강도가 340메가파스칼 이상인 것,,1,2007-01-01
7211299000,80,4,기타,,1,2007-01-01
721190,80,2,기타,,0,
7211901000,80,3,인장강도가 340메가파스칼 이상인 것,,1,2007-01-01
7211909000,80,3,기타,,1,2007-01-01
7212,80,1,철이나 비합금강의 평판압연제품[폭이 600밀리미터 미만인 것으로서 클래드(clad)ㆍ도금ㆍ도포한 것으로 한정한다],,0,
721210,80,2,주석을 도금하거나 도포한 것,,0,
7212101000,80,3,두께가 0.5밀리미터 이상인 것,,1,2002-01-01
7212102000,80,3,두께가 0.5밀리미터 미만인 것,,1,2002-01-01
721220,80,2,아연을 전해도금하거나 도포한 것,,0,
7212201000,80,3,인장강도가 340메가파스칼 이상인 것,,1,2007-01-01
7212209000,80,3,기타,,1,2007-01-01
721230,80,2,그 밖의 다른 방법으로 아연을 도금하거나 도포한 것,,0,
72123010,80,3,소둔(燒鈍)한 것,,0,
7212301010,80,4,인장강도가 340메가파스칼 이상인 것,,1,2007-01-01
7212301090,80,4,기타,,1,2007-01-01
72123090,80,3,기타,,0,
7212309010,80,4,인장강도가 340메가파스칼 이상인 것,,1,2007-01-01
7212309090,80,4,기타,,1,2007-01-01
721240,80,2,페인팅한 것ㆍ바니시한 것ㆍ플라스틱을 도포한 것,,0,
7212401000,80,3,두께가 4.75밀리미터 이상인 것,,1,2022-01-01
7212402000,80,3,두께가 4.75밀리미터 미만인 것,,1,2022-01-01
721250,80,2,그 밖의 다른 방법으로 도금하거나 도포한 것,,0,
7212501000,80,3,니켈을 도금하거나 도포한 것,,1,2013-01-01
7212502000,80,3,구리를 도금하거나 도포한 것,,1,2013-01-01
7212509000,80,3,기타,,1,2002-01-01
7212600000,80,2,클래드(clad)한 것,,1,2013-01-01
7213,80,1,철이나 비합금강의 봉[열간(熱間)압연한 것으로서 불규칙적으로 감은 코일 모양인 것으로 한정한다],,0,
7213100000,80,2,압연공정에서 발생하는 톱니모양의 마디ㆍ리브(rib)ㆍ홈이나 그 밖의 모양으로 된 것,,1,2013-01-01
7213200000,80,2,기타[쾌삭강(快削鋼)의 것으로 한정한다],,1,2013-01-01
72139,80,2,기타,,0,
721391,80,3,횡단면이 원형인 것으로 지름이 14밀리미터 미만인 것,,0,
72139110,80,4,탄소의 함유량이 전 중량의 100분의 0.6 미만인 것,,0,
7213911010,80,5,탄소의 함유량이 전 중량의 100분의 0.25 이상인 것,,1,2022-01-01
7213911090,80,5,기타,,1,2007-01-01
7213919000,80,4,기타,,1,2002-01-01
721399,80,3,기타,,0,
72139910,80,4,탄소의 함유량이 전 중량의 100분의 0.6 미만인 것,,0,
7213991010,80,5,탄소의 함유량이 전 중량의 100분의 0.25 이상인 것,,1,2022-01-01
7213991090,80,5,기타,,1,2007-01-01
7213999000,80,4,기타,,1,2002-01-01
7214,80,1,"철이나 비합금강의 그 밖의 봉[단조(鍛造)ㆍ열간(熱間)압연ㆍ열간인발(熱間引拔)ㆍ열간(熱間)압출보다 더 가공하지 않은 것으로 한정하고, 압연 후 꼬임가공된 것을 포함한다]",,0,
7214100000,80,2,단조(鍛造)한 것,,1,2013-01-01
721420,80,2,"압연공정에서 발생하는 톱니 모양의 마디ㆍ리브(rib)ㆍ홈이나 그 밖의 모양으로 된 것, 압연 후 꼬임가공된 것",,0,
7214201000,80,3,철근,,1,2002-01-01
7214209000,80,3,기타,,1,2002-01-01
7214300000,80,2,기타[쾌삭강(快削鋼)의 것으로 한정한다],,1,2013-01-01
72149,80,2,기타,,0,
7214910000,80,3,횡단면이 직사각형인 것(정사각형인 것은 제외한다),,1,2022-01-01
721499,80,3,기타,,0,
7214991000,80,4,탄소의 함유량이 전 중량의 100분의 0.6 미만인 것,,1,2013-01-01
7214999000,80,4,기타,,1,2002-01-01
7215,80,1,철이나 비합금강의 그 밖의 봉,,0,
7215100000,80,2,쾌삭강(快削鋼)의 것[냉간(冷間)성형이나 냉간(冷間)처리보다 더 가공하지 않은 것으로 한정한다],,1,2013-01-01
7215500000,80,2,기타[냉간(冷間)성형이나 냉간(冷間)처리보다 더 가공하지 않은 것으로 한정한다],,1,2013-01-01
7215900000,80,2,기타,,1,2002-01-01
7216,80,1,철이나 비합금강의 형강(形鋼),,0,
721610,80,2,유(U)형강ㆍ아이(I)형강ㆍ에이치(H)형강[열간(熱間)압연ㆍ열간인발(熱間引拔)ㆍ압출보다 더 가공하지 않은 것으로서 높이가 80밀리미터 미만인 것으로 한정한다],,0,
7216101000,80,3,유(U)형강,,1,2013-01-01
7216102000,80,3,아이(I)형강,,1,2013-01-01
7216103000,80,3,에이치(H)형강,,1,2013-01-01
72162,80,2,엘(L)형강이나 티(T)형강[열간(熱間)압연ㆍ열간인발(熱間引拔)ㆍ압출보다 더 가공하지 않은 것으로서 높이가 80밀리미터 미만인 것으로 한정한다],,0,
7216210000,80,3,엘(L)형강,,1,2013-01-01
7216220000,80,3,티(T)형강,,1,2013-01-01
72163,80,2,유(U)형강ㆍ아이(I)형강ㆍ에이치(H)형강[열간(熱間)압연ㆍ열간인발(熱間引拔)ㆍ압출보다 더 가공하지 않은 것으로서 높이가 80밀리미터 이상인 것으로 한정한다],,0,
7216310000,80,3,유(U)형강,,1,2013-01-01
7216320000,80,3,아이(I)형강,,1,2013-01-01
721633,80,3,에이치(H)형강,,0,
7216333000,80,4,높이가 300밀리미터 미만인 것,,1,2007-01-01
7216334000,80,4,높이가 300밀리미터 이상 600밀리미터 이하인 것,,1,2007-01-01
7216335000,80,4,높이가 600밀리미터를 초과하는 것,,1,2007-01-01
721640,80,2,엘(L)형강이나 티(T)형강[열간(熱間)압연ㆍ열간인발(熱間引拔)ㆍ압출보다 더 가공하지 않은 것으로서 높이가 80밀리미터 이상인 것으로 한정한다],,0,
7216401000,80,3,엘(L)형강,,1,2013-01-01
7216402000,80,3,티(T)형강,,1,2013-01-01
7216500000,80,2,그 밖의 형강[열간(熱間)압연ㆍ열간인발(熱間引拔)ㆍ압출보다 더 가공하지 않은 것으로 한정한다],,1,2013-01-01
72166,80,2,형강(形鋼)[냉간(冷間)성형이나 냉간(冷間)처리보다 더 가공하지 않은 것으로 한정한다],,0,
7216610000,80,3,평판압연제품으로부터 만든 것,,1,2002-01-01
7216690000,80,3,기타,,1,2002-01-01
72169,80,2,기타,,0,
7216910000,80,3,평판압연제품으로부터 냉간(冷間)성형이나 냉간(冷間)처리한 것,,1,2013-01-01
7216990000,80,3,기타,,1,2002-01-01
7217,80,1,철이나 비합금강의 선(線),,0,
7217100000,80,2,도금하거나 도포하지 않은 것(연마한 것인지에 상관없다),,1,2013-01-01
7217200000,80,2,아연을 도금하거나 도포한 것,,1,2013-01-01
721730,80,2,그 밖의 비금속(卑金屬)을 도금하거나 도포한 것,,0,
7217301000,80,3,구리를 도금하거나 도포한 것,,1,2013-01-01
7217309000,80,3,기타,,1,2002-01-01
7217900000,80,2,기타,,1,2002-01-01
7218,80,1,스테인리스강[잉곳(ingot)이나 그 밖의 일차제품(primary form) 형태인 것으로 한정한다]과 스테인리스강의 반제품,,0,
721810,80,2,잉곳(ingot)과 그 밖의 일차제품(primary form) 형태인 것,,0,
7218101000,80,3,잉곳(ingot),,1,2013-01-01
7218109000,80,3,기타,,1,2007-01-01
72189,80,2,기타,,0,
721891,80,3,횡단면이 직사각형인 것(정사각형인 것은 제외한다),,0,
7218911000,80,4,슬래브,,1,2002-01-01
7218912000,80,4,시트바(sheet bar),,1,2013-01-01
7218919000,80,4,기타,,1,2002-01-01
721899,80,3,기타,,0,
7218991000,80,4,블룸(bloom),,1,2013-01-01
7218992000,80,4,빌릿(billet),,1,2013-01-01
7218999000,80,4,기타,,1,2002-01-01
7219,80,1,스테인리스강의 평판압연제품(폭이 600밀리미터 이상인 것으로 한정한다),,0,
72191,80,2,열간(熱間)압연보다 더 가공하지 않은 것(코일 모양인 것으로 한정한다),,0,
721911,80,3,두께가 10밀리미터를 초과하는 것,,0,
72191110,80,4,"니켈계(니켈을 함유하며, 다른 원소가 함유되어 있는지에 상관없다)",,0,
7219111010,80,5,"니켈 함유량이 전 중량의 6% 미만이고, 망간 함유량이 전 중량의 3% 이상인 것",,1,2025-01-01
7219111090,80,5,기타,,1,2009-01-01
7219119000,80,4,기타,,1,2007-01-01
721912,80,3,두께가 4.75밀리미터 이상 10밀리미터 이하인 것,,0,
72191210,80,4,"니켈계(니켈을 함유하며, 다른 원소가 함유되어 있는지에 상관없다)",,0,
7219121010,80,5,"니켈 함유량이 전 중량의 6% 미만이고, 망간 함유량이 전 중량의 3% 이상인 것",,1,2025-01-01
7219121090,80,5,기타,,1,2009-01-01
7219129000,80,4,기타,,1,2007-01-01
721913,80,3,두께가 3밀리미터 이상 4.75밀리미터 미만인 것,,0,
72191310,80,4,"니켈계(니켈을 함유하며, 다른 원소가 함유되어 있는지에 상관없다)",,0,
7219131010,80,5,"니켈 함유량이 전 중량의 6% 미만이고, 망간 함유량이 전 중량의 3% 이상인 것",,1,2025-01-01
7219131090,80,5,기타,,1,2009-01-01
7219139000,80,4,기타,,1,2007-01-01
721914,80,3,두께가 3밀리미터 미만인 것,,0,
72191410,80,4,"니켈계(니켈을 함유하며, 다른 원소가 함유되어 있는지에 상관없다)",,0,
7219141010,80,5,"니켈 함유량이 전 중량의 6% 미만이고, 망간 함유량이 전 중량의 3% 이상인 것",,1,2025-01-01
7219141090,80,5,기타,,1,2009-01-01
7219149000,80,4,기타,,1,2007-01-01
72192,80,2,열간(熱間)압연보다 더 가공하지 않은 것(코일 모양인 것은 제외한다),,0,
721921,80,3,두께가 10밀리미터를 초과하는 것,,0,
72192110,80,4,"니켈계(니켈을 함유하며, 다른 원소가 함유되어 있는지에 상관없다)",,0,
7219211010,80,5,"니켈 함유량이 전 중량의 6% 미만이고, 망간 함유량이 전 중량의 3% 이상인 것",,1,2025-01-01
7219211090,80,5,기타,,1,2009-01-01
7219219000,80,4,기타,,1,2007-01-01
721922,80,3,두께가 4.75밀리미터 이상 10밀리미터 이하인 것,,0,
72192210,80,4,"니켈계(니켈을 함유하며, 다른 원소가 함유되어 있는지에 상관없다)",,0,
7219221010,80,5,"니켈 함유량이 전 중량의 6% 미만이고, 망간 함유량이 전 중량의 3% 이상인 것",,1,2025-01-01
7219221090,80,5,기타,,1,2009-01-01
7219229000,80,4,기타,,1,2007-01-01
721923,80,3,두께가 3밀리미터 이상 4.75밀리미터 미만인 것,,0,
72192310,80,4,"니켈계(니켈을 함유하며, 다른 원소가 함유되어 있는지에 상관없다)",,0,
7219231010,80,5,"니켈 함유량이 전 중량의 6% 미만이고, 망간 함유량이 전 중량의 3% 이상인 것",,1,2025-01-01
7219231090,80,5,기타,,1,2009-01-01
7219239000,80,4,기타,,1,2007-01-01
721924,80,3,두께가 3밀리미터 미만인 것,,0,
72192410,80,4,"니켈계(니켈을 함유하며, 다른 원소가 함유되어 있는지에 상관없다)",,0,
7219241010,80,5,"니켈 함유량이 전 중량의 6% 미만이고, 망간 함유량이 전 중량의 3% 이상인 것",,1,2025-01-01
7219241090,80,5,기타,,1,2009-01-01
7219249000,80,4,기타,,1,2007-01-01
72193,80,2,냉간압연(냉간환원)보다 더 가공하지 않은 것,,0,
721931,80,3,두께가 4.75밀리미터 이상인 것,,0,
72193110,80,4,"니켈계(니켈을 함유하며, 다른 원소가 함유되어 있는지에 상관없다)",,0,
7219311010,80,5,"니켈 함유량이 전 중량의 6% 미만이고, 망간 함유량이 전 중량의 3% 이상인 것",,1,2025-01-01
7219311090,80,5,기타,,1,2009-01-01
7219319000,80,4,기타,,1,2009-01-01
721932,80,3,두께가 3밀리미터 이상 4.75밀리미터 미만인 것,,0,
72193210,80,4,"니켈계(니켈을 함유하며, 다른 원소가 함유되어 있는지에 상관없다)",,0,
7219321010,80,5,"니켈 함유량이 전 중량의 6% 미만이고, 망간 함유량이 전 중량의 3% 이상인 것",,1,2025-01-01
7219321090,80,5,기타,,1,2009-01-01
7219329000,80,4,기타,,1,2007-01-01
721933,80,3,두께가 1밀리미터를 초과 3밀리미터 미만인 것,,0,
72193310,80,4,"니켈계(니켈을 함유하며, 다른 원소가 함유되어 있는지에 상관없다)",,0,
7219331010,80,5,"니켈 함유량이 전 중량의 6% 미만이고, 망간 함유량이 전 중량의 3% 이상인 것",,1,2025-01-01
7219331090,80,5,기타,,1,2009-01-01
7219339000,80,4,기타,,1,2007-01-01
721934,80,3,두께가 0.5밀리미터 이상 1밀리미터 이하인 것,,0,
72193410,80,4,"니켈계(니켈을 함유하며, 다른 원소가 함유되어 있는지에 상관없다)",,0,
7219341010,80,5,"니켈 함유량이 전 중량의 6% 미만이고, 망간 함유량이 전 중량의 3% 이상인 것",,1,2025-01-01
7219341090,80,5,기타,,1,2009-01-01
7219349000,80,4,기타,,1,2007-01-01
721935,80,3,두께가 0.5밀리미터 미만인 것,,0,
72193510,80,4,"니켈계(니켈을 함유하며, 다른 원소가 함유되어 있는지에 상관없다)",,0,
7219351010,80,5,"니켈 함유량이 전 중량의 6% 미만이고, 망간 함유량이 전 중량의 3% 이상인 것",,1,2025-01-01
7219351090,80,5,기타,,1,2009-01-01
7219359000,80,4,기타,,1,2007-01-01
721990,80,2,기타,,0,
72199010,80,3,"니켈계(니켈을 함유하며, 다른 원소가 함유되어 있는지에 상관없다)",,0,
7219901010,80,4,"니켈 함유량이 전 중량의 6% 미만이고, 망간 함유량이 전 중량의 3% 이상인 것",,1,2025-01-01
7219901090,80,4,기타,,1,2009-01-01
7219909000,80,3,기타,,1,2009-01-01
7220,80,1,스테인리스강의 평판압연제품(폭이 600밀리미터 미만인 것으로 한정한다),,0,
72201,80,2,열간(熱間)압연보다 더 가공하지 않은 것,,0,
722011,80,3,두께가 4.75밀리미터 이상인 것,,0,
72201110,80,4,"니켈계(니켈을 함유하며, 다른 원소가 함유되어 있는지에 상관없다)",,0,
7220111010,80,5,"니켈 함유량이 6% 미만이고, 망간 함유량이 3% 이상인 것",,1,2022-01-01
7220111090,80,5,기타,,1,2009-01-01
7220119000,80,4,기타,,1,2007-01-01
722012,80,3,두께가 4.75밀리미터 미만인 것,,0,
72201210,80,4,"니켈계(니켈을 함유하며, 다른 원소가 함유되어 있는지에 상관없다)",,0,
7220121010,80,5,"니켈 함유량이 6% 미만이고, 망간 함유량이 3% 이상인 것",,1,2022-01-01
7220121090,80,5,기타,,1,2009-01-01
7220129000,80,4,기타,,1,2007-01-01
722020,80,2,냉간압연(냉간환원)보다 더 가공하지 않은 것,,0,
72202010,80,3,"니켈계(니켈을 함유하며, 다른 원소가 함유되어 있는지에 상관없다)",,0,
7220201010,80,4,"니켈 함유량이 6% 미만이고, 망간 함유량이 3% 이상인 것",,1,2022-01-01
7220201090,80,4,기타,,1,2009-01-01
7220209000,80,3,기타,,1,2007-01-01
722090,80,2,기타,,0,
72209010,80,3,"니켈계(니켈을 함유하며, 다른 원소가 함유되어 있는지에 상관없다)",,0,
7220901010,80,4,"니켈 함유량이 6% 미만이고, 망간 함유량이 3% 이상인 것",,1,2022-01-01
7220901090,80,4,기타,,1,2009-01-01
7220909000,80,3,기타,,1,2007-01-01
7221,80,1,스테인리스강의 봉[열간(熱間)압연한 것으로서 불규칙적으로 감은 코일 모양인 것으로 한정한다],,0,
7221000000,80,2,스테인리스강의 봉[열간(熱間)압연한 것으로서 불규칙적으로 감은 코일 모양인 것으로 한정한다],,1,2013-01-01
7222,80,1,스테인리스강의 그 밖의 봉과 스테인리스강의 형강(形鋼),,0,
72221,80,2,봉[열간(熱間)압연ㆍ열간인발(熱間引拔)ㆍ압출보다 더 가공하지 않은 것으로 한정한다],,0,
7222110000,80,3,횡단면이 원형인 것,,1,2002-01-01
7222190000,80,3,기타,,1,2002-01-01
7222200000,80,2,봉[냉간(冷間)성형이나 냉간(冷間)처리보다 더 가공하지 않은 것으로 한정한다],,1,2013-01-01
7222300000,80,2,그 밖의 봉,,1,2013-01-01
7222400000,80,2,형강(形鋼),,1,2013-01-01
7223,80,1,스테인리스강의 선(線),,0,
7223000000,80,2,스테인리스강의 선(線),,1,2013-01-01
7224,80,1,그 밖의 합금강[잉곳(ingot)이나 그 밖의 일차제품(primary form) 형태인 것으로 한정한다]과 그 밖의 합금강의 반제품,,0,
722410,80,2,잉곳(ingot)이나 그 밖의 일차제품(primary form) 형태인 것,,0,
7224101000,80,3,잉곳(ingot),,1,2013-01-01
7224109000,80,3,기타,,1,2007-01-01
722490,80,2,기타,,0,
7224901000,80,3,블룸(bloom),,1,2013-01-01
7224902000,80,3,빌릿(billet),,1,2013-01-01
7224903000,80,3,슬래브,,1,2002-01-01
7224904000,80,3,시트바(sheet bar),,1,2013-01-01
7224909000,80,3,기타,,1,2002-01-01
7225,80,1,그 밖의 합금강의 평판압연제품(폭이 600밀리미터 이상인 것으로 한정한다),,0,
72251,80,2,규소전기강의 것,,0,
7225110000,80,3,방향성(方向性)인 것,,1,2013-01-01
7225190000,80,3,기타,,1,2002-01-01
722530,80,2,기타[코일 모양인 것으로서 열간(熱間)압연보다 더 가공하지 않은 것으로 한정한다],,0,
7225301000,80,3,고속도강의 것,,1,2007-01-01
72253090,80,3,기타,,0,
7225309010,80,4,인장강도가 490메가파스칼 이상인 것,,1,2007-01-01
722530909,80,4,기타,,0,
7225309091,80,5,붕소의 함유량이 전 중량의 100분의 0.0008 이상의 것으로서 두께가 4.75밀리미터 이상의 것,,1,2022-01-01
7225309092,80,5,붕소의 함유량이 전 중량의 100분의 0.0008 이상의 것으로서 두께가 4.75밀리미터 미만의 것,,1,2022-01-01
7225309099,80,5,기타,,1,2012-01-01
722540,80,2,"기타[코일 모양은 제외하고, 열간(熱間)압연보다 더 가공하지 않은 것으로 한정한다]",,0,
7225401000,80,3,고속도강의 것,,1,2007-01-01
72254090,80,3,기타,,0,
7225409010,80,4,인장강도가 490메가파스칼 이상인 것,,1,2007-01-01
722540909,80,4,기타,,0,
7225409091,80,5,붕소의 함유량이 전 중량의 100분의 0.0008 이상의 것으로서 두께가 4.75밀리미터 이상의 것,,1,2022-01-01
7225409092,80,5,붕소의 함유량이 전 중량의 100분의 0.0008 이상의 것으로서 두께가 4.75밀리미터 미만의 것,,1,2022-01-01
7225409099,80,5,기타,,1,2012-01-01
722550,80,2,기타[냉간압연(냉간환원)보다 더 가공하지 않은 것으로 한정한다],,0,
7225501000,80,3,고속도강의 것,,1,2007-01-01
7225509000,80,3,기타,,1,2007-01-01
72259,80,2,기타,,0,
722591,80,3,아연을 전해도금하거나 도포한 것,,0,
7225911000,80,4,고속도강의 것,,1,2007-01-01
72259190,80,4,기타,,0,
7225919010,80,5,인장강도가 340메가파스칼 이상인 것,,1,2007-01-01
7225919090,80,5,기타,,1,2007-01-01
722592,80,3,그 밖의 방법으로 아연을 도금하거나 도포한 것,,0,
7225921000,80,4,고속도강의 것,,1,2007-01-01
72259290,80,4,기타,,0,
722592901,80,5,소둔(燒鈍)한 것,,0,
7225929011,80,6,인장강도가 340메가파스칼 이상인 것,,1,2007-01-01
7225929019,80,6,기타,,1,2007-01-01
722592909,80,5,기타,,0,
7225929091,80,6,인장강도가 340메가파스칼 이상인 것,,1,2007-01-01
7225929099,80,6,기타,,1,2007-01-01
722599,80,3,기타,,0,
7225991000,80,4,고속도강의 것,,1,2007-01-01
7225999000,80,4,기타,,1,2007-01-01
7226,80,1,그 밖의 합금강의 평판압연제품(폭이 600밀리미터 미만인 것으로 한정한다),,0,
72261,80,2,규소전기강의 것,,0,
7226110000,80,3,방향성(方向性)인 것,,1,2013-01-01
7226190000,80,3,기타,,1,2002-01-01
7226200000,80,2,고속도강의 것,,1,2002-01-01
72269,80,2,기타,,0,
722691,80,3,열간(熱間)압연보다 더 가공하지 않은 것,,0,
7226911000,80,4,붕소의 함유량이 전 중량의 100분의 0.0008 이상의 것으로서 두께가 4.75밀리미터 이상의 것,,1,2022-01-01
7226912000,80,4,붕소의 함유량이 전 중량의 100분의 0.0008 이상의 것으로서 두께가 4.75밀리미터 미만의 것,,1,2022-01-01
7226919000,80,4,기타,,1,2012-01-01
7226920000,80,3,냉간압연(냉간환원)보다 더 가공하지 않은 것,,1,2013-01-01
722699,80,3,기타,,0,
7226991000,80,4,비정질 합금 박판(두께가 100미크론 미만인 것으로 한정한다),,1,2013-01-01
7226992000,80,4,아연을 전해도금이나 전해 도포한 것,,1,2013-01-01
7226993000,80,4,그 밖의 다른 방법으로 아연을 도금이나 도포한 것,,1,2013-01-01
7226999000,80,4,기타,,1,2002-01-01
7227,80,1,그 밖의 합금강의 봉[열간(熱間)압연한 것으로서 불규칙적으로 감은 코일 모양으로 한정한다],,0,
7227100000,80,2,고속도강의 것,,1,2002-01-01
7227200000,80,2,실리코망간강의 것,,1,2002-01-01
722790,80,2,기타,,0,
7227901000,80,3,내열강의 것,,1,2002-01-01
72279090,80,3,기타,,0,
7227909010,80,4,붕소의 함유량이 전 중량의 100분의 0.0008 이상이고 전 중량의 100분의 0.003 미만의 것,,1,2013-01-01
7227909020,80,4,붕소의 함유량이 전 중량의 100분의 0.003 이상의 것,,1,2013-01-01
7227909090,80,4,기타,,1,2012-01-01
7228,80,1,"그 밖의 합금강의 그 밖의 봉, 그 밖의 합금강의 형강(形鋼), 합금강이나 비합금강의 중공(中空)드릴봉",,0,
7228100000,80,2,고속도강의 봉,,1,2002-01-01
7228200000,80,2,실리코망간강의 봉,,1,2002-01-01
722830,80,2,그 밖의 봉[열간(熱間)압연ㆍ열간인발(熱間引拔)ㆍ압출보다 더 가공하지 않은 것으로 한정한다],,0,
7228301000,80,3,붕소의 함유량이 전 중량의 100분의 0.0008 이상의 것,,1,2014-01-01
7228309000,80,3,기타,,1,2014-01-01
722840,80,2,그 밖의 봉[단조(鍛造)보다 더 가공하지 않은 것으로 한정한다],,0,
7228401000,80,3,붕소의 함유량이 전 중량의 100분의 0.0008 이상의 것,,1,2014-01-01
7228409000,80,3,기타,,1,2014-01-01
7228500000,80,2,그 밖의 봉[냉간(冷間)성형이나 냉간(冷間)처리보다 더 가공하지 않은 것으로 한정한다],,1,2013-01-01
722860,80,2,그 밖의 봉,,0,
7228601000,80,3,철근(붕소의 함유량이 전 중량의 100분의 0.0008 이상의 것),,1,2013-01-01
7228609000,80,3,기타,,1,2012-01-01
722870,80,2,형강(形鋼),,0,
72287010,80,3,에이치(H)형강,,0,
7228701010,80,4,붕소의 함유량이 전 중량의 100분의 0.0008 이상의 것,,1,2013-01-01
7228701090,80,4,기타,,1,2012-01-01
7228709000,80,3,기타,,1,2012-01-01
7228800000,80,2,중공(中空)드릴봉,,1,2013-01-01
7229,80,1,그 밖의 합금강의 선(線),,0,
7229200000,80,2,실리코망간강의 것,,1,2002-01-01
722990,80,2,기타,,0,
72299010,80,3,전기 저항선,,0,
7229901010,80,4,고속도강의 것,,1,2007-01-01
7229901090,80,4,기타,,1,2007-01-01
72299020,80,3,내열강선,,0,
7229902010,80,4,고속도강의 것,,1,2007-01-01
7229902090,80,4,기타,,1,2007-01-01
72299090,80,3,기타,,0,
7229909010,80,4,고속도강의 것,,1,2007-01-01
7229909090,80,4,기타,,1,2007-01-01
73,80,0,제73류 철강의 제품,,0,
7301,80,1,철강으로 만든 널말뚝(sheet piling)(구멍을 뚫은 것인지 또는 조립된 것인지에 상관없다)과 용접된 형강(形鋼),,0,
730110,80,2,널말뚝(sheet piling),,0,
7301101000,80,3,유(U)형,,1,2013-01-01
7301109000,80,3,기타,,1,2002-01-01
730120,80,2,형강(形鋼),,0,
7301201000,80,3,유(U)형강,,1,2013-01-01
7301202000,80,3,에이치(H)형강,,1,2013-01-01
7301203000,80,3,아이(I)형강,,1,2013-01-01
7301209000,80,3,기타,,1,2002-01-01
7302,80,1,철강으로 만든 철도용이나 궤도용 선로의 건설재료[레일(rail)ㆍ첵레일(check-rail)과 랙레일(rack rail)ㆍ스위치 블레이드(switch blade)ㆍ교차구류(crossing frog)ㆍ전철봉(point rod)과 그 밖의 크로싱피스(crossing piece)ㆍ받침목(크로스타이)ㆍ이음매판(fish-plate)ㆍ좌철(座鐵)ㆍ좌철(座鐵)쐐기ㆍ밑판(sole plate)(베이스플레이트)ㆍ레일클립ㆍ받침판(bedplate)ㆍ격재(tie)와 레일의 접속이나 고착에 전용되는 그 밖의 재료로 한정한다],,0,
730210,80,2,레일(rail),,0,
73021010,80,3,1미터당 30킬로그램 이하인 것,,0,
7302101010,80,4,열처리한 것,,1,2002-01-01
7302101090,80,4,기타,,1,2002-01-01
73021020,80,3,1미터당 30킬로그램 초과 45킬로그램 이하인 것,,0,
7302102010,80,4,열처리한 것,,1,2002-01-01
7302102090,80,4,기타,,1,2002-01-01
73021030,80,3,1미터당 45킬로그램 초과 70킬로그램 이하인 것,,0,
7302103010,80,4,열처리한 것,,1,2002-01-01
7302103090,80,4,기타,,1,2002-01-01
73021040,80,3,1미터당 70킬로그램을 초과하는 것,,0,
7302104010,80,4,열처리한 것,,1,2002-01-01
7302104090,80,4,기타,,1,2002-01-01
7302300000,80,2,스위치 블레이드(switch blade)ㆍ교차구류(crossing frog)ㆍ전철봉(point rod)과 그 밖의 크로싱피스(crossing piece),,1,2013-01-01
7302400000,80,2,이음매판(fish-plate)과 받침판(sole plate),,1,2013-01-01
7302900000,80,2,기타,,1,2002-01-01
7303,80,1,주철로 만든 관(管)과 중공(中空)프로파일(profile),,0,
730300,80,2,주철로 만든 관(管)과 중공(中空)프로파일(profile),,0,
73030010,80,3,관,,0,
7303001010,80,4,구상흑연 주철로 만든 것,,1,2013-01-01
7303001090,80,4,기타,,1,2002-01-01
7303002000,80,3,주철로 만든 관(管)과 중공(中空)프로파일(profile),,1,2013-01-01
7304,80,1,철강(주철은 제외한다)으로 만든 관(管)과 중공(中空)프로파일(profile)[무계목(無繼目)으로 한정한다],,0,
73041,80,2,오일이나 가스 배관용 파이프라인,,0,
7304110000,80,3,스테인리스강으로 만든 것,,1,2013-01-01
7304190000,80,3,기타,,1,2007-01-01
73042,80,2,유정용이나 가스정용 케이싱ㆍ튜빙ㆍ드릴파이프,,0,
7304220000,80,3,스테인리스강으로 만든 드릴파이프,,1,2013-01-01
7304230000,80,3,그 밖의 드릴파이프,,1,2013-01-01
7304240000,80,3,기타(스테인리스강으로 만든 것으로 한정한다),,1,2013-01-01
7304290000,80,3,기타,,1,2002-01-01
73043,80,2,기타(횡단면이 원형인 것으로 철이나 비합금강으로 만든 것으로 한정한다),,0,
7304310000,80,3,냉간인발(冷間引拔)하거나 냉간압연(냉간환원)한 것,,1,2013-01-01
7304390000,80,3,기타,,1,2002-01-01
73044,80,2,기타(횡단면이 원형인 것으로 스테인리스강으로 만든 것으로 한정한다),,0,
7304410000,80,3,냉간인발(冷間引拔)하거나 냉간압연(냉간환원)한 것,,1,2013-01-01
7304490000,80,3,기타,,1,2002-01-01
73045,80,2,기타(횡단면이 원형인 것으로 그 밖의 합금강으로 만든 것으로 한정한다),,0,
7304510000,80,3,냉간인발(冷間引拔)하거나 냉간압연(냉간환원)한 것,,1,2013-01-01
7304590000,80,3,기타,,1,2002-01-01
7304900000,80,2,기타,,1,2002-01-01
7305,80,1,"철강으로 만든 그 밖의 관(管)[예: 용접ㆍ리벳(rivet)이나 이와 유사한 방법으로 봉합한 것]으로서 횡단면이 원형이고, 바깥지름이 406.4밀리미터를 초과하는 것",,0,
73051,80,2,오일이나 가스 배관용 파이프라인,,0,
730511,80,3,세로 방향으로 서브머지드아크(submerged arc) 용접한 것,,0,
7305111000,80,4,"바깥지름이 406.4밀리미터 초과 1,422.4밀리미터 이하인 것",,1,2017-01-01
7305112000,80,4,"바깥지름이 1,422.4밀리미터를 초과하는 것",,1,2012-01-01
7305120000,80,3,기타(세로 방향으로 용접한 것으로 한정한다),,1,2013-01-01
7305190000,80,3,기타,,1,2002-01-01
7305200000,80,2,유정용이나 가스정용 케이싱,,1,2013-01-01
73053,80,2,기타(용접한 것으로 한정한다),,0,
730531,80,3,세로 방향으로 용접한 것,,0,
7305311000,80,4,서브머지드아크(submerged arc) 용접한 것,,1,2013-01-01
7305312000,80,4,전기저항 용접한 것,,1,2022-01-01
7305319000,80,4,기타,,1,2007-01-01
7305390000,80,3,기타,,1,2002-01-01
7305900000,80,2,기타,,1,2002-01-01
7306,80,1,철강으로 만든 그 밖의 관(管)과 중공(中空)프로파일(profile)[예: 오픈심(open seam)ㆍ용접ㆍ리벳(rivet)이나 이와 유사한 방법으로 봉합한 것],,0,
73061,80,2,오일이나 가스 배관용 파이프라인,,0,
7306110000,80,3,용접한 것(스테인리스강으로 만든 것으로 한정한다),,1,2013-01-01
7306190000,80,3,기타,,1,2007-01-01
73062,80,2,유정용이나 가스정용 케이싱과 튜빙,,0,
730621,80,3,용접한 것(스테인리스강으로 만든 것으로 한정한다),,0,
7306211000,80,4,케이싱,,1,2007-01-01
7306212000,80,4,튜빙,,1,2007-01-01
730629,80,3,기타,,0,
7306291000,80,4,케이싱,,1,2007-01-01
7306292000,80,4,튜빙,,1,2007-01-01
730630,80,2,"기타(용접한 것으로 한정하며, 횡단면이 원형인 것으로서 철이나 비합금강으로 만든 것으로 한정한다)",,0,
73063010,80,3,바깥지름이 114.3밀리미터를 초과하는 것,,0,
7306301010,80,4,아연도금한 것,,1,2002-01-01
7306301020,80,4,아연 이외의 금속으로 도금이나 클래드한 것,,1,2013-01-01
7306301030,80,4,비금속으로 도포한 것,,1,2002-01-01
7306301090,80,4,기타,,1,2002-01-01
73063020,80,3,바깥지름이 114.3밀리미터 이하인 것,,0,
7306302010,80,4,아연도금한 것,,1,2002-01-01
7306302020,80,4,아연 이외의 금속으로 도금이나 클래드한 것,,1,2013-01-01
7306302030,80,4,비금속으로 도포한 것,,1,2002-01-01
7306302090,80,4,기타,,1,2002-01-01
730640,80,2,"기타(용접한 것으로 한정하며, 횡단면이 원형인 것으로서 스테인리스강으로 만든 것으로 한정한다)",,0,
7306401000,80,3,바깥지름이 114.3밀리미터를 초과하는 것,,1,2002-01-01
7306402000,80,3,바깥지름이 114.3밀리미터 이하인 것,,1,2002-01-01
7306500000,80,2,"기타(용접한 것으로 한정하며, 횡단면이 원형인 것으로서 그 밖의 합금강으로 만든 것으로 한정한다)",,1,2013-01-01
73066,80,2,"기타(용접한 것으로 한정하며, 횡단면이 원형이 아닌 것으로 한정한다)",,0,
730661,80,3,횡단면이 정사각형이나 직사각형인 것,,0,
73066110,80,4,철이나 비합금강으로 만든 것,,0,
7306611010,80,5,아연도금한 것,,1,2007-01-01
7306611090,80,5,기타,,1,2007-01-01
7306612000,80,4,스테인리스강으로 만든 것,,1,2013-01-01
7306613000,80,4,그 밖의 합금강으로 만든 것,,1,2013-01-01
730669,80,3,그 밖의 횡단면이 원형이 아닌 것,,0,
73066910,80,4,철이나 비합금강으로 만든 것,,0,
7306691010,80,5,아연도금한 것,,1,2007-01-01
7306691090,80,5,기타,,1,2007-01-01
7306692000,80,4,스테인리스강으로 만든 것,,1,2013-01-01
7306693000,80,4,그 밖의 합금강으로 만든 것,,1,2013-01-01
730690,80,2,기타,,0,
7306901000,80,3,이중권(double wall) 강관,,1,2013-01-01
7306909000,80,3,기타,,1,2002-01-01
7307,80,1,철강으로 만든 관(管) 연결구류[예: 커플링(coupling)ㆍ엘보(elbow)ㆍ슬리브(sleeve)],,0,
73071,80,2,주조한 연결구류,,0,
7307110000,80,3,비가단주철(非可鍛鑄鐵)로 만든 것,,1,2013-01-01
7307190000,80,3,기타,,1,2002-01-01
73072,80,2,기타(스테인리스강으로 만든 것으로 한정한다),,0,
7307210000,80,3,플랜지(flange),U,1,2021-02-01
730722,80,3,나선가공한 엘보(elbow)ㆍ벤드(bend)ㆍ슬리브(sleeve),,0,
7307221000,80,4,나선 가공한 슬리브(sleeve)(스테인리스강으로 만든 것에 한정한다),,1,2013-01-01
7307229000,80,4,기타,,1,2003-01-01
7307230000,80,3,버트(butt)용접용 연결구,,1,2013-01-01
7307290000,80,3,기타,,1,2002-01-01
73079,80,2,기타,,0,
7307910000,80,3,플랜지(flange),U,1,2021-02-01
730792,80,3,나선가공한 엘보(elbow)ㆍ벤드(bend)ㆍ슬리브(sleeve),,0,
7307921000,80,4,나선 가공한 슬리브(sleeve)(철강으로 만든 것에 한정한다),,1,2013-01-01
7307929000,80,4,기타,,1,2003-01-01
7307930000,80,3,바트(butt)용접용 연결구,,1,2013-01-01
730799,80,3,기타,,0,
7307991000,80,4,나선가공한 것(도금여부에 상관없다),,1,2013-01-01
7307999000,80,4,기타,,1,2007-01-01
7308,80,1,"철강으로 만든 구조물(제9406호의 조립식 건축물은 제외한다)과 구조물의 부분품[예: 다리와 교량ㆍ수문ㆍ탑ㆍ격자주(格子柱)ㆍ지붕ㆍ지붕틀ㆍ문과 창 및 이들의 틀과 문지방ㆍ셔터ㆍ난간ㆍ기둥], 구조물용으로 가공한 철강으로 만든 판ㆍ대ㆍ봉ㆍ형재(形材)ㆍ관(管)과 이와 유사한 것",,0,
7308100000,80,2,다리와 교량,,1,2002-01-01
7308200000,80,2,탑과 격자주(格子柱),,1,2013-01-01
7308300000,80,2,문ㆍ창과 이들의 틀과 문지방,,1,2013-01-01
7308400000,80,2,비계(飛階)ㆍ차단기ㆍ지주ㆍ굉도 받침에 사용되는 기구,,1,2013-01-01
730890,80,2,기타,,0,
7308901000,80,3,수문,,1,2002-01-01
7308909000,80,3,기타,,1,2002-01-01
7309,80,1,"철강으로 만든 각종 재료용 저장조ㆍ탱크ㆍ통과 이와 유사한 용기(압축용이나 액화가스용은 제외하고, 기계장치나 가열ㆍ냉각 장치를 갖추지 않은 것으로서 용적이 300리터를 초과하는 것으로 한정하며, 내장한 것인지 또는 열절연한 것인지에 상관없다)",,0,
7309000000,80,2,"철강으로 만든 각종 재료용 저장조ㆍ탱크ㆍ통과 이와 유사한 용기(압축용이나 액화가스용은 제외하고, 기계장치나 가열ㆍ냉각 장치를 갖추지 않은 것으로서 용적이 300리터를 초과하는 것으로 한정하며, 내장한 것인지 또는 열절연한 것인지에 상관없다)",,1,2013-01-01
7310,80,1,"철강으로 만든 각종 재료용 탱크ㆍ통ㆍ드럼ㆍ캔ㆍ상자와 이와 유사한 용기(압축용이나 액화가스용은 제외하고, 기계장치나 가열ㆍ냉각장치를 갖추지 않은 것으로 용적이 300리터 이하인 것으로 한정하며, 내장한 것인지 또는 열절연한 것인지에 상관없다)",,0,
7310100000,80,2,용적이 50리터 이상인 것,,1,2002-01-01
73102,80,2,용적이 50리터 미만인 것,,0,
7310210000,80,3,납땜이나 크림핑(crimping)으로 봉합되는 통,,1,2013-01-01
7310290000,80,3,기타,,1,2002-01-01
7311,80,1,철강으로 만든 용기(압축용이나 액화가스용으로 한정한다),,0,
731100,80,2,철강으로 만든 용기(압축용이나 액화가스용으로 한정한다),,0,
7311001000,80,3,용적이 30리터 이하인 것,,1,2002-01-01
7311002000,80,3,용적이 30리터 초과 100리터 이하인 것,,1,2017-01-01
7311003000,80,3,용적이 100리터를 초과하는 것,,1,2002-01-01
7312,80,1,철강으로 만든 연선(stranded wire)ㆍ로프ㆍ케이블ㆍ엮은 밴드ㆍ사슬과 이와 유사한 것(전기절연한 것은 제외한다),,0,
731210,80,2,연선(stranded wire)ㆍ로프ㆍ케이블,,0,
73121010,80,3,연선(stranded wire),,0,
731210101,80,4,스테인리스강으로 만든 것,,0,
7312101011,80,5,연결구류 부착한 것,,1,2002-01-01
7312101019,80,5,기타,,1,2002-01-01
731210109,80,4,기타,,0,
7312101091,80,5,연결구류 부착한 것,,1,2002-01-01
7312101092,80,5,스틸타이어 코드,,1,2002-01-01
7312101099,80,5,기타,,1,2002-01-01
73121020,80,3,로프와 케이블,,0,
731210201,80,4,스테인리스강으로 만든 것,,0,
7312102011,80,5,연결구류 부착한 것,,1,2002-01-01
7312102019,80,5,기타,,1,2002-01-01
731210209,80,4,기타,,0,
7312102091,80,5,연결구류 부착한 것,,1,2002-01-01
7312102092,80,5,스틸타이어 코드,,1,2002-01-01
7312102099,80,5,기타,,1,2002-01-01
7312900000,80,2,기타,,1,2002-01-01
7313,80,1,철강으로 만든 유자선(有刺線)ㆍ대ㆍ평선을 꼰 것[유자(有刺)의 것인지에 상관없다]과 느슨하게 꼰 2중선으로서 울타리용으로 사용하는 것,,0,
731300,80,2,철강으로 만든 유자선(有刺線)ㆍ대ㆍ평선을 꼰 것[유자(有刺)의 것인지에 상관없다]과 느슨하게 꼰 2중선으로서 울타리용으로 사용하는 것,,0,
7313001000,80,3,유자선(有刺線),,1,2022-01-01
7313009000,80,3,기타,,1,2002-01-01
7314,80,1,철강선으로 만든 클로스(cloth)[엔드리스 밴드(endless band)를 포함한다]ㆍ그릴ㆍ망ㆍ울타리ㆍ익스팬디드 메탈(expanded metal),,0,
73141,80,2,직조한 클로스(cloth),,0,
7314120000,80,3,기계용 엔드리스 밴드(endless band)(스테인리스강으로 만든 것으로 한정한다),,1,2013-01-01
7314140000,80,3,그 밖의 직조한 클로스(cloth)(스테인리스강으로 만든 것으로 한정한다),,1,2013-01-01
7314190000,80,3,기타,,1,2002-01-01
7314200000,80,2,"그릴ㆍ망ㆍ울타리[접점을 용접한 것으로 선의 횡단면의 최대치가 3밀리미터 이상이고, 메시(mesh)의 크기가 100제곱센티미터 이상인 것으로 한정한다]",,1,2013-01-01
73143,80,2,그 밖의 그릴ㆍ망ㆍ울타리(접점을 용접한 것으로 한정한다),,0,
7314310000,80,3,아연으로 도금하거나 도포한 것,,1,2013-01-01
7314390000,80,3,기타,,1,2002-01-01
73144,80,2,그 밖의 클로스(cloth)ㆍ그릴ㆍ망ㆍ울타리,,0,
7314410000,80,3,아연으로 도금하거나 도포한 것,,1,2013-01-01
7314420000,80,3,플라스틱으로 도포한 것,,1,2002-01-01
7314490000,80,3,기타,,1,2002-01-01
7314500000,80,2,익스팬디드 메탈(expanded metal),,1,2013-01-01
7315,80,1,철강으로 만든 체인과 그 부분품,,0,
73151,80,2,마디가 있는 링크체인(link chain)과 그 부분품,,0,
7315110000,80,3,롤러체인(roller chain),,1,2013-01-01
7315120000,80,3,그 밖의 체인,,1,2013-01-01
7315190000,80,3,부분품,,1,2002-01-01
7315200000,80,2,스키드체인(skid chain),,1,2013-01-01
73158,80,2,그 밖의 체인,,0,
7315810000,80,3,스터드링크(stud-link),,1,2013-01-01
7315820000,80,3,기타(용접한 링크의 것으로 한정한다),,1,2013-01-01
7315890000,80,3,기타,,1,2002-01-01
7315900000,80,2,그 밖의 부분품,,1,2013-01-01
7316,80,1,철강으로 만든 닻과 그 부분품,,0,
731600,80,2,철강으로 만든 닻과 그 부분품,,0,
7316001000,80,3,닻,,1,2002-01-01
7316002000,80,3,부분품,,1,2002-01-01
7317,80,1,철강으로 만든 못ㆍ압정ㆍ제도용 핀ㆍ물결 모양 못ㆍ스테이플(제8305호의 것은 제외한다)과 이와 유사한 물품[두부(頭部)가 그 밖의 다른 재료로 만든 것인지에 상관없으나 구리를 재료로 한 것은 제외한다],,0,
731700,80,2,철강으로 만든 못ㆍ압정ㆍ제도용 핀ㆍ물결 모양 못ㆍ스테이플(제8305호의 것은 제외한다)과 이와 유사한 물품[두부(頭部)가 그 밖의 다른 재료로 만든 것인지에 상관없으나 구리를 재료로 한 것은 제외한다],,0,
73170010,80,3,못,,0,
731700101,80,4,한 개의 구조로 된 것,,0,
7317001011,80,5,도금ㆍ도포ㆍ 페인트한 것,,1,2013-01-01
7317001019,80,5,기타,,1,2002-01-01
731700102,80,4,두 개 이상의 구조로 된 것,,0,
7317001021,80,5,도금ㆍ도포ㆍ 페인트한 것,,1,2013-01-01
7317001029,80,5,기타,,1,2002-01-01
7317002000,80,3,압정,,1,2002-01-01
7317003000,80,3,제도용과 사무용 핀,,1,2013-01-01
7317004000,80,3,물결 무늬가 있는 못,,1,2022-01-01
7317005000,80,3,스테이플,,1,2002-01-01
7317009000,80,3,기타,,1,2002-01-01
7318,80,1,철강으로 만든 스크루(screw)ㆍ볼트(bolt)ㆍ너트(nut)ㆍ코치 스크루(coach screw)ㆍ스크루 훅(screw hook)ㆍ리벳(rivet)ㆍ코터(cotter)ㆍ코터핀(cotter-pin)ㆍ와셔(washer)[스프링와셔(spring washer)를 포함한다]와 이와 유사한 물품,,0,
73181,80,2,나선가공한 제품,,0,
7318110000,80,3,코치 스크루(coach screw),,1,2013-01-01
7318120000,80,3,그 밖의 목재용 스크루(screw),,1,2013-01-01
7318130000,80,3,스크루 훅(screw hook)과 스크루 링(screw ring),,1,2013-01-01
7318140000,80,3,셀프태핑 스크루(self-tapping screw),,1,2013-01-01
731815,80,3,그 밖의 스크루(screw)와 볼트(bolt)[너트(nut)나 와셔(washer)가 붙어있는지에 상관없다],,0,
7318151000,80,4,머신스크루(screw),,1,2013-01-01
7318152000,80,4,볼트(bolt),,1,2013-01-01
7318153000,80,4,볼트(bolt)ㆍ너트(nut)(세트로 된 것으로 한정한다),,1,2013-01-01
7318159000,80,4,기타,,1,2002-01-01
7318160000,80,3,너트(nut),,1,2013-01-01
7318190000,80,3,기타,,1,2002-01-01
73182,80,2,나선가공하지 않은 제품,,0,
7318210000,80,3,스프링 와셔(spring washer)와 그 밖의 록 와셔(lock washer),,1,2013-01-01
7318220000,80,3,그 밖의 와셔(washer),,1,2013-01-01
7318230000,80,3,리벳(rivet),,1,2013-01-01
7318240000,80,3,코터(cotter)와 코터핀(cotter-pin),,1,2013-01-01
7318290000,80,3,기타,,1,2002-01-01
7319,80,1,"철강으로 만든 수봉침ㆍ수편침ㆍ돗바늘ㆍ코바늘ㆍ자수용 천공수침과 이와 유사한 물품으로서 손으로 사용하는 것, 철강으로 만든 안전핀과 그 밖의 핀(따로 분류되지 않은 것으로 한정한다)",,0,
731940,80,2,안전핀과 그 밖의 핀,,0,
7319401000,80,3,안전핀,,1,2012-01-01
7319402000,80,3,반도체 웨이퍼ㆍ반도체 디바이스의 측정이나 검사에 사용되는 핀,,1,2013-01-01
7319409000,80,3,기타,,1,2012-01-01
731990,80,2,기타,,0,
73199010,80,3,수봉침ㆍ수편침ㆍ자수침,,0,
7319901010,80,4,수봉침,,1,2007-01-01
7319901020,80,4,수편침,,1,2007-01-01
7319901090,80,4,기타,,1,2007-01-01
7319909000,80,3,기타,,1,2007-01-01
7320,80,1,철강으로 만든 스프링과 스프링판,,0,
732010,80,2,판상 스프링과 그 판,,0,
7320101000,80,3,자동차용 판상 스프링,,1,2002-01-01
7320102000,80,3,기관차ㆍ철도 차량용 판상 스프링,,1,2013-01-01
7320109000,80,3,기타,,1,2002-01-01
732020,80,2,나선용 스프링,,0,
7320201000,80,3,자동차용,,1,2013-01-01
7320202000,80,3,충격 흡수용,,1,2013-01-01
7320203000,80,3,철도차량 연계완충기용,,1,2013-01-01
7320204000,80,3,가구용,,1,2013-01-01
7320209000,80,3,기타,,1,2002-01-01
732090,80,2,기타,,0,
7320901000,80,3,평나선형 스프링,,1,2002-01-01
7320909000,80,3,그 밖의 스프링,,1,2013-01-01
7321,80,1,철강으로 만든 스토브(stove)ㆍ레인지(range)ㆍ불판ㆍ조리기(중앙난방용 보조보일러를 갖춘 것을 포함한다)ㆍ바비큐(barbecue)ㆍ화로ㆍ가스풍로ㆍ가열판과 이와 유사한 비전기식 가정용 기구와 이들의 부분품,,0,
73211,80,2,조리용 기구와 가열판,,0,
7321110000,80,3,가스연료용이나 가스와 그 밖의 연료 겸용,U,1,2013-01-01
7321120000,80,3,액체연료용,U,1,2013-01-01
7321190000,80,3,기타(고체연료용 기구를 포함한다),U,1,2013-01-01
73218,80,2,그 밖의 기구,,0,
7321810000,80,3,가스연료용이나 가스와 그 밖의 연료 겸용,U,1,2013-01-01
7321820000,80,3,액체연료용,U,1,2013-01-01
7321890000,80,3,기타(고체연료용 기구를 포함한다),U,1,2013-01-01
7321900000,80,2,부분품,,1,2002-01-01
7322,80,1,"철강으로 만든 방열기(중앙난방용으로 한정하고, 전기가열식은 제외한다)와 이들의 부분품, 동력구동식 송풍기를 갖춘 공기가열기와 온풍배분기(냉풍이나 조절된 공기를 공급할 수 있는 배분기를 포함하고, 전기가열식은 제외한다)와 이들의 부분품",,0,
73221,80,2,방열기와 그 부분품,,0,
732211,80,3,주철로 만든 것,,0,
7322111000,80,4,방열기,,1,2002-01-01
7322112000,80,4,부분품,,1,2002-01-01
732219,80,3,기타,,0,
7322191000,80,4,방열기,,1,2002-01-01
7322192000,80,4,부분품,,1,2002-01-01
732290,80,2,기타,,0,
7322901000,80,3,태양열 집열기와 그 부분품,,1,2002-01-01
73229090,80,3,기타,,0,
7322909010,80,4,공기가열기,,1,2002-01-01
7322909020,80,4,온풍배분기,,1,2002-01-01
7322909030,80,4,부분품,,1,2002-01-01
7323,80,1,"철강으로 만든 식탁용품ㆍ주방용품이나 그 밖의 가정용품과 이들의 부분품, 철강의 울, 철강으로 만든 용기 세정용구와 세정용이나 폴리싱(polishing)용 패드ㆍ글러브(glove)와 이와 유사한 것",,0,
7323100000,80,2,"철강의 울, 철강으로 만든 용기세정용구와 세정용이나 폴리싱(polishing)용 패드ㆍ글러브(glove)와 이와 유사한 것",,1,2013-01-01
73239,80,2,기타,,0,
7323910000,80,3,주철로 만든 것으로 법랑제가 아닌 것,,1,2013-01-01
7323920000,80,3,주철로 만든 것으로 법랑제의 것,,1,2015-01-01
7323930000,80,3,스테인리스강으로 만든 것,,1,2013-01-01
7323940000,80,3,철강(주철은 제외한다)으로 만든 것으로 법랑제의 것,,1,2013-01-01
7323990000,80,3,기타,,1,2002-01-01
7324,80,1,철강으로 만든 위생용품과 그 부분품,,0,
732410,80,2,설거지통과 세면대(스테인리스강으로 만든 것으로 한정한다),,0,
7324101000,80,3,설거지통,,1,2013-01-01
7324102000,80,3,세면대,,1,2002-01-01
73242,80,2,목욕통,,0,
7324210000,80,3,주철로 만든 것(법랑제의 것인지에 상관없다),,1,2013-01-01
732429,80,3,기타,,0,
7324291000,80,4,스테인리스강으로 만든 것,,1,2013-01-01
7324299000,80,4,기타,,1,2002-01-01
732490,80,2,기타(부분품을 포함한다),,0,
7324901000,80,3,화장용 세트,,1,2013-01-01
7324908000,80,3,기타,,1,2002-01-01
7324909000,80,3,부분품,,1,2002-01-01
7325,80,1,철강으로 만든 그 밖의 주물제품,,0,
7325100000,80,2,비가단주철(非可鍛鑄鐵)로 만든 것,U,1,2021-08-01
73259,80,2,기타,,0,
7325910000,80,3,분쇄기용 그라인딩볼(grinding ball)과 이와 유사한 물품,,1,2013-01-01
732599,80,3,기타,,0,
7325991000,80,4,주철로 만든 것,U,1,2021-08-01
7325992000,80,4,주강으로 만든 것,,1,2013-01-01
7325993000,80,4,합금강으로 만든 것,,1,2013-01-01
7325999000,80,4,기타,,1,2002-01-01
7326,80,1,철강으로 만든 그 밖의 제품,,0,
73261,80,2,단조물(鍛造物)(이보다 더 가공하지 않은 것으로 한정한다),,0,
7326110000,80,3,분쇄기용 그라인딩볼(grinding ball)과 이와 유사한 물품,,1,2013-01-01
7326190000,80,3,기타,,1,2002-01-01
7326200000,80,2,철강선으로 만든 제품,,1,2013-01-01
732690,80,2,기타,,0,
7326901000,80,3,방직기계용 보빈(bobbin),,1,2013-01-01
7326909000,80,3,기타,,1,2002-01-01
74,80,0,제74류 구리와 그 제품,,0,
7401,80,1,구리의 매트(mat)와 시멘트동(침전동),,0,
740100,80,2,구리의 매트(mat)와 시멘트동(침전동),,0,
7401001000,80,3,구리의 매트(mat),,1,2013-01-01
7401002000,80,3,시멘트동(침전동),,1,2007-01-01
7402,80,1,정제하지 않은 구리와 전해정제용 구리 양극,,0,
740200,80,2,정제하지 않은 구리와 전해정제용 구리 양극,,0,
7402001000,80,3,정제하지 않은 구리,,1,2017-01-01
7402002000,80,3,전해정제용 구리 양극,,1,2013-01-01
7403,80,1,정제한 구리와 구리합금(가공하지 않은 것으로 한정한다),,0,
74031,80,2,정제한 구리,,0,
7403110000,80,3,음극과 음극의 형재,,1,2002-01-01
7403120000,80,3,와이어바(wire-bar),,1,2013-01-01
7403130000,80,3,빌릿(billet),,1,2013-01-01
740319,80,3,기타,,0,
7403191000,80,4,슬래브,,1,2002-01-01
7403192000,80,4,잉곳(ingot),,1,2013-01-01
7403199000,80,4,기타,,1,2002-01-01
74032,80,2,구리합금,,0,
7403210000,80,3,구리-아연의 합금(황동),,1,2013-01-01
7403220000,80,3,구리-주석의 합금(청동),,1,2013-01-01
740329,80,3,그 밖의 구리합금[제7405호의 모합금(master alloy)은 제외한다],,0,
74032910,80,4,구리-니켈의 합금(백동)이나 구리-니켈-아연의 합금(양백),,0,
7403291010,80,5,구리-니켈의 합금(백동),,1,2013-01-01
7403291020,80,5,구리-니켈-아연의 합금(양백),,1,2013-01-01
7403299000,80,4,기타,,1,2007-01-01
7404,80,1,구리의 웨이스트(waste)와 스크랩(scrap),,0,
7404000000,80,2,구리의 웨이스트(waste)와 스크랩(scrap),,1,2013-01-01
7405,80,1,구리의 모합금(master alloy),,0,
7405000000,80,2,구리의 모합금(master alloy),,1,2013-01-01
7406,80,1,구리의 가루와 플레이크(flake),,0,
7406100000,80,2,비(非)층상조직인 가루,,1,2013-01-01
740620,80,2,층상조직인 가루와 플레이크(flake),,0,
7406201000,80,3,층상조직인 가루,,1,2013-01-01
7406202000,80,3,플레이크(flake),,1,2013-01-01
7407,80,1,구리의 봉과 프로파일(profile),,0,
7407100000,80,2,정제한 구리로 만든 것,,1,2013-01-01
74072,80,2,구리합금으로 만든 것,,0,
7407210000,80,3,구리-아연 합금으로 만든 것(황동),,1,2013-01-01
740729,80,3,기타,,0,
7407291000,80,4,구리-주석 합금으로 만든 것(청동),,1,2013-01-01
74072920,80,4,구리-니켈 합금으로 만든 것(백동)이나 구리-니켈-아연 합금으로 만든 것(양백),,0,
7407292010,80,5,구리-니켈 합금으로 만든 것(백동),,1,2013-01-01
7407292020,80,5,구리-니켈-아연 합금으로 만든 것(양백),,1,2013-01-01
7407299000,80,4,기타,,1,2002-01-01
7408,80,1,구리의 선,,0,
74081,80,2,정제한 구리로 만든 것,,0,
7408110000,80,3,횡단면의 최대치수가 6밀리미터를 초과하는 것,,1,2002-01-01
7408190000,80,3,기타,,1,2002-01-01
74082,80,2,구리합금으로 만든 것,,0,
7408210000,80,3,구리-아연 합금으로 만든 것(황동),,1,2013-01-01
740822,80,3,구리-니켈 합금으로 만든 것(백동)이나 구리-니켈-아연 합금으로 만든 것(양백),,0,
7408221000,80,4,구리-니켈 합금으로 만든 것(백동),,1,2013-01-01
7408222000,80,4,구리-니켈-아연 합금으로 만든 것(양백),,1,2013-01-01
740829,80,3,기타,,0,
7408291000,80,4,구리-주석 합금으로 만든 것(청동),,1,2013-01-01
7408299000,80,4,기타,,1,2002-01-01
7409,80,1,구리의 판ㆍ시트(sheet)ㆍ스트립(두께가 0.15밀리미터를 초과하는 것으로 한정한다),,0,
74091,80,2,정제한 구리로 만든 것,,0,
740911,80,3,코일 모양,,0,
7409111000,80,4,반도체 제조용,,1,2013-01-01
7409119000,80,4,기타,,1,2002-01-01
740919,80,3,기타,,0,
7409191000,80,4,반도체 제조용,,1,2013-01-01
7409199000,80,4,기타,,1,2002-01-01
74092,80,2,구리－아연 합금으로 만든 것(황동),,0,
740921,80,3,코일 모양,,0,
7409211000,80,4,반도체 제조용,,1,2013-01-01
7409219000,80,4,기타,,1,2002-01-01
740929,80,3,기타,,0,
7409291000,80,4,반도체 제조용,,1,2013-01-01
7409299000,80,4,기타,,1,2002-01-01
74093,80,2,구리－주석 합금으로 만든 것(청동),,0,
740931,80,3,코일 모양,,0,
7409311000,80,4,반도체 제조용,,1,2013-01-01
7409319000,80,4,기타,,1,2002-01-01
740939,80,3,기타,,0,
7409391000,80,4,반도체 제조용,,1,2013-01-01
7409399000,80,4,기타,,1,2002-01-01
740940,80,2,구리-니켈 합금으로 만든 것(백동)이나 구리-니켈-아연 합금으로 만든 것(양백),,0,
74094010,80,3,구리-니켈 합금으로 만든 것(백동),,0,
7409401010,80,4,반도체 제조용,,1,2013-01-01
7409401090,80,4,기타,,1,2002-01-01
74094020,80,3,구리-니켈-아연 합금으로 만든 것(양백),,0,
7409402010,80,4,반도체 제조용,,1,2013-01-01
7409402090,80,4,기타,,1,2002-01-01
740990,80,2,기타 구리합금으로 만든 것,,0,
7409901000,80,3,반도체 제조용,,1,2013-01-01
7409909000,80,3,기타,,1,2002-01-01
7410,80,1,구리의 박(箔)[인쇄한 것인지 또는 종이ㆍ판지ㆍ플라스틱이나 이와 유사한 보강재로 뒷면을 붙인 것인지에 상관없으며 그 두께(보강재의 두께는 제외한다)가 0.15밀리미터 이하인 것으로 한정한다],,0,
74101,80,2,뒷면을 붙이지 않은 것,,0,
7410110000,80,3,정제한 구리로 만든 것,,1,2013-01-01
7410120000,80,3,구리합금으로 만든 것,,1,2013-01-01
74102,80,2,뒷면을 붙인 것,,0,
741021,80,3,정제한 구리로 만든 것,,0,
7410211000,80,4,인쇄회로판 제조에 적합한 모양인 것,,1,2013-01-01
7410219000,80,4,기타,,1,2002-01-01
741022,80,3,구리합금으로 만든 것,,0,
7410221000,80,4,인쇄회로판 제조에 적합한 모양인 것,,1,2013-01-01
7410229000,80,4,기타,,1,2002-01-01
7411,80,1,구리로 만든 관(管),,0,
7411100000,80,2,정제한 구리로 만든 것,,1,2013-01-01
74112,80,2,구리합금으로 만든 것,,0,
7411210000,80,3,구리-아연 합금으로 만든 것(황동),,1,2013-01-01
741122,80,3,구리-니켈 합금으로 만든 것(백동)이나 구리-니켈-아연 합금으로 만든 것(양백),,0,
7411221000,80,4,구리-니켈 합금으로 만든 것(백동),,1,2013-01-01
7411222000,80,4,구리-니켈-아연 합금으로 만든 것(양백),,1,2013-01-01
741129,80,3,기타,,0,
7411291000,80,4,구리－주석 합금으로 만든 것(청동),,1,2013-01-01
7411299000,80,4,기타,,1,2002-01-01
7412,80,1,구리로 만든 관(管) 연결구류[예: 커플링(coupling)ㆍ엘보(elbow)ㆍ슬리브(sleeve)],,0,
7412100000,80,2,정제한 구리로 만든 것,,1,2013-01-01
7412200000,80,2,구리합금으로 만든 것,,1,2013-01-01
7413,80,1,구리로 만든 연선ㆍ케이블ㆍ엮은 밴드와 이와 유사한 것(전기 절연한 것은 제외한다),,0,
7413000000,80,2,구리로 만든 연선ㆍ케이블ㆍ엮은 밴드와 이와 유사한 것(전기 절연한 것은 제외한다),,1,2013-01-01
7415,80,1,"구리로 만든 못ㆍ압정ㆍ제도용 핀ㆍ스테이플(제8305호의 것은 제외한다)과 이와 유사한 물품[구리로 만든 것이나 구리로 만든 두부(頭部)를 가진 철강으로 만든 것으로 한정한다], 구리로 만든 스크루(screw)ㆍ볼트(bolt)ㆍ너트(nut)ㆍ스크루훅(screw hook)ㆍ리벳(rivet)ㆍ코터(cotter)ㆍ코터핀(cotter-pin)ㆍ와셔(washer)[스프링와셔(spring washer)를 포함한다]와 이와 유사한 물품",,0,
741510,80,2,"못과 압정, 제도용 핀ㆍ스테이플과 이와 유사한 물품",,0,
7415101000,80,3,귀금속을 도금ㆍ피복ㆍ도포한 것,,1,2013-01-01
7415109000,80,3,기타,,1,2002-01-01
74152,80,2,나선가공을 하지 않은 그 밖의 물품,,0,
7415210000,80,3,와셔(washer)[스프링와셔(spring washer)를 포함한다],,1,2013-01-01
7415290000,80,3,기타,,1,2002-01-01
74153,80,2,그 밖의 나선가공한 물품,,0,
7415330000,80,3,"스크루(screw), 볼트(bolt)와 너트(nut)",,1,2013-01-01
7415390000,80,3,기타,,1,2002-01-01
7418,80,1,"구리로 만든 식탁용품ㆍ주방용품이나 그 밖의 가정용 물품과 이들의 부분품, 구리로 만든 용기 세정용구와 세정용이나 폴리싱(polishing)용 패드ㆍ글러브(glove)와 이와 유사한 것, 구리로 만든 위생용품과 그 부분품",,0,
741810,80,2,"식탁용품ㆍ주방용품이나 그 밖의 가정용 물품과 이들의 부분품, 용기 세정용구와 세정용이나 폴리싱(polishing)용 패드ㆍ글러브(glove)와 이와 유사한 것",,0,
7418101000,80,3,용기 세정용구와 세정용이나 폴리싱용 패드ㆍ글러브(glove)와 이와 유사한 것,,1,2013-01-01
74181090,80,3,기타,,0,
7418109010,80,4,식탁용품 ∙ 주방용품,,1,2017-01-01
7418109020,80,4,태양열 집열기(가정용에 사용되는 비전기식으로 한정한다),,1,2013-01-01
7418109030,80,4,기타 가정용 물품,,1,2012-01-01
741810909,80,4,부분품,,0,
7418109091,80,5,태양열 집열기(가정용에 사용되는 비전기식으로 한정한다)용,,1,2013-01-01
7418109099,80,5,기타,,1,2012-01-01
741820,80,2,위생용품과 그 부분품,,0,
7418201000,80,3,위생용품,,1,2002-01-01
7418202000,80,3,부분품,,1,2002-01-01
7419,80,1,구리로 만든 그 밖의 제품,,0,
7419200000,80,2,주조ㆍ주형ㆍ압착ㆍ단조(鍛造)된 것(이보다 더 가공하지 않은 것으로 한정한다),,1,2022-01-01
741980,80,2,기타,,0,
74198010,80,3,"구리선으로 만든 클로스(cloth)(엔드리스밴드를 포함한다)ㆍ그릴ㆍ망, 구리로 만든 익스팬디드메탈",,0,
7419801010,80,4,클로스(cloth),,1,2022-01-01
7419801090,80,4,기타,,1,2022-01-01
7419802000,80,3,구리로 만든 스프링,,1,2022-01-01
7419809000,80,3,기타,,1,2022-01-01
75,80,0,제75류 니켈과 그 제품,,0,
7501,80,1,니켈의 매트(mat)ㆍ소결(燒結)한 산화니켈ㆍ니켈 제련으로 생산된 그 밖의 중간생산물,,0,
7501100000,80,2,니켈의 매트(mat),,1,2013-01-01
750120,80,2,소결(燒結)한 산화니켈과 니켈 제련으로 생산된 그 밖의 중간생산물,,0,
75012010,80,3,소결(燒結)한 산화니켈,,0,
7501201010,80,4,니켈의 함유량이 전 중량의 100분의 88 이상인 것,,1,2013-01-01
7501201090,80,4,기타,,1,2002-01-01
75012090,80,3,기타,,0,
7501209010,80,4,니켈의 함유량이 전 중량의 100분의 88 이상인 것,,1,2013-01-01
7501209090,80,4,기타,,1,2002-01-01
7502,80,1,니켈의 괴(塊),,0,
750210,80,2,합금하지 않은 니켈,,0,
7502101000,80,3,음극,,1,2002-01-01
7502109000,80,3,기타,,1,2002-01-01
7502200000,80,2,니켈 합금,,1,2002-01-01
7503,80,1,니켈의 웨이스트(waste)와 스크랩(scrap),,0,
7503000000,80,2,니켈의 웨이스트(waste)와 스크랩(scrap),,1,2013-01-01
7504,80,1,니켈의 가루와 플레이크(flake),,0,
750400,80,2,니켈의 가루와 플레이크(flake),,0,
7504001000,80,3,가루,,1,2013-01-01
7504002000,80,3,플레이크(flake),,1,2013-01-01
7505,80,1,니켈의 봉ㆍ프로파일(profile)ㆍ선(線),,0,
75051,80,2,봉과 프로파일(profile),,0,
7505110000,80,3,합금하지 않은 니켈로 만든 것,,1,2013-01-01
7505120000,80,3,니켈 합금으로 만든 것,,1,2013-01-01
75052,80,2,선(線),,0,
7505210000,80,3,합금하지 않은 니켈로 만든 것,,1,2013-01-01
7505220000,80,3,니켈 합금으로 만든 것,,1,2013-01-01
7506,80,1,니켈의 판ㆍ시트(sheet)ㆍ스트립ㆍ박(箔),,0,
750610,80,2,합금하지 않은 니켈로 만든 것,,0,
7506101000,80,3,판ㆍ시트(sheet)ㆍ스트립,,1,2013-01-01
7506102000,80,3,박(箔),,1,2013-01-01
750620,80,2,니켈 합금으로 만든 것,,0,
7506201000,80,3,판ㆍ시트(sheet)ㆍ스트립,,1,2013-01-01
7506202000,80,3,박(箔),,1,2013-01-01
7507,80,1,니켈로 만든 관(管)이나 관(管) 연결구류[예: 커플링(coupling)ㆍ엘보(elbow)ㆍ슬리브(sleeve)],,0,
75071,80,2,관(管),,0,
7507110000,80,3,합금하지 않은 니켈로 만든 것,,1,2013-01-01
7507120000,80,3,니켈 합금으로 만든 것,,1,2013-01-01
7507200000,80,2,관(管) 연결구류,,1,2013-01-01
7508,80,1,니켈로 만든 기타 제품,,0,
7508100000,80,2,니켈선으로 만든 클로스(cloth)ㆍ그릴ㆍ망,,1,2013-01-01
750890,80,2,기타,,0,
7508901000,80,3,전기도금용 양극,,1,2002-01-01
75089020,80,3,니켈 폼(foam),,0,
7508902010,80,4,합금하지 않은 니켈로 만든 것,,1,2013-01-01
7508902020,80,4,니켈 합금으로 만든 것,,1,2013-01-01
7508909000,80,3,기타,,1,2002-01-01
76,80,0,제76류 알루미늄과 그 제품,,0,
7601,80,1,알루미늄의 괴(塊),,0,
7601100000,80,2,합금하지 않은 알루미늄,,1,2013-01-01
760120,80,2,알루미늄 합금,,0,
7601201000,80,3,캐스팅 얼로이(casting alloy),,1,2013-01-01
7601202000,80,3,빌릿(billet),,1,2013-01-01
7601209000,80,3,기타,,1,2002-01-01
7602,80,1,알루미늄의 웨이스트(waste)와 스크랩(scrap),,0,
760200,80,2,알루미늄의 웨이스트(waste)와 스크랩(scrap),,0,
7602001000,80,3,캔의 웨이스트와 스크랩,,1,2022-01-01
7602009000,80,3,기타,,1,2022-01-01
7603,80,1,알루미늄의 가루와 플레이크(flake),,0,
7603100000,80,2,비(非)층상조직인 가루,,1,2013-01-01
760320,80,2,층상조직인 가루와 플레이크(flake),,0,
7603201000,80,3,가루,,1,2013-01-01
7603202000,80,3,플레이크(flake),,1,2013-01-01
7604,80,1,알루미늄의 봉과 프로파일(profile),,0,
760410,80,2,합금하지 않은 알루미늄으로 만든 것,,0,
7604101000,80,3,봉,,1,2002-01-01
76041020,80,3,프로파일(profile),,0,
7604102010,80,4,중공(中空)프로파일(profile),,1,2013-01-01
7604102090,80,4,기타,,1,2002-01-01
76042,80,2,알루미늄 합금으로 만든 것,,0,
7604210000,80,3,중공(中空)프로파일(profile),,1,2013-01-01
760429,80,3,기타,,0,
7604291000,80,4,봉,,1,2002-01-01
7604299000,80,4,그 밖의 프로파일(profile),,1,2013-01-01
7605,80,1,알루미늄의 선,,0,
76051,80,2,합금하지 않은 알루미늄으로 만든 것,,0,
7605110000,80,3,횡단면의 최대치수가 7밀리미터를 초과하는 것,,1,2002-01-01
7605190000,80,3,기타,,1,2002-01-01
76052,80,2,알루미늄 합금으로 만든 것,,0,
7605210000,80,3,횡단면의 최대치수가 7밀리미터를 초과하는 것,,1,2002-01-01
7605290000,80,3,기타,,1,2002-01-01
7606,80,1,알루미늄의 판ㆍ시트(sheet)ㆍ스트립(두께가 0.2밀리미터를 초과하는 것으로 한정한다),,0,
76061,80,2,직사각형인 것(정사각형인 것을 포함한다),,0,
760611,80,3,합금하지 않은 알루미늄으로 만든 것,,0,
7606111000,80,4,알루미늄의 함유량이 전 중량의 100분의 99.99 이상인 것,,1,2013-01-01
7606119000,80,4,기타,,1,2002-01-01
7606120000,80,3,알루미늄 합금으로 만든 것,,1,2013-01-01
76069,80,2,기타,,0,
760691,80,3,합금하지 않은 알루미늄으로 만든 것,,0,
7606911000,80,4,알루미늄의 함유량이 전 중량의 100분의 99.99 이상인 것,,1,2013-01-01
7606919000,80,4,기타,,1,2002-01-01
7606920000,80,3,알루미늄 합금으로 만든 것,,1,2013-01-01
7607,80,1,알루미늄의 박(箔)[인쇄한 것인지 또는 종이ㆍ판지ㆍ플라스틱이나 이와 유사한 보강재로 뒷면을 붙인 것인지에 상관없으며 그 두께(보강재의 두께는 제외한다)가 0.2밀리미터 이하인 것으로 한정한다],,0,
76071,80,2,뒷면을 붙이지 않은 것,,0,
760711,80,3,압연보다 더 가공하지 않은 것,,0,
7607111000,80,4,알루미늄의 함유량이 전 중량의 100분의 99.99 이상인 것,,1,2013-01-01
7607119000,80,4,기타,,1,2002-01-01
760719,80,3,기타,,0,
7607191000,80,4,알루미늄의 함유량이 전 중량의 100분의 99.99 이상인 것,,1,2013-01-01
7607199000,80,4,기타,,1,2002-01-01
760720,80,2,뒷면을 붙인 것,,0,
7607201000,80,3,알루미늄의 함유량이 전 중량의 100분의 99.99 이상인 것,,1,2013-01-01
7607209000,80,3,기타,,1,2002-01-01
7608,80,1,알루미늄으로 만든 관(管),,0,
7608100000,80,2,합금하지 않은 알루미늄으로 만든 것,,1,2013-01-01
7608200000,80,2,알루미늄 합금으로 만든 것,,1,2013-01-01
7609,80,1,알루미늄으로 만든 관(管) 연결구류[예: 커플링(coupling)ㆍ엘보(elbow)ㆍ슬리브(sleeve)],,0,
7609000000,80,2,알루미늄으로 만든 관(管) 연결구류[예: 커플링(coupling)ㆍ엘보(elbow)ㆍ슬리브(sleeve)],,1,2013-01-01
7610,80,1,"알루미늄으로 만든 구조물(제9406호의 조립식 건축물은 제외한다)과 그 부분품[예: 다리와 교량ㆍ수문ㆍ탑ㆍ격자주(格子柱)ㆍ지붕ㆍ지붕틀ㆍ문과 창 및 이들의 틀과 문지방ㆍ난간ㆍ기둥], 구조물용으로 가공한 알루미늄으로 만든 판ㆍ봉ㆍ프로파일(profile)ㆍ관(管)과 이와 유사한 것",,0,
7610100000,80,2,문ㆍ창과 이들의 틀과 문지방,,1,2013-01-01
761090,80,2,기타,,0,
7610901000,80,3,구조물,,1,2002-01-01
7610908000,80,3,기타,,1,2002-01-01
7610909000,80,3,부분품,,1,2002-01-01
7611,80,1,"알루미늄으로 만든 각종 재료용 저장조ㆍ탱크ㆍ통과 이와 유사한 용기(압축용이나 액화가스용은 제외하고, 기계장치나 가열ㆍ냉각 장치를 갖추지 않은 것으로서 용적이 300리터를 초과하는 것으로 한정하며, 내장한 것인지 또는 열절연한 것인지에 상관없다)",,0,
7611000000,80,2,"알루미늄으로 만든 각종 재료용 저장조ㆍ탱크ㆍ통과 이와 유사한 용기(압축용이나 액화가스용은 제외하고, 기계장치나 가열ㆍ냉각 장치를 갖추지 않은 것으로서 용적이 300리터를 초과하는 것으로 한정하며, 내장한 것인지 또는 열절연한 것인지에 상관없다)",,1,2013-01-01
7612,80,1,"알루미늄으로 만든 각종 재료용 통ㆍ드럼ㆍ캔ㆍ상자와 이와 유사한 용기(경질이나 연질의 튜브형 용기를 포함하고, 압축용이나 액화가스용은 제외하며, 기계장치나 가열ㆍ냉각장치를 갖추지 않은 것으로서 용적이 300리터 이하인 것으로 한정하고, 내장한 것인지 또는 열절연한 것인지에 상관없다)",,0,
7612100000,80,2,연질의 튜브형 용기,,1,2002-01-01
761290,80,2,기타,,0,
7612901000,80,3,경질의 튜브형 용기,,1,2002-01-01
76129090,80,3,기타,,0,
7612909010,80,4,용적이 1리터 미만인 것,,1,2002-01-01
7612909020,80,4,용적이 1리터 이상 20리터 미만인 것,,1,2002-01-01
7612909030,80,4,용적이 20리터 이상인 것,,1,2002-01-01
7613,80,1,알루미늄으로 만든 용기(압축용이나 액화가스용으로 한정한다),,0,
761300,80,2,알루미늄으로 만든 용기(압축용이나 액화가스용으로 한정한다),,0,
7613001000,80,3,압축가스용,,1,2013-01-01
7613002000,80,3,액화가스용,,1,2013-01-01
7614,80,1,알루미늄으로 만든 연선ㆍ케이블ㆍ엮은 밴드와 이와 유사한 것(전기 절연한 것은 제외한다),,0,
7614100000,80,2,철강심으로 되어 있는 것,,1,2002-01-01
7614900000,80,2,기타,,1,2002-01-01
7615,80,1,"알루미늄으로 만든 식탁용품ㆍ주방용품이나 그 밖의 가정용 물품과 이들의 부분품, 알루미늄으로 만든 용기 세정용구와 세정용이나 폴리싱(polishing)용 패드ㆍ글러브(glove)와 이와 유사한 것, 알루미늄으로 만든 위생용품과 그 부분품",,0,
761510,80,2,"식탁용품ㆍ주방용품이나 그 밖의 가정용 물품과 이들의 부분품, 용기 세정용구와 세정용이나 폴리싱용(polishing) 패드ㆍ글러브(glove)와 이와 유사한 것",,0,
7615101000,80,3,용기 세정용구와 세정용이나 폴리싱용(polishing) 패드ㆍ글러브(glove)와 이와 유사한 것,,1,2013-01-01
76151090,80,3,기타,,0,
7615109010,80,4,태양열 집열기와 그 부분품,,1,2012-01-01
7615109020,80,4,식탁용품 ∙ 주방용품,,1,2017-01-01
7615109030,80,4,그 밖의 가정용 물품,,1,2013-01-01
7615109090,80,4,부분품,,1,2012-01-01
761520,80,2,위생용품과 그 부분품,,0,
7615201000,80,3,위생용품,,1,2002-01-01
7615202000,80,3,부분품,,1,2002-01-01
7616,80,1,알루미늄으로 만든 그 밖의 제품,,0,
7616100000,80,2,못ㆍ압정ㆍ스테이플(제8305호의 것은 제외한다)ㆍ스크루(screw)ㆍ볼트(bolt)ㆍ너트(nut)ㆍ스크루 훅(screw hook)ㆍ리벳(rivet)ㆍ코터(cotter)ㆍ코터핀(cotter-pin)ㆍ와셔(washer)와 이와 유사한 물품,,1,2013-01-01
76169,80,2,기타,,0,
7616910000,80,3,알루미늄선으로 만든 클로스(cloth)ㆍ그릴ㆍ망ㆍ울타리,,1,2013-01-01
761699,80,3,기타,,0,
7616991000,80,4,보빈(bobbin),,1,2013-01-01
76169990,80,4,기타,,0,
7616999010,80,5,알루미늄 파우치(pouch),,1,2013-01-01
7616999020,80,5,알루미늄 노브(knob),,1,2013-01-01
7616999090,80,5,기타,,1,2002-01-01
77,80,0,제77류 (유 보),,0,
78,80,0,제78류 납과 그 제품,,0,
7801,80,1,납의 괴(塊),,0,
780110,80,2,정제한 납,,0,
7801101000,80,3,납의 함유량이 전 중량의 100분의 99.99 이상인 것,,1,2013-01-01
7801109000,80,3,기타,,1,2002-01-01
78019,80,2,기타,,0,
7801910000,80,3,안티모니의 함유량이 중량비로 주된 그 밖의 원소의 것,,1,2013-01-01
780199,80,3,기타,,0,
7801991000,80,4,정제하지 않은 납,,1,2015-01-01
78019920,80,4,기타,,0,
7801992010,80,5,납-주석 합금,,1,2013-01-01
7801992090,80,5,기타,,1,2002-01-01
7802,80,1,납의 웨이스트(waste)와 스크랩(scrap),,0,
7802000000,80,2,납의 웨이스트(waste)와 스크랩(scrap),,1,2013-01-01
7804,80,1,시트(sheet)ㆍ스트립ㆍ박(箔)[두께(보강재의 두께는 제외한다)가 0.2밀리미터 이하인 것으로 한정한다],,0,
78041,80,2,판ㆍ시트(sheet)ㆍ스트립ㆍ박(箔),,0,
780411,80,3,시트(sheet)ㆍ스트립ㆍ박(箔)[두께(보강재의 두께는 제외한다)가 0.2밀리미터 이하인 것으로 한정한다],,0,
7804111000,80,4,시트(sheet)ㆍ스트립,,1,2013-01-01
7804112000,80,4,박(箔),,1,2013-01-01
7804190000,80,3,기타,,1,2002-01-01
780420,80,2,가루와 플레이크(flake),,0,
7804201000,80,3,가루,,1,2013-01-01
7804202000,80,3,플레이크(flake),,1,2013-01-01
7806,80,1,납으로 만든 그 밖의 제품,,0,
780600,80,2,납으로 만든 그 밖의 제품,,0,
7806001000,80,3,납으로 만든 용기,,1,2013-01-01
7806002000,80,3,전기도금용 양극,,1,2002-01-01
78060030,80,3,봉ㆍ프로파일(profile)과 선(線),,0,
7806003010,80,4,봉,,1,2007-01-01
7806003030,80,4,선(線),,1,2013-01-01
7806004000,80,3,관(管)과 관(管) 연결구류[예: 커플링(coupling)ㆍ엘보(elbow)ㆍ슬리브(sleeve)],,1,2017-01-01
7806009000,80,3,기타,,1,2002-01-01
79,80,0,제79류 아연과 그 제품,,0,
7901,80,1,아연의 괴(塊),,0,
79011,80,2,합금하지 않은 아연,,0,
7901110000,80,3,아연의 함유량이 전 중량의 100분의 99.99 이상인 것,,1,2013-01-01
7901120000,80,3,아연의 함유량이 전 중량의 100분의 99.99 미만인 것,,1,2013-01-01
790120,80,2,아연 합금,,0,
7901201000,80,3,아연-알루미늄 합금,,1,2002-01-01
7901209000,80,3,기타,,1,2002-01-01
7902,80,1,아연의 웨이스트(waste)와 스크랩(scrap),,0,
7902000000,80,2,아연의 웨이스트(waste)와 스크랩(scrap),,1,2013-01-01
7903,80,1,아연의 더스트(dust)ㆍ가루ㆍ플레이크(flake),,0,
7903100000,80,2,아연 더스트(dust),,1,2013-01-01
790390,80,2,기타,,0,
7903901000,80,3,가루,,1,2013-01-01
7903902000,80,3,플레이크(flake),,1,2013-01-01
7904,80,1,아연의 봉ㆍ프로파일(profile)ㆍ선(線),,0,
790400,80,2,아연의 봉ㆍ프로파일(profile)ㆍ선(線),,0,
7904001000,80,3,봉,,1,2002-01-01
7904002000,80,3,프로파일(profile),,1,2013-01-01
7904003000,80,3,선(線),,1,2013-01-01
7905,80,1,아연의 판ㆍ시트(sheet)ㆍ스트립ㆍ박(箔),,0,
790500,80,2,아연의 판ㆍ시트(sheet)ㆍ스트립ㆍ박(箔),,0,
7905001000,80,3,판ㆍ시트(sheet)ㆍ스트립,,1,2013-01-01
7905002000,80,3,박(箔),,1,2013-01-01
7907,80,1,아연으로 만든 그 밖의 제품,,0,
790700,80,2,아연으로 만든 그 밖의 제품,,0,
7907001000,80,3,아연으로 만든 홈통ㆍ지붕덮개ㆍ채광 창틀과 그 밖의 가공한 건축용 재료,,1,2013-01-01
79070020,80,3,관(管)과 관(管) 연결구류[예: 커플링(coupling)ㆍ엘보(elbow)ㆍ슬리브(sleeve)],,0,
7907002010,80,4,관(管),,1,2013-01-01
7907002020,80,4,관(管) 연결구류,,1,2013-01-01
79070090,80,3,기타,,0,
7907009010,80,4,전기도금용 양극,,1,2002-01-01
7907009090,80,4,기타,,1,2002-01-01
80,80,0,제80류 주석과 그 제품,,0,
8001,80,1,주석의 괴(塊),,0,
8001100000,80,2,합금하지 않은 주석,,1,2013-01-01
8001200000,80,2,주석 합금,,1,2002-01-01
8002,80,1,주석의 웨이스트(waste)와 스크랩(scrap),,0,
8002000000,80,2,주석의 웨이스트(waste)와 스크랩(scrap),,1,2022-01-01
8003,80,1,주석의 봉ㆍ프로파일(profile)ㆍ선(線),,0,
800300,80,2,주석의 봉ㆍ프로파일(profile)ㆍ선(線),,0,
80030010,80,3,봉ㆍ프로파일(profile),,0,
8003001010,80,4,합금하지 않은 것,,1,2013-01-01
8003001090,80,4,기타,,1,2002-01-01
80030020,80,3,선(線),,0,
8003002010,80,4,합금하지 않은 것,,1,2013-01-01
8003002090,80,4,기타,,1,2002-01-01
8007,80,1,주석으로 만든 그 밖의 제품,,0,
800700,80,2,주석으로 만든 그 밖의 제품,,0,
8007001000,80,3,전기도금용 양극,,1,2002-01-01
8007002000,80,3,판ㆍ시트(sheet) 및 스트립(두께가 0.2밀리미터를 초과하는 것으로 한정한다),,1,2025-01-01
80070030,80,3,"박(箔)[인쇄한 것인지 또는 종이ㆍ판지ㆍ플라스틱이나 이와 유사한 보강재로 뒷면을 붙인 것인지에 상관없으며 그 두께(보강재의 두께는 제외한다)가 0.2밀리미터를 초과하지 않은 것으로 한정한다], 가루와 플레이크(flake)",,0,
8007003010,80,4,박(箔),,1,2013-01-01
800700302,80,4,가루와 플레이크(flake),,0,
8007003021,80,5,가루,,1,2013-01-01
8007003022,80,5,플레이크(flake),,1,2013-01-01
8007009000,80,3,기타,,1,2002-01-01
81,80,0,"제81류 그 밖의 비금속(卑金屬), 서멧(cermet), 이들의 제품",,0,
8101,80,1,텅스텐(볼프람)과 그 제품[웨이스트(waste)와 스크랩(scrap)을 포함한다],,0,
8101100000,80,2,가루,,1,2013-01-01
81019,80,2,기타,,0,
8101940000,80,3,괴(塊)[단순히 소결(燒結)로 얻어지는 봉을 포함한다],,1,2013-01-01
810196,80,3,선(線),,0,
8101960000,80,4,선(線),,1,2025-01-01
8101970000,80,3,웨이스트(waste)와 스크랩(scrap),,1,2013-01-01
810199,80,3,기타,,0,
81019910,80,4,"봉[단순히 소결(燒結)로 얻어지는 것은 제외한다], 프로파일(profile)ㆍ판ㆍ시트(sheet)ㆍ스트립ㆍ박(箔)",,0,
8101991010,80,5,봉,,1,2007-01-01
8101991020,80,5,프로파일(profile),,1,2013-01-01
8101991030,80,5,판ㆍ시트(sheet)ㆍ스트립,,1,2013-01-01
8101991040,80,5,박(箔),,1,2013-01-01
81019990,80,4,기타,,0,
8101999010,80,5,전구용이나 전자관용 스파이럴 필라멘트,,1,2025-01-01
8101999090,80,5,기타,,1,2025-01-01
8102,80,1,몰리브데늄과 그 제품[웨이스트(waste)와 스크랩(scrap)을 포함한다],,0,
8102100000,80,2,가루,,1,2013-01-01
81029,80,2,기타,,0,
8102940000,80,3,괴(塊)[단순히 소결(燒結)로 얻어지는 봉을 포함한다],,1,2013-01-01
810295,80,3,"봉[단순히 소결(燒結)로 얻어지는 것은 제외한다], 프로파일(profile)ㆍ판ㆍ시트(sheet)ㆍ스트립ㆍ박(箔)",,0,
8102951000,80,4,봉,,1,2002-01-01
8102952000,80,4,프로파일(profile),,1,2013-01-01
8102953000,80,4,판ㆍ시트(sheet)ㆍ스트립,,1,2013-01-01
8102954000,80,4,박(箔),,1,2013-01-01
810296,80,3,선(線),,0,
8102961000,80,4,전구용이나 전자관용 스파이럴 필라멘트,,1,2013-01-01
8102969000,80,4,기타,,1,2002-01-01
8102970000,80,3,웨이스트(waste)와 스크랩(scrap),,1,2013-01-01
8102990000,80,3,기타,,1,2002-01-01
8103,80,1,탄탈륨과 그 제품[웨이스트(waste)와 스크랩(scrap)을 포함한다],,0,
810320,80,2,"괴(塊)[단순히 소결(燒結)로 얻어지는 봉을 포함한다], 가루",,0,
8103201000,80,3,괴(塊),,1,2013-01-01
8103202000,80,3,가루,,1,2013-01-01
8103300000,80,2,웨이스트(waste)와 스크랩(scrap),,1,2013-01-01
81039,80,2,기타,,0,
8103910000,80,3,도가니,,1,2022-01-01
8103990000,80,3,기타,,1,2022-01-01
8104,80,1,마그네슘과 그 제품[웨이스트(waste)와 스크랩(scrap)을 포함한다],,0,
81041,80,2,괴(塊),,0,
8104110000,80,3,마그네슘의 함유량이 전 중량의 100분의 99.8 이상인 것,,1,2013-01-01
8104190000,80,3,기타,,1,2002-01-01
8104200000,80,2,웨이스트(waste)와 스크랩(scrap),,1,2013-01-01
810430,80,2,"크기에 따라 등급을 매긴 줄밥(rasping)ㆍ연삭설(tuming)ㆍ알갱이, 가루",,0,
8104301000,80,3,줄밥(rasping)ㆍ연삭설(tuming)ㆍ알갱이,,1,2013-01-01
8104302000,80,3,가루,,1,2013-01-01
810490,80,2,기타,,0,
8104901000,80,3,봉,,1,2002-01-01
8104909000,80,3,기타,,1,2002-01-01
8105,80,1,"코발트의 매트(mat)와 코발트 제련으로 생산된 그 밖의 중간생산물, 코발트와 그 제품[웨이스트(waste)와 스크랩(scrap)을 포함한다]",,0,
810520,80,2,"코발트의 매트(mat)와 코발트 제련으로 생산된 그 밖의 중간생산물, 괴(塊), 가루",,0,
8105201000,80,3,괴(塊),,1,2013-01-01
8105202000,80,3,코발트의 매트(mat)와 코발트 제련으로 생산된 그 밖의 중간생산물,,1,2013-01-01
8105203000,80,3,가루,,1,2013-01-01
8105300000,80,2,웨이스트(waste)와 스크랩(scrap),,1,2013-01-01
8105900000,80,2,기타,,1,2002-01-01
8106,80,1,비스무트(bismuth)와 그 제품[웨이스트(waste)와 스크랩(scrap)을 포함한다],,0,
810610,80,2,비스무트 함유량이 전 중량의 100분의 99.99를 초과하는 것,,0,
8106101000,80,3,괴(塊),,1,2022-01-01
8106103000,80,3,가루,,1,2022-01-01
8106109000,80,3,기타,,1,2022-01-01
810690,80,2,기타,,0,
8106901000,80,3,괴(塊),,1,2022-01-01
8106903000,80,3,가루,,1,2022-01-01
8106909000,80,3,기타,,1,2022-01-01
8108,80,1,티타늄과 그 제품[웨이스트(waste)와 스크랩(scrap)을 포함한다],,0,
810820,80,2,"티타늄의 괴(塊), 가루",,0,
8108201000,80,3,괴(塊),,1,2013-01-01
8108202000,80,3,가루,,1,2013-01-01
8108300000,80,2,웨이스트(waste)와 스크랩(scrap),,1,2013-01-01
810890,80,2,기타,,0,
8108901000,80,3,판과 스트립,,1,2002-01-01
8108902000,80,3,관,,1,2002-01-01
8108909000,80,3,기타,,1,2002-01-01
8109,80,1,지르코늄과 그 제품[웨이스트(waste)와 스크랩(scrap)을 포함한다],,0,
81092,80,2,"지르코늄의 괴(塊), 가루",,0,
8109210000,80,3,하프늄 함유량이 중량비로 지르코늄 함유량의 500분의 1 미만인 것,,1,2022-01-01
8109290000,80,3,기타,,1,2022-01-01
81093,80,2,웨이스트(waste)와 스크랩(scrap),,0,
8109310000,80,3,하프늄 함유량이 중량비로 지르코늄 함유량의 500분의 1 미만인 것,,1,2022-01-01
8109390000,80,3,기타,,1,2022-01-01
81099,80,2,기타,,0,
810991,80,3,하프늄 함유량이 중량비로 지르코늄 함유량의 500분의 1 미만인 것,,0,
81099110,80,4,핵연료용기 제조용,,0,
8109911010,80,5,관,,1,2022-01-01
8109911020,80,5,판ㆍ시트(sheet)ㆍ스트립,,1,2022-01-01
8109911030,80,5,봉,,1,2022-01-01
8109911090,80,5,기타,,1,2022-01-01
8109919000,80,4,기타,,1,2022-01-01
810999,80,3,기타,,0,
81099910,80,4,핵연료용기 제조용,,0,
8109991010,80,5,관,,1,2022-01-01
8109991020,80,5,판ㆍ시트(sheet)ㆍ스트립,,1,2022-01-01
8109991030,80,5,봉,,1,2022-01-01
8109991090,80,5,기타,,1,2022-01-01
8109999000,80,4,기타,,1,2022-01-01
8110,80,1,안티모니와 그 제품[웨이스트(waste)와 스크랩(scrap)을 포함한다],,0,
8110100000,80,2,"안티모니의 괴(塊), 가루",,1,2013-01-01
8110200000,80,2,웨이스트(waste)와 스크랩(scrap),,1,2013-01-01
8110900000,80,2,기타,,1,2002-01-01
8111,80,1,망간과 그 제품[웨이스트(waste)와 스크랩(scrap)을 포함한다],,0,
8111000000,80,2,망간과 그 제품[웨이스트(waste)와 스크랩(scrap)을 포함한다],,1,2013-01-01
8112,80,1,베릴륨ㆍ크로뮴ㆍ하프늄ㆍ레늄ㆍ탈륨ㆍ카드뮴ㆍ게르마늄ㆍ바나듐ㆍ갈륨ㆍ인듐ㆍ니오븀(컬럼븀)과 이것으로 만든 제품[웨이스트(waste)와 스크랩(scrap)을 포함한다],,0,
81121,80,2,베릴륨,,0,
8112120000,80,3,"괴(塊), 가루",,1,2013-01-01
8112130000,80,3,웨이스트(waste)와 스크랩(scrap),,1,2017-01-01
8112190000,80,3,기타,,1,2002-01-01
81122,80,2,크로뮴,,0,
8112210000,80,3,"괴(塊), 가루",,1,2017-01-01
8112220000,80,3,웨이스트(waste)와 스크랩(scrap),,1,2013-01-01
8112290000,80,3,기타,,1,2002-01-01
81123,80,2,하프늄,,0,
8112310000,80,3,"괴(塊), 웨이스트(waste)와 스크랩(scrap), 가루",,1,2022-01-01
8112390000,80,3,기타,,1,2022-01-01
81124,80,2,레늄,,0,
8112410000,80,3,"괴(塊), 웨이스트(waste)와 스크랩(scrap), 가루",,1,2022-01-01
8112490000,80,3,기타,,1,2022-01-01
81125,80,2,탈륨,,0,
8112510000,80,3,"괴(塊), 가루",,1,2017-01-01
8112520000,80,3,웨이스트(waste)와 스크랩(scrap),,1,2017-01-01
8112590000,80,3,기타,,1,2002-01-01
81126,80,2,카드뮴,,0,
8112610000,80,3,웨이스트(waste)와 스크랩(scrap),,1,2022-01-01
8112690000,80,3,기타,,1,2022-01-01
81129,80,2,기타,,0,
811292,80,3,"괴(塊), 웨이스트(waste)와 스크랩(scrap), 가루",,0,
8112921000,80,4,게르마늄,,1,2007-01-01
8112922000,80,4,바나듐,,1,2007-01-01
8112923000,80,4,갈륨,,1,2009-01-01
8112925000,80,4,인듐,,1,2009-01-01
8112926000,80,4,니오븀(컬럼븀),,1,2009-01-01
8112929000,80,4,기타,,1,2007-01-01
811299,80,3,기타,,0,
8112991000,80,4,게르마늄,,1,2007-01-01
8112992000,80,4,바나듐,,1,2007-01-01
8112993000,80,4,갈륨,,1,2009-01-01
8112995000,80,4,인듐,,1,2009-01-01
8112996000,80,4,니오븀(컬럼븀),,1,2009-01-01
8112999000,80,4,기타,,1,2007-01-01
8113,80,1,서멧(cermet)과 그 제품[웨이스트(waste)와 스크랩(scrap)을 포함한다],,0,
8113000000,80,2,서멧(cermet)과 그 제품[웨이스트(waste)와 스크랩(scrap)을 포함한다],,1,2013-01-01
82,80,0,"제82류 비금속(卑金屬)으로 만든 공구ㆍ도구ㆍ칼붙이ㆍ스푼ㆍ포크, 이들의 부분품",,0,
8201,80,1,"수공구에 해당하는 것 중 가래ㆍ삽ㆍ곡괭이ㆍ픽스(picks)ㆍ괭이ㆍ포크와 쇠스랑, 도끼ㆍ빌훅(bill hook)과 이와 유사한 절단용 공구, 각종 전지가위, 낫ㆍ초절기(草切機)ㆍ울타리 전단기(剪斷機)ㆍ제재(製材)용 쐐기와 그 밖의 농업용ㆍ원예용ㆍ임업용 공구",,0,
8201100000,80,2,가래와 삽,,1,2013-01-01
8201300000,80,2,곡괭이ㆍ픽스(picks)ㆍ괭이ㆍ쇠스랑,,1,2013-01-01
8201400000,80,2,도끼ㆍ빌훅(bill hook)과 이와 유사한 절단용 도구,,1,2013-01-01
8201500000,80,2,전지가위와 이와 유사한 한손용 전지가위[가금(家禽)용 가위를 포함한다],,1,2022-01-01
8201600000,80,2,울타리 전단기(剪斷機)ㆍ양손용 전지가위와 이와 유사한 양손용 전지가위,,1,2013-01-01
820190,80,2,그 밖의 농업용ㆍ원예용ㆍ임업용 수공구,,0,
8201901000,80,3,낫,,1,2013-01-01
8201909000,80,3,기타,,1,2002-01-01
8202,80,1,"수동식 톱, 각종 톱날[슬리팅(slitting)ㆍ슬로팅(slotting)ㆍ이가 없는 톱날을 포함한다]",,0,
820210,80,2,수동식 톱,,0,
8202101000,80,3,목재용,,1,2013-01-01
8202109000,80,3,기타,,1,2002-01-01
8202200000,80,2,띠톱의 날,,1,2002-01-01
82023,80,2,원형 톱날[슬리팅(slitting)이나 슬로팅(slotting) 톱날을 포함한다],,0,
8202310000,80,3,작용하는 부분을 강(鋼)으로 만든 것,,1,2013-01-01
820239,80,3,기타(부분품을 포함한다),,0,
8202391000,80,4,작용하는 부분이 텅스텐 카바이드로 만든 것,,1,2013-01-01
82023920,80,4,작용하는 부분이 다이아몬드로 만든 것,,0,
8202392010,80,5,"반도체 웨이퍼, 반도체 디바이스를 개별 단위로 절단하는 기기에 사용되는 것",,1,2013-01-01
8202392090,80,5,기타,,1,2009-01-01
8202393000,80,4,작용하는 부분이 그 밖의 재료로 만든 것,,1,2013-01-01
8202399000,80,4,부분품,,1,2002-01-01
8202400000,80,2,체인톱의 날,,1,2012-01-01
82029,80,2,그 밖의 톱날,,0,
820291,80,3,금속가공용 직선형 톱날,,0,
8202911000,80,4,쇠톱의 날,,1,2002-01-01
8202919000,80,4,기타,,1,2002-01-01
820299,80,3,기타,,0,
8202991000,80,4,사파이어 잉곳(ingot) 절단용,,1,2013-01-01
8202999000,80,4,기타,,1,2011-01-01
8203,80,1,줄ㆍ플라이어(plier)[절단용 플라이어(plier)를 포함한다]ㆍ집게ㆍ핀셋ㆍ금속 절단용 가위ㆍ파이프커터(pipe-cutter)ㆍ볼트크로퍼(bolt cropper)ㆍ천공펀치와 이와 유사한 수공구,,0,
8203100000,80,2,줄과 이와 유사한 공구,,1,2022-01-01
820320,80,2,플라이어(plier)[절단용 플라이어(plier)를 포함한다]ㆍ집게ㆍ핀셋과 이와 유사한 공구,,0,
8203201000,80,3,플라이어(plier)[절단용 플라이어(plier)를 포함한다],,1,2022-01-01
8203202000,80,3,집게,,1,2022-01-01
8203203000,80,3,핀셋,,1,2002-01-01
8203209000,80,3,기타,,1,2002-01-01
8203300000,80,2,금속 절단용 가위와 이와 유사한 공구,,1,2013-01-01
820340,80,2,파이프커터(pipe-cutter)ㆍ볼트크로퍼(bolt cropper)ㆍ천공펀치와 이와 유사한 공구,,0,
8203401000,80,3,파이프커터(pipe-cutter),,1,2013-01-01
8203402000,80,3,볼트크로퍼(bolt cropper)와 클리퍼,,1,2013-01-01
8203403000,80,3,천공펀치,,1,2002-01-01
8203409000,80,3,기타,,1,2002-01-01
8204,80,1,"수동식 스패너(spanner)와 렌치(wrench)(토크미터렌치)를 포함하나 탭렌치(tap wrench)는 제외한다], 호환성 스패너소켓(spanner socket)(손잡이가 달린 것인지에 상관없다)",,0,
82041,80,2,수동식 스패너(spanner)와 렌치(wrench),,0,
8204110000,80,3,조절할 수 없는 것,,1,2013-01-01
8204120000,80,3,조절할 수 있는 것,,1,2013-01-01
8204200000,80,2,호환성 스패너소켓(spanner socket)(손잡이가 있는 것인지에 상관없다),,1,2013-01-01
8205,80,1,"수공구(유리 가공용 다이아몬드공구를 포함하며 따로 분류되지 않은 것으로 한정한다), 블로램프(blow lamp), 공작기계 또는 워터제트 절단기의 부분품ㆍ부속품 외의 바이스(vice)ㆍ클램프(clamp)와 이와 유사한 것, 모루, 휴대용 화덕, 프레임을 갖춘 수동식이나 페달식 그라인딩휠(grinding wheel)",,0,
820510,80,2,드릴링ㆍ드레딩(threading)이나 태핑용(tapping) 공구,,0,
8205101000,80,3,드릴링용,,1,2013-01-01
8205109000,80,3,기타,,1,2002-01-01
8205200000,80,2,"망치(hammer, sledge hammer)",,1,2013-01-01
8205300000,80,2,목재 가공용 대패ㆍ끌ㆍ둥근끌과 이와 유사한 절단공구,,1,2013-01-01
8205400000,80,2,스크루드라이버(screwdriver),,1,2013-01-01
82055,80,2,그 밖의 수공구(유리 가공용 다이아몬드공구를 포함한다),,0,
8205510000,80,3,가정용 공구,,1,2013-01-01
820559,80,3,기타,,0,
8205591000,80,4,유리가공용 다이아몬드공구,,1,2022-01-01
8205593000,80,4,그리스 건(grease gun),,1,2013-01-01
8205599000,80,4,기타,,1,2002-01-01
8205600000,80,2,블로램프(blow lamp),,1,2013-01-01
820570,80,2,바이스(vice)ㆍ클램프(clamp)와 이와 유사한 것,,0,
8205701000,80,3,바이스(vice),,1,2013-01-01
8205702000,80,3,클램프(clamp),,1,2013-01-01
8205709000,80,3,기타,,1,2002-01-01
820590,80,2,기타(이 호의 둘 이상의 소호에 해당하는 물품의 세트를 포함한다),,0,
8205903000,80,3,이호의 둘 이상의 소호에 해당하는 물품의 세트,,1,2022-01-01
8205909000,80,3,기타,,1,2022-01-01
8206,80,1,제8202호부터 제8205호까지에 해당하는 둘 이상의 공구가 소매용 세트로 되어 있는 것,,0,
8206000000,80,2,제8202호부터 제8205호까지에 해당하는 둘 이상의 공구가 소매용 세트로 되어 있는 것,,1,2013-01-01
8207,80,1,수공구용(동력작동식인지에 상관없다)이나 기계용 호환성 공구[예: 프레싱(pressing)용ㆍ스탬핑(stamping)용ㆍ펀칭(punching)용ㆍ태핑(tapping)용ㆍ드레딩(threading)용ㆍ드릴링(drilling)용ㆍ보링(boring)용ㆍ브로칭(broaching)용ㆍ밀링(milling)용ㆍ터닝(turning)용ㆍ스크루드라이빙(screw driving)용][금속의 인발(引拔)용이나 압출용 다이(die)와 착암용이나 굴착용 공구를 포함한다],,0,
82071,80,2,착암용이나 굴착용 공구,,0,
8207130000,80,3,작용하는 부분을 서멧(cermet)으로 만든 것,,1,2013-01-01
820719,80,3,기타(부분품을 포함한다),,0,
8207191000,80,4,작용하는 부분을 그 밖의 재료로 만든 것,,1,2013-01-01
8207199000,80,4,부분품,,1,2002-01-01
820720,80,2,금속의 인발(引拔)용이나 압출용 다이(die),,0,
8207201000,80,3,인발(引拔)용,,1,2013-01-01
8207202000,80,3,압출용,,1,2013-01-01
8207300000,80,2,프레싱(pressing)용ㆍ스탬핑(stamping)용ㆍ펀칭(punching)용 공구,,1,2022-01-01
820740,80,2,태핑(tapping)용이나 드레딩(threading)용 공구,,0,
8207401000,80,3,태핑(tapping)용,,1,2013-01-01
8207402000,80,3,드레딩(threading)용,,1,2013-01-01
820750,80,2,드릴링(drilling)용 공구(착암기용은 제외한다),,0,
82075010,80,3,드릴,,0,
8207501010,80,4,고속도강으로 만든 것,,1,2013-01-01
8207501090,80,4,기타,,1,2002-01-01
8207502000,80,3,브레이스비트(brace bit),,1,2013-01-01
8207509000,80,3,기타,,1,2002-01-01
820760,80,2,보링(boring)용이나 브로칭(broaching)용 공구,,0,
8207601000,80,3,리머(reamer),,1,2013-01-01
8207603000,80,3,브로치(broach),,1,2013-01-01
8207609000,80,3,기타,,1,2002-01-01
820770,80,2,밀링(milling)용 공구,,0,
8207701000,80,3,기어커터,,1,2002-01-01
8207702000,80,3,밀링커터,,1,2002-01-01
8207703000,80,3,기어커팅 호브(gear cutting hob),,1,2013-01-01
8207704000,80,3,로터리파일,,1,2013-01-01
8207709000,80,3,기타,,1,2002-01-01
820780,80,2,터닝(turning)용 공구,,0,
8207801000,80,3,선반용 공구,,1,2002-01-01
8207809000,80,3,기타,,1,2002-01-01
820790,80,2,그 밖의 호환성 공구,,0,
8207901000,80,3,다이아몬드 공구,,1,2002-01-01
8207909000,80,3,기타,,1,2002-01-01
8208,80,1,기계용이나 기구용 칼과 절단용 칼날,,0,
8208100000,80,2,금속 가공용,,1,2013-01-01
8208200000,80,2,목재 가공용,,1,2013-01-01
8208300000,80,2,주방기구용이나 식품공업에 사용되는 기계용,,1,2013-01-01
8208400000,80,2,농업용ㆍ원예용ㆍ임업용 기계의 것,,1,2013-01-01
8208900000,80,2,기타,,1,2002-01-01
8209,80,1,공구용 판ㆍ봉ㆍ팁과 이와 유사한 것[서멧(cermet)으로 만든 것으로서 장착하지 않은 것으로 한정한다],,0,
820900,80,2,공구용 판ㆍ봉ㆍ팁과 이와 유사한 것[서멧(cermet)으로 만든 것으로서 장착하지 않은 것으로 한정한다],,0,
82090010,80,3,공구용 팁,,0,
8209001010,80,4,텅스텐 카바이드로 만든 것으로 코팅 처리된 것,,1,2017-01-01
8209001050,80,4,티타늄의 것,,1,2017-01-01
8209001090,80,4,기타,,1,2017-01-01
82090020,80,3,공구용 판ㆍ봉과 이와 유사한 것,,0,
8209002010,80,4,텅스텐 카바이드로 만든 것,,1,2013-01-01
8209002090,80,4,기타,,1,2002-01-01
8210,80,1,수동식 기계기구(음식물의 조리ㆍ제공에 사용되는 것으로 한 개의 중량이 10킬로그램 이하인 것으로 한정한다),,0,
821000,80,2,수동식 기계기구(음식물의 조리ㆍ제공에 사용되는 것으로 한 개의 중량이 10킬로그램 이하인 것으로 한정한다),,0,
8210001000,80,3,분쇄기ㆍ마쇄기,,1,2013-01-01
8210002000,80,3,추출기ㆍ압착기,,1,2013-01-01
8210004000,80,3,세절기ㆍ 커터,,1,2013-01-01
8210005000,80,3,오프너ㆍ코르커ㆍ실러,,1,2013-01-01
8210008000,80,3,그 밖의 가정용 식품가공기기,,1,2013-01-01
8210009000,80,3,부분품,,1,2002-01-01
8211,80,1,칼(톱니가 있는지에 상관없으며 절단용 칼날을 갖춘 것으로 한정하고 전지용 칼을 포함하며 제8208호의 칼은 제외한다)과 그 날,,0,
8211100000,80,2,위 물품이 조합된 세트,U,1,2002-01-01
82119,80,2,기타,,0,
8211910000,80,3,칼날이 고정된 식탁용 칼,U,1,2002-01-01
8211920000,80,3,칼날이 고정된 그 밖의 칼,U,1,2013-01-01
8211930000,80,3,칼날이 고정된 것 외의 칼,U,1,2002-01-01
8211940000,80,3,칼날,,1,2002-01-01
8211950000,80,3,비금속(卑金屬)으로 만든 손잡이,,1,2013-01-01
8212,80,1,면도기와 면도날[면도날의 블랭크(blank)로서 스트립 모양인 것을 포함한다],,0,
8212100000,80,2,면도기,U,1,2002-01-01
8212200000,80,2,안전면도날[면도날의 블랭크(blank)로서 스트립 모양인 것을 포함한다],U,1,2013-01-01
8212900000,80,2,그 밖의 부분품,,1,2013-01-01
8213,80,1,"가위, 재단용 가위와 이와 유사한 가위, 이들의 날",,0,
821300,80,2,"가위, 재단용 가위와 이와 유사한 가위, 이들의 날",,0,
8213001000,80,3,가정용ㆍ사무용 가위,,1,2013-01-01
82130020,80,3,직업용 가위,,0,
8213002010,80,4,재단용 가위,,1,2013-01-01
8213002020,80,4,이발용 가위,,1,2013-01-01
8213002090,80,4,기타,,1,2002-01-01
8213003000,80,3,매니큐어용 가위,,1,2002-01-01
8213009000,80,3,기타,,1,2002-01-01
8214,80,1,"그 밖의 칼붙이 제품[예: 이발기ㆍ정육점용이나 주방용 칼붙이ㆍ토막용 칼(chopper)과 다지기(mincing)용 칼ㆍ종이용 칼], 매니큐어ㆍ페디큐어(pedicure) 세트와 용구(손톱줄을 포함한다)",,0,
821410,80,2,종이용 칼ㆍ편지 개봉기ㆍ지우개용 칼ㆍ연필깎이와 그 날,,0,
8214101000,80,3,연필깎이,,1,2012-01-01
8214109000,80,3,기타,,1,2002-01-01
8214200000,80,2,매니큐어나 페디큐어(pedicure) 세트와 용구(손톱줄을 포함한다),,1,2013-01-01
821490,80,2,기타,,0,
8214902000,80,3,정육점이나 주방용 칼붙이와 토막용 칼(chopper)과 다지기(mincing)용 칼,,1,2022-01-01
8214909000,80,3,기타,,1,2002-01-01
8215,80,1,스푼ㆍ포크ㆍ국자ㆍ스키머(skimmer)ㆍ케이크서버(cake-server)ㆍ생선용 칼ㆍ버터용 칼ㆍ설탕집게와 이와 유사한 주방용품이나 식탁용품,,0,
8215100000,80,2,위 물품이 조합된 세트(최소한 한 가지는 귀금속으로 도금된 것으로 한정한다),,1,2013-01-01
8215200000,80,2,위 물품이 조합된 그 밖의 세트,,1,2013-01-01
82159,80,2,기타,,0,
8215910000,80,3,귀금속으로 도금된 것,,1,2022-01-01
821599,80,3,기타,,0,
8215991000,80,4,스푼,,1,2002-01-01
8215992000,80,4,포크,,1,2002-01-01
8215993000,80,4,국자와 스키머(skimmer),,1,2013-01-01
8215995000,80,4,각종 집게,,1,2002-01-01
8215999000,80,4,기타,,1,2002-01-01
83,80,0,제83류 비금속(卑金屬)으로 만든 각종 제품,,0,
8301,80,1,"비금속(卑金屬)으로 만든 자물쇠(열쇠식ㆍ다이얼식ㆍ전기작동식), 비금속(卑金屬)으로 만든 걸쇠와 걸쇠가 붙은 프레임으로 자물쇠가 결합되어 있는 것, 이들 물품에 사용되는 비금속(卑金屬)으로 만든 열쇠",,0,
8301100000,80,2,자물쇠,,1,2002-01-01
8301200000,80,2,자동차용 자물쇠,,1,2022-01-01
8301300000,80,2,가구용 자물쇠,,1,2022-01-01
830140,80,2,그 밖의 자물쇠,,0,
83014010,80,3,도어 록,,0,
8301401010,80,4,디지털 도어 록,,1,2012-01-01
8301401090,80,4,기타,,1,2012-01-01
8301409000,80,3,기타,,1,2002-01-01
8301500000,80,2,걸쇠와 걸쇠가 붙은 프레임으로 자물쇠가 결합된 것,,1,2013-01-01
8301600000,80,2,부분품,,1,2002-01-01
8301700000,80,2,별도로 제시되는 열쇠,,1,2002-01-01
8302,80,1,"비금속(卑金屬)으로 만든 장착구ㆍ부착구와 이와 유사한 물품[가구ㆍ문ㆍ계단ㆍ창ㆍ블라인드ㆍ차체(coachwork)ㆍ마구ㆍ트렁크ㆍ장ㆍ함이나 이와 유사한 것에 적합한 것으로 한정한다], 비금속(卑金屬)으로 만든 모자걸이ㆍ브래킷(bracket)과 이와 유사한 부착구, 비금속(卑金屬)으로 만든 장착구가 있는 카스터(castor), 비금속(卑金屬)으로 만든 자동도어 폐지기",,0,
8302100000,80,2,경첩,,1,2002-01-01
8302200000,80,2,카스터(castor),,1,2013-01-01
8302300000,80,2,자동차용으로 적합한 그 밖의 장착구ㆍ부착구와 이와 유사한 물품,,1,2022-01-01
83024,80,2,그 밖의 장착구ㆍ부착구와 이와 유사한 물품,,0,
830241,80,3,건물용으로 적합한 것,,0,
8302411000,80,4,문ㆍ창에 적합한 것,,1,2013-01-01
8302419000,80,4,기타,,1,2002-01-01
8302420000,80,3,기타(가구용에 적합한 것으로 한정한다),,1,2013-01-01
830249,80,3,기타,,0,
8302491000,80,4,트렁크ㆍ슈트케이스나 이와 유사한 여행용구에 적합한 것,,1,2013-01-01
8302499000,80,4,기타,,1,2002-01-01
8302500000,80,2,모자걸이ㆍ브래킷(bracket)과 이와 유사한 부착구,,1,2013-01-01
8302600000,80,2,자동도어 폐지기,,1,2002-01-01
8303,80,1,"비금속(卑金屬)으로 만든 장갑하거나(armoured) 보강한 금고, 스트롱박스(strong-box), 스트롱룸(strong-room)용 문과 저장실, 현금함이나 손금고와 이와 유사한 것",,0,
830300,80,2,"비금속(卑金屬)으로 만든 장갑하거나(armoured) 보강한 금고, 스트롱박스(strong-box), 스트롱룸(strong-room)용 문과 저장실, 현금함이나 손금고와 이와 유사한 것",,0,
8303001000,80,3,금고,,1,2002-01-01
8303009000,80,3,기타,,1,2002-01-01
8304,80,1,비금속(卑金屬)으로 만든 서류정리함ㆍ카드인덱스함ㆍ페이퍼 트레이(paper tray)ㆍ페이퍼 레스트(paper rest)ㆍ펜 트레이(pen tray)ㆍ사무실용 스탬프스탠드(stamp stand)와 이와 유사한 사무실용이나 책상용 비품(제9403호에 해당하는 사무실용 가구는 제외한다),,0,
8304000000,80,2,비금속(卑金屬)으로 만든 서류정리함ㆍ카드인덱스함ㆍ페이퍼 트레이(paper tray)ㆍ페이퍼 레스트(paper rest)ㆍ펜 트레이(pen tray)ㆍ사무실용 스탬프스탠드(stamp stand)와 이와 유사한 사무실용이나 책상용 비품(제9403호에 해당하는 사무실용 가구는 제외한다),,1,2013-01-01
8305,80,1,"비금속(卑金屬)으로 만든 루스-리프(loose-leaf)식 바인더용이나 서류철용 피팅(fitting)ㆍ서신용 클립ㆍ레터코너(letter corner)ㆍ서류용 클립ㆍ색인용 태그와 이와 유사한 사무용품, 비금속(卑金屬)으로 만든 스트립 모양인 스테이플(staple)(예: 사무실용ㆍ가구류용ㆍ포장용의 것)",,0,
8305100000,80,2,루스-리프(loose-leaf)식 바인더용이나 서류철용 피팅(fitting),,1,2013-01-01
8305200000,80,2,스트립 모양인 스테이플(staple),,1,2013-01-01
8305900000,80,2,기타(부분품을 포함한다),,1,2002-01-01
8306,80,1,"비금속(卑金屬)으로 만든 벨ㆍ징과 이와 유사한 것(전기식은 제외한다), 비금속(卑金屬)으로 만든 작은 조각상과 그 밖의 장식품, 비금속(卑金屬)으로 만든 사진틀ㆍ그림틀이나 이와 유사한 틀, 비금속(卑金屬)으로 만든 거울",,0,
8306100000,80,2,벨ㆍ징과 이와 유사한 것,,1,2013-01-01
83062,80,2,작은 조각상과 그 밖의 장식품,,0,
8306210000,80,3,귀금속으로 도금된 것,,1,2002-01-01
8306290000,80,3,기타,,1,2002-01-01
830630,80,2,"사진틀ㆍ그림틀이나 이와 유사한 틀, 거울",,0,
8306301000,80,3,사진틀ㆍ그림틀이나 이와 유사한 틀,,1,2013-01-01
8306302000,80,3,비금속(卑金屬)으로 만든 거울,,1,2013-01-01
8307,80,1,비금속(卑金屬)으로 만든 플렉시블 튜빙(flexible tubing)(연결구류가 붙은 것인지에 상관없다),,0,
8307100000,80,2,철강으로 만든 것,,1,2013-01-01
8307900000,80,2,그 밖의 비금속(卑金屬)으로 만든 것,,1,2013-01-01
8308,80,1,"비금속(卑金屬)으로 만든 걸쇠ㆍ걸쇠가 붙은 프레임ㆍ버클(buckle)ㆍ버클(buckle)걸쇠ㆍ훅(hook)ㆍ아이(eye)ㆍ아일릿(eyelet)과 이와 유사한 것(의류 또는 의류 부속품ㆍ신발류ㆍ신변장식용품ㆍ손목시계ㆍ서적ㆍ차양ㆍ가죽제품ㆍ여행구나 마구 또는 그 밖의 제품으로 된 물품에 사용하는 것으로 한정한다), 비금속(卑金屬)으로 만든 관 리벳(tubular rivet)이나 두 가닥 리벳(bifurcated rivet), 비금속(卑金屬)으로 만든 구슬과 스팽글(spangle)",,0,
830810,80,2,훅(hook)ㆍ아이(eye)ㆍ아일릿(eyelet),,0,
8308101000,80,3,훅(hook),,1,2013-01-01
8308102000,80,3,아이(eye)ㆍ아일릿(eyelet),,1,2013-01-01
8308200000,80,2,관 리벳(tubular rivet)이나 두 가닥 리벳(bifurcated rivet),,1,2013-01-01
830890,80,2,기타(부분품을 포함한다),,0,
8308902000,80,3,버클(buckle)이나 버클(buckle)걸쇠,,1,2013-01-01
8308904000,80,3,스팽글(spangle),,1,2013-01-01
8308909000,80,3,기타,,1,2002-01-01
8309,80,1,비금속(卑金屬)으로 만든 전(栓)ㆍ캡ㆍ뚜껑[병마개ㆍ스크루캡(screw cap)ㆍ점적구용 전(栓)을 포함한다]ㆍ병용 캡슐ㆍ나선형 마개ㆍ마개용 커버ㆍ실(seal)과 그 밖의 포장용 부속품,,0,
8309100000,80,2,크라운코르크(crown cork),,1,2013-01-01
830990,80,2,기타,,0,
8309901000,80,3,캔뚜껑(E.O.E),,1,2002-01-01
8309909000,80,3,기타,,1,2002-01-01
8310,80,1,"비금속(卑金屬)으로 만든 사인판ㆍ명판ㆍ주소판과 이와 유사한 판, 숫자ㆍ문자와 그 밖의 심벌(제9405호의 것은 제외한다)",,0,
8310000000,80,2,"비금속(卑金屬)으로 만든 사인판ㆍ명판ㆍ주소판과 이와 유사한 판, 숫자ㆍ문자와 그 밖의 심벌(제9405호의 것은 제외한다)",,1,2013-01-01
8311,80,1,"비금속(卑金屬)이나 금속탄화물로 만든 선ㆍ봉ㆍ관ㆍ판ㆍ용접봉과 이와 유사한 물품[금속이나 금속탄화물의 납땜ㆍ납접ㆍ용접ㆍ용착에 사용하는 것으로서 플럭스(flux)를 도포하였거나 심(芯)에 충전한 것으로 한정한다], 비금속(卑金屬) 가루를 응결시켜 제조한 금속 스프레이(metal spraying)용 선과 봉",,0,
831110,80,2,비금속(卑金屬)으로 만든 용접봉[플럭스(flux)를 봉에 도포한 것으로서 전기아크용접용으로 한정한다],,0,
8311101000,80,3,반도체 제조용,,1,2013-01-01
8311109000,80,3,기타,,1,2002-01-01
831120,80,2,비금속(卑金屬)으로 만든 선[플럭스(flux)를 심(芯)에 충전한 것으로서 전기아크용접용으로 한정한다],,0,
8311201000,80,3,반도체 제조용,,1,2013-01-01
8311209000,80,3,기타,,1,2002-01-01
831130,80,2,비금속(卑金屬)으로 만든 봉과 선[플럭스(flux)를 봉에 도포하였거나 심(芯)에 충전한 것으로서 불로 납땜ㆍ납접ㆍ용접하는 것으로 한정한다],,0,
8311301000,80,3,반도체 제조용,,1,2013-01-01
83113090,80,3,기타,,0,
8311309010,80,4,납-주석 합금의 땜납,,1,2002-01-01
8311309090,80,4,기타,,1,2002-01-01
831190,80,2,기타,,0,
8311901000,80,3,반도체 제조용,,1,2013-01-01
8311909000,80,3,기타,,1,2002-01-01
84,80,0,제84류 원자로ㆍ보일러ㆍ기계류와 이들의 부분품,,0,
8401,80,1,"원자로, 방사선을 조사(照射)하지 않은 원자로용 연료 요소(카트리지)와 동위원소 분리용 기기",,0,
8401100000,80,2,원자로,,1,2002-01-01
8401200000,80,2,동위원소 분리용 기기와 그 부분품,,1,2013-01-01
8401300000,80,2,방사선을 조사(照射)하지 않은 연료요소(카트리지),,1,2017-01-01
8401400000,80,2,원자로의 부분품,,1,2002-01-01
8402,80,1,증기발생보일러(저압증기도 발생시킬 수 있는 중앙난방용 온수보일러는 제외한다)와 과열수보일러(super-heated water boiler),,0,
84021,80,2,증기발생보일러,,0,
8402110000,80,3,증기발생량이 시간당 45톤을 초과하는 수관(水管)보일러,,1,2013-01-01
8402120000,80,3,증기발생량이 시간당 45톤 이하인 수관(水管)보일러,,1,2013-01-01
840219,80,3,그 밖의 증기발생보일러(복합보일러를 포함한다),,0,
8402191000,80,4,열매체보일러,,1,2002-01-01
8402199000,80,4,기타,,1,2002-01-01
8402200000,80,2,과열수보일러(super-heated water boiler),,1,2013-01-01
840290,80,2,부분품,,0,
8402901000,80,3,증기발생보일러의 것,,1,2002-01-01
8402902000,80,3,과열수보일러의 것,,1,2002-01-01
8403,80,1,중앙난방용 보일러(제8402호의 것은 제외한다),,0,
840310,80,2,보일러,,0,
8403101000,80,3,유류를 사용하는 것,U,1,2013-01-01
8403103000,80,3,가스를 사용하는 것,U,1,2013-01-01
8403109000,80,3,기타,U,1,2002-01-01
8403900000,80,2,부분품,,1,2002-01-01
8404,80,1,제8402호나 제8403호의 보일러용 부속기기(예: 연료절약기ㆍ과열기ㆍ그을음제거기ㆍ가스회수기)와 증기원동기용 응축기,,0,
840410,80,2,제8402호나 제8403호의 보일러용 부속기기,,0,
8404101000,80,3,연료절약기,,1,2002-01-01
8404102000,80,3,과열기,,1,2002-01-01
8404103000,80,3,그을음제거기,,1,2012-01-01
8404104000,80,3,가스회수기,,1,2002-01-01
8404109000,80,3,기타,,1,2002-01-01
8404200000,80,2,증기원동기용 응축기,,1,2013-01-01
840490,80,2,부분품,,0,
8404901000,80,3,보일러용 응축기의 것,,1,2013-01-01
8404902000,80,3,증기원동기용 응축기의 것,,1,2013-01-01
8404909000,80,3,기타,,1,2002-01-01
8405,80,1,"발생로가스(producer gas)나 수성(水性)가스 발생기, 아세틸렌가스 발생기와 이와 유사한 습식가스 발생기(청정기를 갖춘 것인지에 상관없다)",,0,
840510,80,2,"발생로가스(producer gas)나 수성(水性)가스 발생기, 아세틸렌가스 발생기와 이와 유사한 습식가스 발생기(청정기를 갖춘 것인지에 상관없다)",,0,
8405101000,80,3,발생로가스 발생기,,1,2002-01-01
8405102000,80,3,수성가스 발생기,,1,2002-01-01
8405104000,80,3,산소 발생기,,1,2002-01-01
8405109000,80,3,기타,,1,2002-01-01
840590,80,2,부분품,,0,
8405901000,80,3,발생로가스 발생기의 것,,1,2012-01-01
8405902000,80,3,수성가스 발생기의 것,,1,2002-01-01
8405904000,80,3,산소 발생기의 것,,1,2002-01-01
8405909000,80,3,기타,,1,2002-01-01
8406,80,1,증기터빈,,0,
8406100000,80,2,선박추진용 터빈,U,1,2017-01-01
84068,80,2,그 밖의 터빈,,0,
840681,80,3,출력이 40메가와트를 초과하는 것,,0,
8406811000,80,4,출력이 40메가와트 초과 100메가와트 이하인 것,U,1,2017-01-01
8406812000,80,4,출력이 100메가와트 초과 300메가와트 이하인 것,U,1,2017-01-01
8406813000,80,4,출력이 300메가와트를 초과하는 것,U,1,2002-01-01
8406820000,80,3,출력이 40메가와트 이하인 것,U,1,2002-01-01
840690,80,2,부분품,,0,
8406901000,80,3,선박추진용 증기터빈의 것,,1,2002-01-01
8406909000,80,3,기타,,1,2002-01-01
8407,80,1,왕복이나 로터리 방식으로 움직이는 불꽃점화식 피스톤 내연기관,,0,
8407100000,80,2,항공기용 엔진,U,1,2002-01-01
84072,80,2,선박추진용 엔진,,0,
8407210000,80,3,아웃보드(outboard) 모터,U,1,2013-01-01
8407290000,80,3,기타,U,1,2002-01-01
84073,80,2,제87류의 차량 추진용 왕복 피스톤엔진,,0,
840731,80,3,실린더용량이 50시시 이하인 것,,0,
8407311000,80,4,모터사이클의 것,U,1,2022-01-01
8407319000,80,4,기타,U,1,2002-01-01
840732,80,3,실린더용량이 50시시 초과 250시시 이하인 것,,0,
8407321000,80,4,모터사이클의 것,U,1,2002-01-01
8407329000,80,4,기타,U,1,2002-01-01
840733,80,3,"실린더용량이 250시시 초과 1,000시시 이하인 것",,0,
8407331000,80,4,모터사이클의 것,U,1,2002-01-01
8407339000,80,4,기타,U,1,2002-01-01
840734,80,3,"실린더용량이 1,000시시를 초과하는 것",,0,
8407341000,80,4,모터사이클의 것,U,1,2002-01-01
8407349000,80,4,기타,U,1,2002-01-01
840790,80,2,그 밖의 엔진,,0,
8407901000,80,3,철도차량용,U,1,2013-01-01
8407909000,80,3,기타,U,1,2002-01-01
8408,80,1,압축점화식 피스톤 내연기관(디젤엔진이나 세미디젤엔진),,0,
840810,80,2,선박추진용 엔진,,0,
8408101000,80,3,출력이 300킬로와트 이하인 것,U,1,2002-01-01
8408102000,80,3,"출력이 300킬로와트 초과 2,000킬로와트 이하인 것",U,1,2017-01-01
8408103000,80,3,"출력이 2,000킬로와트를 초과하는 것",U,1,2002-01-01
840820,80,2,제87류의 차량 추진용 엔진,,0,
8408201000,80,3,"실린더용량이 1,000시시 이하인 것",U,1,2022-01-01
8408202000,80,3,"실린더용량이 1,000시시 초과 2,000시시 이하인 것",U,1,2022-01-01
8408203000,80,3,"실린더용량이 2,000시시 초과 4,000시시 이하인 것",U,1,2022-01-01
8408204000,80,3,"실린더용량이 4,000시시 초과 10,000시시 이하인 것",U,1,2022-01-01
8408205000,80,3,"실린더용량이 10,000시시를 초과하는 것",U,1,2022-01-01
840890,80,2,그 밖의 엔진,,0,
84089010,80,3,철도차량용 내연기관,,0,
8408901010,80,4,철도용 기관차의 내연기관,U,1,2013-01-01
8408901090,80,4,기타,U,1,2002-01-01
84089090,80,3,기타,,0,
8408909010,80,4,선박용 내연기관,U,1,2002-01-01
840890902,80,4,발전용 내연기관,,0,
8408909021,80,5,"출력이 400킬로와트 이상인 발전기용[분당 회전수(알피엠)가 1,500이나 1,800인 것으로 한정한다]",U,1,2013-01-01
8408909029,80,5,기타,U,1,2002-01-01
8408909030,80,4,제8429호용 내연기관,U,1,2013-01-01
8408909090,80,4,기타,U,1,2002-01-01
8409,80,1,제8407호나 제8408호의 엔진에 전용되거나 주로 사용되는 부분품,,0,
8409100000,80,2,항공기 엔진용,,1,2013-01-01
84099,80,2,기타,,0,
840991,80,3,불꽃점화식 피스톤 내연기관에 전용되거나 주로 사용되는 것,,0,
8409911000,80,4,제87류의 차량용,,1,2013-01-01
8409912000,80,4,아웃보드(outboard) 모터의 것,,1,2013-01-01
8409919000,80,4,기타,,1,2002-01-01
840999,80,3,기타,,0,
84099940,80,4,제84류 기계용,,0,
8409994010,80,5,제8429호 기계용,,1,2022-01-01
8409994090,80,5,기타,,1,2022-01-01
8409995000,80,4,발전용,,1,2022-01-01
8409996000,80,4,철도차량용,,1,2022-01-01
8409997000,80,4,제87류의 차량용,,1,2022-01-01
84099980,80,4,선박추진용,,0,
8409998010,80,5,출력이 300킬로와트 이하인 내연기관의 것,,1,2022-01-01
8409998020,80,5,"출력이 300킬로와트 초과 2,000킬로와트 이하인 내연기관의 것",,1,2022-01-01
8409998030,80,5,"출력이 2,000킬로와트를 초과하는 내연기관의 것",,1,2022-01-01
8409999000,80,4,기타,,1,2022-01-01
8410,80,1,수력터빈ㆍ수차와 이들의 조정기,,0,
84101,80,2,수력터빈과 수차,,0,
841011,80,3,"동력이 1,000킬로와트 이하인 것",,0,
8410111000,80,4,수력터빈,U,1,2013-01-01
8410119000,80,4,기타,U,1,2002-01-01
8410120000,80,3,"동력이 1,000킬로와트 초과 10,000킬로와트 이하인 것",U,1,2017-01-01
8410130000,80,3,"동력이 10,000킬로와트를 초과하는 것",U,1,2002-01-01
841090,80,2,부분품(조정기를 포함한다),,0,
84109010,80,3,조정기,,0,
8410901010,80,4,수력터빈의 것,,1,2002-01-01
8410901090,80,4,기타,,1,2002-01-01
84109090,80,3,기타,,0,
8410909010,80,4,수력터빈의 것,,1,2002-01-01
8410909090,80,4,기타,,1,2002-01-01
8411,80,1,터보제트ㆍ터보프로펠러와 그 밖의 가스터빈,,0,
84111,80,2,터보제트,,0,
841111,80,3,추진력이 25킬로뉴턴 이하인 것,,0,
8411111000,80,4,항공기용,U,1,2013-01-01
84111190,80,4,기타,,0,
8411119010,80,5,선박용,U,1,2013-01-01
8411119090,80,5,기타,U,1,2002-01-01
841112,80,3,추진력이 25킬로뉴턴을 초과하는 것,,0,
8411121000,80,4,항공기용,U,1,2013-01-01
84111290,80,4,기타,,0,
8411129010,80,5,선박용,U,1,2013-01-01
8411129090,80,5,기타,U,1,2002-01-01
84112,80,2,터보프로펠러,,0,
841121,80,3,"출력이 1,100킬로와트 이하인 것",,0,
8411211000,80,4,항공기용,U,1,2013-01-01
84112190,80,4,기타,,0,
8411219010,80,5,선박용,U,1,2013-01-01
8411219090,80,5,기타,U,1,2002-01-01
841122,80,3,"출력이 1,100킬로와트를 초과하는 것",,0,
8411221000,80,4,항공기용,U,1,2013-01-01
84112290,80,4,기타,,0,
8411229010,80,5,선박용,U,1,2013-01-01
8411229090,80,5,기타,U,1,2002-01-01
84118,80,2,그 밖의 가스터빈,,0,
841181,80,3,"출력이 5,000킬로와트 이하인 것",,0,
8411811000,80,4,항공기용,U,1,2013-01-01
84118190,80,4,기타,,0,
8411819010,80,5,선박용,U,1,2013-01-01
8411819090,80,5,기타,U,1,2002-01-01
841182,80,3,"출력이 5,000킬로와트를 초과하는 것",,0,
8411821000,80,4,항공기용,U,1,2013-01-01
84118290,80,4,기타,,0,
8411829010,80,5,선박용,U,1,2013-01-01
8411829090,80,5,기타,U,1,2002-01-01
84119,80,2,부분품,,0,
841191,80,3,터보제트나 터보프로펠러의 것,,0,
8411911000,80,4,항공기용,,1,2013-01-01
8411919000,80,4,기타,,1,2002-01-01
841199,80,3,기타,,0,
8411991000,80,4,항공기용,,1,2013-01-01
8411999000,80,4,기타,,1,2002-01-01
8412,80,1,그 밖의 엔진과 모터,,0,
841210,80,2,터보제트 외의 반동 엔진,,0,
8412101000,80,3,항공기의 것,U,1,2017-01-01
8412109000,80,3,기타,U,1,2002-01-01
84122,80,2,수력엔진과 수력모터,,0,
841221,80,3,리니어 액팅식(실린더),,0,
8412211000,80,4,액압실린더,U,1,2002-01-01
8412219000,80,4,기타,U,1,2002-01-01
8412290000,80,3,기타,U,1,2002-01-01
84123,80,2,압축공기식 엔진과 모터,,0,
8412310000,80,3,리니어 액팅식(실린더),U,1,2013-01-01
8412390000,80,3,기타,U,1,2002-01-01
8412800000,80,2,기타,U,1,2002-01-01
841290,80,2,부분품,,0,
84129010,80,3,항공기의 것,,0,
8412901010,80,4,램제트나 펄스제트 엔진의 것,,1,2013-01-01
8412901090,80,4,기타,,1,2002-01-01
8412902000,80,3,수력엔진의 것,,1,2002-01-01
8412909000,80,3,기타,,1,2002-01-01
8413,80,1,액체펌프(계기를 갖추었는지에 상관없다)와 액체엘리베이터,,0,
84131,80,2,펌프(계기를 갖춘 것이나 갖출 수 있도록 설계된 것으로 한정한다),,0,
8413110000,80,3,연료나 윤활유 급유용 펌프(주유소나 정비소에서 사용하는 형태로 한정한다),U,1,2013-01-01
8413190000,80,3,기타,U,1,2002-01-01
8413200000,80,2,수지식 펌프(소호 제8413.11호나 제8413.19호의 것은 제외한다),U,1,2022-01-01
841330,80,2,연료ㆍ윤활유 급유용이나 냉각 냉매용 펌프(피스톤 내연기관용으로 한정한다),,0,
8413301000,80,3,항공기용,U,1,2013-01-01
8413302000,80,3,철도용 기관차용,U,1,2013-01-01
8413303000,80,3,선박용,U,1,2013-01-01
8413304000,80,3,제87류의 차량용,U,1,2025-01-01
8413309000,80,3,기타,U,1,2002-01-01
8413400000,80,2,콘크리트 펌프,U,1,2002-01-01
841350,80,2,그 밖의 용적형 왕복펌프,,0,
8413504000,80,3,수영장용 펌프,U,1,2002-01-01
84135090,80,3,기타,,0,
8413509010,80,4,플런저펌프,U,1,2002-01-01
8413509020,80,4,피스톤펌프,U,1,2012-01-01
8413509030,80,4,다이아프램펌프,U,1,2022-01-01
8413509090,80,4,기타,U,1,2002-01-01
841360,80,2,그 밖의 용적형 회전펌프,,0,
8413604000,80,3,수영장용 펌프,U,1,2002-01-01
84136090,80,3,기타,,0,
8413609010,80,4,기어펌프,U,1,2002-01-01
8413609020,80,4,베인펌프,U,1,2002-01-01
8413609030,80,4,스크루펌프,U,1,2002-01-01
8413609090,80,4,기타,U,1,2002-01-01
841370,80,2,그 밖의 원심펌프,,0,
8413703000,80,3,수영장용 펌프,U,1,2002-01-01
84137090,80,3,기타,,0,
8413709010,80,4,터빈펌프,U,1,2002-01-01
8413709020,80,4,볼류트 펌프,U,1,2002-01-01
8413709090,80,4,기타,U,1,2002-01-01
84138,80,2,그 밖의 펌프와 액체엘리베이터,,0,
841381,80,3,펌프,,0,
8413811000,80,4,수영장용 펌프,U,1,2002-01-01
8413812000,80,4,전기차(하이브리드형을 포함한다)의 냉각 냉매용 펌프,U,1,2025-01-01
8413819000,80,4,기타,U,1,2002-01-01
8413820000,80,3,액체엘리베이터,U,1,2002-01-01
84139,80,2,부분품,,0,
841391,80,3,펌프의 것,,0,
8413911000,80,4,급유용 펌프의 것,,1,2002-01-01
8413912000,80,4,내연기관의 것,,1,2002-01-01
8413913000,80,4,왕복펌프의 것,,1,2002-01-01
8413914000,80,4,원심펌프의 것,,1,2022-01-01
8413915000,80,4,로터리펌프의 것,,1,2013-01-01
8413919000,80,4,기타,,1,2002-01-01
8413920000,80,3,액체엘리베이터의 것,,1,2013-01-01
8414,80,1,"기체펌프나 진공펌프ㆍ기체 압축기와 팬, 팬이 결합된 환기용이나 순환용 후드(필터를 갖추었는지에 상관없다), 기밀(氣密)식 생물안전작업대(필터를 갖추었는지에 상관없다)",,0,
841410,80,2,진공펌프,,0,
8414101000,80,3,항공기용,U,1,2013-01-01
84141090,80,3,기타,,0,
8414109010,80,4,반도체 제조에 전용되거나 주로 사용되는 종류의 것,U,1,2022-01-01
8414109020,80,4,평판디스플레이 제조에 전용되거나 주로 사용되는 종류의 것,U,1,2017-01-01
8414109090,80,4,기타,U,1,2002-01-01
8414200000,80,2,손이나 발로 작동하는 기체펌프,U,1,2013-01-01
841430,80,2,냉장ㆍ냉동 설비용 압축기,,0,
8414301000,80,3,소비전력이 11킬로와트 미만인 것,U,1,2022-01-01
8414302000,80,3,소비전력이 11킬로와트 이상인 것,U,1,2022-01-01
8414400000,80,2,예인용 바퀴 달린 섀시 위에 장착된 기체압축기,U,1,2022-01-01
84145,80,2,팬,,0,
841451,80,3,테이블용ㆍ바닥용ㆍ벽용ㆍ창용ㆍ천장용ㆍ지붕용 팬(출력이 125와트 이하인 전동기를 갖춘 것으로 한정한다),,0,
8414511000,80,4,항공기용,U,1,2013-01-01
8414519000,80,4,기타,U,1,2002-01-01
841459,80,3,기타,,0,
8414591000,80,4,항공기용,U,1,2013-01-01
8414592000,80,4,"마이크로프로세서, 전기통신용 기기, 자동자료처리기계 또는 자동자료처리기계의 단위기기(제8471호, 제8443.31호, 제8443.32호, 제8528.42호, 제8528.52호, 제8528.62호) 냉각을 위해 전용 또는 주로 사용되는 것",U,1,2022-01-01
8414599000,80,4,기타,U,1,2002-01-01
841460,80,2,후드(hood)(수평면의 최대길이가 120센티미터 이하인 것으로 한정한다),,0,
8414601000,80,3,항공기용,U,1,2013-01-01
8414609000,80,3,기타,U,1,2002-01-01
8414700000,80,2,기밀(氣密)식 생물안전작업대,U,1,2022-01-01
841480,80,2,기타,,0,
8414801000,80,3,후드(수평면의 최대길이가 120센티미터를 초과하는 것으로 한정한다),U,1,2013-01-01
8414809,80,3,기타,,0,
84148091,80,4,그 밖의 기체펌프,,0,
8414809110,80,5,항공기용,U,1,2013-01-01
8414809190,80,5,기타,U,1,2002-01-01
84148092,80,4,그 밖의 기체압축기,,0,
841480921,80,5,소비전력이 74.6킬로와트 미만인 것,,0,
8414809211,80,6,연료전지(fuel cell) 차량용의 것,U,1,2025-01-01
8414809219,80,6,기타,U,1,2025-01-01
8414809220,80,5,소비전력이 74.6킬로와트 이상 373킬로와트 미만인 것,U,1,2022-01-01
8414809230,80,5,소비전력이 373킬로와트 이상인 것,U,1,2022-01-01
8414809900,80,4,기타,U,1,2002-01-01
841490,80,2,부분품,,0,
8414901000,80,3,팬과 후드의 것,,1,2002-01-01
84149090,80,3,기타,,0,
8414909010,80,4,냉장설비용이나 냉동설비용 압축기의 것,,1,2013-01-01
8414909020,80,4,기체압축기의 것(냉장설비용이나 냉동설비용은 제외한다),,1,2013-01-01
8414909090,80,4,기타,,1,2002-01-01
8415,80,1,"공기조절기(동력구동식 팬과 온도와 습도를 변화시키는 기구를 갖춘 것으로 한정하며, 습도만을 따로 조절할 수 없는 것도 포함한다)",,0,
841510,80,2,"창문, 벽, 천장 또는 바닥에 고정되도록 설계된 것(일체형이나 분리형으로 한정한다)",,0,
84151010,80,3,창형,,0,
8415101010,80,4,소비전력이 11킬로와트 미만인 것,U,1,2022-01-01
8415101020,80,4,소비전력이 11킬로와트 이상인 것,U,1,2022-01-01
84151020,80,3,벽형,,0,
8415102010,80,4,소비전력이 11킬로와트 미만인 것,U,1,2022-01-01
8415102020,80,4,소비전력이 11킬로와트 이상인 것,U,1,2022-01-01
84151090,80,3,기타,,0,
8415109010,80,4,소비전력이 11킬로와트 미만인 것,U,1,2022-01-01
8415109020,80,4,소비전력이 11킬로와트 이상인 것,U,1,2022-01-01
8415200000,80,2,자동차용(탑승자용으로 한정한다),U,1,2013-01-01
84158,80,2,기타,,0,
8415810000,80,3,냉각유닛과 냉ㆍ열순환 반전용 밸브를 결합한 것(반전가능 열펌프를 포함한다),U,1,2013-01-01
8415820000,80,3,기타(냉각유닛을 결합한 것으로 한정한다),U,1,2013-01-01
8415830000,80,3,냉각유닛을 결합하지 않은 것,U,1,2013-01-01
8415900000,80,2,부분품,,1,2002-01-01
8416,80,1,"액체연료ㆍ잘게 부순 고체연료ㆍ기체연료를 사용하는 노(爐)용 버너, 기계식 스토커(stoker)[이들의 기계식 불판ㆍ기계식 회(灰) 배출기와 이와 유사한 기기를 포함한다]",,0,
841610,80,2,액체연료를 사용하는 노(爐)용 버너,,0,
8416101000,80,3,시간당 최대연료소비량이 200리터 이하인 것,,1,2002-01-01
8416102000,80,3,"시간당 최대연료소비량이 200리터 초과 1,500리터 미만인 것",,1,2017-01-01
8416103000,80,3,"시간당 최대연료소비량이 1,500리터 이상인 것",,1,2002-01-01
841620,80,2,그 밖의 노(爐)용 버너[콤비네이션 버너(combination burner)를 포함한다],,0,
8416201000,80,3,잘게 부순 고체연료용,,1,2013-01-01
8416202000,80,3,기체연료용,,1,2013-01-01
8416209000,80,3,기타,,1,2002-01-01
8416300000,80,2,기계식 스토커(stoker)[이들의 기계식 불판ㆍ기계식 회(灰)배출기와 이와 유사한 기기를 포함한다],,1,2013-01-01
841690,80,2,부분품,,0,
8416901000,80,3,노용 버너의 것,,1,2002-01-01
8416909000,80,3,기타,,1,2002-01-01
8417,80,1,비전기식 공업용이나 실험실용 노(爐)와 오븐(소각로를 포함한다),,0,
841710,80,2,배소(焙燒)용ㆍ용해용이나 그 밖의 열처리용 노(爐)와 오븐(광석ㆍ황철광이나 금속의 처리용으로 한정한다),,0,
84171010,80,3,금속광석 처리용,,0,
8417101010,80,4,철광석용,U,1,2013-01-01
8417101090,80,4,기타,U,1,2002-01-01
84171020,80,3,금속처리용,,0,
8417102010,80,4,철강용,U,1,2013-01-01
8417102090,80,4,기타,U,1,2002-01-01
8417200000,80,2,베이커리용 오븐(비스킷용 오븐을 포함한다),U,1,2013-01-01
841780,80,2,기타,,0,
84178010,80,3,그 밖의 광물성 재료 처리용,,0,
8417801010,80,4,시멘트용,U,1,2013-01-01
8417801020,80,4,유리용,U,1,2013-01-01
8417801030,80,4,도자기용,U,1,2013-01-01
8417801090,80,4,기타,U,1,2002-01-01
8417802000,80,3,이화학용,U,1,2025-01-01
8417809000,80,3,기타,U,1,2002-01-01
8417900000,80,2,부분품,,1,2002-01-01
8418,80,1,"냉장고ㆍ냉동고와 그 밖의 냉장기구나 냉동기구(전기식인지에 상관없다), 열펌프(제8415호의 공기조절기는 제외한다)",,0,
841810,80,2,"일체형 냉장ㆍ냉동고(분리된 외부 문, 서랍이나 그 결합물을 갖춘 것으로 한정한다)",,0,
84181010,80,3,가정형,,0,
8418101010,80,4,용량이 200리터 이하인 것,U,1,2022-01-01
8418101020,80,4,용량이 200리터 초과 400리터 이하인 것,U,1,2017-01-01
8418101030,80,4,용량이 400리터를 초과하는 것,U,1,2002-01-01
8418109000,80,3,기타,U,1,2002-01-01
84182,80,2,가정형 냉장고,,0,
841821,80,3,압축식,,0,
8418211000,80,4,용량이 200리터 미만인 것,U,1,2002-01-01
8418212000,80,4,용량이 200리터 이상 400리터 미만인 것,U,1,2002-01-01
8418213000,80,4,용량이 400리터 이상인 것,U,1,2002-01-01
841829,80,3,기타,,0,
8418291000,80,4,흡수식(전기식으로 한정한다),U,1,2013-01-01
8418299000,80,4,기타,U,1,2007-01-01
8418300000,80,2,체스트(chest)형 냉동고(용량이 800리터 이하인 것으로 한정한다),U,1,2013-01-01
8418400000,80,2,직립형 냉동고(용량이 900리터 이하인 것으로 한정한다),U,1,2013-01-01
841850,80,2,"냉장용이나 냉동용 장치를 갖춘 저장과 전시 목적의 그 밖의 가구[체스트(chest), 캐비닛, 전시용 카운터, 쇼케이스와 이와 유사한 것으로 한정한다]",,0,
8418501000,80,3,쇼케이스,U,1,2002-01-01
8418509000,80,3,기타,U,1,2002-01-01
84186,80,2,그 밖의 냉장기구나 냉동기구와 열펌프,,0,
8418610000,80,3,열펌프(제8415호의 공기조절기는 제외한다),U,1,2013-01-01
841869,80,3,기타,,0,
8418691000,80,4,혈액 저장용 냉장고,,1,2002-01-01
84186920,80,4,그 밖의 냉장기구ㆍ냉동기구,,0,
8418692010,80,5,아이스크림 제조기,,1,2002-01-01
8418692020,80,5,얼음 제조기,,1,2022-01-01
8418692030,80,5,냉수기,,1,2002-01-01
8418692090,80,5,기타,,1,2002-01-01
8418693000,80,4,열펌프,,1,2002-01-01
84189,80,2,부분품,,0,
8418910000,80,3,냉장기구나 냉동기구를 넣을 수 있도록 설계된 가구,,1,2013-01-01
841899,80,3,기타,,0,
8418991000,80,4,가정형 냉장고의 것,,1,2025-01-01
8418999000,80,4,기타,,1,2002-01-01
8419,80,1,"가열ㆍ조리ㆍ배소(焙燒)ㆍ증류ㆍ정류ㆍ살균ㆍ저온살균ㆍ증기가열ㆍ건조ㆍ증발ㆍ응축ㆍ냉각과 그 밖의 온도 변화에 따른 방법으로 재료를 처리하는 기계ㆍ설비ㆍ실험실장치[전기가열식(제8514호의 노(爐)와 오븐과 그 밖의 장비는 제외한다), 실험실용을 포함하며 일반적으로 가정용으로 사용하는 것은 제외한다]와 전기가열식이 아닌 즉시식이나 저장식 물 가열기",,0,
84191,80,2,즉시식이나 저장식 물 가열기(비전기식으로 한정한다),,0,
8419110000,80,3,가스식인 즉시식 물가열기,U,1,2013-01-01
8419120000,80,3,태양열 물 가열기,U,1,2022-01-01
8419190000,80,3,기타,U,1,2002-01-01
8419200000,80,2,내과용ㆍ외과용ㆍ실험실용 살균기,U,1,2013-01-01
84193,80,2,건조기,,0,
8419330000,80,3,동결건조기ㆍ냉동건조 장치와 분무건조기,U,1,2025-01-01
8419340000,80,3,기타(농산물용으로 한정한다),U,1,2022-01-01
8419350000,80,3,기타(목재용ㆍ제지펄프용ㆍ종이용ㆍ판지용으로 한정한다),U,1,2022-01-01
8419390000,80,3,기타,U,1,2022-01-01
8419400000,80,2,증류기나 정류기,U,1,2013-01-01
841950,80,2,열교환기,,0,
8419501000,80,3,항공기용,U,1,2013-01-01
8419502000,80,3,플루오르 중합체로 만든 것으로서 내경이 3센티미터 이하인 관 구멍을 가진 주입구와 배출구를 갖춘 것,U,1,2017-01-01
8419509000,80,3,기타,U,1,2002-01-01
8419600000,80,2,기체 액화용 기기,U,1,2013-01-01
84198,80,2,그 밖의 기기,,0,
8419810000,80,3,뜨거운 음료 제조용이나 음식물의 조리용이나 가열용,U,1,2013-01-01
841989,80,3,기타,,0,
8419891000,80,4,인조섬유 제조용 중합기,U,1,2002-01-01
84198990,80,4,기타,,0,
8419899010,80,5,가열기,U,1,2002-01-01
8419899020,80,5,냉각기,U,1,2002-01-01
8419899030,80,5,증발기,U,1,2002-01-01
8419899040,80,5,응축기,U,1,2002-01-01
8419899050,80,5,태양열 집열기와 그 장치,U,1,2022-01-01
8419899060,80,5,고온항온기ㆍ저온항온기,U,1,2013-01-01
8419899070,80,5,항온항습기,U,1,2002-01-01
8419899080,80,5,공기조절기,U,1,2002-01-01
8419899090,80,5,기타,U,1,2002-01-01
841990,80,2,부분품,,0,
8419901000,80,3,인조섬유 제조용 중합기의 것,,1,2002-01-01
84199090,80,3,기타,,0,
8419909010,80,4,즉시식이나 저장식 물가열기의 것,,1,2013-01-01
8419909020,80,4,"뜨거운 음료제조용 기기의 것, 음식물의 조리나 가열용 기기의 것",,1,2013-01-01
8419909030,80,4,공기조절기의 것,,1,2025-01-01
8419909040,80,4,내과용ㆍ외과용ㆍ실험실용 살균장치의 것,,1,2013-01-01
8419909090,80,4,기타,,1,2002-01-01
8420,80,1,캘린더기(calendering machine)나 그 밖의 로울기(rolling machine)(금속이나 유리 가공용은 제외한다)와 이것에 사용되는 실린더,,0,
842010,80,2,캘린더기(calendering machine)나 그 밖의 로울기(rolling machine),,0,
8420101000,80,3,제지용,U,1,2013-01-01
8420102000,80,3,직물용,U,1,2013-01-01
8420103000,80,3,가죽용,U,1,2013-01-01
8420104000,80,3,고무용ㆍ플라스틱용,U,1,2013-01-01
8420105000,80,3,롤 라미네이터(인쇄회로기판이나 인쇄회로 제조에 전용 또는 주로 사용되는 종류의 것으로 한정한다),U,1,2017-01-01
8420109000,80,3,기타,U,1,2002-01-01
84209,80,2,부분품,,0,
8420910000,80,3,실린더,,1,2002-01-01
8420990000,80,3,기타,,1,2002-01-01
8421,80,1,"원심분리기(원심탈수기를 포함한다), 액체용이나 기체용 여과기나 청정기",,0,
84211,80,2,원심분리기(원심탈수기를 포함한다),,0,
8421110000,80,3,크림분리기,U,1,2002-01-01
8421120000,80,3,의류탈수기,U,1,2003-01-01
842119,80,3,기타,,0,
8421191000,80,4,내과용ㆍ외과용ㆍ이화학용,U,1,2025-01-01
8421192000,80,4,식품공업용,U,1,2013-01-01
8421193000,80,4,석유화학공업용,U,1,2013-01-01
8421199000,80,4,기타,U,1,2002-01-01
84212,80,2,액체용 여과기나 청정기,,0,
842121,80,3,물의 여과용이나 청정용,,0,
8421211000,80,4,가정형,U,1,2013-01-01
84212190,80,4,기타,,0,
8421219010,80,5,수영장용 여과기나 청정기,U,1,2013-01-01
8421219020,80,5,반도체 제조용 여과기나 청정기,U,1,2013-01-01
8421219090,80,5,기타,U,1,2002-01-01
8421220000,80,3,물 외의 음료의 여과용이나 청정용,U,1,2013-01-01
842123,80,3,내연기관용 유류 여과기,,0,
8421231000,80,4,제87류 차량의 내연기관의 것,U,1,2002-01-01
8421232000,80,4,항공기용,U,1,2013-01-01
8421239000,80,4,기타,U,1,2002-01-01
842129,80,3,기타,,0,
8421291000,80,4,낙농용,U,1,2013-01-01
84212920,80,4,유해성 폐수처리용,,0,
8421292010,80,5,플루오르 중합체로 만든 것으로서 여과기 또는 청정기의 막 두께가 140마이크론 이하인 것,U,1,2017-01-01
8421292090,80,5,기타,U,1,2017-01-01
84212930,80,4,반도체 제조용,,0,
8421293010,80,5,플루오르 중합체로 만든 것으로서 여과기 또는 청정기의 막 두께가 140마이크론 이하인 것,U,1,2017-01-01
8421293090,80,5,기타,U,1,2017-01-01
8421294000,80,4,항공기용,U,1,2013-01-01
84212990,80,4,기타,,0,
8421299010,80,5,플루오르 중합체로 만든 것으로서 여과기 또는 청정기의 막 두께가 140마이크론 이하인 것,U,1,2017-01-01
8421299090,80,5,기타,U,1,2017-01-01
84213,80,2,기체의 여과기나 청정기,,0,
842131,80,3,내연기관용 공기 여과기,,0,
8421311000,80,4,제87류 차량의 내연기관의 것,U,1,2002-01-01
8421312000,80,4,항공기용,U,1,2013-01-01
8421319000,80,4,기타,U,1,2002-01-01
8421320000,80,3,"촉매 변환기나 분진 여과기(두 가지가 결합된 것인지에 상관없으며, 내연기관에서 배출되는 배기가스의 청정용이나 여과용으로 한정한다)",U,1,2022-01-01
842139,80,3,기타,,0,
8421391000,80,4,가정형,U,1,2013-01-01
8421392000,80,4,제87류 차량의 배기가스 정화용,U,1,2013-01-01
84213990,80,4,기타,,0,
842139901,80,5,유해성 배기가스 처리용,,0,
8421399011,80,6,"스테인리스강제의 하우징을 갖추고, 내경이 1.3센티미터 이하인 관 구멍을 가진 주입구와 배출구를 갖춘 것",U,1,2022-01-01
8421399019,80,6,기타,U,1,2017-01-01
842139902,80,5,반도체 제조용,,0,
8421399021,80,6,"스테인리스강제의 하우징을 갖추고, 내경이 1.3센티미터 이하인 관 구멍을 가진 주입구와 배출구를 갖춘 것",U,1,2022-01-01
8421399029,80,6,기타,U,1,2017-01-01
8421399030,80,5,항공기용,U,1,2013-01-01
842139909,80,5,기타,,0,
8421399091,80,6,"스테인리스강제의 하우징을 갖추고, 내경이 1.3센티미터 이하인 관 구멍을 가진 주입구와 배출구를 갖춘 것",U,1,2022-01-01
8421399092,80,6,"기타, 헤파필터(공기중의 0.3마이크로미터 크기의 입자를 100분의 99.97 이상 포집할 수 있는 것)",U,1,2025-01-01
8421399099,80,6,기타,U,1,2017-01-01
84219,80,2,부분품,,0,
8421910000,80,3,원심분리기(원심탈수기를 포함한다)의 것,,1,2007-01-01
842199,80,3,기타,,0,
8421991000,80,4,제87류 차량의 배기가스정화기의 것,,1,2002-01-01
84219990,80,4,기타,,0,
8421999010,80,5,내연기관용의 여과기나 청정기의 것,,1,2017-01-01
842199902,80,5,정수기용 필터,,0,
8421999021,80,6,액체용의 여과기나 청정기(플루오르 중합체로 만든 것으로서 여과기나 청정기의 막 두께가 140마이크론 이하의 것으로 한정한다) 또는 스테인리스강의 하우징을 갖춘 기체용의 여과기나 청정기(내경이 1.3센티미터 이하인 관 구멍을 가진 주입구와 배출구를 갖춘 것으로 한정한다)의 것,,1,2022-01-01
8421999029,80,6,기타,,1,2017-01-01
842199903,80,5,반도체 제조용,,0,
8421999031,80,6,액체용의 여과기나 청정기(플루오르 중합체로 만든 것으로서 여과기나 청정기의 막 두께가 140마이크론 이하의 것으로 한정한다) 또는 스테인리스강의 하우징을 갖춘 기체용의 여과기나 청정기(내경이 1.3센티미터 이하인 관 구멍을 가진 주입구와 배출구를 갖춘 것으로 한정한다)의 것,,1,2022-01-01
8421999039,80,6,기타,,1,2017-01-01
842199909,80,5,기타,,0,
8421999091,80,6,액체용의 여과기나 청정기(플루오르 중합체로 만든 것으로서 여과기나 청정기의 막 두께가 140마이크론 이하의 것으로 한정한다) 또는 스테인리스강의 하우징을 갖춘 기체용의 여과기나 청정기(내경이 1.3센티미터 이하인 관 구멍을 가진 주입구와 배출구를 갖춘 것으로 한정한다)의 것,,1,2022-01-01
8421999099,80,6,기타,,1,2017-01-01
8422,80,1,"접시세척기, 병이나 그 밖의 용기의 세정용이나 건조용 기계, 병ㆍ깡통ㆍ상자ㆍ자루ㆍ그 밖의 용기의 충전용ㆍ봉함용ㆍ실링(sealing)용ㆍ레이블 부착용 기계, 병ㆍ단지ㆍ통과 이와 유사한 용기의 캡슐 부착(capsuling)용 기계, 그 밖의 포장기계(열수축 포장기계를 포함한다), 음료용 탄산가스 주입기",,0,
84221,80,2,접시세척기,,0,
8422110000,80,3,가정형,U,1,2013-01-01
8422190000,80,3,기타,U,1,2002-01-01
8422200000,80,2,병이나 그 밖의 용기의 세정용이나 건조용 기계,U,1,2013-01-01
842230,80,2,"병ㆍ깡통ㆍ상자ㆍ자루ㆍ그 밖의 용기의 충전용ㆍ봉함용ㆍ실링(sealing)용ㆍ레이블 부착용 기계, 병ㆍ단지ㆍ통과 이와 유사한 용기의 캡슐 부착(capsuling)용 기계, 음료용 탄산가스 주입기",,0,
8422301000,80,3,병이나 그 밖의 용기의 충전용 기계,U,1,2013-01-01
8422302000,80,3,병이나 그 밖의 용기의 봉함용ㆍ 봉지용 기계,U,1,2013-01-01
8422303000,80,3,병이나 그 밖의 용기의 캡슐 취부용ㆍ레이블 첨부용 기계,U,1,2013-01-01
8422304000,80,3,음료용 탄산가스주입기,U,1,2002-01-01
8422309000,80,3,기타,U,1,2002-01-01
842240,80,2,그 밖의 포장기계(열수축 포장기계를 포함한다),,0,
8422404000,80,3,열수축포장기계,U,1,2002-01-01
84224090,80,3,기타,,0,
8422409010,80,4,자동포장기계,U,1,2012-01-01
8422409020,80,4,자동결속기,U,1,2002-01-01
8422409030,80,4,진공포장기,U,1,2002-01-01
8422409090,80,4,기타,U,1,2002-01-01
842290,80,2,부분품,,0,
8422901000,80,3,접시세척기의 것,,1,2002-01-01
8422902000,80,3,그 밖의 포장기계의 것,,1,2013-01-01
8422909000,80,3,기타,,1,2002-01-01
8423,80,1,"중량 측정기기[감량(感量)이 50밀리그램 이하인 저울은 제외하며, 중량측정식 계수기와 검사기를 포함한다]와 각종 저울 추",,0,
8423100000,80,2,체중기(유아용 저울을 포함한다)와 가정형 저울,U,1,2013-01-01
842320,80,2,컨베이어용 연속계량식 저울,,0,
8423201000,80,3,컨베이어 스케일,U,1,2002-01-01
8423202000,80,3,피드미터(feed meter)ㆍ피드웨이어(feed weigher),U,1,2013-01-01
8423209000,80,3,기타,U,1,2002-01-01
842330,80,2,정량저울과 설정된 양의 재료를 포대나 용기에 주입하기 위한 저울[호퍼스케일(hopper scale)을 포함한다],,0,
8423301000,80,3,중량 측정에 전자적 방법을 이용하는 것,U,1,2017-01-01
8423309000,80,3,기타,U,1,2017-01-01
84238,80,2,그 밖의 중량 측정기기,,0,
842381,80,3,최대 측정용량이 30킬로그램 이하인 것,,0,
8423811000,80,4,중량 측정에 전자적 방법을 이용하는 것,U,1,2017-01-01
8423819000,80,4,기타,U,1,2017-01-01
842382,80,3,"최대 측정용량이 30킬로그램 초과 5,000킬로그램 이하인 것",,0,
8423821000,80,4,중량 측정에 전자적 방법을 이용하는 것(자동차중량측정용 기기는 제외한다),U,1,2017-01-01
8423829000,80,4,기타,U,1,2017-01-01
842389,80,3,기타,,0,
84238910,80,4,트럭 스케일,,0,
8423891010,80,5,중량 측정에 전자적 방법을 이용하는 것,U,1,2022-01-01
8423891090,80,5,기타,U,1,2022-01-01
84238990,80,4,기타,,0,
8423899010,80,5,중량 측정에 전자적 방법을 이용하는 것,U,1,2017-01-01
8423899090,80,5,기타,U,1,2017-01-01
842390,80,2,각종 저울 추와 저울 부분품,,0,
84239010,80,3,저울 추,,0,
842390101,80,4,정확도 등급을 가진 분동,,0,
8423901011,80,5,중량 측정에 전자적 방법을 이용하는 것(자동차중량측정용 기기의 부분품은 제외한다),,1,2017-01-01
8423901019,80,5,기타,,1,2017-01-01
842390109,80,4,기타,,0,
8423901091,80,5,중량 측정에 전자적 방법을 이용하는 것(자동차중량측정용 기기의 부분품은 제외한다),,1,2017-01-01
8423901099,80,5,기타,,1,2017-01-01
84239090,80,3,저울의 부분품,,0,
8423909010,80,4,중량 측정에 전자적 방법을 이용하는 것(자동차중량측정용 기기의 부분품은 제외한다),,1,2017-01-01
8423909090,80,4,기타,,1,2017-01-01
8424,80,1,"액체나 가루의 분사용ㆍ살포용ㆍ분무용 기기(수동식인지에 상관없다), 소화기(소화제를 충전한 것인지에 상관없다), 스프레이건과 이와 유사한 기기, 증기나 모래의 분사기와 이와 유사한 제트분사기",,0,
8424100000,80,2,소화기(소화제를 충전한 것인지에 상관없다),U,1,2013-01-01
842420,80,2,스프레이건과 이와 유사한 기기,,0,
8424201000,80,3,스프레이건,U,1,2013-01-01
84242020,80,3,도장기,,0,
8424202010,80,4,로봇형,U,1,2022-01-01
8424202090,80,4,기타,U,1,2002-01-01
8424209000,80,3,기타,U,1,2002-01-01
842430,80,2,증기나 모래의 분사기와 이와 유사한 제트분사기,,0,
8424301000,80,3,증기나 모래의 분사기,U,1,2013-01-01
8424302000,80,3,고압증기 세척기,U,1,2002-01-01
8424309000,80,3,기타,U,1,2002-01-01
84244,80,2,농업용 또는 원예용 방제기,,0,
8424410000,80,3,휴대용 방제기,U,1,2017-01-01
842449,80,3,기타,,0,
8424491000,80,4,자주식(自走式) 방제기,U,1,2017-01-01
8424499000,80,4,기타,U,1,2017-01-01
84248,80,2,그 밖의 기기,,0,
8424820000,80,3,농업용이나 원예용,U,1,2017-01-01
842489,80,3,기타,,0,
8424891000,80,4,반도체 제조에 전용 또는 주로 사용되는 종류의 것,U,1,2013-01-01
8424892000,80,4,인쇄회로기판이나 인쇄회로 제조에 전용 또는 주로 사용되는 종류의 것,U,1,2017-01-01
8424899000,80,4,기타,U,1,2002-01-01
842490,80,2,부분품,,0,
8424901000,80,3,소화기의 것,,1,2002-01-01
8424902000,80,3,스프레이건의 것,,1,2013-01-01
8424903000,80,3,방제기의 것,,1,2002-01-01
84249090,80,3,기타,,0,
8424909010,80,4,반도체 제조에 전용 또는 주로 사용되는 종류의 것,,1,2013-01-01
8424909020,80,4,인쇄회로기판이나 인쇄회로 제조에 전용 또는 주로 사용되는 종류의 것,,1,2017-01-01
8424909090,80,4,기타,,1,2002-01-01
8425,80,1,"풀리 태클(Pulley tackle)과 호이스트(hoist)[스킵호이스트(skip hoist)는 제외한다], 윈치(winch)와 캡스턴(capstan), 잭(jack)",,0,
84251,80,2,풀리 태클(Pulley tackle)과 호이스트(hoist)[스킵호이스트(skip hoist)나 차량을 들어 올리는 데에 사용하는 호이스트(hoist)는 제외한다],,0,
842511,80,3,전동식,,0,
84251110,80,4,양하중량이 10메트릭톤 이하인 것,,0,
8425111010,80,5,체인블록,U,1,2002-01-01
8425111090,80,5,기타,U,1,2002-01-01
84251120,80,4,양하중량이 10메트릭톤을 초과하는 것,,0,
8425112010,80,5,체인블록,U,1,2002-01-01
8425112090,80,5,기타,U,1,2002-01-01
8425190000,80,3,기타,U,1,2002-01-01
84253,80,2,윈치(winch)와 캡스턴(capstan),,0,
842531,80,3,전동식,,0,
8425311000,80,4,갱구용 와인딩 기어와 윈치(winch)(지하에서 사용할 수 있도록 특수설계 제작된 것으로 한정한다),U,1,2013-01-01
8425319000,80,4,기타,U,1,2007-01-01
842539,80,3,기타,,0,
8425391000,80,4,갱구용 와인딩 기어와 윈치(winch)(지하에서 사용할 수 있도록 특수설계 제작된 것으로 한정한다),U,1,2013-01-01
8425399000,80,4,기타,U,1,2007-01-01
84254,80,2,잭(jack)과 차량을 들어 올리는 데에 사용하는 호이스트(hoist),,0,
8425410000,80,3,차고용 고정식 재킹시스템(jacking system),U,1,2013-01-01
842542,80,3,그 밖의 잭(jack)과 호이스트(hoist)(액압식으로 한정한다),,0,
8425421000,80,4,양하중량이 10메트릭톤 이하인 것,U,1,2002-01-01
8425422000,80,4,양하중량이 10메트릭톤을 초과하는 것,U,1,2002-01-01
842549,80,3,기타,,0,
8425491000,80,4,양하중량이 10메트릭톤 이하인 것,U,1,2002-01-01
8425492000,80,4,양하중량이 10메트릭톤을 초과하는 것,U,1,2002-01-01
8426,80,1,"선박의 데릭(derrick), 크레인(케이블크레인을 포함한다), 이동식 양하대ㆍ스트래들 캐리어(straddle carrier), 크레인이 결합된 작업트럭",,0,
84261,80,2,천장주행 크레인ㆍ트랜스포터 크레인ㆍ갠트리 크레인(gantry crane)ㆍ교각(橋脚)형 크레인ㆍ이동식 양하대ㆍ스트래들 캐리어(straddle carrier),,0,
8426110000,80,3,고정식 천장주행 크레인,U,1,2013-01-01
842612,80,3,타이어가 달린 이동식 양하대와 스트래들 캐리어(straddle carrier),,0,
8426121000,80,4,타이어가 달린 이동식 양하대,U,1,2002-01-01
8426122000,80,4,스트래들 캐리어(straddle carrier),U,1,2013-01-01
8426190000,80,3,기타,U,1,2002-01-01
8426200000,80,2,타워크레인(tower crane),U,1,2013-01-01
842630,80,2,문형이나 정치형 지브 크레인(jib crane),,0,
8426301000,80,3,문형 크레인,U,1,2002-01-01
8426302000,80,3,정치형 지브 크레인(jib crane),U,1,2013-01-01
84264,80,2,그 밖의 기계[자주식(自走式)으로 한정한다],,0,
8426410000,80,3,타이어가 달린 것,U,1,2002-01-01
842649,80,3,기타,,0,
8426491000,80,4,신축붐식(telescopic boom type),U,1,2013-01-01
8426492000,80,4,앵글식(latticed boom type),U,1,2013-01-01
8426499000,80,4,기타,U,1,2002-01-01
84269,80,2,그 밖의 기계,,0,
8426910000,80,3,도로주행 차량에 장착하도록 제작된 것,U,1,2013-01-01
842699,80,3,기타,,0,
8426991000,80,4,선박의 데릭(derrick),U,1,2022-01-01
8426999000,80,4,기타,U,1,2002-01-01
8427,80,1,"포크리프트트럭(fork-lift truck), 그 밖의 작업트럭[권양(捲揚)용이나 취급용 장비가 결합된 것으로 한정한다]",,0,
842710,80,2,전동기로 구동되는 자주식(自走式) 트럭,,0,
84271010,80,3,카운트 밸런스식의 것,,0,
8427101010,80,4,신품,U,1,2014-01-01
8427101020,80,4,중고품,U,1,2014-01-01
84271020,80,3,카운트 밸런스식이 아닌 것,,0,
8427102010,80,4,신품,U,1,2014-01-01
8427102020,80,4,중고품,U,1,2014-01-01
8427103000,80,3,무인운반로봇(A.G.V.),U,1,2022-01-01
842720,80,2,그 밖의 자주식(自走式) 작업트럭,,0,
84272010,80,3,포크리프트 트럭,,0,
842720101,80,4,적재중량이 3톤 이하인 것,,0,
8427201011,80,5,신품,U,1,2014-01-01
8427201012,80,5,중고품,U,1,2014-01-01
842720102,80,4,적재중량이 3톤을 초과하는 것,,0,
8427201021,80,5,신품,U,1,2014-01-01
8427201022,80,5,중고품,U,1,2014-01-01
8427209000,80,3,기타,U,1,2002-01-01
842790,80,2,그 밖의 작업트럭,,0,
8427901000,80,3,수동식 팰릿(pallet) 트럭,U,1,2022-01-01
8427909000,80,3,기타,U,1,2002-01-01
8428,80,1,그 밖의 권양(捲揚)용ㆍ취급용ㆍ적하용ㆍ양하용 기계류[예: 리프트ㆍ에스컬레이터ㆍ컨베이어ㆍ텔레페릭(teleferic)],,0,
842810,80,2,리프트와 스킵호이스트(skip hoist),,0,
8428101000,80,3,리프트,U,1,2002-01-01
8428102000,80,3,스킵호이스트(skip hoist),U,1,2013-01-01
842820,80,2,압축공기식 엘리베이터와 컨베이어,,0,
8428201000,80,3,압축공기식 엘리베이터,U,1,2022-01-01
8428202000,80,3,압축공기식 컨베이어,U,1,2022-01-01
84283,80,2,그 밖의 연속작동(continuous-action)식 물품용이나 재료용 엘리베이터와 컨베이어,,0,
8428310000,80,3,지하 작업용으로 특수 설계된 것,U,1,2013-01-01
8428320000,80,3,그 밖의 버켓형,U,1,2013-01-01
842833,80,3,그 밖의 벨트형,,0,
84283310,80,4,엘리베이터,,0,
8428331010,80,5,분당 속도가 240미터 미만인 것,U,1,2022-01-01
8428331020,80,5,분당 속도가 240미터 이상인 것,U,1,2022-01-01
8428332000,80,4,컨베이어,U,1,2002-01-01
8428390000,80,3,기타,U,1,2007-01-01
842840,80,2,에스컬레이터와 무빙 워크웨이(moving walkway),,0,
8428401000,80,3,에스컬레이터,U,1,2002-01-01
8428402000,80,3,무빙 워크웨이(moving walkway),U,1,2013-01-01
8428600000,80,2,텔레페릭(teleferic)ㆍ의자 양하기ㆍ스키용 드래그라인(dragline)ㆍ퓨니쿨러(funicular)용 견인장치,U,1,2013-01-01
842870,80,2,산업용 로봇,,0,
8428701000,80,3,적재용 로봇(소호 제8479.50호의 것은 제외한다),U,1,2022-01-01
8428702000,80,3,무인운반로봇(제8427호의 것을 제외한다),U,1,2022-01-01
8428709000,80,3,기타,U,1,2022-01-01
842890,80,2,그 밖의 기계,,0,
8428901000,80,3,광산용 왜건푸셔ㆍ기관차ㆍ화차의 트레버서ㆍ화차 경사기나 이와 유사한 철도화차 취급 장비,U,1,2013-01-01
8428902000,80,3,실내 서빙로봇,U,1,2025-01-01
8428903000,80,3,실외 배송로봇,U,1,2025-01-01
8428909000,80,3,기타,U,1,2007-01-01
8429,80,1,자주식(自走式) 불도저(bulldozer)ㆍ앵글도저(angledozer)ㆍ그레이더(grader)ㆍ레벨러(leveller)ㆍ스크레이퍼(scraper)ㆍ메커니컬셔블(mechanical shovel)ㆍ엑스커베이터(excavator)ㆍ셔블로더(shovel loader)ㆍ탬핑머신(tamping machine)ㆍ로드롤러(road roller),,0,
84291,80,2,불도저(bulldozer)ㆍ앵글도저(angledozer),,0,
842911,80,3,무한궤도식,,0,
8429111000,80,4,불도저(bulldozer),U,1,2014-01-01
8429112000,80,4,앵글도저(angledozer),U,1,2013-01-01
8429190000,80,3,기타,U,1,2002-01-01
8429200000,80,2,그레이더(grader)와 레벨러(leveller),U,1,2013-01-01
8429300000,80,2,스크레이퍼(scraper),U,1,2022-01-01
842940,80,2,탬핑머신(tamping machine)과 로드롤러(road roller),,0,
8429401000,80,3,탬핑머신(tamping machine),U,1,2013-01-01
8429402000,80,3,로드롤러(road roller),U,1,2013-01-01
84295,80,2,메커니컬셔블(mechanical shovel)과 엑스커베이터(excavator)ㆍ셔블로더(shovel loader),,0,
842951,80,3,프론트엔드 셔블로더(front-end shovel loader),,0,
84295110,80,4,휠 타입,,0,
842951101,80,5,휠 로더,,0,
8429511011,80,6,신품,U,1,2014-01-01
8429511012,80,6,중고품,U,1,2014-01-01
842951102,80,5,백호우 로더,,0,
8429511021,80,6,신품,U,1,2014-01-01
8429511022,80,6,중고품,U,1,2014-01-01
842951103,80,5,스키드스티어 로더,,0,
8429511031,80,6,신품,U,1,2014-01-01
8429511032,80,6,중고품,U,1,2014-01-01
842951109,80,5,기타,,0,
8429511091,80,6,신품,U,1,2014-01-01
8429511092,80,6,중고품,U,1,2014-01-01
8429519000,80,4,기타,U,1,2002-01-01
842952,80,3,360도 회전의 상부구조를 가진 기계,,0,
84295210,80,4,엑스커베이터(excavator),,0,
842952101,80,5,휠 타입,,0,
8429521011,80,6,신품,U,1,2014-01-01
8429521012,80,6,중고품,U,1,2014-01-01
842952102,80,5,무한궤도식,,0,
8429521021,80,6,신품,U,1,2014-01-01
8429521022,80,6,중고품,U,1,2014-01-01
8429521090,80,5,기타,U,1,2002-01-01
8429529000,80,4,기타,U,1,2002-01-01
8429590000,80,3,기타,U,1,2017-01-01
8430,80,1,"그 밖의 이동용ㆍ정지(整地)용ㆍ지균(地均)용ㆍ스크래핑(scraping)용ㆍ굴착용ㆍ탬핑(tamping)용ㆍ콤팩팅(compacting)용ㆍ채굴용ㆍ천공용 기계(토양용ㆍ광석용ㆍ광물용으로 한정한다), 항타기와 항발기, 스노플라우(snow-plough)와 스노블로어(snow-blower)",,0,
8430100000,80,2,항타기(杭打機)와 항발기(抗拔機),U,1,2013-01-01
8430200000,80,2,스노플라우(snow-plough)와 스노블로어(snow-blower),U,1,2013-01-01
84303,80,2,석탄이나 암석 절단기와 터널 뚫는 기계,,0,
8430310000,80,3,자주식(自走式),U,1,2013-01-01
8430390000,80,3,기타,U,1,2002-01-01
84304,80,2,그 밖의 천공용이나 시굴용 기계,,0,
843041,80,3,자주식(自走式),,0,
8430411000,80,4,천공용 기계,U,1,2002-01-01
8430412000,80,4,시굴용 기계,U,1,2002-01-01
843049,80,3,기타,,0,
8430491000,80,4,시추기,U,1,2002-01-01
8430499000,80,4,기타,U,1,2002-01-01
8430500000,80,2,그 밖의 기계[자주식(自走式)으로 한정한다],U,1,2013-01-01
84306,80,2,그 밖의 기계[자주식(自走式)이 아닌 것으로 한정한다],,0,
8430610000,80,3,탬핑(tamping)용이나 콤팩팅(compacting)용 기계,U,1,2013-01-01
8430690000,80,3,기타,U,1,2002-01-01
8431,80,1,제8425호부터 제8430호까지의 기계에 전용되거나 주로 사용되는 부분품,,0,
8431100000,80,2,제8425호의 기계의 것,,1,2002-01-01
8431200000,80,2,제8427호의 기계의 것,,1,2002-01-01
84313,80,2,제8428호의 기계의 것,,0,
8431310000,80,3,리프트ㆍ스킵호이스트(skip hoist)ㆍ에스컬레이터의 것,,1,2013-01-01
8431390000,80,3,기타,,1,2007-01-01
84314,80,2,제8426호ㆍ제8429호ㆍ제8430호의 기계의 것,,0,
843141,80,3,버켓(bucket)ㆍ셔블(shovel)ㆍ그랩(grab)과 그립(grip),,0,
8431411000,80,4,엑스커베이터(excavator)의 것,,1,2013-01-01
8431419000,80,4,기타,,1,2002-01-01
8431420000,80,3,불도저(bulldozer)나 앵글도저(angledozer)의 블레이드(blade),,1,2013-01-01
8431430000,80,3,소호 제8430.41호나 제8430.49호의 천공용이나 시굴용 기계의 부분품,,1,2013-01-01
843149,80,3,기타,,0,
8431491000,80,4,유압브레이커,,1,2013-01-01
8431492000,80,4,크러셔(crusher),,1,2013-01-01
8431499000,80,4,기타,,1,2002-01-01
8432,80,1,농업용ㆍ원예용ㆍ임업용 기계(토양 정리용이나 경작용으로 한정한다)와 잔디용이나 운동장용 롤러,,0,
8432100000,80,2,플라우(쟁기),U,1,2002-01-01
84322,80,2,하로우(쇄토기)ㆍ스카리파이어ㆍ컬티베이터(중경기)ㆍ제초기와 호우,,0,
8432210000,80,3,디스크 하로우(쇄토기),U,1,2002-01-01
843229,80,3,기타,,0,
8432291000,80,4,스카리파이어,U,1,2002-01-01
8432292000,80,4,제초기,U,1,2002-01-01
8432299000,80,4,기타,U,1,2002-01-01
84323,80,2,파종기ㆍ식부기(植付機)ㆍ이식기,,0,
8432310000,80,3,무경간(無耕墾) 직접 농법용 파종기ㆍ식부기(植付機)ㆍ이식기,U,1,2017-01-01
843239,80,3,기타,,0,
8432391000,80,4,파종기,U,1,2017-01-01
8432392000,80,4,식부기(植付機)ㆍ이식기(이앙기를 포함한다),U,1,2022-01-01
84324,80,2,퇴비 살포기와 비료 살포기,,0,
8432410000,80,3,퇴비 살포기,U,1,2017-01-01
8432420000,80,3,비료 살포기,U,1,2017-01-01
8432800000,80,2,그 밖의 기계,U,1,2013-01-01
843290,80,2,부분품,,0,
8432901000,80,3,플라우(쟁기)의 것,,1,2002-01-01
8432902000,80,3,자동경운기의 것,,1,2002-01-01
8432909000,80,3,기타,,1,2002-01-01
8433,80,1,"수확기나 탈곡기(짚이나 건초 결속기를 포함한다), 풀 베는 기계, 새의 알ㆍ과실이나 그 밖의 농산물의 세정기ㆍ분류기ㆍ선별기(제8437호의 기계는 제외한다)",,0,
84331,80,2,공원이나 운동장의 잔디 깎는 기계,,0,
8433110000,80,3,동력식(수평으로 회전하는 절단장치를 갖춘 것으로 한정한다),U,1,2013-01-01
8433190000,80,3,기타,U,1,2002-01-01
8433200000,80,2,그 밖의 풀 베는 기계[트랙터 장착용 커터바(cutter bar)를 포함한다],U,1,2013-01-01
8433300000,80,2,그 밖의 건초제조용 기계,U,1,2013-01-01
8433400000,80,2,짚이나 건초 결속기[픽업(pick-up)결속기를 포함한다],U,1,2013-01-01
84335,80,2,그 밖의 수확기와 탈곡기,,0,
8433510000,80,3,수확ㆍ탈곡 겸용기,U,1,2002-01-01
8433520000,80,3,그 밖의 탈곡기,U,1,2013-01-01
8433530000,80,3,구경(球莖)이나 괴경(塊莖)의 수확기[근채(根菜) 수확기],U,1,2013-01-01
8433590000,80,3,기타,U,1,2002-01-01
843360,80,2,새의 알ㆍ과실이나 그 밖의 농산물의 세정기ㆍ분류기ㆍ선별기,,0,
8433601000,80,3,새의 알 선별기,U,1,2013-01-01
84336090,80,3,기타,,0,
8433609010,80,4,농산물 선별기,U,1,2002-01-01
8433609090,80,4,기타,U,1,2002-01-01
843390,80,2,부분품,,0,
8433901000,80,3,수확ㆍ탈곡 겸용기의 것,,1,2002-01-01
8433902000,80,3,풀베는 기계의 것,,1,2012-01-01
8433909000,80,3,기타,,1,2002-01-01
8434,80,1,착유기와 낙농기계,,0,
8434100000,80,2,착유기,U,1,2002-01-01
843420,80,2,낙농기계,,0,
8434201000,80,3,균질기,U,1,2002-01-01
8434209000,80,3,기타,U,1,2002-01-01
843490,80,2,부분품,,0,
8434901000,80,3,착유기의 것,,1,2002-01-01
8434902000,80,3,균질기의 것,,1,2002-01-01
8434909000,80,3,기타,,1,2002-01-01
8435,80,1,포도주ㆍ사과술ㆍ과실주스나 이와 유사한 음료의 제조에 사용되는 프레스(press)ㆍ크러셔(crusher)와 이와 유사한 기계,,0,
843510,80,2,기계,,0,
8435101000,80,3,과실주스 추출용 프레스(press),U,1,2014-01-01
8435102000,80,3,과실주스 추출용 크러셔(crusher),U,1,2014-01-01
8435109000,80,3,기타,U,1,2002-01-01
8435900000,80,2,부분품,,1,2002-01-01
8436,80,1,그 밖의 농업용ㆍ원예용ㆍ임업용ㆍ가금(家禽) 사육용ㆍ양봉용 기계(기계장치나 가열장치를 갖춘 발아용 기기를 포함한다)와 가금(家禽)의 부란기와 양육기,,0,
843610,80,2,동물사료 조제용 기계,,0,
8436101000,80,3,사료절단기,U,1,2002-01-01
8436102000,80,3,사료분쇄기,U,1,2002-01-01
8436103000,80,3,사료배합기,U,1,2002-01-01
8436109000,80,3,기타,U,1,2002-01-01
84362,80,2,"가금(家禽) 사육용 기계, 가금(家禽)의 부란기와 양육기",,0,
843621,80,3,가금(家禽)의 부란기와 양육기,,0,
8436211000,80,4,부란기,U,1,2002-01-01
8436219000,80,4,기타,U,1,2002-01-01
8436290000,80,3,기타,U,1,2002-01-01
8436800000,80,2,그 밖의 기계,U,1,2013-01-01
84369,80,2,부분품,,0,
8436910000,80,3,가금(家禽) 사육용 기계나 가금(家禽)의 부란기와 양육기의 것,,1,2013-01-01
8436990000,80,3,기타,,1,2002-01-01
8437,80,1,"종자ㆍ곡물ㆍ건조한 채두류(菜豆類)의 세정기ㆍ분류기ㆍ선별기, 제분업용 기계나 곡물ㆍ건조한 채두류(菜豆類)의 가공기계(농장형은 제외한다)",,0,
843710,80,2,종자ㆍ곡물ㆍ건조한 채두류(菜豆類)의 세정기ㆍ분류기ㆍ선별기,,0,
8437101000,80,3,목초종자 정선기,U,1,2002-01-01
8437109000,80,3,기타,U,1,2002-01-01
843780,80,2,그 밖의 기계,,0,
8437801000,80,3,제분업용 기계,U,1,2002-01-01
8437802000,80,3,곡물이나 건조한 채두류(菜豆類)의 가공용,U,1,2013-01-01
843790,80,2,부분품,,0,
8437901000,80,3,종자ㆍ곡물이나 건조한 채두류(菜豆類)의 세정기ㆍ분류기ㆍ선별기용의 것,,1,2013-01-01
8437909000,80,3,기타,,1,2002-01-01
8438,80,1,"식품 또는 음료의 조제ㆍ제조 산업용 기계(이 류에 따로 분류되지 않은 것으로 한정하며, 동물성 또는 비휘발성인 식물성ㆍ미생물성 지방이나 기름의 추출용이나 조제용 기계는 제외한다)",,0,
843810,80,2,베이커리 기계와 마카로니ㆍ스파게티ㆍ그 밖에 이와 유사한 식품의 제조용 기계,,0,
8438101000,80,3,베이커리 기계,U,1,2002-01-01
8438109000,80,3,기타,U,1,2002-01-01
8438200000,80,2,과자ㆍ코코아ㆍ초콜릿 제조용 기계,U,1,2013-01-01
8438300000,80,2,설탕 제조용 기계,U,1,2002-01-01
8438400000,80,2,양조용 기계,U,1,2002-01-01
843850,80,2,육류나 가금(家禽)육의 조제용 기계,,0,
8438501000,80,3,육류 조제용 기계,U,1,2002-01-01
8438509000,80,3,기타,U,1,2002-01-01
8438600000,80,2,과실ㆍ견과ㆍ채소의 조제용 기계,U,1,2013-01-01
843880,80,2,그 밖의 기계,,0,
8438801000,80,3,어패류 조제용 기계,U,1,2022-01-01
8438809000,80,3,기타,U,1,2002-01-01
8438900000,80,2,부분품,,1,2002-01-01
8439,80,1,섬유소 펄프의 제조용 기계와 종이ㆍ판지의 제조용이나 완성가공용 기계,,0,
8439100000,80,2,섬유소 펄프의 제조용 기계,U,1,2022-01-14
843920,80,2,종이ㆍ판지의 제조용 기계,,0,
8439201000,80,3,초지 준비기,U,1,2002-01-01
8439202000,80,3,초지기,U,1,2002-01-01
8439209000,80,3,기타,U,1,2002-01-01
843930,80,2,종이ㆍ판지의 완성가공용 기계,,0,
8439301000,80,3,종이ㆍ판지를 감는 기계,U,1,2013-01-01
8439302000,80,3,표면 가공기,U,1,2002-01-01
8439303000,80,3,침투 가공기,U,1,2002-01-01
8439309000,80,3,기타,U,1,2002-01-01
84399,80,2,부분품,,0,
8439910000,80,3,섬유소 펄프 제조용 기계의 것,,1,2002-01-01
8439990000,80,3,기타,,1,2002-01-01
8440,80,1,제본기계(제본용 재봉기를 포함한다),,0,
844010,80,2,기계,,0,
8440101000,80,3,제본용 재봉기,U,1,2002-01-01
8440102000,80,3,제본용 접는 기계,U,1,2002-01-01
8440109000,80,3,기타,U,1,2002-01-01
844090,80,2,부분품,,0,
8440901000,80,3,제본용 재봉기의 것,,1,2002-01-01
8440909000,80,3,기타,,1,2002-01-01
8441,80,1,그 밖의 제지용 펄프ㆍ종이ㆍ판지의 가공기계(각종 절단기를 포함한다),,0,
8441100000,80,2,절단기,U,1,2002-01-01
844120,80,2,종이백ㆍ봉지ㆍ봉투 제조용 기계,,0,
8441201000,80,3,종이백ㆍ봉지 제조용 기계,U,1,2003-01-01
8441202000,80,3,봉투 제조기,U,1,2002-01-01
8441300000,80,2,카톤(carton)ㆍ박스ㆍ케이스ㆍ튜브ㆍ드럼ㆍ그 밖에 이와 유사한 용기의 제조기계[몰딩(moulding)으로 하는 것은 제외한다],U,1,2013-01-01
8441400000,80,2,제지용 펄프ㆍ종이ㆍ판지 제품의 몰딩(moulding)용 기계,U,1,2013-01-01
844180,80,2,그 밖의 기계,,0,
8441801000,80,3,종이ㆍ판지의 트리밍기,U,1,2022-01-01
8441809000,80,3,기타,U,1,2002-01-01
8441900000,80,2,부분품,,1,2002-01-01
8442,80,1,"플레이트ㆍ실린더나 그 밖의 인쇄용 구성 부품의 조제용이나 제조용 기계류ㆍ장치ㆍ장비(제8456호부터 제8465호까지의 기계는 제외한다), 플레이트ㆍ실린더와 그 밖의 인쇄용 구성 부품, 인쇄용으로 조제가공[예: 평삭(平削)ㆍ그레인ㆍ연마]한 플레이트ㆍ실린더와 석판석",,0,
8442300000,80,2,기계류ㆍ장치ㆍ장비,,1,2022-01-01
8442400000,80,2,위의 기계류ㆍ장치ㆍ장비의 부분품,,1,2022-01-01
8442500000,80,2,"플레이트ㆍ실린더와 그 밖의 인쇄용 구성부품, 인쇄용으로 조제가공[예: 평삭(平削)ㆍ그레인ㆍ연마]한 플레이트ㆍ실린더와 석판석",,1,2013-01-01
8443,80,1,"제8442호의 플레이트ㆍ실린더와 그 밖의 인쇄용 구성 부품을 사용하는 인쇄기, 그 밖의 인쇄기ㆍ복사기ㆍ팩시밀리(함께 조합되었는지에 상관없다), 이들의 부분품과 부속품",,0,
84431,80,2,제8442호의 플레이트ㆍ실린더와 그 밖의 인쇄용 구성 부품을 사용하는 인쇄기,,0,
8443110000,80,3,오프셋(offset) 인쇄기계[릴(reel) 공급식으로 한정한다],U,1,2022-01-01
8443120000,80,3,"오프셋(offset) 인쇄기계[사무실용 시트(sheet) 공급식으로 접지 않은 상태에서 한 변이 22센티미터 이하, 다른 변이 36센티미터 이하인 시트(sheet)를 사용하는 것으로 한정한다]",U,1,2022-01-01
8443130000,80,3,그 밖의 오프셋(offset) 인쇄기계,U,1,2013-01-01
8443140000,80,3,활판인쇄용 기계[릴(reel) 공급식의 것으로 곡면인쇄용은 제외한다],U,1,2022-01-01
8443150000,80,3,활판인쇄용 기계[릴(reel) 공급식 외의 것으로 곡면인쇄용은 제외한다],U,1,2022-01-01
8443160000,80,3,곡면인쇄용 기계,U,1,2007-01-01
8443170000,80,3,그라비어(gravure) 인쇄용 기계,U,1,2013-01-01
844319,80,3,기타,,0,
8443191000,80,4,직물날염기,U,1,2007-01-01
8443192000,80,4,"그 밖의 직물, 가죽, 벽지, 포장지, 리놀륨 등의 재료에 동일한 모양이나 문자를 반복하여 인쇄하거나 지색을 인쇄하는 인쇄기",U,1,2022-01-01
8443199000,80,4,기타,U,1,2007-01-01
84433,80,2,그 밖의 인쇄기ㆍ복사기ㆍ팩시밀리(함께 조합되었는지에 상관없다),,0,
844331,80,3,"자동자료처리기계나 네트워크로 연결되며, 인쇄ㆍ복사ㆍ팩시밀리 전송의 기능 중 둘 이상의 기능을 수행하는 기계",,0,
84433110,80,4,"프린터(복사, 팩시밀리 전송기능 중 하나 이상의 기능을 수행하는 것으로 한정한다)",,0,
8443311010,80,5,레이저 프린터,U,1,2007-01-01
8443311020,80,5,도트 프린터,U,1,2007-01-01
8443311030,80,5,잉크젯 프린터,U,1,2007-01-01
8443311090,80,5,기타,U,1,2007-01-01
8443313000,80,4,"복사기(프린터, 팩시밀리 전송기능 중 하나 이상의 기능을 수행하는 것으로 한정한다)",U,1,2022-01-01
8443319000,80,4,기타,U,1,2022-01-01
844332,80,3,자동자료처리기계나 네트워크로 연결되는 그 밖의 기기,,0,
84433210,80,4,프린터,,0,
8443321010,80,5,레이저 프린터,U,1,2007-01-01
8443321020,80,5,도트 프린터,U,1,2007-01-01
8443321030,80,5,잉크젯 프린터,U,1,2007-01-01
8443321090,80,5,기타,U,1,2007-01-01
8443324000,80,4,복사기,U,1,2022-01-01
8443329000,80,4,기타,U,1,2022-01-01
844339,80,3,기타,,0,
84433910,80,4,잉크젯방식 인쇄기,,0,
8443391010,80,5,반도체 제조용,U,1,2013-01-01
8443391090,80,5,기타,U,1,2007-01-01
8443392000,80,4,복사기,U,1,2022-01-01
8443399000,80,4,기타,U,1,2007-01-01
84439,80,2,부분품과 부속품,,0,
844391,80,3,제8442호의 플레이트ㆍ실린더와 그 밖의 인쇄용 구성 부품을 사용하는 인쇄기의 부분품과 부속품,,0,
84439110,80,4,인쇄보조용 기계,,0,
8443911010,80,5,자동급지기,U,1,2007-01-01
8443911020,80,5,"접기용, 풀칠용, 천공용, 지철용의 기계",U,1,2013-01-01
8443911090,80,5,기타,U,1,2007-01-01
8443919000,80,4,기타,U,1,2007-01-01
844399,80,3,기타,,0,
8443991000,80,4,프린터의 것,U,1,2022-01-01
84439940,80,4,사진식 복사기(광학기구를 갖춘 것이나 밀착식으로 한정한다)나 열식 복사기의 것,,0,
8443994010,80,5,자동 문서공급기,U,1,2007-01-01
8443994020,80,5,종이공급기,U,1,2013-01-01
8443994030,80,5,분류기,U,1,2007-01-01
8443994090,80,5,기타,U,1,2017-01-01
8443999000,80,4,기타,U,1,2007-01-01
8444,80,1,인조섬유의 방사(紡絲)용ㆍ늘림(drawing)용ㆍ텍스처(texture)용ㆍ절단용 기계,,0,
844400,80,2,인조섬유의 방사(紡絲)용ㆍ늘림(drawing)용ㆍ텍스처(texture)용ㆍ절단용 기계,,0,
8444001000,80,3,방사(紡絲)기,U,1,2013-01-01
8444002000,80,3,연신(drawing)기,U,1,2013-01-01
8444003000,80,3,텍스처(texture)기,U,1,2013-01-01
8444009000,80,3,기타,U,1,2002-01-01
8445,80,1,"방적준비기계, 방적기ㆍ합사기(合絲機)ㆍ연사기(撚絲機)와 그 밖의 방직사 제조기계, 권사기(捲絲機)[위권기(緯捲機)를 포함한다]와 제8446호나 제8447호의 기계에 사용되는 방직사를 제조하는 기계와 준비기계",,0,
84451,80,2,방적준비기계,,0,
8445110000,80,3,카드기(carding machine),U,1,2013-01-01
8445120000,80,3,코밍기(combing machine),U,1,2013-01-01
8445130000,80,3,연조기나 조방기,U,1,2013-01-01
844519,80,3,기타,,0,
8445191000,80,4,혼타면기,U,1,2002-01-01
8445199000,80,4,기타,U,1,2002-01-01
844520,80,2,방적기계,,0,
84452010,80,3,면방용,,0,
8445201010,80,4,정방기,U,1,2002-01-01
8445201090,80,4,기타,U,1,2002-01-01
8445202000,80,3,모방용,U,1,2017-01-01
8445203000,80,3,견방용,U,1,2013-01-01
8445209000,80,3,기타,U,1,2002-01-01
844530,80,2,합사기(合絲機)나 연사기(撚絲機),,0,
8445301000,80,3,필라멘트사용,U,1,2014-01-01
8445302000,80,3,방적사용,U,1,2013-01-01
8445309000,80,3,기타,U,1,2002-01-01
844540,80,2,권사기(捲絲機)[위권기(緯捲機)를 포함한다],,0,
8445401000,80,3,콘 와인더,U,1,2013-01-01
8445409000,80,3,기타,U,1,2002-01-01
844590,80,2,기타,,0,
8445901000,80,3,정경기,U,1,2002-01-01
8445902000,80,3,정경호부기,U,1,2002-01-01
8445909000,80,3,기타,U,1,2002-01-01
8446,80,1,직기(직조기),,0,
8446100000,80,2,폭이 30센티미터 이하인 소폭직기,U,1,2002-01-01
84462,80,2,폭이 30센티미터를 초과하는 직기(셔틀형으로 한정한다),,0,
8446210000,80,3,직조기(동력구동식으로 한정한다),U,1,2022-01-01
8446290000,80,3,기타,U,1,2002-01-01
844630,80,2,폭이 30센티미터를 초과하는 직기[셔틀리스(shuttleless)형으로 한정한다],,0,
84463010,80,3,래피어식,,0,
8446301010,80,4,면직기,U,1,2002-01-01
8446301090,80,4,기타,U,1,2002-01-01
8446302000,80,3,에어젯트식,U,1,2022-01-01
8446303000,80,3,워터젯트식,U,1,2022-01-01
8446309000,80,3,기타,U,1,2022-01-01
8447,80,1,"편직기, 스티치본딩기(stitch-bonding machine), 짐프사(gimped yarn)ㆍ튈(tulle)ㆍ레이스ㆍ자수천ㆍ트리밍(trimming)ㆍ브레이드(braid)나 망의 제조용 기계ㆍ터프팅(tufting) 기계",,0,
84471,80,2,원형 편기,,0,
844711,80,3,실린더 지름이 165밀리미터 이하인 것,,0,
8447111000,80,4,양말편기,U,1,2002-01-01
8447119000,80,4,기타,U,1,2002-01-01
8447120000,80,3,실린더 지름이 165밀리미터를 초과하는 것,U,1,2002-01-01
844720,80,2,횡(橫) 편직기와 스티치 본딩기(stitch-bonding machine),,0,
84472010,80,3,횡(橫) 편직기,,0,
8447201010,80,4,수(手) 편직기(반자동 횡(橫) 편직기는 포함한다),U,1,2013-01-01
8447201020,80,4,자동 횡(橫) 편직기,U,1,2013-01-01
8447201090,80,4,기타,U,1,2002-01-01
84472020,80,3,경(經) 편직기,,0,
8447202010,80,4,랏셀기,U,1,2002-01-01
8447202020,80,4,트리코트기,U,1,2002-01-01
8447202090,80,4,기타,U,1,2002-01-01
8447209000,80,3,기타,U,1,2002-01-01
844790,80,2,기타,,0,
8447901000,80,3,레이스기,U,1,2002-01-01
84479020,80,3,자수기,,0,
8447902010,80,4,자동자수기,U,1,2002-01-01
8447902090,80,4,기타,U,1,2002-01-01
8447903000,80,3,결망기,U,1,2002-01-01
8447909000,80,3,기타,U,1,2002-01-01
8448,80,1,"제8444호ㆍ제8445호ㆍ제8446호ㆍ제8447호의 기계의 보조기계[예: 도비(dobby)기ㆍ자카드기ㆍ자동정지기ㆍ셔틀교환기], 이 호나 제8444호ㆍ제8445호ㆍ제8446호ㆍ제8447호의 기계에 전용되거나 주로 사용되는 부분품과 부속품[예: 스핀들ㆍ스핀들 플라이어ㆍ침포ㆍ코움(comb)ㆍ방사니플ㆍ셔틀ㆍ종광(heald)ㆍ종광 프레임ㆍ메리야스용 바늘]",,0,
84481,80,2,제8444호ㆍ제8445호ㆍ제8446호ㆍ제8447호의 기계의 보조기계,,0,
844811,80,3,도비(dobby)기ㆍ자카드기와 이들을 사용하기 위한 카드의 축소용ㆍ복사용ㆍ천공용ㆍ조립용 기계,,0,
8448111000,80,4,도비(dobby)기,,1,2013-01-01
8448112000,80,4,자카드기,,1,2002-01-01
8448119000,80,4,기타,,1,2002-01-01
844819,80,3,기타,,0,
8448191000,80,4,경사용 빔스탠드와 크릴(creel),,1,2013-01-01
8448199000,80,4,기타,,1,2022-01-01
844820,80,2,제8444호에서 규정한 기계나 이들의 보조기계의 부분품과 부속품,,0,
8448201000,80,3,방사 니플,,1,2002-01-01
8448209000,80,3,기타,,1,2002-01-01
84483,80,2,제8445호의 기계나 이들의 보조기계의 부분품과 부속품,,0,
8448310000,80,3,침포,,1,2002-01-01
8448320000,80,3,침포를 제외한 방적준비기계의 것,,1,2022-01-01
8448330000,80,3,스핀들ㆍ스핀들 플라이어ㆍ스피닝 링ㆍ링트래블러,,1,2022-01-01
844839,80,3,기타,,0,
8448391000,80,4,경사빔,,1,2013-01-01
8448399000,80,4,기타,,1,2002-01-01
84484,80,2,직기(직조기)나 그 보조기계의 부분품과 부속품,,0,
8448420000,80,3,직조기용 바디ㆍ종광(heald)과 종광 프레임,,1,2013-01-01
8448490000,80,3,기타,,1,2022-01-01
84485,80,2,제8447호의 기계나 그 보조기계의 부분품과 부속품,,0,
844851,80,3,바늘땀(stitch) 형성에 사용하는 싱커(sinker)ㆍ바늘과 그 밖의 물품,,0,
8448511000,80,4,메리야스용 바늘,,1,2013-01-01
8448519000,80,4,기타,,1,2002-01-01
8448590000,80,3,기타,,1,2002-01-01
8449,80,1,펠트나 부직포(성형인 것을 포함한다)의 제조ㆍ완성가공용 기계(펠트모자 제조용 기계를 포함한다)와 모자 제조용 형(型),,0,
844900,80,2,펠트나 부직포(성형인 것을 포함한다)의 제조ㆍ완성가공용 기계(펠트모자 제조용 기계를 포함한다)와 모자 제조용 형(型),,0,
8449001000,80,3,기계,,1,2017-01-01
8449002000,80,3,모자제조용 형(型),,1,2013-01-01
8449009000,80,3,부분품,,1,2002-01-01
8450,80,1,가정형이나 세탁소형 세탁기(세탁ㆍ건조 겸용기를 포함한다),,0,
84501,80,2,1회의 세탁능력이 건조한 섬유제품의 중량으로 10킬로그램 이하인 것,,0,
8450110000,80,3,완전자동 세탁기,U,1,2002-01-01
8450120000,80,3,그 밖의 세탁기(원심탈수기를 내장한 것으로 한정한다),U,1,2013-01-01
8450190000,80,3,기타,U,1,2002-01-01
8450200000,80,2,1회의 세탁 능력이 건조한 섬유제품의 중량으로 10킬로그램을 초과하는 것,U,1,2013-01-01
8450900000,80,2,부분품,,1,2002-01-01
8451,80,1,"세탁용ㆍ클리닝용ㆍ쥐어짜기용ㆍ건조용ㆍ다림질용ㆍ프레스용[퓨징프레스(fusing press)를 포함한다]ㆍ표백용ㆍ염색용ㆍ드레싱용ㆍ완성가공용ㆍ도포용ㆍ침지(沈漬)용 기계류[제8450호의 것은 제외하며, 방적용 실ㆍ직물류나 이들 제품에 사용하는 것으로 한정한다]와 리놀륨과 같은 바닥깔개의 제조에 사용되는 직물이나 그 밖의 지지물에 페이스트를 입히는 기계, 직물류의 감기(reeling)용ㆍ풀기(unreeling)용ㆍ접음용ㆍ절단용ㆍ핑킹(pinking)용 기계",,0,
8451100000,80,2,드라이클리닝기,U,1,2002-01-01
84512,80,2,건조기,,0,
8451210000,80,3,1회의 건조 능력이 건조한 섬유제품의 중량으로 10킬로그램 이하인 것,U,1,2013-01-01
8451290000,80,3,기타,U,1,2002-01-01
845130,80,2,다림질기와 프레스[퓨징프레스(fusing press)를 포함한다],,0,
8451301000,80,3,스팀 프레스,U,1,2013-01-01
8451309000,80,3,기타,U,1,2002-01-01
845140,80,2,세탁기ㆍ표백기ㆍ염색기,,0,
8451401000,80,3,세탁기,U,1,2022-01-01
8451402000,80,3,표백기,U,1,2002-01-01
8451403000,80,3,염색기,U,1,2002-01-01
845150,80,2,감기(reeling)용 기계ㆍ풀기(unreeling)용 기계ㆍ접음기ㆍ절단기ㆍ핑킹(pinking)용 기계(직물용으로 한정한다),,0,
8451501000,80,3,감기(reeling)용 기계ㆍ풀기(unreeling)용 기계,U,1,2013-01-01
8451502000,80,3,절단기,U,1,2002-01-01
8451509000,80,3,기타,U,1,2002-01-01
845180,80,2,그 밖의 기계,,0,
8451801000,80,3,열처리기,U,1,2002-01-01
8451802000,80,3,폭출기(幅出機),U,1,2013-01-01
8451803000,80,3,머서라이징(mercerizing)기,U,1,2013-01-01
84518090,80,3,기타,,0,
8451809010,80,4,방축가공기,U,1,2002-01-01
8451809020,80,4,"도포기, 침투기",U,1,2013-01-01
8451809030,80,4,기모기(起毛機),U,1,2013-01-01
8451809050,80,4,가정용 의류관리기,U,1,2022-01-01
8451809090,80,4,기타,U,1,2002-01-01
845190,80,2,부분품,,0,
8451902000,80,3,건조기의 것,,1,2002-01-01
8451909000,80,3,기타,,1,2002-01-01
8452,80,1,"재봉기(제8440호의 제본용 재봉기는 제외한다), 재봉기용으로 특수 제작된 가구ㆍ밑판ㆍ덮개, 재봉기용 바늘",,0,
845210,80,2,가정형 재봉기,,0,
84521010,80,3,전동식,,0,
8452101020,80,4,지그재그형,U,1,2013-01-01
8452101090,80,4,기타,U,1,2002-01-01
8452102000,80,3,수동식,U,1,2013-01-01
84522,80,2,그 밖의 재봉기,,0,
845221,80,3,자동식,,0,
8452212000,80,4,포장대 봉함용,U,1,2013-01-01
8452219000,80,4,기타,U,1,2002-01-01
845229,80,3,기타,,0,
8452292000,80,4,포장대 봉함용,U,1,2013-01-01
8452299000,80,4,기타,U,1,2002-01-01
8452300000,80,2,재봉기용 바늘,,1,2002-01-01
845290,80,2,"재봉기용으로 특수 제작된 가구ㆍ밑판ㆍ덮개와 그 부분품, 그 밖의 재봉기의 부분품",,0,
8452901000,80,3,재봉기용으로 특수 제작된 가구ㆍ밑판ㆍ덮개와 그 부분품,,1,2013-01-01
8452909000,80,3,그 밖의 재봉기 부분품,,1,2013-01-01
8453,80,1,"원피나 가죽의 유피(柔皮)준비기ㆍ유피(柔皮)기ㆍ가공기계, 원피ㆍ가죽으로 만든 신발이나 그 밖의 물품의 제조용ㆍ수선용 기계(재봉기는 제외한다)",,0,
845310,80,2,원피ㆍ가죽의 유피(柔皮)준비기ㆍ유피(柔皮)기ㆍ가공기계,,0,
8453101000,80,3,유피준비기계,U,1,2002-01-01
8453102000,80,3,유피기계,U,1,2002-01-01
8453103000,80,3,원피ㆍ가죽 가공기계,U,1,2013-01-01
8453200000,80,2,신발의 제조용이나 수선용 기계,U,1,2017-01-01
8453800000,80,2,그 밖의 기계,U,1,2013-01-01
8453900000,80,2,부분품,,1,2002-01-01
8454,80,1,전로ㆍ레이들(ladle)ㆍ잉곳(ingot)용 주형과 주조기(야금용이나 금속 주조용으로 한정한다),,0,
8454100000,80,2,전로,U,1,2002-01-01
8454200000,80,2,잉곳(ingot)용 주형과 레이들(ladle),U,1,2013-01-01
845430,80,2,주조기,,0,
84543010,80,3,압력 주조기,,0,
8454301010,80,4,다이케스팅기,U,1,2002-01-01
8454301090,80,4,기타,U,1,2002-01-01
8454309000,80,3,기타,U,1,2002-01-01
845490,80,2,부분품,,0,
8454901000,80,3,전로의 것,,1,2002-01-01
8454909000,80,3,기타,,1,2002-01-01
8455,80,1,금속 압연기와 그 롤,,0,
8455100000,80,2,관 압연기,U,1,2002-01-01
84552,80,2,그 밖의 압연기,,0,
8455210000,80,3,열간(熱間)이나 열ㆍ냉간(熱冷間) 겸용 압연기,U,1,2013-01-01
8455220000,80,3,냉간(冷間) 압연기,U,1,2013-01-01
845530,80,2,압연기용 롤,,0,
8455301000,80,3,주조제의 것,U,1,2002-01-01
8455302000,80,3,단조제의 것,U,1,2002-01-01
8455309000,80,3,기타,U,1,2002-01-01
8455900000,80,2,그 밖의 부분품,,1,2013-01-01
8456,80,1,각종 재료의 가공 공작기계[레이저나 그 밖의 광선ㆍ광자빔ㆍ초음파ㆍ방전ㆍ전기화학ㆍ전자빔ㆍ이온빔ㆍ플라즈마아크(plasma arc) 방식으로 재료의 일부를 제거하여 가공하는 것으로 한정한다]와 워터제트 절단기,,0,
84561,80,2,레이저나 그 밖의 광선ㆍ광자빔 방식으로 하는 것,,0,
845611,80,3,레이저 방식으로 하는 것,,0,
8456111000,80,4,"인쇄회로, 인쇄회로조립품, 제8517호의 부분품 또는 자동자료처리기계의 부분품의 제조에 전용 또는 주로 사용되는 종류의 것",U,1,2022-01-01
8456119000,80,4,기타,U,1,2017-01-01
845612,80,3,그 밖의 광선ㆍ광자빔 방식으로 하는 것,,0,
8456121000,80,4,"인쇄회로, 인쇄회로조립품, 제8517호의 부분품 또는 자동자료처리기계의 부분품의 제조에 전용 또는 주로 사용되는 종류의 것",U,1,2022-01-01
8456129000,80,4,기타,U,1,2017-01-01
8456200000,80,2,초음파 방식으로 하는 것,U,1,2002-01-01
845630,80,2,방전 방식으로 하는 것,,0,
84563010,80,3,수치제어식,,0,
8456301010,80,4,와이어 컷 방전 가공기,U,1,2022-01-01
8456301090,80,4,기타,U,1,2007-01-01
8456309000,80,3,기타,U,1,2002-01-01
8456400000,80,2,플라즈마아크(plasma arc) 방식으로 하는 것,U,1,2017-01-01
8456500000,80,2,워터제트 절단기,U,1,2017-01-01
8456900000,80,2,기타,U,1,2017-01-01
8457,80,1,금속 가공용 머시닝센터(machining centre)ㆍ유닛 컨스트럭션 머신(unit construction machine)(싱글스테이션)ㆍ멀티스테이션(multi-station)의 트랜스퍼머신(transfer machine),,0,
845710,80,2,머시닝센터(machining centre),,0,
8457104000,80,3,5축 머시닝 센터(분할 5축 가공이 가능한 것을 포함한다),U,1,2022-01-01
84571090,80,3,기타,,0,
8457109010,80,4,수직형,U,1,2022-01-01
8457109020,80,4,수평형,U,1,2022-01-01
8457109030,80,4,문형,U,1,2022-01-01
8457109090,80,4,기타,U,1,2022-01-01
8457200000,80,2,유닛 컨스트럭션 머신(unit construction machine)(싱글스테이션),U,1,2013-01-01
8457300000,80,2,멀티스테이션(multi-station)의 트랜스퍼머신(transfer machine),U,1,2013-01-01
8458,80,1,금속 절삭가공용 선반(터닝센터를 포함한다),,0,
84581,80,2,수평 선반,,0,
8458110000,80,3,수치제어식,U,1,2013-01-01
8458190000,80,3,기타,U,1,2002-01-01
84589,80,2,그 밖의 선반,,0,
8458910000,80,3,수치제어식,U,1,2013-01-01
8458990000,80,3,기타,U,1,2002-01-01
8459,80,1,금속 절삭가공용 공작기계[웨이타입(way-type) 유닛헤드머신(unit head machine)을 포함한다]로서 드릴링(drilling)ㆍ보링(boring)ㆍ밀링(milling)ㆍ나선가공ㆍ태핑(tapping)에 사용되는 것[제8458호의 선반(터닝센터를 포함한다)은 제외한다],,0,
8459100000,80,2,웨이타입(way-type) 유닛헤드머신(unit head machine),U,1,2013-01-01
84592,80,2,그 밖의 드릴링 머신(drilling machine),,0,
845921,80,3,수치제어식,,0,
8459211000,80,4,심공 드릴링머신(최대 천공 깊이가 5미터를 초과하는 것으로 한정한다),U,1,2022-01-01
8459219000,80,4,기타,U,1,2022-01-01
845929,80,3,기타,,0,
8459291000,80,4,레이디얼 드릴링머신,U,1,2022-01-01
8459292000,80,4,직립 드릴링머신,U,1,2022-01-01
8459293000,80,4,다축 드릴링머신,U,1,2022-01-01
8459299000,80,4,기타,U,1,2002-01-01
84593,80,2,그 밖의 보링밀링머신(boring-milling machine),,0,
8459310000,80,3,수치제어식,U,1,2013-01-01
8459390000,80,3,기타,U,1,2002-01-01
84594,80,2,그 밖의 보링머신(boring machine),,0,
845941,80,3,수치제어식,,0,
8459411000,80,4,지그 보링머신,U,1,2017-01-01
8459412000,80,4,수평 보링머신,U,1,2017-01-01
8459419000,80,4,기타,U,1,2017-01-01
8459490000,80,3,기타,U,1,2017-01-01
84595,80,2,무릎형 밀링머신(milling machine),,0,
8459510000,80,3,수치제어식,U,1,2013-01-01
8459590000,80,3,기타,U,1,2002-01-01
84596,80,2,그 밖의 밀링머신(milling machine),,0,
845961,80,3,수치제어식,,0,
8459611000,80,4,베드형 밀링머신,U,1,2002-01-01
8459612000,80,4,평삭(平削) 밀링머신,U,1,2013-01-01
8459619000,80,4,기타,U,1,2002-01-01
845969,80,3,기타,,0,
8459691000,80,4,베드형 밀링머신,U,1,2002-01-01
8459699000,80,4,기타,U,1,2002-01-01
845970,80,2,그 밖의 나사 절삭용 기계나 태핑머신(tapping machine),,0,
8459701000,80,3,태핑머신(tapping machine),U,1,2013-01-01
8459709000,80,3,그 밖의 나사절삭기,U,1,2013-01-01
8460,80,1,디버링(deburring)ㆍ샤프닝(sharpening)ㆍ그라인딩(grinding)ㆍ호닝(honing)ㆍ래핑(lapping)ㆍ폴리싱(polishing)이나 그 밖의 완성가공용 공작기계로서 연마석ㆍ연마재ㆍ광택재로 금속이나 서멧(cermet)을 가공하는 것(제8461호의 기어절삭기ㆍ기어연삭기 ㆍ기어완성가공기는 제외한다),,0,
84601,80,2,평면 연삭기,,0,
8460120000,80,3,수치제어식,U,1,2017-01-01
8460190000,80,3,기타,U,1,2002-01-01
84602,80,2,그 밖의 연삭기,,0,
8460220000,80,3,무심연삭기(수치제어식으로 한정한다),U,1,2017-01-01
8460230000,80,3,그 밖의 원통연삭기(수치제어식으로 한정한다),U,1,2017-01-01
846024,80,3,기타(수치제어식으로 한정한다),,0,
8460241000,80,4,내면연삭기,U,1,2017-01-01
8460242000,80,4,프로파일(profile) 연삭기,U,1,2017-01-01
8460249000,80,4,기타,U,1,2017-01-01
846029,80,3,기타,,0,
8460291000,80,4,원통연삭기,U,1,2017-01-01
8460292000,80,4,내면연삭기,U,1,2017-01-01
8460293000,80,4,무심연삭기,U,1,2017-01-01
8460294000,80,4,프로파일(profile) 연삭기,U,1,2017-01-01
8460299000,80,4,기타,U,1,2002-01-01
84603,80,2,샤프닝머신(sharpening machine)(공구나 커터를 연삭하는 것으로 한정한다),,0,
8460310000,80,3,수치제어식,U,1,2013-01-01
8460390000,80,3,기타,U,1,2002-01-01
846040,80,2,호닝머신(honing machine)이나 래핑머신(lapping machine),,0,
8460401000,80,3,호닝머신(honing machine),U,1,2013-01-01
8460402000,80,3,래핑머신(lapping machine),U,1,2013-01-01
8460900000,80,2,기타,U,1,2002-01-01
8461,80,1,플레이닝(planing)용ㆍ쉐이핑(shaping)용ㆍ슬로팅(slotting)용ㆍ브로칭(broaching)용ㆍ기어절삭용ㆍ기어연삭용ㆍ기어완성가공용ㆍ톱질용ㆍ절단용 공작기계와 금속이나 서멧(cermet)을 절삭하는 방식으로 가공하는 그 밖의 공작기계(따로 분류되지 않은 것으로 한정한다),,0,
8461200000,80,2,쉐이핑머신(shaping machine)이나 슬로팅머신(slotting machine),U,1,2013-01-01
8461300000,80,2,브로칭머신(broaching machine),U,1,2013-01-01
846140,80,2,기어절삭기ㆍ기어연삭기ㆍ기어완성가공기,,0,
84614010,80,3,기어절삭기,,0,
8461401010,80,4,수치제어식,U,1,2013-01-01
8461401090,80,4,기타,U,1,2002-01-01
8461402000,80,3,기어연삭기ㆍ기어완성가공기,U,1,2013-01-01
8461500000,80,2,톱기계나 절단기,U,1,2013-01-01
8461900000,80,2,기타,U,1,2002-01-01
8462,80,1,"단조(鍛造)용ㆍ해머링(hammering)용ㆍ형(型)단조용(압연기는 제외한다) 금속가공 공작기계(프레스를 포함한다), 굽힘용ㆍ접음용ㆍ교정용ㆍ펼침용ㆍ전단용ㆍ펀칭용ㆍ낫칭(notching)용ㆍ니블링(nibbling)용[드로우벤치(draw-benches)를 제외한다] 금속가공 공작기계[프레스ㆍ슬리팅(slitting) 설비ㆍ일정한 길이로 절단하는 설비(cut-to-length line)를 포함한다]와 그 외의 가공방법에 의한 금속이나 금속탄화물 가공용 프레스",,0,
84621,80,2,단조용ㆍ형 단조용 열간 성형기(프레스를 포함한다)와 열간 해머,,0,
8462110000,80,3,밀폐식 형 단조기,U,1,2022-01-01
846219,80,3,기타,,0,
8462191000,80,4,에어해머,U,1,2022-01-01
8462199000,80,4,기타,U,1,2022-01-01
84622,80,2,평판제품용 굽힘기ㆍ접음기ㆍ교정기ㆍ펼침기[프레스 브레이크(press brake)를 포함한다],,0,
846222,80,3,프로파일 성형기,,0,
8462221000,80,4,수치제어식,U,1,2022-01-01
8462229000,80,4,기타,U,1,2022-01-01
8462230000,80,3,수치제어식 프레스 브레이크(press brake),U,1,2022-01-01
8462240000,80,3,수치제어식 패널 굽힘기,U,1,2022-01-01
8462250000,80,3,수치제어식 롤 성형기,U,1,2022-01-01
8462260000,80,3,그 밖의 수치제어식 굽힘기ㆍ접음기ㆍ교정기ㆍ펼침기,U,1,2022-01-01
846229,80,3,기타,,0,
8462291000,80,4,수치제어식,U,1,2022-01-01
8462299000,80,4,기타,U,1,2022-01-01
84623,80,2,"평판제품용 슬리팅(slitting) 설비ㆍ일정한 길이로 절단하는 설비(cut-to-length line)ㆍ그 밖의 전단기(프레스를 제외하며, 펀칭기와 전단기가 결합된 것을 제외한다)",,0,
846232,80,3,슬리팅(slitting) 설비와 일정한 길이로 절단하는 설비(cut-to-length line),,0,
84623210,80,4,슬리팅(slitting) 설비,,0,
8462321010,80,5,수치제어식,U,1,2022-01-01
8462321090,80,5,기타,U,1,2022-01-01
84623220,80,4,일정 길이 절단용 설비,,0,
8462322010,80,5,수치제어식,U,1,2022-01-01
8462322090,80,5,기타,U,1,2022-01-01
8462330000,80,3,수치제어식 전단기,U,1,2022-01-01
8462390000,80,3,기타,U,1,2002-01-01
84624,80,2,"평판제품용 펀칭기ㆍ낫칭기(notching machine)ㆍ니블링기(nibbling machine)(프레스를 제외하며, 펀칭기와 전단기가 결합된 것을 포함한다)",,0,
8462420000,80,3,수치제어식,U,1,2022-01-01
8462490000,80,3,기타,U,1,2022-01-01
84625,80,2,관ㆍ파이프ㆍ중공(中空)이 있는 형강ㆍ봉(bar) 가공용의 기계(프레스를 제외한다),,0,
8462510000,80,3,수치제어식,U,1,2022-01-01
8462590000,80,3,기타,U,1,2022-01-01
84626,80,2,냉간 금속가공용 프레스,,0,
8462610000,80,3,액압식 프레스,U,1,2022-01-01
8462620000,80,3,기계식 프레스,U,1,2022-01-01
8462630000,80,3,서보프레스,U,1,2022-01-01
8462690000,80,3,기타,U,1,2022-01-01
8462900000,80,2,기타,U,1,2022-01-01
8463,80,1,그 밖의 금속이나 서멧(cermet)의 가공용 공작기계(재료를 절삭하지 않는 방식으로 한정한다),,0,
8463100000,80,2,드로우벤치(draw-bench)[봉ㆍ관ㆍ프로파일(profile)ㆍ선이나 이와 유사한 것을 인발(引拔)하는 것으로 한정한다],U,1,2013-01-01
8463200000,80,2,나사 전조기,U,1,2013-01-01
8463300000,80,2,선 가공기,U,1,2013-01-01
8463900000,80,2,기타,U,1,2022-01-01
8464,80,1,돌ㆍ도자기ㆍ콘크리트ㆍ석면시멘트나 이와 유사한 광물성 물질의 가공용 공작기계와 유리의 냉간(冷間) 가공기계,,0,
8464100000,80,2,톱기계,U,1,2007-01-01
846420,80,2,연마기나 광택기,,0,
8464201000,80,3,광학유리용ㆍ안경유리용,U,1,2013-01-01
8464202000,80,3,그 밖의 유리용,U,1,2013-01-01
8464209000,80,3,기타,U,1,2002-01-01
846490,80,2,기타,,0,
8464901000,80,3,유리 냉간 가공용 공작기계,U,1,2014-01-01
8464902000,80,3,콘크리트 가공용 공작기계,U,1,2014-01-01
8464903000,80,3,도자기 가공용 공작기계,U,1,2014-01-01
8464909000,80,3,기타,U,1,2002-01-01
8465,80,1,목재ㆍ코르크ㆍ뼈ㆍ경질 고무ㆍ경질 플라스틱이나 이와 유사한 경질물의 가공용 공작기계(네일용ㆍ스테이플용ㆍ접착용과 그 밖의 조립용 기계를 포함한다),,0,
846510,80,2,여러 가지 작업을 할 수 있는 기계(공구의 교환없이 여러 가지 작업을 할 수 있는 것으로 한정한다),,0,
8465101000,80,3,목재 가공용,U,1,2013-01-01
8465109000,80,3,기타,U,1,2002-01-01
846520,80,2,머시닝센터(machining centre),,0,
8465201000,80,3,목재 가공용,U,1,2017-01-01
8465209000,80,3,기타,U,1,2017-01-01
84659,80,2,기타,,0,
846591,80,3,톱 기계,,0,
8465911000,80,4,목재 가공용,U,1,2013-01-01
8465919000,80,4,기타,U,1,2002-01-01
846592,80,3,평삭기ㆍ밀링머신(milling machine)ㆍ몰딩머신(moulding machine)(절단 방식으로 한정한다),,0,
8465921000,80,4,목재 가공용,U,1,2013-01-01
8465929000,80,4,기타,U,1,2002-01-01
846593,80,3,연삭기ㆍ샌딩머신(sanding machine)ㆍ광택기,,0,
8465931000,80,4,목재 가공용,U,1,2013-01-01
8465939000,80,4,기타,U,1,2002-01-01
846594,80,3,굽힘기나 조립기,,0,
8465941000,80,4,목재 가공용,U,1,2013-01-01
8465949000,80,4,기타,U,1,2002-01-01
846595,80,3,드릴링머신(drilling machine)이나 모티싱머신(morticing machine),,0,
8465951000,80,4,목재 가공용,U,1,2013-01-01
8465959000,80,4,기타,U,1,2002-01-01
846596,80,3,스플리팅(splitting)기ㆍ슬라이싱(slicing)기ㆍ박피기,,0,
8465961000,80,4,목재 가공용,U,1,2013-01-01
8465969000,80,4,기타,U,1,2002-01-01
846599,80,3,기타,,0,
8465991000,80,4,목재 가공용,U,1,2013-01-01
8465999000,80,4,기타,U,1,2002-01-01
8466,80,1,제8456호부터 제8465호까지의 기계에 전용되거나 주로 사용되는 부분품과 부속품[가공물홀더ㆍ툴홀더(tool holder)ㆍ자동개폐식 다이헤드(diehead)ㆍ분할대와 그 밖의 기계용 특수 부착물을 포함한다]과 수지식 공구에 사용되는 각종 툴홀더(tool holder),,0,
8466100000,80,2,툴홀더(tool holder)와 자동개폐식 다이헤드(diehead),,1,2013-01-01
846620,80,2,가공용 홀더,,0,
8466201000,80,3,항공기용,,1,2013-01-01
8466209000,80,3,기타,,1,2002-01-01
8466300000,80,2,분할대와 그 밖의 기계용 특수 부착물,,1,2017-01-01
84669,80,2,기타,,0,
8466910000,80,3,제8464호의 기계용,,1,2013-01-01
8466920000,80,3,제8465호의 기계용,,1,2013-01-01
846693,80,3,제8456호부터 제8461호까지의 기계용,,0,
8466931000,80,4,"인쇄회로, 인쇄회로조립품, 제8517호의 부분품 또는 자동자료처리기계의 부분품의 제조에 전용 또는 주로 사용되는 기계의 것",,1,2022-01-01
8466939000,80,4,기타,,1,2017-01-01
8466940000,80,3,제8462호나 제8463호의 기계용,,1,2013-01-01
8467,80,1,"수지식 공구(압축공기식, 유압식, 전동기를 갖추거나 비전기식 모터를 갖춘 것으로 한정한다)",,0,
84671,80,2,압축공기식의 것,,0,
846711,80,3,회전방식의 것(회전 진동자가 결합된 것을 포함한다),,0,
8467111000,80,4,착암기,U,1,2002-01-01
8467112000,80,4,스크루 드라이버,U,1,2002-01-01
8467113000,80,4,그라인더,U,1,2002-01-01
8467114000,80,4,임팩트 렌치,U,1,2002-01-01
8467115000,80,4,드릴,U,1,2002-01-01
8467119000,80,4,기타,U,1,2002-01-01
846719,80,3,기타,,0,
8467191000,80,4,착암기,U,1,2002-01-01
8467199000,80,4,기타,U,1,2002-01-01
84672,80,2,전동기를 갖춘 것,,0,
8467210000,80,3,각종 드릴,U,1,2017-01-01
8467220000,80,3,톱,U,1,2002-01-01
8467290000,80,3,기타,U,1,2002-01-01
84678,80,2,그 밖의 공구,,0,
8467810000,80,3,체인톱,U,1,2002-01-01
846789,80,3,기타,,0,
84678910,80,4,유압식,,0,
8467891010,80,5,"소호 제8430.49호, 제8479.10호의 것",U,1,2013-01-01
8467891020,80,5,"제8479.89-9010호, 제8479.89-9030호, 제8479.89-9091호의 것",U,1,2022-01-01
8467891090,80,5,기타,U,1,2002-01-01
8467899000,80,4,기타,U,1,2002-01-01
84679,80,2,부분품,,0,
8467910000,80,3,체인톱의 것,,1,2002-01-01
8467920000,80,3,압축공기식 공구의 것,,1,2002-01-01
8467990000,80,3,기타,,1,2002-01-01
8468,80,1,납땜용ㆍ땜질용이나 용접용 기기(절단이 가능한지에 상관없으며 제8515호에 해당하는 것은 제외한다)와 표면 열처리용 기기(가스를 사용하는 것으로 한정한다),,0,
8468100000,80,2,수지식 취관(吹管),U,1,2013-01-01
846820,80,2,가스를 사용하는 그 밖의 기기,,0,
8468201000,80,3,가스 용접기,U,1,2002-01-01
8468202000,80,3,가스 자동절단기,U,1,2002-01-01
8468209000,80,3,기타,U,1,2002-01-01
8468800000,80,2,그 밖의 기기,U,1,2013-01-01
8468900000,80,2,부분품,,1,2002-01-01
8470,80,1,"계산기와 계산 기능을 갖춘 포켓사이즈형 전자수첩, 회계기ㆍ우편요금계기ㆍ표권발행기와 그 밖에 이와 유사한 기계(계산 기구를 갖춘 것으로 한정한다), 금전등록기",,0,
847010,80,2,전자계산기(외부의 전원 공급 없이 작동되는 것으로 한정한다)와 계산 기능을 갖춘 포켓사이즈형 전자수첩,,0,
8470103000,80,3,전자계산기,U,1,2022-01-01
8470104000,80,3,계산 기능을 갖춘 포켓사이즈형 전자수첩,U,1,2022-01-01
84702,80,2,그 밖의 전자계산기,,0,
8470210000,80,3,인쇄 장치를 갖추고 있는 것,U,1,2017-01-01
8470290000,80,3,기타,U,1,2002-01-01
8470300000,80,2,그 밖의 계산기,U,1,2013-01-01
8470500000,80,2,금전 등록기,U,1,2002-01-01
847090,80,2,기타,,0,
8470902000,80,3,표권 발행기,U,1,2002-01-01
8470909000,80,3,기타,U,1,2002-01-01
8471,80,1,"자동자료처리기계와 그 단위기기, 자기식이나 광학식 판독기, 자료를 자료매체에 부호 형태로 전사하는 기계와 이러한 자료의 처리기계(따로 분류되지 않은 것으로 한정한다)",,0,
8471300000,80,2,"휴대용 자동자료처리기계(중량이 10킬로그램 이하인 것으로서 적어도 중앙처리장치, 키보드, 디스플레이를 갖추고 있는 것으로 한정한다)",U,1,2013-01-01
84714,80,2,그 밖의 자동자료처리기계,,0,
847141,80,3,적어도 동일 하우징 속에 중앙처리장치와 입출력장치를 내장한 것(이들이 상호 결합한 것인지에 상관없다),,0,
8471411000,80,4,중앙처리장치의 자료전송량이 64비트 이상인 것으로서 주기억용량이 최소 64메가바이트 이상인 것,U,1,2002-01-01
8471412000,80,4,중앙처리장치의 자료전송량이 32비트 이상인 것으로서 주기억용량이 최소 16메가바이트 이상인 것,U,1,2002-01-01
8471419000,80,4,기타,U,1,2002-01-01
847149,80,3,기타(시스템 형태로 제시된 것으로 한정한다),,0,
84714910,80,4,"처리장치(기억장치, 입력장치, 출력장치 중 한 가지나 두 가지를 동일 하우징 속에 내장한 것도 있다)",,0,
8471491010,80,5,중앙처리장치의 자료전송량이 64비트 이상인 것으로서 주기억용량이 최소 64메가바이트 이상인 것,U,1,2022-01-01
8471491020,80,5,중앙처리장치의 자료전송량이 32비트 이상인 것으로서 주기억용량이 최소 16메가바이트 이상인 것,U,1,2022-01-01
8471491090,80,5,기타,U,1,2002-01-01
8471499000,80,4,기타,U,1,2002-01-01
847150,80,2,처리장치(소호 제8471.41호나 제8471.49호 외의 것으로서 기억장치ㆍ입력장치ㆍ출력장치 중 한 가지나 두 가지 장치를 동일 하우징 속에 내장한 것인지에 상관없다),,0,
8471501000,80,3,중앙처리장치의 자료전송량이 64비트 이상인 것으로서 주기억용량이 최소 64메가바이트 이상인 것,U,1,2002-01-01
8471502000,80,3,중앙처리장치의 자료전송량이 32비트 이상인 것으로서 주기억용량이 최소 16메가바이트 이상인 것,U,1,2002-01-01
8471509000,80,3,기타,U,1,2002-01-01
847160,80,2,입력장치나 출력장치(동일 하우징 속에 기억장치를 내장하였는지에 상관없다),,0,
84716010,80,3,입력장치,,0,
8471601010,80,4,문자(표식) 판독장치,U,1,2013-01-01
8471601020,80,4,키 입력장치,U,1,2002-01-01
8471601030,80,4,마우스,U,1,2002-01-01
8471601040,80,4,스캐너,U,1,2002-01-01
8471601090,80,4,기타,U,1,2002-01-01
8471602000,80,3,출력장치,U,1,2007-01-01
8471603000,80,3,입출력 겸용의 것,U,1,2022-01-01
847170,80,2,기억장치,,0,
8471701000,80,3,주기억장치(램ㆍ롬),U,1,2013-01-01
84717020,80,3,보조기억장치,,0,
8471702020,80,4,하드 디스크 드라이브,U,1,2002-01-01
847170203,80,4,광디스크 드라이브,,0,
8471702031,80,5,씨디(CD) 드라이브,U,1,2002-01-01
8471702032,80,5,디브이디(DVD) 드라이브,U,1,2002-01-01
8471702033,80,5,블루레이 디스크 드라이브,U,1,2009-01-01
8471702039,80,5,기타,U,1,2013-01-01
8471702090,80,4,기타,U,1,2002-01-01
8471709000,80,3,기타,U,1,2002-01-01
847180,80,2,그 밖의 자동자료처리기계의 단위 기기,,0,
8471801000,80,3,사운드카드,U,1,2017-01-01
8471802000,80,3,비디오 카드,U,1,2017-01-01
8471809000,80,3,기타,U,1,2017-01-01
8471900000,80,2,기타,U,1,2002-01-01
8472,80,1,그 밖의 사무용 기계[예: 헥토그래프(hectograph)ㆍ스텐실(stencil) 등사기ㆍ주소인쇄기ㆍ현금 자동지불기ㆍ주화분류기ㆍ주화계수기나 주화포장기ㆍ연필깎이ㆍ천공기ㆍ지철기(stapling machine)],,0,
8472100000,80,2,등사기,U,1,2002-01-01
8472300000,80,2,"우편물의 분류기ㆍ접음기, 우편물을 봉투나 밴드에 삽입하는 기계, 우편물의 개봉기ㆍ봉함기ㆍ실링기, 우표의 첨부기나 소인기",U,1,2022-01-01
847290,80,2,기타,,0,
84729010,80,3,현금자동처리기,,0,
8472901010,80,4,현금자동지불기,U,1,2002-01-01
8472901020,80,4,현금자동입금기,U,1,2002-01-01
8472901040,80,4,현금자동지불ㆍ입금기,U,1,2022-01-01
8472901050,80,4,주화계수 포장기,U,1,2002-01-01
8472901090,80,4,기타,U,1,2002-01-01
8472902000,80,3,등사용이나 인쇄용 자동제판기,U,1,2013-01-01
8472903000,80,3,표권발행기,U,1,2002-01-01
8472904000,80,3,연필절삭기,U,1,2002-01-01
8472905000,80,3,서류절단기,U,1,2002-01-01
8472909000,80,3,기타,U,1,2002-01-01
8473,80,1,제8470호부터 제8472호까지에 해당하는 기계에 전용되거나 주로 사용되는 부분품과 부속품(커버ㆍ휴대용 케이스와 이와 유사한 물품은 제외한다),,0,
84732,80,2,제8470호에 해당하는 기계의 부분품과 부속품,,0,
8473210000,80,3,소호 제8470.10호ㆍ제8470.21호ㆍ제8470.29호에 해당하는 전자 계산기의 것,,1,2013-01-01
847329,80,3,기타,,0,
8473291000,80,4,소호 제8470.30호의 기계의 것,,1,2002-01-01
8473293000,80,4,소호 제8470.50호의 기계의 것,,1,2002-01-01
8473294000,80,4,소호 제8470.90호의 기계의 것,,1,2002-01-01
847330,80,2,제8471호에 해당하는 기계의 부분품과 부속품,,0,
8473301000,80,3,자기헤드,,1,2002-01-01
8473302000,80,3,주기판(마이크로프로세서 유닛이 장착될 수 있도록 설계제작된 것으로 한정한다),,1,2013-01-01
8473303000,80,3,컴퓨터 케이스,,1,2002-01-01
84733040,80,3,카드와 보드,,0,
8473304060,80,4,디램 모듈,,1,2017-01-01
8473304090,80,4,기타,,1,2017-01-01
84733090,80,3,기타,,0,
8473309010,80,4,컴퓨터용 중앙처리장치로서 제8542호에 분류되지 않는 것,,1,2009-01-01
8473309090,80,4,기타,,1,2017-01-01
8473400000,80,2,제8472호에 해당하는 기계의 부분품과 부속품,,1,2022-01-01
8473500000,80,2,제8470호부터 제8472호까지에 해당하는 기계 중에서 두 개 이상의 기계에 공통적으로 사용되는 부분품과 부속품,,1,2022-01-01
8474,80,1,"선별기ㆍ기계식 체ㆍ분리기ㆍ세척기ㆍ파쇄기ㆍ분쇄기ㆍ혼합기ㆍ반죽기(고체 모양ㆍ분말 모양ㆍ페이스트 모양인 토양ㆍ돌ㆍ광석이나 그 밖의 광물성 물질의 처리용으로 한정한다), 조괴기(造塊機)ㆍ형입기ㆍ성형기(成形機)(고체의 광물성 연료ㆍ세라믹페이스트ㆍ굳지 않은 시멘트ㆍ석고ㆍ가루 모양이나 페이스트 모양인 그 밖의 광물성 생산품의 처리용으로 한정한다), 주물용 사형(砂型)의 성형기(成形機)",,0,
8474100000,80,2,선별기ㆍ기계식 체ㆍ분리기ㆍ세척기,U,1,2013-01-01
847420,80,2,파쇄기나 분쇄기,,0,
8474201000,80,3,파쇄ㆍ분쇄능력이 시간당 20톤 이하인 것,U,1,2013-01-01
8474209000,80,3,기타,U,1,2002-01-01
84743,80,2,혼합기나 반죽기,,0,
847431,80,3,콘크리트 혼합기나 모르타르 혼합기,,0,
8474311000,80,4,배처 플랜트,U,1,2002-01-01
8474319000,80,4,기타,U,1,2002-01-01
847432,80,3,역청질과 광물성 재료의 혼합기,,0,
8474321000,80,4,아스팔트 플랜트,U,1,2002-01-01
8474329000,80,4,기타,U,1,2002-01-01
8474390000,80,3,기타,U,1,2002-01-01
847480,80,2,그 밖의 기계,,0,
8474801000,80,3,주물용 사형의 성형기,U,1,2002-01-01
8474802000,80,3,조괴기(造塊機)ㆍ형입기와 성형기,U,1,2013-01-01
8474809000,80,3,기타,U,1,2002-01-01
8474900000,80,2,부분품,,1,2002-01-01
8475,80,1,전기램프나 전자램프ㆍ튜브ㆍ밸브ㆍ섬광전구(외피를 유리로 만든 것으로 한정한다)의 조립기계와 유리나 유리제품의 제조용이나 열간(熱間)가공용 기계,,0,
8475100000,80,2,전기램프나 전자램프ㆍ튜브ㆍ밸브ㆍ섬광전구(flashbulb)(외피를 유리로 만든 것으로 한정한다)의 조립기계,U,1,2022-01-01
84752,80,2,유리나 유리제품의 제조용이나 열간(熱間)가공용 기계,,0,
8475210000,80,3,광섬유와 광섬유 예비성형품 제조용 기계,U,1,2013-01-01
847529,80,3,기타,,0,
8475291000,80,4,판유리 제조용,U,1,2013-01-01
8475292000,80,4,유리병 제조용,U,1,2013-01-01
8475299000,80,4,기타,U,1,2002-01-01
847590,80,2,부분품,,0,
8475901000,80,3,판유리 제조용,,1,2013-01-01
8475902000,80,3,광섬유와 광섬유 예비성형품 제조용,,1,2017-01-01
8475909000,80,3,기타,,1,2002-01-01
8476,80,1,물품의 자동판매기(예: 우표ㆍ담배ㆍ식품ㆍ음료의 자동판매기)와 화폐교환기,,0,
84762,80,2,음료 자동판매기,,0,
8476210000,80,3,가열장치나 냉장장치를 갖춘 것,U,1,2013-01-01
8476290000,80,3,기타,U,1,2002-01-01
84768,80,2,그 밖의 기계,,0,
8476810000,80,3,가열장치나 냉장장치를 갖춘 것,U,1,2022-01-01
847689,80,3,기타,,0,
8476891000,80,4,식품 자동판매기,U,1,2002-01-01
8476894000,80,4,화폐 교환기,U,1,2002-01-01
8476899000,80,4,기타,U,1,2002-01-01
847690,80,2,부분품,,0,
8476901000,80,3,화폐교환기의 것,,1,2017-01-01
8476909000,80,3,기타,,1,2017-01-01
8477,80,1,고무나 플라스틱을 가공하거나 이들 재료로 제품을 제조하는 기계(이 류에 따로 분류되지 않은 것으로 한정한다),,0,
847710,80,2,사출 성형기,,0,
8477101000,80,3,고무 공업용,U,1,2013-01-01
8477102000,80,3,플라스틱 공업용,U,1,2013-01-01
847720,80,2,압출기,,0,
8477201000,80,3,고무 공업용,U,1,2013-01-01
8477202000,80,3,플라스틱 공업용,U,1,2013-01-01
8477300000,80,2,취입 성형기,U,1,2002-01-01
8477400000,80,2,진공성형기와 그 밖의 열성형기,U,1,2013-01-01
84775,80,2,그 밖의 성형기,,0,
8477510000,80,3,공기를 넣는 타이어 성형기나 재생기와 그 밖의 이너튜브(inner tube) 성형기,U,1,2013-01-01
8477590000,80,3,기타,U,1,2022-01-01
8477800000,80,2,그 밖의 기계,U,1,2013-01-01
8477900000,80,2,부분품,,1,2002-01-01
8478,80,1,담배의 조제기나 제조기(이 류에 따로 분류되지 않은 것으로 한정한다),,0,
8478100000,80,2,기계류,U,1,2015-01-01
8478900000,80,2,부분품,,1,2002-01-01
8479,80,1,이 류에 따로 분류되지 않은 기계류(고유의 기능을 가진 것으로 한정한다),,0,
847910,80,2,토목공사ㆍ건축이나 이와 유사한 용도에 사용하는 기계류,,0,
8479101000,80,3,모올타르나 콘크리트 살포기,U,1,2013-01-01
8479102000,80,3,그 밖의 도로공사용 기계,U,1,2013-01-01
8479109000,80,3,기타,U,1,2017-01-01
8479200000,80,2,동물성이나 비휘발성인 식물성ㆍ미생물성 지방이나 기름의 추출용ㆍ조제용 기계류,U,1,2022-01-01
8479300000,80,2,"파티클보드(particle board)나 건축용 섬유판(목재나 그 밖의 목질 물질로 제조된 것으로 한정한다)의 제조용 프레스, 목재나 코르크 처리용 그 밖의 기계",U,1,2013-01-01
8479400000,80,2,로프나 케이블 제조기,U,1,2013-01-01
847950,80,2,산업용 로봇(따로 분류되지 않은 것으로 한정한다),,0,
8479501000,80,3,"제8479.81호, 제8479.82호, 제8479.89.9010호, 제8479.89-9030호, 제8479.89-9060호, 제8479.89-9091호의 것",U,1,2022-01-01
8479502000,80,3,제8479.89-9080호의 것,U,1,2022-01-01
8479509000,80,3,기타,U,1,2002-01-01
8479600000,80,2,증발식 에어쿨러,U,1,2002-01-01
84797,80,2,탑승교,,0,
8479710000,80,3,공항에서 사용되는 것,U,1,2013-01-01
8479790000,80,3,기타,U,1,2012-01-01
84798,80,2,그 밖의 기기,,0,
847981,80,3,금속 처리용(전선권선기를 포함한다),,0,
8479811000,80,4,금속 세척기,U,1,2002-01-01
84798120,80,4,금속 도금기,,0,
8479812010,80,5,반도체 제조용,U,1,2013-01-01
8479812090,80,5,기타,U,1,2002-01-01
8479813000,80,4,권선기,U,1,2002-01-01
8479814000,80,4,절연이나 보호재료 피복기,U,1,2013-01-01
8479819000,80,4,기타,U,1,2002-01-01
847982,80,3,혼합기ㆍ반죽기ㆍ파쇄기ㆍ분쇄기ㆍ기계식 체ㆍ시프팅기(sifting machine)ㆍ균질기ㆍ유화기ㆍ교반기,,0,
8479821000,80,4,혼합기,U,1,2002-01-01
8479822000,80,4,파쇄기와 분쇄기,U,1,2002-01-01
8479823000,80,4,균질기,U,1,2002-01-01
8479824000,80,4,교반기,U,1,2002-01-01
8479829000,80,4,기타,U,1,2002-01-01
8479830000,80,3,냉간 등압성형기,U,1,2022-01-01
847989,80,3,기타,,0,
84798910,80,4,가정형의 기기,,0,
8479891010,80,5,공기청정기(제습 및 가습 기능이 있는 것으로 한정한다),U,1,2013-01-01
8479891090,80,5,기타,U,1,2002-01-01
84798920,80,4,전자부품장착기,,0,
8479892010,80,5,인쇄회로조립품 제조에 전용 또는 주로 사용되는 종류의 것,U,1,2017-01-01
8479892090,80,5,기타,U,1,2017-01-01
84798990,80,4,기타,,0,
8479899010,80,5,프레스ㆍ압출기,U,1,2013-01-01
8479899020,80,5,선박용ㆍ어업용 기기,U,1,2013-01-01
8479899030,80,5,아이레팅(eyeletting)기ㆍ튜불러리베팅(tubular revetting)기,U,1,2013-01-01
8479899050,80,5,코팅머신(도포기),U,1,2002-01-01
8479899060,80,5,자동도어 작동기,U,1,2002-01-01
8479899080,80,5,조상기(釣上機),U,1,2013-01-01
847989909,80,5,기타,,0,
8479899091,80,6,제87류의 차량용,U,1,2013-01-01
8479899099,80,6,기타,U,1,2002-01-01
847990,80,2,부분품,,0,
84799010,80,3,"제8479.89.10호, 제8479.89.9091호의 것",,0,
8479901010,80,4,냉방기기용(카쿨러의 것을 포함한다),,1,2013-01-01
8479901020,80,4,가정형 기기용,,1,2013-01-01
8479901030,80,4,제87류의 차량용,,1,2013-01-01
8479902000,80,3,제8479.89-9080호의 것,,1,2022-01-01
8479903000,80,3,반도체 제조용 기기의 것,,1,2013-01-01
8479904000,80,3,소호 제8479.7호의 것,,1,2022-01-01
84799050,80,3,전자부품장착기의 것,,0,
8479905010,80,4,인쇄회로조립품 제조에 전용 또는 주로 사용되는 종류의 것,,1,2017-01-01
8479905090,80,4,기타,,1,2017-01-01
84799090,80,3,기타,,0,
8479909010,80,4,"토목공사, 건축, 그 밖에 이와 유사한 용도에 사용하는 기계류의 것",,1,2013-01-01
8479909020,80,4,동물성이나 비휘발성의 식물성 유지의 추출 및 조제용 기계의 것,,1,2013-01-01
8479909030,80,4,"로프, 케이블 제조기의 것",,1,2013-01-01
8479909040,80,4,금속처리용 기계류의 것,,1,2002-01-01
8479909050,80,4,혼합기ㆍ반죽기ㆍ파쇄기ㆍ분쇄기ㆍ기계식체ㆍ시프팅기ㆍ균질기ㆍ유화기ㆍ교반기의 것,,1,2013-01-01
8479909060,80,4,프레스ㆍ압출기의 것,,1,2013-01-01
8479909070,80,4,선박용ㆍ어업 기기의 것,,1,2013-01-01
8479909090,80,4,기타,,1,2002-01-01
8480,80,1,"금속 주조용 주형틀, 주형 베이스, 주형 제조용 모형, 금속[잉곳(ingot)용은 제외한다]ㆍ금속탄화물ㆍ유리ㆍ광물성 물질ㆍ고무ㆍ플라스틱 성형용 주형",,0,
8480100000,80,2,금속 주조용 주형틀,,1,2013-01-01
8480200000,80,2,주형 베이스,,1,2002-01-01
8480300000,80,2,주형 제조용 모형,,1,2013-01-01
84804,80,2,금속이나 금속탄화물 성형용 주형,,0,
8480410000,80,3,사출식이나 압축식,,1,2013-01-01
8480490000,80,3,기타,,1,2002-01-01
8480500000,80,2,유리 성형용 주형,,1,2013-01-01
8480600000,80,2,광물성 물질 성형용 주형,,1,2013-01-01
84807,80,2,고무나 플라스틱 성형용 주형,,0,
8480710000,80,3,사출식이나 압축식,,1,2013-01-01
8480790000,80,3,기타,,1,2002-01-01
8481,80,1,파이프ㆍ보일러 동체ㆍ탱크ㆍ통이나 이와 유사한 물품에 사용하는 탭ㆍ코크ㆍ밸브와 이와 유사한 장치(감압밸브와 온도제어식 밸브를 포함한다),,0,
8481100000,80,2,감압밸브,,1,2002-01-01
848120,80,2,유압이나 공기압 전송용 밸브,,0,
8481201000,80,3,유압 전송용 밸브,,1,2002-01-01
8481202000,80,3,공기압 전송용 밸브,,1,2002-01-01
8481300000,80,2,체크(논리턴)밸브,,1,2002-01-01
8481400000,80,2,안전밸브,,1,2002-01-01
848180,80,2,그 밖의 기기,,0,
84818010,80,3,그 밖의 밸브,,0,
8481801010,80,4,전기 작동식의 것,,1,2012-01-01
8481801020,80,4,액압 작동식의 것,,1,2002-01-01
8481801030,80,4,그 밖의 자동제어식의 것,,1,2013-01-01
8481801090,80,4,기타,,1,2002-01-01
84818020,80,3,탭ㆍ코크와 트랩,,0,
8481802010,80,4,수도꼭지,U,1,2025-01-01
8481802090,80,4,기타,U,1,2025-01-01
8481809000,80,3,기타,,1,2002-01-01
8481900000,80,2,부분품,,1,2017-01-01
8482,80,1,볼베어링(ball bearing)이나 롤러베어링(roller bearing),,0,
848210,80,2,볼베어링(ball bearing),,0,
8482102000,80,3,내경이 100밀리미터 이하인 것,U,1,2007-01-01
8482109000,80,3,기타,U,1,2012-01-01
8482200000,80,2,원추형 롤러베어링(roller bearing)[콘과 결합된 원추형 롤러베어링(roller bearing)을 포함한다],U,1,2013-01-01
8482300000,80,2,구형 롤러베어링(roller bearing),U,1,2013-01-01
8482400000,80,2,니들 롤러베어링(roller bearing)(케이지와 니들 롤러의 조립품을 포함한다),U,1,2022-01-01
8482500000,80,2,그 밖의 원통형 롤러베어링(roller bearing)(케이지와 롤러의 조립품을 포함한다),U,1,2022-01-01
8482800000,80,2,그 밖의 베어링[볼베어링(ball bearing)과 롤러베어링(roller bearing)이 결합된 것을 포함한다],U,1,2013-01-01
84829,80,2,부분품,,0,
8482910000,80,3,볼ㆍ니들ㆍ롤러,,1,2013-01-01
8482990000,80,3,기타,,1,2002-01-01
8483,80,1,"전동축[캠샤프트(cam shaft)와 크랭크샤프트(crank shaft)를 포함한다], 크랭크(crank), 베어링하우징(bearing housing)과 플레인 샤프트베어링(plain shaft bearing), 기어(gear)와 기어링(gearing), 볼이나 롤러 스크루(roller screw), 기어박스(gear box), 그 밖의 변속기[토크컨버터(torque converter)를 포함한다], 플라이휠(flywheel)과 풀리(pulley)[풀리블록(pulley block)을 포함한다], 클러치(clutch)와 샤프트커플링(shaft coupling)[유니버설조인트(universal joint)를 포함한다]",,0,
848310,80,2,"전동축[캠샤프트(cam shaft)와 크랭크샤프트(crank shaft)를 포함한다], 크랭크(crank)",,0,
8483101000,80,3,항공기용,U,1,2013-01-01
84831090,80,3,기타,,0,
8483109010,80,4,제87류 차량용,U,1,2013-01-01
8483109090,80,4,기타,U,1,2002-01-01
848320,80,2,베어링하우징(bearing housing)[볼베어링(ball bearing)이나 롤러베어링(roller bearing)을 갖춘 것으로 한정한다],,0,
8483201000,80,3,항공기용,U,1,2013-01-01
8483209000,80,3,기타,U,1,2002-01-01
848330,80,2,베어링하우징(bearing housing)[볼베어링(ball bearing)이나 롤러베어링(roller bearing)을 갖추지 않은 것으로 한정한다]과 플레인 샤프트베어링(plain shaft bearing),,0,
8483301000,80,3,항공기용,U,1,2013-01-01
8483309000,80,3,기타,U,1,2002-01-01
848340,80,2,"기어(gear)와 기어링(gearing)[날이 붙은 휠ㆍ체인스프로켓(chain sprocket)과 분리되어 제시된 그 밖의 전동(transmission)용 엘리먼트는 제외한다], 볼이나 롤러스크루(roller screw), 기어박스와 그 밖의 변속기[토크컨버터(torque converter)를 포함한다]",,0,
84834010,80,3,항공기용,,0,
8483401010,80,4,롤러 스크루(roller screw),U,1,2013-01-01
8483401090,80,4,기타,U,1,2002-01-01
84834090,80,3,기타,,0,
8483409010,80,4,기어,U,1,2002-01-01
8483409020,80,4,기어박스,U,1,2002-01-01
8483409030,80,4,무단변속기,U,1,2022-01-01
8483409040,80,4,롤러 스크루,U,1,2022-01-01
8483409050,80,4,볼 스크루,U,1,2022-01-01
8483409090,80,4,기타,U,1,2002-01-01
848350,80,2,플라이휠(flywheel)과 풀리(pulley)[풀리블록(pulley block)을 포함한다],,0,
8483501000,80,3,항공기용,U,1,2013-01-01
8483509000,80,3,기타,U,1,2002-01-01
848360,80,2,클러치(clutch)와 샤프트커플링(shaft coupling)[유니버설조인트(universal joint)를 포함한다],,0,
8483601000,80,3,항공기용,U,1,2013-01-01
8483602000,80,3,풍력발전기용,U,1,2013-01-01
8483609000,80,3,기타,U,1,2002-01-01
848390,80,2,"날이 붙은 휠, 체인스프로켓(chain sprocket), 분리되어 제시된 그 밖의 전동(transmission)용 엘리먼트와 부분품",,0,
8483901000,80,3,항공기용,,1,2013-01-01
8483902000,80,3,풍력발전기용,,1,2013-01-01
8483909000,80,3,기타,,1,2002-01-01
8484,80,1,"개스킷(gasket)과 이와 유사한 조인트(금속 외의 재료와 결합한 금속판으로 만든 것이나 금속을 두 개 이상 적층한 것으로 한정한다), 재질이 다른 것을 세트로 하거나 소포장한 개스킷(gasket)과 이와 유사한 조인트(작은 주머니와 봉투에 넣은 것이나 이와 유사한 포장을 한 것으로 한정한다), 메커니컬 실(mechanical seal)",,0,
848410,80,2,개스킷(gasket)과 이와 유사한 조인트(금속 외의 재료와 결합한 금속판으로 만든 것이나 금속을 두 개 이상 적층한 것으로 한정한다),,0,
8484101000,80,3,제87류 차량용,,1,2013-01-01
8484109000,80,3,기타,,1,2002-01-01
8484200000,80,2,메커니컬 실(mechanical seal),,1,2013-01-01
8484900000,80,2,기타,,1,2002-01-01
8485,80,1,적층제조기계,,0,
8485100000,80,2,금속용,,1,2022-01-01
848520,80,2,플라스틱ㆍ고무용,,0,
8485201000,80,3,데스크탑 형태의 재료압출방식,,1,2022-01-01
8485209000,80,3,기타,,1,2022-01-01
8485300000,80,2,플라스터ㆍ시멘트ㆍ세라믹ㆍ유리용,,1,2022-01-01
8485800000,80,2,기타,,1,2022-01-01
8485900000,80,2,부분품,,1,2022-01-01
8486,80,1,"반도체 보울(boule)이나 웨이퍼(wafer)ㆍ반도체 디바이스ㆍ전자집적회로ㆍ평판디스플레이의 제조에 전용되거나 주로 사용되는 기계와 기기, 이 류의 주 제11호다목에서 특정한 기계와 기기, 그 부분품과 부속품",,0,
848610,80,2,보울(boule)이나 웨이퍼(wafer) 제조용 기계와 기기,,0,
8486101000,80,3,스핀 드라이어(원심분리방식으로 한정한다),U,1,2013-01-01
8486102000,80,3,단결정 보울(boule)을 성장시키는 기계,U,1,2013-01-01
84861030,80,3,보울(boule)이나 웨이퍼(wafer)의 가공용 공작기계,,0,
8486103010,80,4,단결정 보울(boule)을 얇게 절단하는 기기,U,1,2022-01-14
8486103020,80,4,웨이퍼 가공용의 연마기ㆍ광택기(래핑기를 포함한다),U,1,2013-01-01
8486103090,80,4,기타,U,1,2007-01-01
84861040,80,3,각종 재료의 가공공작기계(레이저나 그 밖의 광선ㆍ광자빔ㆍ전기화학ㆍ전자빔ㆍ이온빔ㆍ플라즈마아크 방식에 의하여 재료의 일부를 제거하여 가공하는 것으로 한정한다),,0,
8486104010,80,4,레이저나 그 밖의 광선ㆍ광자빔 방식에 의한 것,U,1,2022-01-14
8486104020,80,4,전기화학ㆍ전자빔ㆍ이온빔이나 플라즈마아크방식에 의한 것,U,1,2022-01-14
84861050,80,3,전기식 노(爐)와 오븐(전자유도식ㆍ유전식을 포함한다),,0,
8486105010,80,4,저항가열식의 노(爐)와 오븐,U,1,2013-01-01
8486105030,80,4,그 밖의 노(爐)와 오븐,U,1,2013-01-01
8486109000,80,3,기타,U,1,2007-01-01
848620,80,2,반도체 디바이스나 전자집적회로 제조용 기계와 기기,,0,
8486201000,80,3,스핀 드라이어(원심분리방식으로 한정한다),U,1,2013-01-01
8486202,80,3,전기식 노(爐)와 오븐(전자유도식ㆍ유전식을 포함한다),,0,
8486202100,80,4,저항가열식의 노(爐)와 오븐,U,1,2013-01-01
8486202200,80,4,전자유도식ㆍ유전식 노(爐)와 오븐,U,1,2022-01-01
8486202300,80,4,그 밖의 노(爐)와 오븐,U,1,2022-01-01
8486203000,80,3,반도체재료 도핑용 이온주입기,U,1,2007-01-01
8486204000,80,3,반도체웨이퍼 위에 막을 형성하거나 금속을 증착하는 기계,U,1,2017-01-01
8486205000,80,3,굽힘용ㆍ접음용ㆍ교정용ㆍ펼침용 금속가공 공작기계(프레스를 포함한다),U,1,2022-01-01
84862060,80,3,감광성 반도체 재료에 회로모형을 투영하거나 드로잉하는 기기,,0,
8486206010,80,4,반도체웨이퍼 위에 직접 그리는 기기,U,1,2013-01-01
8486206020,80,4,스텝 앤 리피트 얼라이너,U,1,2007-01-01
848620609,80,4,기타,,0,
8486206091,80,5,레이저 작동식 기기,U,1,2014-01-01
8486206099,80,5,기타,U,1,2014-01-01
8486207000,80,3,"반도체 웨이퍼를 습식 식각, 현상, 스트리핑하거나 세척하는 기계",U,1,2013-01-01
8486208,80,3,각종 재료의 가공공작기계(레이저나 그 밖의 광선ㆍ광자빔ㆍ전기화학ㆍ전자빔ㆍ이온빔ㆍ플라즈마아크 방식에 의하여 재료의 일부를 제거하여 가공하는 것으로 한정한다),,0,
8486208100,80,4,레이저나 그 밖의 광선ㆍ광자빔 방식에 의한 것,U,1,2022-01-01
84862084,80,4,전기화학ㆍ전자빔ㆍ이온빔이나 플라즈마아크방식에 의한 것,,0,
8486208410,80,5,반도체재료의 건식식각 패턴용의 것,U,1,2009-01-01
8486208420,80,5,반도체웨이퍼를 스트리핑하거나 세척하는 기기,U,1,2013-01-01
8486208490,80,5,기타,U,1,2009-01-01
8486209,80,3,기타,,0,
8486209100,80,4,액체나 분말의 분사용ㆍ살포용ㆍ분무용 기기,U,1,2022-01-01
8486209200,80,4,포토레지스트를 도포ㆍ현상ㆍ경화시키는 기계,U,1,2013-01-01
84862093,80,4,광물성 물질의 가공용 공작기계,,0,
8486209310,80,5,반도체 웨이퍼가공용의 연마기ㆍ광택기(래핑기를 포함한다),U,1,2013-01-01
8486209320,80,5,반도체 웨이퍼의 스크라이빙ㆍ스코어링을 위한 다이싱기,U,1,2022-01-01
8486209390,80,5,기타,U,1,2007-01-01
8486209400,80,4,웨이퍼ㆍ캐리어ㆍ튜브를 세척하는 기계,U,1,2013-01-01
8486209500,80,4,반도체웨이퍼 위에 테이프를 부착시키는 기계,U,1,2013-01-01
8486209600,80,4,반도체웨이퍼를 개별 칩으로 절단하는 기기,U,1,2012-01-01
8486209900,80,4,기타,U,1,2007-01-01
848630,80,2,평판디스플레이 제조용 기계와 기기,,0,
84863010,80,3,유기발광다이오드(오엘이디) 디스플레이 제조용,,0,
8486301010,80,4,연마기ㆍ광택기,U,1,2022-01-01
8486301020,80,4,도포 또는 현상기,U,1,2022-01-01
848630103,80,4,증착기,,0,
8486301031,80,5,물리적 방식의 것,U,1,2022-01-01
8486301032,80,5,화학적 방식의 것,U,1,2022-01-01
8486301040,80,4,감광성 평판디스플레이용 기판에 회로모형을 투영하거나 드로잉하는 기기,U,1,2022-01-01
8486301050,80,4,식각기,U,1,2022-01-01
8486301060,80,4,스트리핑하거나 세척하는 기기,U,1,2022-01-01
8486301090,80,4,기타,U,1,2022-01-01
84863020,80,3,기타,,0,
8486302010,80,4,연마기ㆍ광택기,U,1,2022-01-01
8486302020,80,4,도포 또는 현상기,U,1,2022-01-01
848630203,80,4,증착기,,0,
8486302031,80,5,물리적 방식의 것,U,1,2022-01-01
8486302032,80,5,화학적 방식의 것,U,1,2022-01-01
8486302040,80,4,감광성 평판디스플레이용기판에 회로모형을 투영하거나 드로잉하는 기기,U,1,2022-01-01
8486302050,80,4,식각기,U,1,2022-01-01
8486302060,80,4,스트리핑하거나 세척하는 기기,U,1,2022-01-01
8486302070,80,4,액정 공정용 기기,U,1,2022-01-01
8486302090,80,4,기타,U,1,2022-01-01
848640,80,2,이 류의 주 제11호다목에서 특정한 기계와 기기,,0,
84864010,80,3,마스크와 레티클의 제조용ㆍ수리용 기계와 기기,,0,
8486401010,80,4,패턴형성기(주로 사진 감광액이 도포된 감광판으로부터 마스크와 레티클을 제조하기 위해 사용되는 것),U,1,2007-01-01
8486401020,80,4,마스크와 레티클을 처리ㆍ수리하기 위한 포커스드 이온빔 밀링기,U,1,2013-01-01
8486401030,80,4,포토레지스트를 도포ㆍ현상ㆍ경화시키는 기계,U,1,2017-01-01
8486401040,80,4,"마스크와 레티클을 식각, 세척, 스트리핑하는 기계와 기기",U,1,2013-01-01
8486401090,80,4,기타,U,1,2007-01-01
84864020,80,3,반도체 디바이스ㆍ전자집적회로의 조립용 기계와 기기,,0,
8486402010,80,4,"반도체 조립용의 다이 부착기, 테이프자동접착기ㆍ와이어접착기",U,1,2013-01-01
8486402020,80,4,반도체 디바이스를 삽입ㆍ제거시키는 기계,U,1,2013-01-01
848640203,80,4,패키지성형이나 리드프레임의 절단용ㆍ성형용 기계,,0,
8486402031,80,5,반도체조립용 인캡슐레이션 기기,U,1,2007-01-01
8486402039,80,5,기타,U,1,2007-01-01
8486402040,80,4,납볼을 반도체 제조용 인쇄회로기판이나 세라믹기판에 탑재하는 기계,U,1,2013-01-01
8486402070,80,4,사출식ㆍ압축식의 고무ㆍ플라스틱 성형용 주형,U,1,2013-01-01
8486402080,80,4,"반도체 다이를 부착하거나 웨이퍼, 캐리어, 튜브를 세척하는 기계",U,1,2013-01-01
848640209,80,4,기타,,0,
8486402091,80,5,"굽힘용ㆍ접음용ㆍ교정용ㆍ펼침용 금속가공 공작기계(반도체 리드의 것으로서 프레스를 포함하며, 수치제어식의 여부는 상관없다)",U,1,2014-01-01
8486402093,80,5,웨이퍼의 절단 이전에 전체 웨이퍼에 연결접점(범프)을 형성하는 웨이퍼 범핑용 기기,U,1,2009-01-01
8486402095,80,5,저항가열식의 전기식 노(爐)와 오븐,U,1,2013-01-01
8486402099,80,5,기타,U,1,2007-01-01
84864030,80,3,"보울, 웨이퍼, 반도체 디바이스, 전자집적회로와 평판디스플레이의 권양(捲揚), 취급, 적하(積荷)나 양하(揚荷)용 기계와 기기",,0,
8486403010,80,4,"반도체 소자 제조용 웨이퍼, 웨이퍼카셋트, 상자나 그 밖의 물품을 이송, 핸들링 그리고 저장하기 위한 것",U,1,2013-01-01
8486403020,80,4,"평판디스플레이의 권양(捲揚), 취급, 적하(積荷)나 양하(揚荷)용의 것",U,1,2017-01-01
8486403090,80,4,기타,U,1,2007-01-01
848690,80,2,부분품과 부속품,,0,
8486901000,80,3,보울ㆍ웨이퍼 제조용 기계와 기기의 것,,1,2022-01-01
84869020,80,3,반도체 디바이스ㆍ전자집적회로 제조용 기계와 기기의 것,,0,
8486902030,80,4,정전식 척(chuck),,1,2022-01-01
8486902040,80,4,도포ㆍ현상ㆍ증착ㆍ식각용 기기의 것,,1,2022-01-01
8486902090,80,4,기타,,1,2022-01-01
84869030,80,3,평판디스플레이 제조용 기계와 기기의 것,,0,
8486903050,80,4,유기발광다이오드(오엘이디) 디스플레이 제조용기기의 것,,1,2022-01-01
8486903060,80,4,액정 디스플레이 제조용 기기의 것,,1,2022-01-01
8486903090,80,4,기타,,1,2022-01-01
8486904000,80,3,이 류의 주 제11호다목에서 특정한 기계와 기기의 것,,1,2022-01-01
8487,80,1,"기계류의 부분품(접속자ㆍ절연체ㆍ코일ㆍ접촉자와 그 밖의 전기용품을 포함하지 않으며, 이 류에 따로 분류되지 않은 것으로 한정한다)",,0,
8487100000,80,2,선박이나 보트의 추진기와 그 블레이드(blade),,1,2022-01-01
848790,80,2,기타,,0,
8487901000,80,3,제87류 차량용,,1,2013-01-01
84879090,80,3,기타,,0,
8487909010,80,4,오일 실링,,1,2007-01-01
8487909090,80,4,기타,,1,2007-01-01
85,80,0,"제85류 전기기기와 그 부분품, 녹음기ㆍ음성 재생기ㆍ텔레비전의 영상과 음성의 기록기ㆍ재생기와 이들의 부분품ㆍ부속품",,0,
8501,80,1,전동기와 발전기(발전세트는 제외한다),,0,
850110,80,2,전동기(출력이 37.5와트 이하인 것으로 한정한다),,0,
8501101000,80,3,직류 전동기,U,1,2002-01-01
8501102000,80,3,교류 전동기,U,1,2002-01-01
8501103000,80,3,교류ㆍ직류 겸용 전동기,U,1,2002-01-01
850120,80,2,교류ㆍ직류 겸용 전동기(출력이 37.5와트를 초과하는 것으로 한정한다),,0,
8501201000,80,3,출력이 37.5와트 초과 100와트 이하인 것,U,1,2017-01-01
8501202000,80,3,출력이 100와트 초과 750와트 이하인 것,U,1,2017-01-01
8501203000,80,3,출력이 750와트를 초과하는 것,U,1,2002-01-01
85013,80,2,그 밖의 직류 전동기와 직류 발전기(태양광 발전기를 제외한다),,0,
850131,80,3,출력이 750와트 이하인 것,,0,
85013110,80,4,직류 전동기,,0,
8501311010,80,5,출력이 100와트 이하인 것,U,1,2002-01-01
8501311090,80,5,기타,U,1,2002-01-01
8501312000,80,4,직류 발전기,U,1,2013-01-01
850132,80,3,출력이 750와트 초과 75킬로와트 이하인 것,,0,
8501321000,80,4,직류 전동기,U,1,2013-01-01
8501322000,80,4,직류 발전기,U,1,2013-01-01
850133,80,3,출력이 75킬로와트 초과 375킬로와트 이하인 것,,0,
8501331000,80,4,직류 전동기,U,1,2013-01-01
85013320,80,4,직류 발전기,,0,
8501332010,80,5,연료전지스택,U,1,2025-01-01
8501332090,80,5,기타,U,1,2025-01-01
850134,80,3,출력이 375킬로와트를 초과하는 것,,0,
8501341000,80,4,직류 전동기,U,1,2013-01-01
8501342000,80,4,직류 발전기,U,1,2013-01-01
850140,80,2,그 밖의 단상(單相) 교류 전동기,,0,
8501401000,80,3,출력이 100와트 이하인 것,U,1,2002-01-01
8501402000,80,3,출력이 100와트 초과 750와트 이하인 것,U,1,2017-01-01
8501403000,80,3,출력이 750와트 초과 75킬로와트 이하인 것,U,1,2017-01-01
8501404000,80,3,출력이 75킬로와트를 초과하는 것,U,1,2002-01-01
85015,80,2,그 밖의 다상(多相) 교류 전동기,,0,
8501510000,80,3,출력이 750와트 이하인 것,U,1,2002-01-01
850152,80,3,출력이 750와트 초과 75킬로와트 이하인 것,,0,
8501521000,80,4,전기차(하이브리드형을 포함한다)용의 구동 모터,U,1,2025-01-01
8501529000,80,4,기타,U,1,2025-01-01
850153,80,3,출력이 75킬로와트를 초과하는 것,,0,
85015310,80,4,출력이 375킬로와트 이하인 것,,0,
8501531010,80,5,전기차(하이브리드형을 포함한다)용의 구동 모터,U,1,2025-01-01
8501531090,80,5,기타,U,1,2025-01-01
8501532000,80,4,"출력이 375킬로와트 초과 1,500킬로와트 이하인 것",U,1,2017-01-01
8501534000,80,4,"출력이 1,500킬로와트를 초과하는 것",U,1,2002-01-01
85016,80,2,교류 발전기(태양광 발전기를 제외한다),,0,
850161,80,3,출력이 75킬로볼트암페어 이하인 것,,0,
8501611000,80,4,출력이 750볼트암페어 이하인 것,U,1,2002-01-01
8501612000,80,4,출력이 750볼트암페어 초과 75킬로볼트암페어 이하인 것,U,1,2017-01-01
850162,80,3,출력이 75킬로볼트암페어 초과 375킬로볼트암페어 이하인 것,,0,
8501621000,80,4,연료전지시스템,U,1,2025-01-01
8501629000,80,4,기타,U,1,2025-01-01
850163,80,3,출력이 375킬로볼트암페어 초과 750킬로볼트암페어 이하인 것,,0,
8501631000,80,4,400킬로와트에 상응하는 출력 이상인 것,U,1,2013-01-01
8501639000,80,4,기타,U,1,2002-01-01
8501640000,80,3,출력이 750킬로볼트암페어를 초과하는 것,U,1,2002-01-01
85017,80,2,태양광 직류 발전기,,0,
8501710000,80,3,출력이 50와트 이하인 것,U,1,2022-01-01
850172,80,3,출력이 50와트를 초과하는 것,,0,
8501721000,80,4,출력이 50와트 초과 750와트 이하인 것,U,1,2022-01-01
8501722000,80,4,출력이 750와트 초과 75킬로와트 이하인 것,U,1,2022-01-01
8501723000,80,4,출력이 75킬로와트 초과 375킬로와트 이하인 것,U,1,2022-01-01
8501724000,80,4,출력이 375킬로와트를 초과하는 것,U,1,2022-01-01
850180,80,2,태양광 교류 발전기,,0,
8501801000,80,3,출력이 750볼트암페어 이하인 것,U,1,2022-01-01
8501802000,80,3,출력이 750볼트암페어 초과 75킬로볼트암페어 이하인 것,U,1,2022-01-01
8501803000,80,3,출력이 75킬로볼트암페어 초과 375킬로볼트암페어 이하인 것,U,1,2022-01-01
85018040,80,3,출력이 375킬로볼트암페어 초과 750킬로볼트암페어 이하인 것,,0,
8501804010,80,4,400킬로와트에 상응하는 출력 이상인 것,U,1,2022-01-01
8501804090,80,4,기타,U,1,2022-01-01
8501805000,80,3,출력이 750킬로볼트암페어를 초과하는 것,U,1,2022-01-01
8502,80,1,발전세트와 회전변환기,,0,
85021,80,2,압축점화식 피스톤 내연기관을 갖춘 발전세트(디젤엔진이나 세미디젤엔진의 것으로 한정한다),,0,
850211,80,3,출력이 75킬로볼트암페어 이하인 것,,0,
8502111000,80,4,출력이 750볼트암페어 이하인 것,U,1,2002-01-01
8502112000,80,4,출력이 750볼트암페어 초과 75킬로볼트암페어 이하인 것,U,1,2017-01-01
8502120000,80,3,출력이 75킬로볼트암페어 초과 375킬로볼트암페어 이하인 것,U,1,2017-01-01
850213,80,3,출력이 375킬로볼트암페어를 초과하는 것,,0,
85021310,80,4,출력이 375킬로볼트암페어 초과 750킬로볼트암페어 이하인 것,,0,
8502131010,80,5,400킬로와트에 상응하는 출력 이상인 것,U,1,2013-01-01
8502131090,80,5,기타,U,1,2002-01-01
8502132000,80,4,"출력이 750킬로볼트암페어 초과 3,500킬로볼트암페어 이하인 것",U,1,2017-01-01
8502134000,80,4,"출력이 3,500킬로볼트암페어를 초과하는 것",U,1,2002-01-01
850220,80,2,불꽃점화식 피스톤 내연기관을 갖춘 발전세트,,0,
8502201000,80,3,출력이 75킬로볼트암페어 이하인 것,U,1,2002-01-01
8502202000,80,3,출력이 75킬로볼트암페어 초과 375킬로볼트암페어 이하인 것,U,1,2017-01-01
85022030,80,3,출력이 375킬로볼트암페어 초과 750킬로볼트암페어 이하인 것,,0,
8502203010,80,4,400킬로와트에 상응하는 출력 이상인 것,U,1,2013-01-01
8502203090,80,4,기타,U,1,2002-01-01
8502204000,80,3,출력이 750킬로볼트암페어를 초과하는 것,U,1,2002-01-01
85023,80,2,그 밖의 발전세트,,0,
850231,80,3,풍력의 것,,0,
8502311000,80,4,출력이 75킬로볼트암페어 이하인 것,U,1,2002-01-01
8502312000,80,4,출력이 75킬로볼트암페어 초과 750킬로볼트암페어 이하인 것,U,1,2017-01-01
8502314000,80,4,출력이 750킬로볼트암페어를 초과하는 것,U,1,2002-01-01
850239,80,3,기타,,0,
8502391000,80,4,출력이 75킬로볼트암페어 이하인 것,U,1,2002-01-01
8502392000,80,4,출력이 75킬로볼트암페어 초과 375킬로볼트암페어 이하인 것,U,1,2017-01-01
8502393000,80,4,출력이 375킬로볼트암페어 초과 750킬로볼트암페어 이하인 것,U,1,2017-01-01
8502394000,80,4,출력이 750킬로볼트암페어를 초과하는 것,U,1,2002-01-01
8502400000,80,2,회전변환기,U,1,2002-01-01
8503,80,1,부분품(제8501호나 제8502호의 기계에 전용되거나 주로 사용되는 것으로 한정한다),,0,
850300,80,2,부분품(제8501호나 제8502호의 기계에 전용되거나 주로 사용되는 것으로 한정한다),,0,
8503001000,80,3,전동기의 것,,1,2002-01-01
85030020,80,3,발전기ㆍ발전세트의 것,,0,
8503002010,80,4,풍력발전기용,,1,2013-01-01
8503002090,80,4,기타,,1,2011-01-01
8503003000,80,3,회전변환기의 것,,1,2002-01-01
8504,80,1,변압기ㆍ정지형 변환기(예: 정류기)와 유도자,,0,
850410,80,2,방전등용이나 방전관용 안정기,,0,
85041010,80,3,전류가 20암페어 이하인 것,,0,
8504101010,80,4,전류가 1암페어 이하인 것,U,1,2002-01-01
8504101020,80,4,전류가 1암페어 초과 20암페어 이하인 것,U,1,2017-01-01
8504102000,80,3,전류가 20암페어 초과 60암페어 이하인 것,U,1,2017-01-01
8504103000,80,3,전류가 60암페어를 초과하는 것,U,1,2002-01-01
85042,80,2,유입식 변압기,,0,
850421,80,3,용량이 650킬로볼트암페어 이하인 것,,0,
8504211000,80,4,계기용 변압기,U,1,2002-01-01
85042190,80,4,기타,,0,
8504219010,80,5,용량이 100킬로볼트암페어 이하인 것,U,1,2002-01-01
8504219020,80,5,용량이 100킬로볼트암페어 초과 650킬로볼트암페어 이하인 것,U,1,2017-01-01
850422,80,3,"용량이 650킬로볼트암페어 초과 10,000킬로볼트암페어 이하인 것",,0,
8504221000,80,4,계기용 변압기,U,1,2002-01-01
85042290,80,4,기타,,0,
8504229010,80,5,"용량이 650킬로볼트암페어 초과 1,000킬로볼트암페어 이하인 것",U,1,2017-01-01
8504229020,80,5,"용량이 1,000킬로볼트암페어 초과 5,000킬로볼트암페어 이하인 것",U,1,2017-01-01
8504229030,80,5,"용량이 5,000킬로볼트암페어 초과 10,000킬로볼트암페어 이하인 것",U,1,2017-01-01
8504230000,80,3,"용량이 10,000킬로볼트암페어를 초과하는 것",U,1,2002-01-01
85043,80,2,그 밖의 변압기,,0,
850431,80,3,용량이 1킬로볼트암페어 이하인 것,,0,
8504311000,80,4,계기용 변압기,U,1,2002-01-01
8504312000,80,4,전압 조정기,U,1,2002-01-01
85043190,80,4,기타,,0,
8504319010,80,5,용량이 100볼트암페어 이하인 것,U,1,2002-01-01
8504319020,80,5,용량이 100볼트암페어 초과 500볼트암페어 이하인 것,U,1,2017-01-01
8504319040,80,5,용량이 500볼트암페어 초과 1킬로볼트암페어 이하인 것,U,1,2017-01-01
850432,80,3,용량이 1킬로볼트암페어 초과 16킬로볼트암페어 이하인 것,,0,
8504321000,80,4,계기용 변압기,U,1,2002-01-01
8504322000,80,4,전압 조정기,U,1,2002-01-01
85043290,80,4,기타,,0,
8504329010,80,5,용량이 1킬로볼트암페어 초과 5킬로볼트암페어 이하인 것,U,1,2017-01-01
8504329020,80,5,용량이 5킬로볼트암페어 초과 16킬로볼트암페어 이하인 것,U,1,2017-01-01
850433,80,3,용량이 16킬로볼트암페어 초과 500킬로볼트암페어 이하인 것,,0,
8504331000,80,4,계기용 변압기,U,1,2002-01-01
8504332000,80,4,전압 조정기,U,1,2002-01-01
85043390,80,4,기타,,0,
8504339010,80,5,용량이 16킬로볼트암페어 초과 30킬로볼트암페어 이하인 것,U,1,2017-01-01
8504339020,80,5,용량이 30킬로볼트암페어 초과 100킬로볼트암페어 이하인 것,U,1,2017-01-01
8504339040,80,5,용량이 100킬로볼트암페어 초과 500킬로볼트암페어 이하인 것,U,1,2017-01-01
850434,80,3,용량이 500킬로볼트암페어를 초과하는 것,,0,
8504341000,80,4,계기용 변압기,U,1,2002-01-01
8504342000,80,4,전압 조정기,U,1,2002-01-01
85043490,80,4,기타,,0,
8504349010,80,5,"용량이 500킬로볼트암페어 초과 2,000킬로볼트암페어 이하인 것",U,1,2017-01-01
8504349030,80,5,"용량이 2,000킬로볼트암페어를 초과하는 것",U,1,2002-01-01
850440,80,2,정지형 변환기,,0,
85044010,80,3,정류기기,,0,
8504401010,80,4,"자동자료처리기계와 그 단위기기(제8471호, 제8443.31호, 제8443.32호, 제8528.42호, 제8528.52호, 제8528.62호)의 것 및 전기통신용 기기의 것",U,1,2022-01-01
8504401090,80,4,기타,U,1,2002-01-01
85044020,80,3,인버터,,0,
850440201,80,4,무정전 전원장치,,0,
8504402011,80,5,"자동자료처리기계와 그 단위기기(제8471호, 제8443.31호, 제8443.32호, 제8528.42호, 제8528.52호, 제8528.62호)의 것 및 전기통신용 기기의 것",U,1,2022-01-01
8504402019,80,5,기타,U,1,2002-01-01
8504402020,80,4,전기차(하이브리드형을 포함한다) 구동 모터용의 것,U,1,2025-01-01
850440209,80,4,기타,,0,
8504402091,80,5,"자동자료처리기계와 그 단위기기(제8471호, 제8443.31호, 제8443.32호, 제8528.42호, 제8528.52호, 제8528.62호)의 것 및 전기통신용 기기의 것",U,1,2022-01-01
8504402099,80,5,기타,U,1,2002-01-01
85044030,80,3,밧데리 충전기,,0,
8504403010,80,4,"자동자료처리기계와 그 단위기기(제8471호, 제8443.31호, 제8443.32호, 제8528.42호, 제8528.52호, 제8528.62호)의 것 및 전기통신용 기기의 것",U,1,2022-01-01
8504403090,80,4,기타,U,1,2002-01-01
85044040,80,3,파워팩,,0,
8504404010,80,4,"자동자료처리기계와 그 단위기기(제8471호, 제8443.31호, 제8443.32호, 제8528.42호, 제8528.52호, 제8528.62호)의 것 및 전기통신용 기기의 것",U,1,2022-01-01
8504404090,80,4,기타,U,1,2002-01-01
85044050,80,3,어댑터,,0,
8504405010,80,4,"자동자료처리기계와 그 단위기기(제8471호, 제8443.31호, 제8443.32호, 제8528.42호, 제8528.52호, 제8528.62호)의 것 및 전기통신용 기기의 것",U,1,2022-01-01
8504405090,80,4,기타,U,1,2002-01-01
85044090,80,3,기타,,0,
850440901,80,4,"자동자료처리기계와 그 단위기기(제8471호, 제8443.31호, 제8443.32호, 제8528.42호, 제8528.52호, 제8528.62호)의 파워서플라이 유닛",,0,
8504409011,80,5,자동자료처리기계의 것,U,1,2002-01-01
8504409019,80,5,기타,U,1,2002-01-01
850440909,80,4,기타,,0,
8504409091,80,5,전기통신용 기기의 것,U,1,2002-01-01
8504409099,80,5,기타,U,1,2002-01-01
850450,80,2,그 밖의 유도자,,0,
85045010,80,3,리엑터,,0,
8504501010,80,4,"자동자료처리기계와 그 단위기기(제8471호, 제8443.31호, 제8443.32호, 제8528.42호, 제8528.52호, 제8528.62호)의 것 및 전기통신용 기기의 것",U,1,2022-01-01
8504501090,80,4,기타,U,1,2002-01-01
85045020,80,3,인덕터,,0,
8504502010,80,4,"자동자료처리기계와 그 단위기기(제8471호, 제8443.31호, 제8443.32호, 제8528.42호, 제8528.52호, 제8528.62호)의 것 및 전기통신용 기기의 것",U,1,2022-01-01
8504502090,80,4,기타,U,1,2002-01-01
85045090,80,3,기타,,0,
8504509010,80,4,"자동자료처리기계와 그 단위기기(제8471호, 제8443.31호, 제8443.32호, 제8528.42호, 제8528.52호, 제8528.62호)의 것 및 전기통신용 기기의 것",U,1,2022-01-01
8504509090,80,4,기타,U,1,2002-01-01
850490,80,2,부분품,,0,
8504901000,80,3,"인쇄회로조립품(소호 제8504.40호ㆍ제8504.50호의 자동자료처리기계, 그 단위기기와 전기통신용 기기의 것으로서 제8534호의 인쇄회로로 구성된 것으로 한정한다)",,1,2022-01-01
8504909000,80,3,기타,,1,2002-01-01
8505,80,1,"전자석, 영구자석과 자화(磁化)한 후 영구자석으로 사용되는 물품, 전자석이나 영구자석식 척(chuck)ㆍ클램프와 이와 유사한 가공물 홀더, 전자석 커플링(coupling)ㆍ클러치와 브레이크, 전자석 리프팅헤드(lifting head)",,0,
85051,80,2,영구자석과 자화(磁化)한 후 영구자석으로 사용되는 물품,,0,
850511,80,3,금속으로 만든 것,,0,
8505111000,80,4,알니코(alnico)의 것,,1,2013-01-01
8505119000,80,4,기타,,1,2002-01-01
850519,80,3,기타,,0,
8505191000,80,4,산화철의 것,,1,2002-01-01
8505199000,80,4,기타,,1,2002-01-01
8505200000,80,2,전자석 커플링(coupling)ㆍ클러치ㆍ브레이크,,1,2013-01-01
850590,80,2,기타(부분품을 포함한다),,0,
85059010,80,3,전자석,,0,
8505901010,80,4,자기공명 촬영기기에 전용 또는 주로 사용되는 종류의 것(제9018호의 전자석은 제외한다),,1,2017-01-01
8505901090,80,4,기타,,1,2017-01-01
8505902000,80,3,전자석이나 영구자석식의 척(chuck)ㆍ클램프ㆍ바이스와 그 밖에 이와 유사한 가공물 홀더,,1,2013-01-01
8505903000,80,3,전자석 리프팅 헤드(lifting head),,1,2013-01-01
8505909000,80,3,부분품,,1,2002-01-01
8506,80,1,일차전지,,0,
850610,80,2,이산화망간으로 만든 것,,0,
8506101000,80,3,망간건전지,U,1,2002-01-01
8506102000,80,3,알칼리망간건전지,U,1,2002-01-01
8506109000,80,3,기타,U,1,2002-01-01
8506300000,80,2,산화수은으로 만든 것,U,1,2013-01-01
8506400000,80,2,산화은으로 만든 것,U,1,2013-01-01
8506500000,80,2,리튬으로 만든 것,U,1,2013-01-01
8506600000,80,2,에어징크로 만든 것,U,1,2013-01-01
850680,80,2,그 밖의 일차전지,,0,
8506801000,80,3,산화아연으로 만든 것,U,1,2013-01-01
8506809000,80,3,기타,U,1,2002-01-01
8506900000,80,2,부분품,,1,2002-01-01
8507,80,1,"축전지(격리판을 포함하며, 직사각형이나 정사각형인지에 상관없다)",,0,
8507100000,80,2,피스톤식 엔진 시동용 연산(鉛酸)축전지,U,1,2013-01-01
8507200000,80,2,그 밖의 연산(鉛酸)축전지,U,1,2013-01-01
8507300000,80,2,니켈-카드뮴 축전지,U,1,2022-01-01
8507500000,80,2,니켈-수소합금 축전지,U,1,2022-01-01
850760,80,2,리튬이온 축전지,,0,
8507602000,80,3,전기차(하이브리드형을 포함한다)용,U,1,2025-01-01
8507603000,80,3,에너지 저장장치용,U,1,2022-01-01
8507609000,80,3,기타,U,1,2017-01-01
8507800000,80,2,그 밖의 축전지,U,1,2017-01-01
850790,80,2,부분품,,0,
8507901000,80,3,격리판,,1,2022-01-01
8507909000,80,3,기타,,1,2002-01-01
8508,80,1,진공청소기,,0,
85081,80,2,전동기를 갖춘 것,,0,
850811,80,3,"출력이 1,500와트 이하이고, 먼지 백이나 그 밖의 20리터 이하 용량의 저장조를 갖춘 것",,0,
8508111000,80,4,로봇형,U,1,2022-01-01
8508119000,80,4,기타,U,1,2014-01-01
850819,80,3,기타,,0,
8508192000,80,4,로봇형,U,1,2022-01-01
8508199000,80,4,기타,U,1,2007-01-01
8508600000,80,2,그 밖의 진공청소기,U,1,2013-01-01
850870,80,2,부분품,,0,
8508701000,80,3,제8508.11-9000호의 것,,1,2022-01-01
8508702000,80,3,"제8508.19-9000호, 제8508.60-0000호의 것",,1,2022-01-01
8508703000,80,3,"제8508.11-1000호, 제8508.19-2000호의 것",,1,2022-01-01
8509,80,1,"전기기계식의 가정용 기기(전동기를 갖춘 것으로 한정하며, 제8508호의 진공청소기는 제외한다)",,0,
8509400000,80,2,"식품용 그라인더와 믹서, 과실주스·채소주스 추출기",U,1,2022-01-01
850980,80,2,그 밖의 기기,,0,
8509801000,80,3,커피분쇄기,U,1,2002-01-01
8509802000,80,3,얼음분쇄기,U,1,2002-01-01
8509803000,80,3,바닥광택기,U,1,2007-01-01
8509804000,80,3,주방용 쓰레기처리기,U,1,2007-01-01
8509809000,80,3,기타,U,1,2002-01-01
8509900000,80,2,부분품,,1,2002-01-01
8510,80,1,면도기ㆍ이발기ㆍ모발제거기[전동기를 갖춘 것으로 한정한다],,0,
8510100000,80,2,면도기,U,1,2002-01-01
8510200000,80,2,이발기,U,1,2002-01-01
8510300000,80,2,모발제거기,U,1,2002-01-01
851090,80,2,부분품,,0,
8510901000,80,3,면도기의 것,,1,2002-01-01
8510902000,80,3,이발기의 것,,1,2002-01-01
8510903000,80,3,모발제거기의 것,,1,2002-01-01
8511,80,1,"불꽃점화식이나 압축점화식 내연기관의 점화용ㆍ시동용 전기기기(예: 점화용 자석발전기ㆍ자석발전기ㆍ점화코일ㆍ점화플러그ㆍ예열플러그ㆍ시동전동기), 내연기관에 부속되는 발전기(예: 직류발전기ㆍ교류발전기)와 개폐기",,0,
851110,80,2,점화플러그,,0,
8511101000,80,3,항공기용,U,1,2013-01-01
8511102000,80,3,제87류 차량용,U,1,2025-01-01
8511109000,80,3,기타,U,1,2002-01-01
851120,80,2,"점화용 자석발전기, 직류 자석발전기와 마그네틱 플라이휠",,0,
8511201000,80,3,항공기용,U,1,2013-01-01
8511209000,80,3,기타,U,1,2002-01-01
851130,80,2,배전기와 점화코일,,0,
8511301000,80,3,항공기용,U,1,2013-01-01
8511309000,80,3,기타,U,1,2002-01-01
851140,80,2,시동전동기와 겸용 시동발전기,,0,
8511401000,80,3,항공기용,U,1,2013-01-01
8511402000,80,3,제87류 차량용,U,1,2025-01-01
8511409000,80,3,기타,U,1,2002-01-01
851150,80,2,그 밖의 발전기,,0,
8511501000,80,3,항공기용,U,1,2013-01-01
8511509000,80,3,기타,U,1,2002-01-01
851180,80,2,그 밖의 기기,,0,
8511801000,80,3,항공기용,U,1,2013-01-01
8511809000,80,3,기타,U,1,2002-01-01
851190,80,2,부분품,,0,
8511901000,80,3,항공기용,,1,2013-01-01
8511909000,80,3,기타,,1,2002-01-01
8512,80,1,전기식 조명용이나 신호용 기구(제8539호의 물품은 제외한다)ㆍ윈드스크린와이퍼(windscreen wiper)ㆍ제상기(defroster)ㆍ제무기(demister)(자전거용이나 자동차용으로 한정한다),,0,
851210,80,2,자전거에 사용되는 조명용이나 시각 신호용 기구,,0,
8512101000,80,3,발광다이오드(엘이디)의 것,U,1,2014-01-01
8512109000,80,3,기타,U,1,2014-01-01
851220,80,2,그 밖의 조명용이나 시각 신호용 기구,,0,
85122010,80,3,조명용 기구,,0,
8512201010,80,4,발광다이오드(엘이디)의 것,U,1,2014-01-01
8512201090,80,4,기타,U,1,2014-01-01
85122020,80,3,시각신호용 기구,,0,
8512202010,80,4,발광다이오드(엘이디)의 것,U,1,2014-01-01
8512202090,80,4,기타,U,1,2014-01-01
8512300000,80,2,음향신호용 기구,U,1,2002-01-01
8512400000,80,2,윈드스크린와이퍼(windscreen wiper)ㆍ제상기(defroster)ㆍ제무기(demister),U,1,2013-01-01
8512900000,80,2,부분품,,1,2002-01-01
8513,80,1,"휴대용 전등(건전지ㆍ축전지ㆍ자석발전기와 같은 자체 전원기능을 갖춘 것으로 한정하며, 제8512호의 조명기구는 제외한다)",,0,
851310,80,2,전등,,0,
8513101000,80,3,광산용 안전등,U,1,2002-01-01
85131020,80,3,손전등,,0,
8513102010,80,4,발광다이오드(엘이디)의 것,U,1,2014-01-01
8513102090,80,4,기타,U,1,2014-01-01
85131090,80,3,기타,,0,
8513109010,80,4,발광다이오드(엘이디)의 것,U,1,2014-01-01
8513109090,80,4,기타,U,1,2014-01-01
8513900000,80,2,부분품,,1,2002-01-01
8514,80,1,공업용이나 실험실용 전기식 노(爐)와 오븐[전자유도식이나 유전손실(dielectric loss)식을 포함한다]과 그 밖의 공업용이나 실험실용의 전자유도식이나 유전손실(dielectric loss)식 가열기,,0,
85141,80,2,저항가열식 노(爐)와 오븐,,0,
8514110000,80,3,열간 등압성형기,U,1,2022-01-01
851419,80,3,기타,,0,
8514191000,80,4,실험실용,U,1,2022-01-01
8514192000,80,4,금속공업용,U,1,2022-01-01
8514193000,80,4,식품공업용,U,1,2022-01-01
8514199000,80,4,기타,U,1,2022-01-01
851420,80,2,전자유도식이나 유전손실(dielectric loss)식 노(爐)와 오븐,,0,
8514201000,80,3,실험실용,U,1,2013-01-01
8514202000,80,3,금속공업용,U,1,2013-01-01
8514203000,80,3,식품공업용,U,1,2013-01-01
8514209000,80,3,기타,U,1,2007-01-01
85143,80,2,그 밖의 노(爐)와 오븐,,0,
851431,80,3,전자 빔 노(爐),,0,
8514311000,80,4,인쇄회로나 인쇄회로조립품의 제조에 전용되거나 주로 사용되는 종류의 것,U,1,2022-01-01
8514319000,80,4,기타,U,1,2022-01-01
851432,80,3,플라즈마ㆍ진공 아크식 노(爐),,0,
8514321000,80,4,인쇄회로나 인쇄회로조립품의 제조에 전용되거나 주로 사용되는 종류의 것,U,1,2022-01-01
8514329000,80,4,기타,U,1,2022-01-01
851439,80,3,기타,,0,
8514391000,80,4,인쇄회로나 인쇄회로조립품의 제조에 전용되거나 주로 사용되는 종류의 것,U,1,2022-01-01
8514399000,80,4,기타,U,1,2022-01-01
851440,80,2,그 밖의 전자유도식이나 유전손실(dielectric loss)식 가열기,,0,
8514401000,80,3,반도체 제조용,U,1,2013-01-01
8514409000,80,3,기타,U,1,2002-01-01
851490,80,2,부분품,,0,
8514901000,80,3,반도체 제조용,,1,2013-01-01
8514902000,80,3,인쇄회로나 인쇄회로조립품의 제조에 전용되거나 주로 사용되는 노(爐)와 오븐의 것,,1,2017-01-01
8514909000,80,3,기타,,1,2002-01-01
8515,80,1,"전기식(전기발열에 따른 가스식을 포함한다)ㆍ레이저나 그 밖의 광선식ㆍ광자빔식ㆍ초음파식ㆍ전자빔식ㆍ자기펄스(magnetic pulse)식ㆍ플라즈마 아크(plasma arc)식 납땜용ㆍ땜질용이나 용접용 기기(절단기능이 있는지에 상관없다), 금속이나 서멧(cermet)의 가열분사용 전기식 기기",,0,
85151,80,2,땜질용이나 납땜용기기,,0,
8515110000,80,3,납땜용 인두와 건(gun),U,1,2013-01-01
851519,80,3,기타,,0,
8515191000,80,4,인쇄회로조립품의 제조에 전용되거나 주로 사용되는 침적 납땜용(wave soldering) 기계,U,1,2017-01-01
8515199000,80,4,기타,U,1,2017-01-01
85152,80,2,금속의 저항용접용 기기,,0,
851521,80,3,전자동식이나 반자동식,,0,
85152110,80,4,점 용접기기,,0,
8515211010,80,5,로봇형,U,1,2022-01-01
8515211090,80,5,기타,U,1,2002-01-01
85152120,80,4,봉합 용접기기,,0,
8515212010,80,5,로봇형,U,1,2022-01-01
8515212090,80,5,기타,U,1,2002-01-01
85152130,80,4,바트 용접기기,,0,
8515213010,80,5,로봇형,U,1,2022-01-01
8515213090,80,5,기타,U,1,2002-01-01
85152190,80,4,기타,,0,
8515219010,80,5,로봇형,U,1,2022-01-01
8515219090,80,5,기타,U,1,2002-01-01
851529,80,3,기타,,0,
8515291000,80,4,점 용접기기,U,1,2002-01-01
8515292000,80,4,봉합 용접기기,U,1,2002-01-01
8515293000,80,4,바트 용접기기,U,1,2002-01-01
8515299000,80,4,기타,U,1,2002-01-01
85153,80,2,금속의 아크[플라즈마 아크(plasma arc)를 포함한다] 용접기기,,0,
851531,80,3,자동식이나 반자동식,,0,
85153110,80,4,교류아크 용접기기,,0,
8515311010,80,5,로봇형,U,1,2022-01-01
8515311090,80,5,기타,U,1,2002-01-01
85153190,80,4,기타,,0,
8515319010,80,5,로봇형,U,1,2022-01-01
8515319090,80,5,기타,U,1,2002-01-01
851539,80,3,기타,,0,
8515391000,80,4,교류아크 용접기기,U,1,2002-01-01
8515399000,80,4,기타,U,1,2002-01-01
851580,80,2,그 밖의 기기,,0,
8515801000,80,3,초음파 응용기기,U,1,2002-01-01
8515802000,80,3,전자빔용 기기,U,1,2013-01-01
8515803000,80,3,레이저 작동식 기기,U,1,2013-01-01
8515809000,80,3,기타,U,1,2007-01-01
851590,80,2,부분품,,0,
85159010,80,3,용접기의 것,,0,
8515901010,80,4,레이저 작동식의 것,,1,2014-01-01
8515901090,80,4,기타,,1,2014-01-01
8515902000,80,3,인쇄회로조립품의 제조에 전용되거나 주로 사용되는 침적 납땜용(wave soldering) 기기의 것,,1,2017-01-01
8515909000,80,3,기타,,1,2007-01-01
8516,80,1,"전기식의 즉시식ㆍ저장식 물가열기와 투입식 가열기, 난방기기와 토양가열기, 전기가열식 이용기기[예: 헤어드라이어ㆍ헤어컬러(hair curler)ㆍ컬링통히터(curling tong heater)], 손 건조기, 전기다리미, 그 밖의 가정용 전열기기, 전열용 저항체(제8545호의 것은 제외한다)",,0,
8516100000,80,2,전기식의 즉시식ㆍ저장식 물가열기와 투입식 가열기,U,1,2013-01-01
85162,80,2,난방기기와 토양가열기,,0,
8516210000,80,3,저장식 가열 라디에이터,U,1,2002-01-01
8516290000,80,3,기타,U,1,2002-01-01
85163,80,2,전기가열식 이용기기나 손 건조기,,0,
8516310000,80,3,헤어드라이어,U,1,2002-01-01
8516320000,80,3,그 밖의 이용기기,U,1,2013-01-01
8516330000,80,3,손 건조기,U,1,2002-01-01
8516400000,80,2,전기다리미,U,1,2002-01-01
8516500000,80,2,마이크로웨이브 오븐(microwave oven),U,1,2013-01-01
851660,80,2,"그 밖의 오븐, 쿠커ㆍ조리판ㆍ보일링링ㆍ그릴러ㆍ로스터",,0,
8516601000,80,3,전기오븐,U,1,2002-01-01
8516602000,80,3,전기밥솥(보온기능을 가진 것을 포함한다),U,1,2002-01-01
8516609000,80,3,기타,U,1,2002-01-01
85167,80,2,그 밖의 가정용 전열기기,,0,
8516710000,80,3,커피ㆍ차를 끓이는 기기,U,1,2013-01-01
8516720000,80,3,토스터,U,1,2002-01-01
851679,80,3,기타,,0,
8516791000,80,4,전기보온밥통,U,1,2002-01-01
8516799000,80,4,기타,U,1,2002-01-01
8516800000,80,2,전열용 저항체,U,1,2002-01-01
8516900000,80,2,부분품,,1,2002-01-01
8517,80,1,"전화기(셀룰러 통신망용이나 그 밖의 무선통신망용의 스마트폰과 그 밖의 전화기를 포함한다)와 음성ㆍ영상이나 그 밖의 자료의 송신용ㆍ수신용 그 밖의 기기(근거리 통신망이나 원거리 통신망과 같은 유선ㆍ무선 통신망에서 통신하기 위한 기기를 포함하며, 제8443호ㆍ제8525호ㆍ제8527호ㆍ제8528호의 송신용ㆍ수신용 기기는 제외한다)",,0,
85171,80,2,전화기(셀룰러 통신망용이나 그 밖의 무선통신망용의 스마트폰과 그 밖의 전화기를 포함한다),,0,
8517110000,80,3,유선전화기[무선 송수화기(cordless handset)가 있는 것으로 한정한다],U,1,2013-01-01
8517130000,80,3,스마트폰,U,1,2022-01-01
851714,80,3,그 밖의 전화기(셀룰러 통신망용이나 그 밖의 무선통신망용으로 한정한다),,0,
8517141000,80,4,코드분할다중접속을 사용하는 동기식,U,1,2022-01-01
8517142000,80,4,시분할다중접속을 사용하는 비동기식,U,1,2022-01-01
8517143000,80,4,코드분할다중접속을 사용하는 비동기식,U,1,2022-01-01
8517144000,80,4,직교주파수분할다중접속을 사용하는 동기식,U,1,2022-01-01
8517149000,80,4,기타,U,1,2022-01-01
8517180000,80,3,기타,U,1,2022-01-01
85176,80,2,음성ㆍ영상이나 그 밖의 자료의 송신용ㆍ수신용 그 밖의 기기(근거리통신망이나 원거리통신망과 같은 유선ㆍ무선 통신망에서 통신하기 위한 기기를 포함한다),,0,
8517610000,80,3,기지국,U,1,2022-01-01
851762,80,3,음성ㆍ영상이나 그 밖의 자료의 수신용ㆍ변환용ㆍ송신용ㆍ재생용 기기[교환기와 라우팅(routing)기기를 포함한다],,0,
85176210,80,4,수신기기를 갖춘 송신기기,,0,
8517621010,80,5,유선통신용,U,1,2022-01-01
8517621020,80,5,무선통신용,U,1,2022-01-01
85176220,80,4,그 밖의 송신기기(수신기기를 갖추지 않은 것으로 한정한다),,0,
8517622030,80,5,유선통신용,U,1,2022-01-01
8517622040,80,5,무선통신용,U,1,2022-01-01
85176230,80,4,교환기 및 라우팅 기기,,0,
8517623010,80,5,유선통신용,U,1,2022-01-01
8517623020,80,5,무선통신용,U,1,2022-01-01
85176290,80,4,기타,,0,
8517629010,80,5,자동자료처리기계에 결합되거나 연결되어 사용되는 종류의 것,U,1,2022-01-01
8517629020,80,5,그 밖의 유선통신용,U,1,2022-01-01
8517629030,80,5,그 밖의 무선통신용,U,1,2022-01-01
851769,80,3,기타,,0,
8517693000,80,4,유선통신용,U,1,2022-01-01
8517694000,80,4,무선통신용,U,1,2022-01-01
85177,80,2,부분품,,0,
851771,80,3,"각종 안테나와 반사식 안테나, 그 부분품",,0,
8517711000,80,4,무선전화기의 것,U,1,2022-01-01
8517719000,80,4,기타,U,1,2022-01-01
851779,80,3,기타,,0,
85177910,80,4,소호 제8517.1호의 것,,0,
8517791010,80,5,유선전화기의 것,U,1,2022-01-01
8517791020,80,5,스마트폰용의 것,U,1,2022-01-01
8517791030,80,5,기타,U,1,2025-01-01
8517792000,80,4,소호 제8517.61호의 것,U,1,2022-01-01
8517793000,80,4,소호 제8517.62호의 것,U,1,2022-01-01
8517794000,80,4,소호 제8517.69호의 것,U,1,2022-01-01
8518,80,1,"마이크로폰과 그 스탠드, 확성기[인클로저(enclosure)에 장착된 것인지에 상관없다], 헤드폰과 이어폰(마이크로폰이 부착된 것인지에 상관없다), 마이크로폰과 한 개 이상의 확성기로 구성된 세트, 가청주파증폭기, 음향증폭세트",,0,
851810,80,2,마이크로폰과 그 스탠드,,0,
8518101000,80,3,"전기통신용 마이크로폰(지름이 10밀리미터 이하이고, 높이가 3밀리미터 이하이며, 주파수 대역이 300헤르츠부터 3.4킬로헤르츠까지인 것으로 한정한다)",U,1,2022-01-01
85181090,80,3,기타,,0,
8518109010,80,4,무선 마이크로폰(무선 마이크로폰 세트를 포함한다),U,1,2022-01-01
8518109090,80,4,기타,U,1,2017-01-01
85182,80,2,확성기[인클로저(enclosure)에 장착된 것인지에 상관없다],,0,
8518210000,80,3,단일형 확성기[인클로저(enclosure)에 장착된 것으로 한정한다],U,1,2013-01-01
8518220000,80,3,복합형 확성기[동일 인클로저(enclosure)에 장착된 것으로 한정한다],U,1,2013-01-01
851829,80,3,기타,,0,
8518291000,80,4,"전기통신용의 것(지름이 50밀리미터 이하이고, 주파수대역이 300헤르츠부터 3.4킬로헤르츠까지이며, 하우징이 없는 것으로 한정한다)",U,1,2013-01-01
8518299000,80,4,기타,U,1,2002-01-01
851830,80,2,"헤드폰과 이어폰(마이크로폰이 부착된 것인지에 상관없다), 마이크로폰과 한 개 이상의 확성기로 구성된 세트",,0,
8518304000,80,3,유선전화 핸드세트,U,1,2003-02-11
8518309000,80,3,기타,U,1,2003-01-01
8518400000,80,2,가청주파증폭기,U,1,2002-01-01
8518500000,80,2,음향증폭세트,U,1,2002-01-01
851890,80,2,부분품,,0,
8518901000,80,3,인쇄회로조립품(제8518.10-1000호ㆍ제8518.29-1000호의 것으로 한정한다),,1,2022-01-01
8518909000,80,3,기타,,1,2002-01-01
8519,80,1,음성 녹음용이나 재생용 기기,,0,
8519200000,80,2,코인ㆍ은행권ㆍ은행카드ㆍ토큰이나 그 밖의 지급 수단으로 작동하는 기기,U,1,2022-01-01
8519300000,80,2,턴 테이블(레코드 데크),U,1,2022-01-01
85198,80,2,그 밖의 기기,,0,
851981,80,3,자기식ㆍ광학식이나 그 밖의 반도체 매체를 이용하는 기기,,0,
8519812000,80,4,자기식 매체를 이용하는 기기,U,1,2022-01-01
8519814000,80,4,광학식 매체를 이용하는 기기,U,1,2022-01-01
8519815000,80,4,반도체 매체를 이용하는 기기,U,1,2022-01-01
8519816000,80,4,자기식ㆍ광학식이나 그 밖의 반도체 매체 중 두 가지 이상의 방식을 이용할 수 있는 기기,U,1,2022-01-01
8519890000,80,3,기타,U,1,2022-01-01
8521,80,1,영상기록용이나 재생용 기기(비디오튜너를 결합한 것인지에 상관없다),,0,
8521100000,80,2,마그네틱 테이프형,U,1,2017-01-01
852190,80,2,기타,,0,
8521901000,80,3,디스크형,U,1,2013-01-01
8521909000,80,3,기타,U,1,2002-01-01
8522,80,1,제8519호나 제8521호의 기기에 전용되거나 주로 사용되는 부분품과 부속품,,0,
8522100000,80,2,픽업 카트리지,,1,2002-01-01
852290,80,2,기타,,0,
8522903000,80,3,자기헤드와 동 부분품,U,1,2022-01-01
8522909000,80,3,기타,U,1,2022-01-01
8523,80,1,"디스크ㆍ테이프ㆍ솔리드 스테이트(solid-state)의 비휘발성 기억장치ㆍ스마트카드와 음성이나 그 밖의 현상의 기록용 기타 매체[기록된 것인지에 상관없으며 디스크 제조용 매트릭스(matrices)와 마스터(master)를 포함하되, 제37류의 물품은 제외한다]",,0,
85232,80,2,자기식 매체,,0,
8523210000,80,3,마그네틱 스트라이프(magnetic stripe)를 갖춘 카드(기록된 것인지에 상관없다),U,1,2013-01-01
852329,80,3,기타,,0,
8523291000,80,4,기록이 안 된 매체,U,1,2022-01-01
85232920,80,4,기록된 매체,,0,
8523292010,80,5,컴퓨터 소프트웨어를 수록한 것,U,1,2022-01-01
8523292020,80,5,비디오 녹화된 것,U,1,2022-01-01
8523292030,80,5,음성만을 기록한 것,U,1,2022-01-01
8523292090,80,5,기타,U,1,2022-01-01
85234,80,2,광학식 매체,,0,
8523410000,80,3,기록이 안 된 것,U,1,2013-01-01
852349,80,3,기타,,0,
85234910,80,4,레이저 판독장치용 디스크,,0,
8523491010,80,5,컴퓨터 소프트웨어를 수록한 것,U,1,2022-01-01
8523491030,80,5,비디오 녹화된 것,U,1,2022-01-01
8523491040,80,5,음성만을 기록한 것,U,1,2022-01-01
8523491090,80,5,기타,U,1,2022-01-01
85234990,80,4,기타,,0,
8523499010,80,5,컴퓨터 소프트웨어를 수록한 것,U,1,2022-01-01
8523499020,80,5,비디오 녹화된 것,U,1,2022-01-01
8523499030,80,5,음성만을 기록한 것,U,1,2022-01-01
8523499090,80,5,기타,U,1,2022-01-01
85235,80,2,반도체 매체,,0,
852351,80,3,솔리드 스테이트(solid-state)의 비휘발성 기억장치,,0,
8523511000,80,4,기록이 안 된 매체,U,1,2013-01-01
85235120,80,4,기록된 매체,,0,
8523512010,80,5,컴퓨터 소프트웨어를 수록한 것,U,1,2022-01-01
8523512020,80,5,비디오 녹화된 것,U,1,2022-01-01
8523512030,80,5,음성만을 기록한 것,U,1,2022-01-01
8523512090,80,5,기타,U,1,2022-01-01
852352,80,3,스마트카드,,0,
8523521000,80,4,한 개의 전자집적회로를 갖춘 것과 그 부분품,U,1,2013-01-01
8523522000,80,4,기타(프록시미티 카드(proximity card)와 태그로 한정한다),U,1,2022-01-01
8523529000,80,4,기타와 그 부분품,U,1,2013-01-01
852359,80,3,기타,,0,
8523591000,80,4,기록이 안 된 매체,U,1,2013-01-01
85235920,80,4,기록된 매체,,0,
8523592010,80,5,컴퓨터 소프트웨어를 수록한 것,U,1,2022-01-01
8523592020,80,5,비디오 녹화된 것,U,1,2022-01-01
8523592030,80,5,음성만을 기록한 것,U,1,2022-01-01
8523592090,80,5,기타,U,1,2022-01-01
852380,80,2,기타,,0,
8523801000,80,3,기록이 안 된 매체,U,1,2013-01-01
85238020,80,3,기록된 매체,,0,
8523802010,80,4,컴퓨터 소프트웨어를 수록한 것,U,1,2022-01-01
8523802020,80,4,비디오 녹화된 것,U,1,2022-01-01
8523802030,80,4,음성만을 기록한 것,U,1,2022-01-01
8523802090,80,4,기타,U,1,2022-01-01
8524,80,1,평판디스플레이 모듈(터치감응식 스크린을 장착한 것인지에 상관없다),,0,
85241,80,2,구동장치나 제어회로가 없는 것,,0,
852411,80,3,액정의 것,,0,
8524111000,80,4,휴대형 자동자료처리기계(소호 제8471.30호의 것)용,U,1,2022-01-01
8524112000,80,4,유선ㆍ무선 통신기기용,U,1,2022-01-01
8524113000,80,4,텔레비전용,U,1,2022-01-01
8524114000,80,4,모니터용,U,1,2022-01-01
8524115000,80,4,전기식 시각 신호용 기기(제8531호의 것으로 한정한다)용,U,1,2022-01-01
8524119000,80,4,기타,U,1,2022-01-01
852412,80,3,유기발광다이오드(오엘이디)의 것,,0,
8524121000,80,4,휴대형 자동자료처리기계(소호 제8471.30호의 것)용,U,1,2022-01-01
8524122000,80,4,유선ㆍ무선 통신기기용,U,1,2022-01-01
8524123000,80,4,텔레비전용,U,1,2022-01-01
8524124000,80,4,모니터용,U,1,2022-01-01
8524125000,80,4,전기식 시각 신호용 기기(제8531호의 것으로 한정한다)용,U,1,2022-01-01
8524129000,80,4,기타,U,1,2022-01-01
852419,80,3,기타,,0,
8524191000,80,4,휴대형 자동자료처리기계(소호 제8471.30호의 것)용,U,1,2022-01-01
8524192000,80,4,유선ㆍ무선 통신기기용,U,1,2022-01-01
8524193000,80,4,텔레비전용,U,1,2022-01-01
8524194000,80,4,모니터용,U,1,2022-01-01
8524195000,80,4,전기식 시각 신호용 기기(제8531호의 것으로 한정한다)용,U,1,2022-01-01
8524199000,80,4,기타,U,1,2022-01-01
85249,80,2,기타,,0,
852491,80,3,액정의 것,,0,
8524911000,80,4,휴대형 자동자료처리기계(소호 제8471.30호의 것)용,U,1,2022-01-01
8524912000,80,4,유선ㆍ무선 통신기기용,U,1,2022-01-01
8524913000,80,4,텔레비전용,U,1,2022-01-01
8524914000,80,4,모니터용,U,1,2022-01-01
8524915000,80,4,전기식 시각 신호용 기기(제8531호의 것으로 한정한다)용,U,1,2022-01-01
8524919000,80,4,기타,U,1,2022-01-01
852492,80,3,유기발광다이오드(오엘이디)의 것,,0,
8524921000,80,4,휴대형 자동자료처리기계(소호 제8471.30호의 것)용,U,1,2022-01-01
8524922000,80,4,유선ㆍ무선 통신기기용,U,1,2022-01-01
8524923000,80,4,텔레비전용,U,1,2022-01-01
8524924000,80,4,모니터용,U,1,2022-01-01
8524925000,80,4,전기식 시각 신호용 기기(제8531호의 것으로 한정한다)용,U,1,2022-01-01
8524929000,80,4,기타,U,1,2022-01-01
852499,80,3,기타,,0,
8524991000,80,4,휴대형 자동자료처리기계(소호 제8471.30호의 것)용,U,1,2022-01-01
8524992000,80,4,유선ㆍ무선 통신기기용,U,1,2022-01-01
8524993000,80,4,텔레비전용,U,1,2022-01-01
8524994000,80,4,모니터용,U,1,2022-01-01
8524995000,80,4,전기식 시각 신호용 기기(제8531호의 것으로 한정한다)용,U,1,2022-01-01
8524999000,80,4,기타,U,1,2022-01-01
8525,80,1,라디오 방송용이나 텔레비전용 송신기기(수신기기ㆍ 음성기록기기ㆍ재생기기를 갖춘 것인지에 상관없다)와 텔레비전 카메라ㆍ디지털 카메라ㆍ비디오카메라레코더,,0,
852550,80,2,송신기기,,0,
8525501000,80,3,라디오 방송용,U,1,2025-01-01
8525502000,80,3,텔레비전용,U,1,2025-01-01
8525509000,80,3,기타,U,1,2007-01-01
852560,80,2,수신기기를 갖춘 송신기기,,0,
8525601000,80,3,라디오 방송용,U,1,2025-01-01
8525602000,80,3,텔레비전용,U,1,2025-01-01
8525609000,80,3,기타,U,1,2007-01-01
85258,80,2,텔레비전 카메라ㆍ디지털 카메라ㆍ비디오카메라레코더,,0,
8525810000,80,3,이 류의 소호주 제1호에 규정된 고속 카메라,U,1,2022-01-01
8525820000,80,3,기타[이 류의 소호주 제2호에 규정된 방사선 경화ㆍ내(耐)방사선 카메라로 한정한다],U,1,2025-01-01
8525830000,80,3,기타(이 류의 소호주 제3호에 규정된 야간투시 카메라로 한정한다),U,1,2022-01-01
852589,80,3,기타,,0,
8525891000,80,4,"초소형 특수카메라(필기구, 버튼, 안경, 시계, USB 메모리 등 일상소품이나 다른 전기기기에 장착되었거나 장착되도록 설계제작된 것)",U,1,2022-01-01
8525892000,80,4,그 밖의 텔레비전 카메라,U,1,2025-01-01
8525893000,80,4,그 밖의 디지털 카메라,U,1,2025-01-01
8525899000,80,4,기타,U,1,2022-01-01
8526,80,1,레이더기기ㆍ항행용 무선기기ㆍ무선원격조절기기,,0,
852610,80,2,레이더기기,,0,
8526101000,80,3,항공기용,U,1,2013-01-01
8526109000,80,3,기타,U,1,2002-01-01
85269,80,2,기타,,0,
852691,80,3,항행용 무선기기,,0,
85269110,80,4,장중단파 수신기,,0,
8526911010,80,5,항공기용,U,1,2013-01-01
8526911090,80,5,기타,U,1,2002-01-01
85269120,80,4,초단파 수신기,,0,
8526912010,80,5,항공기용,U,1,2013-01-01
8526912090,80,5,기타,U,1,2002-01-01
85269130,80,4,무선방향 탐지기,,0,
8526913010,80,5,항공기용,U,1,2013-01-01
8526913020,80,5,자동차용,U,1,2013-01-01
8526913090,80,5,기타,U,1,2002-01-01
8526914000,80,4,로란 리시버,U,1,2013-01-01
85269190,80,4,기타,,0,
8526919010,80,5,항공기용,U,1,2013-01-01
8526919020,80,5,자동차용,U,1,2013-01-01
8526919090,80,5,기타,U,1,2002-01-01
8526920000,80,3,무선원격조절기기,U,1,2002-01-01
8527,80,1,"라디오방송용 수신기기(음성기록기기ㆍ재생기기, 시계가 동일한 하우징 내에 결합된 것인지에 상관없다)",,0,
85271,80,2,라디오방송용 수신기기(외부 전원 없이 작동할 수 있는 것으로 한정한다),,0,
8527120000,80,3,포켓사이즈형 라디오카세트플레이어,U,1,2002-01-01
852713,80,3,그 밖의 기기(음성기록기기나 음성재생기기와 결합된 것으로 한정한다),,0,
8527131000,80,4,카세트형,U,1,2013-01-01
8527132000,80,4,디스크형,U,1,2013-01-01
8527133000,80,4,카셋트형과 디스크형의 결합기기,U,1,2017-01-01
8527139000,80,4,기타,U,1,2002-01-01
8527190000,80,3,기타,U,1,2002-01-01
85272,80,2,라디오방송 수신용 기기(자동차용으로서 외부 전원 없이는 작동할 수 없는 것으로 한정한다),,0,
852721,80,3,음성기록기기나 재생기기와 결합된 것,,0,
8527211000,80,4,카세트형,U,1,2013-01-01
85272120,80,4,디스크형,,0,
8527212010,80,5,디지털 무선 데이터 시스템 신호를 수신 및 디코딩할 수 있는 것,U,1,2017-01-01
8527212090,80,5,기타,U,1,2017-01-01
85272130,80,4,카셋트형과 디스크형의 결합기기,,0,
8527213010,80,5,디지털 무선 데이터 시스템 신호를 수신 및 디코딩할 수 있는 것,U,1,2017-01-01
8527213090,80,5,기타,U,1,2017-01-01
85272190,80,4,기타,,0,
8527219010,80,5,디지털 무선 데이터 시스템 신호를 수신 및 디코딩할 수 있는 것,U,1,2017-01-01
8527219090,80,5,기타,U,1,2017-01-01
8527290000,80,3,기타,U,1,2002-01-01
85279,80,2,기타,,0,
852791,80,3,음성기록기기나 재생기기와 결합된 것,,0,
85279110,80,4,확성기를 갖추지 않은 것,,0,
8527911010,80,5,카세트형,U,1,2013-01-01
8527911020,80,5,디스크형,U,1,2013-01-01
8527911030,80,5,카셋트형과 디스크형의 결합기기,U,1,2017-01-01
8527911090,80,5,기타,U,1,2007-01-01
8527919000,80,4,기타,U,1,2007-01-01
8527920000,80,3,시계와 결합된 것(음성기록기기나 재생기기와 결합된 것은 제외한다),U,1,2013-01-01
8527990000,80,3,기타,U,1,2007-01-01
8528,80,1,"텔레비전 수신기기를 갖추지 않은 모니터와 프로젝터, 텔레비전 수신용 기기(라디오 방송용 수신기기ㆍ음성이나 영상의 기록용 기기나 재생용 기기를 결합한 것인지에 상관없다)",,0,
85284,80,2,음극선관 모니터,,0,
8528420000,80,3,제8471호의 자동자료처리기계에 사용하도록 설계된 것으로 직접 연결하여 사용할 수 있는 것,U,1,2017-01-01
852849,80,3,기타,,0,
85284910,80,4,"영상모니터(천연색의 것, 제8471호의 자동자료처리기계와의 연결 유무에 상관없다)",,0,
8528491010,80,5,의료용으로 특수 제작된 것,U,1,2017-01-01
8528491090,80,5,기타,U,1,2007-01-01
85284920,80,4,"영상모니터(흑백이나 단색의 것, 제8471호의 자동자료처리기계와의 연결 유무에 상관없다)",,0,
8528492010,80,5,의료용으로 특수 제작된 것,U,1,2017-01-01
8528492090,80,5,기타,U,1,2007-01-01
85285,80,2,그 밖의 모니터,,0,
852852,80,3,제8471호의 자동자료처리기계에 사용하도록 설계된 것으로 직접 연결하여 사용할 수 있는 것,,0,
8528521000,80,4,액정모니터,U,1,2017-01-01
8528529000,80,4,기타,U,1,2017-01-01
852859,80,3,기타,,0,
85285910,80,4,"영상모니터(천연색의 것, 제8471호의 자동자료처리기계와의 연결 유무에 상관없다)",,0,
8528591010,80,5,의료용으로 특수 제작된 것,U,1,2017-01-01
8528591090,80,5,기타,U,1,2007-01-01
85285920,80,4,"영상모니터(흑백이나 단색의 것, 제8471호의 자동자료처리기계와의 연결 유무에 상관없다)",,0,
8528592010,80,5,의료용으로 특수 제작된 것,U,1,2017-01-01
8528592090,80,5,기타,U,1,2007-01-01
85286,80,2,프로젝터(projector),,0,
8528620000,80,3,제8471호의 자동자료처리기계에 사용하도록 설계된 것으로 직접 연결하여 사용할 수 있는 것,U,1,2017-01-01
8528690000,80,3,기타,U,1,2007-01-01
85287,80,2,텔레비전 수신용 기기(라디오 방송용 수신기기ㆍ음성이나 영상의 기록용 기기나 재생용 기기를 결합한 것인지에 상관없다),,0,
852871,80,3,영상디스플레이나 스크린을 장착하도록 설계되지 않은 것,,0,
8528711000,80,4,비디오 튜너,U,1,2017-01-01
85287120,80,4,디지털방송 수신기기,,0,
8528712020,80,5,쌍방향 커뮤니케이션 기능을 갖춘 것,U,1,2022-01-01
8528712090,80,5,기타,U,1,2007-01-01
8528713000,80,4,TV튜너가 내장된 프로젝터,U,1,2022-01-01
8528719000,80,4,기타,U,1,2017-01-01
852872,80,3,기타(천연색으로 한정한다),,0,
8528722000,80,4,액정디스플레이 방식,U,1,2022-01-01
8528725000,80,4,유기발광다이오드(오엘이디) 방식,U,1,2022-01-01
8528726000,80,4,마이크로 LED 방식,U,1,2022-01-01
8528729000,80,4,기타,U,1,2007-01-01
8528730000,80,3,기타(단색),U,1,2022-01-01
8529,80,1,부분품(제8524호부터 제8528호까지에 열거된 물품에 전용되거나 주로 사용되는 것으로 한정한다),,0,
852910,80,2,"각종 안테나와 반사식 안테나, 그 부분품",,0,
8529101000,80,3,레이더기기용,,1,2013-01-01
8529109,80,3,기타,,0,
8529109100,80,4,항행용 무선기기ㆍ무선원격조절기용,,1,2013-01-01
8529109200,80,4,텔레비전 송ㆍ수신용,,1,2022-01-01
8529109900,80,4,기타,,1,2002-01-01
852990,80,2,기타,,0,
8529902000,80,3,제8524호의 평판 디스플레이 모듈용의 것,U,1,2022-01-01
85299030,80,3,제8525호 기기의 것,,0,
8529903010,80,4,송신기기 또는 수신기기의 것,U,1,2022-01-01
8529903020,80,4,텔레비전카메라ㆍ디지털카메라ㆍ비디오카메라레코더의 것,U,1,2022-01-01
8529904000,80,3,제8526호 기기의 것,U,1,2025-01-01
8529905000,80,3,제8527호 기기의 것,U,1,2025-01-01
85299060,80,3,제8528호 기기의 것,,0,
8529906010,80,4,모니터나 프로젝터의 것,U,1,2022-01-01
852990602,80,4,텔레비전 수신용 기기의 것,,0,
8529906021,80,5,튜너,U,1,2022-01-01
8529906022,80,5,그 밖의 액정 디스플레이 방식용,U,1,2025-01-01
8529906023,80,5,그 밖의 유기발광 다이오드(오엘이디) 디스플레이 방식용,U,1,2025-01-01
8529906029,80,5,기타,U,1,2022-01-01
8530,80,1,철도ㆍ궤도ㆍ도로ㆍ내륙수로ㆍ주차장ㆍ항만ㆍ비행장에서 사용되는 전기식 신호기기ㆍ안전기기ㆍ교통관제기기(제8608호의 것은 제외한다),,0,
853010,80,2,철도용이나 궤도용 기기,,0,
8530101000,80,3,열차의 자동정지용ㆍ제어용ㆍ운전용 기기,U,1,2022-01-01
8530109000,80,3,기타,U,1,2002-01-01
8530800000,80,2,그 밖의 기기,U,1,2013-01-01
8530900000,80,2,부분품,,1,2002-01-01
8531,80,1,"전기식 음향이나 시각 신호용 기기(예: 벨ㆍ사이렌ㆍ표시반ㆍ도난경보기ㆍ화재경보기). 다만, 제8512호나 제8530호의 것은 제외한다.",,0,
853110,80,2,도난경보기나 화재경보기와 이와 유사한 기기,,0,
8531101000,80,3,도난경보기,U,1,2002-01-01
8531102000,80,3,화재경보기,U,1,2002-01-01
8531103000,80,3,가스경보기,U,1,2002-01-01
8531106000,80,3,전기식의 벨 또는 사이렌,U,1,2022-01-01
8531109000,80,3,그 밖의 신호기기,U,1,2013-01-01
853120,80,2,액정 디바이스(엘시디)나 발광다이오드(엘이디)가 결합된 표시반,,0,
8531201000,80,3,액정 디바이스(엘시디)가 결합된 표시반,U,1,2017-01-01
8531202000,80,3,발광다이오드(엘이디)가 결합된 표시반,U,1,2017-01-01
853180,80,2,그 밖의 기기,,0,
8531802000,80,3,도어벨ㆍ차임ㆍ버저와 이와 유사한 기기,U,1,2017-01-01
8531809000,80,3,기타,U,1,2007-01-01
853190,80,2,부분품,,0,
8531901000,80,3,소호 제8531.10호의 것,,1,2002-01-01
8531902000,80,3,소호 제8531.20호의 것,,1,2002-01-01
8531909000,80,3,기타,,1,2002-01-01
8532,80,1,축전기[고정식ㆍ가변식ㆍ조정식(프리세트)으로 한정한다],,0,
8532100000,80,2,"고정식 축전기로 50/60헤르츠 회로에서 사용하고, 무효(無效)전력 용량이 0.5킬로바르 이상인 것(전력용 축전기)",U,1,2013-01-01
85322,80,2,그 밖의 고정식 축전기,,0,
8532210000,80,3,탄탈륨의 것,U,1,2002-01-01
8532220000,80,3,알루미늄 전해의 것,U,1,2002-01-01
8532230000,80,3,세라믹 유전체의 것(단층),U,1,2002-01-01
8532240000,80,3,세라믹 유전체의 것(다층),U,1,2002-01-01
8532250000,80,3,종이나 플라스틱 유전체의 것,U,1,2013-01-01
8532290000,80,3,기타,U,1,2002-01-01
8532300000,80,2,가변식이나 조정식(프리세트) 축전기,U,1,2022-01-01
853290,80,2,부분품,,0,
8532901000,80,3,고정식의 것,U,1,2022-01-01
8532909000,80,3,기타,U,1,2002-01-01
8533,80,1,"전기저항기[가감저항기(rheostat)와 전위차계(potentiometer)를 포함하며, 전열용 저항체는 제외한다]",,0,
8533100000,80,2,탄소피막형 고정식 저항기(콤퍼지션형이나 필름형으로 한정한다),U,1,2013-01-01
85332,80,2,그 밖의 고정식 저항기,,0,
853321,80,3,용량이 20와트 이하인 것,,0,
8533212000,80,4,서미스터,U,1,2017-01-01
8533219000,80,4,기타,U,1,2002-01-01
853329,80,3,기타,,0,
8533292000,80,4,서미스터,U,1,2017-01-01
8533299000,80,4,기타,U,1,2002-01-01
85333,80,2,권선(捲線) 가변저항기[가감저항기(rheostat)와 전위차계(potentiometer)를 포함한다],,0,
8533310000,80,3,용량이 20와트 이하인 것,U,1,2002-01-01
8533390000,80,3,기타,,1,2002-01-01
853340,80,2,그 밖의 가변저항기[가감저항기(rheostat)와 전위차계(potentiometer)를 포함한다],,0,
8533401000,80,3,탄소가변의 것,U,1,2002-01-01
8533403000,80,3,바리스터,U,1,2002-01-01
8533409000,80,3,기타,U,1,2002-01-01
853390,80,2,부분품,,0,
8533901000,80,3,가변식 저항기의 것,,1,2002-01-01
8533909000,80,3,기타,,1,2022-01-01
8534,80,1,인쇄회로,,0,
853400,80,2,인쇄회로,,0,
8534001000,80,3,"수동소자 부분[인덕턴스(inductance), 저항기, 축전지 등]이 형성된 것",,1,2013-01-01
8534002000,80,3,테이프형이나 리드프레임(lead frame) 기능을 하는 회로가 형성된 것,,1,2013-01-01
8534009000,80,3,기타,,1,2002-01-01
8535,80,1,"전기회로의 개폐용ㆍ보호용ㆍ접속용 기기[예: 개폐기ㆍ퓨즈ㆍ피뢰기ㆍ전압제한기ㆍ서지(surge)억제기ㆍ플러그와 그 밖의 커넥터ㆍ접속함](전압이 1,000볼트를 초과하는 것으로 한정한다)",,0,
8535100000,80,2,퓨즈,,1,2002-01-01
85352,80,2,자동차단기,,0,
853521,80,3,전압이 72.5킬로볼트 미만인 것,,0,
8535211000,80,4,정격전압이 7.25킬로볼트 미만인 것,,1,2002-01-01
8535212000,80,4,정격전압이 7.25킬로볼트 이상 72.5킬로볼트 미만인 것,,1,2012-01-01
853529,80,3,기타,,0,
8535291000,80,4,정격전압이 200킬로볼트 미만인 것,,1,2002-01-01
8535292000,80,4,정격전압이 200킬로볼트 이상인 것,,1,2002-01-01
853530,80,2,격리용 개폐기와 회로단속용 개폐기,,0,
8535301000,80,3,정격전압이 7.25킬로볼트 미만인 것,,1,2002-01-01
8535302000,80,3,정격전압이 7.25킬로볼트 이상 72.5킬로볼트 미만인 것,,1,2002-01-01
8535303000,80,3,정격전압이 72.5킬로볼트 이상인 것,,1,2017-01-01
8535400000,80,2,피뢰기ㆍ전압제한기와 서지(surge)억제기,,1,2013-01-01
853590,80,2,기타,,0,
8535901000,80,3,커넥터,,1,2002-01-01
8535902000,80,3,터미널,,1,2002-01-01
8535909000,80,3,기타,,1,2002-01-01
8536,80,1,"전기회로의 개폐용ㆍ보호용ㆍ접속용 기기[예: 개폐기ㆍ계전기ㆍ퓨즈ㆍ서지(surge)억제기ㆍ플러그ㆍ소켓ㆍ램프홀더와 그 밖의 커넥터ㆍ접속함](전압이 1,000볼트 이하인 것으로 한정한다)와 광섬유용ㆍ광섬유 다발용ㆍ케이블용 커넥터",,0,
853610,80,2,퓨즈,,0,
8536101000,80,3,관형,U,1,2013-01-01
8536109000,80,3,기타,U,1,2002-01-01
8536200000,80,2,자동차단기,,1,2002-01-01
8536300000,80,2,전기회로 보호용 그 밖의 기기,U,1,2013-01-01
85364,80,2,계전기(繼電器),,0,
8536410000,80,3,전압이 60볼트 이하인 것,U,1,2002-01-01
8536490000,80,3,기타,U,1,2002-01-01
853650,80,2,그 밖의 개폐기,,0,
8536501000,80,3,회전형,U,1,2013-01-01
8536502000,80,3,푸쉬 버튼형,U,1,2013-01-01
8536503000,80,3,마이크로형,U,1,2013-01-01
8536504000,80,3,전자개폐형(전자접속기를 포함한다),U,1,2013-01-01
85365090,80,3,기타,,0,
8536509010,80,4,전기기계식의 스냅동작방식의 것(11암페어 이하로 한정한다),U,1,2013-01-01
8536509020,80,4,교류(AC)방식의 것(입출력 회로가 광학적으로 짝지워진 것으로 한정한다),U,1,2013-01-01
8536509030,80,4,"온도보호용의 것(1,000볼트 이하의 전압용으로 트랜지스터와 논리칩으로 구성된 것으로 한정한다)",U,1,2013-01-01
8536509090,80,4,기타,U,1,2002-01-01
85366,80,2,램프홀더ㆍ플러그와 소켓,,0,
8536610000,80,3,램프홀더,U,1,2003-01-01
853669,80,3,기타,,0,
8536691000,80,4,동축케이블ㆍ인쇄회로용의 것,,1,2013-01-01
8536699000,80,4,기타,,1,2002-01-01
853670,80,2,광섬유용ㆍ광섬유 다발용ㆍ케이블용 커넥터,,0,
8536701000,80,3,플라스틱으로 만든 것,,1,2017-01-01
8536702000,80,3,실험실용ㆍ화학용이나 그 밖의 공업용 도자제품의 것,,1,2013-01-01
85367030,80,3,구리로 만든 것,,0,
8536703010,80,4,주조ㆍ주형ㆍ압착ㆍ단조(이보다 더 가공하지 않은 것으로 한정한다),,1,2013-01-01
8536703090,80,4,기타,,1,2007-01-01
853690,80,2,그 밖의 기기,,0,
8536901000,80,3,접속함,U,1,2002-01-01
8536902000,80,3,"제8702호, 제8703호, 제8704호나 제8711호의 자동차용 배터리 클램프(battery clamp)",U,1,2022-01-01
85369090,80,3,기타,,0,
8536909010,80,4,선이나 케이블의 접속용 구성품,U,1,2015-01-01
8536909090,80,4,기타,U,1,2002-01-01
8537,80,1,"전기제어용이나 배전용 보드ㆍ패널ㆍ콘솔ㆍ책상ㆍ캐비닛과 그 밖의 기반(基盤)(제8535호나 제8536호의 기기를 두 가지 이상 장착한 것으로 한정하고 제90류의 기기와 수치제어기기와 결합한 것을 포함하며, 제8517호의 교환기기는 제외한다)",,0,
853710,80,2,"전압이 1,000볼트 이하인 것",,0,
8537103000,80,3,"터치감응식 자료입력장치('터치스크린'이라 불림)[영상 디스플레이 장치가 있는 기기에 결합되어 디스플레이 영역 내의 접촉여부와 위치를 감지하는 기능을 하며, 제시된 상태에서 디스플레이를 갖추지 않은 것으로 한정함]",,1,2022-01-01
8537104000,80,3,배전용의 것,,1,2022-01-01
85371050,80,3,전기제어용의 것,,0,
8537105010,80,4,수치 제어반,,1,2022-01-01
8537105020,80,4,프로그램이 가능한 제어기,,1,2022-01-01
8537105090,80,4,기타,,1,2022-01-01
853720,80,2,"전압이 1,000볼트를 초과하는 것",,0,
8537203000,80,3,배전용의 것,,1,2022-01-01
8537204000,80,3,전기제어용의 것,,1,2022-01-01
8538,80,1,부분품(제8535호ㆍ제8536호ㆍ제8537호의 기기에 전용되거나 주로 사용되는 것으로 한정한다),,0,
8538100000,80,2,"보드ㆍ패널ㆍ콘솔ㆍ책상ㆍ캐비닛과 그 밖의 기반(基盤)(제8537호의 물품용으로 한정하며, 이들 기기를 장착하여 조립한 것은 제외한다)",,1,2013-01-01
853890,80,2,기타,,0,
8538901000,80,3,개폐기의 것,,1,2002-01-01
8538902000,80,3,자동차단기의 것,,1,2002-01-01
8538903000,80,3,계전기의 것,,1,2002-01-01
8538905000,80,3,전기제어용의 것,,1,2022-01-01
8538909000,80,3,기타,,1,2002-01-01
8539,80,1,"필라멘트램프나 방전램프[실드빔 램프유닛(sealed beam lamp unit)과 자외선램프나 적외선램프를 포함한다], 아크램프, 발광다이오드(엘이디) 광원",,0,
8539100000,80,2,실드빔 램프 유닛(sealed beam lamp unit),U,1,2013-01-01
85392,80,2,그 밖의 필라멘트 램프(자외선램프나 적외선램프는 제외한다),,0,
8539210000,80,3,텅스텐 할로겐의 것,U,1,2002-01-01
853922,80,3,기타(전력이 200와트 이하 전압이 100볼트를 초과하는 것으로 한정한다),,0,
8539221000,80,4,백열램프,U,1,2002-01-01
8539223000,80,4,빔 램프,U,1,2002-01-01
8539229000,80,4,기타,U,1,2002-01-01
8539290000,80,3,기타,U,1,2002-01-01
85393,80,2,방전램프(자외선램프는 제외한다),,0,
8539310000,80,3,형광램프(열음극형으로 한정한다),U,1,2013-01-01
853932,80,3,"수은램프나 나트륨증기 램프, 메탈 할라이드(metal halide) 램프",,0,
8539321000,80,4,수은램프,U,1,2002-01-01
8539322000,80,4,나트륨 증기 램프,U,1,2012-01-01
8539323000,80,4,메탈 할라이드(metal halide)램프,U,1,2013-01-01
853939,80,3,기타,,0,
85393910,80,4,냉음극 형광램프,,0,
8539391010,80,5,평판디스플레이의 후면광원(backlighting)용,U,1,2017-01-01
8539391090,80,5,기타,U,1,2017-01-01
8539399000,80,4,기타,U,1,2009-01-01
85394,80,2,"자외선램프나 적외선램프, 아크램프",,0,
8539410000,80,3,아크램프,U,1,2013-01-01
853949,80,3,기타,,0,
85394910,80,4,자외선 램프,,0,
8539491010,80,5,반도체 제조용 기기의 것,U,1,2002-01-01
8539491090,80,5,기타,U,1,2002-01-01
8539492000,80,4,적외선 램프,U,1,2002-01-01
85395,80,2,발광다이오드(엘이디) 광원,,0,
8539510000,80,3,발광다이오드(엘이디) 모듈,U,1,2022-01-01
8539520000,80,3,발광다이오드(엘이디) 램프,U,1,2022-01-01
853990,80,2,부분품,,0,
8539901000,80,3,필라멘트 램프의 것,,1,2002-01-01
8539902000,80,3,방전램프의 것,,1,2002-01-01
8539909000,80,3,기타,,1,2002-01-01
8540,80,1,열전자관ㆍ냉음극관ㆍ광전관[예: 진공관ㆍ증기나 가스를 봉입한 관ㆍ수은아크정류관ㆍ음극선관ㆍ텔레비전용 촬상관(camera tube)],,0,
85401,80,2,텔레비전용 음극선관(영상 모니터용 음극선관을 포함한다),,0,
8540110000,80,3,천연색,U,1,2013-01-01
8540120000,80,3,단색,U,1,2013-01-01
8540200000,80,2,"텔레비전용 촬상관(camera tube), 영상변환관, 영상증강관(image intensifier), 그 밖의 광전관(photocathode tube)",U,1,2017-01-01
8540400000,80,2,"데이터/그래픽 직시관(display tube)(단색), 데이터/그래픽 직시관(display tube)(천연색으로서 인광물질 도트화면 간격이 0.4밀리미터 미만인 것으로 한정한다)",U,1,2017-01-01
854060,80,2,그 밖의 음극선관,,0,
8540601000,80,3,천연색,U,1,2013-01-01
8540609000,80,3,기타,U,1,2002-01-01
85407,80,2,"마이크로웨이브관[예: 자전관(magnetron)ㆍ속도변조관(klystron)ㆍ진행파관(traveling wave tube)ㆍ카시노트론(carcinotron)]. 다만, 그리드(grid)제어관은 제외한다.",,0,
8540710000,80,3,자전관(magnetron),U,1,2013-01-01
854079,80,3,기타,,0,
8540791000,80,4,속도변조관(klystron),U,1,2013-01-01
8540799000,80,4,기타,U,1,2012-01-01
85408,80,2,그 밖의 관,,0,
8540810000,80,3,수신관이나 증폭관,U,1,2013-01-01
854089,80,3,기타,,0,
8540891000,80,4,송신기용 열전자관,U,1,2013-01-01
8540892000,80,4,방전관,U,1,2002-01-01
8540899000,80,4,기타,U,1,2002-01-01
85409,80,2,부분품,,0,
8540910000,80,3,음극선관의 것,U,1,2022-01-01
8540990000,80,3,기타,,1,2002-01-01
8541,80,1,"반도체 디바이스(예: 다이오드ㆍ트랜지스터ㆍ반도체 기반 트랜스듀서), 감광성 반도체 디바이스(광전지는 모듈에 조립되었거나 패널로 구성되었는지 여부와 관계없이 포함한다), 발광다이오드[(엘이디), 다른 발광다이오드와 결합되었는지 여부과 관계없이 포함한다], 장착된 압전기 결정소자",,0,
854110,80,2,다이오드(감광성 다이오드나 발광다이오드는 제외한다),,0,
8541101000,80,3,"칩, 다이스와 절단되지 않은 웨이퍼",U,1,2013-01-01
8541109000,80,3,기타,U,1,2002-01-01
85412,80,2,트랜지스터(감광성 트랜지스터는 제외한다),,0,
854121,80,3,전력 낭비율이 1와트 미만인 것,,0,
8541211000,80,4,"칩, 다이스와 절단되지 않은 웨이퍼",U,1,2013-01-01
8541219000,80,4,기타,U,1,2002-01-01
854129,80,3,기타,,0,
8541291000,80,4,"칩, 다이스와 절단되지 않은 웨이퍼",U,1,2013-01-01
8541299000,80,4,기타,U,1,2002-01-01
854130,80,2,"사이리스터(thyristor), 다이액(diac), 트라이액(triac)(감광성 디바이스는 제외한다)",,0,
8541301000,80,3,"칩, 다이스와 절단되지 않은 웨이퍼",U,1,2013-01-01
8541302000,80,3,사이리스터(thyristor),U,1,2013-01-01
8541303000,80,3,다이액(diac),U,1,2013-01-01
8541304000,80,3,트라이액(triac),U,1,2013-01-01
85414,80,2,감광성 반도체 디바이스(광전지는 모듈에 조립되었거나 패널로 구성되었는지 여부와 관계없이 포함한다)와 발광다이오드(엘이디),,0,
854141,80,3,발광다이오드(엘이디),,0,
8541411000,80,4,레이저소자,U,1,2022-01-01
8541419000,80,4,기타,U,1,2022-01-01
8541420000,80,3,광전지(모듈에 조립되었거나 패널로 구성된 것은 제외한다),U,1,2022-01-01
8541430000,80,3,광전지(모듈에 조립되었거나 패널로 구성된 것으로 한정한다),U,1,2022-01-01
854149,80,3,기타,,0,
8541491000,80,4,"칩, 다이스와 절단되지 않은 웨이퍼",U,1,2022-01-01
8541492000,80,4,광전도 셀,U,1,2022-01-01
8541493000,80,4,전하결합소자,U,1,2022-01-01
8541499000,80,4,기타,U,1,2022-01-01
85415,80,2,그 밖의 반도체 디바이스,,0,
854151,80,3,반도체 기반 트랜스듀서,,0,
8541511000,80,4,센서,U,1,2022-01-01
8541512000,80,4,액추에이터,U,1,2022-01-01
8541513000,80,4,공진기,U,1,2022-01-01
8541514000,80,4,오실레이터,U,1,2022-01-01
854159,80,3,기타,,0,
8541591000,80,4,"칩, 다이스와 절단되지 않은 웨이퍼",U,1,2022-01-01
8541599000,80,4,기타,U,1,2022-01-01
854160,80,2,장착된 압전기 결정소자,,0,
8541601000,80,3,수정진동자,U,1,2012-01-01
8541609000,80,3,기타,U,1,2002-01-01
854190,80,2,부분품,,0,
8541902000,80,3,다이오드의 것,,1,2014-01-01
8541903000,80,3,트랜지스터의 것,,1,2014-01-01
8541909000,80,3,기타,,1,2002-01-01
8542,80,1,전자집적회로,,0,
85423,80,2,전자집적회로,,0,
854231,80,3,프로세서와 컨트롤러[메모리ㆍ변환기ㆍ논리회로ㆍ증폭기ㆍ클록(clock)ㆍ타이밍(timing) 회로나 그 밖의 회로를 갖춘 것인지는 상관없다],,0,
8542311000,80,4,모노리식(monolithic) 집적회로,U,1,2013-01-01
8542312000,80,4,하이브리드 집적회로,U,1,2007-01-01
8542313000,80,4,복합구조칩 집적회로,U,1,2007-01-01
8542314000,80,4,복합부품 집적회로(MCOs),U,1,2022-01-01
854232,80,3,메모리,,0,
85423210,80,4,모노리식(monolithic) 집적회로,,0,
8542321010,80,5,디램,U,1,2007-01-01
8542321020,80,5,에스램,U,1,2013-01-01
8542321030,80,5,플래시 메모리,U,1,2007-01-01
8542321090,80,5,기타,U,1,2007-01-01
8542322000,80,4,하이브리드 집적회로,U,1,2007-01-01
8542323000,80,4,복합구조칩 집적회로,U,1,2007-01-01
8542324000,80,4,복합부품 집적회로(MCOs),U,1,2022-01-01
854233,80,3,증폭기,,0,
8542331000,80,4,모노리식(monolithic) 집적회로,U,1,2013-01-01
8542332000,80,4,하이브리드 집적회로,U,1,2007-01-01
8542333000,80,4,복합구조칩 집적회로,U,1,2007-01-01
8542334000,80,4,복합부품 집적회로(MCOs),U,1,2022-01-01
854239,80,3,기타,,0,
8542391000,80,4,모노리식(monolithic) 집적회로,U,1,2013-01-01
8542392000,80,4,하이브리드 집적회로,U,1,2007-01-01
8542393000,80,4,복합구조칩 집적회로,U,1,2007-01-01
8542394000,80,4,복합부품 집적회로(MCOs),U,1,2022-01-01
8542900000,80,2,부분품,U,1,2022-01-01
8543,80,1,그 밖의 전기기기(이 류에 따로 분류되지 않은 것으로서 고유의 기능을 가진 것으로 한정한다),,0,
8543100000,80,2,입자가속기,U,1,2007-01-01
8543200000,80,2,신호발생기,U,1,2002-01-01
854330,80,2,전기도금용ㆍ전기분해용ㆍ전기영동(泳動)용 기기,,0,
8543301000,80,3,인쇄회로의 제조에 전용되거나 주로 사용되는 종류의 것(전기영동용은 제외한다),U,1,2017-01-01
8543302000,80,3,수전해 설비,U,1,2025-01-01
8543309000,80,3,기타,U,1,2017-01-01
854340,80,2,전자담배와 이와 유사한 개인용 전기 기화장치,,0,
8543401000,80,3,연소시키지 않고 흡입하도록 만들어진 물품(제2404호의 것으로 한정한다)을 포함한 것,U,1,2022-01-01
8543409000,80,3,기타,U,1,2022-01-01
854370,80,2,그 밖의 기기,,0,
8543701000,80,3,일렉트릭 펜스 에너자이저,U,1,2007-01-01
85437020,80,3,가정형,,0,
8543702010,80,4,이온정수기,U,1,2007-01-01
8543702020,80,4,미용기기,U,1,2012-01-01
8543702030,80,4,오디오믹서,U,1,2007-01-01
8543702040,80,4,이퀄라이저,U,1,2007-01-01
8543702050,80,4,오존 발생기,U,1,2022-01-01
8543702090,80,4,기타,U,1,2007-01-01
8543703000,80,3,전자번역기ㆍ전자사전,U,1,2013-01-01
8543705000,80,3,유선전신용ㆍ유선전화용 기기 또는 유선전신용ㆍ유선전화용 통신망 연결용 제품,U,1,2017-01-01
85437090,80,3,기타,,0,
8543709010,80,4,고주파증폭기,U,1,2007-01-01
8543709020,80,4,디텍터(소호 제8541.51호의 것을 제외한다),U,1,2022-01-01
8543709040,80,4,비디오게임 콘솔용 무선 적외선 원격조절장치,U,1,2017-01-01
8543709050,80,4,디지털 비행 데이터 기록 장치,U,1,2017-01-01
8543709060,80,4,"휴대용 배터리로 작동하는 전자 리더기(문자, 정지화상 또는 음성파일의 기록 및 재생용으로 한정한다)",U,1,2022-01-01
8543709070,80,4,디지털신호처리기(사운드 믹싱을 위해 유선 또는 무선 통신망에 연결되는 것으로 한정한다),U,1,2017-01-01
8543709090,80,4,기타,U,1,2007-01-01
854390,80,2,부분품,,0,
8543901000,80,3,전자초소형 조립회로,U,1,2022-01-01
8543909000,80,3,기타,,1,2022-01-01
8544,80,1,"절연(에나멜 도포나 산화피막처리를 한 것을 포함한다) 전선ㆍ케이블(동축케이블을 포함한다)과 그 밖의 전기절연도체(이것은 접속자가 부착된 것인지에 상관없다), 광섬유 케이블(섬유를 개별 피복하여 만든 것으로 한정하며, 전기도체나 접속자가 부착된 것인지에 상관없다)",,0,
85441,80,2,권선(捲線)용 전선,,0,
854411,80,3,구리로 만든 것,,0,
8544111000,80,4,절연도료 피복전선,,1,2002-01-01
8544119000,80,4,기타,,1,2002-01-01
8544190000,80,3,기타,,1,2002-01-01
8544200000,80,2,동축케이블과 그 밖의 동축 도체,,1,2013-01-01
8544300000,80,2,점화용 와이어링 세트와 그 밖의 와이어링 세트(자동차용ㆍ항공기용ㆍ선박용으로 한정한다),,1,2013-01-01
85444,80,2,"그 밖의 전기도체(전압이 1,000볼트 이하인 것으로 한정한다)",,0,
854442,80,3,접속자가 부착된 것,,0,
85444210,80,4,종이 절연전선,,0,
8544421010,80,5,전기통신용,,1,2013-01-01
8544421090,80,5,기타,,1,2007-01-01
85444220,80,4,플라스틱 절연전선,,0,
8544422010,80,5,전기통신용,,1,2013-01-01
8544422090,80,5,기타,,1,2007-01-01
85444290,80,4,기타,,0,
8544429010,80,5,전기통신용,,1,2013-01-01
8544429090,80,5,기타,,1,2007-01-01
854449,80,3,기타,,0,
85444910,80,4,종이 절연전선,,0,
854449101,80,5,전기통신용,,0,
8544491011,80,6,전압이 80볼트 이하인 것,,1,2007-01-01
8544491012,80,6,"전압이 80볼트 초과 1,000볼트 이하인 것",,1,2017-01-01
8544491090,80,5,기타,,1,2002-01-01
85444920,80,4,플라스틱 절연전선,,0,
854449201,80,5,전기통신용,,0,
8544492011,80,6,전압이 80볼트 이하인 것,,1,2007-01-01
8544492012,80,6,"전압이 80볼트 초과 1,000볼트 이하인 것",,1,2017-01-01
8544492090,80,5,기타,,1,2002-01-01
85444990,80,4,기타,,0,
854449901,80,5,전기통신용,,0,
8544499011,80,6,전압이 80볼트 이하인 것,,1,2007-01-01
8544499012,80,6,"전압이 80볼트 초과 1,000볼트 이하인 것",,1,2017-01-01
8544499090,80,5,기타,,1,2002-01-01
854460,80,2,"그 밖의 전기도체(전압이 1,000볼트를 초과하는 것으로 한정한다)",,0,
85446010,80,3,전압이 10킬로볼트 이하인 것,,0,
8544601010,80,4,플라스틱 절연전선,,1,2002-01-01
8544601090,80,4,기타,,1,2002-01-01
85446020,80,3,전압이 10킬로볼트 초과 100킬로볼트 이하인 것,,0,
8544602010,80,4,플라스틱 절연전선,,1,2002-01-01
8544602090,80,4,기타,,1,2002-01-01
85446030,80,3,전압이 100킬로볼트를 초과하는 것,,0,
8544603010,80,4,플라스틱 절연전선,,1,2002-01-01
8544603090,80,4,기타,,1,2002-01-01
8544700000,80,2,광섬유 케이블,,1,2002-01-01
8545,80,1,"탄소전극ㆍ탄소브러시ㆍ램프용 탄소ㆍ전지용 탄소와 그 밖의 흑연이나 탄소제품(전기용으로 한정하며, 금속이 함유된 것인지에 상관없다)",,0,
85451,80,2,전극,,0,
8545110000,80,3,노(爐)용,,1,2013-01-01
8545190000,80,3,기타,,1,2002-01-01
8545200000,80,2,브러시,,1,2002-01-01
854590,80,2,기타,,0,
8545901000,80,3,탄소봉,,1,2013-01-01
8545902000,80,3,탄소난방필름,,1,2019-10-01
8545909000,80,3,기타,,1,2002-01-01
8546,80,1,애자(어떤 재료라도 가능하다),,0,
8546100000,80,2,유리로 만든 것,,1,2017-01-01
8546200000,80,2,도자제의 것,,1,2017-01-01
854690,80,2,기타,,0,
8546901000,80,3,플라스틱으로 만든 애자,,1,2013-01-01
8546909000,80,3,기타,,1,2002-01-01
8547,80,1,"전기기기용으로서 전부가 절연재료로 구성된 절연용 물품(나선가공 소켓과 같이 단순히 조립을 위하여 주조 과정에서 소량의 금속이 주입된 것을 포함하며, 제8546호의 애자는 제외한다), 비금속(卑金屬)으로 만든 전기용 도관(導管)과 그 연결구류(절연재료로 속을 댄 것으로 한정한다)",,0,
8547100000,80,2,도자제의 절연용 물품,,1,2002-01-01
8547200000,80,2,플라스틱으로 만든 절연용 물품,,1,2013-01-01
8547900000,80,2,기타,,1,2002-01-01
8548,80,1,기기의 전기식 부분품(이 류에 따로 분류되지 않은 것으로 한정한다),,0,
854800,80,2,기기의 전기식 부분품(이 류에 따로 분류되지 않은 것으로 한정한다),,0,
8548001000,80,3,전자 초소형 조립회로,,1,2022-01-01
8548009000,80,3,기타,,1,2022-01-01
8549,80,1,전기ㆍ전자 웨이스트(waste)와 스크랩(scrap),,0,
85491,80,2,"일차전지와 축전지의 웨이스트(waste)와 스크랩(scrap), 수명이 끝난 일차전지와 축전지",,0,
8549110000,80,3,"연산(鉛酸) 축전지의 웨이스트(waste)와 스크랩(scrap), 수명이 끝난 연산 축전지",,1,2022-01-14
854912,80,3,기타(납ㆍ카드뮴ㆍ수은을 함유한 것으로 한정한다),,0,
8549121000,80,4,납을 함유한 것,,1,2022-01-14
8549122000,80,4,카드뮴을 함유한 것,,1,2022-01-14
8549123000,80,4,수은을 함유한 것,,1,2022-01-14
8549130000,80,3,화학적 유형에 따라 선별된 것(납ㆍ카드뮴ㆍ수은을 함유하지 않은 것으로 한정한다),,1,2022-01-14
854914,80,3,선별되지 않은 것(납ㆍ카드뮴ㆍ수은을 함유하지 않은 것으로 한정한다),,0,
8549141000,80,4,철강ㆍ구리ㆍ니켈ㆍ아연을 함유한 것,,1,2022-01-14
8549142000,80,4,망간을 함유한 것,,1,2022-01-14
8549149000,80,4,기타,,1,2022-01-14
8549190000,80,3,기타,,1,2022-01-14
85492,80,2,귀금속의 회수 목적으로 주로 사용되는 것,,0,
854921,80,3,일차전지·축전지·수은 스위치·음극선관에서 얻어진 유리·그 밖의 활성화된 유리를 함유하는 것 또는 카드뮴·수은·납·폴리염화비페닐(PCBs)을 함유한 전기·전자부품,,0,
8549211000,80,4,철강·구리·니켈·납·아연을 함유한 것,,1,2022-01-14
8549212000,80,4,유리·카드뮴·망간을 함유한 것,,1,2022-01-14
8549219000,80,4,기타,,1,2022-01-14
854929,80,3,기타,,0,
8549291000,80,4,철강·구리·니켈·납·아연을 함유한 것,,1,2022-01-14
8549292000,80,4,유리·카드뮴·망간을 함유한 것,,1,2022-01-14
8549299000,80,4,기타,,1,2022-01-14
85493,80,2,그 밖의 전기ㆍ전자 조립품과 인쇄회로기판,,0,
854931,80,3,일차전지ㆍ축전지ㆍ수은 스위치ㆍ음극선관에서 얻어진 유리ㆍ그 밖의 활성화된 유리를 함유하는 것 또는 카드뮴ㆍ수은ㆍ납ㆍ폴리염화비페닐(PCBs)을 함유한 전기ㆍ전자부품,,0,
8549311000,80,4,철강·구리·니켈·납·아연을 함유한 것,,1,2022-01-14
8549312000,80,4,유리·카드뮴·망간을 함유한 것,,1,2022-01-14
8549319000,80,4,기타,,1,2022-01-14
854939,80,3,기타,,0,
8549391000,80,4,철강·구리·니켈·납·아연을 함유한 것,,1,2022-01-14
8549392000,80,4,유리·카드뮴·망간을 함유한 것,,1,2022-01-14
8549399000,80,4,기타,,1,2022-01-14
85499,80,2,기타,,0,
854991,80,3,일차전지ㆍ축전지ㆍ수은 스위치ㆍ음극선관에서 얻어진 유리ㆍ그 밖의 활성화된 유리를 함유하는 것 또는 카드뮴ㆍ수은ㆍ납ㆍ폴리염화비페닐(PCBs)을 함유한 전기ㆍ전자부품,,0,
8549911000,80,4,철강·구리·니켈·납·아연을 함유한 것,,1,2022-01-14
8549912000,80,4,유리·카드뮴·망간을 함유한 것,,1,2022-01-14
8549919000,80,4,기타,,1,2022-01-14
854999,80,3,기타,,0,
8549991000,80,4,철강·구리·니켈·납·아연을 함유한 것,,1,2022-01-14
8549992000,80,4,유리·카드뮴·망간을 함유한 것,,1,2022-01-14
8549999000,80,4,기타,,1,2022-01-14
86,80,0,"제86류 철도용이나 궤도용 기관차ㆍ차량과 이들의 부분품, 철도용이나 궤도용 장비품과 그 부분품, 기계식(전기기계식을 포함한다) 각종 교통신호용 기기",,0,
8601,80,1,철도용 기관차(외부 전원이나 축전지로 주행하는 것으로 한정한다),,0,
8601100000,80,2,외부 전원으로 주행하는 것,U,1,2013-01-01
8601200000,80,2,축전지로 주행하는 것,U,1,2002-01-01
8602,80,1,그 밖의 철도용 기관차와 탄수차(炭水車),,0,
8602100000,80,2,디젤 전기기관차,U,1,2002-01-01
8602900000,80,2,기타,U,1,2002-01-01
8603,80,1,자주식(自走式) 철도용이나 궤도용 객차와 화차(제8604호의 것은 제외한다),,0,
860310,80,2,외부 전원으로 주행하는 것,,0,
8603101000,80,3,객차,U,1,2002-01-01
8603102000,80,3,화차,U,1,2002-01-01
860390,80,2,기타,,0,
8603901000,80,3,객차,U,1,2002-01-01
8603902000,80,3,화차,U,1,2002-01-01
8604,80,1,철도나 궤도의 유지용이나 보수용 차량[자주식(自走式)의 것인지에 상관없다][예: 공작차(workshop)ㆍ기중기차(crane)ㆍ밸러스트 템퍼(ballast tamper)ㆍ트랙라이너(trackliner)ㆍ검사차ㆍ궤도검사차],,0,
860400,80,2,철도나 궤도의 유지용이나 보수용 차량[자주식(自走式)의 것인지에 상관없다][예: 공작차(workshop)ㆍ기중기차(crane)ㆍ밸러스트 템퍼(ballast tamper)ㆍ트랙라이너(trackliner)ㆍ검사차ㆍ궤도검사차],,0,
8604004000,80,3,궤도검사차,U,1,2002-01-01
8604009000,80,3,기타,U,1,2002-01-01
8605,80,1,"철도용이나 궤도용 객차[자주식(自走式)은 제외한다], 수하물차ㆍ우편차와 그 밖의 철도용이나 궤도용 특수용도차[자주식(自走式)과 제8604호의 것은 제외한다]",,0,
8605001000,80,2,객차,U,1,2017-01-01
8605002000,80,2,수하물차,U,1,2002-01-01
8605009000,80,2,기타,U,1,2002-01-01
8606,80,1,철도용이나 궤도용 화차[자주식(自走式)은 제외한다],,0,
8606100000,80,2,탱크차와 이와 유사한 차,U,1,2013-01-01
8606300000,80,2,자기양하식(self-discharging) 화차(소호 제8606.10호의 것은 제외한다),U,1,2013-01-01
86069,80,2,기타,,0,
8606910000,80,3,덮개가 있는 것으로서 밀폐되어 있는 것,U,1,2017-01-01
8606920000,80,3,덮개가 없는 것으로서 고정된 측면의 높이가 60센티미터를 초과하는 것,U,1,2022-01-01
8606990000,80,3,기타,U,1,2002-01-01
8607,80,1,철도용이나 궤도용 기관차나 차량의 부분품,,0,
86071,80,2,보기(bogie)ㆍ비셀보기(bissel-bogie)ㆍ차축ㆍ차륜과 이들의 부분품,,0,
8607110000,80,3,구동식 보기(bogie)와 비셀보기(bissel-bogie),,1,2013-01-01
8607120000,80,3,그 밖의 보기(bogie)와 비셀보기(bissel-bogie),,1,2013-01-01
860719,80,3,기타(부분품을 포함한다),,0,
8607191000,80,4,차축,U,1,2002-01-01
8607192000,80,4,차륜,U,1,2002-01-01
8607193000,80,4,윤축(輪軸),U,1,2013-01-01
8607199000,80,4,기타,U,1,2002-01-01
86072,80,2,제동장치와 그 부분품,,0,
8607210000,80,3,공기식 제동장치와 그 부분품,U,1,2002-01-01
8607290000,80,3,기타,U,1,2002-01-01
860730,80,2,훅과 그 밖의 연결장치ㆍ완충장치와 이들의 부분품,,0,
8607301000,80,3,훅,U,1,2002-01-01
8607302000,80,3,연결장치,U,1,2002-01-01
8607303000,80,3,완충장치,U,1,2002-01-01
8607309000,80,3,기타,U,1,2002-01-01
86079,80,2,기타,,0,
8607910000,80,3,기관차용,U,1,2013-01-01
8607990000,80,3,기타,U,1,2002-01-01
8608,80,1,"철도나 궤도선로용 장치물, 철도ㆍ궤도ㆍ도로ㆍ내륙수로ㆍ주차장ㆍ항만ㆍ비행장에서 사용되는 기계식(전기기계식을 포함한다) 신호기기ㆍ안전기기ㆍ교통관제기기, 이들의 부분품",,0,
8608001000,80,2,철도ㆍ궤도선로용 장치물,U,1,2013-01-01
8608002000,80,2,기계식의 신호ㆍ안전ㆍ교통 관제용 기기,U,1,2013-01-01
8608009000,80,2,부분품,U,1,2002-01-01
8609,80,1,"컨테이너(액체운반용 컨테이너를 포함하며, 하나 이상의 운송수단으로 운반할 수 있도록 특별히 설계되고 구조를 갖춘 것으로 한정한다)",,0,
8609001000,80,2,액체 운반용,U,1,2013-01-01
8609002000,80,2,압축가스 운반용,U,1,2013-01-01
8609003000,80,2,일반화물 운반용,U,1,2013-01-01
8609004000,80,2,살아있는 동물 운반용,U,1,2014-01-01
8609005000,80,2,냉동용과 냉장용,U,1,2013-01-01
8609009000,80,2,기타,U,1,2002-01-01
87,80,0,제87류 철도용이나 궤도용 외의 차량과 그 부분품ㆍ부속품,,0,
8701,80,1,트랙터(제8709호의 트랙터는 제외한다),,0,
8701100000,80,2,차축이 하나인 트랙터,U,1,2017-01-01
87012,80,2,세미트레일러(semi-trailer) 견인용 도로주행식 트랙터,,0,
870121,80,3,압축점화식 피스톤 내연기관[디젤이나 세미디젤(semi-diesel)]만을 갖춘 것,,0,
8701211000,80,4,신차,U,1,2022-01-01
8701212000,80,4,중고차,U,1,2022-01-01
870122,80,3,압축점화식 피스톤 내연기관[디젤이나 세미디젤(semi-diesel)]과 추진용 모터로서의 전동기를 둘 다 갖춘 것,,0,
8701221000,80,4,신차,U,1,2022-01-01
8701222000,80,4,중고차,U,1,2022-01-01
870123,80,3,불꽃점화식 피스톤 내연기관과 추진용 모터로서의 전동기를 둘 다 갖춘 것,,0,
8701231000,80,4,신차,U,1,2022-01-01
8701232000,80,4,중고차,U,1,2022-01-01
870124,80,3,추진용 전동기만 갖춘 것,,0,
8701241000,80,4,신차,U,1,2022-01-01
8701242000,80,4,중고차,U,1,2022-01-01
870129,80,3,기타,,0,
8701291000,80,4,신차,U,1,2022-01-01
8701292000,80,4,중고차,U,1,2022-01-01
8701300000,80,2,무한궤도식 트랙터,U,1,2002-01-01
87019,80,2,기타(엔진동력에 의한 것으로 한정한다),,0,
870191,80,3,엔진의 동력이 18킬로와트 이하인 것,,0,
87019110,80,4,트레일러 견인용의 도로주행식 트랙터,,0,
8701911010,80,5,신차,U,1,2017-01-01
8701911020,80,5,중고차,U,1,2017-01-01
8701912000,80,4,농업용 트랙터,U,1,2017-01-01
8701919000,80,4,기타,U,1,2017-01-01
870192,80,3,엔진의 동력이 18킬로와트 초과 37킬로와트 이하인 것,,0,
87019210,80,4,트레일러 견인용의 도로주행식 트랙터,,0,
8701921010,80,5,신차,U,1,2017-01-01
8701921020,80,5,중고차,U,1,2017-01-01
8701922000,80,4,농업용 트랙터,U,1,2017-01-01
8701929000,80,4,기타,U,1,2017-01-01
870193,80,3,엔진의 동력이 37킬로와트 초과 75킬로와트 이하인 것,,0,
87019310,80,4,트레일러 견인용의 도로주행식 트랙터,,0,
8701931010,80,5,신차,U,1,2017-01-01
8701931020,80,5,중고차,U,1,2017-01-01
8701932000,80,4,농업용 트랙터,U,1,2017-01-01
8701939000,80,4,기타,U,1,2017-01-01
870194,80,3,엔진의 동력이 75킬로와트 초과130킬로와트 이하인 것,,0,
87019410,80,4,트레일러 견인용의 도로주행식 트랙터,,0,
8701941010,80,5,신차,U,1,2017-01-01
8701941020,80,5,중고차,U,1,2017-01-01
8701942000,80,4,농업용 트랙터,U,1,2017-01-01
8701949000,80,4,기타,U,1,2017-01-01
870195,80,3,엔진의 동력이 130킬로와트를 초과하는 것,,0,
87019510,80,4,트레일러 견인용의 도로주행식 트랙터,,0,
8701951010,80,5,신차,U,1,2017-01-01
8701951020,80,5,중고차,U,1,2017-01-01
8701952000,80,4,농업용 트랙터,U,1,2017-01-01
8701959000,80,4,기타,U,1,2017-01-01
8702,80,1,10인 이상(운전자를 포함한다) 수송용 자동차,,0,
870210,80,2,압축점화식 피스톤 내연기관[디젤이나 세미디젤(semi-diesel)]만을 갖춘 것,,0,
87021010,80,3,15인 이하인 것,,0,
8702101010,80,4,신차,U,1,2007-01-01
8702101020,80,4,중고차,U,1,2007-01-01
87021020,80,3,15인 초과 35인 이하인 것,,0,
8702102010,80,4,신차,U,1,2007-01-01
8702102020,80,4,중고차,U,1,2007-01-01
87021030,80,3,35인 초과인 것,,0,
8702103010,80,4,신차,U,1,2007-01-01
8702103020,80,4,중고차,U,1,2007-01-01
870220,80,2,압축점화식 피스톤 내연기관[디젤이나 세미디젤(semi-diesel)]과 추진용 모터로서의 전동기를 둘 다 갖춘 것,,0,
8702201000,80,3,신차,U,1,2017-01-01
8702202000,80,3,중고차,U,1,2017-01-01
870230,80,2,불꽃점화식 피스톤 내연기관과 추진용 모터로서의 전동기를 둘 다 갖춘 것,,0,
8702301000,80,3,신차,U,1,2017-01-01
8702302000,80,3,중고차,U,1,2017-01-01
870240,80,2,추진용 전동기만 갖춘 것,,0,
8702401000,80,3,신차,U,1,2017-01-01
8702402000,80,3,중고차,U,1,2017-01-01
870290,80,2,기타,,0,
87029010,80,3,15인 이하인 것,,0,
8702901010,80,4,신차,U,1,2007-01-01
8702901020,80,4,중고차,U,1,2007-01-01
87029020,80,3,15인 초과 35인 이하인 것,,0,
8702902010,80,4,신차,U,1,2007-01-01
8702902020,80,4,중고차,U,1,2007-01-01
87029030,80,3,35인 초과인 것,,0,
8702903010,80,4,신차,U,1,2007-01-01
8702903020,80,4,중고차,U,1,2007-01-01
8703,80,1,"주로 사람을 수송할 수 있도록 설계된 승용자동차와 그 밖의 차량[제8702호의 것은 제외하며, 스테이션왜건(station wagon)과 경주용 자동차를 포함한다]",,0,
870310,80,2,"설상(雪上)주행용 차량, 골프용 차와 이와 유사한 차량",,0,
8703101000,80,3,설상주행용,U,1,2013-01-01
8703102000,80,3,골프용차,U,1,2002-01-01
8703109000,80,3,기타,U,1,2002-01-01
87032,80,2,그 밖의 차량(불꽃점화식 피스톤 내연기관만을 갖춘 것),,0,
870321,80,3,"실린더용량이 1,000시시 이하인 것",,0,
8703217000,80,4,신차,U,1,2007-01-01
8703218000,80,4,중고차,U,1,2007-01-01
870322,80,3,"실린더용량이 1,000시시 초과 1,500시시 이하인 것",,0,
8703227000,80,4,신차,U,1,2007-01-01
8703228000,80,4,중고차,U,1,2007-01-01
870323,80,3,"실린더용량이 1,500시시 초과 3,000시시 이하인 것",,0,
87032310,80,4,"2,000시시 이하인 것",,0,
8703231010,80,5,신차,U,1,2007-01-01
8703231020,80,5,중고차,U,1,2007-01-01
87032390,80,4,기타,,0,
8703239010,80,5,신차,U,1,2007-01-01
8703239020,80,5,중고차,U,1,2007-01-01
870324,80,3,"실린더용량이 3,000시시를 초과하는 것",,0,
87032410,80,4,"4,000시시 이하인 것",,0,
8703241010,80,5,신차,U,1,2007-01-01
8703241020,80,5,중고차,U,1,2007-01-01
87032490,80,4,기타,,0,
8703249010,80,5,신차,U,1,2007-01-01
8703249020,80,5,중고차,U,1,2007-01-01
87033,80,2,그 밖의 차량[압축점화식 피스톤 내연기관(디젤이나 세미디젤)만을 갖춘 것],,0,
870331,80,3,"실린더용량이 1,500시시 이하인 것",,0,
8703317000,80,4,신차,U,1,2007-01-01
8703318000,80,4,중고차,U,1,2007-01-01
870332,80,3,"실린더용량이 1,500시시 초과 2,500시시 이하인 것",,0,
87033210,80,4,"2,000시시 이하인 것",,0,
8703321010,80,5,신차,U,1,2007-01-01
8703321020,80,5,중고차,U,1,2007-01-01
87033290,80,4,기타,,0,
8703329010,80,5,신차,U,1,2007-01-01
8703329020,80,5,중고차,U,1,2007-01-01
870333,80,3,"실린더용량이 2,500시시를 초과하는 것",,0,
8703337000,80,4,신차,U,1,2007-01-01
8703338000,80,4,중고차,U,1,2007-01-01
870340,80,2,"그 밖의 차량(불꽃점화식 피스톤 내연기관과 추진용 모터로서의 전동기를 둘 다 갖춘 것으로서, 외부 전원에 플러그를 꽂아 충전할 수 있는 방식의 것은 제외한다)",,0,
8703401000,80,3,신차,U,1,2017-01-01
8703402000,80,3,중고차,U,1,2017-01-01
870350,80,2,"그 밖의 차량[압축점화식 피스톤 내연기관(디젤이나 세미디젤)과 추진용 모터로서의 전동기를 둘 다 갖춘 것으로서, 외부 전원에 플러그를 꽂아 충전할 수 있는 방식의 것은 제외한다]",,0,
8703501000,80,3,신차,U,1,2017-01-01
8703502000,80,3,중고차,U,1,2017-01-01
870360,80,2,"그 밖의 차량(불꽃점화식 피스톤 내연기관과 추진용 모터로서의 전동기를 둘 다 갖춘 것으로서, 외부 전원에 플러그를 꽂아 충전할 수 있는 방식의 것으로 한정한다)",,0,
8703601000,80,3,신차,U,1,2017-01-01
8703602000,80,3,중고차,U,1,2017-01-01
870370,80,2,"그 밖의 차량[압축점화식 피스톤 내연기관(디젤이나 세미디젤)과 추진용 모터로서의 전동기를 둘 다 갖춘 것으로서, 외부 전원에 플러그를 꽂아 충전할 수 있는 방식의 것으로 한정한다]",,0,
8703701000,80,3,신차,U,1,2017-01-01
8703702000,80,3,중고차,U,1,2017-01-01
870380,80,2,그 밖의 차량(추진용 전동기만을 갖춘 것),,0,
8703801000,80,3,신차,U,1,2017-01-01
8703802000,80,3,중고차,U,1,2017-01-01
8703900000,80,2,기타,U,1,2017-01-01
8704,80,1,화물자동차,,0,
8704100000,80,2,덤프차(비고속도로용으로 설계된 것으로 한정한다),U,1,2013-01-01
87042,80,2,기타[압축점화식 피스톤 내연기관(디젤이나 세미디젤(semi-diesel)만을 갖춘 것으로 한정한다],,0,
870421,80,3,총중량이 5톤 이하인 것,,0,
87042110,80,4,일반 화물자동차,,0,
8704211010,80,5,신차,U,1,2007-01-01
8704211020,80,5,중고차,U,1,2007-01-01
87042190,80,4,기타,,0,
8704219010,80,5,냉동차ㆍ냉장차,U,1,2013-01-01
8704219020,80,5,탱크차,U,1,2002-01-01
8704219090,80,5,기타,U,1,2002-01-01
870422,80,3,총중량이 5톤 초과 20톤 이하인 것,,0,
87042210,80,4,일반 화물자동차,,0,
870422101,80,5,총중량 10톤 이하인 것,,0,
8704221011,80,6,신차,U,1,2007-01-01
8704221012,80,6,중고차,U,1,2007-01-01
870422109,80,5,기타,,0,
8704221091,80,6,신차,U,1,2007-01-01
8704221092,80,6,중고차,U,1,2007-01-01
87042290,80,4,기타,,0,
8704229010,80,5,냉동차ㆍ냉장차,U,1,2013-01-01
8704229020,80,5,탱크차,U,1,2002-01-01
8704229090,80,5,기타,U,1,2002-01-01
870423,80,3,총중량이 20톤을 초과하는 것,,0,
87042310,80,4,일반 화물자동차,,0,
8704231010,80,5,신차,U,1,2007-01-01
8704231020,80,5,중고차,U,1,2007-01-01
87042390,80,4,기타,,0,
8704239010,80,5,냉동차ㆍ냉장차,U,1,2013-01-01
8704239020,80,5,탱크차,U,1,2002-01-01
8704239090,80,5,기타,U,1,2002-01-01
87043,80,2,기타(불꽃점화식 피스톤 내연기관만을 갖춘 것으로 한정한다),,0,
870431,80,3,총중량이 5톤 이하인 것,,0,
87043110,80,4,일반 화물자동차,,0,
8704311010,80,5,신차,U,1,2007-01-01
8704311020,80,5,중고차,U,1,2007-01-01
87043190,80,4,기타,,0,
8704319010,80,5,냉동차ㆍ냉장차,U,1,2013-01-01
8704319020,80,5,탱크차,U,1,2002-01-01
8704319090,80,5,기타,U,1,2002-01-01
870432,80,3,총중량이 5톤을 초과하는 것,,0,
87043210,80,4,일반 화물자동차,,0,
8704321010,80,5,신차,U,1,2007-01-01
8704321020,80,5,중고차,U,1,2007-01-01
87043290,80,4,기타,,0,
8704329010,80,5,냉동차ㆍ냉장차,U,1,2013-01-01
8704329020,80,5,탱크차,U,1,2002-01-01
8704329090,80,5,기타,U,1,2002-01-01
87044,80,2,기타[압축점화식 피스톤 내연기관(디젤이나 세미디젤(semi-diesel))과 추진용 모터로서의 전동기를 둘 다 갖춘 것으로 한정한다],,0,
870441,80,3,총중량이 5톤 이하인 것,,0,
87044110,80,4,일반 화물자동차,,0,
8704411010,80,5,신차,U,1,2022-01-01
8704411020,80,5,중고차,U,1,2022-01-01
87044190,80,4,기타,,0,
8704419010,80,5,냉동차ㆍ냉장차,U,1,2022-01-01
8704419020,80,5,탱크차,U,1,2022-01-01
8704419090,80,5,기타,U,1,2022-01-01
870442,80,3,총중량이 5톤 초과 20톤 이하인 것,,0,
87044210,80,4,일반 화물자동차,,0,
8704421010,80,5,신차,U,1,2022-01-01
8704421020,80,5,중고차,U,1,2022-01-01
87044290,80,4,기타,,0,
8704429010,80,5,냉동차ㆍ냉장차,U,1,2022-01-01
8704429020,80,5,탱크차,U,1,2022-01-01
8704429090,80,5,기타,U,1,2022-01-01
870443,80,3,총중량이 20톤을 초과하는 것,,0,
87044310,80,4,일반 화물자동차,,0,
8704431010,80,5,신차,U,1,2022-01-01
8704431020,80,5,중고차,U,1,2022-01-01
87044390,80,4,기타,,0,
8704439010,80,5,냉동차ㆍ냉장차,U,1,2022-01-01
8704439020,80,5,탱크차,U,1,2022-01-01
8704439090,80,5,기타,U,1,2022-01-01
87045,80,2,기타(불꽃점화식 피스톤 내연기관과 추진용 모터로서의 전동기를 둘 다 갖춘 것으로 한정한다),,0,
870451,80,3,총중량이 5톤 이하인 것,,0,
87045110,80,4,일반 화물자동차,,0,
8704511010,80,5,신차,U,1,2022-01-01
8704511020,80,5,중고차,U,1,2022-01-01
87045190,80,4,기타,,0,
8704519010,80,5,냉동차ㆍ냉장차,U,1,2022-01-01
8704519020,80,5,탱크차,U,1,2022-01-01
8704519090,80,5,기타,U,1,2022-01-01
870452,80,3,총중량이 5톤을 초과하는 것,,0,
87045210,80,4,일반 화물자동차,,0,
8704521010,80,5,신차,U,1,2022-01-01
8704521020,80,5,중고차,U,1,2022-01-01
87045290,80,4,기타,,0,
8704529010,80,5,냉동차ㆍ냉장차,U,1,2022-01-01
8704529020,80,5,탱크차,U,1,2022-01-01
8704529090,80,5,기타,U,1,2022-01-01
870460,80,2,기타(추진용 전동기만을 갖춘 것으로 한정한다),,0,
87046010,80,3,일반 화물자동차,,0,
8704601010,80,4,신차,U,1,2022-01-01
8704601020,80,4,중고차,U,1,2022-01-01
87046090,80,3,기타,,0,
8704609010,80,4,냉동차ㆍ냉장차,U,1,2022-01-01
8704609020,80,4,탱크차,U,1,2022-01-01
8704609090,80,4,기타,U,1,2022-01-01
870490,80,2,기타,,0,
87049010,80,3,일반 화물자동차,,0,
8704901010,80,4,신차,U,1,2007-01-01
8704901020,80,4,중고차,U,1,2007-01-01
87049090,80,3,기타,,0,
8704909010,80,4,냉동차ㆍ냉장차,U,1,2013-01-01
8704909020,80,4,탱크차,U,1,2002-01-01
8704909090,80,4,기타,U,1,2002-01-01
8705,80,1,특수용도차량(주로 사람이나 화물 수송용으로 설계된 것은 제외한다)[예: 구난차(breakdown lorry)ㆍ기중기차(crane lorry)ㆍ소방차ㆍ콘크리트믹서 운반차ㆍ도로청소차ㆍ살포차ㆍ이동공작차ㆍ이동방사선차],,0,
870510,80,2,기중기차(crane lorry),,0,
8705101000,80,3,신축붐식,U,1,2013-01-01
8705102000,80,3,앵글식,U,1,2013-01-01
8705109000,80,3,기타,U,1,2002-01-01
8705200000,80,2,이동식 시추용 데릭(derrick)차,U,1,2013-01-01
8705300000,80,2,소방차,U,1,2002-01-01
8705400000,80,2,콘크리트믹서 운반차,U,1,2002-01-01
870590,80,2,기타,,0,
87059010,80,3,살포차,,0,
8705901010,80,4,농업용 살포차,U,1,2013-01-01
8705901090,80,4,기타,U,1,2002-01-01
87059090,80,3,기타,,0,
8705909010,80,4,구난차,U,1,2002-01-01
8705909020,80,4,도로청소차,U,1,2002-01-01
8705909030,80,4,이동공작차,U,1,2002-01-01
8705909040,80,4,이동방송차,U,1,2002-01-01
8705909050,80,4,이동진료차,U,1,2002-01-01
8705909060,80,4,이동통신차와 레이더차,U,1,2002-01-01
8705909070,80,4,제설차,U,1,2002-01-01
8705909090,80,4,기타,U,1,2002-01-01
8706,80,1,엔진을 갖춘 섀시(제8701호부터 제8705호까지의 자동차용으로 한정한다),,0,
8706001000,80,2,제8701호의 것,U,1,2017-01-01
8706002000,80,2,제8702호의 것,U,1,2002-01-01
8706003000,80,2,제8703호의 것,U,1,2002-01-01
8706004000,80,2,제8704호의 것,U,1,2002-01-01
8706005000,80,2,제8705호의 것,U,1,2002-01-01
8707,80,1,"차체(운전실을 포함하며, 제8701호부터 제8705호까지의 자동차용으로 한정한다)",,0,
8707100000,80,2,제8703호의 차량용,U,1,2013-01-01
870790,80,2,기타,,0,
8707901000,80,3,제8701호의 것,U,1,2017-01-01
8707902000,80,3,제8702호의 것,U,1,2002-01-01
8707903000,80,3,제8704호의 것,U,1,2002-01-01
8707904000,80,3,제8705호의 것,U,1,2002-01-01
8708,80,1,부분품과 부속품(제8701호부터 제8705호까지의 차량용으로 한정한다),,0,
8708100000,80,2,완충기와 그 부분품,,1,2002-01-01
87082,80,2,차체(운전실을 포함한다)의 그 밖의 부분품과 부속품,,0,
8708210000,80,3,안전벨트,,1,2002-01-01
8708220000,80,3,"이 류의 소호주 제1호에서 규정한 전방 윈드스크린(윈드쉴드), 후방 창문과 그 밖의 창문",,1,2022-01-01
8708290000,80,3,기타,,1,2007-01-01
870830,80,2,제동장치와 그 부분품,,0,
8708301000,80,3,장착된 브레이크 라이닝,,1,2007-01-01
8708302000,80,3,브레이크 부스터,,1,2012-01-01
8708303000,80,3,전자 제어식 제동장치,,1,2007-01-01
8708309000,80,3,기타,,1,2007-01-01
8708400000,80,2,기어박스와 그 부분품,,1,2002-01-01
870850,80,2,"차동장치를 갖춘 구동 차축(그 밖의 동력전달장치의 부분품과 구성품을 갖추었는지는 상관없다), 비구동 차축, 그 부분품",,0,
8708501000,80,3,차동장치를 갖춘 구동 차축(변속장치를 갖추었는지에 상관없다)과 그 부분품,,1,2017-01-01
8708502000,80,3,비구동 차축과 그 부분품,,1,2007-01-01
8708700000,80,2,로드 휠(road wheel)과 그 부분품ㆍ부속품,U,1,2021-02-01
8708800000,80,2,서스펜션 시스템(suspension system)과 그 부분품[쇼크업소버(shock-absorber)를 포함한다],,1,2013-01-01
87089,80,2,그 밖의 부분품과 부속품,,0,
8708910000,80,3,방열기와 그 부분품,,1,2002-01-01
8708920000,80,3,"소음기(머플러), 배기관, 그 부분품",,1,2013-01-01
8708930000,80,3,클러치와 그 부분품,,1,2002-01-01
8708940000,80,3,운전대ㆍ스티어링칼럼(steering column)ㆍ운전박스와 그 부분품,,1,2013-01-01
870895,80,3,팽창 시스템을 갖춘 안전 에어백과 그 부분품,,0,
8708951000,80,4,에어백,,1,2012-01-01
8708959000,80,4,기타,,1,2007-01-01
870899,80,3,기타,,0,
87089910,80,4,섀시,,0,
8708991010,80,5,제8701호의 것,,1,2002-01-01
8708991020,80,5,제8702호의 것,,1,2002-01-01
8708991030,80,5,제8703호의 것,,1,2002-01-01
8708991040,80,5,제8704호의 것,,1,2002-01-01
8708991050,80,5,제8705호의 것,,1,2002-01-01
8708999000,80,4,기타,,1,2002-01-01
8709,80,1,"공장ㆍ창고ㆍ부두ㆍ공항에서 화물의 단거리 운반에 사용하는 형으로 권양(捲揚)용이나 취급용 장비가 결합되지 않은 자주식(自走式) 작업차, 철도역의 플랫폼에서 사용하는 형의 트랙터, 이들의 부분품",,0,
87091,80,2,차량,,0,
8709110000,80,3,전기식의 것,U,1,2015-01-01
8709190000,80,3,기타,U,1,2002-01-01
8709900000,80,2,부분품,,1,2002-01-01
8710,80,1,"전차와 그 밖의 장갑차량[자주식(自走式)으로 한정하며, 무기를 장비하였는지에 상관없다], 이들의 부분품",,0,
8710001000,80,2,전차,U,1,2002-01-01
8710002000,80,2,그 밖의 장갑차량,U,1,2013-01-01
8710009000,80,2,부분품,U,1,2002-01-01
8711,80,1,"모터사이클[모페드(moped)를 포함한다]과 보조모터를 갖춘 자전거[사이드카(side-car)를 부착하였는지에 상관없다], 사이드카(side-car)",,0,
871110,80,2,실린더용량이 50시시 이하인 피스톤 내연기관의 것,,0,
8711101000,80,3,모터사이클,U,1,2002-01-01
8711102000,80,3,모페드,U,1,2002-01-01
8711109000,80,3,기타,U,1,2002-01-01
871120,80,2,실린더용량이 50시시 초과 250시시 이하인 피스톤 내연기관의 것,,0,
8711201000,80,3,모터사이클,U,1,2002-01-01
8711209000,80,3,기타,U,1,2002-01-01
871130,80,2,실린더용량이 250시시 초과 500시시 이하인 피스톤 내연기관의 것,,0,
8711301000,80,3,모터사이클,U,1,2002-01-01
8711309000,80,3,기타,U,1,2002-01-01
871140,80,2,실린더용량이 500시시 초과 800시시 이하인 피스톤 내연기관의 것,,0,
8711401000,80,3,모터사이클,U,1,2002-01-01
8711409000,80,3,기타,U,1,2002-01-01
871150,80,2,실린더용량이 800시시를 초과하는 피스톤 내연기관의 것,,0,
8711501000,80,3,모터사이클,U,1,2002-01-01
8711509000,80,3,기타,U,1,2002-01-01
871160,80,2,추진용 전동기를 갖춘 것,,0,
8711601000,80,3,모터사이클,U,1,2017-01-01
8711609000,80,3,기타,U,1,2017-01-01
871190,80,2,기타,,0,
8711901000,80,3,모터사이클,U,1,2002-01-01
8711909000,80,3,기타,U,1,2002-01-01
8712,80,1,모터를 갖추지 않은 이륜자전거와 그 밖의 자전거(배달용 삼륜 자전거를 포함한다),,0,
8712001000,80,2,경기용,U,1,2013-01-01
87120090,80,2,기타,,0,
8712009020,80,3,삼륜자전거,U,1,2002-01-01
8712009090,80,3,기타,U,1,2002-01-01
8713,80,1,신체장애인용 차량(모터를 갖추었는지 또는 기계구동식인지에 상관없다),,0,
8713100000,80,2,기계구동식이 아닌 것,U,1,2002-01-01
8713900000,80,2,기타,U,1,2002-01-01
8714,80,1,부분품과 부속품(제8711호부터 제8713호까지의 차량의 것으로 한정한다),,0,
871410,80,2,모터사이클의 것[모페드(moped)의 것을 포함한다],,0,
8714101000,80,3,안장,U,1,2012-01-01
8714109000,80,3,기타,U,1,2012-01-01
8714200000,80,2,신체장애인용 차량의 것,,1,2002-01-01
87149,80,2,기타,,0,
871491,80,3,"프레임과 포크, 이들의 부분품",,0,
8714911000,80,4,프레임,,1,2002-01-01
8714912000,80,4,포크,,1,2002-01-01
8714919000,80,4,이들의 부분품,,1,2014-01-01
871492,80,3,휠 림(wheel rim)과 스포크(spoke),,0,
8714921000,80,4,휠 림,,1,2002-01-01
8714922000,80,4,스포크,,1,2002-01-01
871493,80,3,"허브(hub)[코스터 브레이킹허브(coaster braking hub)와 허브브레이크(hub brake)는 제외한다], 프리휠(free-wheel) 스프로켓 휠(sprocket-wheel)",,0,
8714931000,80,4,허브(코스터 브레이킹허브(coaster braking hub)와 허브브레이크(hub brake)는 제외한다),,1,2013-01-01
8714932000,80,4,프리휠(free-wheel) 스프로켓 휠(sprocket-wheel),,1,2013-01-01
871494,80,3,"브레이크[코스터 브레이킹허브(coaster braking hub)와 허브브레이크(hub brake)를 포함한다], 그 부분품",,0,
8714941000,80,4,브레이크,,1,2017-01-01
8714949000,80,4,이들의 부분품,,1,2002-01-01
8714950000,80,3,안장,U,1,2002-01-01
871496,80,3,"페달과 크랭크기어(crankgear), 이들의 부분품",,0,
8714961000,80,4,페달,,1,2002-01-01
8714962000,80,4,크랭크 기어(crankgear),,1,2013-01-01
8714969000,80,4,이들의 부분품,,1,2002-01-01
8714990000,80,3,기타,,1,2002-01-01
8715,80,1,유모차와 그 부분품,,0,
8715000000,80,2,유모차와 그 부분품,,1,2002-01-01
8716,80,1,"트레일러와 세미트레일러, 기계구동식이 아닌 그 밖의 차량, 이들의 부분품",,0,
8716100000,80,2,트레일러와 세미트레일러(이동주택형으로서 주거용과 캠핑용으로 한정한다),U,1,2013-01-01
8716200000,80,2,농업용 자동적재식이나 자동양하식 트레일러와 세미트레일러,U,1,2013-01-01
87163,80,2,화물수송용 그 밖의 트레일러와 세미트레일러,,0,
8716310000,80,3,탱커 트레일러(tanker trailer)와 탱커 세미트레일러(tanker semi-trailer),U,1,2017-01-01
8716390000,80,3,기타,U,1,2002-01-01
8716400000,80,2,그 밖의 트레일러와 세미트레일러,U,1,2013-01-01
871680,80,2,그 밖의 차량,,0,
8716801000,80,3,손수레,U,1,2002-01-01
8716802000,80,3,우마차,U,1,2002-01-01
8716803000,80,3,썰매,U,1,2002-01-01
8716809000,80,3,기타,U,1,2002-01-01
871690,80,2,부분품,,0,
8716901000,80,3,트레일러와 세미트레일러의 것,,1,2002-01-01
8716909000,80,3,기타,,1,2002-01-01
88,80,0,"제88류 항공기와 우주선, 이들의 부분품",,0,
8801,80,1,"기구ㆍ비행선, 글라이더ㆍ행글라이더와 그 밖의 무동력 항공기",,0,
8801001000,80,2,글라이더와 행글라이더,U,1,2017-01-01
88010090,80,2,기타,,0,
8801009010,80,3,기구와 비행선,U,1,2007-01-01
8801009090,80,3,기타,U,1,2007-01-01
8802,80,1,"그 밖의 항공기(예: 헬리콥터ㆍ비행기)(제8806호의 무인기를 제외한다), 우주선(인공위성을 포함한다)ㆍ서보비틀(suborbital) 발사체ㆍ우주선 발사체",,0,
88021,80,2,헬리콥터,,0,
880211,80,3,"자체 중량이 2,000킬로그램 이하인 것",,0,
8802111000,80,4,군용,U,1,2013-01-01
8802119000,80,4,기타,U,1,2002-01-01
880212,80,3,"자체 중량이 2,000킬로그램을 초과하는 것",,0,
8802121000,80,4,군용,U,1,2013-01-01
8802129000,80,4,기타,U,1,2002-01-01
880220,80,2,"자체 중량이 2,000킬로그램 이하인 비행기와 그 밖의 항공기",,0,
8802201000,80,3,프로펠러식,U,1,2013-01-01
8802202000,80,3,터보프로펠러식,U,1,2013-01-01
8802203000,80,3,터보제트식,U,1,2013-01-01
8802209000,80,3,기타,U,1,2002-01-01
880230,80,2,"자체 중량이 2,000킬로그램 초과 15,000킬로그램 이하인 비행기와 그 밖의 항공기",,0,
8802301000,80,3,프로펠러식,U,1,2013-01-01
8802302000,80,3,터보프로펠러식,U,1,2013-01-01
8802303000,80,3,터보제트식,U,1,2013-01-01
8802309000,80,3,기타,U,1,2002-01-01
880240,80,2,"자체 중량이 15,000킬로그램을 초과하는 비행기와 그 밖의 항공기",,0,
8802401000,80,3,프로펠러식,U,1,2013-01-01
8802402000,80,3,터보프로펠러식,U,1,2013-01-01
8802403000,80,3,터보제트식,U,1,2013-01-01
8802409000,80,3,기타,U,1,2002-01-01
880260,80,2,우주선(인공위성을 포함한다)ㆍ서보비틀(suborbital) 발사체ㆍ우주선 발사체,,0,
88026010,80,3,우주선,,0,
8802601010,80,4,인공위성,U,1,2002-01-01
8802601090,80,4,기타,U,1,2002-01-01
8802602000,80,3,우주선 발사체,U,1,2022-01-01
8802603000,80,3,서보비틀(suborbital) 발사체,U,1,2022-01-01
8804,80,1,"낙하산(조종 가능한 낙하산과 패러글라이더를 포함한다)과 로토슈트(rotochute), 이들의 부분품과 부속품",,0,
8804001000,80,2,낙하산(조종 가능한 낙하산과 패러글라이더를 포함한다),,1,2013-01-01
8804002000,80,2,로토슈트(rotochute),,1,2013-01-01
88040090,80,2,부분품과 부속품,,0,
8804009010,80,3,낙하산(조종 가능한 낙하산과 패러글라이더를 포함한다)의 것,,1,2013-01-01
8804009020,80,3,로토슈트(rotochute)의 것,,1,2013-01-01
8805,80,1,"항공기 발진장치, 갑판 착륙장치나 이와 유사한 장치, 지상비행 훈련장치, 이들의 부분품",,0,
880510,80,2,"항공기 발진장치와 그 부분품, 갑판 착륙장치나 이와 유사한 장치, 그 부분품",,0,
88051010,80,3,항공기 발진장치,,0,
8805101010,80,4,군용ㆍ경찰용,,1,2013-01-01
8805101090,80,4,기타,,1,2002-01-01
88051020,80,3,갑판 착륙장치나 이와 유사한 장치,,0,
8805102010,80,4,군용ㆍ경찰용,,1,2013-01-01
8805102090,80,4,기타,,1,2002-01-01
88051090,80,3,부분품,,0,
8805109010,80,4,군용ㆍ경찰용,,1,2013-01-01
8805109090,80,4,기타,,1,2002-01-01
88052,80,2,지상비행 훈련장치와 그 부분품,,0,
880521,80,3,모의공중전장치와 그 부분품,,0,
8805211000,80,4,모의공중전장치,,1,2022-01-01
8805212000,80,4,부분품,,1,2022-01-01
880529,80,3,기타,,0,
88052910,80,4,그 밖의 지상비행 훈련장치,,0,
8805291010,80,5,군용ㆍ경찰용,,1,2013-01-01
8805291090,80,5,기타,,1,2002-01-01
8805292000,80,4,부분품,,1,2022-01-01
8806,80,1,무인기,,0,
8806100000,80,2,승객 수송용으로 설계제작된 것,U,1,2022-01-14
88062,80,2,기타(원격조종 비행만 가능한 것으로 한정한다),,0,
8806210000,80,3,최대이륙중량이 250그램 이하인 것,U,1,2022-01-14
8806220000,80,3,최대이륙중량이 250그램을 초과하고 7킬로그램 이하인 것,U,1,2022-01-14
8806230000,80,3,최대이륙중량이 7킬로그램을 초과하고 25킬로그램 이하인 것,U,1,2022-01-14
8806240000,80,3,최대이륙중량이 25킬로그램을 초과하고 150킬로그램 이하인 것,U,1,2022-01-14
8806290000,80,3,기타,U,1,2022-01-14
88069,80,2,기타,,0,
8806910000,80,3,최대이륙중량이 250그램 이하인 것,U,1,2022-01-14
8806920000,80,3,최대이륙중량이 250그램을 초과하고 7킬로그램 이하인 것,U,1,2022-01-14
8806930000,80,3,최대이륙중량이 7킬로그램을 초과하고 25킬로그램 이하인 것,U,1,2022-01-14
8806940000,80,3,최대이륙중량이 25킬로그램을 초과하고 150킬로그램 이하인 것,U,1,2022-01-14
8806990000,80,3,기타,U,1,2022-01-14
8807,80,1,제8801호ㆍ제8802호ㆍ제8806호 물품의 부분품,,0,
8807100000,80,2,프로펠러ㆍ로터(rotor)와 이들의 부분품,,1,2022-01-01
8807200000,80,2,이착륙장치와 그 부분품,,1,2022-01-01
880730,80,2,비행기ㆍ헬리콥터ㆍ무인기의 그 밖의 부분품,,0,
8807301000,80,3,비행기의 부분품,,1,2022-01-01
8807302000,80,3,헬리콥터의 부분품,,1,2022-01-01
8807303000,80,3,무인기의 부분품,,1,2022-01-01
880790,80,2,기타,,0,
8807901000,80,3,글라이더나 행글라이더의 것,,1,2022-01-01
8807902000,80,3,우주선(인공위성을 포함한다)의 것,,1,2022-01-01
8807909000,80,3,기타,,1,2022-01-01
89,80,0,제89류 선박과 수상 구조물,,0,
8901,80,1,순항선ㆍ유람선ㆍ페리보트(ferry-boat)ㆍ화물선ㆍ부선(barge)과 이와 유사한 선박(사람이나 화물 수송용으로 한정한다),,0,
8901100000,80,2,"순항선ㆍ유람선과 이와 유사한 선박(주로 사람 수송용으로 설계된 것으로 한정한다), 각종 페리보트(ferry-boat)",U,1,2013-01-01
8901200000,80,2,탱커(tanker),U,1,2013-01-01
8901300000,80,2,냉동선(소호 제8901.20호의 것은 제외한다),U,1,2013-01-01
890190,80,2,그 밖의 화물선과 화객선,,0,
8901901000,80,3,화물선,U,1,2013-01-01
8901902000,80,3,화객선,U,1,2002-01-01
8902,80,1,어선과 어획물의 가공용이나 저장용 선박,,0,
89020010,80,2,어선,,0,
8902001010,80,3,철강선,U,1,2002-01-01
8902001020,80,3,에프알피(FRP)선,U,1,2017-01-01
8902001030,80,3,목조선,U,1,2002-01-01
8902001090,80,3,기타,U,1,2002-01-01
89020020,80,2,어획물의 가공용이나 저장용 선박,,0,
8902002010,80,3,어획물의 가공선ㆍ저장선,U,1,2002-01-01
8902002090,80,3,기타,U,1,2002-01-01
8903,80,1,"요트, 유람용이나 운동용 그 밖의 선박, 노를 젓는 보트와 카누",,0,
89031,80,2,공기주입식 보트(견고한 선체를 갖춘 것을 포함한다),,0,
8903110000,80,3,모터가 결합되었거나 결합되도록 설계된 것[짐을 싣지 않은 순중량(모터를 제외한다)이 100 킬로그램 이하인 것으로 한정한다],U,1,2022-01-01
8903120000,80,3,모터를 사용하도록 설계되지 않은 것[짐을 싣지 않은 순중량이 100 킬로그램 이하인 것으로 한정한다],U,1,2022-01-01
8903190000,80,3,기타,U,1,2022-01-01
89032,80,2,"범선(공기주입식을 제외하며, 보조모터를 부착하였는지에 상관없다)",,0,
8903210000,80,3,길이가 7.5미터 이하인 것,U,1,2022-01-01
8903220000,80,3,길이가 7.5미터를 초과하고 24미터 이하인 것,U,1,2022-01-01
8903230000,80,3,길이가 24미터를 초과하는 것,U,1,2022-01-01
89033,80,2,"모터보트[공기주입식을 제외하며, 아웃보드 모터보트(outboard motorboat)를 제외한다]",,0,
8903310000,80,3,길이가 7.5미터 이하인 것,U,1,2022-01-01
8903320000,80,3,길이가 7.5미터를 초과하고 24미터 이하인 것,U,1,2022-01-01
8903330000,80,3,길이가 24미터를 초과하는 것,U,1,2022-01-01
89039,80,2,기타,,0,
890393,80,3,길이가 7.5미터 이하인 것,,0,
8903931000,80,4,아웃보드 모터보트(outboard motorboat),U,1,2022-01-01
8903939000,80,4,기타,U,1,2022-01-01
890399,80,3,기타,,0,
8903991000,80,4,아웃보드 모터보트(outboard motorboat),U,1,2013-01-01
8903999000,80,4,기타,U,1,2002-01-01
8904,80,1,예인선과 푸셔크라프트(pusher craft),,0,
8904001000,80,2,예인선,U,1,2002-01-01
8904002000,80,2,푸셔크라프트(pusher craft),U,1,2013-01-01
8904009000,80,2,기타,U,1,2002-01-01
8905,80,1,"조명선ㆍ소방선ㆍ준설선ㆍ기중기선과 주로 항해 외의 특수기능을 가지는 그 밖의 특수선박, 부선거(艀船渠), 물에 뜨거나 잠길 수 있는 시추대나 작업대",,0,
8905100000,80,2,준설선,U,1,2002-01-01
890520,80,2,시추대나 작업대(물에 뜨거나 잠길 수 있는 것으로 한정한다),,0,
8905201000,80,3,시추대,U,1,2002-01-01
8905202000,80,3,작업대,U,1,2012-01-01
8905209000,80,3,기타,U,1,2002-01-01
890590,80,2,기타,,0,
8905901000,80,3,조명선,U,1,2002-01-01
8905902000,80,3,소방선,U,1,2002-01-01
8905903000,80,3,기중기선,U,1,2002-01-01
8905905000,80,3,해난구조선,U,1,2002-01-01
8905907000,80,3,시추선,U,1,2002-01-01
8905908000,80,3,부선거(艀船渠),U,1,2013-01-01
8905909000,80,3,기타,U,1,2002-01-01
8906,80,1,그 밖의 선박(군함ㆍ노를 젓는 보트 외의 구명보트를 포함한다),,0,
8906100000,80,2,군함,U,1,2002-01-01
8906900000,80,2,기타,U,1,2002-01-01
8907,80,1,그 밖의 물에 뜨는 구조물[예: 부교ㆍ탱크ㆍ코퍼댐(coffer-dam)ㆍ부잔교(landing stage)ㆍ부표ㆍ수로부표],,0,
8907100000,80,2,공기주입식 부교,U,1,2022-01-01
890790,80,2,기타,,0,
8907901000,80,3,부교(소호 제8907.10호의 것은 제외한다),U,1,2013-01-01
8907902000,80,3,탱크,U,1,2002-01-01
8907903000,80,3,코퍼댐(coffer-dam),U,1,2013-01-01
8907904000,80,3,부잔교(landing stage),U,1,2013-01-01
8907905000,80,3,부표,U,1,2002-01-01
8907906000,80,3,수로부표,U,1,2002-01-01
8907909000,80,3,기타,U,1,2002-01-01
8908,80,1,선박과 그 밖의 물에 뜨는 구조물(해체용으로 한정한다),,0,
8908001000,80,2,해체용 선박,U,1,2012-01-01
8908009000,80,2,기타,U,1,2002-01-01
90,80,0,"제90류 광학기기ㆍ사진용 기기ㆍ영화용 기기ㆍ측정기기ㆍ검사기기ㆍ정밀기기ㆍ의료용 기기, 이들의 부분품과 부속품",,0,
9001,80,1,"광섬유와 광섬유 다발, 제8544호의 것 외의 광섬유 케이블, 편광재료(polarizing material)로 만든 판, 각종 재료로 만든 렌즈(콘택트렌즈를 포함한다)ㆍ프리즘ㆍ반사경과 그 밖의 광학소자로서 장착되지 않은 것(광학적으로 가공하지 않은 유리로 만든 광학소자는 제외한다)",,0,
9001100000,80,2,광섬유ㆍ광섬유 다발과 광섬유 케이블,,1,2022-01-01
9001200000,80,2,편광재료(polarizing material)로 만든 판,,1,2013-01-01
9001300000,80,2,콘택트렌즈,U,1,2002-01-01
9001400000,80,2,유리로 만든 안경렌즈,U,1,2022-01-01
900150,80,2,그 밖의 재료로 만든 안경렌즈,,0,
9001501000,80,3,시력 교정용,U,1,2013-01-01
9001509000,80,3,기타,U,1,2002-01-01
900190,80,2,기타,,0,
9001901000,80,3,프리즘,,1,2002-01-01
9001902000,80,3,반사경,,1,2002-01-01
9001903000,80,3,그 밖의 렌즈,,1,2013-01-01
9001909000,80,3,기타,,1,2002-01-01
9002,80,1,"각종 재료로 만든 렌즈ㆍ프리즘ㆍ반사경과 그 밖의 광학소자(장착된 것으로서 기기의 부분품으로 사용하거나 기기에 부착하여 사용하는 것으로 한정하며, 광학적으로 가공하지 않은 유리로 만든 것은 제외한다)",,0,
90021,80,2,대물렌즈,,0,
900211,80,3,카메라용ㆍ영사기용ㆍ사진 확대기용ㆍ사진 축소기용,,0,
9002111000,80,4,사진기용,,1,2013-01-01
90021190,80,4,기타,,0,
9002119010,80,5,촬영기ㆍ비디오카메라용,,1,2013-01-01
9002119020,80,5,영사기용,,1,2013-01-01
9002119090,80,5,기타,,1,2002-01-01
900219,80,3,기타,,0,
9002191000,80,4,현미경용,,1,2013-01-01
9002199000,80,4,기타,,1,2002-01-01
900220,80,2,필터,,0,
9002201000,80,3,사진기용,,1,2013-01-01
9002209000,80,3,기타,,1,2002-01-01
900290,80,2,기타,,0,
9002901000,80,3,사진기용,,1,2013-01-01
90029090,80,3,기타,,0,
9002909010,80,4,반도체 제조용 기기의 것,,1,2002-01-01
9002909090,80,4,기타,,1,2002-01-01
9003,80,1,"안경ㆍ고글이나 이와 유사한 물품의 테와 장착구, 이들의 부분품",,0,
90031,80,2,테와 장착구,,0,
9003110000,80,3,플라스틱으로 만든 것,U,1,2013-01-01
900319,80,3,그 밖의 재료로 만든 것,,0,
9003191000,80,4,귀금속을 사용한 것,U,1,2002-01-01
9003199000,80,4,기타,U,1,2002-01-01
9003900000,80,2,부분품,,1,2002-01-01
9004,80,1,시력교정용ㆍ보호용이나 그 밖의 용도의 안경ㆍ고글과 이와 유사한 물품,,0,
900410,80,2,선글라스,,0,
9004101000,80,3,귀금속을 사용한 것,U,1,2002-01-01
9004109000,80,3,기타,U,1,2002-01-01
900490,80,2,기타,,0,
9004901000,80,3,시력교정용 안경,U,1,2017-01-01
9004902000,80,3,3D 입체영상용 안경(능동방식인지 수동방식인지에 상관없다),U,1,2017-01-01
9004909000,80,3,기타,U,1,2022-01-01
9005,80,1,"쌍안경ㆍ단안경ㆍ그 밖의 광학식 망원경과 이들의 장착구, 그 밖의 천체관측용 기기와 그 장착구(전파관측용 기기는 제외한다)",,0,
9005100000,80,2,쌍안경,U,1,2002-01-01
9005800000,80,2,그 밖의 기기,U,1,2022-01-01
9005900000,80,2,부분품과 부속품(장착구를 포함한다),,1,2002-01-01
9006,80,1,"사진기(영화용은 제외한다), 사진용 섬광기구와 제8539호의 방전램프 외의 섬광전구",,0,
9006300000,80,2,수중촬영용ㆍ공중측량용ㆍ장기(臟器)의 내과나 외과 검사용으로 특별히 설계된 사진기와 법정비교용 사진기,U,1,2022-01-01
9006400000,80,2,즉석인화 사진기,U,1,2022-01-01
90065,80,2,그 밖의 사진기,,0,
900653,80,3,기타(폭이 35밀리미터인 롤필름용으로 한정한다),,0,
9006531000,80,4,특수용도 사진기,U,1,2013-01-01
90065390,80,4,기타,,0,
9006539010,80,5,일회용사진기,U,1,2002-01-01
9006539090,80,5,기타,U,1,2002-01-01
900659,80,3,기타,,0,
9006591000,80,4,특수용도 사진기,U,1,2013-01-01
9006599000,80,4,기타,U,1,2017-01-01
90066,80,2,사진용 섬광기구와 섬광전구,,0,
9006610000,80,3,섬광기구(전자식 방전램프를 사용한 것으로 한정한다),U,1,2022-01-01
9006690000,80,3,기타,U,1,2022-01-01
90069,80,2,부분품과 부속품,,0,
9006910000,80,3,카메라용,,1,2013-01-01
9006990000,80,3,기타,,1,2002-01-01
9007,80,1,영화용 촬영기와 영사기(음성의 기록기기나 재생기기를 갖춘 것인지에 상관없다),,0,
9007100000,80,2,촬영기,U,1,2013-01-01
9007200000,80,2,영사기,U,1,2022-01-01
90079,80,2,부분품과 부속품,,0,
9007910000,80,3,촬영기용,,1,2013-01-01
9007920000,80,3,영사기용,,1,2013-01-01
9008,80,1,투영기ㆍ사진 확대기와 사진 축소기(영화용은 제외한다),,0,
9008500000,80,2,투영기ㆍ확대기와 축소기,U,1,2022-01-14
9008900000,80,2,부분품과 부속품,,1,2002-01-01
9010,80,1,"사진(영화용을 포함한다) 현상실용 기기(이 류에 따로 분류되지 않은 것으로 한정한다), 네가토스코프(negatoscope), 영사용 스크린",,0,
901010,80,2,"롤 모양인 사진용(영화용을 포함한다) 필름이나 감광지를 자동현상하는 기기, 현상된 필름을 사진용 감광지에 자동노출시키는 기기",,0,
9010101000,80,3,인쇄 제판용,U,1,2013-01-01
90101090,80,3,기타,,0,
9010109010,80,4,반도체 제조용,U,1,2013-01-01
9010109090,80,4,기타,U,1,2002-01-01
901050,80,2,사진(영화용을 포함한다) 현상실(現像室)용의 그 밖의 기기와 네가토스코프(negatoscope),,0,
9010501000,80,3,반도체 제조용 현상기,U,1,2002-01-01
9010509000,80,3,기타,U,1,2002-01-01
9010600000,80,2,영사용 스크린,U,1,2002-01-01
901090,80,2,부분품과 부속품,,0,
90109010,80,3,반도체 제조용,,0,
9010901010,80,4,제9010.50-1000호의 것,,1,2022-01-01
9010901090,80,4,기타,,1,2002-01-01
9010902000,80,3,소호 제9010.50호 및 제9010.60호의 것(반도체 제조용은 제외한다),,1,2022-01-01
9010909000,80,3,기타,,1,2002-01-01
9011,80,1,광학현미경(마이크로 사진용ㆍ마이크로 영화촬영용ㆍ마이크로 영사용을 포함한다),,0,
901110,80,2,입체현미경,,0,
9011101000,80,3,반도체 웨이퍼나 레티클의 취급과 이송용으로 특별히 고안된 장치가 부착된 것,U,1,2013-01-01
9011109000,80,3,기타,U,1,2012-01-01
901120,80,2,그 밖의 현미경(마이크로 사진용ㆍ마이크로 영화촬영용ㆍ마이크로 영사용으로 한정한다),,0,
90112010,80,3,마이크로 사진용,,0,
9011201010,80,4,반도체 웨이퍼나 레티클의 취급과 이송용으로 특별히 고안된 장치가 부착된 것,U,1,2013-01-01
9011201090,80,4,기타,U,1,2012-01-01
9011209000,80,3,기타,U,1,2002-01-01
901180,80,2,그 밖의 현미경,,0,
9011802000,80,3,금속 현미경,U,1,2002-01-01
9011804000,80,3,생물 현미경,U,1,2002-01-01
9011809000,80,3,기타,U,1,2002-01-01
901190,80,2,부분품과 부속품,,0,
9011901000,80,3,"제9011.10-1000호, 제9011.20-1010호의 것",,1,2022-01-01
9011909000,80,3,기타,,1,2012-01-01
9012,80,1,광학현미경 외의 현미경과 회절기기(diffraction apparatus),,0,
901210,80,2,광학현미경 외의 현미경과 회절기기(diffraction apparatus),,0,
90121010,80,3,현미경,,0,
9012101010,80,4,일렉트론 빔 현미경(반도체 웨이퍼나 레티클의 취급과 이송용으로 특별히 고안된 장치가 부착된 것으로 한정한다),U,1,2013-01-01
9012101090,80,4,기타,U,1,2012-01-01
9012102000,80,3,회절기기(diffraction apparatus),U,1,2013-01-01
901290,80,2,부분품과 부속품,,0,
9012901000,80,3,제9012.10-1010호의 것,,1,2022-01-01
9012909000,80,3,기타,,1,2012-01-01
9013,80,1,"레이저기기[레이저 다이오드(laser diode)는 제외한다], 그 밖의 광학기기(이 류에 따로 분류되지 않은 것으로 한정한다)",,0,
901310,80,2,"무기용 망원조준기, 잠망경, 이 류나 제16부의 기기 부분품용 망원경",,0,
9013101000,80,3,이 류나 제16부의 기기 부분품용 망원경,U,1,2017-01-01
9013109000,80,3,기타,U,1,2017-01-01
9013200000,80,2,레이저기기[레이저 다이오드(laser diode)는 제외한다],U,1,2013-01-01
901380,80,2,그 밖의 기기,,0,
9013802000,80,3,"확대경, 루페, 섬유 카운터",U,1,2013-01-01
9013803000,80,3,도어아이,U,1,2002-01-01
9013809000,80,3,기타,U,1,2002-01-01
901390,80,2,부분품과 부속품,,0,
9013902000,80,3,무기용 망원 조준기 또는 잠망경의 것,,1,2017-01-01
9013909000,80,3,기타,,1,2002-01-01
9014,80,1,방향탐지용 컴퍼스(compass)와 그 밖의 항행용 기기,,0,
901410,80,2,방향탐지용 컴퍼스(compass),,0,
90141010,80,3,자이로(gyro)식,,0,
9014101010,80,4,항공기용,U,1,2013-01-01
9014101090,80,4,기타,U,1,2002-01-01
90141020,80,3,자기식,,0,
9014102010,80,4,항공기용,U,1,2013-01-01
9014102090,80,4,기타,U,1,2002-01-01
9014109000,80,3,기타,U,1,2002-01-01
9014200000,80,2,항공용이나 우주항행용 기기[컴퍼스(compass)는 제외한다],U,1,2013-01-01
901480,80,2,그 밖의 항행용 기기,,0,
9014801000,80,3,초음파 어군탐지기,U,1,2025-01-01
9014809000,80,3,기타,U,1,2025-01-01
901490,80,2,부분품과 부속품,,0,
9014901000,80,3,항공기용,,1,2013-01-01
9014909000,80,3,기타,,1,2002-01-01
9015,80,1,토지측량기기(사진측량용을 포함한다)ㆍ수로측량기기ㆍ해양측량기기ㆍ수리계측기기ㆍ기상관측기기ㆍ지구물리학용 기기[컴퍼스(compass)는 제외한다]ㆍ거리측정기,,0,
9015100000,80,2,거리측정기,U,1,2002-01-01
9015200000,80,2,경위의(經緯儀)와 시거의(視距儀),U,1,2013-01-01
9015300000,80,2,수준기(水準器),U,1,2013-01-01
9015400000,80,2,사진측량기기,,1,2002-01-01
901580,80,2,그 밖의 기기,,0,
9015801000,80,3,토지 측량용,U,1,2013-01-01
9015802000,80,3,수로 측량용,U,1,2013-01-01
9015803000,80,3,해양 측량용,U,1,2013-01-01
9015804000,80,3,수리 계측용,U,1,2013-01-01
9015805000,80,3,기상 관측용,U,1,2013-01-01
9015809000,80,3,기타,U,1,2002-01-01
9015900000,80,2,부분품과 부속품,,1,2002-01-01
9016,80,1,감량(感量) 50밀리그램 이하인 저울(추가 있는지에 상관없다),,0,
9016001000,80,2,직시식,,1,2013-01-01
9016002000,80,2,전자식,,1,2013-01-01
9016008000,80,2,기타,,1,2002-01-01
9016009000,80,2,부분품과 부속품,,1,2013-01-01
9017,80,1,"제도용구ㆍ설계용구ㆍ계산용구(예: 제도기ㆍ축소확대기ㆍ분도기ㆍ제도세트ㆍ계산척ㆍ계산반), 수지식 길이 측정용구[예: 곧은 자와 줄자ㆍ마이크로미터ㆍ캘리퍼스(callipers)](이 류에 따로 분류되지 않은 것으로 한정한다)",,0,
901710,80,2,제도판을 갖춘 제도기(자동식인지에 상관없다),,0,
9017101000,80,3,플로터,U,1,2002-01-01
9017109000,80,3,기타,U,1,2002-01-01
901720,80,2,그 밖의 제도용구ㆍ설계용구ㆍ계산용구,,0,
90172010,80,3,제도용구,,0,
9017201010,80,4,플로터,U,1,2002-01-01
9017201090,80,4,기타,U,1,2002-01-01
90172020,80,3,설계용구,,0,
9017202010,80,4,플로터,U,1,2002-01-01
9017202090,80,4,기타,U,1,2002-01-01
9017203000,80,3,계산용구,U,1,2002-01-01
9017209000,80,3,기타,U,1,2002-01-01
901730,80,2,마이크로미터ㆍ캘리퍼스(callipers)와 게이지류,,0,
9017301000,80,3,마이크로미터,U,1,2002-01-01
9017302000,80,3,다이알 게이지류,U,1,2002-01-01
9017303000,80,3,버니어 캘리퍼스(Vernier callipers),U,1,2013-01-01
9017309000,80,3,기타,U,1,2002-01-01
901780,80,2,그 밖의 기기,,0,
9017801000,80,3,눈금이 든 곧은 자와 줄자,U,1,2022-01-01
90178090,80,3,기타,,0,
9017809010,80,4,반도체 제조용,U,1,2013-01-01
9017809090,80,4,기타,U,1,2002-01-01
901790,80,2,부분품과 부속품,,0,
9017901000,80,3,반도체 제조용,,1,2013-01-01
90179090,80,3,기타,,0,
9017909010,80,4,플로터용 인쇄회로조립품(제8534호의 인쇄회로로 구성된 것으로 한정한다),,1,2022-01-01
9017909090,80,4,기타,,1,2002-01-01
9018,80,1,내과용ㆍ외과용ㆍ치과용ㆍ수의과용 기기[신티그래픽(scintigraphic)식 진단기기ㆍ그 밖의 전기식 의료기기와 시력 검사기기를 포함한다],,0,
90181,80,2,전기식 진단용 기기(기능 검사용이나 생리적 변화 검사용 기기를 포함한다),,0,
901811,80,3,심전계,,0,
9018111000,80,4,심전계,U,1,2002-01-01
9018119000,80,4,부분품과 부속품,U,1,2002-01-01
901812,80,3,초음파 영상진단기,,0,
9018121000,80,4,초음파 영상진단기,U,1,2017-01-01
9018129000,80,4,부분품과 부속품,U,1,2017-01-01
901813,80,3,자기공명 촬영기기,,0,
9018131000,80,4,자기공명 촬영기기,U,1,2017-01-01
9018139000,80,4,부분품과 부속품,U,1,2017-01-01
9018140000,80,3,신티그래픽(scintigraphic)식 진단기기,U,1,2013-01-01
901819,80,3,기타,,0,
9018191000,80,4,뇌파계,U,1,2002-01-01
9018192000,80,4,청력검사용 기구,U,1,2002-01-01
9018194000,80,4,혈압 측정기기,U,1,2013-01-01
9018197000,80,4,환자 감시장치,U,1,2002-01-01
9018198000,80,4,기타,U,1,2002-01-01
9018199000,80,4,부분품과 부속품,U,1,2002-01-01
901820,80,2,자외선이나 적외선 응용기기,,0,
9018201000,80,3,자외선이나 적외선 응용기기,,1,2013-01-01
9018209000,80,3,부분품과 부속품,,1,2002-01-01
90183,80,2,주사기ㆍ바늘ㆍ카테터(catheter)ㆍ케눌러(cannulae)와 이와 유사한 물품,,0,
9018310000,80,3,주사기(바늘이 부착되었는지에 상관없다),U,1,2013-01-01
901832,80,3,관 모양의 금속으로 만든 바늘과 봉합용 바늘,,0,
9018321000,80,4,주사침,,1,2002-01-01
9018322000,80,4,봉합침,,1,2002-01-01
9018329000,80,4,기타,,1,2002-01-01
901839,80,3,기타,,0,
9018391000,80,4,수혈세트와 수액세트,U,1,2002-01-01
9018392000,80,4,카테터(catheter),U,1,2013-01-01
9018398000,80,4,기타,U,1,2002-01-01
9018399000,80,4,부분품과 부속품,U,1,2002-01-01
90184,80,2,치과용 그 밖의 기기,,0,
901841,80,3,치과용 드릴엔진(하나의 베이스 위에 그 밖의 치과기기를 부착하였는지에 상관없다),,0,
9018411000,80,4,치과용 드릴 엔진,,1,2002-01-01
9018419000,80,4,부분품과 부속품,,1,2002-01-01
901849,80,3,기타,,0,
9018491000,80,4,치과용 버(bur),U,1,2013-01-01
9018492000,80,4,치과용 유닛,U,1,2002-01-01
9018493000,80,4,치석 제거기,U,1,2002-01-01
9018498000,80,4,기타,U,1,2002-01-01
9018499000,80,4,부분품과 부속품,U,1,2002-01-01
901850,80,2,안과용 그 밖의 기기,,0,
90185010,80,3,안과용 기기,,0,
9018501010,80,4,레이저 작동식 기기,,1,2014-01-01
9018501090,80,4,기타,,1,2014-01-01
9018509000,80,3,부분품과 부속품,,1,2002-01-01
901890,80,2,그 밖의 기기,,0,
9018901000,80,3,임신진단기,U,1,2002-01-01
90189020,80,3,외과수술용 기기,,0,
9018902010,80,4,레이저 작동식 기기,U,1,2017-01-01
9018902090,80,4,기타,U,1,2017-01-01
9018903000,80,3,산부인과용 기기,U,1,2017-01-01
9018904000,80,3,"내시경(위내시경, 복막경, 방광경과 이와 유사한 것으로 한정한다)",U,1,2017-01-01
9018905000,80,3,인공신장기(인공신장기용 투석기를 포함한다),U,1,2017-01-01
9018906000,80,3,경피전기신경자극기,U,1,2022-01-01
9018907000,80,3,수의과용 기기,U,1,2017-01-01
9018908,80,3,기타,,0,
90189081,80,4,피부과용 기기,,0,
9018908110,80,5,레이저 작동식 기기,U,1,2022-01-01
9018908190,80,5,기타,U,1,2022-01-01
9018908900,80,4,기타,U,1,2022-01-01
9018909000,80,3,부분품과 부속품,,1,2022-01-01
9019,80,1,"기계요법용 기기, 마사지용 기기, 심리학적 적성검사용 기기, 오존 흡입기ㆍ산소 흡입기ㆍ에어로졸 치료기ㆍ인공호흡기나 그 밖의 치료용 호흡기기",,0,
901910,80,2,"기계요법용 기기, 마사지용 기기, 심리학적 적성검사용 기기",,0,
9019101000,80,3,기계요법용 기기,,1,2002-01-01
9019102000,80,3,마사지용 기기,,1,2002-01-01
9019103000,80,3,심리학적 적성검사용 기기,,1,2002-01-01
9019109000,80,3,부분품과 부속품,,1,2002-01-01
901920,80,2,오존 흡입기ㆍ산소 흡입기ㆍ에어로졸 치료기ㆍ인공 호흡기나 그 밖의 치료용 호흡기기,,0,
9019202000,80,3,산소 흡입기,,1,2002-01-01
9019203000,80,3,에어로졸 치료기,,1,2002-01-01
9019204000,80,3,인공호흡기,,1,2002-01-01
9019208000,80,3,기타,,1,2002-01-01
9019209000,80,3,부분품과 부속품,,1,2002-01-01
9020,80,1,그 밖의 호흡용 기기와 가스마스크(기계적인 부분품과 교환용 필터를 모두 갖추지 않은 보호용 마스크는 제외한다),,0,
9020001000,80,2,가스마스크,,1,2002-01-01
9020008000,80,2,그 밖의 호흡용 기기,,1,2013-01-01
9020009000,80,2,부분품과 부속품,,1,2002-01-01
9021,80,1,"정형외과용 기기(목발ㆍ외과용 벨트와 탈장대를 포함한다), 골절 치료용 부목과 그 밖의 골절 치료구, 인공 인체 부분, 보청기, 결함ㆍ장애를 보정하기 위하여 착용하거나 휴대하거나 인체에 삽입하는 그 밖의 기기",,0,
902110,80,2,정형외과용이나 골절치료용 기기,,0,
9021101000,80,3,스크루ㆍ스테이플ㆍ핀과 그 밖에 이와 유사한 것,U,1,2025-01-01
9021109000,80,3,기타,U,1,2025-01-01
90212,80,2,의치와 치과용품,,0,
9021210000,80,3,의치,,1,2002-01-01
9021290000,80,3,기타,,1,2002-01-01
90213,80,2,그 밖의 인공 인체 부분,,0,
9021310000,80,3,인공관절,,1,2022-01-01
902139,80,3,기타,,0,
9021391000,80,4,인공수정체,U,1,2025-01-01
9021399000,80,4,기타,U,1,2025-01-01
9021400000,80,2,보청기(부분품과 부속품은 제외한다),U,1,2013-01-01
9021500000,80,2,심장박동기(부분품과 부속품은 제외한다),U,1,2013-01-01
902190,80,2,기타,,0,
90219010,80,3,스크루ㆍ스테이플ㆍ핀과 그 밖에 이와 유사한 것으로 인체에 삽입되는 것(정형외과용이나 골절치료용의 것을 제외한다),,0,
9021901010,80,4,스텐트,U,1,2025-01-01
9021901090,80,4,기타,U,1,2025-01-01
9021908000,80,3,기타,U,1,2002-01-01
9021909000,80,3,부분품과 부속품,U,1,2002-01-01
9022,80,1,엑스선이나 알파선ㆍ베타선ㆍ감마선ㆍ그 밖의 전리선을 사용하는 기기(내과용ㆍ외과용ㆍ치과용ㆍ수의과용인지에 상관없으며 방사선 사진용이나 방사선 치료용 기기ㆍ엑스선관과 그 밖의 엑스선 발생기ㆍ고압 발생기ㆍ조절반ㆍ스크린ㆍ검사용이나 치료용 테이블ㆍ의자와 이와 유사한 물품을 포함한다),,0,
90221,80,2,엑스선을 사용하는 기기(내과용ㆍ외과용ㆍ치과용ㆍ수의과용인지에 상관없으며 방사선 사진용이나 방사선 치료용 기기를 포함한다),,0,
9022120000,80,3,컴퓨터 단층촬영기기,U,1,2002-01-01
9022130000,80,3,기타(치과용으로 한정한다),U,1,2013-01-01
902214,80,3,기타(내과용ㆍ외과용ㆍ수의과용으로 한정한다),,0,
90221410,80,4,내과용ㆍ외과용,,0,
9022141020,80,5,혈관조영 촬영장치,U,1,2002-01-01
9022141030,80,5,뼈(골)밀도측정기,U,1,2002-01-01
9022141090,80,5,기타,U,1,2002-01-01
9022142000,80,4,수의과용,U,1,2014-01-01
902219,80,3,그 밖의 용도의 것,,0,
9022191000,80,4,물리ㆍ화학시험용,U,1,2013-01-01
9022192000,80,4,공업용,U,1,2013-01-01
9022199000,80,4,기타,U,1,2002-01-01
90222,80,2,알파선ㆍ베타선ㆍ감마선ㆍ그 밖의 전리선을 사용하는 기기(내과용ㆍ외과용ㆍ치과용ㆍ수의과용인지에 상관없으며 방사선 사진용이나 방사선 치료용 기기를 포함한다),,0,
902221,80,3,내과용ㆍ외과용ㆍ치과용ㆍ수의과용,,0,
90222110,80,4,내과용ㆍ외과용ㆍ치과용,,0,
9022211020,80,5,선형 가속치료 장치,U,1,2002-01-01
9022211030,80,5,코발트 60 치료기,U,1,2017-01-01
9022211090,80,5,기타,U,1,2002-01-01
9022212000,80,4,수의과용,U,1,2014-01-01
902229,80,3,그 밖의 용도의 것,,0,
9022291000,80,4,물리ㆍ화학시험용,U,1,2013-01-01
9022292000,80,4,공업용,U,1,2013-01-01
9022299000,80,4,기타,U,1,2002-01-01
9022300000,80,2,엑스선관,U,1,2002-01-01
902290,80,2,기타(부분품과 부속품을 포함한다),,0,
90229010,80,3,기기,,0,
9022901010,80,4,엑스선 발생기,,1,2002-01-01
9022901020,80,4,엑스선의 스크린,,1,2002-01-01
9022901030,80,4,엑스선용 고압발생기,,1,2002-01-01
9022901090,80,4,기타,,1,2002-01-01
90229090,80,3,부분품과 부속품,,0,
9022909010,80,4,엑스선을 사용하는 기기의 것,,1,2017-01-01
9022909090,80,4,기타,,1,2017-01-01
9023,80,1,전시용으로 설계된 기구와 모형(예: 교육용이나 전람회용)(다른 용도에 사용될 수 없는 것으로 한정한다),,0,
9023001000,80,2,인체나 동물의 해부 전시모형,,1,2013-01-01
9023009000,80,2,기타,,1,2002-01-01
9024,80,1,재료(예: 금속ㆍ목재ㆍ직물ㆍ종이ㆍ플라스틱)의 경도ㆍ항장력ㆍ압축성ㆍ탄성이나 그 밖의 기계적 성질의 시험용 기기,,0,
902410,80,2,금속재료 시험기기,,0,
9024101000,80,3,경도시험기,U,1,2002-01-01
9024102000,80,3,항장력(인장)시험기,U,1,2002-01-01
9024104000,80,3,피로시험기,U,1,2002-01-01
9024105000,80,3,만능시험기,U,1,2002-01-01
9024106000,80,3,"인쇄회로기판, 반도체 디바이스 및 전자집적회로의 볼이나 와이어의 접착력ㆍ전단력 측정을 위한 기기",U,1,2022-01-01
9024109000,80,3,기타,U,1,2002-01-01
902480,80,2,그 밖의 기기,,0,
90248010,80,3,방직용 섬유시험기,,0,
9024801020,80,4,마모시험기,U,1,2002-01-01
9024801090,80,4,기타,U,1,2002-01-01
90248090,80,3,그 밖의 시험기,,0,
9024809010,80,4,탄성시험기,U,1,2002-01-01
9024809090,80,4,기타,U,1,2002-01-01
902490,80,2,부분품과 부속품,,0,
9024901000,80,3,센서(특정의 변화량을 감지하는 소자로서 감지된 신호를 전기적신호로 변환하는 장치를 갖춘 것인지에 상관없다),,1,2013-01-01
9024909000,80,3,기타,,1,2002-01-01
9025,80,1,"액체비중계와 이와 유사한 부력식 측정기ㆍ온도계ㆍ고온계ㆍ기압계ㆍ습도계와 건습구 습도계(이들을 결합한 것을 포함하며, 기록장치가 있는지에 상관없다)",,0,
90251,80,2,온도계와 고온계(다른 기기와 결합되지 않은 것으로 한정한다),,0,
902511,80,3,액체를 넣은 것(직시식으로 한정한다),,0,
9025111000,80,4,의료용ㆍ수의과용 온도계,U,1,2014-01-01
9025119000,80,4,기타,U,1,2003-01-01
902519,80,3,기타,,0,
9025191000,80,4,온도계,U,1,2002-01-01
90251920,80,4,고온계,,0,
9025192010,80,5,광학식 고온계,U,1,2002-01-01
9025192090,80,5,기타,U,1,2002-01-01
902580,80,2,그 밖의 기기,,0,
9025801000,80,3,액체 비중계와 그 밖의 이와 유사한 부력식 측정기,U,1,2013-01-01
9025802000,80,3,기압계(다른기기와 결합되지 않은 것으로 한정한다),U,1,2017-01-01
9025803000,80,3,습도계,U,1,2022-01-01
9025809000,80,3,기타,U,1,2002-01-01
9025900000,80,2,부분품과 부속품,,1,2014-01-01
9026,80,1,"액체나 기체의 유량ㆍ액면ㆍ압력이나 그 밖의 변량(變量)의 측정용이나 검사용 기기(예: 유량계ㆍ액면계ㆍ압력계ㆍ열 측정계). 다만, 제9014호ㆍ제9015호ㆍ제9028호ㆍ제9032호의 것은 제외한다.",,0,
902610,80,2,액체의 유량이나 액면의 측정용ㆍ검사용,,0,
9026101000,80,3,유량의 측정ㆍ검사용,U,1,2022-01-01
9026102000,80,3,액면의 측정ㆍ검사용,U,1,2022-01-01
902620,80,2,압력의 측정용ㆍ검사용,,0,
9026202000,80,3,액체형 압력계,U,1,2022-01-01
9026203000,80,3,금속형 압력계,U,1,2022-01-01
9026204000,80,3,전기식 압력계,U,1,2022-01-01
9026209000,80,3,기타,U,1,2002-01-01
902680,80,2,그 밖의 기기,,0,
9026801000,80,3,열측정계,U,1,2002-01-01
9026802000,80,3,풍력계,U,1,2002-01-01
9026809000,80,3,기타,U,1,2002-01-01
9026900000,80,2,부분품과 부속품,,1,2014-01-01
9027,80,1,"물리나 화학 분석용 기기(예: 편광계ㆍ굴절계ㆍ분광계ㆍ가스나 매연 분석기), 점도ㆍ포로서티(porosity)ㆍ팽창ㆍ표면장력이나 이와 유사한 것의 측정용이나 검사용 기기, 열ㆍ소리ㆍ빛의 양의 측정용이나 검사용 기기(노출계를 포함한다), 마이크로톰(microtome)",,0,
9027100000,80,2,가스나 매연 분석용 기기,U,1,2013-01-01
9027200000,80,2,크로마토그래프와 전기영동 장치,U,1,2002-01-01
902730,80,2,분광계ㆍ분광광도계ㆍ분광사진기(자외선ㆍ가시광선ㆍ적외선을 사용하는 것으로 한정한다),,0,
9027303000,80,3,분광사진기,U,1,2002-01-01
9027304000,80,3,분광계ㆍ분광광도계,U,1,2022-01-01
902750,80,2,그 밖의 기기(자외선ㆍ가시광선ㆍ적외선을 사용하는 것으로 한정한다),,0,
9027501000,80,3,편광계,U,1,2002-01-01
9027502000,80,3,굴절계,U,1,2002-01-01
9027503000,80,3,비색계,U,1,2002-01-01
9027504000,80,3,조도계,U,1,2002-01-01
9027509000,80,3,기타,U,1,2002-01-01
90278,80,2,그 밖의 기기,,0,
9027810000,80,3,질량분석기,U,1,2022-01-01
902789,80,3,기타,,0,
9027891000,80,4,그 밖의 물리분석용ㆍ화학분석용 기기,U,1,2022-01-01
90278920,80,4,그 밖의 측정용ㆍ검사용 기기,,0,
9027892010,80,5,피ㆍ에이치(pH) 미터,U,1,2022-01-01
9027892020,80,5,열량계,U,1,2022-01-01
9027892030,80,5,점도계,U,1,2022-01-01
9027892090,80,5,기타,U,1,2022-01-01
902790,80,2,마이크로톰(microtome)과 이 호의 부분품과 부속품,,0,
9027901000,80,3,마이크로톰(microtome),,1,2013-01-01
90279090,80,3,부분품과 부속품,,0,
9027909010,80,4,반도체 제조용,,1,2014-01-01
902790909,80,4,기타,,0,
9027909091,80,5,가스ㆍ매연분석기기와 마이크로톰(microtome)의 것,,1,2014-01-01
9027909099,80,5,기타,,1,2014-01-01
9028,80,1,기체ㆍ액체ㆍ전기의 적산(積算)용 계기(그 검정용 계기를 포함한다),,0,
902810,80,2,기체용 계기,,0,
90281010,80,3,적산(積算)용 계기,,0,
9028101010,80,4,디지털식,U,1,2013-01-01
9028101090,80,4,기타,U,1,2002-01-01
9028102000,80,3,검정용 계기,U,1,2003-01-01
902820,80,2,액체용 계기,,0,
90282010,80,3,적산(積算)용 계기,,0,
9028201010,80,4,디지털식,U,1,2013-01-01
9028201090,80,4,기타,U,1,2002-01-01
9028202000,80,3,검정용 계기,U,1,2003-01-01
902830,80,2,전기용 계기,,0,
90283010,80,3,적산(積算)용 계기,,0,
9028301010,80,4,전류가 50암페어 이상인 것,U,1,2002-01-01
9028301020,80,4,전류가 50암페어 미만인 것,U,1,2002-01-01
9028302000,80,3,검정용 계기,U,1,2003-01-01
9028900000,80,2,부분품과 부속품,,1,2002-01-01
9029,80,1,"적산(積算)회전계ㆍ생산량계ㆍ택시미터ㆍ주행거리계ㆍ보수계와 이와 유사한 계기, 속도계와 회전속도계(제9014호나 제9015호의 것은 제외한다), 스트로보스코프(stroboscope)",,0,
902910,80,2,적산(積算)회전계ㆍ생산량계ㆍ택시미터ㆍ주행거리계ㆍ보수계와 이와 유사한 계기,,0,
9029101000,80,3,적산(積算)회전계,U,1,2013-01-01
9029102000,80,3,생산량계,U,1,2002-01-01
9029109000,80,3,기타,U,1,2002-01-01
902920,80,2,"속도계와 회전속도계, 스트로보스코프(stroboscope)",,0,
90292010,80,3,속도계와 회전속도계,,0,
9029201010,80,4,시계식,U,1,2013-01-01
9029201090,80,4,기타,U,1,2002-01-01
9029202000,80,3,스트로보스코우프(stroboscope),U,1,2013-01-01
9029900000,80,2,부분품과 부속품,,1,2014-01-01
9030,80,1,"오실로스코프(oscilloscope)ㆍ스펙트럼 분석기와 그 밖의 전기적 양의 측정용이나 검사용 기기(제9028호의 것은 제외한다), 알파선ㆍ베타선ㆍ감마선ㆍ엑스선ㆍ우주선이나 그 밖의 전리선의 검사용이나 검출용 기기",,0,
9030100000,80,2,전리선의 검사용이나 검출용 기기,U,1,2013-01-01
9030200000,80,2,오실로스코프(oscilloscope)와 오실로그래프(oscillograph),U,1,2022-01-01
90303,80,2,전압ㆍ전류ㆍ저항ㆍ전력의 측정용이나 검사용 기기(반도체 웨이퍼나 소자의 측정용ㆍ검사용은 제외한다),,0,
9030310000,80,3,기록장치가 없는 멀티미터,U,1,2002-01-01
9030320000,80,3,기록장치를 갖춘 멀티미터,U,1,2007-01-01
903033,80,3,기타(기록장치가 없는 것으로 한정한다),,0,
9030331000,80,4,전압계,U,1,2007-01-01
9030332000,80,4,전류계,U,1,2007-01-01
9030333000,80,4,회로계,U,1,2007-01-01
9030334000,80,4,저항계,U,1,2013-01-01
9030339000,80,4,기타,U,1,2007-01-01
903039,80,3,기타(기록장치를 갖춘 것으로 한정한다),,0,
9030391000,80,4,전압계,U,1,2002-01-01
9030392000,80,4,전류계,U,1,2002-01-01
9030393000,80,4,회로계,U,1,2002-01-01
9030394000,80,4,저항계,U,1,2013-01-01
9030396000,80,4,주파수 측정기,U,1,2002-01-01
9030399000,80,4,기타,U,1,2002-01-01
9030400000,80,2,전기통신용으로 특별히 설계된 그 밖의 기기[예: 누화계(cross-talk meter)ㆍ게인측정계(gain measuring instrument)ㆍ만곡률계(distortion factor meter)ㆍ잡음전압계(psophometer)],U,1,2022-01-01
90308,80,2,그 밖의 기기,,0,
9030820000,80,3,반도체 웨이퍼나 소자(집적회로를 포함한다)의 측정용이나 검사용,U,1,2022-01-01
9030840000,80,3,기타(기록장치를 갖춘 것으로 한정한다),U,1,2013-01-01
9030890000,80,3,기타,U,1,2002-01-01
903090,80,2,부분품과 부속품,,0,
9030901000,80,3,소호 제9030.82호의 것,,1,2014-01-01
9030909000,80,3,기타,,1,2014-01-01
9031,80,1,그 밖의 측정용이나 검사용 기기(이 류에 따로 분류되지 않은 것으로 한정한다)와 윤곽 투영기,,0,
9031100000,80,2,균형시험기,U,1,2002-01-01
9031200000,80,2,테스트벤치(Test bench),U,1,2013-01-01
90314,80,2,그 밖의 광학식 기기,,0,
903141,80,3,반도체 웨이퍼와 소자(집적회로를 포함한다) 검사용이나 반도체 소자(집적회로를 포함한다) 제조에 사용되는 포토마스크(photomask)나 레티클(reticle) 검사용,,0,
9031412000,80,4,반도체웨이퍼 표면의 파티클 오염상태 측정용,U,1,2014-01-01
9031419000,80,4,기타,U,1,2002-01-01
903149,80,3,기타,,0,
9031491000,80,4,광학식 표면 테스터,U,1,2002-01-01
90314940,80,4,윤곽투영기,,0,
9031494010,80,5,반도체 제조공정의 것,U,1,2007-01-01
9031494090,80,5,기타,U,1,2007-01-01
9031499000,80,4,기타,U,1,2014-01-01
903180,80,2,그 밖의 기기,,0,
9031802000,80,3,로드셀,U,1,2003-01-01
90318090,80,3,기타,,0,
9031809010,80,4,내연기관 특성 시험기,U,1,2013-01-01
9031809020,80,4,기어 테스터,U,1,2002-01-01
9031809060,80,4,초음파 두께 측정기,U,1,2002-01-01
9031809070,80,4,흠ㆍ균열 등 측정기,U,1,2013-01-01
9031809080,80,4,동력시험기,U,1,2002-01-01
903180909,80,4,기타,,0,
9031809091,80,5,반도체 제조용,U,1,2013-01-01
9031809099,80,5,기타,U,1,2002-01-01
903190,80,2,부분품과 부속품,,0,
90319010,80,3,반도체 제조용[반도체 웨이퍼와 소자 검사용이나 반도체 소자 제조에 사용되는 포토마스크(photomask)나 레티클(reticle) 검사용의 것을 포함한다],,0,
9031901010,80,4,소호 제9031.41호의 것,,1,2014-01-01
9031901090,80,4,기타,,1,2022-01-01
9031909000,80,3,기타,,1,2014-01-01
9032,80,1,자동조절용이나 자동제어용 기기,,0,
903210,80,2,온도 자동조절용 기기,,0,
90321010,80,3,가변식,,0,
9032101010,80,4,냉장고용,U,1,2013-01-01
9032101020,80,4,항공기용,U,1,2013-01-01
9032101090,80,4,기타,U,1,2002-01-01
9032102000,80,3,고정식,U,1,2013-01-01
9032200000,80,2,매노우스타트(manostat),U,1,2013-01-01
90328,80,2,그 밖의 기기,,0,
903281,80,3,액압식이나 공기식,,0,
9032811000,80,4,반도체 제조용 기기에 전용 또는 주로 사용되는 종류의 것,U,1,2022-01-01
9032812000,80,4,항공기용,U,1,2022-01-01
9032819000,80,4,기타,U,1,2022-01-01
903289,80,3,기타,,0,
90328910,80,4,습도 자동조정기,,0,
9032891010,80,5,항공기용,U,1,2013-01-01
9032891090,80,5,기타,U,1,2002-01-01
90328920,80,4,전압 자동조정기,,0,
9032892010,80,5,항공기용,U,1,2013-01-01
9032892090,80,5,기타,U,1,2002-01-01
90328930,80,4,그 밖의 전기적 양(量)의 자동조정기기,,0,
9032893010,80,5,항공기용,U,1,2013-01-01
9032893090,80,5,기타,U,1,2002-01-01
90328940,80,4,유량자동조정기와 조절기,,0,
9032894010,80,5,항공기용,U,1,2021-01-01
903289409,80,5,기타,,0,
9032894091,80,6,반도체 제조용 기기의 것,U,1,2021-01-01
9032894099,80,6,기타,U,1,2021-01-01
90328990,80,4,기타,,0,
9032899010,80,5,항공기용,U,1,2013-01-01
9032899090,80,5,기타,U,1,2002-01-01
903290,80,2,부분품과 부속품,,0,
9032901000,80,3,항공기용,,1,2013-01-01
9032909000,80,3,기타,,1,2002-01-01
9033,80,1,제90류의 기계ㆍ기기ㆍ장치ㆍ장비용 부분품과 부속품(이 류에 따로 분류되지 않은 것으로 한정한다),,0,
9033000000,80,2,제90류의 기계ㆍ기기ㆍ장치ㆍ장비용 부분품과 부속품(이 류에 따로 분류되지 않은 것으로 한정한다),,1,2013-01-01
91,80,0,제91류 시계와 그 부분품,,0,
9101,80,1,"손목시계ㆍ회중시계와 그 밖의 휴대용 시계(스톱워치를 포함하며, 케이스를 귀금속으로 만든 것이나 귀금속을 입힌 금속으로 만든 것으로 한정한다)",,0,
91011,80,2,"손목시계(전기구동식으로 한정하며, 스톱워치 기능을 갖춘 것인지에 상관없다)",,0,
9101110000,80,3,기계식 표시부만을 갖춘 것,U,1,2002-01-01
9101190000,80,3,기타,U,1,2022-01-01
91012,80,2,그 밖의 손목시계(스톱워치 기능을 갖춘 것인지에 상관없다),,0,
9101210000,80,3,자동권(自動捲)식,U,1,2013-01-01
9101290000,80,3,기타,U,1,2002-01-01
91019,80,2,기타,,0,
9101910000,80,3,전기구동식,U,1,2013-01-01
9101990000,80,3,기타,U,1,2002-01-01
9102,80,1,손목시계ㆍ회중시계와 그 밖의 휴대용 시계(스톱워치를 포함하되 제9101호의 것은 제외한다),,0,
91021,80,2,"손목시계(전기구동식으로 한정하며, 스톱워치 기능을 갖춘 것인지에 상관없다)",,0,
910211,80,3,기계식 표시부만을 갖춘 것,,0,
9102111000,80,4,시각장애인용,U,1,2017-01-01
9102112000,80,4,문자판ㆍ밴드 등을 귀금속으로 만든 것이나 귀금속을 입힌 금속으로 만든 것,U,1,2013-01-01
91021190,80,4,기타,,0,
9102119010,80,5,배터리ㆍ축전지 구동식,U,1,2022-01-01
9102119090,80,5,기타,U,1,2002-01-01
910212,80,3,광전자식 표시부만을 갖춘 것,,0,
9102121000,80,4,배터리ㆍ축전지 구동식,U,1,2022-01-01
91021290,80,4,기타,,0,
9102129010,80,5,시각장애인용,U,1,2017-01-01
9102129020,80,5,문자판ㆍ밴드 등을 귀금속으로 만든 것이나 귀금속을 입힌 금속으로 만든 것,U,1,2013-01-01
9102129090,80,5,기타,U,1,2002-01-01
910219,80,3,기타,,0,
9102191000,80,4,배터리ㆍ축전지 구동식,U,1,2022-01-01
91021990,80,4,기타,,0,
9102199010,80,5,시각장애인용,U,1,2017-01-01
9102199020,80,5,문자판ㆍ밴드 등을 귀금속으로 만든 것이나 귀금속을 입힌 금속으로 만든 것,U,1,2013-01-01
9102199090,80,5,기타,U,1,2002-01-01
91022,80,2,그 밖의 손목시계(스톱워치 기능을 갖춘 것인지에 상관없다),,0,
910221,80,3,자동권(自動捲)식,,0,
9102211000,80,4,시각장애인용,U,1,2017-01-01
9102212000,80,4,문자판ㆍ밴드 등을 귀금속으로 만든 것이나 귀금속을 입힌 금속으로 만든 것,U,1,2013-01-01
9102219000,80,4,기타,U,1,2002-01-01
910229,80,3,기타,,0,
9102291000,80,4,시각장애인용,U,1,2017-01-01
9102292000,80,4,문자판ㆍ밴드 등을 귀금속으로 만든 것이나 귀금속을 입힌 금속으로 만든 것,U,1,2013-01-01
9102299000,80,4,기타,U,1,2002-01-01
91029,80,2,기타,,0,
910291,80,3,전기구동식,,0,
9102911000,80,4,스톱워치,U,1,2002-01-01
9102912000,80,4,시각장애인용,U,1,2017-01-01
91029190,80,4,기타,,0,
9102919010,80,5,배터리ㆍ축전지 구동식,U,1,2022-01-01
9102919090,80,5,기타,U,1,2002-01-01
910299,80,3,기타,,0,
9102991000,80,4,스톱워치,U,1,2002-01-01
9102992000,80,4,시각장애인용,U,1,2017-01-01
9102999000,80,4,기타,U,1,2002-01-01
9103,80,1,휴대용 시계의 무브먼트(movement)를 갖춘 클록(clock)(제9104호의 것은 제외한다),,0,
9103100000,80,2,전기구동식,U,1,2017-01-01
9103900000,80,2,기타,U,1,2017-01-01
9104,80,1,차량용ㆍ항공기용ㆍ우주선용ㆍ선박용 계기반 클록(clock)과 이와 유사한 클록(clock),,0,
9104000000,80,2,차량용ㆍ항공기용ㆍ우주선용ㆍ선박용 계기반 클록(clock)과 이와 유사한 클록(clock),U,1,2022-01-01
9105,80,1,그 밖의 클록(clock),,0,
91051,80,2,자명종시계,,0,
9105110000,80,3,전기구동식,U,1,2013-01-01
9105190000,80,3,기타,U,1,2002-01-01
91052,80,2,벽시계,,0,
9105210000,80,3,전기구동식,U,1,2013-01-01
9105290000,80,3,기타,U,1,2002-01-01
91059,80,2,기타,,0,
9105910000,80,3,전기구동식,U,1,2013-01-01
9105990000,80,3,기타,U,1,2002-01-01
9106,80,1,시각을 기록하는 기기와 시계의 무브먼트(movement)나 동기(同期) 전동기를 갖춘 것으로서 시간을 측정ㆍ기록하거나 알리는 기기[예: 타임레지스터(time-register)ㆍ타임레코더(time-recorder)],,0,
9106100000,80,2,타임레지스터(time-register)와 타임레코더(time-recorder),U,1,2013-01-01
910690,80,2,기타,,0,
9106902000,80,3,타이머,U,1,2002-01-01
9106909000,80,3,기타,U,1,2002-01-01
9107,80,1,타임스위치[시계의 무브먼트(movement)나 동기(同期) 전동기를 갖춘 것으로 한정한다],,0,
9107000000,80,2,타임스위치[시계의 무브먼트(movement)나 동기(同期) 전동기를 갖춘 것으로 한정한다],U,1,2022-01-01
9108,80,1,휴대용 시계의 무브먼트(movement)(완전한 것으로서 조립된 것으로 한정한다),,0,
91081,80,2,전기구동식,,0,
9108110000,80,3,기계식 표시부만을 갖춘 것이나 기계식 표시부를 내장할 수 있는 장치를 갖춘 것,U,1,2013-01-01
9108120000,80,3,광전자식 표시부만을 갖춘 것,U,1,2002-01-01
9108190000,80,3,기타,U,1,2002-01-01
9108200000,80,2,자동권(自動捲)식,U,1,2013-01-01
9108900000,80,2,기타,U,1,2002-01-01
9109,80,1,클록 무브먼트(clock movement)(완전한 것으로서 조립된 것으로 한정한다),,0,
9109100000,80,2,전기구동식,U,1,2013-01-01
9109900000,80,2,기타,U,1,2002-01-01
9110,80,1,"완전한 시계의 무브먼트(movement)(미조립이나 부분적으로 조립된 것으로 한정한다)(무브먼트세트), 불완전한 시계의 무브먼트(movement)(조립된 것으로 한정한다), 러프(rough)한 시계의 무브먼트(movement)",,0,
91101,80,2,휴대용 시계의 것,,0,
9110110000,80,3,완전한 무브먼트(movement)(미조립이나 부분적으로 조립한 것으로 한정한다)(무브먼트세트),U,1,2022-01-01
9110120000,80,3,불완전한 무브먼트(movement)(조립된 것으로 한정한다),U,1,2022-01-01
9110190000,80,3,러프 무브먼트(rough movement),,1,2017-01-01
9110900000,80,2,기타,,1,2022-01-01
9111,80,1,휴대용 시계의 케이스와 그 부분품,,0,
9111100000,80,2,귀금속으로 만든 것이나 귀금속을 입힌 금속으로 만든 케이스,U,1,2013-01-01
9111200000,80,2,비금속(卑金屬)으로 만든 케이스(금이나 은을 도금하였는지에 상관없다),U,1,2013-01-01
9111800000,80,2,그 밖의 케이스,U,1,2013-01-01
911190,80,2,부분품,,0,
9111901000,80,3,귀금속으로 만든 것이나 귀금속을 입힌 금속으로 만든 케이스,,1,2013-01-01
9111909000,80,3,기타,,1,2002-01-01
9112,80,1,"클록(clock) 케이스, 이 류의 그 밖의 물품에 사용되는 이와 유사한 유형의 케이스와 이들의 부분품",,0,
9112200000,80,2,케이스,U,1,2002-01-01
9112900000,80,2,부분품,,1,2002-01-01
9113,80,1,휴대용 시곗줄ㆍ휴대용 시계밴드ㆍ휴대용 시계팔찌와 이들의 부분품,,0,
9113100000,80,2,귀금속으로 만든 것이나 귀금속을 입힌 금속으로 만든 것,,1,2015-01-01
9113200000,80,2,비금속(卑金屬)으로 만든 것(금이나 은을 도금하였는지에 상관없다),,1,2013-01-01
911390,80,2,기타,,0,
9113901000,80,3,플라스틱으로 만든 것,,1,2013-01-01
9113902000,80,3,가죽이나 콤퍼지션 레더로 만든 것,,1,2022-01-01
9113909000,80,3,기타,,1,2002-01-01
9114,80,1,그 밖의 시계의 부분품,,0,
9114300000,80,2,문자판,,1,2002-01-01
9114400000,80,2,지판과 브리지(bridge),,1,2013-01-01
9114900000,80,2,기타,,1,2002-01-01
92,80,0,제92류 악기와 그 부분품과 부속품,,0,
9201,80,1,피아노(자동피아노를 포함한다)ㆍ하프시코드(harpsichord)와 그 밖의 건반이 있는 현악기,,0,
9201100000,80,2,업라이트(upright) 피아노,U,1,2017-01-01
9201200000,80,2,그랜드 피아노,U,1,2002-01-01
9201900000,80,2,기타,U,1,2022-01-01
9202,80,1,그 밖의 현악기(예: 기타ㆍ바이올린ㆍ하프),,0,
920210,80,2,활을 사용하는 것,,0,
9202101000,80,3,바이올린,U,1,2002-01-01
9202102000,80,3,첼로,U,1,2002-01-01
9202109000,80,3,기타,U,1,2002-01-01
920290,80,2,기타,,0,
9202901000,80,3,기타(guitar),U,1,2022-01-01
9202902000,80,3,하프,U,1,2002-01-01
9202909000,80,3,기타,U,1,2002-01-01
9205,80,1,관악기(예: 키보드 파이프 오르간ㆍ아코디언ㆍ클라리넷ㆍ트럼펫ㆍ백파이프)[페어그라운드 오르간(fairground organ)과 메커니컬 스트리트 오르간(mechanical street organ)은 제외한다],,0,
920510,80,2,금관악기,,0,
9205101000,80,3,트럼펫,U,1,2002-01-01
9205109000,80,3,기타,U,1,2002-01-01
920590,80,2,기타,,0,
92059010,80,3,목관악기,,0,
9205901010,80,4,플루트,U,1,2002-01-01
9205901020,80,4,클라리넷,U,1,2002-01-01
9205901030,80,4,색소폰,U,1,2012-01-01
9205901040,80,4,리코더(recorder),U,1,2013-01-01
9205901090,80,4,기타,U,1,2002-01-01
9205902000,80,3,"건반이 있는 파이프오르간, 하모늄과 이와 유사한 프리메탈 리드식 건반악기",U,1,2022-01-01
9205903000,80,3,아코디언과 이와 유사한 악기,U,1,2022-01-01
9205904000,80,3,하모니카,U,1,2007-01-01
9205909000,80,3,기타,U,1,2002-01-01
9206,80,1,타악기[예: 북ㆍ목금ㆍ심벌ㆍ캐스터네츠ㆍ마라카스(maracas)],,0,
920600,80,2,타악기[예: 북ㆍ목금ㆍ심벌ㆍ캐스터네츠ㆍ마라카스(maracas)],,0,
9206001000,80,3,북,U,1,2002-01-01
9206003000,80,3,심벌,U,1,2002-01-01
9206009000,80,3,기타,U,1,2002-01-01
9207,80,1,전기적으로 음이 발생하거나 증폭되는 악기(예: 오르간ㆍ기타ㆍ아코디언),,0,
920710,80,2,건반악기(아코디언은 제외한다),,0,
9207101000,80,3,오르간(신디사이저를 포함한다),U,1,2002-01-01
9207103000,80,3,피아노,U,1,2002-01-01
9207109000,80,3,기타,U,1,2002-01-01
920790,80,2,기타,,0,
9207901000,80,3,기타(guitars),U,1,2025-01-01
9207902000,80,3,아코디언,U,1,2002-01-01
9207909000,80,3,기타,U,1,2002-01-01
9208,80,1,"뮤지컬박스ㆍ페어그라운드 오르간(fairground organ)ㆍ메커니컬 스트리트 오르간(mechanical street organ)ㆍ기계식 자명조(singing bird)ㆍ뮤지컬소(musical saw)와 그 밖의 악기로서 이 류의 다른 호에 해당하지 않는 것, 각종 데코이 콜(decoy call), 휘슬ㆍ호각과 그 밖의 입으로 불어서 나는 소리로 신호하는 기구",,0,
9208100000,80,2,뮤지컬박스,U,1,2002-01-01
9208900000,80,2,기타,U,1,2022-01-01
9209,80,1,"악기의 부분품(예: 뮤지컬박스용 메카니즘)과 부속품(예: 기계식 악기용 카드ㆍ디스크ㆍ롤), 박절기(metronom)ㆍ소리굽쇠, 각종 조율관(調律管)",,0,
920930,80,2,악기용 현,,0,
9209301000,80,3,금속선으로 만든 것,,1,2013-01-01
9209309000,80,3,기타,,1,2002-01-01
92099,80,2,기타,,0,
9209910000,80,3,피아노의 부분품과 부속품,,1,2002-01-01
9209920000,80,3,제9202호 악기의 부분품과 부속품,,1,2002-01-01
9209940000,80,3,제9207호 악기의 부분품과 부속품,,1,2002-01-01
9209990000,80,3,기타,,1,2022-01-01
93,80,0,제93류 무기ㆍ총포탄과 이들의 부분품과 부속품,,0,
9301,80,1,군용 무기[리볼버(revolver)ㆍ피스톨(pistol)과 제9307호의 무기는 제외한다],,0,
930110,80,2,포병 무기(예: 평사포ㆍ곡사포ㆍ박격포),,0,
9301101000,80,3,자주식(自走式),U,1,2013-01-01
9301109000,80,3,기타,U,1,2012-01-01
9301200000,80,2,"로켓발사기, 화염발사기, 유탄발사기, 어뢰발사관과 이와 유사한 발사장치",U,1,2013-01-01
930190,80,2,기타,,0,
9301901000,80,3,완전자동 산탄총,U,1,2007-01-01
93019020,80,3,라이플(rifle),,0,
9301902010,80,4,노리쇠작동,U,1,2007-01-01
9301902020,80,4,반자동,U,1,2007-01-01
9301902030,80,4,완전자동,U,1,2007-01-01
9301902090,80,4,기타,U,1,2007-01-01
9301903000,80,3,기관총,U,1,2007-01-01
93019040,80,3,기관단총,,0,
9301904010,80,4,완전자동 피스톨(pistol),U,1,2013-01-01
9301904090,80,4,기타,U,1,2007-01-01
9301909000,80,3,기타,U,1,2007-01-01
9302,80,1,리볼버(revolver)와 피스톨(pistol)(제9303호ㆍ9304호의 것은 제외한다),,0,
930200,80,2,리볼버(revolver)와 피스톨(pistol)(제9303호ㆍ9304호의 것은 제외한다),,0,
93020010,80,3,군용,,0,
9302001010,80,4,리볼버(revolver),U,1,2013-01-01
930200102,80,4,피스톨(pistol)(단열총열),,0,
9302001021,80,5,반자동,U,1,2007-01-01
9302001029,80,5,기타,U,1,2007-01-01
9302001030,80,4,피스톨(pistol)(다열총열),U,1,2013-01-01
9302001090,80,4,기타,U,1,2007-01-01
93020090,80,3,기타,,0,
9302009010,80,4,리볼버(revolver),U,1,2013-01-01
930200902,80,4,피스톨(pistol)(단열총열),,0,
9302009021,80,5,반자동,U,1,2007-01-01
9302009029,80,5,기타,U,1,2007-01-01
9302009030,80,4,피스톨(pistol)(다열총열),U,1,2013-01-01
9302009090,80,4,기타,U,1,2007-01-01
9303,80,1,"그 밖의 화기와 폭약으로 점화되는 이와 유사한 장치[예: 경기용 산탄총과 라이플(rifle), 총구장전 화기, 베리식 피스톨(Very pistol), 신호용 화염만을 발생하는 그 밖의 장치, 공포탄용 피스톨(pistol)ㆍ리볼버(revolver), 캡티브볼트(captive-bolt)형 무통(無痛) 도살기, 줄 발사총(line-throwing gun)]",,0,
9303100000,80,2,총구장전 화기,U,1,2013-01-01
930320,80,2,그 밖의 스포츠용ㆍ수렵용ㆍ표적사격용 산탄총[산탄총과 라이플(rifle) 기능이 결합된 것을 포함한다],,0,
93032010,80,3,수렵용,,0,
930320101,80,4,산탄총(단열총열),,0,
9303201011,80,5,펌프작동,U,1,2007-01-01
9303201012,80,5,반자동,U,1,2007-01-01
9303201019,80,5,기타,U,1,2007-01-01
9303201020,80,4,산탄총(다열총열)(산탄총과 라이플(rifle) 기능이 결합된 것은 포함한다),U,1,2022-01-01
9303201090,80,4,기타,U,1,2007-01-01
93032090,80,3,기타,,0,
930320901,80,4,산탄총(단열총열),,0,
9303209011,80,5,펌프작동,U,1,2007-01-01
9303209012,80,5,반자동,U,1,2007-01-01
9303209019,80,5,기타,U,1,2007-01-01
9303209020,80,4,산탄총(다열총열)(산탄총과 라이플(rifle) 기능이 결합된 것을 포함한다),U,1,2013-01-01
9303209090,80,4,기타,U,1,2007-01-01
930330,80,2,그 밖의 스포츠용ㆍ수렵용ㆍ표적사격용 라이플(rifle),,0,
93033010,80,3,수렵용,,0,
9303301010,80,4,단발,U,1,2007-01-01
9303301020,80,4,반자동,U,1,2007-01-01
9303301090,80,4,기타,U,1,2007-01-01
93033090,80,3,기타,,0,
9303309010,80,4,단발,U,1,2007-01-01
9303309020,80,4,반자동,U,1,2007-01-01
9303309090,80,4,기타,U,1,2007-01-01
9303900000,80,2,기타,U,1,2002-01-01
9304,80,1,그 밖의 무기(예: 스프링총ㆍ공기총ㆍ가스총ㆍ경찰봉)(제9307호의 것은 제외한다),,0,
930400,80,2,그 밖의 무기(예: 스프링총ㆍ공기총ㆍ가스총ㆍ경찰봉)(제9307호의 것은 제외한다),,0,
9304001000,80,3,공기총,U,1,2002-01-01
9304009000,80,3,기타,U,1,2002-01-01
9305,80,1,부분품과 부속품(제9301호부터 제9304호까지의 것으로 한정한다),,0,
930510,80,2,리볼버(revolver)나 피스톨(pistol)의 것,,0,
93051010,80,3,제9302호의 것,,0,
9305101010,80,4,격발장치,,1,2007-01-01
9305101020,80,4,프레임과 총몸,,1,2017-01-01
9305101030,80,4,총열,,1,2007-01-01
9305101040,80,4,피스톤ㆍ잠금러그(locking lug)ㆍ가스완충기,,1,2013-01-01
9305101050,80,4,탄알집과 그 부분품,,1,2013-01-01
9305101060,80,4,소음기와 그 부분품,,1,2013-01-01
9305101070,80,4,개머리판ㆍ손잡이ㆍ 플레이트,,1,2013-01-01
9305101080,80,4,슬라이드[피스톨(pistol)용]와 실린더[리볼버(revolver)용],,1,2013-01-01
9305101090,80,4,기타,,1,2007-01-01
93051090,80,3,기타,,0,
9305109010,80,4,격발장치,,1,2007-01-01
9305109020,80,4,프레임과 총몸,,1,2007-01-01
9305109030,80,4,총열,,1,2007-01-01
9305109040,80,4,피스톤ㆍ잠금러그(locking lug)ㆍ가스완충기,,1,2013-01-01
9305109050,80,4,탄알집과 그 부분품,,1,2013-01-01
9305109060,80,4,소음기와 그 부분품,,1,2013-01-01
9305109070,80,4,개머리판ㆍ손잡이ㆍ플레이트,,1,2013-01-01
9305109080,80,4,슬라이드(피스톨용)와 실린더(리볼버용),,1,2007-01-01
9305109090,80,4,기타,,1,2007-01-01
930520,80,2,산탄총과 라이플(rifle)의 것(제9303호의 것으로 한정한다),,0,
9305201000,80,3,산탄총의 총열,,1,2012-01-01
93052090,80,3,기타,,0,
9305209010,80,4,라이플 총열,,1,2012-01-01
9305209020,80,4,탄알집과 그 부분품,,1,2013-01-01
9305209090,80,4,기타,,1,2012-01-01
93059,80,2,기타,,0,
930591,80,3,제9301호의 군용 무기의 것,,0,
93059110,80,4,산탄총ㆍ라이플(rifle)ㆍ기관총ㆍ기관단총의 것,,0,
9305911010,80,5,격발장치,,1,2007-01-01
9305911020,80,5,프레임과 총몸,,1,2007-01-01
9305911030,80,5,총열,,1,2007-01-01
9305911040,80,5,피스톤ㆍ잠금러그(locking lug)ㆍ가스완충기,,1,2013-01-01
9305911050,80,5,탄알집과 그 부분품,,1,2013-01-01
9305911060,80,5,소음기와 그 부분품,,1,2013-01-01
9305911070,80,5,소염기와 그 부분품,,1,2013-01-01
9305911080,80,5,브리치(breech)ㆍ노리쇠와 노리쇠집,,1,2013-01-01
9305911090,80,5,기타,,1,2007-01-01
9305919000,80,4,기타,,1,2007-01-01
9305990000,80,3,기타,,1,2002-01-01
9306,80,1,"폭탄ㆍ유탄ㆍ어뢰ㆍ지뢰ㆍ미사일과 이와 유사한 군수품과 이들의 부분품, 탄약ㆍ그 밖의 총포탄ㆍ탄두와 이들의 부분품[산탄알과 탄약 안에 충전되는 와드(wad)를 포함한다]",,0,
93062,80,2,"산탄총용 탄약과 그 부분품, 공기총 탄환",,0,
9306210000,80,3,탄약,,1,2002-01-01
9306290000,80,3,기타,,1,2002-01-01
930630,80,2,그 밖의 탄약과 그 부분품,,0,
9306301000,80,3,리베팅용이나 이와 유사한 공구용ㆍ무통 도살기용 탄약과 이들의 부분품,,1,2013-01-01
9306309000,80,3,기타,,1,2017-01-01
9306900000,80,2,기타,,1,2002-01-01
9307,80,1,"검류ㆍ창과 이와 유사한 무기, 이들의 부분품과 집",,0,
9307000000,80,2,"검류ㆍ창과 이와 유사한 무기, 이들의 부분품과 집",,1,2013-01-01
94,80,0,"제94류 가구, 침구ㆍ매트리스ㆍ매트리스 서포트(mattress support)ㆍ쿠션과 이와 유사한 물품, 다른 류로 분류되지 않은 조명기구, 조명용 사인ㆍ조명용 네임플레이트(name-plate)와 이와 유사한 물품, 조립식 건축물",,0,
9401,80,1,의자(침대로 겸용할 수 있는지에 상관없으며 제9402호의 것은 제외한다)와 그 부분품,,0,
9401100000,80,2,항공기용 의자,U,1,2013-01-01
9401200000,80,2,차량용 의자,U,1,2013-01-01
94013,80,2,회전의자(높이를 조절할 수 있는 것으로 한정한다),,0,
940131,80,3,목재로 만든 것,,0,
9401311000,80,4,가죽으로 덮어씌운 것,U,1,2022-01-01
9401319000,80,4,기타,U,1,2022-01-01
940139,80,3,기타,,0,
9401391000,80,4,가죽으로 덮어씌운 것,U,1,2022-01-01
9401399000,80,4,기타,U,1,2022-01-01
94014,80,2,침대 겸용 의자[가든시트(garden seat)나 캠핑용은 제외한다],,0,
9401410000,80,3,목재로 만든 것,U,1,2022-01-01
9401490000,80,3,기타,U,1,2022-01-01
94015,80,2,등나무ㆍ버드나무 가지(osier)ㆍ대나무나 이와 유사한 재료로 만든 의자,,0,
9401520000,80,3,대나무로 만든 것,U,1,2017-01-01
9401530000,80,3,등나무로 만든 것,U,1,2017-01-01
9401590000,80,3,기타,U,1,2022-01-01
94016,80,2,그 밖의 의자(프레임이 나무로 된 것으로 한정한다),,0,
940161,80,3,의자의 속ㆍ용수철ㆍ커버 등을 댄 것,,0,
9401611000,80,4,가죽으로 덮어씌운 것,U,1,2014-01-01
9401619000,80,4,기타,U,1,2002-01-01
940169,80,3,기타,,0,
9401691000,80,4,가죽으로 덮어씌운 것,U,1,2014-01-01
9401699000,80,4,기타,U,1,2002-01-01
94017,80,2,그 밖의 의자(프레임이 금속으로 된 것으로 한정한다),,0,
940171,80,3,의자의 속ㆍ용수철ㆍ커버 등을 댄 것,,0,
9401711000,80,4,가죽으로 덮어씌운 것,U,1,2014-01-01
9401719000,80,4,기타,U,1,2002-01-01
940179,80,3,기타,,0,
9401791000,80,4,가죽으로 덮어씌운 것,U,1,2014-01-01
9401799000,80,4,기타,U,1,2002-01-01
9401800000,80,2,그 밖의 의자,U,1,2022-01-01
94019,80,2,부분품,,0,
9401910000,80,3,목재로 만든 것,,1,2022-01-14
940199,80,3,기타,,0,
9401991000,80,4,금속으로 만든 것,,1,2022-01-14
9401999000,80,4,기타,,1,2022-01-14
9402,80,1,"내과용ㆍ외과용ㆍ치과용ㆍ수의과용 가구류(예: 수술대ㆍ검사대ㆍ기계식 장비를 갖춘 병원용 침대ㆍ치과용 의자), 회전ㆍ뒤로 젖힘ㆍ상하 조절 기능을 갖춘 이발용 의자와 이와 유사한 의자, 이들의 부분품",,0,
940210,80,2,치과용 의자ㆍ이발용 의자나 이와 유사한 의자와 이들의 부분품,,0,
9402101000,80,3,내과용ㆍ외과용ㆍ치과용 의자,,1,2022-01-14
94021090,80,3,기타,,0,
9402109010,80,4,이발용ㆍ미용실용 의자,,1,2022-01-01
9402109090,80,4,기타,,1,2002-01-01
940290,80,2,기타,,0,
9402901000,80,3,수술대,,1,2002-01-01
9402908000,80,3,기타,,1,2002-01-01
9402909000,80,3,부분품,,1,2002-01-01
9403,80,1,그 밖의 가구와 그 부분품,,0,
9403100000,80,2,금속으로 만든 사무실용 가구,,1,2013-01-01
940320,80,2,금속으로 만든 그 밖의 가구,,0,
9403201000,80,3,침대,,1,2002-01-01
9403209000,80,3,기타,,1,2002-01-01
940330,80,2,사무실용 목제가구,,0,
9403301000,80,3,책상,U,1,2002-01-01
9403309000,80,3,기타,U,1,2002-01-01
940340,80,2,주방용 목제가구,,0,
9403401000,80,3,식탁,U,1,2002-01-01
9403409000,80,3,기타,U,1,2002-01-01
940350,80,2,침실용 목제가구,,0,
9403501000,80,3,침대,U,1,2002-01-01
9403509000,80,3,기타,U,1,2002-01-01
940360,80,2,그 밖의 목제가구,,0,
9403601000,80,3,나전칠기로 만든 것,U,1,2022-01-01
94036090,80,3,기타,,0,
9403609010,80,4,문갑,U,1,2002-01-01
9403609020,80,4,화장대,U,1,2002-01-01
9403609030,80,4,장롱,U,1,2002-01-01
9403609090,80,4,기타,U,1,2002-01-01
9403700000,80,2,플라스틱으로 만든 가구,U,1,2022-01-01
94038,80,2,그 밖의 재료로 만든 가구[등나무ㆍ버드나무 가지(osier)ㆍ대나무나 이와 유사한 재료로 만든 것을 포함한다],,0,
9403820000,80,3,대나무로 만든 것,U,1,2017-01-01
9403830000,80,3,등나무로 만든 것,U,1,2017-01-01
9403890000,80,3,기타,,1,2007-01-01
94039,80,2,부분품,,0,
9403910000,80,3,목재로 만든 것,,1,2022-01-14
9403990000,80,3,기타,,1,2022-01-14
9404,80,1,"매트리스 서포트(mattress support), 침구와 이와 유사한 물품[예: 매트리스ㆍ이불ㆍ우모이불ㆍ쿠션ㆍ푸프(pouff)ㆍ베개]으로서 스프링을 부착한 것이나 각종 재료를 채우거나 내부에 끼워 넣은 것이나 셀룰러 고무나 플라스틱으로 만든 것(피복하였는지에 상관없다)",,0,
9404100000,80,2,매트리스 서포트(mattress support),,1,2013-01-01
94042,80,2,매트리스,,0,
9404210000,80,3,셀룰러 고무나 플라스틱으로 만든 것(피복하였는지에 상관없다),U,1,2013-01-01
9404290000,80,3,그 밖의 재료로 만든 것,U,1,2013-01-01
9404300000,80,2,침낭(sleeping bag),U,1,2013-01-01
9404400000,80,2,이불·침대보·솜털이불·깃털이불[컴포터(comforter)],U,1,2022-01-01
9404900000,80,2,기타,,1,2002-01-01
9405,80,1,"조명기구[서치라이트(searchlight)ㆍ스포트라이트(spotlight)와 이들의 부분품을 포함하고, 따로 분류되지 않은 것으로 한정한다], 조명용 사인ㆍ조명용 네임플레이트(name-plate)와 이와 유사한 물품(광원이 고정되어 있는 것으로 한정한다), 이들의 부분품(따로 분류되지 않은 것으로 한정한다)",,0,
94051,80,2,샹들리에(chandelier)와 그 밖의 천장용ㆍ벽 부착용 전기식 조명기구[공공공지(公共空地)나 통행로에 사용되는 것은 제외한다],,0,
9405110000,80,3,발광다이오드(엘이디) 광원에 전용되도록 설계된 것,,1,2022-01-01
940519,80,3,기타,,0,
9405191000,80,4,필라멘트 램프의 것,,1,2022-01-01
9405192000,80,4,형광램프의 것,,1,2022-01-01
9405199000,80,4,기타,,1,2022-01-01
94052,80,2,전기식의 테이블ㆍ책상ㆍ침대ㆍ마루스탠드 조명,,0,
9405210000,80,3,발광다이오드(엘이디) 광원에 전용되도록 설계된 것,,1,2022-01-01
940529,80,3,기타,,0,
9405291000,80,4,필라멘트 램프의 것,,1,2022-01-01
9405299000,80,4,기타,,1,2022-01-01
94053,80,2,크리스마스 장식용 조명 스트링,,0,
9405310000,80,3,발광다이오드(엘이디) 광원에 전용되도록 설계된 것,,1,2022-01-01
9405390000,80,3,기타,,1,2022-01-01
94054,80,2,그 밖의 전기식 조명기구,,0,
9405410000,80,3,광전(光電)식의 것[발광다이오드(엘이디) 광원에 전용되도록 설계된 것으로 한정한다],,1,2022-01-01
9405420000,80,3,기타[발광다이오드(엘이디) 광원에 전용되도록 설계된 것으로 한정한다],,1,2022-01-01
940549,80,3,기타,,0,
9405491000,80,4,방폭형,,1,2022-01-01
9405492000,80,4,투광형,,1,2022-01-01
9405493000,80,4,가로등의 것,,1,2022-01-01
9405499000,80,4,기타,,1,2022-01-01
9405500000,80,2,비전기식 램프와 조명기구,,1,2002-01-01
94056,80,2,조명용 사인ㆍ조명용 네임플레이트(name-plate)와 이와 유사한 물품,,0,
9405610000,80,3,발광다이오드(엘이디) 광원에 전용되도록 설계된 것,,1,2022-01-01
940569,80,3,기타,,0,
9405691000,80,4,네온관의 것,,1,2022-01-01
9405692000,80,4,필라멘트램프의 것,,1,2022-01-01
9405699000,80,4,기타,,1,2022-01-01
94059,80,2,부분품,,0,
9405910000,80,3,유리로 만든 것,,1,2022-01-01
9405920000,80,3,플라스틱으로 만든 것,,1,2022-01-01
9405990000,80,3,기타,,1,2022-01-01
9406,80,1,조립식 건축물,,0,
9406100000,80,2,나무로 만든 것,,1,2017-01-01
9406200000,80,2,모듈화된 빌딩 유닛[강(鋼)으로 만든 것을 한정한다],,1,2022-01-01
940690,80,2,기타,,0,
9406901000,80,3,플라스틱으로 만든 것,,1,2017-01-01
9406902000,80,3,철강으로 만든 것,,1,2017-01-01
9406903000,80,3,알루미늄으로 만든 것,,1,2017-01-01
9406909000,80,3,기타,,1,2017-01-01
95,80,0,제95류 완구ㆍ게임용구ㆍ운동용구와 이들의 부분품과 부속품,,0,
9503,80,1,"세발자전거ㆍ스쿠터ㆍ페달 자동차와 이와 유사한 바퀴가 달린 완구, 인형용 차, 인형과 그 밖의 완구, 축소 모형과 이와 유사한 오락용 모형(작동하는 것인지에 상관없다), 각종 퍼즐",,0,
950300,80,2,"세발자전거ㆍ스쿠터ㆍ페달 자동차와 이와 유사한 바퀴가 달린 완구, 인형용 차, 인형과 그 밖의 완구, 축소 모형과 이와 유사한 오락용 모형(작동하는 것인지에 상관없다), 각종 퍼즐",,0,
9503001,80,3,어린이용으로서 탈 수 있도록 설계 제작된 바퀴가 달린 완구(예: 세발자전거ㆍ스쿠터ㆍ페달 자동차)와 인형용 차,,0,
9503001100,80,4,어린이용 세발자전거,U,1,2022-01-01
9503001200,80,4,스쿠터,U,1,2007-01-01
9503001300,80,4,페달차,U,1,2007-01-01
9503001800,80,4,기타,U,1,2007-01-01
9503001900,80,4,부분품과 부속품,U,1,2007-01-01
9503002,80,3,사람모형의 인형,,0,
95030021,80,4,인형(옷을 입힌 것인지는 상관없다),,0,
9503002110,80,5,방직용 섬유재료로 만든 것,U,1,2017-01-01
9503002120,80,5,고무로 만든 것,U,1,2013-01-01
9503002130,80,5,플라스틱으로 만든 것,U,1,2013-01-01
9503002140,80,5,도자제의 것,U,1,2013-01-01
9503002150,80,5,유리로 만든 것,U,1,2013-01-01
9503002160,80,5,나무로 만든 것,U,1,2013-01-01
9503002190,80,5,기타,U,1,2007-01-01
95030029,80,4,부분품과 부속품,,0,
9503002910,80,5,"인형용 의류와 부속품, 신발과 모자",U,1,2013-01-01
9503002990,80,5,기타,U,1,2007-01-01
9503003,80,3,그 밖의 완구ㆍ축소모형과 이와 유사한 오락용 모형(작동하는 것인지는 상관없다)와 각종 퍼즐,,0,
95030031,80,4,전기식 기차(궤도ㆍ신호기기와 부속품은 포함한다),,0,
9503003110,80,5,전기식 기차,U,1,2007-01-01
9503003190,80,5,부속품,U,1,2007-01-01
9503003200,80,4,"축소모형의 조립용 키트(작동하는 것인지는 상관없으며, 제9503.00-31호의 것은 제외한다)",U,1,2022-01-01
9503003300,80,4,그 밖의 조립세트와 조립식 완구,U,1,2013-01-01
95030034,80,4,동물을 모방한 완구나 사람을 모방하지 않은 완구,,0,
950300341,80,5,속이 채워져 있는 것,,0,
9503003411,80,6,방직용 섬유재료로 만든 것,U,1,2017-01-01
9503003419,80,6,기타,U,1,2007-01-01
950300349,80,5,기타,,0,
9503003491,80,6,방직용 섬유재료로 만든 것,U,1,2017-01-01
9503003492,80,6,고무로 만든 것,U,1,2013-01-01
9503003493,80,6,플라스틱으로 만든 것,U,1,2013-01-01
9503003495,80,6,도자제의 것,U,1,2007-01-01
9503003496,80,6,유리로 만든 것,U,1,2013-01-01
9503003497,80,6,나무로 만든 것,U,1,2013-01-01
9503003499,80,6,기타,U,1,2007-01-01
9503003500,80,4,완구용 악기류,U,1,2007-01-01
9503003600,80,4,퍼즐,U,1,2007-01-01
9503003700,80,4,그 밖의 완구(세트ㆍ아웃피트로 되어 있는 경우로 한정한다),U,1,2013-01-01
9503003800,80,4,그 밖의 완구와 모형(모터가 결합되어 있는 것으로 한정한다),U,1,2013-01-01
95030039,80,4,기타,,0,
950300391,80,5,그 밖의 완구,,0,
9503003911,80,6,풍선ㆍ완구용 공ㆍ연과 이와 유사한 것,U,1,2013-01-01
9503003919,80,6,기타,U,1,2007-01-01
9503003990,80,5,부분품과 부속품(제9503.00-3190호의 것은 제외한다),U,1,2022-01-01
9504,80,1,"비디오게임 콘솔과 비디오게임기, 테이블게임용구나 실내게임용구(핀테이블용구ㆍ당구용구ㆍ카지노게임용 특수테이블ㆍ자동식 볼링용구를 포함한다), 코인ㆍ은행권ㆍ은행카드ㆍ토큰과 그 밖의 지급수단으로 작동되는 오락용 기계",,0,
950420,80,2,각종 당구용구와 부속품,,0,
9504201000,80,3,당구대,,1,2002-01-01
9504202000,80,3,당구공,,1,2002-01-01
9504209000,80,3,기타,,1,2002-01-01
950430,80,2,그 밖의 게임용구(코인ㆍ은행권ㆍ은행카드ㆍ토큰과 그 밖의 지급수단으로 작동되는 것으로 한정하며 자동식 볼링장용구는 제외한다),,0,
9504301000,80,3,금전적 보상을 즉시 지급하는 사행성 게임용구,U,1,2017-01-01
9504309000,80,3,기타,U,1,2017-01-01
9504400000,80,2,오락용 카드,U,1,2013-01-01
950450,80,2,비디오게임 콘솔과 비디오게임기(소호 제9504.30호의 것들은 제외한다),,0,
9504501000,80,3,비디오 게임용구(텔레비전 수상기와 함께 사용하는 것으로 한정한다),U,1,2013-01-01
9504509000,80,3,기타,U,1,2012-01-01
950490,80,2,기타,,0,
95049010,80,3,볼링장용구,,0,
9504901020,80,4,핀 세터,U,1,2012-01-01
9504901030,80,4,볼링 볼,U,1,2002-01-01
9504901040,80,4,레인,U,1,2002-01-01
9504901050,80,4,볼링 핀,U,1,2002-01-01
9504901090,80,4,기타,U,1,2002-01-01
9504902000,80,3,전자식 게임기,U,1,2002-01-01
9504903000,80,3,그 밖의 용구,U,1,2013-01-01
95049090,80,3,부분품과 부속품,,0,
9504909020,80,4,전자식 게임기의 것,U,1,2002-01-01
9504909090,80,4,기타,U,1,2002-01-01
9505,80,1,축제용품ㆍ카니발용품이나 그 밖의 오락용품[마술용품과 기술(奇術)용품을 포함한다],,0,
9505100000,80,2,크리스마스 축제용품,,1,2002-01-01
9505900000,80,2,기타,,1,2002-01-01
9506,80,1,"일반적으로 육체적 운동ㆍ체조ㆍ육상ㆍ그 밖의 운동에 사용하는 물품(탁구용품을 포함한다), 옥외게임용품(이 류에 따로 분류되지 않은 것으로 한정한다), 수영장용품과 패들링풀(paddling pool)용품",,0,
95061,80,2,설상 스키와 그 밖의 설상 스키용품,,0,
9506110000,80,3,스키,2U,1,2002-01-01
9506120000,80,3,스키파스닝(ski-fastening)(스키바인딩),,1,2013-01-01
9506190000,80,3,기타,,1,2002-01-01
95062,80,2,수상스키ㆍ서프보드(surf board)ㆍ세일보드(sailboard)와 그 밖의 수상 운동용구,,0,
9506210000,80,3,세일보드(sailboard),U,1,2013-01-01
9506290000,80,3,기타,U,1,2002-01-01
95063,80,2,골프채와 그 밖의 골프용품,,0,
9506310000,80,3,골프채(완제품으로 한정한다),U,1,2013-01-01
9506320000,80,3,골프공,U,1,2002-01-01
950639,80,3,기타,,0,
9506391000,80,4,골프채의 부분품,,1,2002-01-01
9506399000,80,4,기타,,1,2002-01-01
950640,80,2,탁구용구,,0,
9506401000,80,3,탁구대,,1,2002-01-01
9506402000,80,3,탁구라켓,,1,2002-01-01
9506403000,80,3,탁구공,,1,2002-01-01
9506409000,80,3,기타,,1,2002-01-01
95065,80,2,테니스용 라켓ㆍ배드민턴용 라켓이나 이와 유사한 라켓(줄을 맨 것인지에 상관없다),,0,
9506510000,80,3,론테니스(lawn-tennis) 라켓(줄을 맨 것인지에 상관없다),U,1,2013-01-01
950659,80,3,기타,,0,
9506591000,80,4,배드민턴 라켓,U,1,2002-01-01
9506599000,80,4,기타,U,1,2002-01-01
95066,80,2,공(골프공과 탁구공은 제외한다),,0,
9506610000,80,3,론테니스(lawn-tennis) 공,U,1,2013-01-01
950662,80,3,공기주입식의 것,,0,
9506621000,80,4,축구공,U,1,2002-01-01
9506622000,80,4,농구공,U,1,2002-01-01
9506623000,80,4,배구공,U,1,2002-01-01
9506629000,80,4,기타,U,1,2002-01-01
950669,80,3,기타,,0,
9506691000,80,4,배드민턴 셔틀콕,U,1,2013-01-01
9506692000,80,4,야구공,U,1,2002-01-01
9506699000,80,4,기타,U,1,2002-01-01
9506700000,80,2,아이스 스케이트와 롤러스케이트(스케이트가 부착된 스케이팅부츠를 포함한다),2U,1,2022-01-01
95069,80,2,기타,,0,
9506910000,80,3,일반적으로 육체적 운동ㆍ체조ㆍ육상 경기에 사용하는 물품,,1,2013-01-01
9506990000,80,3,기타,U,1,2002-01-01
9507,80,1,"낚싯대ㆍ낚싯바늘과 그 밖의 낚시용구, 낚시용 망ㆍ포충망(捕蟲網)과 이와 유사한 망, 조류 유인용구(제9208호나 제9705호의 것은 제외한다)와 이와 유사한 수렵용구",,0,
950710,80,2,낚싯대,,0,
9507101000,80,3,유리섬유로 만든 것,U,1,2013-01-01
9507102000,80,3,카본으로 만든 것,U,1,2013-01-01
9507109000,80,3,기타,U,1,2002-01-01
9507200000,80,2,낚싯바늘(낚싯줄에 매는 짧은 줄이 있는지에 상관없다),,1,2013-01-01
9507300000,80,2,낚시 릴,U,1,2002-01-01
950790,80,2,기타,,0,
9507901000,80,3,낚시용 망과 그 밖의 낚시용구,U,1,2013-01-01
9507909000,80,3,기타,U,1,2002-01-01
9508,80,1,"순회서커스ㆍ순회동물원 용품, 놀이공원의 탈것·워터파크 놀이기구, 유원지용 오락물(실내사격연습장용품을 포함한다), 순회극장 용품",,0,
9508100000,80,2,순회서커스와 순회동물원 용품,,1,2017-01-01
95082,80,2,놀이공원의 탈것ㆍ워터파크 놀이기구,,0,
9508210000,80,3,롤러코스터,,1,2022-01-01
9508220000,80,3,회전놀이기구ㆍ그네ㆍ회전목마,,1,2022-01-01
9508230000,80,3,범퍼카(Dodge’em car),,1,2022-01-01
9508240000,80,3,동작 시뮬레이션 기기 및 무빙 씨어터(moving theatre),,1,2022-01-01
9508250000,80,3,물놀이용 탈것,,1,2022-01-01
9508260000,80,3,워터파크 놀이기구,,1,2022-01-01
9508290000,80,3,기타,,1,2022-01-01
9508300000,80,2,유원지용 오락물,,1,2022-01-01
9508400000,80,2,순회극장용품,,1,2022-01-01
96,80,0,제96류 잡품,,0,
9601,80,1,가공한 아이보리(ivory)ㆍ뼈ㆍ귀갑(龜甲)ㆍ뿔ㆍ가지진 뿔ㆍ산호ㆍ자개ㆍ그 밖의 동물성 조각용 재료와 그 제품(성형품을 포함한다),,0,
9601100000,80,2,가공한 아이보리(ivory)와 그 제품,,1,2013-01-01
960190,80,2,기타,,0,
96019010,80,3,패각(貝殼)으로 만든 것,,0,
9601901010,80,4,진주 양식용 핵,,1,2013-01-01
9601901090,80,4,기타,,1,2007-01-01
96019090,80,3,기타,,0,
9601909010,80,4,진주양식용 핵,,1,2007-01-01
9601909090,80,4,기타,,1,2007-01-01
9602,80,1,"가공한 식물성이나 광물성 조각용 재료와 그 제품, 성형품이나 조각품[왁스ㆍ스테아린(stearin)ㆍ천연수지ㆍ모델링페이스트(modelling paste)로 만든 것으로 한정한다], 따로 분류되지 않은 그 밖의 성형품이나 조각품, 가공한 비경화(非硬化) 젤라틴(제3503호의 젤라틴은 제외한다)과 비경화(非硬化) 젤라틴의 제품",,0,
960200,80,2,"가공한 식물성이나 광물성 조각용 재료와 그 제품, 성형품이나 조각품[왁스ㆍ스테아린(stearin)ㆍ천연수지ㆍ모델링페이스트(modelling paste)로 만든 것으로 한정한다], 따로 분류되지 않은 그 밖의 성형품이나 조각품, 가공한 비경화(非硬化) 젤라틴(제3503호의 젤라틴은 제외한다)과 비경화(非硬化) 젤라틴의 제품",,0,
9602001000,80,3,젤라틴 캡슐,,1,2002-01-01
96020090,80,3,기타,,0,
9602009010,80,4,가공한 식물성 조각용 재료(예: 상아야자)와 식물성 조각용 재료의 제품,,1,2013-01-01
9602009090,80,4,기타,,1,2002-01-01
9603,80,1,"비ㆍ브러시(기계ㆍ기구ㆍ차량 등의 부분품을 구성하는 브러시를 포함한다)ㆍ모터를 갖추지 않은 기계식 바닥청소기(수동식으로 한정한다)ㆍ모프(mop)ㆍ깃 먼지털이, 비나 브러시의 제조용으로 묶었거나 술(tuft)의 모양으로 정돈한 물품, 페인트용 패드ㆍ롤러ㆍ스퀴지(squeegee)[롤러스퀴지(roller squeegee)는 제외한다]",,0,
9603100000,80,2,"비와 브러시(작은 가지나 그 밖의 식물성 재료를 단순히 묶은 것으로 한정하며, 자루를 갖춘 것인지에 상관없다)",U,1,2013-01-01
96032,80,2,칫솔ㆍ면도용 브러시ㆍ헤어 브러시ㆍ네일 브러시ㆍ아이래쉬(eyelash) 브러시와 그 밖의 인체용인 화장용 브러시(화장기구의 일부를 구성하는 브러시를 포함한다),,0,
9603210000,80,3,칫솔[덴탈플레이트(dental-plate) 브러시를 포함한다],U,1,2013-01-01
9603290000,80,3,기타,U,1,2002-01-01
9603300000,80,2,회화용 붓ㆍ필기용 붓과 이와 유사한 화장용 붓,U,1,2022-01-01
9603400000,80,2,"페인트용ㆍ디스템퍼(distemper)용ㆍ바니시(varnish)용이나 이와 유사한 용도의 브러시(소호 제9603.30호의 브러시는 제외한다), 페인트용 패드와 롤러",U,1,2017-01-01
9603500000,80,2,그 밖의 브러시(기계ㆍ기구ㆍ차량 등의 부분품을 구성하는 것으로 한정한다),U,1,2013-01-01
9603900000,80,2,기타,U,1,2002-01-01
9604,80,1,수동식 체와 어레미,,0,
9604000000,80,2,수동식 체와 어레미,U,1,2013-01-01
9605,80,1,개인용 여행세트(화장용ㆍ바느질용ㆍ신발이나 의류 청소용으로 한정한다),,0,
9605000000,80,2,개인용 여행세트(화장용ㆍ바느질용ㆍ신발이나 의류 청소용으로 한정한다),U,1,2013-01-01
9606,80,1,"단추ㆍ프레스파스너(press-fastener)ㆍ스냅파스너(snap-fastener)ㆍ프레스스터드(press-stud)ㆍ단추의 몰드(mould)와 이들의 부분품, 단추 블랭크(blank)",,0,
9606100000,80,2,프레스파스너(press-fastener)ㆍ스냅파스너(snap-fastener)ㆍ프레스스터드(press-stud)와 이들의 부분품,,1,2017-01-01
96062,80,2,단추,,0,
9606210000,80,3,플라스틱으로 만든 것으로서 방직용 섬유재료로 피복되어 있지 않은 것,,1,2013-01-01
9606220000,80,3,비금속(卑金屬)으로 만든 것으로서 방직용 섬유재료로 피복되어 있지 않은 것,,1,2013-01-01
960629,80,3,기타,,0,
9606291000,80,4,조개껍질로 만든 것,,1,2013-01-01
9606299000,80,4,기타,,1,2002-01-01
9606300000,80,2,"단추의 몰드(mould)와 단추의 부분품, 단추 블랭크(blank)",,1,2013-01-01
9607,80,1,슬라이드파스너(slide fastener)와 그 부분품,,0,
96071,80,2,슬라이드파스너(slide fastener),,0,
9607110000,80,3,체인스쿠프(chain scoop)를 비금속(卑金屬)으로 만든 것,U,1,2013-01-01
960719,80,3,기타,,0,
9607191000,80,4,플라스틱으로 만든 것,U,1,2013-01-01
9607199000,80,4,기타,U,1,2002-01-01
960720,80,2,부분품,,0,
9607201000,80,3,비금속(卑金屬)으로 만든 것,,1,2013-01-01
9607202000,80,3,플라스틱으로 만든 것,,1,2013-01-01
9607209000,80,3,기타,,1,2002-01-01
9608,80,1,"볼펜, 팁(tip)이 펠트로 된 것과 그 밖의 포러스팁(porous-tip)으로 된 펜과 마커, 만년필ㆍ철필(鐵筆)형 만년필(stylograph pen)과 그 밖의 펜, 복사용 철필(鐵筆), 프로펠링펜슬(propelling pencil)이나 슬라이딩펜슬(sliding pencil), 펜홀더ㆍ펜슬홀더와 이와 유사한 홀더, 이들의 부분품[캡과 클립(clip)을 포함하며 제9609호의 것은 제외한다]",,0,
9608100000,80,2,볼펜,U,1,2002-01-01
9608200000,80,2,팁(tip)이 펠트로 된 것과 그 밖의 포러스팁(porous-tip)으로 된 펜과 마커,U,1,2013-01-01
960830,80,2,만년필ㆍ철필(鐵筆)형 만년필(stylograph pen)과 그 밖의 펜,,0,
9608301000,80,3,만년필,U,1,2012-01-01
9608309000,80,3,기타,U,1,2012-01-01
9608400000,80,2,프로펠링펜슬(propelling pencil)이나 슬라이딩펜슬(sliding pencil),U,1,2022-01-01
9608500000,80,2,위 소호들의 물품이 두 개 이상으로 세트를 이루는 것,U,1,2002-01-01
9608600000,80,2,볼펜용 심(볼포인트와 잉크 저장기가 있는 것으로 한정한다),U,1,2013-01-01
96089,80,2,기타,,0,
960891,80,3,펜촉과 닙포인트(nib point),,0,
9608911000,80,4,펜촉,U,1,2002-01-01
9608912000,80,4,닙 포인트(nib point),U,1,2013-01-01
960899,80,3,기타,,0,
9608991000,80,4,부분품,,1,2002-01-01
9608999000,80,4,기타,,1,2002-01-01
9609,80,1,연필(제9608호의 펜슬은 제외한다)ㆍ크레용ㆍ연필심ㆍ파스텔ㆍ도화용 목탄ㆍ필기용이나 도화용 초크와 재단사용 초크,,0,
960910,80,2,연필과 크레용(집 속에 심을 넣은 것으로 한정한다),,0,
9609101000,80,3,연필,,1,2002-01-01
9609102000,80,3,색연필,,1,2002-01-01
9609103000,80,3,크레용,,1,2002-01-01
9609200000,80,2,연필심(검은색이나 색깔이 있는 것으로 한정한다),,1,2013-01-01
960990,80,2,기타,,0,
9609901000,80,3,크레용ㆍ오일파스텔,,1,2013-01-01
9609902000,80,3,파스텔,,1,2002-01-01
9609903000,80,3,초크,,1,2022-01-01
9609909000,80,3,기타,,1,2002-01-01
9610,80,1,"석판과 보드(필기용이나 도화용 면을 갖춘 것으로 한정하며, 틀이 있는지에 상관없다)",,0,
9610000000,80,2,"석판과 보드(필기용이나 도화용 면을 갖춘 것으로 한정하며, 틀이 있는지에 상관없다)",,1,2022-01-01
9611,80,1,"날짜 도장ㆍ봉합용 스탬프ㆍ넘버링스탬프(numbering stamp)와 이와 유사한 물품[레이블(label)에 날인하거나 양각하는 기구를 포함하며, 수동식으로 한정한다], 수동식 조판용 스틱과 조판용 스틱을 결합한 수동식 인쇄용 세트",,0,
961100,80,2,"날짜 도장ㆍ봉합용 스탬프ㆍ넘버링스탬프(numbering stamp)와 이와 유사한 물품[레이블(label)에 날인하거나 양각하는 기구를 포함하며, 수동식으로 한정한다], 수동식 조판용 스틱과 조판용 스틱을 결합한 수동식 인쇄용 세트",,0,
9611001000,80,3,스탬프,,1,2002-01-01
9611009000,80,3,기타,,1,2002-01-01
9612,80,1,"타자기용 리본이나 이와 유사한 리본(잉크가 침투되어 있거나 인쇄에 사용할 수 있는 상태인 것을 포함하며, 스풀에 감긴 것이거나 카트리지 모양인지에 상관없다)과 잉크 패드(잉크가 침투되어 있는지 또는 상자들이의 것인지에 상관없다)",,0,
961210,80,2,리본,,0,
9612102000,80,3,자동자료처리기계용,U,1,2013-01-01
9612109000,80,3,기타,U,1,2002-01-01
9612200000,80,2,잉크 패드,U,1,2002-01-01
9613,80,1,담배 라이터와 그 밖의 라이터(기계식이나 전기식인지에 상관없다)와 이들의 부분품(라이터 돌과 심지는 제외한다),,0,
9613100000,80,2,포켓형 라이터(가스 주입식으로 다시 채울 수 없는 것으로 한정한다),U,1,2013-01-01
9613200000,80,2,포켓형 라이터(가스 주입식으로 다시 채울 수 있는 것으로 한정한다),U,1,2015-01-01
9613800000,80,2,그 밖의 라이터,U,1,2013-01-01
9613900000,80,2,부분품,,1,2022-01-01
9614,80,1,"흡연용 파이프[파이프 볼(pipe bowl)을 포함한다]ㆍ시가홀더ㆍ시가렛홀더, 이들의 부분품",,0,
9614000000,80,2,"흡연용 파이프[파이프 볼(pipe bowl)을 포함한다]ㆍ시가홀더ㆍ시가렛홀더, 이들의 부분품",U,1,2022-01-01
9615,80,1,빗ㆍ헤어슬라이드(hair-slide)와 이와 유사한 물품ㆍ머리핀ㆍ컬링핀(curling pin)ㆍ컬링그립(curling grip)ㆍ헤어컬러(hair curler)와 이와 유사한 물품(제8516호에 해당하는 물품은 제외한다)과 이들의 부분품,,0,
96151,80,2,빗ㆍ헤어슬라이드(hair-slide)와 이와 유사한 물품,,0,
961511,80,3,경화 고무나 플라스틱으로 만든 것,,0,
9615111000,80,4,빗,,1,2002-01-01
9615119000,80,4,기타,,1,2002-01-01
961519,80,3,기타,,0,
9615191000,80,4,빗,,1,2002-01-01
9615199000,80,4,기타,,1,2002-01-01
961590,80,2,기타,,0,
9615901000,80,3,머리핀,,1,2002-01-01
9615909000,80,3,기타,,1,2002-01-01
9616,80,1,"향수용 분무기와 이와 유사한 화장용 분무기, 이들의 마운트(mount)와 두부(頭部), 화장용 분첩과 패드",,0,
9616100000,80,2,"향수용 분무기와 이와 유사한 화장용 분무기, 이들의 마운트(mount)와 두부(頭部)",,1,2013-01-01
9616200000,80,2,화장용 분첩과 패드,,1,2002-01-01
9617,80,1,진공 플라스크와 그 밖의 진공용기(완전한 것으로 한정한다)와 그 부분품(유리로 만든 내부용기는 제외한다),,0,
961700,80,2,진공 플라스크와 그 밖의 진공용기(완전한 것으로 한정한다)와 그 부분품(유리로 만든 내부용기는 제외한다),,0,
9617001000,80,3,진공 플라스크,,1,2022-01-01
9617002000,80,3,보온 도시락,,1,2002-01-01
9617008000,80,3,기타,,1,2002-01-01
9617009000,80,3,부분품,,1,2002-01-01
9618,80,1,"마네킹 인형과 그 밖의 모델형 인형, 자동인형과 그 밖의 쇼윈도 장식용인 움직이는 전시용품",,0,
961800,80,2,"마네킹 인형과 그 밖의 모델형 인형, 자동인형과 그 밖의 쇼윈도 장식용인 움직이는 전시용품",,0,
9618001000,80,3,마네킹 인형,,1,2022-01-01
9618009000,80,3,기타,,1,2002-01-01
9619,80,1,"위생 타월(패드)ㆍ탐폰(tampon), 냅킨(기저귀)ㆍ냅킨라이너(napkin liner)와 이와 유사한 물품(어떤 재질이라도 가능하다)",,0,
961900,80,2,"위생 타월(패드)ㆍ탐폰(tampon), 냅킨(기저귀)ㆍ냅킨라이너(napkin liner)와 이와 유사한 물품(어떤 재질이라도 가능하다)",,0,
96190010,80,3,제지용 펄프ㆍ종이ㆍ셀룰로오스워딩(cellulose wadding)ㆍ셀룰로오스섬유의 웹(web)으로 만든 것,,0,
9619001010,80,4,냅킨(기저귀)과 냅킨라이너(napkin liner),,1,2022-01-01
9619001090,80,4,기타,,1,2012-01-01
9619002000,80,3,방직용 섬유재료의 워딩(wadding)으로 만든 것,,1,2013-01-01
96190030,80,3,그 밖의 방직용 섬유재료로 만든 것,,0,
9619003010,80,4,"소호 제6108.21호, 제6108.22호, 제6108.29호, 제6111.20호, 제6111.30호, 제6111.90호, 제6209.20호, 제6209.30호, 제6209.90호, 제6210.50호의 것",,1,2022-01-01
9619003020,80,4,"제6113호, 제6208.91호, 제6208.92호, 제6208.99호의 것",,1,2013-01-01
9619004000,80,3,제품으로 된 방직용 섬유재료의 그 밖의 물품(제63류 주 제2호 각 목의 것은 제외한다),,1,2022-01-01
96190090,80,3,기타,,0,
9619009010,80,4,유아용 냅킨과 냅킨라이너(napkin liner),,1,2017-01-01
9619009090,80,4,기타,,1,2017-01-01
9620,80,1,일각대ㆍ양각대ㆍ삼각대와 이와 유사한 물품,,0,
9620000000,80,2,일각대ㆍ양각대ㆍ삼각대와 이와 유사한 물품,U,1,2017-01-01
97,80,0,제97류 예술품ㆍ수집품ㆍ골동품,,0,
9701,80,1,"회화ㆍ데생ㆍ파스텔(손으로 직접 그린 것으로 한정하며, 제4906호의 도안과 손으로 그렸거나 장식한 가공품은 제외한다), 콜라주(collage)ㆍ모자이크와 이와 유사한 장식판",,0,
97012,80,2,제작 후 100년을 초과한 것,,0,
970121,80,3,회화ㆍ데생ㆍ파스텔,,0,
9701211000,80,4,회화,U,1,2022-01-01
9701212000,80,4,데생,U,1,2022-01-01
9701213000,80,4,파스텔,U,1,2022-01-01
9701220000,80,3,모자이크,U,1,2022-01-01
9701290000,80,3,기타,,1,2022-01-01
97019,80,2,기타,,0,
970191,80,3,회화ㆍ데생ㆍ파스텔,,0,
9701911000,80,4,회화,U,1,2022-01-01
9701912000,80,4,데생,U,1,2022-01-01
9701913000,80,4,파스텔,U,1,2022-01-01
9701920000,80,3,모자이크,U,1,2022-01-01
9701990000,80,3,기타,,1,2022-01-01
9702,80,1,오리지널 동판화ㆍ목판화ㆍ석판화,,0,
970210,80,2,제작 후 100년을 초과한 것,,0,
9702101000,80,3,동판화,U,1,2022-01-01
9702102000,80,3,목판화,U,1,2022-01-01
9702103000,80,3,석판화,U,1,2022-01-01
970290,80,2,기타,,0,
9702901000,80,3,동판화,U,1,2022-01-01
9702902000,80,3,목판화,U,1,2022-01-01
9702903000,80,3,석판화,U,1,2022-01-01
9703,80,1,오리지널 조각과 조상(彫像)(어떤 재료라도 가능하다),,0,
970310,80,2,제작 후 100년을 초과한 것,,0,
9703101000,80,3,조각,U,1,2022-01-01
9703102000,80,3,조상(彫像),U,1,2022-01-01
970390,80,2,기타,,0,
9703901000,80,3,조각,U,1,2022-01-01
9703902000,80,3,조상(彫像),U,1,2022-01-01
9704,80,1,우표ㆍ수입인지ㆍ우편요금 별납증서ㆍ초일(初日)봉투ㆍ우편엽서류와 이와 유사한 것(이미 사용한 것이나 제4907호의 것은 제외한 사용하지 않은 것을 포함한다),,0,
9704000000,80,2,우표ㆍ수입인지ㆍ우편요금 별납증서ㆍ초일(初日)봉투ㆍ우편엽서류와 이와 유사한 것(이미 사용한 것이나 제4907호의 것은 제외한 사용하지 않은 것을 포함한다),,1,2022-01-01
9705,80,1,수집품과 표본[고고학ㆍ민족학ㆍ사학ㆍ동물학ㆍ식물학ㆍ광물학ㆍ해부학ㆍ고생물학ㆍ고전학(古錢學)에 관한 것으로 한정한다],,0,
9705100000,80,2,수집품과 표본(고고학ㆍ민족학ㆍ사학에 관한 것으로 한정한다),,1,2022-01-01
97052,80,2,수집품과 표본(동물학ㆍ식물학ㆍ광물학ㆍ해부학ㆍ고생물학에 관한 것으로 한정한다),,0,
9705210000,80,3,사람 표본과 그 일부분,,1,2022-01-01
9705220000,80,3,멸종하였거나 멸종위기에 있는 종의 것이나 그 일부분,,1,2022-01-01
9705290000,80,3,기타,,1,2022-01-01
97053,80,2,수집품과 표본[고전학(古錢學)에 관한 것으로 한정한다],,0,
9705310000,80,3,제작 후 100년을 초과한 것,,1,2022-01-01
9705390000,80,3,기타,,1,2022-01-01
9706,80,1,골동품(제작 후 100년을 초과한 것으로 한정한다),,0,
970610,80,2,제작 후 250년을 초과한 것,,0,
9706101000,80,3,도자기류,,1,2022-01-01
9706102000,80,3,악기류,,1,2022-01-01
9706103000,80,3,기타,,1,2022-01-01
970690,80,2,기타,,0,
9706901000,80,3,도자기류,,1,2022-01-01
9706902000,80,3,악기류,,1,2022-01-01
9706903000,80,3,기타,,1,2022-01-01
