revision,effective_date,policy_effective_date,tpc_date,policy_event,tpc_policy_revision,needs_review,policy_family,usitc_archive_page_url,modification_source_titles,modification_source_citations,federal_register_or_source_links,source_commentary
2019_basic,2019-02-21,NA,NA,2019 basic (mature 2018 tariffs baked in: §232 steel 25%/alu 10%; §301 China Lists 1-4; §201),NA,NA,agoa_and_section_301_china_or_dst_and_statistical_or_technical,https://www.usitc.gov/harmonized_tariff_information/hts/archive/list?page=5,"To Take Certain Actions Under the African Growth and Opportunity Act and For Other Purposes | Notice of Product Exclusions: China's Acts, Policies, and Practices Related to Technology Transfer, Intellectual Property, and Innovation | Changes approved by the Committee for Statistical Annotation of Tariff Schedules under section 484(f), Tariff Act of 1930",84 Fed. Reg. 35 | 83 Fed. Reg. 67463 | 484(f),https://www.federalregister.gov/documents/2019/01/07/2019-00013/to-take-certain-actions-under-the-african-growth-and-opportunity-act-and-for-other-purposes | https://www.federalregister.gov/documents/2018/12/28/2018-28277/notice-of-product-exclusions-chinas-acts-policies-and-practices-related-to-technology-transfer | https://www.usitc.gov/harmonized_tariff_information/484_f_committee_changes,"REVIEW: Archive-driven from USITC HTS archive Modification Source(s). Use links to validate legal authority, effective dates, and Chapter 99 text."
2019_rev_1,2019-03-25,NA,NA,"Notice of Product Exclusions: China's Acts, Policies, and Practices Related to Technology Transfer, Intellectual Property, and Innovation (84 Fed. Reg. 11152)",NA,NA,section_301_china_or_dst,https://www.usitc.gov/harmonized_tariff_information/hts/archive/list?page=5,"Notice of Product Exclusions: China's Acts, Policies, and Practices Related to Technology Transfer, Intellectual Property, and Innovation",84 Fed. Reg. 11152,https://www.federalregister.gov/documents/search?conditions%5Bterm%5D=Notice%20of%20Product%20Exclusions%3A%20China%27s%20Acts%2C%20Policies%2C%20and%20Practices%20Related%20to%20Technology%20Transfer%2C%20Intellectual%20Property%2C%20and%20Innovation%2084%20Fed.%20Reg.%2011152,"Archive-driven from USITC HTS archive Modification Source(s). Use links to validate legal authority, effective dates, and Chapter 99 text."
2019_rev_2,2019-03-28,NA,NA,Effective Date of Modifications to Rules of Origin of the United States-Morocco Free Trade Agreement (84 Fed. Reg. 10883),NA,NA,other_hts_policy,https://www.usitc.gov/harmonized_tariff_information/hts/archive/list?page=5,Effective Date of Modifications to Rules of Origin of the United States-Morocco Free Trade Agreement,84 Fed. Reg. 10883,https://www.federalregister.gov/documents/2019/03/22/2019-05551/effective-date-of-modifications-to-rules-of-origin-of-the-united-states-morocco-free-trade-agreement,"Archive-driven from USITC HTS archive Modification Source(s). Use links to validate legal authority, effective dates, and Chapter 99 text."
2019_rev_3,2019-04-18,NA,NA,"Notice of Product Exclusions: China's Acts, Policies, and Practices Related to Technology Transfer, Intellectual Property, and Innovation (84 Fed. Reg. 16310)",NA,NA,section_301_china_or_dst,https://www.usitc.gov/harmonized_tariff_information/hts/archive/list?page=5,"Notice of Product Exclusions: China's Acts, Policies, and Practices Related to Technology Transfer, Intellectual Property, and Innovation",84 Fed. Reg. 16310,https://www.federalregister.gov/documents/2019/04/18/2019-07758/notice-of-product-exclusions-chinas-acts-policies-and-practices-related-to-technology-transfer,"Archive-driven from USITC HTS archive Modification Source(s). Use links to validate legal authority, effective dates, and Chapter 99 text."
2019_rev_4,2019-05-09,NA,NA,"Notice of Modification of Section 301 Action: China's Acts, Policies, and Practices Related to Technology Transfer, Intellectual Property, and Innovation (84 Fed. Reg. 20459)",NA,NA,section_301_china_or_dst,https://www.usitc.gov/harmonized_tariff_information/hts/archive/list?page=5,"Notice of Modification of Section 301 Action: China's Acts, Policies, and Practices Related to Technology Transfer, Intellectual Property, and Innovation",84 Fed. Reg. 20459,https://www.federalregister.gov/documents/2019/05/09/2019-09681/notice-of-modification-of-section-301-action-chinas-acts-policies-and-practices-related-to,"Archive-driven from USITC HTS archive Modification Source(s). Use links to validate legal authority, effective dates, and Chapter 99 text."
2019_rev_5,2019-05-15,NA,NA,"Notice of Product Exclusions: China's Acts, Policies, and Practices Related to Technology Transfer, Intellectual Property, and Innovation (84 Fed. Reg. 21389); Implementing Modification to Section 301 Action: China's Acts, Policies, and Practices Related to Technology Transfer, Intellectual Property, and Innovation (84 Fed. Reg. 21892)",NA,NA,section_301_china_or_dst,https://www.usitc.gov/harmonized_tariff_information/hts/archive/list?page=5,"Notice of Product Exclusions: China's Acts, Policies, and Practices Related to Technology Transfer, Intellectual Property, and Innovation | Implementing Modification to Section 301 Action: China's Acts, Policies, and Practices Related to Technology Transfer, Intellectual Property, and Innovation",84 Fed. Reg. 21389 | 84 Fed. Reg. 21892,https://www.federalregister.gov/documents/2019/05/14/2019-09872/notice-of-product-exclusions-chinas-acts-policies-and-practices-related-to-technology-transfer | https://www.federalregister.gov/documents/2019/05/15/2019-09990/implementing-modification-to-section-301-action-chinas-acts-policies-and-practices-related-to,"Archive-driven from USITC HTS archive Modification Source(s). Use links to validate legal authority, effective dates, and Chapter 99 text."
2019_rev_6,2019-05-20,NA,NA,Adjusting Imports of Steel into the United States (84 Fed. Reg. 23421); To Modify The List of Beneficiary Developing Countries Under The Trade Act Of 1974 (84 Fed. Reg. 23425); Adjusting Imports of Steel into the United States (84 Fed. Reg. 23987); Adjusting Imports of Aluminum into the United States (84 Fed. Reg. 23983),NA,NA,other_hts_policy_and_section_232_aluminum_and_section_232_steel,https://www.usitc.gov/harmonized_tariff_information/hts/archive/list?page=5,Adjusting Imports of Steel into the United States | To Modify The List of Beneficiary Developing Countries Under The Trade Act Of 1974 | Adjusting Imports of Steel into the United States | Adjusting Imports of Aluminum into the United States,84 Fed. Reg. 23421 | 84 Fed. Reg. 23425 | 84 Fed. Reg. 23987 | 84 Fed. Reg. 23983,https://www.federalregister.gov/documents/2019/05/21/2019-10759/adjusting-imports-of-steel-into-the-united-states | https://www.federalregister.gov/documents/2019/05/21/2019-10761/to-modify-the-list-of-beneficiary-developing-countries-under-the-trade-act-of-1974 | https://www.federalregister.gov/documents/2019/05/23/2019-11002/adjusting-imports-of-steel-into-the-united-states | https://www.federalregister.gov/documents/2019/05/23/2019-10999/adjusting-imports-of-aluminum-into-the-united-states,"Archive-driven from USITC HTS archive Modification Source(s). Use links to validate legal authority, effective dates, and Chapter 99 text."
2019_rev_7,2019-06-13,NA,NA,"Notice of Product Exclusions: China's Acts, Policies, and Practices Related to Technology Transfer, Intellectual Property, and Innovation (84 Fed. Reg. 25895); Additional Implementing Modification to Section 301 Action: China's Acts, Policies, and Practices Related to Technology Transfer, Intellectual Property, and Innovation (84 Fed. Reg. 26930); Exclusion of Particular Products From the Solar Products Safeguard Measure (84 Fed. Reg. 27684); To Modify the List of Beneficiary Developing Countries Under the Trade Act of 1974 (84 Fed. Reg. 26323)",NA,NA,other_hts_policy_and_section_201_safeguard_and_section_301_china_or_dst,https://www.usitc.gov/harmonized_tariff_information/hts/archive/list?page=5,"Notice of Product Exclusions: China's Acts, Policies, and Practices Related to Technology Transfer, Intellectual Property, and Innovation | Additional Implementing Modification to Section 301 Action: China's Acts, Policies, and Practices Related to Technology Transfer, Intellectual Property, and Innovation | Exclusion of Particular Products From the Solar Products Safeguard Measure | To Modify the List of Beneficiary Developing Countries Under the Trade Act of 1974",84 Fed. Reg. 25895 | 84 Fed. Reg. 26930 | 84 Fed. Reg. 27684 | 84 Fed. Reg. 26323,https://www.federalregister.gov/documents/2019/06/04/2019-11573/notice-of-product-exclusions-chinas-acts-policies-and-practices-related-to-technology-transfer | https://www.federalregister.gov/documents/2019/06/10/2019-12104/additional-implementing-modification-to-section-301-action-chinas-acts-policies-and-practices | https://www.federalregister.gov/documents/2019/06/13/2019-12476/exclusion-of-particular-products-from-the-solar-products-safeguard-measure | https://www.federalregister.gov/documents/2019/03/22/2019-05551/effective-date-of-modifications-to-rules-of-origin-of-the-united-states-morocco-free-trade-agreement,"Archive-driven from USITC HTS archive Modification Source(s). Use links to validate legal authority, effective dates, and Chapter 99 text."
2019_rev_8,2019-07-01,NA,NA,"To Implement the World Trade Organization Declaration on the Expansion of Trade in Information Technology Products and For Other Purposes (81 Fed. Reg. 44129); Changes approved by the Committee for Statistical Annotation of Tariff Schedules under section 484(f), Tariff Act of 1930 (484(f))",NA,NA,other_hts_policy_and_statistical_or_technical,https://www.usitc.gov/harmonized_tariff_information/hts/archive/list?page=5,"To Implement the World Trade Organization Declaration on the Expansion of Trade in Information Technology Products and For Other Purposes | Changes approved by the Committee for Statistical Annotation of Tariff Schedules under section 484(f), Tariff Act of 1930",81 Fed. Reg. 44129 | 484(f),https://www.federalregister.gov/documents/2016/07/06/2016-16174/to-implement-the-world-trade-organization-declaration-on-the-expansion-of-trade-in-information | https://www.usitc.gov/harmonized_tariff_information/484_f_committee_changes,"REVIEW: Archive-driven from USITC HTS archive Modification Source(s). Use links to validate legal authority, effective dates, and Chapter 99 text."
2019_rev_9,2019-07-09,NA,NA,"Notice of Product Exclusions: China's Acts, Policies, and Practices Related to Technology Transfer, Intellectual Property, and Innovation (84 Fed. Reg. 32821)",NA,NA,section_301_china_or_dst,https://www.usitc.gov/harmonized_tariff_information/hts/archive/list?page=5,"Notice of Product Exclusions: China's Acts, Policies, and Practices Related to Technology Transfer, Intellectual Property, and Innovation",84 Fed. Reg. 32821,https://www.federalregister.gov/documents/2019/07/09/2019-14562/notice-of-product-exclusions-chinas-acts-policies-and-practices-related-to-technology-transfer,"Archive-driven from USITC HTS archive Modification Source(s). Use links to validate legal authority, effective dates, and Chapter 99 text."
2019_rev_10,2019-07-31,NA,NA,"Notice of Product Exclusions: China's Acts, Policies, and Practices Related to Technology Transfer, Intellectual Property, and Innovation (84 Fed. Reg. 37381)",NA,NA,section_301_china_or_dst,https://www.usitc.gov/harmonized_tariff_information/hts/archive/list?page=5,"Notice of Product Exclusions: China's Acts, Policies, and Practices Related to Technology Transfer, Intellectual Property, and Innovation",84 Fed. Reg. 37381,https://www.federalregister.gov/documents/2019/07/31/2019-16256/notice-of-product-exclusions-chinas-acts-policies-and-practices-related-to-technology-transfer,"Archive-driven from USITC HTS archive Modification Source(s). Use links to validate legal authority, effective dates, and Chapter 99 text."
2019_rev_11,2019-08-07,NA,NA,"Notice of Product Exclusions: China's Acts, Policies, and Practices Related to Technology Transfer, Intellectual Property, and Innovation (84 Fed. Reg. 38717)",NA,NA,section_301_china_or_dst,https://www.usitc.gov/harmonized_tariff_information/hts/archive/list?page=5,"Notice of Product Exclusions: China's Acts, Policies, and Practices Related to Technology Transfer, Intellectual Property, and Innovation",84 Fed. Reg. 38717,https://www.federalregister.gov/documents/2019/08/07/2019-16886/notice-of-product-exclusions-chinas-acts-policies-and-practices-related-to-technology-transfer,"Archive-driven from USITC HTS archive Modification Source(s). Use links to validate legal authority, effective dates, and Chapter 99 text."
2019_rev_12,2019-08-30,NA,NA,"Notice of Modification of Section 301 Action: China's Acts, Policies, and Practices Related to Technology Transfer, Intellectual Property, and Innovation (84 Fed. Reg. 43304); Notice of Modification of Section 301 Action: China's Acts, Policies, and Practices Related to Technology Transfer, Intellectual Property, and Innovation (84 Fed. Reg. 45821)",NA,NA,section_301_china_or_dst,https://www.usitc.gov/harmonized_tariff_information/hts/archive/list?page=5,"Notice of Modification of Section 301 Action: China's Acts, Policies, and Practices Related to Technology Transfer, Intellectual Property, and Innovation | Notice of Modification of Section 301 Action: China's Acts, Policies, and Practices Related to Technology Transfer, Intellectual Property, and Innovation",84 Fed. Reg. 43304 | 84 Fed. Reg. 45821,https://www.federalregister.gov/documents/2019/08/20/2019-17865/notice-of-modification-of-section-301-action-chinas-acts-policies-and-practices-related-to | https://www.federalregister.gov/documents/2019/08/30/2019-18838/notice-of-modification-of-section-301-action-chinas-acts-policies-and-practices-related-to,"Archive-driven from USITC HTS archive Modification Source(s). Use links to validate legal authority, effective dates, and Chapter 99 text."
2019_rev_13,2019-10-07,NA,NA,"Notice of Product Exclusions: China's Acts, Policies, and Practices Related to Technology Transfer, Intellectual Property, and Innovation (84 Fed. Reg. 49564); Notice of Product Exclusions: China's Acts, Policies, and Practices Related to Technology Transfer, Intellectual Property, and Innovation (84 Fed. Reg. 49600); Notice of Product Exclusions, Amendment to the Exclusion Process, and Technical Amendments: China's Acts, Policies, and Practices Related to Technology Transfer, Intellectual Property, and Innovation (84 Fed. Reg. 49591); Notice of Product Exclusions, Amendment to the Exclusion Process, and Technical Amendments: China's Acts, Policies, and Practices Related to Technology Transfer, Intellectual Property, and Innovation (84 Fed. Reg. 52567); Notice of Product Exclusions: China's Acts, Policies, and Practices Related to Technology Transfer, Intellectual Property, and Innovation (84 Fed. Reg. 52553)",NA,NA,section_301_china_or_dst,https://www.usitc.gov/harmonized_tariff_information/hts/archive/list?page=5,"Notice of Product Exclusions: China's Acts, Policies, and Practices Related to Technology Transfer, Intellectual Property, and Innovation | Notice of Product Exclusions: China's Acts, Policies, and Practices Related to Technology Transfer, Intellectual Property, and Innovation | Notice of Product Exclusions, Amendment to the Exclusion Process, and Technical Amendments: China's Acts, Policies, and Practices Related to Technology Transfer, Intellectual Property, and Innovation | Notice of Product Exclusions, Amendment to the Exclusion Process, and Technical Amendments: China's Acts, Policies, and Practices Related to Technology Transfer, Intellectual Property, and Innovation | Notice of Product Exclusions: China's Acts, Policies, and Practices Related to Technology Transfer, Intellectual Property, and Innovation",84 Fed. Reg. 49564 | 84 Fed. Reg. 49600 | 84 Fed. Reg. 49591 | 84 Fed. Reg. 52567 | 84 Fed. Reg. 52553,https://www.federalregister.gov/documents/2019/09/20/2019-20441/notice-of-product-exclusions-chinas-acts-policies-and-practices-related-to-technology-transfer | https://www.federalregister.gov/documents/2019/09/20/2019-20442/notice-of-product-exclusions-amendment-to-the-exclusion-process-and-technical-amendments-chinas-acts | https://www.federalregister.gov/documents/2019/09/20/2019-20442/notice-of-product-exclusions-amendment-to-the-exclusion-process-and-technical-amendments-chinas-acts | https://www.federalregister.gov/documents/2019/10/02/2019-21420/notice-of-product-exclusions-and-amendments-chinas-acts-policies-and-practices-related-to-technology | https://www.federalregister.gov/documents/2019/10/02/2019-21419/notice-of-product-exclusions-chinas-acts-policies-and-practices-related-to-technology-transfer,"Archive-driven from USITC HTS archive Modification Source(s). Use links to validate legal authority, effective dates, and Chapter 99 text."
2019_rev_14,2019-10-18,NA,NA,Notice of Determination and Action Pursuant to Section 301: Enforcement of U.S. WTO Rights in Large Civil Aircraft Dispute (84 Fed. Reg. 54245); Technical Adjustments to Section 301 Action: Enforcement of U.S. WTO Rights in Large Civil Aircraft Dispute (84 Fed. Reg. 55998),NA,NA,section_301_china_or_dst,https://www.usitc.gov/harmonized_tariff_information/hts/archive/list?page=5,Notice of Determination and Action Pursuant to Section 301: Enforcement of U.S. WTO Rights in Large Civil Aircraft Dispute | Technical Adjustments to Section 301 Action: Enforcement of U.S. WTO Rights in Large Civil Aircraft Dispute,84 Fed. Reg. 54245 | 84 Fed. Reg. 55998,https://www.federalregister.gov/documents/2019/10/09/2019-22056/notice-of-determination-and-action-pursuant-to-section-301-enforcement-of-us-wto-rights-in-large | https://www.federalregister.gov/documents/2019/10/18/2019-22902/technical-adjustments-to-section-301-action-enforcement-of-us-wto-rights-in-large-civil-aircraft,"Archive-driven from USITC HTS archive Modification Source(s). Use links to validate legal authority, effective dates, and Chapter 99 text."
2019_rev_15,2019-10-24,NA,NA,Notice of Withdrawal of Bifacial Solar Panels Exclusion to the Solar Products Safeguard Measure (84 Fed. Reg. 54244),NA,NA,section_201_safeguard,https://www.usitc.gov/harmonized_tariff_information/hts/archive/list?page=5,Notice of Withdrawal of Bifacial Solar Panels Exclusion to the Solar Products Safeguard Measure,84 Fed. Reg. 54244,https://www.federalregister.gov/documents/2019/10/09/2019-22074/withdrawal-of-bifacial-solar-panels-exclusion-to-the-solar-products-safeguard-measure,"Archive-driven from USITC HTS archive Modification Source(s). Use links to validate legal authority, effective dates, and Chapter 99 text."
2019_rev_16,2019-10-31,NA,NA,"Notice of Product Exclusions: China's Acts, Policies, and Practices Related to Technology Transfer, Intellectual Property, and Innovation (84 Fed. Reg. 57803); To Modify Duty-Free Treatment Under the Generalized System of Preferences and For Other Purposes (84 Fed. Reg. 58567)",NA,NA,gsp_and_section_301_china_or_dst,https://www.usitc.gov/harmonized_tariff_information/hts/archive/list?page=5,"Notice of Product Exclusions: China's Acts, Policies, and Practices Related to Technology Transfer, Intellectual Property, and Innovation | To Modify Duty-Free Treatment Under the Generalized System of Preferences and For Other Purposes",84 Fed. Reg. 57803 | 84 Fed. Reg. 58567,https://www.federalregister.gov/documents/2019/10/28/2019-23441/notice-of-product-exclusions-chinas-acts-policies-and-practices-related-to-technology-transfer | https://www.federalregister.gov/documents/2019/10/31/2019-24008/to-modify-duty-free-treatment-under-the-generalized-system-of-preferences-and-for-other-purposes,"Archive-driven from USITC HTS archive Modification Source(s). Use links to validate legal authority, effective dates, and Chapter 99 text."
2019_rev_17,2019-11-20,NA,NA,"Notice of Product Exclusions: China's Acts, Policies, and Practices Related to Technology Transfer, Intellectual Property, and Innovation (84 Fed. Reg. 61674)",NA,NA,section_301_china_or_dst,https://www.usitc.gov/harmonized_tariff_information/hts/archive/list?page=5,"Notice of Product Exclusions: China's Acts, Policies, and Practices Related to Technology Transfer, Intellectual Property, and Innovation",84 Fed. Reg. 61674,https://www.federalregister.gov/documents/2019/11/13/2019-24623/notice-of-product-exclusions-chinas-acts-policies-and-practices-related-to-technology-transfer,"Archive-driven from USITC HTS archive Modification Source(s). Use links to validate legal authority, effective dates, and Chapter 99 text."
2019_rev_18,2019-11-29,NA,NA,To Modify Duty-Free Treatment Under the Generalized System of Preferences and For Other Purposes (84 Fed. Reg. 58567),NA,NA,gsp,https://www.usitc.gov/harmonized_tariff_information/hts/archive/list?page=5,To Modify Duty-Free Treatment Under the Generalized System of Preferences and For Other Purposes,84 Fed. Reg. 58567,https://www.federalregister.gov/documents/2019/10/31/2019-24008/to-modify-duty-free-treatment-under-the-generalized-system-of-preferences-and-for-other-purposes,"Archive-driven from USITC HTS archive Modification Source(s). Use links to validate legal authority, effective dates, and Chapter 99 text."
2019_rev_19,2019-12-05,NA,NA,"Notice of Product Exclusions: China's Acts, Policies, and Practices Related to Technology Transfer, Intellectual Property, and Innovation (84 Fed. Reg. 65882)",NA,NA,section_301_china_or_dst,https://www.usitc.gov/harmonized_tariff_information/hts/archive/list?page=5,"Notice of Product Exclusions: China's Acts, Policies, and Practices Related to Technology Transfer, Intellectual Property, and Innovation",84 Fed. Reg. 65882,https://www.federalregister.gov/documents/2019/11/29/2019-25820/notice-of-product-exclusions-chinas-acts-policies-and-practices-related-to-technology-transfer,"Archive-driven from USITC HTS archive Modification Source(s). Use links to validate legal authority, effective dates, and Chapter 99 text."
2019_rev_20,2019-12-16,NA,NA,"Notice of Modification of Section 301 Actions: China's Acts, Policies, and Practices Related to Technology Transfer, Intellectual Property, and Innovation (84 Fed. Reg. 69447); Notice of Modification of Section 301 Action: China's Acts, Policies, and Practices Related to Technology Transfer, Intellectual Property, and Innovation (84 Fed. Reg. 43304); Notice of Modification of Section 301 Action: China's Acts, Policies, and Practices Related to Technology Transfer, Intellectual Property, and Innovation (84 Fed. Reg. 45821)",NA,NA,section_301_china_or_dst,https://www.usitc.gov/harmonized_tariff_information/hts/archive/list?page=5,"Notice of Modification of Section 301 Actions: China's Acts, Policies, and Practices Related to Technology Transfer, Intellectual Property, and Innovation | Notice of Modification of Section 301 Action: China's Acts, Policies, and Practices Related to Technology Transfer, Intellectual Property, and Innovation | Notice of Modification of Section 301 Action: China's Acts, Policies, and Practices Related to Technology Transfer, Intellectual Property, and Innovation",84 Fed. Reg. 69447 | 84 Fed. Reg. 43304 | 84 Fed. Reg. 45821,https://www.federalregister.gov/documents/2019/12/18/2019-27306/notice-of-modification-of-section-301-action-chinas-acts-policies-and-practices-related-to | https://www.federalregister.gov/documents/2019/08/20/2019-17865/notice-of-modification-of-section-301-action-chinas-acts-policies-and-practices-related-to | https://www.federalregister.gov/documents/2019/08/30/2019-18838/notice-of-modification-of-section-301-action-chinas-acts-policies-and-practices-related-to,"Archive-driven from USITC HTS archive Modification Source(s). Use links to validate legal authority, effective dates, and Chapter 99 text."
2020_basic,2020-01-16,NA,NA,2020 basic edition,NA,NA,agoa_and_section_301_china_or_dst_and_statistical_or_technical,https://www.usitc.gov/harmonized_tariff_information/hts/archive/list?page=5,"To Take Certain Actions Under the African Growth and Opportunity Act and For Other Purposes | Notice of Product Exclusions: China's Acts, Policies, and Practices Related to Technology Transfer, Intellectual Property, and Innovation | Notice of Product Exclusions: China's Acts, Policies, and Practices Related to Technology Transfer, Intellectual Property, and Innovation | Notice of Product Exclusion and Amendments: China's Acts, Policies, and Practices Related to Technology Transfer, Intellectual Property, and Innovation | Notice of Product Exclusion Extensions: China's Acts, Policies, and Practices Related to Technology Transfer, Intellectual Property, and Innovation | Changes approved by the Committee for Statistical Annotation of Tariff Schedules under section 484(f), Tariff Act of 1930",84 Fed. Reg. 72187 | 84 Fed. Reg. 69011 | 84 Fed. Reg. 69012 | 84 Fed. Reg. 69016 | 84 Fed. Reg. 70616 | 484(f),https://www.federalregister.gov/documents/2019/12/30/2019-28285/to-take-certain-actions-under-the-african-growth-and-opportunity-act-and-for-other-purposes | https://www.federalregister.gov/documents/2019/12/17/2019-27072/notice-of-product-exclusions-chinas-acts-policies-and-practices-related-to-technology-transfer | https://www.federalregister.gov/documents/2019/12/17/2019-27072/notice-of-product-exclusions-chinas-acts-policies-and-practices-related-to-technology-transfer | https://www.federalregister.gov/documents/2019/12/17/2019-27075/notice-of-product-exclusions-chinas-acts-policies-and-practices-related-to-technology-transfer | https://www.federalregister.gov/documents/2019/12/23/2019-27611/notice-of-product-exclusion-extensions-chinas-acts-policies-and-practices-related-to-technology | https://www.usitc.gov/harmonized_tariff_information/484_f_committee_changes,"REVIEW: Archive-driven from USITC HTS archive Modification Source(s). Use links to validate legal authority, effective dates, and Chapter 99 text."
2020_rev_1,2020-01-21,NA,NA,No archive source captured for this row in current pass; verify against USITC archive/download history.,NA,NA,archive_lookup_needed,https://www.usitc.gov/harmonized_tariff_information/hts/archive/list?page=4,NA,NA,NA,REVIEW: USITC archive page captured in this pass did not show a clean 2020 Revision 1 row matching the provided Jan. 21 date; verify against archive/download file. It may be an omitted/intermediate revision or naming mismatch.
2020_rev_2,2020-02-06,NA,NA,"To Further Facilitate Positive Adjustment to Competition from Imports of Large Residential Washers (85 Fed. Reg. 5125); Adjusting Imports of Derivative Aluminum Articles and Derivative Steel Articles Into the United States (85 Fed. Reg. 5281); Changes approved by the Committee for Statistical Annotation of Tariff Schedules under section 484(f), Tariff Act of 1930 (484(f))",NA,NA,other_hts_policy_and_section_201_safeguard_and_statistical_or_technical,https://www.usitc.gov/harmonized_tariff_information/hts/archive/list?page=4,"To Further Facilitate Positive Adjustment to Competition from Imports of Large Residential Washers | Adjusting Imports of Derivative Aluminum Articles and Derivative Steel Articles Into the United States | Changes approved by the Committee for Statistical Annotation of Tariff Schedules under section 484(f), Tariff Act of 1930",85 Fed. Reg. 5125 | 85 Fed. Reg. 5281 | 484(f),https://www.federalregister.gov/documents/2020/01/28/2020-01650/to-further-facilitate-positive-adjustment-to-competition-from-imports-of-large-residential-washers | https://www.federalregister.gov/documents/2020/01/29/2020-01806/adjusting-imports-of-derivative-aluminum-articles-and-derivative-steel-articles-into-the-united | https://www.usitc.gov/harmonized_tariff_information/484_f_committee_changes,"REVIEW: Archive-driven from USITC HTS archive Modification Source(s). Use links to validate legal authority, effective dates, and Chapter 99 text."
2020_rev_3,2020-02-13,NA,NA,"Notice of Modification of Section 301 Action: China's Acts, Policies, and Practices Related to Technology Transfer, Intellectual Property, and Innovation (85 Fed. Reg. 3741); Notice of Product Exclusions: China's Acts, Policies, and Practices Related to Technology Transfer, Intellectual Property, and Innovation (85 Fed. Reg. 6674); Notice of Product Exclusions and Amendments: China's Acts, Policies, and Practices Related to Technology Transfer, Intellectual Property, and Innovation (85 Fed. Reg. 7816)",NA,NA,section_301_china_or_dst,https://www.usitc.gov/harmonized_tariff_information/hts/archive/list?page=4,"Notice of Modification of Section 301 Action: China's Acts, Policies, and Practices Related to Technology Transfer, Intellectual Property, and Innovation | Notice of Product Exclusions: China's Acts, Policies, and Practices Related to Technology Transfer, Intellectual Property, and Innovation | Notice of Product Exclusions and Amendments: China's Acts, Policies, and Practices Related to Technology Transfer, Intellectual Property, and Innovation",85 Fed. Reg. 3741 | 85 Fed. Reg. 6674 | 85 Fed. Reg. 7816,https://www.federalregister.gov/documents/2020/01/22/2020-00904/notice-of-modification-of-section-301-action-chinas-acts-policies-and-practices-related-to | https://www.federalregister.gov/documents/2020/02/05/2020-02225/notice-of-product-exclusions-chinas-acts-policies-and-practices-related-to-technology-transfer | https://www.federalregister.gov/documents/2020/02/11/2020-02684/notice-of-product-exclusions-and-amendments-chinas-acts-policies-and-practices-related-to-technology,"Archive-driven from USITC HTS archive Modification Source(s). Use links to validate legal authority, effective dates, and Chapter 99 text."
2020_rev_4,2020-02-21,NA,NA,"Notice of Product Exclusions: China's Acts, Policies, and Practices Related to Technology Transfer, Intellectual Property, and Innovation (85 Fed. Reg. 9921)",NA,NA,section_301_china_or_dst,https://www.usitc.gov/harmonized_tariff_information/hts/archive/list?page=4,"Notice of Product Exclusions: China's Acts, Policies, and Practices Related to Technology Transfer, Intellectual Property, and Innovation",85 Fed. Reg. 9921,https://www.federalregister.gov/documents/2020/02/20/2020-03377/notice-of-product-exclusions-chinas-acts-policies-and-practices-related-to-technology-transfer,"Archive-driven from USITC HTS archive Modification Source(s). Use links to validate legal authority, effective dates, and Chapter 99 text."
2020_rev_5,2020-03-04,NA,NA,"Notice of Modification of Section 301 Action: Enforcement of U.S. WTO Rights in Large Civil Aircraft Dispute (85 Fed. Reg. 10204); Notice of Product Exclusion: China's Acts, Policies, and Practices Related to Technology Transfer, Intellectual Property, and Innovation (85 Fed. Reg. 10808)",NA,NA,section_301_china_or_dst,https://www.usitc.gov/harmonized_tariff_information/hts/archive/list?page=4,"Notice of Modification of Section 301 Action: Enforcement of U.S. WTO Rights in Large Civil Aircraft Dispute | Notice of Product Exclusion: China's Acts, Policies, and Practices Related to Technology Transfer, Intellectual Property, and Innovation",85 Fed. Reg. 10204 | 85 Fed. Reg. 10808,https://www.federalregister.gov/documents/2020/02/21/2020-03454/notice-of-modification-of-section-301-action-enforcement-of-us-wto-rights-in-large-civil-aircraft | https://www.federalregister.gov/documents/2020/02/25/2020-03680/notice-of-product-exclusion-chinas-acts-policies-and-practices-related-to-technology-transfer,"Archive-driven from USITC HTS archive Modification Source(s). Use links to validate legal authority, effective dates, and Chapter 99 text."
2020_rev_6,2020-03-18,NA,NA,"Notice of Modification of Section 301 Action: Enforcement of U.S. WTO Rights in Large Civil Aircraft Dispute (85 Fed. Reg. 10204); Notice of Product Exclusions: China's Acts, Policies, and Practices Related to Technology Transfer, Intellectual Property, and Innovation (85 Fed. Reg. 13970); Notice of Product Exclusions: China's Acts, Policies, and Practices Related to Technology Transfer, Intellectual Property, and Innovation (85 Fed. Reg. 15015); Notice of Product Exclusions: China's Acts, Policies, and Practices Related to Technology Transfer, Intellectual Property, and Innovation (85 Fed. Reg. 15244)",NA,NA,section_301_china_or_dst,https://www.usitc.gov/harmonized_tariff_information/hts/archive/list?page=4,"Notice of Modification of Section 301 Action: Enforcement of U.S. WTO Rights in Large Civil Aircraft Dispute | Notice of Product Exclusions: China's Acts, Policies, and Practices Related to Technology Transfer, Intellectual Property, and Innovation | Notice of Product Exclusions: China's Acts, Policies, and Practices Related to Technology Transfer, Intellectual Property, and Innovation | Notice of Product Exclusions: China's Acts, Policies, and Practices Related to Technology Transfer, Intellectual Property, and Innovation",85 Fed. Reg. 10204 | 85 Fed. Reg. 13970 | 85 Fed. Reg. 15015 | 85 Fed. Reg. 15244,https://www.federalregister.gov/documents/2020/02/21/2020-03454/notice-of-modification-of-section-301-action-enforcement-of-us-wto-rights-in-large-civil-aircraft | https://www.federalregister.gov/documents/2020/03/10/2020-05000/notice-of-product-exclusions-chinas-acts-policies-and-practices-related-to-technology-transfer | https://www.federalregister.gov/documents/2020/03/16/2020-05310/notice-of-product-exclusions-chinas-acts-policies-and-practices-related-to-technology-transfer | https://www.federalregister.gov/documents/2020/03/17/2020-05451/notice-of-product-exclusions-chinas-acts-policies-and-practices-related-to-technology-transfer,"Archive-driven from USITC HTS archive Modification Source(s). Use links to validate legal authority, effective dates, and Chapter 99 text."
2020_rev_7,2020-03-31,NA,NA,"Notice of Product Exclusions: China's Acts, Policies, and Practices Related to Technology Transfer, Intellectual Property, and Innovation (85 Fed. Reg. 15849); Notice of Product Exclusions: China's Acts, Policies, and Practices Related to Technology Transfer, Intellectual Property, and Innovation (85 Fed. Reg. 17158); Notice of Product Exclusions: China's Acts, Policies, and Practices Related to Technology Transfer, Intellectual Property, and Innovation (85 Fed. Reg. 17936)",NA,NA,section_301_china_or_dst,https://www.usitc.gov/harmonized_tariff_information/hts/archive/list?page=4,"Notice of Product Exclusions: China's Acts, Policies, and Practices Related to Technology Transfer, Intellectual Property, and Innovation | Notice of Product Exclusions: China's Acts, Policies, and Practices Related to Technology Transfer, Intellectual Property, and Innovation | Notice of Product Exclusions: China's Acts, Policies, and Practices Related to Technology Transfer, Intellectual Property, and Innovation",85 Fed. Reg. 15849 | 85 Fed. Reg. 17158 | 85 Fed. Reg. 17936,https://www.federalregister.gov/documents/2020/03/19/2020-05674/notice-of-product-exclusion-extensions-chinas-acts-policies-and-practices-related-to-technology | https://www.federalregister.gov/documents/2020/03/26/2020-06276/notice-of-product-exclusions-chinas-acts-policies-and-practices-related-to-technology-transfer | https://www.federalregister.gov/documents/2020/03/31/2020-06600/notice-of-product-exclusions-chinas-acts-policies-and-practices-related-to-technology-transfer,"Archive-driven from USITC HTS archive Modification Source(s). Use links to validate legal authority, effective dates, and Chapter 99 text."
2020_rev_8,2020-04-24,NA,NA,"To Modify Duty-Free Treatment Under the Generalized System of Preferences and For Other Purposes (84 Fed. Reg. 58567); Notice of Product Exclusions Extensions: China's Acts, Policies, and Practices Related to Technology Transfer, Intellectual Property, and Innovation (85 Fed. Reg. 20332)",NA,NA,gsp_and_section_301_china_or_dst,https://www.usitc.gov/harmonized_tariff_information/hts/archive/list?page=4,"To Modify Duty-Free Treatment Under the Generalized System of Preferences and For Other Purposes | Notice of Product Exclusions Extensions: China's Acts, Policies, and Practices Related to Technology Transfer, Intellectual Property, and Innovation",84 Fed. Reg. 58567 | 85 Fed. Reg. 20332,https://www.federalregister.gov/documents/2019/10/31/2019-24008/to-modify-duty-free-treatment-under-the-generalized-system-of-preferences-and-for-other-purposes | https://www.federalregister.gov/documents/2020/04/10/2020-07564/notice-of-product-exclusion-extensions-chinas-acts-policies-and-practices-related-to-technology,"Archive-driven from USITC HTS archive Modification Source(s). Use links to validate legal authority, effective dates, and Chapter 99 text."
2020_rev_9,2020-04-29,NA,NA,"Notice of Product Exclusions: China's Acts, Policies, and Practices Related to Technology Transfer, Intellectual Property, and Innovation (85 Fed. Reg. 23122)",NA,NA,section_301_china_or_dst,https://www.usitc.gov/harmonized_tariff_information/hts/archive/list?page=4,"Notice of Product Exclusions: China's Acts, Policies, and Practices Related to Technology Transfer, Intellectual Property, and Innovation",85 Fed. Reg. 23122,https://www.federalregister.gov/documents/2020/04/24/2020-08670/notice-of-product-exclusions-chinas-acts-policies-and-practices-related-to-technology-transfer,"Archive-driven from USITC HTS archive Modification Source(s). Use links to validate legal authority, effective dates, and Chapter 99 text."
2020_rev_10,2020-05-14,NA,NA,"Notice of Product Exclusions: China's Acts, Policies, and Practices Related to Technology Transfer, Intellectual Property, and Innovation (85 Fed. Reg. 27489); Notice of Product Exclusions: China's Acts, Policies, and Practices Related to Technology Transfer, Intellectual Property, and Innovation (85 Fed. Reg. 28691); Notice of Product Exclusions: China's Acts, Policies, and Practices Related to Technology Transfer, Intellectual Property, and Innovation (85 Fed. Reg. 28692); Notice of Product Exclusions: China's Acts, Policies, and Practices Related to Technology Transfer, Intellectual Property, and Innovation (85 Fed. Reg. 28693)",NA,NA,section_301_china_or_dst,https://www.usitc.gov/harmonized_tariff_information/hts/archive/list?page=4,"Notice of Product Exclusions: China's Acts, Policies, and Practices Related to Technology Transfer, Intellectual Property, and Innovation | Notice of Product Exclusions: China's Acts, Policies, and Practices Related to Technology Transfer, Intellectual Property, and Innovation | Notice of Product Exclusions: China's Acts, Policies, and Practices Related to Technology Transfer, Intellectual Property, and Innovation | Notice of Product Exclusions: China's Acts, Policies, and Practices Related to Technology Transfer, Intellectual Property, and Innovation",85 Fed. Reg. 27489 | 85 Fed. Reg. 28691 | 85 Fed. Reg. 28692 | 85 Fed. Reg. 28693,https://www.federalregister.gov/documents/2020/05/08/2020-09828/notice-of-product-exclusions-chinas-acts-policies-and-practices-related-to-technology-transfer | https://www.federalregister.gov/documents/2020/05/13/2020-10231/notice-of-product-exclusions-chinas-acts-policies-and-practices-related-to-technology-transfer | https://www.federalregister.gov/documents/2020/05/13/2020-10231/notice-of-product-exclusions-chinas-acts-policies-and-practices-related-to-technology-transfer | https://www.federalregister.gov/documents/2020/05/13/2020-10232/notice-of-product-exclusion-chinas-acts-policies-and-practices-related-to-technology-transfer,"Archive-driven from USITC HTS archive Modification Source(s). Use links to validate legal authority, effective dates, and Chapter 99 text."
2020_rev_11,2020-05-29,NA,NA,"Notice of Product Exclusions Extensions: China's Acts, Policies, and Practices Related to Technology Transfer, Intellectual Property, and Innovation (85 Fed. Reg. 29503); Notice of Product Exclusions: China's Acts, Policies, and Practices Related to Technology Transfer, Intellectual Property, and Innovation (85 Fed. Reg. 32094); Notice of Product Exclusions: China's Acts, Policies, and Practices Related to Technology Transfer, Intellectual Property, and Innovation (85 Fed. Reg. 32098)",NA,NA,section_301_china_or_dst,https://www.usitc.gov/harmonized_tariff_information/hts/archive/list?page=4,"Notice of Product Exclusions Extensions: China's Acts, Policies, and Practices Related to Technology Transfer, Intellectual Property, and Innovation | Notice of Product Exclusions: China's Acts, Policies, and Practices Related to Technology Transfer, Intellectual Property, and Innovation | Notice of Product Exclusions: China's Acts, Policies, and Practices Related to Technology Transfer, Intellectual Property, and Innovation",85 Fed. Reg. 29503 | 85 Fed. Reg. 32094 | 85 Fed. Reg. 32098,https://www.federalregister.gov/documents/2020/05/15/2020-10456/notice-of-product-exclusion-extensions-chinas-acts-policies-and-practices-related-to-technology | https://www.federalregister.gov/documents/2020/05/28/2020-11426/notice-of-product-exclusions-chinas-acts-policies-and-practices-related-to-technology-transfer | https://www.federalregister.gov/documents/2020/05/28/2020-11426/notice-of-product-exclusions-chinas-acts-policies-and-practices-related-to-technology-transfer,"Archive-driven from USITC HTS archive Modification Source(s). Use links to validate legal authority, effective dates, and Chapter 99 text."
2020_rev_12,2020-06-04,NA,NA,"Notice of Product Exclusions: China's Acts, Policies, and Practices Related to Technology Transfer, Intellectual Property, and Innovation (85 Fed. Reg. 33775)",NA,NA,section_301_china_or_dst,https://www.usitc.gov/harmonized_tariff_information/hts/archive/list?page=4,"Notice of Product Exclusions: China's Acts, Policies, and Practices Related to Technology Transfer, Intellectual Property, and Innovation",85 Fed. Reg. 33775,https://www.federalregister.gov/documents/2020/06/02/2020-11833/notice-of-product-exclusion-extensions-chinas-acts-policies-and-practices-related-to-technology,"Archive-driven from USITC HTS archive Modification Source(s). Use links to validate legal authority, effective dates, and Chapter 99 text."
2020_rev_13,2020-06-12,NA,NA,"Notice of Product Exclusions: China's Acts, Policies, and Practices Related to Technology Transfer, Intellectual Property, and Innovation (85 Fed. Reg. 35975); Notice of Product Exclusions Amendments: China's Acts, Policies, and Practices Related to Technology Transfer, Intellectual Property, and Innovation (85 Fed. Reg. 35158)",NA,NA,section_301_china_or_dst,https://www.usitc.gov/harmonized_tariff_information/hts/archive/list?page=4,"Notice of Product Exclusions: China's Acts, Policies, and Practices Related to Technology Transfer, Intellectual Property, and Innovation | Notice of Product Exclusions Amendments: China's Acts, Policies, and Practices Related to Technology Transfer, Intellectual Property, and Innovation",85 Fed. Reg. 35975 | 85 Fed. Reg. 35158,https://www.federalregister.gov/documents/2020/06/12/2020-12672/notice-of-product-exclusions-chinas-acts-policies-and-practices-related-to-technology-transfer | https://www.federalregister.gov/documents/2020/06/08/2020-12318/notice-of-product-exclusion-amendment-chinas-acts-policies-and-practices-related-to-technology,"Archive-driven from USITC HTS archive Modification Source(s). Use links to validate legal authority, effective dates, and Chapter 99 text."
2020_rev_14,2020-07-08,NA,NA,"To Implement USMCA and For Other Purposes (85 Fed. Reg. 39821); Notice of Product Exclusions and Amendments: China's Acts, Policies, and Practices Related to Technology Transfer, Intellectual Property, and Innovation (85 Fed. Reg. 38000); Changes approved by the Committee for Statistical Annotation of Tariff Schedules under section 484(f), Tariff Act of 1930 (484(f))",NA,NA,fta_usmca_and_section_301_china_or_dst_and_statistical_or_technical,https://www.usitc.gov/harmonized_tariff_information/hts/archive/list?page=4,"To Implement USMCA and For Other Purposes | Notice of Product Exclusions and Amendments: China's Acts, Policies, and Practices Related to Technology Transfer, Intellectual Property, and Innovation | Changes approved by the Committee for Statistical Annotation of Tariff Schedules under section 484(f), Tariff Act of 1930",85 Fed. Reg. 39821 | 85 Fed. Reg. 38000 | 484(f),https://www.federalregister.gov/documents/2020/07/01/2020-14448/to-take-certain-actions-under-the-united-states--mexico-canada-agreement-implementation-act-and-for | https://www.federalregister.gov/documents/2020/06/24/2020-13596/notice-of-product-exclusion-and-amendments-chinas-acts-policies-and-practices-related-to-technology | https://www.usitc.gov/harmonized_tariff_information/484_f_committee_changes,"REVIEW: Archive-driven from USITC HTS archive Modification Source(s). Use links to validate legal authority, effective dates, and Chapter 99 text."
2020_rev_15,2020-07-13,NA,NA,"Notice of Product Exclusions and Amendments: China's Acts, Policies, and Practices Related to Technology Transfer, Intellectual Property, and Innovation (85 Fed. Reg. 41267); Notice of Product Exclusions and Amendments: China's Acts, Policies, and Practices Related to Technology Transfer, Intellectual Property, and Innovation (85 Fed. Reg. 41658)",NA,NA,section_301_china_or_dst,https://www.usitc.gov/harmonized_tariff_information/hts/archive/list?page=4,"Notice of Product Exclusions and Amendments: China's Acts, Policies, and Practices Related to Technology Transfer, Intellectual Property, and Innovation | Notice of Product Exclusions and Amendments: China's Acts, Policies, and Practices Related to Technology Transfer, Intellectual Property, and Innovation",85 Fed. Reg. 41267 | 85 Fed. Reg. 41658,https://www.federalregister.gov/documents/2020/07/09/2020-14833/notice-of-product-exclusion-extensions-chinas-acts-policies-and-practices-related-to-technology | https://www.federalregister.gov/documents/2020/07/10/2020-14916/notice-of-product-exclusions-and-amendments-chinas-acts-policies-and-practices-related-to-technology,"Archive-driven from USITC HTS archive Modification Source(s). Use links to validate legal authority, effective dates, and Chapter 99 text."
2020_rev_16,2020-07-23,NA,NA,"Notice of Product Exclusion Amendments: China's Acts, Policies, and Practices Related to Technology Transfer, Intellectual Property, and Innovation (85 Fed. Reg. 42968); Notice of Product Exclusion Amendment: China's Acts, Policies, and Practices Related to Technology Transfer, Intellectual Property, and Innovation (85 Fed. Reg. 42970); Notice of Product Exclusion: China's Acts, Policies, and Practices Related to Technology Transfer, Intellectual Property, and Innovation (85 Fed. Reg. 43291)",NA,NA,section_301_china_or_dst,https://www.usitc.gov/harmonized_tariff_information/hts/archive/list?page=4,"Notice of Product Exclusion Amendments: China's Acts, Policies, and Practices Related to Technology Transfer, Intellectual Property, and Innovation | Notice of Product Exclusion Amendment: China's Acts, Policies, and Practices Related to Technology Transfer, Intellectual Property, and Innovation | Notice of Product Exclusion: China's Acts, Policies, and Practices Related to Technology Transfer, Intellectual Property, and Innovation",85 Fed. Reg. 42968 | 85 Fed. Reg. 42970 | 85 Fed. Reg. 43291,https://www.federalregister.gov/documents/2020/07/15/2020-15288/notice-of-product-exclusion-amendments-chinas-acts-policies-and-practices-related-to-technology | https://www.federalregister.gov/documents/2020/07/15/2020-15289/notice-of-product-exclusion-amendment-chinas-acts-policies-and-practices-related-to-technology | https://www.federalregister.gov/documents/2020/07/16/2020-15320/notice-of-product-exclusion-chinas-acts-policies-and-practices-related-to-technology-transfer,"Archive-driven from USITC HTS archive Modification Source(s). Use links to validate legal authority, effective dates, and Chapter 99 text."
2020_rev_17,2020-07-28,NA,NA,"Notice of Product Exclusions and Amendments: China's Acts, Policies, and Practices Related to Technology Transfer, Intellectual Property, and Innovation (85 Fed. Reg. 44563)",NA,NA,section_301_china_or_dst,https://www.usitc.gov/harmonized_tariff_information/hts/archive/list?page=4,"Notice of Product Exclusions and Amendments: China's Acts, Policies, and Practices Related to Technology Transfer, Intellectual Property, and Innovation",85 Fed. Reg. 44563,https://www.federalregister.gov/documents/2020/07/23/2020-15995/notice-of-product-exclusions-and-amendments-chinas-acts-policies-and-practices-related-to-technology,"Archive-driven from USITC HTS archive Modification Source(s). Use links to validate legal authority, effective dates, and Chapter 99 text."
2020_rev_18,2020-07-30,NA,NA,"Notice of Product Exclusion Extensions: China's Acts, Policies, and Practices Related to Technology Transfer, Intellectual Property, and Innovation (85 Fed. Reg. 45949)",NA,NA,section_301_china_or_dst,https://www.usitc.gov/harmonized_tariff_information/hts/archive/list?page=4,"Notice of Product Exclusion Extensions: China's Acts, Policies, and Practices Related to Technology Transfer, Intellectual Property, and Innovation",85 Fed. Reg. 45949,https://www.federalregister.gov/documents/2020/07/30/2020-16529/notice-of-product-exclusion-extensions-chinas-acts-policies-and-practices-related-to-technology,"REVIEW: Archive-driven from USITC HTS archive Modification Source(s). Use links to validate legal authority, effective dates, and Chapter 99 text. Provided list has 2020-07-30; USITC archive shows 2020 HTSA Revision 18 dated July 31, 2020."
2021_basic,2021-03-15,NA,NA,2021 basic edition,NA,NA,section_301_china_or_dst,https://www.usitc.gov/harmonized_tariff_information/hts/archive/list?page=3,Notice of Modification of Section 301 Action: Enforcement of U.S. WTO Rights in Large Civil Aircraft Dispute,86 Fed. Reg. 13961,https://www.federalregister.gov/documents/2021/03/11/2021-05035/notice-of-modification-of-section-301-action-enforcement-of-us-wto-rights-in-large-civil-aircraft,"REVIEW: Archive-driven from USITC HTS archive Modification Source(s). Use links to validate legal authority, effective dates, and Chapter 99 text. USITC archive shows 2021 HTSA Basic Edition dated March 5, 2021, while provided list uses March 15, 2021; verify whether internal effective_date intentionally differs from archive publication date."
2021_rev_1,2021-03-17,NA,NA,Notice of Modification of Section 301 Action: Enforcement of U.S. WTO Rights in the Large Civil Aircraft Dispute (86 Fed. Reg. 14513),NA,NA,section_301_china_or_dst,https://www.usitc.gov/harmonized_tariff_information/hts/archive/list?page=3,Notice of Modification of Section 301 Action: Enforcement of U.S. WTO Rights in the Large Civil Aircraft Dispute,86 Fed. Reg. 14513,https://www.federalregister.gov/documents/2021/03/16/2021-05354/notice-of-modification-of-section-301-action-enforcement-of-us-wto-rights-in-the-large-civil,"Archive-driven from USITC HTS archive Modification Source(s). Use links to validate legal authority, effective dates, and Chapter 99 text."
2021_rev_2,2021-04-01,NA,NA,"Notice of Product Exclusion Extensions: China's Acts, Policies, and Practices Related to Technology Transfer, Intellectual Property, and Innovation (86 Fed. Reg. 13785)",NA,NA,section_301_china_or_dst,https://www.usitc.gov/harmonized_tariff_information/hts/archive/list?page=3,"Notice of Product Exclusion Extensions: China's Acts, Policies, and Practices Related to Technology Transfer, Intellectual Property, and Innovation",86 Fed. Reg. 13785,https://www.federalregister.gov/documents/2021/03/10/2021-04946/notice-of-product-exclusion-extensions-chinas-acts-policies-and-practices-related-to-technology,"Archive-driven from USITC HTS archive Modification Source(s). Use links to validate legal authority, effective dates, and Chapter 99 text."
2021_rev_3,2021-04-26,NA,NA,"Notice of Product Exclusion Extensions: China's Acts, Policies, and Practices Related to Technology Transfer, Intellectual Property, and Innovation (86 Fed. Reg. 22092)",NA,NA,section_301_china_or_dst,https://www.usitc.gov/harmonized_tariff_information/hts/archive/list?page=3,"Notice of Product Exclusion Extensions: China's Acts, Policies, and Practices Related to Technology Transfer, Intellectual Property, and Innovation",86 Fed. Reg. 22092,https://www.federalregister.gov/documents/2021/04/26/2021-08603/notice-of-technical-amendment-to-product-exclusions-chinas-acts-policies-and-practices-related-to,"Archive-driven from USITC HTS archive Modification Source(s). Use links to validate legal authority, effective dates, and Chapter 99 text."
2021_rev_4,2021-06-10,NA,NA,Notice of Action in the Section 301 Investigation of Italy's Digital Services Tax (86 Fed. Reg. 30350); Notice of Action in the Section 301 Investigation of Turkey's Digital Services Tax (86 Fed. Reg. 30353); Notice of Action in the Section 301 Investigation of India's Digital Services Tax (86 Fed. Reg. 30356); Notice of Action in the Section 301 Investigation of Spain's Digital Services Tax (86 Fed. Reg. 30358); Notice of Action in the Section 301 Investigation of Austria's Digital Services Tax (86 Fed. Reg. 30361); Notice of Action in the Section 301 Investigation of the United Kingdom's Digital Services Tax (86 Fed. Reg. 30364),NA,NA,section_301_china_or_dst,https://www.usitc.gov/harmonized_tariff_information/hts/archive/list?page=3,Notice of Action in the Section 301 Investigation of Italy's Digital Services Tax | Notice of Action in the Section 301 Investigation of Turkey's Digital Services Tax | Notice of Action in the Section 301 Investigation of India's Digital Services Tax | Notice of Action in the Section 301 Investigation of Spain's Digital Services Tax | Notice of Action in the Section 301 Investigation of Austria's Digital Services Tax | Notice of Action in the Section 301 Investigation of the United Kingdom's Digital Services Tax,86 Fed. Reg. 30350 | 86 Fed. Reg. 30353 | 86 Fed. Reg. 30356 | 86 Fed. Reg. 30358 | 86 Fed. Reg. 30361 | 86 Fed. Reg. 30364,https://www.federalregister.gov/documents/2021/06/07/2021-11859/notice-of-action-in-the-section-301-investigation-of-italys-digital-services-tax | https://www.federalregister.gov/documents/2021/06/07/2021-11861/notice-of-action-in-the-section-301-investigation-of-turkeys-digital-services-tax | https://www.federalregister.gov/documents/2021/06/07/2021-11858/notice-of-action-in-the-section-301-investigation-of-indias-digital-services-tax | https://www.federalregister.gov/documents/2021/06/07/2021-11863/notice-of-action-in-the-section-301-investigation-of-spains-digital-services-tax | https://www.federalregister.gov/documents/2021/06/07/2021-11856/notice-of-action-in-the-section-301-investigation-of-austrias-digital-services-tax | https://www.federalregister.gov/documents/2021/06/07/2021-11862/notice-of-action-in-the-section-301-investigation-of-the-united-kingdoms-digital-services-tax,"Archive-driven from USITC HTS archive Modification Source(s). Use links to validate legal authority, effective dates, and Chapter 99 text."
2021_rev_5,2021-07-02,NA,NA,"To Provide for Duty-free Treatment Under the Earned Import Allowance Program, And For Other Purposes (73 Fed. Reg. 72677); To Implement USMCA and For Other Purposes (85 Fed. Reg. 39821); Changes approved by the Committee for Statistical Annotation of Tariff Schedules under section 484(f), Tariff Act of 1930 (484(f))",NA,NA,fta_usmca_and_other_hts_policy_and_statistical_or_technical,https://www.usitc.gov/harmonized_tariff_information/hts/archive/list?page=3,"To Provide for Duty-free Treatment Under the Earned Import Allowance Program, And For Other Purposes | To Implement USMCA and For Other Purposes | Changes approved by the Committee for Statistical Annotation of Tariff Schedules under section 484(f), Tariff Act of 1930",73 Fed. Reg. 72677 | 85 Fed. Reg. 39821 | 484(f),https://www.federalregister.gov/documents/2008/11/28/E8-28537/to-provide-for-duty-free-treatment-under-the-earned-import-allowance-program-and-for-other-purposes | https://www.federalregister.gov/documents/2020/07/01/2020-14448/to-take-certain-actions-under-the-united-states--mexico-canada-agreement-implementation-act-and-for | https://www.usitc.gov/harmonized_tariff_information/484_f_committee_changes,"REVIEW: Archive-driven from USITC HTS archive Modification Source(s). Use links to validate legal authority, effective dates, and Chapter 99 text."
2021_rev_6,2021-07-09,NA,NA,Suspension of Action: Enforcement of U.S. WTO Rights in the Large Civil Aircraft Dispute (86 Fed. Reg. 36313),NA,NA,other_hts_policy,https://www.usitc.gov/harmonized_tariff_information/hts/archive/list?page=3,Suspension of Action: Enforcement of U.S. WTO Rights in the Large Civil Aircraft Dispute,86 Fed. Reg. 36313,https://www.federalregister.gov/documents/2021/07/09/2021-14550/suspension-of-action-enforcement-of-us-wto-rights-in-the-large-civil-aircraft-dispute,"Archive-driven from USITC HTS archive Modification Source(s). Use links to validate legal authority, effective dates, and Chapter 99 text."
2021_rev_7,2021-08-02,NA,NA,To Take Certain Actions Under the African Growth and Opportunity Act and For Other Purposes (85 Fed. Reg. 85491),NA,NA,agoa,https://www.usitc.gov/harmonized_tariff_information/hts/archive/list?page=3,To Take Certain Actions Under the African Growth and Opportunity Act and For Other Purposes,85 Fed. Reg. 85491,https://www.federalregister.gov/documents/2020/12/29/2020-28878/to-take-certain-actions-under-the-african-growth-and-opportunity-act-and-for-other-purposes,"Archive-driven from USITC HTS archive Modification Source(s). Use links to validate legal authority, effective dates, and Chapter 99 text."
2021_rev_8,2021-09-30,NA,NA,"Conforming Amendment to Product Exclusion: China's Acts, Policies, and Practices Related to Technology Transfer, Intellectual Property, and Innovation (86 Fed. Reg. 42006); Notice of Product Exclusion Extensions: China's Acts, Policies, and Practices Related to Technology Transfer, Intellectual Property, and Innovation (86 Fed. Reg. 54011)",NA,NA,section_301_china_or_dst,https://www.usitc.gov/harmonized_tariff_information/hts/archive/list?page=3,"Conforming Amendment to Product Exclusion: China's Acts, Policies, and Practices Related to Technology Transfer, Intellectual Property, and Innovation | Notice of Product Exclusion Extensions: China's Acts, Policies, and Practices Related to Technology Transfer, Intellectual Property, and Innovation",86 Fed. Reg. 42006 | 86 Fed. Reg. 54011,https://www.federalregister.gov/documents/2021/08/04/2021-16567/conforming-amendment-to-product-exclusion-chinas-acts-policies-and-practices-related-to-technology | https://www.federalregister.gov/documents/2021/09/29/2021-21180/notice-of-product-exclusion-extensions-chinas-acts-policies-and-practices-related-to-technology,"Archive-driven from USITC HTS archive Modification Source(s). Use links to validate legal authority, effective dates, and Chapter 99 text."
2021_rev_9,2021-11-18,NA,NA,"Termination of Actions in the Section 301 Digital Services Tax Investigations of Austria, France, Italy, Spain, and the United Kingdom and Further Monitoring (86 Fed. Reg. 64590); Notice of Product Exclusion Extensions: China's Acts, Policies, and Practices Related to Technology Transfer, Intellectual Property, and Innovation (86 Fed. Reg. 63438)",NA,NA,section_301_china_or_dst,https://www.usitc.gov/harmonized_tariff_information/hts/archive/list?page=3,"Termination of Actions in the Section 301 Digital Services Tax Investigations of Austria, France, Italy, Spain, and the United Kingdom and Further Monitoring | Notice of Product Exclusion Extensions: China's Acts, Policies, and Practices Related to Technology Transfer, Intellectual Property, and Innovation",86 Fed. Reg. 64590 | 86 Fed. Reg. 63438,https://www.federalregister.gov/documents/2021/11/18/2021-25199/termination-of-actions-in-the-section-301-digital-services-tax-investigations-of-austria-france | https://www.federalregister.gov/documents/2021/11/16/2021-24918/notice-of-product-exclusion-extensions-chinas-acts-policies-and-practices-related-to-technology,"Archive-driven from USITC HTS archive Modification Source(s). Use links to validate legal authority, effective dates, and Chapter 99 text."
2021_rev_10,2021-12-01,NA,NA,"Notice of Product Exclusion Extensions: China's Acts, Policies, and Practices Related to Technology Transfer, Intellectual Property, and Innovation (86 Fed. Reg. 63438); Termination of Action in the Section 301 Digital Services Tax Investigation of Turkey and Further Monitoring (86 Fed. Reg. 68295)",NA,NA,section_301_china_or_dst,https://www.usitc.gov/harmonized_tariff_information/hts/archive/list?page=3,"Notice of Product Exclusion Extensions: China's Acts, Policies, and Practices Related to Technology Transfer, Intellectual Property, and Innovation | Termination of Action in the Section 301 Digital Services Tax Investigation of Turkey and Further Monitoring",86 Fed. Reg. 63438 | 86 Fed. Reg. 68295,https://www.federalregister.gov/documents/2021/11/16/2021-24918/notice-of-product-exclusion-extensions-chinas-acts-policies-and-practices-related-to-technology | https://www.federalregister.gov/documents/2021/12/01/2021-26116/termination-of-action-in-the-section-301-digital-services-tax-investigation-of-turkey-and-further,"Archive-driven from USITC HTS archive Modification Source(s). Use links to validate legal authority, effective dates, and Chapter 99 text."
2021_rev_11,2021-12-02,NA,NA,Termination of Action in the Digital Services Tax Investigation of India and Further Monitoring (86 Fed. Reg. 68526),NA,NA,other_hts_policy,https://www.usitc.gov/harmonized_tariff_information/hts/archive/list?page=3,Termination of Action in the Digital Services Tax Investigation of India and Further Monitoring,86 Fed. Reg. 68526,https://www.federalregister.gov/documents/2021/12/02/2021-26198/termination-of-action-in-the-digital-services-tax-investigation-of-india-and-further-monitoring,"Archive-driven from USITC HTS archive Modification Source(s). Use links to validate legal authority, effective dates, and Chapter 99 text."
2021_rev_12,2021-12-07,NA,NA,"Conforming Amendment to Product Exclusion and Extensions: China's Acts, Policies, and Practices Related to Technology Transfer, Intellectual Property, and Innovation (86 Fed. Reg. 69350)",NA,NA,section_301_china_or_dst,https://www.usitc.gov/harmonized_tariff_information/hts/archive/list?page=3,"Conforming Amendment to Product Exclusion and Extensions: China's Acts, Policies, and Practices Related to Technology Transfer, Intellectual Property, and Innovation",86 Fed. Reg. 69350,https://www.federalregister.gov/documents/2021/12/07/2021-26482/conforming-amendment-to-product-exclusion-and-extensions-chinas-acts-policies-and-practices-related,"Archive-driven from USITC HTS archive Modification Source(s). Use links to validate legal authority, effective dates, and Chapter 99 text."
2022_basic,2022-01-26,NA,NA,2022 basic edition (pre-2025 baseline: legacy §232 steel/alu + §301 China + §201),NA,NA,other_hts_policy,https://www.usitc.gov/harmonized_tariff_information/hts/archive/list?page=3,To Modify the Harmonized Tariff Schedule of the United States and For Other Purposes,86 Fed. Reg. 73593,https://www.federalregister.gov/documents/search?conditions%5Bterm%5D=To%20Modify%20the%20Harmonized%20Tariff%20Schedule%20of%20the%20United%20States%20and%20For%20Other%20Purposes%2086%20Fed.%20Reg.%2073593,"REVIEW: Archive-driven from USITC HTS archive Modification Source(s). Use links to validate legal authority, effective dates, and Chapter 99 text. USITC archive separately shows a Jan. 26, 2022 Basic Edition and a Feb. 15, 2022 Basic and Revision 1 entry; provided list uses 2022_basic Jan. 26 and 2022_rev_1 Feb. 14."
2022_rev_1,2022-02-14,NA,NA,"To Continue Facilitating Positive Adjustment to Competition From Imports of Certain Crystalline Silicon Photovoltaic Cells (Whether or Not Partially or Fully Assembled Into Other Products) (87 Fed. Reg. 7357); To Continue Facilitating Positive Adjustment to Competition From Imports of Large Residential Washers (86 Fed. Reg. 6541); Changes approved by the Committee for Statistical Annotation of Tariff Schedules under section 484(f), Tariff Act of 1930 (484(f))",NA,NA,section_201_safeguard_and_statistical_or_technical,https://www.usitc.gov/harmonized_tariff_information/hts/archive/list?page=3,"To Continue Facilitating Positive Adjustment to Competition From Imports of Certain Crystalline Silicon Photovoltaic Cells (Whether or Not Partially or Fully Assembled Into Other Products) | To Continue Facilitating Positive Adjustment to Competition From Imports of Large Residential Washers | Changes approved by the Committee for Statistical Annotation of Tariff Schedules under section 484(f), Tariff Act of 1930",87 Fed. Reg. 7357 | 86 Fed. Reg. 6541 | 484(f),https://www.federalregister.gov/documents/2022/02/09/2022-02906/to-continue-facilitating-positive-adjustment-to-competition-from-imports-of-certain-crystalline | https://www.federalregister.gov/documents/2021/01/21/2021-01466/to-continue-facilitating-positive-adjustment-to-competition-from-imports-of-large-residential | https://www.usitc.gov/harmonized_tariff_information/484_f_committee_changes,"REVIEW: Archive-driven from USITC HTS archive Modification Source(s). Use links to validate legal authority, effective dates, and Chapter 99 text."
2022_rev_2,2022-02-23,NA,NA,"China's Acts, Policies, and Practices Related to Technology Transfer, Intellectual Property, and Innovation; Technical Modifications to 301 Action (87 Fed. Reg. 9785)",NA,NA,section_301_china_or_dst,https://www.usitc.gov/harmonized_tariff_information/hts/archive/list?page=3,"China's Acts, Policies, and Practices Related to Technology Transfer, Intellectual Property, and Innovation; Technical Modifications to 301 Action",87 Fed. Reg. 9785,https://www.federalregister.gov/documents/2022/02/22/2022-03701/chinas-acts-policies-and-practices-related-to-technology-transfer-intellectual-property-and,"Archive-driven from USITC HTS archive Modification Source(s). Use links to validate legal authority, effective dates, and Chapter 99 text."
2022_rev_3,2022-03-30,NA,NA,"Notice of Reinstatement of Certain Exclusions: China's Acts, Policies, and Practices Related to Technology Transfer, Intellectual Property, and Innovation (87 Fed. Reg. 17380)",NA,NA,section_301_china_or_dst,https://www.usitc.gov/harmonized_tariff_information/hts/archive/list?page=3,"Notice of Reinstatement of Certain Exclusions: China's Acts, Policies, and Practices Related to Technology Transfer, Intellectual Property, and Innovation",87 Fed. Reg. 17380,https://www.federalregister.gov/documents/2022/03/28/2022-06397/notice-of-reinstatement-of-certain-exclusions-chinas-acts-policies-and-practices-related-to,"Archive-driven from USITC HTS archive Modification Source(s). Use links to validate legal authority, effective dates, and Chapter 99 text."
2022_rev_4,2022-04-07,NA,NA,Adjusting Imports of Steel Into the United States (87 Fed. Reg. 19351),NA,NA,section_232_steel,https://www.usitc.gov/harmonized_tariff_information/hts/archive/list?page=3,Adjusting Imports of Steel Into the United States,87 Fed. Reg. 19351,https://www.federalregister.gov/documents/2022/04/01/2022-07136/adjusting-imports-of-steel-into-the-united-states,"Archive-driven from USITC HTS archive Modification Source(s). Use links to validate legal authority, effective dates, and Chapter 99 text."
2022_rev_5,2022-06-03,NA,NA,"Adjusting Imports of Aluminum Into the United States (87 Fed. Reg. 33583); Adjusting Imports of Steel Into the United States (87 Fed. Reg. 33591); Adjusting Imports of Steel Into the United States (87 Fed. Reg. 33407); To Implement the United States-Oman Free Trade Agreement (73 Fed. Reg. 80289); To Implement the United States-Morocco Free Trade Agreement (70 Fed. Reg. 76651); Notice of Product Exclusion Extensions: China's Acts, Policies, and Practices Related to Technology Transfer, Intellectual Property, and Innovation (87 Fed. Reg. 33871)",NA,NA,other_hts_policy_and_section_232_aluminum_and_section_232_steel_and_section_301_china_or_dst,https://www.usitc.gov/harmonized_tariff_information/hts/archive/list?page=2,"Adjusting Imports of Aluminum Into the United States | Adjusting Imports of Steel Into the United States | Adjusting Imports of Steel Into the United States | To Implement the United States-Oman Free Trade Agreement | To Implement the United States-Morocco Free Trade Agreement | Notice of Product Exclusion Extensions: China's Acts, Policies, and Practices Related to Technology Transfer, Intellectual Property, and Innovation",87 Fed. Reg. 33583 | 87 Fed. Reg. 33591 | 87 Fed. Reg. 33407 | 73 Fed. Reg. 80289 | 70 Fed. Reg. 76651 | 87 Fed. Reg. 33871,https://www.federalregister.gov/documents/2022/06/03/2022-12097/adjusting-imports-of-aluminum-into-the-united-states | https://www.federalregister.gov/documents/2022/06/03/2022-12108/adjusting-imports-of-steel-into-the-united-states | https://www.federalregister.gov/documents/2022/06/02/2022-11991/adjusting-imports-of-steel-into-the-united-states | https://www.federalregister.gov/documents/2008/12/31/E8-31234/to-implement-the-united-states-oman-free-trade-agreement | https://www.federalregister.gov/documents/2005/12/27/05-24595/to-implement-the-united-states-morocco-free-trade-agreement | https://www.federalregister.gov/documents/2022/06/03/2022-11884/notice-of-product-exclusion-extensions-chinas-acts-policies-and-practices-related-to-technology,"Archive-driven from USITC HTS archive Modification Source(s). Use links to validate legal authority, effective dates, and Chapter 99 text."
2022_rev_6,2022-06-30,NA,NA,"Changes approved by the Committee for Statistical Annotation of Tariff Schedules under section 484(f), Tariff Act of 1930 (484(f))",NA,NA,statistical_or_technical,https://www.usitc.gov/harmonized_tariff_information/hts/archive/list?page=2,"Changes approved by the Committee for Statistical Annotation of Tariff Schedules under section 484(f), Tariff Act of 1930",484(f),https://www.usitc.gov/harmonized_tariff_information/484_f_committee_changes,"REVIEW: Archive-driven from USITC HTS archive Modification Source(s). Use links to validate legal authority, effective dates, and Chapter 99 text."
2022_rev_7,2022-07-20,NA,NA,Suspension of the Safeguard Action on Imports of Certain Crystalline Silicon Photovoltaic Cells Originating in Canada and Modification of the Harmonized Tariff Schedule of the United States (87 Fed. Reg. 43369),NA,NA,section_201_safeguard,https://www.usitc.gov/harmonized_tariff_information/hts/archive/list?page=2,Suspension of the Safeguard Action on Imports of Certain Crystalline Silicon Photovoltaic Cells Originating in Canada and Modification of the Harmonized Tariff Schedule of the United States,87 Fed. Reg. 43369,https://www.federalregister.gov/documents/2022/07/20/2022-15519/suspension-of-the-safeguard-action-on-imports-of-certain-crystalline-silicon-photovoltaic-cells,"Archive-driven from USITC HTS archive Modification Source(s). Use links to validate legal authority, effective dates, and Chapter 99 text."
2022_rev_8,2022-07-26,NA,NA,"To amend the Harmonized Tariff Schedule of the United States to suspend temporarily rates of duty on imports of certain infant formula products, and for other purposes (Public Law 117-160); Increasing Duties on Certain Articles From the Russian Federation (87 Fed. Reg. 38875)",NA,NA,other_hts_policy,https://www.usitc.gov/harmonized_tariff_information/hts/archive/list?page=2,"To amend the Harmonized Tariff Schedule of the United States to suspend temporarily rates of duty on imports of certain infant formula products, and for other purposes | Increasing Duties on Certain Articles From the Russian Federation",Public Law 117-160 | 87 Fed. Reg. 38875,https://www.congress.gov/117/plaws/publ160/PLAW-117publ160.pdf | https://www.federalregister.gov/documents/2022/06/30/2022-14145/increasing-duties-on-certain-articles-from-the-russian-federation,"REVIEW: Archive-driven from USITC HTS archive Modification Source(s). Use links to validate legal authority, effective dates, and Chapter 99 text."
2022_rev_9,2022-09-09,NA,NA,2022 Tariff Rate Quota Quantity Limitations Under the U.S.-Australia Free Trade Agreement (87 Fed. Reg. 55074),NA,NA,agriculture_trq,https://www.usitc.gov/harmonized_tariff_information/hts/archive/list?page=2,2022 Tariff Rate Quota Quantity Limitations Under the U.S.-Australia Free Trade Agreement,87 Fed. Reg. 55074,https://www.federalregister.gov/documents/2022/09/08/2022-19445/2022-tariff-rate-quota-quantity-limitations-under-the-us-australia-free-trade-agreement,"Archive-driven from USITC HTS archive Modification Source(s). Use links to validate legal authority, effective dates, and Chapter 99 text."
2022_rev_10,2022-09-23,NA,NA,Technical Correction to the Harmonized Tariff Schedule of the United States (87 Fed. Reg. 57968),NA,NA,statistical_or_technical,https://www.usitc.gov/harmonized_tariff_information/hts/archive/list?page=2,Technical Correction to the Harmonized Tariff Schedule of the United States,87 Fed. Reg. 57968,https://www.federalregister.gov/documents/2022/09/22/2022-20477/technical-correction-to-the-harmonized-tariff-schedule-of-the-united-states,"Archive-driven from USITC HTS archive Modification Source(s). Use links to validate legal authority, effective dates, and Chapter 99 text."
2022_rev_11,2022-10-17,NA,NA,"Bulk Infant Formula to Retail Shelves Act (Public Law 117-192); Notice of Conforming Amendments: China's Acts, Policies, and Practices Related to Technology Transfer, Intellectual Property, and Innovation (87 Fed. Reg. 62485); Notice of Technical Amendments to Two Exclusions: China's Acts, Policies, and Practices Related to Technology Transfer, Intellectual Property, and Innovation (87 Fed. Reg. 62486)",NA,NA,other_hts_policy_and_section_301_china_or_dst,https://www.usitc.gov/harmonized_tariff_information/hts/archive/list?page=2,"Bulk Infant Formula to Retail Shelves Act | Notice of Conforming Amendments: China's Acts, Policies, and Practices Related to Technology Transfer, Intellectual Property, and Innovation | Notice of Technical Amendments to Two Exclusions: China's Acts, Policies, and Practices Related to Technology Transfer, Intellectual Property, and Innovation",Public Law 117-192 | 87 Fed. Reg. 62485 | 87 Fed. Reg. 62486,https://www.congress.gov/117/plaws/publ192/PLAW-117publ192.pdf | https://www.federalregister.gov/documents/2022/10/14/2022-22354/notice-of-conforming-amendments-chinas-acts-policies-and-practices-related-to-technology-transfer | https://www.federalregister.gov/documents/2022/10/14/2022-22355/notice-of-technical-amendments-to-two-exclusions-chinas-acts-policies-and-practices-related-to,"REVIEW: Archive-driven from USITC HTS archive Modification Source(s). Use links to validate legal authority, effective dates, and Chapter 99 text."
2022_rev_12,2022-11-30,NA,NA,"Notice of Product Exclusion Extensions: China's Acts, Policies, and Practices Related to Technology Transfer, Intellectual Property, and Innovation (87 Fed. Reg. 73383)",NA,NA,section_301_china_or_dst,https://www.usitc.gov/harmonized_tariff_information/hts/archive/list?page=2,"Notice of Product Exclusion Extensions: China's Acts, Policies, and Practices Related to Technology Transfer, Intellectual Property, and Innovation",87 Fed. Reg. 73383,https://www.federalregister.gov/documents/2022/11/29/2022-25990/notice-of-product-exclusion-extensions-chinas-acts-policies-and-practices-related-to-technology,"Archive-driven from USITC HTS archive Modification Source(s). Use links to validate legal authority, effective dates, and Chapter 99 text."
2023_basic,2022-12-30,NA,NA,2023 basic edition (pre-2025 baseline: legacy §232 steel/alu + §301 China + §201),NA,NA,agoa_and_other_hts_policy_and_section_301_china_or_dst_and_statistical_or_technical,https://www.usitc.gov/harmonized_tariff_information/hts/archive/list?page=2,"To Take Certain Actions Under The African Growth And Opportunity Act And For Other Purposes | To Modify the Harmonized Tariff Schedule of the United States and For Other Purposes | To Implement the Dominican Republic-Central America-United States Free Trade Agreement with respect to Honduras and Nicaragua | Notice of Extensions for Reinstated Product Exclusions: China's Acts, Policies, and Practices Related to Technology Transfer, Intellectual Property, and Innovation | Changes approved by the Committee for Statistical Annotation of Tariff Schedules under section 484(f), Tariff Act of 1930",87 Fed. Reg. 79977 | 81 Fed. Reg. 87401 | 71 Fed. Reg. 16971 | 87 Fed. Reg. 78187 | 484(f),https://www.federalregister.gov/documents/2022/12/29/2022-28473/to-take-certain-actions-under-the-african-growth-and-opportunity-act-and-for-other-purposes | https://www.federalregister.gov/documents/2016/12/02/2016-29200/to-modify-the-harmonized-tariff-schedule-of-the-united-states-and-for-other-purposes | https://www.federalregister.gov/documents/2006/04/04/06-3299/to-implement-the-dominican-republic-central-america-united-states-free-trade-agreement-with-respect | https://www.federalregister.gov/documents/2022/12/21/2022-27637/notice-of-extensions-for-reinstated-product-exclusions-chinas-acts-policies-and-practices-related-to | https://www.usitc.gov/harmonized_tariff_information/484_f_committee_changes,"REVIEW: Archive-driven from USITC HTS archive Modification Source(s). Use links to validate legal authority, effective dates, and Chapter 99 text."
2023_rev_1,2023-02-16,NA,NA,"Interim Extension and Request for Comments on COVID-Related Product Exclusions: China's Acts, Policies, and Practices Related to Technology Transfer, Intellectual Property, and Innovation (88 Fed. Reg. 8027); Notice of Conforming and Technical Amendments: China's Acts, Policies, and Practices Related to Technology Transfer, Intellectual Property, and Innovation (88 Fed. Reg. 8986)",NA,NA,section_301_china_or_dst,https://www.usitc.gov/harmonized_tariff_information/hts/archive/list?page=2,"Interim Extension and Request for Comments on COVID-Related Product Exclusions: China's Acts, Policies, and Practices Related to Technology Transfer, Intellectual Property, and Innovation | Notice of Conforming and Technical Amendments: China's Acts, Policies, and Practices Related to Technology Transfer, Intellectual Property, and Innovation",88 Fed. Reg. 8027 | 88 Fed. Reg. 8986,https://www.federalregister.gov/documents/2023/02/07/2023-02570/interim-extension-and-request-for-comments-on-covid-related-product-exclusions-chinas-acts-policies | https://www.federalregister.gov/documents/2023/02/10/2023-02835/notice-of-conforming-and-technical-amendments-chinas-acts-policies-and-practices-related-to,"Archive-driven from USITC HTS archive Modification Source(s). Use links to validate legal authority, effective dates, and Chapter 99 text."
2023_rev_2,2023-03-09,NA,NA,Adjusting Imports of Aluminum Into the United States (88 Fed. Reg. 13267); Publication of 2023 Aggregate Quantities Under the U.S.-Australia Free Trade Agreement (88 Fed. Reg. 125),NA,NA,fta_australia_trq_and_section_232_aluminum,https://www.usitc.gov/harmonized_tariff_information/hts/archive/list?page=2,Adjusting Imports of Aluminum Into the United States | Publication of 2023 Aggregate Quantities Under the U.S.-Australia Free Trade Agreement,88 Fed. Reg. 13267 | 88 Fed. Reg. 125,https://www.federalregister.gov/documents/2023/03/02/2023-04470/adjusting-imports-of-aluminum-into-the-united-states | https://www.federalregister.gov/documents/2023/01/03/2022-28512/publication-of-2023-aggregate-quantities-under-the-us-australia-free-trade-agreement,"Archive-driven from USITC HTS archive Modification Source(s). Use links to validate legal authority, effective dates, and Chapter 99 text."
2023_rev_3,2023-03-31,NA,NA,Increasing Duties on Certain Articles From the Russian Federation (88 Fed. Reg. 13277),NA,NA,other_hts_policy,https://www.usitc.gov/harmonized_tariff_information/hts/archive/list?page=2,Increasing Duties on Certain Articles From the Russian Federation,88 Fed. Reg. 13277,https://www.federalregister.gov/documents/2023/03/02/2023-04471/increasing-duties-on-certain-articles-from-the-russian-federation,"Archive-driven from USITC HTS archive Modification Source(s). Use links to validate legal authority, effective dates, and Chapter 99 text."
2023_rev_4,2023-04-27,NA,NA,Adjusting Imports of Aluminum Into the United States (88 Fed. Reg. 13267),NA,NA,section_232_aluminum,https://www.usitc.gov/harmonized_tariff_information/hts/archive/list?page=2,Adjusting Imports of Aluminum Into the United States,88 Fed. Reg. 13267,https://www.federalregister.gov/documents/2023/03/02/2023-04470/adjusting-imports-of-aluminum-into-the-united-states,"Archive-driven from USITC HTS archive Modification Source(s). Use links to validate legal authority, effective dates, and Chapter 99 text."
2023_rev_5,2023-05-17,NA,NA,"Notice of Product Exclusion Extensions: China's Acts, Policies, and Practices Related to Technology Transfer, Intellectual Property, and Innovation (88 Fed. Reg. 31580)",NA,NA,section_301_china_or_dst,https://www.usitc.gov/harmonized_tariff_information/hts/archive/list?page=2,"Notice of Product Exclusion Extensions: China's Acts, Policies, and Practices Related to Technology Transfer, Intellectual Property, and Innovation",88 Fed. Reg. 31580,https://www.federalregister.gov/documents/2023/05/17/2023-10460/notice-of-product-exclusion-extensions-chinas-acts-policies-and-practices-related-to-technology,"Archive-driven from USITC HTS archive Modification Source(s). Use links to validate legal authority, effective dates, and Chapter 99 text."
2023_rev_6,2023-05-31,NA,NA,"Notice of Product Exclusion Extensions: China's Acts, Policies, and Practices Related to Technology Transfer, Intellectual Property, and Innovation (88 Fed. Reg. 31580)",NA,NA,section_301_china_or_dst,https://www.usitc.gov/harmonized_tariff_information/hts/archive/list?page=2,"Notice of Product Exclusion Extensions: China's Acts, Policies, and Practices Related to Technology Transfer, Intellectual Property, and Innovation",88 Fed. Reg. 31580,https://www.federalregister.gov/documents/2023/05/17/2023-10460/notice-of-product-exclusion-extensions-chinas-acts-policies-and-practices-related-to-technology,"Archive-driven from USITC HTS archive Modification Source(s). Use links to validate legal authority, effective dates, and Chapter 99 text."
2023_rev_7,2023-06-06,NA,NA,Adjusting Imports of Steel Into the United States (88 Fed. Reg. 36437),NA,NA,section_232_steel,https://www.usitc.gov/harmonized_tariff_information/hts/archive/list?page=2,Adjusting Imports of Steel Into the United States,88 Fed. Reg. 36437,https://www.federalregister.gov/documents/2023/06/05/2023-12055/adjusting-imports-of-steel-into-the-united-states,"Archive-driven from USITC HTS archive Modification Source(s). Use links to validate legal authority, effective dates, and Chapter 99 text."
2023_rev_8,2023-06-13,NA,NA,"Notice of Conforming Amendments to Product Exclusion Extensions: China's Acts, Policies, and Practices Related to Technology Transfer, Intellectual Property, and Innovation (88 Fed. Reg. 38120)",NA,NA,section_301_china_or_dst,https://www.usitc.gov/harmonized_tariff_information/hts/archive/list?page=2,"Notice of Conforming Amendments to Product Exclusion Extensions: China's Acts, Policies, and Practices Related to Technology Transfer, Intellectual Property, and Innovation",88 Fed. Reg. 38120,https://www.federalregister.gov/documents/2023/06/12/2023-12492/notice-of-conforming-amendments-to-product-exclusion-extensions-chinas-acts-policies-and-practices,"Archive-driven from USITC HTS archive Modification Source(s). Use links to validate legal authority, effective dates, and Chapter 99 text."
2023_rev_9,2023-06-30,NA,NA,"Notice of Conforming Amendments to Product Exclusion Extensions: China's Acts, Policies, and Practices Related to Technology Transfer, Intellectual Property, and Innovation (88 Fed. Reg. 38120); Changes approved by the Committee for Statistical Annotation of Tariff Schedules under section 484(f), Tariff Act of 1930 (484(f))",NA,NA,section_301_china_or_dst_and_statistical_or_technical,https://www.usitc.gov/harmonized_tariff_information/hts/archive/list?page=2,"Notice of Conforming Amendments to Product Exclusion Extensions: China's Acts, Policies, and Practices Related to Technology Transfer, Intellectual Property, and Innovation | Changes approved by the Committee for Statistical Annotation of Tariff Schedules under section 484(f), Tariff Act of 1930",88 Fed. Reg. 38120 | 484(f),https://www.federalregister.gov/documents/2023/06/12/2023-12492/notice-of-conforming-amendments-to-product-exclusion-extensions-chinas-acts-policies-and-practices | https://www.usitc.gov/harmonized_tariff_information/484_f_committee_changes,"REVIEW: Archive-driven from USITC HTS archive Modification Source(s). Use links to validate legal authority, effective dates, and Chapter 99 text."
2023_rev_10,2023-07-24,NA,NA,"Notice of Conforming Amendments to Previously Reinstated Exclusions: China's Acts, Policies, and Practices Related to Technology Transfer, Intellectual Property, and Innovation (88 Fed. Reg. 46362)",NA,NA,section_301_china_or_dst,https://www.usitc.gov/harmonized_tariff_information/hts/archive/list?page=2,"Notice of Conforming Amendments to Previously Reinstated Exclusions: China's Acts, Policies, and Practices Related to Technology Transfer, Intellectual Property, and Innovation",88 Fed. Reg. 46362,https://www.federalregister.gov/documents/2023/07/19/2023-15309/notice-of-conforming-amendments-to-previously-reinstated-exclusions-chinas-acts-policies-and,"Archive-driven from USITC HTS archive Modification Source(s). Use links to validate legal authority, effective dates, and Chapter 99 text."
2023_rev_11,2023-09-21,NA,NA,"Notice of Extension for Product Exclusions: China's Acts, Policies, and Practices Related to Technology Transfer, Intellectual Property, and Innovation (88 Fed. Reg. 62423)",NA,NA,section_301_china_or_dst,https://www.usitc.gov/harmonized_tariff_information/hts/archive/list?page=2,"Notice of Extension for Product Exclusions: China's Acts, Policies, and Practices Related to Technology Transfer, Intellectual Property, and Innovation",88 Fed. Reg. 62423,https://federalregister.gov/documents/2023/09/11/2023-19494/notice-of-extension-for-product-exclusions-chinas-acts-policies-and-practices-related-to-technology,"Archive-driven from USITC HTS archive Modification Source(s). Use links to validate legal authority, effective dates, and Chapter 99 text."
2024_basic,2023-12-29,NA,NA,2024 basic edition (pre-2025 baseline: legacy §232 steel/alu + §301 China + §201),NA,NA,agoa_and_section_232_aluminum_and_section_232_steel_and_section_301_china_or_dst_and_statistical_or_technical,https://www.usitc.gov/harmonized_tariff_information/hts/archive/list?page=2,"A Proclamation on Adjusting Imports of Aluminum into the United States | A Proclamation on Adjusting Imports of Steel into the United States | To Take Certain Actions Under the African Growth and Opportunity Act and For Other Purposes | Extension of Exclusions and Request for Comments: China’s Acts, Policies and Practices Related to Technology Transfer, Intellectual Property and Innovation | Changes approved by the Committee for Statistical Annotation of Tariff Schedules under section 484(f), Tariff Act of 1930",89 Fed. Reg. 223 | 89 Fed. Reg. 227 | 89 Fed. Reg. 437 | 88 Fed. Reg. 90225 | 484(f),https://www.federalregister.gov/documents/2024/01/03/2023-28995/adjusting-imports-of-aluminum-into-the-united-states | https://www.federalregister.gov/documents/2024/01/03/2023-28996/adjusting-imports-of-steel-into-the-united-states | https://www.federalregister.gov/documents/2024/01/04/2024-00051/to-take-certain-actions-under-the-african-growth-and-opportunity-act-and-for-other-purposes | https://www.federalregister.gov/documents/2023/12/29/2023-28770/extension-of-exclusions-and-request-for-comments-chinas-acts-policies-and-practices-related-to | https://www.usitc.gov/harmonized_tariff_information/484_f_committee,"REVIEW: Archive-driven from USITC HTS archive Modification Source(s). Use links to validate legal authority, effective dates, and Chapter 99 text."
2024_rev_1,2024-01-25,NA,NA,"Notice of Conforming Amendment To Reinstated Exclusion: China's Acts, Policies, and Practices Related to Technology Transfer, Intellectual Property, and Innovation (89 Fed. Reg. 3703)",NA,NA,section_301_china_or_dst,https://www.usitc.gov/harmonized_tariff_information/hts/archive/list?page=2,"Notice of Conforming Amendment To Reinstated Exclusion: China's Acts, Policies, and Practices Related to Technology Transfer, Intellectual Property, and Innovation",89 Fed. Reg. 3703,https://www.federalregister.gov/documents/2024/01/19/2024-01023/notice-of-conforming-amendment-to-reinstated-exclusion-chinas-acts-policies-and-practices-related-to,"Archive-driven from USITC HTS archive Modification Source(s). Use links to validate legal authority, effective dates, and Chapter 99 text."
2024_rev_2,2024-05-31,NA,NA,"A Proclamation on Adjusting Imports of Steel Into the United States (89 Fed. Reg. 48233); To Take Certain Actions Under the United States-Mexico-Canada Agreement Implementation Act and For Other Purposes (85 Fed. Reg. 39821); Notice of Extension of Certain Exclusions: China's Acts, Policies, and Practices Related to Technology Transfer, Intellectual Property, and Innovation (89 Fed. Reg. 46948)",NA,NA,fta_usmca_and_section_232_steel_and_section_301_china_or_dst,https://www.usitc.gov/harmonized_tariff_information/hts/archive/list?page=2,"A Proclamation on Adjusting Imports of Steel Into the United States | To Take Certain Actions Under the United States-Mexico-Canada Agreement Implementation Act and For Other Purposes | Notice of Extension of Certain Exclusions: China's Acts, Policies, and Practices Related to Technology Transfer, Intellectual Property, and Innovation",89 Fed. Reg. 48233 | 85 Fed. Reg. 39821 | 89 Fed. Reg. 46948,https://www.federalregister.gov/documents/2024/06/05/2024-12503/adjusting-imports-of-steel-into-the-united-states | https://www.federalregister.gov/documents/2020/07/01/2020-14448/to-take-certain-actions-under-the-united-states--mexico-canada-agreement-implementation-act-and-for | https://www.federalregister.gov/documents/2024/05/30/2024-11904/notice-of-extension-of-certain-exclusions-chinas-acts-policies-and-practices-related-to-technology,"Archive-driven from USITC HTS archive Modification Source(s). Use links to validate legal authority, effective dates, and Chapter 99 text."
2024_rev_3,2024-06-14,NA,NA,"Notice of Extension of Certain Exclusions: China's Acts, Policies, and Practices Related to Technology Transfer, Intellectual Property, and Innovation (89 Fed. Reg. 46948)",NA,NA,section_301_china_or_dst,https://www.usitc.gov/harmonized_tariff_information/hts/archive/list?page=2,"Notice of Extension of Certain Exclusions: China's Acts, Policies, and Practices Related to Technology Transfer, Intellectual Property, and Innovation",89 Fed. Reg. 46948,https://www.federalregister.gov/documents/2024/05/30/2024-11904/notice-of-extension-of-certain-exclusions-chinas-acts-policies-and-practices-related-to-technology,"Archive-driven from USITC HTS archive Modification Source(s). Use links to validate legal authority, effective dates, and Chapter 99 text."
2024_rev_4,2024-06-28,NA,NA,"To Further Facilitate Positive Adjustment to Competition from Imports of Certain Crystalline Silicon Photovoltaic Cells (Whether or Not Partially or Fully Assembled Into Other Products) (89 Fed. Reg. 53333); Changes approved by the Committee for Statistical Annotation of Tariff Schedules under section 484(f), Tariff Act of 1930 (484(f))",NA,NA,section_201_safeguard_and_statistical_or_technical,https://www.usitc.gov/harmonized_tariff_information/hts/archive/list?page=2,"To Further Facilitate Positive Adjustment to Competition from Imports of Certain Crystalline Silicon Photovoltaic Cells (Whether or Not Partially or Fully Assembled Into Other Products) | Changes approved by the Committee for Statistical Annotation of Tariff Schedules under section 484(f), Tariff Act of 1930",89 Fed. Reg. 53333 | 484(f),https://www.federalregister.gov/documents/2024/06/26/2024-14143/to-further-facilitate-positive-adjustment-to-competition-from-imports-of-certain-crystalline-silicon | https://www.usitc.gov/harmonized_tariff_information/484_f_committee,"REVIEW: Archive-driven from USITC HTS archive Modification Source(s). Use links to validate legal authority, effective dates, and Chapter 99 text."
2024_rev_5,2024-07-16,NA,NA,A Proclamation on Adjusting Imports of Steel Into the United States (89 Fed. Reg. 57347); A Proclamation on Adjusting Imports of Aluminum Into the United States (89 Fed. Reg. 57339),NA,NA,section_232_aluminum_and_section_232_steel,https://www.usitc.gov/harmonized_tariff_information/hts/archive/list?page=1,A Proclamation on Adjusting Imports of Steel Into the United States | A Proclamation on Adjusting Imports of Aluminum Into the United States,89 Fed. Reg. 57347 | 89 Fed. Reg. 57339,https://www.federalregister.gov/documents/2024/07/15/2024-15641/adjusting-imports-of-steel-into-the-united-states | https://www.federalregister.gov/documents/2024/07/15/2024-15632/adjusting-imports-of-aluminum-into-the-united-states,"Archive-driven from USITC HTS archive Modification Source(s). Use links to validate legal authority, effective dates, and Chapter 99 text."
2024_rev_6,2024-07-31,NA,NA,To Take Certain Actions Under the United States-Mexico-Canada Agreement Implementation Act and For Other Purposes (85 Fed. Reg. 39821),NA,NA,fta_usmca,https://www.usitc.gov/harmonized_tariff_information/hts/archive/list?page=1,To Take Certain Actions Under the United States-Mexico-Canada Agreement Implementation Act and For Other Purposes,85 Fed. Reg. 39821,https://www.federalregister.gov/documents/2020/07/01/2020-14448/to-take-certain-actions-under-the-united-states--mexico-canada-agreement-implementation-act-and-for,"Archive-driven from USITC HTS archive Modification Source(s). Use links to validate legal authority, effective dates, and Chapter 99 text."
2024_rev_7,2024-08-06,NA,NA,"Notice of Conforming Amendments to Reinstated Exclusions: China's Acts, Policies and Practices Related to Technology Transfer, Intellectual Property, and Innovation (89 Fed. Reg. 64038)",NA,NA,section_301_china_or_dst,https://www.usitc.gov/harmonized_tariff_information/hts/archive/list?page=1,"Notice of Conforming Amendments to Reinstated Exclusions: China's Acts, Policies and Practices Related to Technology Transfer, Intellectual Property, and Innovation",89 Fed. Reg. 64038,https://www.federalregister.gov/documents/2024/08/06/2024-17360/notice-of-conforming-amendments-to-reinstated-exclusions-chinas-acts-policies-and-practices-related,"Archive-driven from USITC HTS archive Modification Source(s). Use links to validate legal authority, effective dates, and Chapter 99 text."
2024_rev_8,2024-08-15,NA,NA,To Further Facilitate Positive Adjustment to Competition From Imports of Certain Crystalline Silicon Photovoltaic Cells (Whether or Not Partially or Fully Assembled Into Other Products) (89 Fed. Reg. 66181),NA,NA,section_201_safeguard,https://www.usitc.gov/harmonized_tariff_information/hts/archive/list?page=1,To Further Facilitate Positive Adjustment to Competition From Imports of Certain Crystalline Silicon Photovoltaic Cells (Whether or Not Partially or Fully Assembled Into Other Products),89 Fed. Reg. 66181,https://www.federalregister.gov/documents/2024/08/15/2024-18444/to-further-facilitate-positive-adjustment-to-competition-from-imports-of-certain-crystalline-silicon,"Archive-driven from USITC HTS archive Modification Source(s). Use links to validate legal authority, effective dates, and Chapter 99 text."
2024_rev_9,2024-09-26,NA,NA,Sep 2024 §301 increases (EVs,solar,"semiconductors, steel/alu, ship-to-shore cranes),NA,NA",section_301_china_or_dst,https://www.usitc.gov/harmonized_tariff_information/hts/archive/list?page=1,"Notice of Modification: China’s Acts, Policies and Practices Related to Technology Transfer, Intellectual Property and Innovation",89 Fed. Reg. 76581,https://www.federalregister.gov/documents/2024/09/18/2024-21217/notice-of-modification-chinas-acts-policies-and-practices-related-to-technology-transfer,"Archive-driven from USITC HTS archive Modification Source(s). Use links to validate legal authority, effective dates, and Chapter 99 text."
2024_rev_10,2024-11-22,NA,NA,To Facilitate Positive Adjustment to Competition From Imports of Fine Denier Polyester Staple Fiber (89 Fed. Reg. 92015); To Modify the Harmonized Tariff Schedule of the United States and for Other Purposes (86 Fed. Reg. 73593); Determination Under the African Growth and Opportunity Act (82 Fed. Reg. 39940); To Implement the World Trade Organization Declaration on the Expansion of Trade in Information Technology Products and For Other Purposes (81 Fed. Reg. 44129),NA,NA,agoa_and_other_hts_policy,https://www.usitc.gov/harmonized_tariff_information/hts/archive/list?page=1,To Facilitate Positive Adjustment to Competition From Imports of Fine Denier Polyester Staple Fiber | To Modify the Harmonized Tariff Schedule of the United States and for Other Purposes | Determination Under the African Growth and Opportunity Act | To Implement the World Trade Organization Declaration on the Expansion of Trade in Information Technology Products and For Other Purposes,89 Fed. Reg. 92015 | 86 Fed. Reg. 73593 | 82 Fed. Reg. 39940 | 81 Fed. Reg. 44129,https://www.federalregister.gov/documents/2024/11/20/R1-2024-26714/to-facilitate-positive-adjustment-to-competition-from-imports-of-fine-denier-polyester-staple-fiber | https://www.federalregister.gov/documents/2021/12/28/2021-28334/to-modify-the-harmonized-tariff-schedule-of-the-united-states-and-for-other-purposes | https://www.federalregister.gov/documents/2017/08/22/2017-17705/determination-under-the-african-growth-and-opportunity-act | https://www.federalregister.gov/documents/2016/07/06/2016-16174/to-implement-the-world-trade-organization-declaration-on-the-expansion-of-trade-in-information,"Archive-driven from USITC HTS archive Modification Source(s). Use links to validate legal authority, effective dates, and Chapter 99 text."
2025_basic,2025-01-01,NA,NA,Baseline (pre-Trump 2.0),NA,NA,agriculture_trq_and_section_301_china_or_dst_and_statistical_or_technical,https://www.usitc.gov/harmonized_tariff_information/hts/archive/list?page=1,"To Implement the United States-Israel Agreement On Trade In Agricultural Products And For Other Purposes | Notice of Modification: China’s Acts, Policies and Practices Related to Technology Transfer, Intellectual Property and Innovation | Notice of Modification: China’s Acts, Policies and Practices Related to Technology Transfer, Intellectual Property and Innovation | Changes approved by the Committee for Statistical Annotation of Tariff Schedules under section 484(f), Tariff Act of 1930",89 Fed. Reg. 105333 | 89 Fed. Reg. 101682 | 89 Fed. Reg. 76581 | 484(f),https://www.federalregister.gov/documents/2024/12/27/2024-31353/to-implement-the-united-states-israel-agreement-on-trade-in-agricultural-products-and-for-other | https://www.federalregister.gov/documents/2024/12/16/2024-29462/notice-of-modification-chinas-acts-policies-and-practices-related-to-technology-transfer | https://www.federalregister.gov/documents/2024/09/18/2024-21217/notice-of-modification-chinas-acts-policies-and-practices-related-to-technology-transfer | https://www.usitc.gov/harmonized_tariff_information/484_f_committee,"REVIEW: Archive-driven from USITC HTS archive Modification Source(s). Use links to validate legal authority, effective dates, and Chapter 99 text."
2025_rev_1,2025-01-27,2025-02-04,NA,China IEEPA fentanyl (+10%; EO 14195 eff. Feb 4),NA,NA,ieepa_fentanyl,https://www.usitc.gov/harmonized_tariff_information/hts/archive/list?page=1,"Implementation of Additional Duties on Products of the People’s Republic of China Pursuant to the President’s February 1, 2025 Executive Order Imposing Duties to Address the Synthetic Opioid Supply Chain in the People’s Republic of China",90 Fed. Reg. 9038,https://www.federalregister.gov/documents/2025/02/05/2025-02293/implementation-of-additional-duties-on-products-of-the-peoples-republic-of-china-pursuant-to-the,"Archive-driven from USITC HTS archive Modification Source(s). Use links to validate legal authority, effective dates, and Chapter 99 text."
2025_rev_2,2025-02-01,2025-02-05,NA,"Amended Notice of Implementation of Additional Duties on Products of the People’s Republic of China Pursuant to the President’s February 1, 2025 Executive Order Imposing Duties to Address the Synthetic Opioid Supply Chain in the People’s Republic of China (90 Fed. Reg. 9431)",NA,NA,ieepa_fentanyl,https://www.usitc.gov/harmonized_tariff_information/hts/archive/list?page=1,"Amended Notice of Implementation of Additional Duties on Products of the People’s Republic of China Pursuant to the President’s February 1, 2025 Executive Order Imposing Duties to Address the Synthetic Opioid Supply Chain in the People’s Republic of China",90 Fed. Reg. 9431,https://www.federalregister.gov/documents/2025/02/12/2025-02576/amended-notice-of-implementation-of-additional-duties-on-products-of-the-peoples-republic-of-china,"REVIEW: Archive-driven from USITC HTS archive Modification Source(s). Use links to validate legal authority, effective dates, and Chapter 99 text."
2025_rev_3,2025-02-04,2025-03-04,NA,CA/MX fentanyl (+25%) and China fentanyl (+20%) eff. Mar 4 after the February pause,NA,NA,ieepa_fentanyl,https://www.usitc.gov/harmonized_tariff_information/hts/archive/list?page=1,"Notice of Implementation of Additional Duties on Products of Canada Pursuant to the President’s Executive Order 14193, Imposing Duties to Address the Flow of Illicit Drugs Across Our Northern Border | Notice of Implementation of Additional Duties on Products of Mexico Pursuant to the President’s Executive Order 14194, Imposing Duties to Address the Situation At Our Southern Border | Further Amended Notice of Implementation of Additional Duties on Products of the People’s Republic of China Pursuant to the President’s Executive Order 14195, Imposing Duties to Address the Synthetic Opioid Supply Chain in the People’s Republic of China",90 Fed. Reg. 11423 | 90 Fed. Reg. 11429 | 90 Fed. Reg. 11426,https://www.federalregister.gov/documents/2025/03/06/2025-03664/notice-of-implementation-of-additional-duties-on-products-of-canada-pursuant-to-the-presidents | https://www.federalregister.gov/documents/2025/03/06/2025-03665/notice-of-implementation-of-additional-duties-on-products-of-mexico-pursuant-to-the-presidents | https://www.federalregister.gov/documents/2025/03/06/2025-03677/further-amended-notice-of-implementation-of-additional-duties-on-products-of-the-peoples-republic-of#page-11429,"Archive-driven from USITC HTS archive Modification Source(s). Use links to validate legal authority, effective dates, and Chapter 99 text."
2025_rev_4,2025-03-04,2025-03-07,NA,USMCA carve-outs (Mar 7); 232 derivatives text (Mar 12 items held by stated-date gate until 2025_rev_5),NA,NA,ieepa_fentanyl_and_section_232_aluminum_and_section_232_steel,https://www.usitc.gov/harmonized_tariff_information/hts/archive/list?page=1,"Implementation of Duties on Aluminum Pursuant to Proclamation 10895 Adjusting Imports of Aluminum into the United States | Implementation of Duties on Steel Pursuant to Proclamation 10896 Adjusting Imports of Steel into the United States | Amendment to Notice of Implementation of Additional Duties on Products of Canada Pursuant to the President’s Executive Order 14193, Imposing Duties to Address the Flow of Illicit Drugs Across Our Northern Border | Amendment to Notice of Implementation of Additional Duties on Products of Mexico Pursuant to the President’s Executive Order 14194, Imposing Duties to Address the Situation At Our Southern Border",90 Fed. Reg. 11251 | 90 Fed. Reg. 11249 | 90 Fed. Reg. 11743 | 90 Fed. Reg. 11746,https://www.federalregister.gov/documents/2025/03/05/2025-03596/implementation-of-duties-on-aluminum-pursuant-to-proclamation-10895-adjusting-imports-of-aluminum | https://www.federalregister.gov/documents/2025/03/05/2025-03598/implementation-of-duties-on-steel-pursuant-to-proclamation-10896-adjusting-imports-of-steel-into-the | https://www.federalregister.gov/documents/2025/03/11/2025-03901/amendment-to-notice-of-implementation-of-additional-duties-on-products-of-canada-pursuant-to-the | https://www.federalregister.gov/documents/2025/03/11/2025-03900/amendment-to-notice-of-implementation-of-additional-duties-on-products-of-mexico-pursuant-to-the,"Archive-driven from USITC HTS archive Modification Source(s). Use links to validate legal authority, effective dates, and Chapter 99 text."
2025_rev_5,2025-03-05,2025-03-14,NA,"Certification of Systems for Processing and Collecting Tariffs on Steel and Aluminum Articles Pursuant to the President’s February 10, 2025 Proclamations (90 Fed. Reg. 12123)",NA,NA,other_hts_policy,https://www.usitc.gov/harmonized_tariff_information/hts/archive/list?page=1,"Certification of Systems for Processing and Collecting Tariffs on Steel and Aluminum Articles Pursuant to the President’s February 10, 2025 Proclamations",90 Fed. Reg. 12123,https://www.federalregister.gov/documents/2025/03/14/2025-04210/certification-of-systems-for-processing-and-collecting-tariffs-on-steel-and-aluminum-articles,"REVIEW: Archive-driven from USITC HTS archive Modification Source(s). Use links to validate legal authority, effective dates, and Chapter 99 text."
2025_rev_6,2025-03-12,2025-04-03,2025-03-17,232 Autos (25%; Proclamation 10908 eff. Apr 3),NA,NA,section_232_aluminum_and_section_232_autos,https://www.usitc.gov/harmonized_tariff_information/hts/archive/list?page=1,Adjusting Imports of Automobiles and Automobile Parts Into the United States | Implementation of Duties on Aluminum Derivatives Beer and Empty Aluminum Cans Pursuant to Proclamation 10895 Adjusting Imports of Aluminum into the United States,90 Fed. Reg. 14705 | 90 Fed. Reg. 14786,https://www.federalregister.gov/documents/2025/04/03/2025-05930/adjusting-imports-of-automobiles-and-automobile-parts-into-the-united-states | https://www.federalregister.gov/documents/2025/04/04/2025-05884/implementation-of-duties-on-aluminum-derivatives-beer-and-empty-aluminum-cans-pursuant-to,"Archive-driven from USITC HTS archive Modification Source(s). Use links to validate legal authority, effective dates, and Chapter 99 text."
2025_rev_7,2025-04-02,2025-04-05,NA,IEEPA Phase 1 reciprocal (Liberation Day; 10% baseline eff. Apr 5; Apr-9 country rates held by stated-date gate until 2025_rev_8),NA,NA,ieepa_reciprocal,https://www.usitc.gov/harmonized_tariff_information/hts/archive/list?page=1,Regulating Imports With a Reciprocal Tariff To Rectify Trade Practices That Contribute to Large and Persistent Annual United States Goods Trade Deficits,90 Fed. Reg. 15041,https://www.federalregister.gov/documents/2025/04/07/2025-06063/regulating-imports-with-a-reciprocal-tariff-to-rectify-trade-practices-that-contribute-to-large-and,"Archive-driven from USITC HTS archive Modification Source(s). Use links to validate legal authority, effective dates, and Chapter 99 text."
2025_rev_8,2025-04-03,2025-04-09,NA,China IEEPA: 34% -> 84%; country-specific Phase 1 rates begin,NA,NA,ieepa_reciprocal,https://www.usitc.gov/harmonized_tariff_information/hts/archive/list?page=1,Amendment to Reciprocal Tariffs and Updated Duties as Applied to Low-Value Imports from the People’s Republic of China,90 Fed. Reg. 15509,https://www.federalregister.gov/documents/2025/04/14/2025-06378/amendment-to-reciprocal-tariffs-and-updated-duties-as-applied-to-low-value-imports-from-the-peoples,"Archive-driven from USITC HTS archive Modification Source(s). Use links to validate legal authority, effective dates, and Chapter 99 text."
2025_rev_9,2025-04-05,2025-04-10,NA,China IEEPA: 84% -> 125%; Phase 1 suspended (90-day pause),NA,NA,ieepa_reciprocal,https://www.usitc.gov/harmonized_tariff_information/hts/archive/list?page=1,Modifying Reciprocal Tariff Rates To Reflect Trading Partner Retaliation and Alignment,90 Fed. Reg. 15625,https://www.federalregister.gov/documents/2025/04/15/2025-06462/modifying-reciprocal-tariff-rates-to-reflect-trading-partner-retaliation-and-alignment,"Archive-driven from USITC HTS archive Modification Source(s). Use links to validate legal authority, effective dates, and Chapter 99 text."
2025_rev_10,2025-04-09,2025-04-15,2025-04-17,Phase 1 suspension continues; retroactive Apr-5 electronics memo (covered by Annex II exemption windows),NA,NA,other_hts_policy,https://www.usitc.gov/harmonized_tariff_information/hts/archive/list?page=1,"Clarification of Exceptions Under Executive Order 14257 of April 2, 2025, as Amended",White House memo,https://www.whitehouse.gov/,"REVIEW: Archive-driven from USITC HTS archive Modification Source(s). Use links to validate legal authority, effective dates, and Chapter 99 text."
2025_rev_11,2025-04-11,2025-05-03,NA,232 Auto parts (eff. May 3),NA,NA,ieepa_fentanyl_and_section_232_autos,https://www.usitc.gov/harmonized_tariff_information/hts/archive/list?page=1,"Adjusting Imports of Automobiles and Automobile Parts Into the United States | Notice of Implementation of Additional Duties on Products of the People’s Republic of China Pursuant to the President’s Executive Order 14256, Further Amendment to Duties Addressing the Synthetic Opioid Supply Chain in the People’s Republic of China",90 Fed. Reg. 14705 | 90 Fed. Reg. 17608,https://www.federalregister.gov/documents/2025/04/03/2025-05930/adjusting-imports-of-automobiles-and-automobile-parts-into-the-united-states | https://www.federalregister.gov/documents/2025/04/28/2025-07325/notice-of-implementation-of-additional-duties-on-products-of-the-peoples-republic-of-china-pursuant,"Archive-driven from USITC HTS archive Modification Source(s). Use links to validate legal authority, effective dates, and Chapter 99 text."
2025_rev_12,2025-04-14,2025-05-14,NA,Geneva: China 125% -> 34% suspended to 10% (EO 14298 eff. May 14),NA,NA,ieepa_reciprocal,https://www.usitc.gov/harmonized_tariff_information/hts/archive/list?page=1,Modifying Reciprocal Tariff Rates to Reflect Discussions with the People’s Republic of China,90 Fed. Reg. 21831,https://www.federalregister.gov/documents/2025/05/21/2025-09297/modifying-reciprocal-tariff-rates-to-reflect-discussions-with-the-peoples-republic-of-china,"Archive-driven from USITC HTS archive Modification Source(s). Use links to validate legal authority, effective dates, and Chapter 99 text."
2025_rev_13,2025-04-22,2025-05-16,NA,Notice of Implementation of Addressing Certain Tariffs on Imported Articles Pursuant to the President's Executive Order 14289 (90 Fed. Reg. 21487),NA,NA,other_hts_policy,https://www.usitc.gov/harmonized_tariff_information/hts/archive/list?page=1,Notice of Implementation of Addressing Certain Tariffs on Imported Articles Pursuant to the President's Executive Order 14289,90 Fed. Reg. 21487,https://www.federalregister.gov/documents/2025/05/20/2025-09066/notice-of-implementation-of-addressing-certain-tariffs-on-imported-articles-pursuant-to-the,"REVIEW: Archive-driven from USITC HTS archive Modification Source(s). Use links to validate legal authority, effective dates, and Chapter 99 text."
2025_rev_14,2025-05-02,2025-06-04,NA,232 steel/aluminum + derivatives 50% (Proclamation 10947 eff. Jun 4),NA,NA,section_232_steel_aluminum_and_section_301_china_or_dst,https://www.usitc.gov/harmonized_tariff_information/hts/archive/list?page=1,"Adjusting Imports of Aluminum and Steel Into the United States | Notice of Product Exclusion Extensions: China’s Acts, Policies, and Practices Related to Technology Transfer, Intellectual Property, and Innovation",90 Fed. Reg. 24199 | 90 Fed. Reg. 23987,https://www.federalregister.gov/documents/2025/06/09/2025-10524/adjusting-imports-of-aluminum-and-steel-into-the-united-states | https://www.federalregister.gov/documents/2025/06/05/2025-10203/notice-of-product-exclusion-extensions-chinas-acts-policies-and-practices-related-to-technology,"Archive-driven from USITC HTS archive Modification Source(s). Use links to validate legal authority, effective dates, and Chapter 99 text."
2025_rev_15,2025-05-14,2025-06-23,NA,Implementation of Duties on Steel Pursuant to Proclamation 10896 Adjusting Imports of Steel into the United States (90 Fed. Reg. 25208),NA,NA,section_232_steel,https://www.usitc.gov/harmonized_tariff_information/hts/archive/list?page=1,Implementation of Duties on Steel Pursuant to Proclamation 10896 Adjusting Imports of Steel into the United States,90 Fed. Reg. 25208,https://www.federalregister.gov/documents/2025/06/16/2025-11067/implementation-of-duties-on-steel-pursuant-to-proclamation-10896-adjusting-imports-of-steel-into-the,"REVIEW: Archive-driven from USITC HTS archive Modification Source(s). Use links to validate legal authority, effective dates, and Chapter 99 text."
2025_rev_16,2025-06-06,2025-07-01,NA,Annual July 1 staged updates (the 232 50% increase entered at 2025_rev_14),NA,NA,section_232_autos_and_statistical_or_technical,https://www.usitc.gov/harmonized_tariff_information/hts/archive/list?page=1,"Changes approved by the Committee for Statistical Annotation of Tariff Schedules under section 484(f), Tariff Act of 1930 | Imports of Automobiles, Automobile Parts, Civil Aircraft and Civil Aircraft Parts from the United Kingdom Under Executive Order 14309",484(f) | 90 Fed. Reg. 27851,https://www.usitc.gov/harmonized_tariff_information/484_f_committee | https://www.federalregister.gov/documents/2025/06/30/2025-12060/imports-of-automobiles-automobile-parts-civil-aircraft-and-civil-aircraft-parts-from-the-united,"REVIEW: Archive-driven from USITC HTS archive Modification Source(s). Use links to validate legal authority, effective dates, and Chapter 99 text."
2025_rev_17,2025-07-01,2025-08-01,2025-07-17,CA fentanyl: 25% -> 35%; copper 232 (Proclamation 10962) both eff. Aug 1,NA,NA,ieepa_fentanyl_and_section_232_copper,https://www.usitc.gov/harmonized_tariff_information/hts/archive/list?page=1,Adjusting Imports of Copper into the United States | Amendment to Duties to Address the Flow of Illicit Drugs Across Our Northern Border,90 Fed. Reg. 37727 | 90 Fed. Reg. 37957,https://www.federalregister.gov/documents/2025/08/05/2025-14893/adjusting-imports-of-copper-into-the-united-states | https://www.federalregister.gov/documents/2025/08/06/2025-14999/amendment-to-duties-to-address-the-flow-of-illicit-drugs-across-our-northern-border,"Archive-driven from USITC HTS archive Modification Source(s). Use links to validate legal authority, effective dates, and Chapter 99 text."
2025_rev_18,2025-08-07,NA,2025-10-17,IEEPA Phase 2 reciprocal; Brazil EO (+40%); Phase 1 unsuspended,NA,NA,ieepa_brazil_and_ieepa_reciprocal_and_other_hts_policy,https://www.usitc.gov/harmonized_tariff_information/hts/archive/list?page=1,To Take Certain Actions Under the United States Mexico-Canada Agreement Implementation Act and for Other Purposes | Addressing Threats to the United States by the Government of Brazil | Further Modifying the Reciprocal Tariff Rates,85 Fed. Reg. 39821 | 90 Fed. Reg. 37739 | 90 Fed. Reg. 37963,https://www.federalregister.gov/documents/2020/07/01/2020-14448/to-take-certain-actions-under-the-united-states--mexico-canada-agreement-implementation-act-and-for | https://www.federalregister.gov/documents/2025/08/05/2025-14896/addressing-threats-to-the-united-states-by-the-government-of-brazil | https://www.federalregister.gov/documents/2025/08/06/2025-15010/further-modifying-the-reciprocal-tariff-rates,"REVIEW: Archive-driven from USITC HTS archive Modification Source(s). Use links to validate legal authority, effective dates, and Chapter 99 text."
2025_rev_19,2025-08-12,2025-08-18,NA,232 derivative inclusions (eff. Aug 18),NA,NA,other_hts_policy,https://www.usitc.gov/harmonized_tariff_information/hts/archive/list,Adoption and Procedures of the Section 232 Steel and Aluminum Tariff Inclusions Process,90 Fed. Reg. 40326,https://www.federalregister.gov/documents/2025/08/19/2025-15819/adoption-and-procedures-of-the-section-232-steel-and-aluminum-tariff-inclusions-process,"Archive-driven from USITC HTS archive Modification Source(s). Use links to validate legal authority, effective dates, and Chapter 99 text."
2025_rev_20,2025-08-20,2025-08-27,NA,India EO second +25% (eff. Aug 27),NA,NA,ieepa_india_russian_oil,https://www.usitc.gov/harmonized_tariff_information/hts/archive/list,"Notice of Implementation of Additional Duties on Products of India Pursuant to the President’s Executive Order 14329, Addressing Threats to the United States by the Government of the Russian Federation",90 Fed. Reg. 41837,https://www.federalregister.gov/documents/2025/08/27/2025-16419/notice-of-implementation-of-additional-duties-on-products-of-india-pursuant-to-the-presidents,"Archive-driven from USITC HTS archive Modification Source(s). Use links to validate legal authority, effective dates, and Chapter 99 text."
2025_rev_21,2025-08-28,2025-09-02,NA,"Notice of Implementation of the President’s Executive Order 14324, Suspending Duty-Free De Minimis Treatment For All Countries (90 Fed. Reg. 42418); Notice of Product Exclusion Extensions: China’s Acts, Policies, and Practices Related to Technology Transfer, Intellectual Property, and Innovation (90 Fed. Reg. 42500)",NA,NA,de_minimis_suspension_and_section_301_china_or_dst,https://www.usitc.gov/harmonized_tariff_information/hts/archive/list,"Notice of Implementation of the President’s Executive Order 14324, Suspending Duty-Free De Minimis Treatment For All Countries | Notice of Product Exclusion Extensions: China’s Acts, Policies, and Practices Related to Technology Transfer, Intellectual Property, and Innovation",90 Fed. Reg. 42418 | 90 Fed. Reg. 42500,https://www.federalregister.gov/documents/2025/09/02/2025-16802/notice-of-implementation-of-the-presidents-executive-order-14324-suspending-duty-free-de-minimis | https://www.federalregister.gov/documents/2025/09/02/2025-16733/notice-of-product-exclusion-extensions-chinas-acts-policies-and-practices-related-to-technology,"REVIEW: Archive-driven from USITC HTS archive Modification Source(s). Use links to validate legal authority, effective dates, and Chapter 99 text."
2025_rev_22,2025-09-03,2025-09-08,NA,EO 14346 Annex II metals/gold amendment (eff. Sep 8),NA,NA,ieepa_reciprocal,https://www.usitc.gov/harmonized_tariff_information/hts/archive/list,Modifying the Scope of Reciprocal Tariffs and Establishing Procedures for Implementing Trade and Security Agreements,90 Fed. Reg. 43737,https://www.federalregister.gov/documents/2025/09/10/2025-17507/modifying-the-scope-of-reciprocal-tariffs-and-establishing-procedures-for-implementing-trade-and,"Archive-driven from USITC HTS archive Modification Source(s). Use links to validate legal authority, effective dates, and Chapter 99 text."
2025_rev_23,2025-09-12,2025-09-16,NA,Japan floor (15%; implementation eff. Sep 16),NA,NA,country_deal_japan_and_other_hts_policy,https://www.usitc.gov/harmonized_tariff_information/hts/archive/list,Adoption and Procedures of the Section 232 Steel and Aluminum Tariff Inclusions Process | Implementing Certain Tariff-Related Elements of the United States-Japan Agreement,90 Fed. Reg. 40326 | 90 Fed. Reg. 44638,https://www.federalregister.gov/documents/2025/08/19/2025-15819/adoption-and-procedures-of-the-section-232-steel-and-aluminum-tariff-inclusions-process | https://www.federalregister.gov/documents/2025/09/16/2025-17908/implementing-certain-tariff-related-elements-of-the-united-states-japan-agreement,"Archive-driven from USITC HTS archive Modification Source(s). Use links to validate legal authority, effective dates, and Chapter 99 text."
2025_rev_24,2025-09-19,2025-09-25,NA,EU exemption entries (9903.02.74-77; legally retroactive to Sep 1; text published Sep 25 - retro window not modeled),NA,NA,country_deal_japan_and_ieepa_reciprocal,https://www.usitc.gov/harmonized_tariff_information/hts/archive/list,"Implementing Certain Tariff-Related Elements of the U.S.-EU Framework on an Agreement on Reciprocal, Fair, and Balanced Trade | Implementing Certain Tariff-Related Elements of the United States-Japan Agreement",90 Fed. Reg. 46136 | 90 Fed. Reg. 44638,https://www.federalregister.gov/documents/2025/09/25/2025-18660/implementing-certain-tariff-related-elements-of-the-us-eu-framework-on-an-agreement-on-reciprocal | https://www.federalregister.gov/documents/2025/09/16/2025-17908/implementing-certain-tariff-related-elements-of-the-united-states-japan-agreement,"REVIEW: Archive-driven from USITC HTS archive Modification Source(s). Use links to validate legal authority, effective dates, and Chapter 99 text."
2025_rev_25,2025-09-26,2025-10-14,NA,232 wood/timber (PP 10976; 9903.76 eff. Oct 14),NA,NA,ieepa_reciprocal_and_section_232_timber_lumber,https://www.usitc.gov/harmonized_tariff_information/hts/archive/list,"Adjusting Imports of Timber, Lumber, and Their Derivative Products Into the United States | Further Modifying the Reciprocal Tariff Rates",90 Fed. Reg. 48127 | 90 Fed. Reg. 37963,https://www.federalregister.gov/documents/2025/10/06/2025-19482/adjusting-imports-of-timber-lumber-and-their-derivative-products-into-the-united-states | https://www.federalregister.gov/documents/2025/08/06/2025-15010/further-modifying-the-reciprocal-tariff-rates,"Archive-driven from USITC HTS archive Modification Source(s). Use links to validate legal authority, effective dates, and Chapter 99 text."
2025_rev_26,2025-10-06,2025-11-01,NA,MHD vehicles/buses 232 (eff. Nov 1); copper 232; 232 auto entries,NA,NA,section_232_mhdv,https://www.usitc.gov/harmonized_tariff_information/hts/archive/list,"Adjusting Imports of Medium- and Heavy-Duty Vehicles, Medium- and Heavy-Duty Vehicle Parts, and Buses Into the United States",90 Fed. Reg. 48451,https://www.federalregister.gov/documents/2025/10/22/2025-19639/adjusting-imports-of-medium--and-heavy-duty-vehicles-medium--and-heavy-duty-vehicle-parts-and-buses,"Archive-driven from USITC HTS archive Modification Source(s). Use links to validate legal authority, effective dates, and Chapter 99 text."
2025_rev_27,2025-10-15,2025-11-09,NA,301 cranes (100%; eff. Nov 9); China fentanyl: 20% -> 10% (eff. Nov 10),NA,NA,ieepa_fentanyl_and_section_301_china_or_dst,https://www.usitc.gov/harmonized_tariff_information/hts/archive/list,"Notice of Modification and Proposed Modification of Section 301 Action: China's Targeting of the Maritime, Logistics, and Shipbuilding Sectors for Dominance | Modifying Duties Addressing the Synthetic Opioid Supply Chain in the People's Republic of China",90 Fed. Reg. 48320 | 90 Fed. Reg. 50725,https://www.federalregister.gov/documents/2025/10/16/2025-19568/notice-of-modification-and-proposed-modification-of-section-301-action-chinas-targeting-of-the | https://www.federalregister.gov/documents/2025/11/07/2025-19825/modifying-duties-addressing-the-synthetic-opioid-supply-chain-in-the-peoples-republic-of-china,"Archive-driven from USITC HTS archive Modification Source(s). Use links to validate legal authority, effective dates, and Chapter 99 text."
2025_rev_28,2025-10-22,2025-11-10,NA,China-deal follow-through (eff. Nov 10),NA,NA,section_301_china_or_dst,https://www.usitc.gov/harmonized_tariff_information/hts/archive/list,"Notice of Modification of Section 301 Action: China's Targeting of the Maritime, Logistics, and Shipbuilding Sectors for Dominance",90 Fed. Reg. 50947,https://www.federalregister.gov/documents/2025/11/13/2025-19873/notice-of-modification-of-section-301-action-chinas-targeting-of-the-maritime-logistics-and,"Archive-driven from USITC HTS archive Modification Source(s). Use links to validate legal authority, effective dates, and Chapter 99 text."
2025_rev_29,2025-10-31,2025-11-13,NA,Agricultural Annex II expansion (eff. Nov 13); note 2(v)(iii) restructured into (iii)(a)/(b),NA,NA,ieepa_reciprocal,https://www.usitc.gov/harmonized_tariff_information/hts/archive/list,Modifying the Scope of the Reciprocal Tariffs With Respect to Certain Agricultural Products,90 Fed. Reg. 54091,https://www.federalregister.gov/documents/2025/11/25/2025-21203/modifying-the-scope-of-the-reciprocal-tariffs-with-respect-to-certain-agricultural-products,"Archive-driven from USITC HTS archive Modification Source(s). Use links to validate legal authority, effective dates, and Chapter 99 text."
2025_rev_30,2025-11-05,2025-11-21,NA,Nov-13 EO follow-through corrections (published Nov 21),NA,NA,ieepa_brazil_and_section_232_autos,https://www.usitc.gov/harmonized_tariff_information/hts/archive/list,"Procedures To Administer Import Adjustment Offset Amounts for Certain Imports of Automobile Parts Under Proclamation 10908, as Amended | Modifying the Scope of Tariffs on the Government of Brazil",90 Fed. Reg. 25027 | 90 Fed. Reg. 54467,https://www.federalregister.gov/documents/2025/06/13/2025-10740/procedures-to-administer-import-adjustment-offset-amounts-for-certain-imports-of-automobile-parts | https://www.federalregister.gov/documents/2025/11/26/2025-21417/modifying-the-scope-of-tariffs-on-the-government-of-brazil,"Archive-driven from USITC HTS archive Modification Source(s). Use links to validate legal authority, effective dates, and Chapter 99 text."
2025_rev_31,2025-11-12,2025-11-30,NA,"Notice of Product Exclusion Extensions: China’s Acts, Policies, and Practices Related to Technology Transfer, Intellectual Property, and Innovation (90 Fed. Reg. 55232)",NA,NA,section_301_china_or_dst,https://www.usitc.gov/harmonized_tariff_information/hts/archive/list,"Notice of Product Exclusion Extensions: China’s Acts, Policies, and Practices Related to Technology Transfer, Intellectual Property, and Innovation",90 Fed. Reg. 55232,https://www.federalregister.gov/documents/2025/12/01/2025-21671/notice-of-product-exclusion-extensions-chinas-acts-policies-and-practices-related-to-technology,"REVIEW: Archive-driven from USITC HTS archive Modification Source(s). Use links to validate legal authority, effective dates, and Chapter 99 text."
2025_rev_32,2025-11-15,2025-12-05,2025-11-17,S. Korea floor (15%) and 232 auto S. Korea; legally retroactive to Nov 14; text published Dec 5 - retro window not modeled,NA,NA,country_deal_korea,https://www.usitc.gov/harmonized_tariff_information/hts/archive/list,Implementing Certain Tariff-Related Elements of the U.S.-Korea Strategic Trade and Investment Deal,90 Fed. Reg. 55964,https://www.federalregister.gov/documents/2025/12/04/2025-21940/implementing-certain-tariff-related-elements-of-the-us-korea-strategic-trade-and-investment-deal,"REVIEW: Archive-driven from USITC HTS archive Modification Source(s). Use links to validate legal authority, effective dates, and Chapter 99 text."
2026_basic,2026-01-01,NA,NA,Switzerland/Liechtenstein floor (15%),NA,NA,agriculture_trq_and_ieepa_reciprocal_and_other_hts_policy_and_section_232_semiconductors_and_section_301_china_or_dst,https://www.usitc.gov/harmonized_tariff_information/hts/archive/list,"Implementing Certain Tariff-Related Elements of the Framework for a United States-Switzerland-Liechtenstein Agreement on Fair, Balance, and Reciprocal Trade | Notice of Action: China’s Acts, Policies, and Practices Related to Targeting of the Semiconductor Industry for Dominance | Notice of Modification: China’s Acts, Policies and Practices Related to Technology Transfer, Intellectual Property and Innovation | Notice of Modification: China's Acts, Policies, and Practices Related to Technology Transfer, Intellectual Property, and Innovation | Notice of Implementation of Action: Nicaragua’s Acts, Policies, and Practices Related to Labor Rights, Human Rights and Fundamental Freedoms, and the Rule of Law | Modification of the Allocation of the WTO Tariff-Rate Quota Volumes for Beef | To Implement the United States-Israel Agreement on Trade in Agricultural Products and For Other Purposes",90 Fed. Reg. 59281 | 90 Fed. Reg. 60848 | 89 Fed. Reg. 76581 | 89 Fed. Reg. 101682 | 90 Fed. Reg. 60850 | 90 Fed. Reg. 61497 | 91 Fed. Reg. 889,https://www.federalregister.gov/documents/2025/12/18/2025-23316/implementing-certain-tariff-related-elements-of-the-framework-for-a-united | https://www.federalregister.gov/documents/2025/12/29/2025-23912/notice-of-action-chinas-acts-policies-and-practices-related-to-targeting-of-the-semiconductor | https://www.federalregister.gov/documents/2024/09/18/2024-21217/notice-of-modification-chinas-acts-policies-and-practices-related-to-technology-transfer | https://www.federalregister.gov/documents/2024/12/16/2024-29462/notice-of-modification-chinas-acts-policies-and-practices-related-to-technology-transfer | https://www.federalregister.gov/documents/2025/12/29/2025-23892/notice-of-implementation-of-action-nicaraguas-acts-policies-and-practices-related-to-labor-rights | https://www.federalregister.gov/documents/2025/12/31/2025-24120/modification-of-the-allocation-of-the-wto-tariff-rate-quota-volumes-for-beef | https://www.federalregister.gov/documents/2026/01/08/2026-00245/to-implement-the-united-states-israel-agreement-on-trade-in-agricultural-products-and-for-other,"Archive-driven from USITC HTS archive Modification Source(s). Use links to validate legal authority, effective dates, and Chapter 99 text."
2026_rev_1,2026-01-16,2026-01-15,NA,Semiconductor tariffs (25%; 9903.79; eff. Jan 15),NA,NA,section_232_semiconductors,https://www.usitc.gov/harmonized_tariff_information/hts/archive/list,"Adjusting Imports of Semiconductors, Semiconductor Manufacturing Equipment, and Their Derivative Products Into the United States",91 Fed. Reg. 2443,https://www.federalregister.gov/documents/2026/01/20/2026-01052/adjusting-imports-of-semiconductors-semiconductor-manufacturing-equipment-and-their-derivative,"Archive-driven from USITC HTS archive Modification Source(s). Use links to validate legal authority, effective dates, and Chapter 99 text."
2026_rev_2,2026-01-30,2026-02-01,NA,"Changes approved by the Committee for Statistical Annotation of Tariff Schedules (formulated pursuant to section 484(f), Tariff Act of 1930, as amended) (484(f)); statistical changes eff. Feb 1",NA,NA,statistical_or_technical,https://www.usitc.gov/harmonized_tariff_information/hts/archive/list,"Changes approved by the Committee for Statistical Annotation of Tariff Schedules under section 484(f), Tariff Act of 1930",484(f),https://www.usitc.gov/harmonized_tariff_information/484_f_committee,"REVIEW: Archive-driven from USITC HTS archive Modification Source(s). Use links to validate legal authority, effective dates, and Chapter 99 text."
2026_rev_3,2026-02-12,2026-02-07,NA,Ensuring Affordable Beef for the American Consumer (91 Fed. Reg. 7107; Argentina beef quota 9903.54 eff. Feb 7). Modifying Duties To Address Threats to the United States by the Government of the Russian Federation (91 Fed. Reg. 6501),NA,NA,agriculture_trq_and_other_hts_policy,https://www.usitc.gov/harmonized_tariff_information/hts/archive/list,Ensuring Affordable Beef for the American Consumer | Modifying Duties To Address Threats to the United States by the Government of the Russian Federation,91 Fed. Reg. 7107 | 91 Fed. Reg. 6501,https://www.federalregister.gov/documents/2026/02/13/2026-03050/ensuring-affordable-beef-for-the-american-consumer | https://www.federalregister.gov/documents/2026/02/11/2026-02818/modifying-duties-to-address-threats-to-the-united-states-by-the-government-of-the-russian-federation,"Archive-driven from USITC HTS archive Modification Source(s). Use links to validate legal authority, effective dates, and Chapter 99 text."
2026_rev_4,2026-02-24,NA,NA,Imposing a Temporary Import Surcharge to Address Fundamental International Payments Problems (91 Fed. Reg. 9339). Continuing the Suspension of Duty-Free De Minimis Treatment for all Countries (91 Fed. Reg. 17839),NA,NA,de_minimis_suspension_and_section_122,https://www.usitc.gov/harmonized_tariff_information/hts/archive/list,Imposing a Temporary Import Surcharge to Address Fundamental International Payments Problems | Continuing the Suspension of Duty-Free De Minimis Treatment for all Countries,91 Fed. Reg. 9339 | 91 Fed. Reg. 17839,https://www.federalregister.gov/documents/2026/02/25/2026-03824/imposing-a-temporary-import-surcharge-to-address-fundamental-international-payments-problems | https://www.federalregister.gov/documents/2026/04/09/R1-2026-03829/continuing-the-suspension-of-duty-free-de-minimis-treatment-for-all-countries,"Archive-driven from USITC HTS archive Modification Source(s). Use links to validate legal authority, effective dates, and Chapter 99 text."
2026_rev_5,2026-04-08,2026-04-06,NA,"Strengthening Actions Taken To Adjust Imports of Aluminum, Steel, and Copper Into the United States (91 Fed. Reg. 18201)",NA,NA,section_232_metals,https://www.usitc.gov/harmonized_tariff_information/hts/archive/list,"Strengthening Actions Taken To Adjust Imports of Aluminum, Steel, and Copper Into the United States",91 Fed. Reg. 18201,https://www.federalregister.gov/documents/2026/04/09/2026-06960/strengthening-actions-taken-to-adjust-imports-of-aluminum-steel-and-copper-into-the-united-states,"REVIEW: Archive-driven from USITC HTS archive Modification Source(s). Use links to validate legal authority, effective dates, and Chapter 99 text. USITC archive source is Section 232 metals overhaul. Separate pharmaceutical/API proclamation appears contemporaneous but is not listed as the Modification Source for this HTS revision in the archive page captured."
2026_rev_6,2026-04-23,2026-04-23,NA,Procedures for Submissions by Certain Steel and Aluminum Producers Committing to New U.S. Steel or Aluminum Production to Obtain Tariff Adjustments Under Proclamation 10984 (91 Fed. Reg. 21790),NA,NA,other_hts_policy,https://www.usitc.gov/harmonized_tariff_information/hts/archive/list,Procedures for Submissions by Certain Steel and Aluminum Producers Committing to New U.S. Steel or Aluminum Production to Obtain Tariff Adjustments Under Proclamation 10984,91 Fed. Reg. 21790,https://www.federalregister.gov/documents/2026/04/23/2026-07987/procedures-for-submissions-by-certain-steel-and-aluminum-producers-committing-to-new-us-steel-or,"Archive-driven from USITC HTS archive Modification Source(s). Use links to validate legal authority, effective dates, and Chapter 99 text."
2026_rev_7,2026-04-29,2026-04-29,NA,Notice of Technical Corrections to the Harmonized Tariff Schedule of the United States for Duties Imposed by Presidential Proclamation 11021 (91 Fed. Reg. 23056),NA,NA,statistical_or_technical,https://www.usitc.gov/harmonized_tariff_information/hts/archive/list,Notice of Technical Corrections to the Harmonized Tariff Schedule of the United States for Duties Imposed by Presidential Proclamation 11021,91 Fed. Reg. 23056,https://www.federalregister.gov/documents/2026/04/29/2026-08297/notice-of-technical-corrections-to-the-harmonized-tariff-schedule-of-the-united-states-for-duties,"Archive-driven from USITC HTS archive Modification Source(s). Use links to validate legal authority, effective dates, and Chapter 99 text."
2026_rev_8,2026-05-22,2026-05-22,NA,To Implement Certain Provisions in the Consolidated Appropriations Act and for Other Purposes (91 Fed. Reg. 30469) Amending the Procedures to Administer Import Adjustment Offset Amounts for Certain Imports of Automobile Parts Under Proclamation 10908. To Include Medium- and Heavy-Duty Vehicle Parts (91 Fed. Reg. 27914),NA,NA,other_hts_policy_and_section_232_autos,https://www.usitc.gov/harmonized_tariff_information/hts/archive/list,"To Implement Certain Provisions in the Consolidated Appropriations Act and for Other Purposes | Procedures To Administer Import Adjustment Offset Amounts for Certain Imports of Automobile Parts Under Proclamation 10908, as Amended",91 Fed. Reg. 30469 | 91 Fed. Reg. 27914,https://www.federalregister.gov/documents/2026/05/22/2026-10398/to-implement-certain-provisions-in-the-consolidated-appropriations-act-2026-and-for-other-purposes | https://www.federalregister.gov/documents/2026/05/15/2026-09782/amending-the-procedures-to-administer-import-adjustment-offset-amounts-for-certain-imports-of,Restored 2026-06-18 (previously excluded as editorial-only; in fact substantive). Consolidated Appropriations Act conforming changes + Section 232 auto-parts Import Adjustment Offset extended to medium/heavy-duty vehicle parts (Proclamation 10908). effective_date 2026-05-22 = USITC HTS publication (releaseStartDate). Archive-driven from USITC HTS archive Modification Source(s).
2026_rev_9,2026-05-28,2026-05-01,NA,Implementing Certain Tariff-Related Elements of a Trade and Security Agreement Between the American Institute in Taiwan and the Taipei Economic and Cultural Representative Office in the United States (91 Fed. Reg. 31818). Taiwan added to 15% floor structure; legally retroactive to May 1 per change record (dated May 1 here).,NA,NA,country_deal_taiwan,https://www.usitc.gov/harmonized_tariff_information/hts/archive/list,Implementing Certain Tariff-Related Elements of a Trade and Security Agreement Between the American Institute in Taiwan and the Taipei Economic and Cultural Representative Office in the United States,91 Fed. Reg. 31818,https://www.federalregister.gov/documents/2026/05/28/2026-10571/implementing-certain-tariff-related-elements-of-a-trade-and-security-agreement-between-the-american,"Archive-driven from USITC HTS archive Modification Source(s). Use links to validate legal authority, effective dates, and Chapter 99 text."
2026_rev_10,2026-06-08,2026-06-08,NA,"232 metals-annex expansion (PP 11032; eff. Jun 8): rate lines 9903.82.20-.26, new annex subdivisions 16(c)(xi)/16(j)/16(k), modified copper/alu exemption headings. PP 11032 effective on publication, no retro window — publication date = policy date, confirmed against the 2026HTSRev10 change record (scripts/audit_revision_dates.R).",NA,NA,section_232_metals,https://www.usitc.gov/harmonized_tariff_information/hts/archive/list,"Further Adjusting the Tariff Regimes for Imports of Aluminum, Steel, and Copper Into the United States",91 Fed. Reg. 34085,https://www.federalregister.gov/documents/2026/06/04/2026-11314/further-adjusting-the-tariff-regimes-for-imports-of-aluminum-steel-and-copper-into-the-united-states,"Archive-driven from USITC HTS archive Modification Source(s). Use links to validate legal authority, effective dates, and Chapter 99 text."
2026_rev_11,2026-07-01,2026-07-01,NA,Changes approved by the Committee for Statistical Annotation of Tariff Schedules (formulated pursuant to section 484(f) Tariff Act of 1930 as amended) (484(f)),NA,FALSE,statistical_or_technical,https://www.usitc.gov/harmonized_tariff_information/hts/archive/list,"Changes approved by the Committee for Statistical Annotation of Tariff Schedules (formulated pursuant to section 484(f), Tariff Act of 1930, as amended)",484(f),https://www.usitc.gov/harmonized_tariff_information/484_f_committee,"Archive-driven from USITC HTS archive Modification Source(s). Use links to validate legal authority, effective dates, and Chapter 99 text."
2026_rev_12,2026-07-21,2026-07-21,NA,"Section 301 Brazil final action codified (USTR FR Doc 2026-14542, 91 FR 45516; duties effective 2026-07-22): 9 new ch99 headings 9903.05.01-.09 under U.S. note 50, 25% on all products of Brazil except the note-50 exclusion lists.",NA,FALSE,section_301_brazil,https://www.usitc.gov/harmonized_tariff_information/hts/archive/list,"Notice of Action: Brazil's Acts, Policies, and Practices Related to Digital Trade and Electronic Payment Services; Unfair, Preferential Tariffs; Anti-Corruption Enforcement; Intellectual Property Protection; Ethanol Market Access; and Illegal Deforestation",91 Fed. Reg. 45516,https://www.federalregister.gov/documents/2026/07/20/2026-14542/notice-of-action-brazils-acts-policies-and-practices-related-to-digital-trade-and-electronic-payment,"effective_date/policy_effective_date = 2026-07-21 = USITC HTS publication. The Brazil duty is legally effective 2026-07-22, i.e. one day INSIDE this revision interval, so it is applied via the activation-gating mechanism (collect_activation_adjustments / SECTION_301_BRAZIL) rather than at the revision boundary. The rev_12 USITC change record was not retrievable (endpoint returned HTTP 503); publication date used, consistent with upstream."
2026_rev_13,2026-07-28,2026-07-24,NA,"Section 301 forced-labor final action against 60 economies (91 FR 47318 USTR notice / 91 FR 47717 presidential document; effective 2026-07-24): U.S. note 52(a)-(k) and headings 9903.05.20-9903.06.21 established, 10%/12.5% additional ad valorem per economy on all products, with Annex I/II exclusions.",NA,FALSE,section_301_forced_labor,https://www.usitc.gov/harmonized_tariff_information/hts/archive/list,"Notice of Actions in Section 301 Investigations of Acts, Policies, and Practices of Various Economies Related to the Failure of Each Economy To Impose and Effectively Enforce a Prohibition on the Importation of Goods Produced With Forced Labor | Actions by the United States in the Investigations Under Section 301 of the Trade Act of 1974 of the Acts, Policies, and Practices of 60 Economies Related to the Failure of Each Economy To Impose and Effectively Enforce a Prohibition on the Importation of Goods Produced With Forced Labor",91 Fed. Reg. 47318 | 91 Fed. Reg. 47717,https://www.federalregister.gov/documents/2026/07/28/2026-15181/notice-of-actions-in-section-301-investigations-of-acts-policies-and-practices-of-various-economies | https://www.federalregister.gov/documents/2026/07/28/2026-15274/actions-by-the-united-states-in-the-investigations-under-section-301-of-the-trade-act-of-1974-of-the,policy_effective_date 2026-07-24 is the effective date the 2026HTSRev13 USITC change record assigns to EVERY established item (note 52(a)-(k) and all of 9903.05.20-9903.06.21); effective_date 2026-07-28 is the HTS publication date. Re-dated from 2026-07-28 so the duty turn-on lands on a revision boundary. NOT modeled: the in-transit window (heading 9903.05.85 — loaded before 12:01 a.m. ET 2026-07-24 and entered before 12:01 a.m. ET 2026-07-28).
2026_rev_14,2026-07-31,2026-07-31,NA,"Notice of Actions in Section 301 Investigations of Acts, Policies, and Practices of Various Economies Related to the Failure of Each Economy To Impose and Effectively Enforce a Prohibition on the Importation of Goods Produced With Forced Labor (91 Fed. Reg. 47318) Notice of Action: Brazil's Acts, Policies, and Practices Related to Digital Trade and Electronic Payment Services; Unfair, Preferential Tariffs; Anti-Corruption Enforcement; Intellectual Property Protection; Ethanol Market Access; & Illegal Deforestation (91 Fed. Reg. 45516) Adjusting Imports of Pharmaceuticals and Pharmaceutical Ingredients Into the United States (91 Fed. Reg. 18183)",NA,FALSE,section_232_pharmaceuticals_and_section_301_brazil_and_section_301_forced_labor,https://www.usitc.gov/harmonized_tariff_information/hts/archive/list,"Notice of Actions in Section 301 Investigations of Acts, Policies, and Practices of Various Economies Related to the Failure of Each Economy To Impose and Effectively Enforce a Prohibition on the Importation of Goods Produced With Forced Labor | Notice of Action: Brazil's Acts, Policies, and Practices Related to Digital Trade and Electronic Payment Services; Unfair, Preferential Tariffs; Anti-Corruption Enforcement; Intellectual Property Protection; Ethanol Market Access; & Illegal Deforestation | Adjusting Imports of Pharmaceuticals and Pharmaceutical Ingredients Into the United States",91 Fed. Reg. 47318 | 91 Fed. Reg. 45516 | 91 Fed. Reg. 18183,https://www.federalregister.gov/documents/2026/07/28/2026-15181/notice-of-actions-in-section-301-investigations-of-acts-policies-and-practices-of-various-economies | https://www.federalregister.gov/documents/2026/07/20/2026-14542/notice-of-action-brazils-acts-policies-and-practices-related-to-digital-trade-and-electronic-payment | https://www.federalregister.gov/documents/2026/04/09/2026-06956/adjusting-imports-of-pharmaceuticals-and-pharmaceutical-ingredients-into-the-united-states,"Archive-driven from USITC HTS archive Modification Source(s). Use links to validate legal authority, effective dates, and Chapter 99 text."
2026_rev_15,2026-08-03,2026-08-03,NA,Notice of Reduction of Tariffs on Patented Pharmaceuticals and Pharmaceutical Ingredients for Products of the United Kingdom Implemented by Presidential Proclamation 11020 (91 Fed. Reg. 49406),NA,FALSE,country_deal_uk_and_section_232_pharmaceuticals,https://www.usitc.gov/harmonized_tariff_information/hts/archive/list,Notice of Reduction of Tariffs on Patented Pharmaceuticals and Pharmaceutical Ingredients for Products of the United Kingdom Implemented by Presidential Proclamation 11020,91 Fed. Reg. 49406,https://www.federalregister.gov/documents/2026/08/04/2026-15799/notice-of-reduction-of-tariffs-on-patented-pharmaceuticals-and-pharmaceutical-ingredients-for,"Archive-driven from USITC HTS archive Modification Source(s). Use links to validate legal authority, effective dates, and Chapter 99 text."
2026_rev_16,2026-08-14,2026-08-14,NA,"To Facilitate Positive Adjustment to Competition from Imports of Quartz Surface Products (91 Fed. Reg. 50645). Changes approved by the Committee for Statistical Annotation of Tariff Schedules (formulated pursuant to section 484(f), Tariff Act of 1930, as amended) (484(f))",NA,FALSE,section_201_safeguard_and_statistical_or_technical,https://www.usitc.gov/harmonized_tariff_information/hts/archive/list,"To Facilitate Positive Adjustment to Competition from Imports of Quartz Surface Products | Changes approved by the Committee for Statistical Annotation of Tariff Schedules (formulated pursuant to section 484(f), Tariff Act of 1930, as amended)",91 Fed. Reg. 50645 | 484(f),https://www.federalregister.gov/documents/2026/08/05/2026-15975/to-facilitate-positive-adjustment-to-competition-from-imports-of-quartz-surface-products | https://www.usitc.gov/harmonized_tariff_information/484_f_committee,"Archive-driven from USITC HTS archive Modification Source(s). Use links to validate legal authority, effective dates, and Chapter 99 text."
2026_rev_17,2026-08-24,2026-08-24,NA,"Imposing Additional Duties To Offset Canadian Discrimination Against the Commerce of the United States With Respect to Alcoholic Beverages (91 Fed. Reg. 46639). Imposing Additional Duties To Offset Canadian Discrimination Against the Commerce of the United States With Respect to Dairy (91 Fed. Reg. 46653). Imposing Additional Duties To Offset Canadian Discrimination Against the Commerce of the United States With Respect to Motor Vehicles (91 Fed. Reg. 46663). Temporary Suspension of Additional Duties To Offset Canadian Discrimination Against the Commerce of the United States With Respect to Alcoholic Beverages, Dairy, and Motor Vehicles (91 Fed. Reg. 54789).",NA,FALSE,section_338_canada,https://www.usitc.gov/harmonized_tariff_information/hts/archive/list,"Imposing Additional Duties To Offset Canadian Discrimination Against the Commerce of the United States With Respect to Alcoholic Beverages | Imposing Additional Duties To Offset Canadian Discrimination Against the Commerce of the United States With Respect to Dairy | Imposing Additional Duties To Offset Canadian Discrimination Against the Commerce of the United States With Respect to Motor Vehicles | Temporary Suspension of Additional Duties To Offset Canadian Discrimination Against the Commerce of the United States With Respect to Alcoholic Beverages, Dairy, and Motor Vehicles",91 Fed. Reg. 46639 | 91 Fed. Reg. 46653 | 91 Fed. Reg. 46663 | 91 Fed. Reg. 54789,https://www.federalregister.gov/documents/2026/07/23/2026-14991/imposing-additional-duties-to-offset-canadian-discrimination-against-the-commerce-of-the-united | https://www.federalregister.gov/documents/2026/07/23/2026-14992/imposing-additional-duties-to-offset-canadian-discrimination-against-the-commerce-of-the-united | https://www.federalregister.gov/documents/2026/07/23/2026-14997/imposing-additional-duties-to-offset-canadian-discrimination-against-the-commerce-of-the-united | https://www.federalregister.gov/documents/2026/08/24/2026-17294/temporary-suspension-of-additional-duties-to-offset-canadian-discrimination-against-the-commerce-of,"Archive-driven from USITC HTS archive Modification Source(s). Use links to validate legal authority, effective dates, and Chapter 99 text."
2026_rev_18,2026-09-02,2026-09-02,NA,"Adjusting Imports of Unmanned Aircraft Systems and Unmanned Aircraft Systems Components Into the United States (91 Fed. Reg. 53699). Further Ensuring Affordable Beef for the American Consumer (91 Fed. Reg . 55989). Notice of Conforming Amendments to Product Exclusions: China's Acts, Policies, and Practices Related to Technology Transfer, Intellectual Property, and Innovation (91 Fed. Reg. 56538).",NA,FALSE,agriculture_trq_and_section_232_unmanned_aircraft_and_section_301_china_or_dst,https://www.usitc.gov/harmonized_tariff_information/hts/archive/list,"Adjusting Imports of Unmanned Aircraft Systems and Unmanned Aircraft Systems Components Into the United States | Further Ensuring Affordable Beef for the American Consumer | Notice of Conforming Amendments to Product Exclusions: China's Acts, Policies, and Practices Related to Technology Transfer, Intellectual Property, and Innovation",91 Fed. Reg. 53699 | 91 Fed. Reg. 55989 | 91 Fed. Reg. 56538,https://www.federalregister.gov/documents/2026/08/19/2026-16979/adjusting-imports-of-unmanned-aircraft-systems-and-unmanned-aircraft-systems-components-into-the | https://www.federalregister.gov/documents/2026/08/31/2026-17842/further-ensuring-affordable-beef-for-the-american-consumer | https://www.federalregister.gov/documents/2026/09/02/2026-17925/notice-of-conforming-amendments-to-product-exclusions-chinas-acts-policies-and-practices-related-to,"Archive-driven from USITC HTS archive Modification Source(s). Use links to validate legal authority, effective dates, and Chapter 99 text."
2026_rev_19,2026-09-15,2026-09-15,NA,Modifying the Scope of Products of Canada Subject to the Additional Duties Imposed to Offset Canadian Discrimination Against the Commerce of the United States with Respect to Alcoholic Beverages (91 Fed. Reg. 58331). Modifying the Scope of Products of Canada Subject to the Additional Duties Imposed To Offset Canadian Discrimination Against the Commerce of the United States With Respect to Motor Vehicles (91 Fed. Reg. 58339),NA,FALSE,section_338_canada,https://www.usitc.gov/harmonized_tariff_information/hts/archive/list,Modifying the Scope of Products of Canada Subject to the Additional Duties Imposed to Offset Canadian Discrimination Against the Commerce of the United States with Respect to Alcoholic Beverages | Modifying the Scope of Products of Canada Subject to the Additional Duties Imposed To Offset Canadian Discrimination Against the Commerce of the United States With Respect to Motor Vehicles,91 Fed. Reg. 58331 | 91 Fed. Reg. 58339,https://www.federalregister.gov/documents/2026/09/14/2026-18838/modifying-the-scope-of-products-of-canada-subject-to-the-additional-duties-imposed-to-offset | https://www.federalregister.gov/documents/2026/09/14/2026-18839/modifying-the-scope-of-products-of-canada-subject-to-the-additional-duties-imposed-to-offset,"Archive-driven from USITC HTS archive Modification Source(s). Use links to validate legal authority, effective dates, and Chapter 99 text."
