GOODS_CODE,SUFFIX,INDENT,DESCRIPTION,UNIT,IS_LEAF,GT_RATE,START_DATE
01,80,0,Live animals,,0,,1988-01-01
0101,80,1,"Live horses, asses, mules and hinnies:",,0,,1988-01-01
,10,2,horses:,,,,2012-01-01
010121,80,3,pure-bred breeding animals:,,0,,2012-01-01
01012110,80,4,within the limits of the tariff quota (Q. No. 1),Fr. per piece(s),1,120.00,2012-01-01
01012190,80,4,other,Fr. per piece(s),1,3834.00,2012-01-01
010129,80,3,other:,,0,,2012-01-01
,10,4,for slaughter:,,,,2012-01-01
01012911,80,5,within the limits of the tariff quota (Q. No. 5),Fr. per piece(s),1,90.00,2012-01-01
01012919,80,5,other,Fr. per piece(s),1,1309.00,2012-01-01
,10,4,other:,,,,2012-01-01
01012991,80,5,within the limits of the tariff quota (Q. No. 1),Fr. per piece(s),1,120.00,2012-01-01
,10,5,other:,,,,2012-01-01
01012995,80,6,of a height at the withers exceeding 1.48 m,Fr. per piece(s),1,3834.00,2012-01-01
01012996,80,6,of a height at the withers exceeding 1.35 m but not exceeding 1.48 m,Fr. per piece(s),1,3834.00,2012-01-01
01012997,80,6,of a height at the withers not exceeding 1.35 m,Fr. per piece(s),1,3834.00,2012-01-01
010130,80,2,asses:,,0,,2012-01-01
,10,3,pure-bred breeding animals:,,,,2012-01-01
01013011,80,4,within the limits of the tariff quota (Q. No. 1),Fr. per piece(s),1,3.00,2012-01-01
01013019,80,4,other,Fr. per piece(s),1,1281.00,2012-01-01
,10,3,other:,,,,2012-01-01
01013091,80,4,for slaughter; wild asses,Fr. per piece(s),1,3.00,2012-01-01
,10,4,other:,,,,2012-01-01
01013095,80,5,within the limits of the tariff quota (Q. No. 1),Fr. per piece(s),1,3.00,2012-01-01
01013096,80,5,other,Fr. per piece(s),1,1281.00,2012-01-01
010190,80,2,other:,,0,,2002-01-01
01019010,80,3,for slaughter,Fr. per piece(s),1,3.00,2012-01-01
,10,3,other:,,,,2012-01-01
01019093,80,4,within the limits of the tariff quota (Q. No. 1),Fr. per piece(s),1,3.00,2012-01-01
01019099,80,4,other,Fr. per piece(s),1,1281.00,2012-01-01
0102,80,1,Live bovine animals:,,0,,1988-01-01
,10,2,cattle:,,,,2012-01-01
010221,80,3,pure-bred breeding animals:,,0,,2012-01-01
01022110,80,4,within the limits of the tariff quota (Q. No. 2),Fr. per piece(s),1,60.00,2012-01-01
,10,4,other:,,,,2012-01-01
01022191,80,5,"of brown, spotted or Holstein races",Fr. per piece(s),1,2594.00,2012-01-01
01022199,80,5,other,Fr. per piece(s),1,2594.00,2012-01-01
010229,80,3,other:,,0,,2012-01-01
,10,4,for slaughter:,,,,2012-01-01
01022911,80,5,within the limits of the tariff quota (Q. No. 5),Fr. per piece(s),1,95.00,2012-01-01
01022919,80,5,other,Fr. per piece(s),1,1275.00,2012-01-01
,10,4,other:,,,,2012-01-01
01022991,80,5,within the limits of the tariff quota (Q. No. 2),Fr. per piece(s),1,60.00,2012-01-01
01022999,80,5,other,Fr. per piece(s),1,1275.00,2012-01-01
,10,2,buffalo:,,,,2012-01-01
010231,80,3,pure-bred breeding animals:,,0,,2012-01-01
01023110,80,4,within the limits of the tariff quota (Q. No. 2),Fr. per piece(s),1,60.00,2012-01-01
01023190,80,4,other,Fr. per piece(s),1,2594.00,2012-01-01
010239,80,3,other:,,0,,2012-01-01
,10,4,for slaughter:,,,,2012-01-01
01023911,80,5,within the limits of the tariff quota (Q. No. 5),Fr. per piece(s),1,95.00,2012-01-01
01023919,80,5,other,Fr. per piece(s),1,1275.00,2012-01-01
,10,4,other:,,,,2012-01-01
01023991,80,5,within the limits of the tariff quota (Q. No. 2),Fr. per piece(s),1,60.00,2012-01-01
01023999,80,5,other,Fr. per piece(s),1,1275.00,2012-01-01
010290,80,2,other:,,0,,1988-01-01
,10,3,for slaughter:,,,,2012-01-01
01029012,80,4,within the limits of the tariff quota (Q. No. 5),Fr. per piece(s),1,95.00,2012-01-01
01029018,80,4,other,Fr. per piece(s),1,1275.00,2012-01-01
,10,3,other:,,,,2012-01-01
01029092,80,4,within the limits of the tariff quota (Q. No. 2),Fr. per piece(s),1,60.00,2012-01-01
01029098,80,4,other,Fr. per piece(s),1,1275.00,2012-01-01
0103,80,1,Live swine:,,0,,1988-01-01
010310,80,2,pure-bred breeding animals:,,0,,1988-01-01
01031010,80,3,within the limits of the tariff quota (Q. No. 3),Fr. per piece(s),1,10.00,1995-07-01
01031090,80,3,other,Fr. per piece(s),1,1309.00,1995-07-01
,10,2,other:,,,,1988-01-01
010391,80,3,weighing less than 50 kg:,,0,,1988-01-01
01039110,80,4,within the limits of the tariff quota (Q. No. 3) (breeding animals),Fr. per piece(s),1,63.00,1995-07-01
01039120,80,4,within the limits of the tariff quota (Q. No. 6) (for slaughter),Fr. per piece(s),1,63.00,1995-07-01
01039190,80,4,other,Fr. per piece(s),1,1309.00,1995-07-01
010392,80,3,weighing 50 kg or more:,,0,,1988-01-01
01039210,80,4,within the limits of the tariff quota (Q. No. 3) (breeding animals),Fr. per piece(s),1,40.00,1995-07-01
01039220,80,4,within the limits of the tariff quota (Q. No. 6) (for slaughter),Fr. per piece(s),1,40.00,1995-07-01
01039290,80,4,other,Fr. per piece(s),1,1309.00,1995-07-01
0104,80,1,Live sheep and goats:,,0,,1988-01-01
010410,80,2,sheep:,,0,,1988-01-01
01041010,80,3,within the limits of the tariff quota (Q. No. 4) (breeding animals),Fr. per piece(s),1,25.00,1995-07-01
01041020,80,3,within the limits of the tariff quota (Q. No. 5) (for slaughter),Fr. per piece(s),1,25.00,1995-07-01
01041090,80,3,other,Fr. per piece(s),1,122.00,1995-07-01
010420,80,2,goats:,,0,,1988-01-01
01042010,80,3,within the limits of the tariff quota (Q. No. 4) (breeding animals),Fr. per piece(s),1,43.00,1995-07-01
01042020,80,3,within the limits of the tariff quota (Q. No. 5) (for slaughter),Fr. per piece(s),1,43.00,1995-07-01
01042090,80,3,other,Fr. per piece(s),1,59.50,1995-07-01
0105,80,1,"Live poultry, that is to say, fowls of the species Gallus domesticus, ducks, geese, turkeys and guinea fowls:",,0,,1988-01-01
,10,2,weighing not more than 185 g:,,,,1988-01-01
01051100,80,3,fowls of the species Gallus domesticus,Fr. per 100 kg gross,1,0.00,1988-01-01
01051200,80,3,turkeys,Fr. per 100 kg gross,1,0.00,1996-01-01
01051300,80,3,ducks,Fr. per 100 kg gross,1,0.00,2012-01-01
01051400,80,3,geese,Fr. per 100 kg gross,1,0.00,2012-01-01
01051500,80,3,guinea fowls,Fr. per 100 kg gross,1,0.00,2012-01-01
,10,2,other:,,,,1988-01-01
01059400,80,3,fowls of the species Gallus domesticus,Fr. per 100 kg gross,1,8.00,2007-01-01
01059900,80,3,other,Fr. per 100 kg gross,1,8.00,1988-01-01
0106,80,1,Other live animals:,,0,,1988-01-01
,10,2,mammals:,,,,2002-01-01
01061100,80,3,primates,Fr. per 100 kg gross,1,0.00,2002-01-01
01061200,80,3,"whales, dolphins and porpoises (mammals of the order Cetacea); manatees and dugongs (mammals of the order Sirenia); seals, sea lions and walruses (mammals of the suborder Pinnipedia)",Fr. per 100 kg gross,1,0.00,2012-01-01
01061300,80,3,camels and other camelids (Camelidae),Fr. per 100 kg gross,1,0.00,2012-01-01
01061400,80,3,rabbits and hares,Fr. per 100 kg gross,1,0.00,2012-01-01
01061900,80,3,other,Fr. per 100 kg gross,1,0.00,2002-01-01
01062000,80,2,reptiles (including snakes and turtles),Fr. per 100 kg gross,1,0.00,2002-01-01
,10,2,birds:,,,,2002-01-01
01063100,80,3,birds of prey,Fr. per 100 kg gross,1,0.00,2002-01-01
01063200,80,3,"psittaciformes (including parrots, parakeets, macaws and cockatoos)",Fr. per 100 kg gross,1,0.00,2002-01-01
01063300,80,3,ostriches; emus (Dromaius novaehollandiae),Fr. per 100 kg gross,1,8.00,2012-01-01
010639,80,3,other:,,0,,2002-01-01
01063910,80,4,game birds,Fr. per 100 kg gross,1,8.00,2002-01-01
01063990,80,4,other,Fr. per 100 kg gross,1,0.00,2002-01-01
,10,2,insects:,,,,2012-01-01
01064100,80,3,bees,Fr. per 100 kg gross,1,0.00,2012-01-01
01064900,80,3,other,Fr. per 100 kg gross,1,0.00,2012-01-01
01069000,80,2,other,Fr. per 100 kg gross,1,0.00,2002-01-01
02,80,0,Meat and edible meat offal,,0,,1988-01-01
0201,80,1,"Meat of bovine animals, fresh or chilled:",,0,,1988-01-01
020110,80,2,carcasses and half-carcasses:,,0,,1988-01-01
,10,3,of veal:,,,,1995-07-01
02011011,80,4,within the limits of the tariff quota (Q. No. 5),Fr. per 100 kg gross,1,94.00,1995-07-01
02011019,80,4,other,Fr. per 100 kg gross,1,758.00,1995-07-01
,10,3,other:,,,,1995-07-01
02011091,80,4,within the limits of the tariff quota (Q. No. 5),Fr. per 100 kg gross,1,94.00,1995-07-01
02011099,80,4,other,Fr. per 100 kg gross,1,758.00,1995-07-01
020120,80,2,other cuts with bone in:,,0,,1988-01-01
,10,3,of veal:,,,,1995-07-01
02012011,80,4,within the limits of the tariff quota (Q. No. 5),Fr. per 100 kg gross,1,209.00,1995-07-01
02012019,80,4,other,Fr. per 100 kg gross,1,1368.00,1995-07-01
,10,3,other:,,,,1995-07-01
02012091,80,4,within the limits of the tariff quota (Q. No. 5),Fr. per 100 kg gross,1,209.00,1995-07-01
02012099,80,4,other,Fr. per 100 kg gross,1,1368.00,1995-07-01
020130,80,2,boneless:,,0,,1988-01-01
,10,3,of veal:,,,,1995-07-01
02013011,80,4,within the limits of the tariff quota (Q. No. 5),Fr. per 100 kg gross,1,209.00,1995-07-01
02013019,80,4,other,Fr. per 100 kg gross,1,2212.00,1995-07-01
,10,3,other:,,,,1995-07-01
02013091,80,4,within the limits of the tariff quota (Q. No. 5),Fr. per 100 kg gross,1,209.00,1995-07-01
02013099,80,4,other,Fr. per 100 kg gross,1,2212.00,1995-07-01
0202,80,1,"Meat of bovine animals, frozen:",,0,,1988-01-01
020210,80,2,carcasses and half-carcasses:,,0,,1988-01-01
,10,3,of veal:,,,,1995-07-01
02021011,80,4,within the limits of the tariff quota (Q. No. 5),Fr. per 100 kg gross,1,94.00,1995-07-01
02021019,80,4,other,Fr. per 100 kg gross,1,758.00,1995-07-01
,10,3,other:,,,,1995-07-01
02021091,80,4,within the limits of the tariff quota (Q. No. 5),Fr. per 100 kg gross,1,94.00,1995-07-01
02021099,80,4,other,Fr. per 100 kg gross,1,758.00,1995-07-01
020220,80,2,other cuts with bone in:,,0,,1988-01-01
,10,3,of veal:,,,,1995-07-01
02022011,80,4,within the limits of the tariff quota (Q. No. 5),Fr. per 100 kg gross,1,209.00,1995-07-01
02022019,80,4,other,Fr. per 100 kg gross,1,1233.00,1995-07-01
,10,3,other:,,,,1995-07-01
02022091,80,4,within the limits of the tariff quota (Q. No. 5),Fr. per 100 kg gross,1,209.00,1995-07-01
02022099,80,4,other,Fr. per 100 kg gross,1,1233.00,1995-07-01
020230,80,2,boneless:,,0,,1988-01-01
,10,3,of veal:,,,,1995-07-01
02023011,80,4,within the limits of the tariff quota (Q. No. 5),Fr. per 100 kg gross,1,209.00,1995-07-01
02023019,80,4,other,Fr. per 100 kg gross,1,2057.00,1995-07-01
,10,3,other:,,,,1995-07-01
02023091,80,4,within the limits of the tariff quota (Q. No. 5),Fr. per 100 kg gross,1,209.00,1995-07-01
02023099,80,4,other,Fr. per 100 kg gross,1,2057.00,1995-07-01
0203,80,1,"Meat of swine, fresh, chilled or frozen:",,0,,1988-01-01
,10,2,fresh or chilled:,,,,1988-01-01
020311,80,3,carcasses and half-carcasses:,,0,,1988-01-01
02031110,80,4,of wild boar,Fr. per 100 kg gross,1,9.00,1995-07-01
,10,4,other:,,,,1995-07-01
02031191,80,5,within the limits of the tariff quota (Q. No. 6),Fr. per 100 kg gross,1,43.00,1995-07-01
02031199,80,5,other,Fr. per 100 kg gross,1,347.00,1995-07-01
020312,80,3,"hams, shoulders and cuts thereof, with bone in:",,0,,1988-01-01
02031210,80,4,of wild boar,Fr. per 100 kg gross,1,7.00,1995-07-01
,10,4,other:,,,,1995-07-01
02031291,80,5,within the limits of the tariff quota (Q. No. 6),Fr. per 100 kg gross,1,50.00,1995-07-01
02031299,80,5,other,Fr. per 100 kg gross,1,508.00,1995-07-01
020319,80,3,other:,,0,,1988-01-01
02031910,80,4,of wild boar,Fr. per 100 kg gross,1,7.00,1995-07-01
,10,4,other:,,,,1995-07-01
02031981,80,5,within the limits of the tariff quota (Q. No. 6),Fr. per 100 kg gross,1,50.00,1995-07-01
,10,5,other:,,,,1995-07-01
02031991,80,6,loins and cuts thereof,Fr. per 100 kg gross,1,2304.00,1995-07-01
02031999,80,6,other,Fr. per 100 kg gross,1,396.00,1995-07-01
,10,2,frozen:,,,,1988-01-01
020321,80,3,carcasses and half-carcasses:,,0,,1988-01-01
02032110,80,4,of wild boar,Fr. per 100 kg gross,1,9.00,1995-07-01
,10,4,other:,,,,1995-07-01
02032191,80,5,within the limits of the tariff quota (Q. No. 6),Fr. per 100 kg gross,1,43.00,1995-07-01
02032199,80,5,other,Fr. per 100 kg gross,1,355.00,1995-07-01
020322,80,3,"hams, shoulders and cuts thereof, with bone in:",,0,,1988-01-01
02032210,80,4,of wild boar,Fr. per 100 kg gross,1,7.00,1995-07-01
,10,4,other:,,,,1995-07-01
02032291,80,5,within the limits of the tariff quota (Q. No. 6),Fr. per 100 kg gross,1,50.00,1995-07-01
02032299,80,5,other,Fr. per 100 kg gross,1,474.00,1995-07-01
020329,80,3,other:,,0,,1988-01-01
02032910,80,4,of wild boar,Fr. per 100 kg gross,1,7.00,1995-07-01
,10,4,other:,,,,1995-07-01
02032981,80,5,within the limits of the tariff quota (Q. No. 6),Fr. per 100 kg gross,1,50.00,1995-07-01
,10,5,other:,,,,1995-07-01
02032991,80,6,loins and cuts thereof,Fr. per 100 kg gross,1,2304.00,1995-07-01
02032999,80,6,other,Fr. per 100 kg gross,1,329.00,1995-07-01
0204,80,1,"Meat of sheep or goats, fresh, chilled or frozen:",,0,,1988-01-01
020410,80,2,"carcasses and half-carcasses of lamb, fresh or chilled:",,0,,1988-01-01
02041010,80,3,within the limits of the tariff quota (Q. No. 5),Fr. per 100 kg gross,1,30.00,1995-07-01
02041090,80,3,other,Fr. per 100 kg gross,1,838.00,1995-07-01
,10,2,"other meat of sheep, fresh or chilled:",,,,1988-01-01
020421,80,3,carcasses and half-carcasses:,,0,,1988-01-01
02042110,80,4,within the limits of the tariff quota (Q. No. 5),Fr. per 100 kg gross,1,30.00,1995-07-01
02042190,80,4,other,Fr. per 100 kg gross,1,845.00,1995-07-01
020422,80,3,other cuts with bone in:,,0,,1988-01-01
02042210,80,4,within the limits of the tariff quota (Q. No. 5),Fr. per 100 kg gross,1,30.00,1995-07-01
02042290,80,4,other,Fr. per 100 kg gross,1,753.00,1995-07-01
020423,80,3,boneless:,,0,,1988-01-01
02042310,80,4,within the limits of the tariff quota (Q. No. 5),Fr. per 100 kg gross,1,30.00,1995-07-01
02042390,80,4,other,Fr. per 100 kg gross,1,760.00,1995-07-01
020430,80,2,"carcasses and half-carcasses of lamb, frozen:",,0,,1988-01-01
02043010,80,3,within the limits of the tariff quota (Q. No. 5),Fr. per 100 kg gross,1,30.00,1995-07-01
02043090,80,3,other,Fr. per 100 kg gross,1,749.00,1995-07-01
,10,2,"other meat of sheep, frozen:",,,,1988-01-01
020441,80,3,carcasses and half-carcasses:,,0,,1988-01-01
02044110,80,4,within the limits of the tariff quota (Q. No. 5),Fr. per 100 kg gross,1,30.00,1995-07-01
02044190,80,4,other,Fr. per 100 kg gross,1,858.00,1995-07-01
020442,80,3,other cuts with bone in:,,0,,1988-01-01
02044210,80,4,within the limits of the tariff quota (Q. No. 5),Fr. per 100 kg gross,1,30.00,1995-07-01
02044290,80,4,other,Fr. per 100 kg gross,1,809.00,1995-07-01
020443,80,3,boneless:,,0,,1988-01-01
02044310,80,4,within the limits of the tariff quota (Q. No. 5),Fr. per 100 kg gross,1,30.00,1995-07-01
02044390,80,4,other,Fr. per 100 kg gross,1,760.00,1995-07-01
020450,80,2,meat of goats:,,0,,1988-01-01
02045010,80,3,within the limits of the tariff quota (Q. No. 5),Fr. per 100 kg gross,1,49.00,1995-07-01
02045090,80,3,other,Fr. per 100 kg gross,1,700.00,1995-07-01
0205,80,1,"Meat of horses, asses, mules or hinnies, fresh, chilled or frozen:",,0,,1988-01-01
02050010,80,2,within the limits of the tariff quota (Q. No. 5),Fr. per 100 kg gross,1,20.00,1995-07-01
02050090,80,2,other,Fr. per 100 kg gross,1,1459.00,1995-07-01
0206,80,1,"Edible offal of bovine animals, swine, sheep, goats, horses, asses, mules or hinnies, fresh, chilled or frozen:",,0,,1988-01-01
020610,80,2,"of bovine animals, fresh or chilled:",,0,,1988-01-01
,10,3,tongues:,,,,1995-07-01
02061011,80,4,within the limits of the tariff quota (Q. No. 5),Fr. per 100 kg gross,1,153.00,1995-07-01
02061019,80,4,other,Fr. per 100 kg gross,1,153.00,1995-07-01
,10,3,livers:,,,,1995-07-01
02061021,80,4,within the limits of the tariff quota (Q. No. 5),Fr. per 100 kg gross,1,153.00,1995-07-01
02061029,80,4,other,Fr. per 100 kg gross,1,919.00,1995-07-01
,10,3,other:,,,,1995-07-01
02061091,80,4,within the limits of the tariff quota (Q. No. 5),Fr. per 100 kg gross,1,153.00,1995-07-01
02061099,80,4,other,Fr. per 100 kg gross,1,919.00,1995-07-01
,10,2,"of bovine animals, frozen:",,,,1988-01-01
020621,80,3,tongues:,,0,,1988-01-01
02062110,80,4,within the limits of the tariff quota (Q. No. 5),Fr. per 100 kg gross,1,110.00,1995-07-01
02062190,80,4,other,Fr. per 100 kg gross,1,153.00,1995-07-01
020622,80,3,livers:,,0,,1988-01-01
02062210,80,4,within the limits of the tariff quota (Q. No. 5),Fr. per 100 kg gross,1,220.00,1995-07-01
02062290,80,4,other,Fr. per 100 kg gross,1,919.00,1995-07-01
020629,80,3,other:,,0,,1988-01-01
02062910,80,4,within the limits of the tariff quota (Q. No. 5),Fr. per 100 kg gross,1,140.00,1995-07-01
02062990,80,4,other,Fr. per 100 kg gross,1,919.00,1995-07-01
020630,80,2,"of swine, fresh or chilled:",,0,,1988-01-01
02063010,80,3,of wild boar,Fr. per 100 kg gross,1,7.00,1995-07-01
,10,3,other:,,,,1995-07-01
02063091,80,4,within the limits of the tariff quota (Q. No. 5),Fr. per 100 kg gross,1,50.00,1995-07-01
02063099,80,4,other,Fr. per 100 kg gross,1,68.00,1995-07-01
,10,2,"of swine, frozen:",,,,1988-01-01
020641,80,3,livers:,,0,,1988-01-01
02064110,80,4,of wild boar,Fr. per 100 kg gross,1,49.00,1995-07-01
,10,4,other:,,,,1995-07-01
02064191,80,5,within the limits of the tariff quota (Q. No. 5),Fr. per 100 kg gross,1,68.00,1995-07-01
02064199,80,5,other,Fr. per 100 kg gross,1,68.00,1995-07-01
020649,80,3,other:,,0,,1988-01-01
02064910,80,4,of wild boar,Fr. per 100 kg gross,1,49.00,1995-07-01
,10,4,other:,,,,1995-07-01
02064991,80,5,within the limits of the tariff quota (Q. No. 5),Fr. per 100 kg gross,1,68.00,1995-07-01
02064999,80,5,other,Fr. per 100 kg gross,1,68.00,1995-07-01
020680,80,2,"other, fresh or chilled:",,0,,1988-01-01
02068010,80,3,within the limits of the tariff quota (Q. No. 5),Fr. per 100 kg gross,1,68.00,1995-07-01
02068090,80,3,other,Fr. per 100 kg gross,1,68.00,1995-07-01
020690,80,2,"other, frozen:",,0,,1988-01-01
02069010,80,3,within the limits of the tariff quota (Q. No. 5),Fr. per 100 kg gross,1,68.00,1995-07-01
02069090,80,3,other,Fr. per 100 kg gross,1,68.00,1995-07-01
0207,80,1,"Meat and edible offal, of the poultry of heading 0105, fresh, chilled or frozen:",,0,,1988-01-01
,10,2,of fowls of the species Gallus domesticus:,,,,1996-01-01
020711,80,3,"not cut in pieces, fresh or chilled:",,0,,1996-01-01
02071110,80,4,within the limits of the tariff quota (Q. No. 6),Fr. per 100 kg gross,1,135.00,1996-01-01
02071190,80,4,other,Fr. per 100 kg gross,1,312.00,1996-01-01
020712,80,3,"not cut in pieces, frozen:",,0,,1996-01-01
02071210,80,4,within the limits of the tariff quota (Q. No. 6),Fr. per 100 kg gross,1,135.00,1996-01-01
02071290,80,4,other,Fr. per 100 kg gross,1,566.00,1996-01-01
020713,80,3,"cuts and offal, fresh or chilled:",,0,,1996-01-01
,10,4,breasts:,,,,1996-01-01
02071311,80,5,within the limits of the tariff quota (Q. No. 6),Fr. per 100 kg gross,1,135.00,1996-01-01
02071319,80,5,other,Fr. per 100 kg gross,1,1581.00,1996-01-01
,10,4,other cuts and offal:,,,,1996-01-01
02071321,80,5,within the limits of the tariff quota (Q. No. 6),Fr. per 100 kg gross,1,135.00,1996-01-01
02071329,80,5,other,Fr. per 100 kg gross,1,2280.00,1996-01-01
020714,80,3,"cuts and offal, frozen:",,0,,1996-01-01
,10,4,breasts:,,,,1996-01-01
02071481,80,5,within the limits of the tariff quota (Q. No. 6),Fr. per 100 kg gross,1,135.00,1996-01-01
02071489,80,5,other,Fr. per 100 kg gross,1,1945.00,1996-01-01
,10,4,other:,,,,1996-01-01
02071491,80,5,within the limits of the tariff quota (Q. No. 6),Fr. per 100 kg gross,1,135.00,1996-01-01
02071499,80,5,other,Fr. per 100 kg gross,1,456.00,1996-01-01
,10,2,of turkeys:,,,,1996-01-01
020724,80,3,"not cut in pieces, fresh or chilled:",,0,,1996-01-01
02072410,80,4,within the limits of the tariff quota (Q. No. 6),Fr. per 100 kg gross,1,135.00,1996-01-01
02072490,80,4,other,Fr. per 100 kg gross,1,422.00,1996-01-01
020725,80,3,"not cut in pieces, frozen:",,0,,1996-01-01
02072510,80,4,within the limits of the tariff quota (Q. No. 6),Fr. per 100 kg gross,1,135.00,1996-01-01
02072590,80,4,other,Fr. per 100 kg gross,1,497.00,1996-01-01
020726,80,3,"cuts and offal, fresh or chilled:",,0,,1996-01-01
,10,4,breasts:,,,,1996-01-01
02072611,80,5,within the limits of the tariff quota (Q. No. 6),Fr. per 100 kg gross,1,135.00,1996-01-01
02072619,80,5,other,Fr. per 100 kg gross,1,1669.00,1996-01-01
,10,4,other cuts and offal:,,,,1996-01-01
02072621,80,5,within the limits of the tariff quota (Q. No. 6),Fr. per 100 kg gross,1,135.00,1996-01-01
02072629,80,5,other,Fr. per 100 kg gross,1,647.00,1996-01-01
020727,80,3,"cuts and offal, frozen:",,0,,1996-01-01
,10,4,breasts:,,,,1996-01-01
02072781,80,5,within the limits of the tariff quota (Q. No. 6),Fr. per 100 kg gross,1,135.00,1996-01-01
02072789,80,5,other,Fr. per 100 kg gross,1,1880.00,1996-01-01
,10,4,other:,,,,1996-01-01
02072791,80,5,within the limits of the tariff quota (Q. No. 6),Fr. per 100 kg gross,1,135.00,1996-01-01
02072799,80,5,other,Fr. per 100 kg gross,1,358.00,1996-01-01
,10,2,of ducks:,,,,2012-01-01
020741,80,3,"not cut in pieces, fresh or chilled:",,0,,2012-01-01
02074110,80,4,within the limits of the tariff quota (Q. No. 6),Fr. per 100 kg gross,1,135.00,2012-01-01
02074190,80,4,other,Fr. per 100 kg gross,1,559.00,2012-01-01
020742,80,3,"not cut in pieces, frozen:",,0,,2012-01-01
02074210,80,4,within the limits of the tariff quota (Q. No. 6),Fr. per 100 kg gross,1,135.00,2012-01-01
02074290,80,4,other,Fr. per 100 kg gross,1,937.00,2012-01-01
02074300,80,3,"fatty livers, fresh or chilled",Fr. per 100 kg gross,1,32.00,2012-01-01
020744,80,3,"other, fresh or chilled:",,0,,2012-01-01
,10,4,breasts:,,,,2012-01-01
02074411,80,5,within the limits of the tariff quota (Q. No. 6),Fr. per 100 kg gross,1,135.00,2012-01-01
02074419,80,5,other,Fr. per 100 kg gross,1,1966.00,2012-01-01
,10,4,other:,,,,2012-01-01
02074491,80,5,within the limits of the tariff quota (Q. No. 6),Fr. per 100 kg gross,1,135.00,2012-01-01
02074499,80,5,other,Fr. per 100 kg gross,1,135.00,2012-01-01
020745,80,3,"other, frozen:",,0,,2012-01-01
02074510,80,4,fatty livers,Fr. per 100 kg gross,1,4555.00,2012-01-01
,10,4,other:,,,,2012-01-01
02074591,80,5,within the limits of the tariff quota (Q. No. 6),Fr. per 100 kg gross,1,135.00,2012-01-01
02074599,80,5,other,Fr. per 100 kg gross,1,456.00,2012-01-01
,10,2,of geese:,,,,2012-01-01
020751,80,3,"not cut in pieces, fresh or chilled:",,0,,2012-01-01
02075110,80,4,within the limits of the tariff quota (Q. No. 6),Fr. per 100 kg gross,1,135.00,2012-01-01
02075190,80,4,other,Fr. per 100 kg gross,1,297.00,2012-01-01
020752,80,3,"not cut in pieces, frozen:",,0,,2012-01-01
02075210,80,4,within the limits of the tariff quota (Q. No. 6),Fr. per 100 kg gross,1,135.00,2012-01-01
02075290,80,4,other,Fr. per 100 kg gross,1,1118.00,2012-01-01
02075300,80,3,"fatty livers, fresh or chilled",Fr. per 100 kg gross,1,32.00,2012-01-01
020754,80,3,"other, fresh or chilled:",,0,,2012-01-01
,10,4,breasts:,,,,2012-01-01
02075411,80,5,within the limits of the tariff quota (Q. No. 6),Fr. per 100 kg gross,1,135.00,2012-01-01
02075419,80,5,other,Fr. per 100 kg gross,1,1966.00,2012-01-01
,10,4,other:,,,,2012-01-01
02075491,80,5,within the limits of the tariff quota (Q. No. 6),Fr. per 100 kg gross,1,135.00,2012-01-01
02075499,80,5,other,Fr. per 100 kg gross,1,135.00,2012-01-01
020755,80,3,"other, frozen:",,0,,2012-01-01
02075510,80,4,fatty livers,Fr. per 100 kg gross,1,4555.00,2012-01-01
,10,4,other:,,,,2012-01-01
02075591,80,5,within the limits of the tariff quota (Q. No. 6),Fr. per 100 kg gross,1,135.00,2012-01-01
02075599,80,5,other,Fr. per 100 kg gross,1,456.00,2012-01-01
020760,80,2,of guinea fowls:,,0,,2012-01-01
,10,3,"not cut in pieces, fresh or chilled:",,,,2012-01-01
02076011,80,4,within the limits of the tariff quota (Q. No. 6),Fr. per 100 kg gross,1,135.00,2012-01-01
02076019,80,4,other,Fr. per 100 kg gross,1,297.00,2012-01-01
,10,3,"not cut in pieces, frozen:",,,,2012-01-01
02076021,80,4,within the limits of the tariff quota (Q. No. 6),Fr. per 100 kg gross,1,135.00,2012-01-01
02076029,80,4,other,Fr. per 100 kg gross,1,1118.00,2012-01-01
,10,3,"other, fresh or chilled:",,,,2012-01-01
,10,4,breasts:,,,,2012-01-01
02076041,80,5,within the limits of the tariff quota (Q. No. 6),Fr. per 100 kg gross,1,135.00,2012-01-01
02076049,80,5,other,Fr. per 100 kg gross,1,1966.00,2012-01-01
,10,4,other:,,,,2012-01-01
02076051,80,5,within the limits of the tariff quota (Q. No. 6),Fr. per 100 kg gross,1,135.00,2012-01-01
02076059,80,5,other,Fr. per 100 kg gross,1,135.00,2012-01-01
,10,3,"other, frozen:",,,,2012-01-01
02076091,80,4,within the limits of the tariff quota (Q. No. 6),Fr. per 100 kg gross,1,135.00,2012-01-01
02076099,80,4,other,Fr. per 100 kg gross,1,456.00,2012-01-01
0208,80,1,"Other meat and edible meat offal, fresh, chilled or frozen:",,0,,1988-01-01
02081000,80,2,of rabbits or hares,Fr. per 100 kg gross,1,26.00,1988-01-01
02083000,80,2,of primates,Fr. per 100 kg gross,1,21.00,2002-01-01
02084000,80,2,"of whales, dolphins and porpoises (mammals of the order Cetacea); of manatees and dugongs (mammals of the order Sirenia); of seals, sea lions and walruses (mammals of the suborder Pinnipedia)",Fr. per 100 kg gross,1,21.00,2012-01-01
02085000,80,2,of reptiles (including snakes and turtles),Fr. per 100 kg gross,1,21.00,2002-01-01
02086000,80,2,of camels and other camelids (Camelidae),Fr. per 100 kg gross,1,21.00,2012-01-01
020890,80,2,other:,,0,,1988-01-01
02089010,80,3,of game animals,Fr. per 100 kg gross,1,6.00,1995-07-01
02089090,80,3,other,Fr. per 100 kg gross,1,21.00,2007-01-01
0209,80,1,"Pig fat, free of lean meat, and poultry fat, not rendered or otherwise extracted, fresh, chilled, frozen, salted, in brine, dried or smoked:",,0,,1988-01-01
020910,80,2,of pigs:,,0,,2012-01-01
02091010,80,3,within the limits of the tariff quota (Q. No. 6),Fr. per 100 kg gross,1,55.00,2012-01-01
02091090,80,3,other,Fr. per 100 kg gross,1,55.00,2012-01-01
02099000,80,2,other,Fr. per 100 kg gross,1,11.00,2012-01-01
0210,80,1,"Meat and edible meat offal, salted, in brine, dried or smoked; edible flours and meals of meat or meat offal:",,0,,1988-01-01
,10,2,meat of swine:,,,,1988-01-01
021011,80,3,"hams, shoulders and cuts thereof, with bone in:",,0,,1988-01-01
02101110,80,4,of wild boar,Fr. per 100 kg gross,1,53.00,1995-07-01
,10,4,other:,,,,1995-07-01
02101191,80,5,within the limits of the tariff quota (Q. No. 6),Fr. per 100 kg gross,1,225.00,1995-07-01
02101199,80,5,other,Fr. per 100 kg gross,1,1530.00,1995-07-01
021012,80,3,bellies (streaky) and cuts thereof:,,0,,1988-01-01
02101210,80,4,of wild boar,Fr. per 100 kg gross,1,53.00,1995-07-01
,10,4,other:,,,,1995-07-01
02101291,80,5,within the limits of the tariff quota (Q. No. 6),Fr. per 100 kg gross,1,175.00,1995-07-01
02101299,80,5,other,Fr. per 100 kg gross,1,255.00,1995-07-01
021019,80,3,other:,,0,,1988-01-01
02101910,80,4,of wild boar,Fr. per 100 kg gross,1,70.00,1995-07-01
,10,4,other:,,,,1995-07-01
02101991,80,5,within the limits of the tariff quota (Q. No. 6),Fr. per 100 kg gross,1,225.00,1995-07-01
02101999,80,5,other,Fr. per 100 kg gross,1,935.00,1995-07-01
021020,80,2,meat of bovine animals:,,0,,1988-01-01
02102010,80,3,within the limits of the tariff quota (Q. No. 5),Fr. per 100 kg gross,1,375.00,1995-07-01
02102090,80,3,other,Fr. per 100 kg gross,1,1190.00,1995-07-01
,10,2,"other, including edible flours and meals of meat or meat offal:",,,,2002-01-01
02109100,80,3,of primates,Fr. per 100 kg gross,1,21.00,2002-01-01
02109200,80,3,"of whales, dolphins and porpoises (mammals of the order Cetacea); of manatees and dugongs (mammals of the order Sirenia); of seals, sea lions and walruses (mammals of the suborder Pinnipedia)",Fr. per 100 kg gross,1,21.00,2012-01-01
02109300,80,3,of reptiles (including snakes and turtles),Fr. per 100 kg gross,1,21.00,2002-01-01
021099,80,3,other:,,0,,2002-01-01
,10,4,of animals of headings 0101 to 0104:,,,,2002-01-01
02109911,80,5,"within the limits of the tariff quota (Q. No. 5) (of animals of headings 0101, 0102 and 0104)",Fr. per 100 kg gross,1,146.00,2002-01-01
02109912,80,5,within the limits of the tariff quota (Q. No. 6) (of animals of heading 0103),Fr. per 100 kg gross,1,146.00,2002-01-01
02109919,80,5,other,Fr. per 100 kg gross,1,146.00,2002-01-01
,10,4,other:,,,,2002-01-01
,10,5,of poultry of heading 0105:,,,,2002-01-01
02109920,80,6,smoked livers and fatty livers,Fr. per 100 kg gross,1,21.00,2002-01-01
,10,6,other:,,,,2002-01-01
,10,7,not cut in pieces:,,,,2002-01-01
,10,8,fowls of the species Gallus domesticus:,,,,2002-01-01
02109931,80,9,within the limits of the tariff quota (Q. No. 6),Fr. per 100 kg gross,1,130.00,2002-01-01
02109939,80,9,other,Fr. per 100 kg gross,1,670.00,2002-01-01
,10,8,turkeys:,,,,2002-01-01
02109941,80,9,within the limits of the tariff quota (Q. No. 6),Fr. per 100 kg gross,1,130.00,2002-01-01
02109949,80,9,other,Fr. per 100 kg gross,1,670.00,2002-01-01
,10,8,"ducks, geese and guinea fowls:",,,,2002-01-01
02109951,80,9,within the limits of the tariff quota (Q. No. 6),Fr. per 100 kg gross,1,130.00,2002-01-01
02109959,80,9,other,Fr. per 100 kg gross,1,670.00,2002-01-01
,10,7,other:,,,,2002-01-01
,10,8,of fowls of the species Gallus domesticus:,,,,2002-01-01
02109961,80,9,within the limits of the tariff quota (Q. No. 6),Fr. per 100 kg gross,1,130.00,2002-01-01
02109969,80,9,other,Fr. per 100 kg gross,1,2251.00,2002-01-01
,10,8,of turkeys:,,,,2002-01-01
02109971,80,9,within the limits of the tariff quota (Q. No. 6),Fr. per 100 kg gross,1,130.00,2002-01-01
02109979,80,9,other,Fr. per 100 kg gross,1,2269.00,2002-01-01
,10,8,"of ducks, geese and guinea fowls:",,,,2002-01-01
02109981,80,9,within the limits of the tariff quota (Q. No. 6),Fr. per 100 kg gross,1,130.00,2002-01-01
02109989,80,9,other,Fr. per 100 kg gross,1,3140.00,2002-01-01
02109990,80,5,other,Fr. per 100 kg gross,1,21.00,2002-01-01
03,80,0,"Fish and crustaceans, molluscs and other aquatic invertebrates",,0,,1988-01-01
0301,80,1,Live fish:,,0,,1988-01-01
,10,2,ornamental fish:,,,,2012-01-01
03011100,80,3,freshwater,Fr. per 100 kg gross,1,1.60,2012-01-01
03011900,80,3,other,Fr. per 100 kg gross,1,1.60,2012-01-01
,10,2,other live fish:,,,,1988-01-01
03019100,80,3,"trout (Salmo trutta, Oncorhynchus mykiss, Oncorhynchus clarki, Oncorhynchus aguabonita, Oncorhynchus gilae, Oncorhynchus apache and Oncorhynchus chrysogaster)",Fr. per 100 kg gross,1,15.00,1996-01-01
03019200,80,3,eels (Anguilla spp.),Fr. per 100 kg gross,1,2.40,1988-01-01
03019300,80,3,"carp (Cyprinus spp., Carassius spp., Ctenopharyngodon idellus, Hypophthalmichthys spp., Cirrhinus spp., Mylopharyngodon piceus, Catla catla, Labeo spp., Osteochilus hasselti, Leptobarbus hoeveni, Megalobrama spp.)",Fr. per 100 kg gross,1,2.40,2017-01-01
03019400,80,3,"Atlantic and Pacific bluefin tunas (Thunnus thynnus, Thunnus orientalis)",Fr. per 100 kg gross,1,0.00,2012-01-01
03019500,80,3,southern bluefin tunas (Thunnus maccoyii),Fr. per 100 kg gross,1,0.00,2007-01-01
030199,80,3,other:,,0,,2012-01-01
03019920,80,4,freshwater fish,Fr. per 100 kg gross,1,2.40,2017-01-01
03019980,80,4,other,Fr. per 100 kg gross,1,0.00,2012-01-01
0302,80,1,"Fish, fresh or chilled, excluding fish fillets and other fish meat of heading 0304:",,0,,1988-01-01
,10,2,"salmonidae, excluding edible fish offal of subheadings 0302.91 to 0302.99:",,,,2017-01-01
03021100,80,3,"trout (Salmo trutta, Oncorhynchus mykiss, Oncorhynchus clarki, Oncorhynchus aguabonita, Oncorhynchus gilae, Oncorhynchus apache and Oncorhynchus chrysogaster)",Fr. per 100 kg gross,1,15.00,1996-01-01
03021300,80,3,"Pacific salmon (Oncorhynchus nerka, Oncorhynchus gorbuscha, Oncorhynchus keta, Oncorhynchus tschawytscha, Oncorhynchus kisutch, Oncorhynchus masou and Oncorhynchus rhodurus)",Fr. per 100 kg gross,1,0.00,2012-01-01
03021400,80,3,Atlantic salmon (Salmo salar) and Danube salmon (Hucho hucho),Fr. per 100 kg gross,1,0.00,2012-01-01
03021900,80,3,other,Fr. per 100 kg gross,1,2.40,1988-01-01
,10,2,"flat fish (Pleuronectidae, Bothidae, Cynoglossidae, Soleidae, Scophthalmidae and Citharidae), excluding edible fish offal of subheadings 0302.91 to 0302.99:",,,,2017-01-01
03022100,80,3,"halibut (Reinhardtius hippoglossoides, Hippoglossus hippoglossus, Hippoglossus stenolepis)",Fr. per 100 kg gross,1,0.00,1988-01-01
03022200,80,3,plaice (Pleuronectes platessa),Fr. per 100 kg gross,1,0.00,1988-01-01
03022300,80,3,sole (Solea spp.),Fr. per 100 kg gross,1,0.00,1988-01-01
03022400,80,3,turbots (Psetta maxima),Fr. per 100 kg gross,1,0.00,2012-01-01
03022900,80,3,other,Fr. per 100 kg gross,1,0.00,1988-01-01
,10,2,"tunas (of the genus Thunnus), skipjack tuna (stripe-bellied bonito) (Katsuwonus pelamis), excluding edible fish offal of subheadings 0302.91 to 0302.99:",,,,2017-01-01
03023100,80,3,albacore or longfinned tunas (Thunnus alalunga),Fr. per 100 kg gross,1,0.00,1988-01-01
03023200,80,3,yellowfin tunas (Thunnus albacares),Fr. per 100 kg gross,1,0.00,1988-01-01
03023300,80,3,skipjack tuna (stripe-bellied bonito) (Katsuwonus pelamis),Fr. per 100 kg gross,1,0.00,1988-01-01
03023400,80,3,bigeye tunas (Thunnus obesus),Fr. per 100 kg gross,1,0.00,2002-01-01
03023500,80,3,"Atlantic and Pacific bluefin tunas (Thunnus thynnus, Thunnus orientalis)",Fr. per 100 kg gross,1,0.00,2012-01-01
03023600,80,3,southern bluefin tunas (Thunnus maccoyii),Fr. per 100 kg gross,1,0.00,2002-01-01
03023900,80,3,other,Fr. per 100 kg gross,1,0.00,1988-01-01
,10,2,"herrings (Clupea harengus, Clupea pallasii), anchovies (Engraulis spp.), sardines (Sardina pilchardus, Sardinops spp.), sardinella (Sardinella spp.), brisling or sprats (Sprattus sprattus), mackerel (Scomber scombrus, Scomber australasicus, Scomber japonicus), Indian mackerels (Rastrelliger spp.), seerfishes (Scomberomorus spp.), jack and horse mackerel (Trachurus spp.), jacks, crevalles (Caranx spp.), cobia (Rachycentron canadum), silver pomfrets (Pampus spp.), Pacific saury (Cololabis saira), scads (Decapterus spp.), capelin (Mallotus villosus), swordfish (Xiphias gladius), Kawakawa (Euthynnus affinis), bonitos (Sarda spp.), marlins, sailfishes, spearfish (Istiophoridae), excluding edible fish offal of subheadings 0302.91 to 0302.99:",,,,2017-01-01
03024100,80,3,"herrings (Clupea harengus, Clupea pallasii)",Fr. per 100 kg gross,1,0.00,2012-01-01
03024200,80,3,anchovies (Engraulis spp.),Fr. per 100 kg gross,1,0.00,2012-01-01
03024300,80,3,"sardines (Sardina pilchardus, Sardinops spp.), sardinella (Sardinella spp.), brisling or sprats (Sprattus sprattus)",Fr. per 100 kg gross,1,0.00,2012-01-01
03024400,80,3,"mackerel (Scomber scombrus, Scomber australasicus, Scomber japonicus)",Fr. per 100 kg gross,1,0.00,2012-01-01
03024500,80,3,jack and horse mackerel (Trachurus spp.),Fr. per 100 kg gross,1,0.00,2012-01-01
03024600,80,3,cobia (Rachycentron canadum),Fr. per 100 kg gross,1,0.00,2012-01-01
03024700,80,3,swordfish (Xiphias gladius),Fr. per 100 kg gross,1,0.00,2012-01-01
03024900,80,3,other,Fr. per 100 kg gross,1,0.00,2017-01-01
,10,2,"fish of the families Bregmacerotidae, Euclichthyidae, Gadidae, Macrouridae, Melanonidae, Merlucciidae, Moridae and Muraenolepididae, excluding edible fish offal of subheadings 0302.91 to 0302.99:",,,,2017-01-01
03025100,80,3,"cod (Gadus morhua, Gadus ogac, Gadus macrocephalus)",Fr. per 100 kg gross,1,0.00,2012-01-01
03025200,80,3,haddock (Melanogrammus aeglefinus),Fr. per 100 kg gross,1,0.00,2012-01-01
03025300,80,3,coalfish (Pollachius virens),Fr. per 100 kg gross,1,0.00,2012-01-01
03025400,80,3,"hake (Merluccius spp., Urophycis spp.)",Fr. per 100 kg gross,1,0.00,2012-01-01
03025500,80,3,Alaska Pollock (Theragra chalcogramma),Fr. per 100 kg gross,1,0.00,2012-01-01
03025600,80,3,"blue whitings (Micromesistius poutassou, Micromesistius australis)",Fr. per 100 kg gross,1,0.00,2012-01-01
03025900,80,3,other,Fr. per 100 kg gross,1,0.00,2012-01-01
,10,2,"tilapias (Oreochromis spp.), catfish (Pangasius spp., Silurus spp., Clarias spp., Ictalurus spp.), carp (Cyprinus spp., Carassius spp., Ctenopharyngodon idellus, Hypophthalmichthys spp., Cirrhinus spp., Mylopharyngodon piceus, Catla catla, Labeo spp., Osteochilus hasselti, Leptobarbus hoeveni, Megalobrama spp.), eels (Anguilla spp.), Nile perch (Lates niloticus) and snakeheads (Channa spp.), excluding edible fish offal of subheadings 0302.91 to 0302.99:",,,,2017-01-01
03027100,80,3,tilapias (Oreochromis spp.),Fr. per 100 kg gross,1,3.00,2012-01-01
03027200,80,3,"catfish (Pangasius spp., Silurus spp., Clarias spp., Ictalurus spp.)",Fr. per 100 kg gross,1,3.00,2012-01-01
03027300,80,3,"carp (Cyprinus spp., Carassius spp., Ctenopharyngodon idellus, Hypophthalmichthys spp., Cirrhinus spp., Mylopharyngodon piceus, Catla catla, Labeo spp., Osteochilus hasselti, Leptobarbus hoeveni, Megalobrama spp.)",Fr. per 100 kg gross,1,3.00,2017-01-01
03027400,80,3,eels (Anguilla spp.),Fr. per 100 kg gross,1,2.40,2012-01-01
03027900,80,3,other,Fr. per 100 kg gross,1,3.00,2012-01-01
,10,2,"other fish, excluding edible fish offal of subheadings 0302.91 to 0302.99:",,,,2017-01-01
03028100,80,3,dogfish and other sharks,Fr. per 100 kg gross,1,0.00,2012-01-01
03028200,80,3,rays and skates (Rajidae),Fr. per 100 kg gross,1,0.00,2012-01-01
03028300,80,3,toothfish (Dissostichus spp.),Fr. per 100 kg gross,1,0.00,2012-01-01
03028400,80,3,seabass (Dicentrarchus spp.),Fr. per 100 kg gross,1,0.00,2012-01-01
03028500,80,3,seabream (Sparidae),Fr. per 100 kg gross,1,0.00,2012-01-01
030289,80,3,other:,,0,,2012-01-01
03028920,80,4,freshwater fish,Fr. per 100 kg gross,1,3.00,2017-01-01
03028980,80,4,other,Fr. per 100 kg gross,1,0.00,2017-01-01
,10,2,"livers, roes, milt, fish fins, heads, tails, maws and other edible fish offal:",,,,2017-01-01
03029100,80,3,"livers, roes and milt",Fr. per 100 kg gross,1,2.40,2017-01-01
03029200,80,3,shark fins,Fr. per 100 kg gross,1,0.00,2017-01-01
03029900,80,3,other,Fr. per 100 kg gross,1,0.00,2017-01-01
0303,80,1,"Fish, frozen, excluding fish fillets and other fish meat of heading 0304:",,0,,1988-01-01
,10,2,"salmonidae, excluding edible fish offal of subheadings 0303.91 to 0303.99:",,,,2017-01-01
03031100,80,3,sockeye salmon (red salmon) (Oncorhynchus nerka),Fr. per 100 kg gross,1,0.00,2002-01-01
03031200,80,3,"other Pacific salmon (Oncorhynchus gorbuscha, Oncorhynchus keta, Oncorhynchus tschawytscha, Oncorhynchus kisutch, Oncorhynchus masou and Oncorhynchus rhodurus)",Fr. per 100 kg gross,1,0.00,2012-01-01
03031300,80,3,Atlantic salmon (Salmo salar) and Danube salmon (Hucho hucho),Fr. per 100 kg gross,1,0.00,2012-01-01
03031400,80,3,"trout (Salmo trutta, Oncorhynchus mykiss, Oncorhynchus clarki, Oncorhynchus aguabonita, Oncorhynchus gilae, Oncorhynchus apache and Oncorhynchus chrysogaster)",Fr. per 100 kg gross,1,15.00,2012-01-01
03031900,80,3,other,Fr. per 100 kg gross,1,2.40,2012-01-01
,10,2,"tilapias (Oreochromis spp.), catfish (Pangasius spp., Silurus spp., Clarias spp., Ictalurus spp.), carp (Cyprinus spp., Carassius spp., Ctenopharyngodon idellus, Hypophthalmichthys spp., Cirrhinus spp., Mylopharyngodon piceus, Catla catla, Labeo spp., Osteochilus hasselti, Leptobarbus hoeveni, Megalobrama spp.), eels (Anguilla spp.), Nile perch (Lates niloticus) and snakeheads (Channa spp.), excluding edible fish offal of subheadings 0303.91 to 0303.99:",,,,2017-01-01
03032300,80,3,tilapias (Oreochromis spp.),Fr. per 100 kg gross,1,3.00,2012-01-01
03032400,80,3,"catfish (Pangasius spp., Silurus spp., Clarias spp., Ictalurus spp.)",Fr. per 100 kg gross,1,3.00,2012-01-01
03032500,80,3,"carp (Cyprinus spp., Carassius spp., Ctenopharyngodon idellus, Hypophthalmichthys spp., Cirrhinus spp., Mylopharyngodon piceus, Catla catla, Labeo spp., Osteochilus hasselti, Leptobarbus hoeveni, Megalobrama spp.)",Fr. per 100 kg gross,1,3.00,2017-01-01
03032600,80,3,eels (Anguilla spp.),Fr. per 100 kg gross,1,2.40,2012-01-01
03032900,80,3,other,Fr. per 100 kg gross,1,3.00,2012-01-01
,10,2,"flat fish (Pleuronectidae, Bothidae, Cynoglossidae, Soleidae, Scophthalmidae and Citharidae), excluding edible fish offal of subheadings 0303.91 to 0303.99:",,,,2017-01-01
03033100,80,3,"halibut (Reinhardtius hippoglossoides, Hippoglossus hippoglossus, Hippoglossus stenolepis)",Fr. per 100 kg gross,1,0.00,1988-01-01
03033200,80,3,plaice (Pleuronectes platessa),Fr. per 100 kg gross,1,0.00,1988-01-01
03033300,80,3,sole (Solea spp.),Fr. per 100 kg gross,1,0.00,1988-01-01
03033400,80,3,turbots (Psetta maxima),Fr. per 100 kg gross,1,0.00,2012-01-01
03033900,80,3,other,Fr. per 100 kg gross,1,0.00,2012-01-01
,10,2,"tunas (of the genus Thunnus), skipjack tuna (stripe-bellied bonito) (Katsuwonus pelamis), excluding edible fish offal of subheadings 0303.91 to 0303.99:",,,,2017-01-01
03034100,80,3,albacore or longfinned tunas (Thunnus alalunga),Fr. per 100 kg gross,1,0.00,1988-01-01
03034200,80,3,yellowfin tunas (Thunnus albacares),Fr. per 100 kg gross,1,0.00,1988-01-01
03034300,80,3,skipjack tuna (stripe-bellied bonito) (Katsuwonus pelamis),Fr. per 100 kg gross,1,0.00,1988-01-01
03034400,80,3,bigeye tunas (Thunnus obesus),Fr. per 100 kg gross,1,0.00,2002-01-01
03034500,80,3,"Atlantic and Pacific bluefin tunas (Thunnus thynnus, Thunnus orientalis)",Fr. per 100 kg gross,1,0.00,2012-01-01
03034600,80,3,southern bluefin tunas (Thunnus maccoyii),Fr. per 100 kg gross,1,0.00,2002-01-01
03034900,80,3,other,Fr. per 100 kg gross,1,0.00,1988-01-01
,10,2,"herrings (Clupea harengus, Clupea pallasii), anchovies (Engraulis spp.), sardines (Sardina pilchardus, Sardinops spp.), sardinella (Sardinella spp.), brisling or sprats (Sprattus sprattus), mackerel (Scomber scombrus, Scomber australasicus, Scomber japonicus), Indian mackerels (Rastrelliger spp.), seerfishes (Scomberomorus spp.), jack and horse mackerel (Trachurus spp.), jacks, crevalles (Caranx spp.), cobia (Rachycentron canadum), silver pomfrets (Pampus spp.), Pacific saury (Cololabis saira), scads (Decapterus spp.), capelin (Mallotus villosus), swordfish (Xiphias gladius), Kawakawa (Euthynnus affinis), bonitos (Sarda spp.), marlins, sailfishes, spearfish (Istiophoridae), excluding edible fish offal of subheadings 0303.91 to 0303.99:",,,,2017-01-01
03035100,80,3,"herrings (Clupea harengus, Clupea pallasii)",Fr. per 100 kg gross,1,0.00,2007-01-01
03035300,80,3,"sardines (Sardina pilchardus, Sardinops spp.), sardinella (Sardinella spp.), brisling or sprats (Sprattus sprattus)",Fr. per 100 kg gross,1,0.00,2012-01-01
03035400,80,3,"mackerel (Scomber scombrus, Scomber australasicus, Scomber japonicus)",Fr. per 100 kg gross,1,0.00,2012-01-01
03035500,80,3,jack and horse mackerel (Trachurus spp.),Fr. per 100 kg gross,1,0.00,2012-01-01
03035600,80,3,cobia (Rachycentron canadum),Fr. per 100 kg gross,1,0.00,2012-01-01
03035700,80,3,swordfish (Xiphias gladius),Fr. per 100 kg gross,1,0.00,2012-01-01
03035900,80,3,other,Fr. per 100 kg gross,1,0.00,2017-01-01
,10,2,"fish of the families Bregmacerotidae, Euclichthyidae, Gadidae, Macrouridae, Melanonidae, Merlucciidae, Moridae and Muraenolepididae, excluding edible fish offal of subheadings 0303.91 to 0303.99:",,,,2017-01-01
03036300,80,3,"cod (Gadus morhua, Gadus ogac, Gadus macrocephalus)",Fr. per 100 kg gross,1,0.00,2012-01-01
03036400,80,3,haddock (Melanogrammus aeglefinus),Fr. per 100 kg gross,1,0.00,2012-01-01
03036500,80,3,coalfish (Pollachius virens),Fr. per 100 kg gross,1,0.00,2012-01-01
03036600,80,3,"hake (Merluccius spp., Urophycis spp.)",Fr. per 100 kg gross,1,0.00,2012-01-01
03036700,80,3,Alaska Pollock (Theragra chalcogramma),Fr. per 100 kg gross,1,0.00,2012-01-01
03036800,80,3,"blue whitings (Micromesistius poutassou, Micromesistius australis)",Fr. per 100 kg gross,1,0.00,2012-01-01
03036900,80,3,other,Fr. per 100 kg gross,1,0.00,2012-01-01
,10,2,"other fish, excluding edible fish offal of subheadings 0303.91 to 0303.99:",,,,2017-01-01
03038100,80,3,dogfish and other sharks,Fr. per 100 kg gross,1,0.00,2012-01-01
03038200,80,3,rays and skates (Rajidae),Fr. per 100 kg gross,1,0.00,2012-01-01
03038300,80,3,toothfish (Dissostichus spp.),Fr. per 100 kg gross,1,0.00,2012-01-01
03038400,80,3,seabass (Dicentrarchus spp.),Fr. per 100 kg gross,1,0.00,2012-01-01
030389,80,3,other:,,0,,2012-01-01
03038920,80,4,freshwater fish,Fr. per 100 kg gross,1,3.00,2017-01-01
03038980,80,4,other,Fr. per 100 kg gross,1,0.00,2017-01-01
,10,2,"livers, roes, milt, fish fins, heads, tails, maws and other edible fish offal:",,,,2017-01-01
03039100,80,3,"livers, roes and milt",Fr. per 100 kg gross,1,2.40,2017-01-01
03039200,80,3,shark fins,Fr. per 100 kg gross,1,0.00,2017-01-01
03039900,80,3,other,Fr. per 100 kg gross,1,0.00,2017-01-01
0304,80,1,"Fish fillets and other fish meat (whether or not minced), fresh, chilled or frozen:",,0,,1988-01-01
,10,2,"fresh or chilled fillets of tilapias (Oreochromis spp.), catfish (Pangasius spp., Silurus spp., Clarias spp., Ictalurus spp.), carp (Cyprinus spp., Carassius spp., Ctenopharyngodon idellus, Hypophthalmichthys spp., Cirrhinus spp., Mylopharyngodon piceus, Catla catla, Labeo spp., Osteochilus hasselti, Leptobarbus hoeveni, Megalobrama spp.), eels (Anguilla spp.), Nile perch (Lates niloticus) and snakeheads (Channa spp.):",,,,2012-01-01
03043100,80,3,tilapias (Oreochromis spp.),Fr. per 100 kg gross,1,4.00,2012-01-01
03043200,80,3,"catfish (Pangasius spp., Silurus spp., Clarias spp., Ictalurus spp.)",Fr. per 100 kg gross,1,4.00,2012-01-01
03043300,80,3,Nile perch (Lates niloticus),Fr. per 100 kg gross,1,4.00,2012-01-01
03043900,80,3,other,Fr. per 100 kg gross,1,4.00,2017-01-01
,10,2,fresh or chilled fillets of other fish:,,,,2012-01-01
03044100,80,3,"Pacific salmon (Oncorhynchus nerka, Oncorhynchus gorbuscha, Oncorhynchus keta, Oncorhynchus tschawytscha, Oncorhynchus kisutch, Oncorhynchus masou and Oncorhynchus rhodurus), Atlantic salmon (Salmo salar) and Danube salmon (Hucho hucho)",Fr. per 100 kg gross,1,0.00,2012-01-01
03044200,80,3,"trout (Salmo trutta, Oncorhynchus mykiss, Oncorhynchus clarki, Oncorhynchus aguabonita, Oncorhynchus gilae, Oncorhynchus apache and Oncorhynchus chrysogaster)",Fr. per 100 kg gross,1,15.00,2012-01-01
03044300,80,3,"flat fish (Pleuronectidae, Bothidae, Cynoglossidae, Soleidae, Scophthalmidae and Citharidae)",Fr. per 100 kg gross,1,0.00,2012-01-01
03044400,80,3,"fish of the families Bregmacerotidae, Euclichthyidae, Gadidae, Macrouridae, Melanonidae, Merlucciidae, Moridae and Muraenolepididae",Fr. per 100 kg gross,1,0.00,2012-01-01
03044500,80,3,swordfish (Xiphias gladius),Fr. per 100 kg gross,1,0.00,2012-01-01
03044600,80,3,toothfish (Dissostichus spp.),Fr. per 100 kg gross,1,0.00,2012-01-01
03044700,80,3,dogfish and other sharks,Fr. per 100 kg gross,1,0.00,2017-01-01
03044800,80,3,rays and skates (Rajidae),Fr. per 100 kg gross,1,0.00,2017-01-01
030449,80,3,other:,,0,,2012-01-01
03044920,80,4,freshwater fish,Fr. per 100 kg gross,1,4.00,2017-01-01
03044980,80,4,other,Fr. per 100 kg gross,1,0.00,2017-01-01
,10,2,"other, fresh or chilled:",,,,2012-01-01
03045100,80,3,"tilapias (Oreochromis spp.), catfish (Pangasius spp., Silurus spp., Clarias spp., Ictalurus spp.), carp (Cyprinus spp., Carassius spp., Ctenopharyngodon idellus, Hypophthalmichthys spp., Cirrhinus spp., Mylopharyngodon piceus, Catla catla, Labeo spp., Osteochilus hasselti, Leptobarbus hoeveni, Megalobrama spp.), eels (Anguilla spp.), Nile perch (Lates niloticus) and snakeheads (Channa spp.)",Fr. per 100 kg gross,1,4.00,2017-01-01
030452,80,3,salmonidae:,,0,,2012-01-01
03045210,80,4,trout,Fr. per 100 kg gross,1,15.00,2012-01-01
03045290,80,4,other,Fr. per 100 kg gross,1,0.00,2012-01-01
03045300,80,3,"fish of the families Bregmacerotidae, Euclichthyidae, Gadidae, Macrouridae, Melanonidae, Merlucciidae, Moridae and Muraenolepididae",Fr. per 100 kg gross,1,0.00,2012-01-01
03045400,80,3,swordfish (Xiphias gladius),Fr. per 100 kg gross,1,0.00,2012-01-01
03045500,80,3,toothfish (Dissostichus spp.),Fr. per 100 kg gross,1,0.00,2012-01-01
03045600,80,3,dogfish and other sharks,Fr. per 100 kg gross,1,0.00,2017-01-01
03045700,80,3,rays and skates (Rajidae),Fr. per 100 kg gross,1,0.00,2017-01-01
030459,80,3,other:,,0,,2012-01-01
03045920,80,4,freshwater fish,Fr. per 100 kg gross,1,4.00,2017-01-01
03045980,80,4,other,Fr. per 100 kg gross,1,0.00,2017-01-01
,10,2,"frozen fillets of tilapias (Oreochromis spp.), catfish (Pangasius spp., Silurus spp., Clarias spp., Ictalurus spp.), carp (Cyprinus spp., Carassius spp., Ctenopharyngodon idellus, Hypophthalmichthys spp., Cirrhinus spp., Mylopharyngodon piceus, Catla catla, Labeo spp., Osteochilus hasselti, Leptobarbus hoeveni, Megalobrama spp.), eels (Anguilla spp.), Nile perch (Lates niloticus) and snakeheads (Channa spp.):",,,,2012-01-01
03046100,80,3,tilapias (Oreochromis spp.),Fr. per 100 kg gross,1,5.00,2012-01-01
03046200,80,3,"catfish (Pangasius spp., Silurus spp., Clarias spp., Ictalurus spp.)",Fr. per 100 kg gross,1,5.00,2012-01-01
03046300,80,3,Nile perch (Lates niloticus),Fr. per 100 kg gross,1,5.00,2012-01-01
03046900,80,3,other,Fr. per 100 kg gross,1,5.00,2017-01-01
,10,2,"frozen fillets of fish of the families Bregmacerotidae, Euclichthyidae, Gadidae, Macrouridae, Melanonidae, Merlucciidae, Moridae and Muraenolepididae:",,,,2012-01-01
03047100,80,3,"cod (Gadus morhua, Gadus ogac, Gadus macrocephalus)",Fr. per 100 kg gross,1,0.00,2012-01-01
03047200,80,3,haddock (Melanogrammus aeglefinus),Fr. per 100 kg gross,1,0.00,2012-01-01
03047300,80,3,coalfish (Pollachius virens),Fr. per 100 kg gross,1,0.00,2012-01-01
03047400,80,3,"hake (Merluccius spp., Urophycis spp.)",Fr. per 100 kg gross,1,0.00,2012-01-01
03047500,80,3,Alaska Pollock (Theragra chalcogramma),Fr. per 100 kg gross,1,0.00,2012-01-01
03047900,80,3,other,Fr. per 100 kg gross,1,0.00,2012-01-01
,10,2,frozen fillets of other fish:,,,,2012-01-01
03048100,80,3,"Pacific salmon (Oncorhynchus nerka, Oncorhynchus gorbuscha, Oncorhynchus keta, Oncorhynchus tschawytscha, Oncorhynchus kisutch, Oncorhynchus masou and Oncorhynchus rhodurus), Atlantic salmon (Salmo salar) and Danube salmon (Hucho hucho)",Fr. per 100 kg gross,1,0.00,2012-01-01
03048200,80,3,"trout (Salmo trutta, Oncorhynchus mykiss, Oncorhynchus clarki, Oncorhynchus aguabonita, Oncorhynchus gilae, Oncorhynchus apache and Oncorhynchus chrysogaster)",Fr. per 100 kg gross,1,15.00,2012-01-01
03048300,80,3,"flat fish (Pleuronectidae, Bothidae, Cynoglossidae, Soleidae, Scophthalmidae and Citharidae)",Fr. per 100 kg gross,1,0.00,2012-01-01
03048400,80,3,swordfish (Xiphias gladius),Fr. per 100 kg gross,1,0.00,2012-01-01
03048500,80,3,toothfish (Dissostichus spp.),Fr. per 100 kg gross,1,0.00,2012-01-01
03048600,80,3,"herrings (Clupea harengus, Clupea pallasii)",Fr. per 100 kg gross,1,0.00,2012-01-01
03048700,80,3,"tunas (of the genus Thunnus), skipjack tuna (stripe-bellied bonito) (Katsuwonus pelamis)",Fr. per 100 kg gross,1,0.00,2012-01-01
03048800,80,3,"dogfish, other sharks, rays and skates (Rajidae)",Fr. per 100 kg gross,1,0.00,2017-01-01
030489,80,3,other:,,0,,2012-01-01
03048920,80,4,freshwater fish,Fr. per 100 kg gross,1,5.00,2017-01-01
03048980,80,4,other,Fr. per 100 kg gross,1,0.00,2017-01-01
,10,2,"other, frozen:",,,,2007-01-01
03049100,80,3,swordfish (Xiphias gladius),Fr. per 100 kg gross,1,0.00,2007-01-01
03049200,80,3,toothfish (Dissostichus spp.),Fr. per 100 kg gross,1,0.00,2007-01-01
03049300,80,3,"tilapias (Oreochromis spp.), catfish (Pangasius spp., Silurus spp., Clarias spp., Ictalurus spp.), carp (Cyprinus spp., Carassius spp., Ctenopharyngodon idellus, Hypophthalmichthys spp., Cirrhinus spp., Mylopharyngodon piceus, Catla catla, Labeo spp., Osteochilus hasselti, Leptobarbus hoeveni, Megalobrama spp.), eels (Anguilla spp.), Nile perch (Lates niloticus) and snakeheads (Channa spp.)",Fr. per 100 kg gross,1,0.00,2017-01-01
03049400,80,3,Alaska Pollock (Theragra chalcogramma),Fr. per 100 kg gross,1,0.00,2012-01-01
03049500,80,3,"fish of the families Bregmacerotidae, Euclichthyidae, Gadidae, Macrouridae, Melanonidae, Merlucciidae, Moridae and Muraenolepididae, other than Alaska Pollock (Theragra chalcogramma)",Fr. per 100 kg gross,1,0.00,2012-01-01
03049600,80,3,dogfish and other sharks,Fr. per 100 kg gross,1,0.00,2017-01-01
03049700,80,3,rays and skates (Rajidae),Fr. per 100 kg gross,1,0.00,2017-01-01
030499,80,3,other:,,0,,2007-01-01
03049910,80,4,trout,Fr. per 100 kg gross,1,15.00,2007-01-01
03049970,80,4,other,Fr. per 100 kg gross,1,0.00,2017-01-01
0305,80,1,"Fish, dried, salted or in brine; smoked fish, whether or not cooked before or during the smoking process:",,0,,1988-01-01
03052000,80,2,"livers, roes and milt of fish, dried, smoked, salted or in brine",Fr. per 100 kg gross,1,2.40,1988-01-01
,10,2,"fish fillets, dried, salted or in brine, but not smoked:",,,,2012-01-01
03053100,80,3,"tilapias (Oreochromis spp.), catfish (Pangasius spp., Silurus spp., Clarias spp., Ictalurus spp.), carp (Cyprinus spp., Carassius spp., Ctenopharyngodon idellus, Hypophthalmichthys spp., Cirrhinus spp., Mylopharyngodon piceus, Catla catla, Labeo spp., Osteochilus hasselti, Leptobarbus hoeveni, Megalobrama spp.), eels (Anguilla spp.), Nile perch (Lates niloticus) and snakeheads (Channa spp.)",Fr. per 100 kg gross,1,8.00,2017-01-01
03053200,80,3,"fish of the families Bregmacerotidae, Euclichthyidae, Gadidae, Macrouridae, Melanonidae, Merlucciidae, Moridae and Muraenolepididae",Fr. per 100 kg gross,1,0.00,2012-01-01
030539,80,3,other:,,0,,2012-01-01
03053920,80,4,freshwater fish,Fr. per 100 kg gross,1,8.00,2017-01-01
03053990,80,4,other,Fr. per 100 kg gross,1,0.00,2012-01-01
,10,2,"smoked fish, including fillets, other than edible fish offal:",,,,1988-01-01
03054100,80,3,"Pacific salmon (Oncorhynchus nerka, Oncorhynchus gorbuscha, Oncorhynchus keta, Oncorhynchus tschawytscha, Oncorhynchus kisutch, Oncorhynchus masou and Oncorhynchus rhodurus), Atlantic salmon (Salmo salar) and Danube salmon (Hucho hucho)",Fr. per 100 kg gross,1,0.00,1996-01-01
03054200,80,3,"herrings (Clupea harengus, Clupea pallasii)",Fr. per 100 kg gross,1,0.00,1988-01-01
03054300,80,3,"trout (Salmo trutta, Oncorhynchus mykiss, Oncorhynchus clarki, Oncorhynchus aguabonita, Oncorhynchus gilae, Oncorhynchus apache and Oncorhynchus chrysogaster)",Fr. per 100 kg gross,1,20.00,2012-01-01
03054400,80,3,"tilapias (Oreochromis spp.), catfish (Pangasius spp., Silurus spp., Clarias spp., Ictalurus spp.), carp (Cyprinus spp., Carassius spp., Ctenopharyngodon idellus, Hypophthalmichthys spp., Cirrhinus spp., Mylopharyngodon piceus, Catla catla, Labeo spp., Osteochilus hasselti, Leptobarbus hoeveni, Megalobrama spp.), eels (Anguilla spp.), Nile perch (Lates niloticus) and snakeheads (Channa spp.)",Fr. per 100 kg gross,1,20.00,2017-01-01
030549,80,3,other:,,0,,1988-01-01
03054920,80,4,freshwater fish,Fr. per 100 kg gross,1,20.00,2017-01-01
03054990,80,4,other,Fr. per 100 kg gross,1,0.00,1988-01-01
,10,2,"dried fish, other than edible fish offal, whether or not salted but not smoked:",,,,1988-01-01
03055100,80,3,"cod (Gadus morhua, Gadus ogac, Gadus macrocephalus)",Fr. per 100 kg gross,1,0.00,1988-01-01
03055200,80,3,"tilapias (Oreochromis spp.), catfish (Pangasius spp., Silurus spp., Clarias spp., Ictalurus spp.), carp (Cyprinus spp., Carassius spp., Ctenopharyngodon idellus, Hypophthalmichthys spp., Cirrhinus spp., Mylopharyngodon piceus, Catla catla, Labeo spp., Osteochilus hasselti, Leptobarbus hoeveni, Megalobrama spp.), eels (Anguilla spp.), Nile perch (Lates niloticus) and snakeheads (Channa spp.)",Fr. per 100 kg gross,1,8.00,2017-01-01
03055300,80,3,"fish of the families Bregmacerotidae, Euclichthyidae, Gadidae, Macrouridae, Melanonidae, Merlucciidae, Moridae and Muraenolepididae, other than cod (Gadus morhua, Gadus ogac, Gadus macrocephalus)",Fr. per 100 kg gross,1,0.00,2017-01-01
03055400,80,3,"herrings (Clupea harengus, Clupea pallasii), anchovies (Engraulis spp.), sardines (Sardina pilchardus, Sardinops spp.), sardinella (Sardinella spp.), brisling or sprats (Sprattus sprattus), mackerel (Scomber scombrus, Scomber australasicus, Scomber japonicus), Indian mackerels (Rastrelliger spp.), seerfishes (Scomberomorus spp.), jack and horse mackerel (Trachurus spp.), jacks, crevalles (Caranx spp.), cobia (Rachycentron canadum), silver pomfrets (Pampus spp.), Pacific saury (Cololabis saira), scads (Decapterus spp.), capelin (Mallotus villosus), swordfish (Xiphias gladius), Kawakawa (Euthynnus affinis), bonitos (Sarda spp.), marlins, sailfishes, spearfish (Istiophoridae)",Fr. per 100 kg gross,1,0.00,2017-01-01
030559,80,3,other:,,0,,1988-01-01
03055920,80,4,freshwater fish,Fr. per 100 kg gross,1,8.00,2017-01-01
03055980,80,4,other,Fr. per 100 kg gross,1,0.00,2017-01-01
,10,2,"fish, salted but not dried or smoked and fish in brine, other than edible fish offal:",,,,1988-01-01
03056100,80,3,"herrings (Clupea harengus, Clupea pallasii)",Fr. per 100 kg gross,1,0.00,1988-01-01
03056200,80,3,"cod (Gadus morhua, Gadus ogac, Gadus macrocephalus)",Fr. per 100 kg gross,1,0.00,1988-01-01
03056300,80,3,anchovies (Engraulis spp.),Fr. per 100 kg gross,1,0.00,1988-01-01
03056400,80,3,"tilapias (Oreochromis spp.), catfish (Pangasius spp., Silurus spp., Clarias spp., Ictalurus spp.), carp (Cyprinus spp., Carassius spp., Ctenopharyngodon idellus, Hypophthalmichthys spp., Cirrhinus spp., Mylopharyngodon piceus, Catla catla, Labeo spp., Osteochilus hasselti, Leptobarbus hoeveni, Megalobrama spp.), eels (Anguilla spp.), Nile perch (Lates niloticus) and snakeheads (Channa spp.)",Fr. per 100 kg gross,1,8.00,2017-01-01
030569,80,3,other:,,0,,1988-01-01
03056920,80,4,freshwater fish,Fr. per 100 kg gross,1,8.00,2017-01-01
03056990,80,4,other,Fr. per 100 kg gross,1,0.00,1988-01-01
,10,2,"fish fins, heads, tails, maws and other edible fish offal:",,,,2012-01-01
03057100,80,3,shark fins,Fr. per 100 kg gross,1,0.00,2012-01-01
03057200,80,3,"fish heads, tails and maws",Fr. per 100 kg gross,1,0.00,2012-01-01
03057900,80,3,other,Fr. per 100 kg gross,1,0.00,2012-01-01
0306,80,1,"Crustaceans, whether in shell or not, live, fresh, chilled, frozen, dried, salted or in brine; smoked crustaceans, whether in shell or not, whether or not cooked before or during the smoking process; crustaceans, in shell, cooked by steaming or by boiling in water, whether or not chilled, frozen, dried, salted or in brine:",,0,,2012-01-01
,10,2,frozen:,,,,2012-01-01
03061100,80,3,"rock lobster and other sea crawfish (Palinurus spp., Panulirus spp., Jasus spp.)",Fr. per 100 kg gross,1,0.00,2012-01-01
03061200,80,3,lobsters (Homarus spp.),Fr. per 100 kg gross,1,0.00,2012-01-01
03061400,80,3,crabs,Fr. per 100 kg gross,1,0.00,2012-01-01
03061500,80,3,Norway lobsters (Nephrops norvegicus),Fr. per 100 kg gross,1,0.00,2012-01-01
03061600,80,3,"cold-water shrimps and prawns (Pandalus spp., Crangon crangon)",Fr. per 100 kg gross,1,0.00,2012-01-01
03061700,80,3,other shrimps and prawns,Fr. per 100 kg gross,1,0.00,2012-01-01
03061900,80,3,other,Fr. per 100 kg gross,1,0.00,2022-01-01
,10,2,"live, fresh or chilled:",,,,2017-01-01
03063100,80,3,"rock lobster and other sea crawfish (Palinurus spp., Panulirus spp., Jasus spp.)",Fr. per 100 kg gross,1,0.00,2017-01-01
03063200,80,3,lobsters (Homarus spp.),Fr. per 100 kg gross,1,0.00,2017-01-01
03063300,80,3,crabs,Fr. per 100 kg gross,1,0.00,2017-01-01
03063400,80,3,Norway lobsters (Nephrops norvegicus),Fr. per 100 kg gross,1,0.00,2017-01-01
03063500,80,3,"cold-water shrimps and prawns (Pandalus spp., Crangon crangon)",Fr. per 100 kg gross,1,0.00,2017-01-01
03063600,80,3,other shrimps and prawns,Fr. per 100 kg gross,1,0.00,2017-01-01
03063900,80,3,other,Fr. per 100 kg gross,1,0.00,2022-01-01
,10,2,other:,,,,2017-01-01
03069100,80,3,"rock lobster and other sea crawfish (Palinurus spp., Panulirus spp., Jasus spp.)",Fr. per 100 kg gross,1,0.00,2017-01-01
03069200,80,3,lobsters (Homarus spp.),Fr. per 100 kg gross,1,0.00,2017-01-01
03069300,80,3,crabs,Fr. per 100 kg gross,1,0.00,2017-01-01
03069400,80,3,Norway lobsters (Nephrops norvegicus),Fr. per 100 kg gross,1,0.00,2017-01-01
03069500,80,3,shrimps and prawns,Fr. per 100 kg gross,1,0.00,2017-01-01
03069900,80,3,other,Fr. per 100 kg gross,1,0.00,2022-01-01
0307,80,1,"Molluscs, whether in shell or not, live, fresh, chilled, frozen, dried, salted or in brine; smoked molluscs, whether in shell or not, whether or not cooked before or during the smoking process:",,0,,2012-01-01
,10,2,oysters:,,,,2012-01-01
03071100,80,3,"live, fresh or chilled",Fr. per 100 kg gross,1,0.00,2012-01-01
03071200,80,3,frozen,Fr. per 100 kg gross,1,0.00,2017-01-01
03071900,80,3,other,Fr. per 100 kg gross,1,0.00,2012-01-01
,10,2,scallops and other molluscs of the family Pectinidae:,,,,2012-01-01
03072100,80,3,"live, fresh or chilled",Fr. per 100 kg gross,1,0.00,2012-01-01
03072200,80,3,frozen,Fr. per 100 kg gross,1,0.00,2017-01-01
03072900,80,3,other,Fr. per 100 kg gross,1,0.00,2012-01-01
,10,2,"mussels (Mytilus spp., Perna spp.):",,,,2012-01-01
03073100,80,3,"live, fresh or chilled",Fr. per 100 kg gross,1,0.00,2012-01-01
03073200,80,3,frozen,Fr. per 100 kg gross,1,0.00,2017-01-01
03073900,80,3,other,Fr. per 100 kg gross,1,0.00,2012-01-01
,10,2,cuttle fish and squid:,,,,2012-01-01
03074200,80,3,"live, fresh or chilled",Fr. per 100 kg gross,1,0.00,2017-01-01
03074300,80,3,frozen,Fr. per 100 kg gross,1,0.00,2017-01-01
03074900,80,3,other,Fr. per 100 kg gross,1,0.00,2012-01-01
,10,2,octopus (Octopus spp.):,,,,2012-01-01
03075100,80,3,"live, fresh or chilled",Fr. per 100 kg gross,1,0.00,2012-01-01
03075200,80,3,frozen,Fr. per 100 kg gross,1,0.00,2017-01-01
03075900,80,3,other,Fr. per 100 kg gross,1,0.00,2012-01-01
03076000,80,2,"snails, other than sea snails",Fr. per 100 kg gross,1,0.00,2012-01-01
,10,2,"clams, cockles and ark shells (families Arcidae, Arcticidae, Cardiidae, Donacidae, Hiatellidae, Mactridae, Mesodesmatidae, Myidae, Semelidae, Solecurtidae, Solenidae, Tridacnidae and Veneridae):",,,,2012-01-01
03077100,80,3,"live, fresh or chilled",Fr. per 100 kg gross,1,0.00,2012-01-01
03077200,80,3,frozen,Fr. per 100 kg gross,1,0.00,2017-01-01
03077900,80,3,other,Fr. per 100 kg gross,1,0.00,2012-01-01
,10,2,abalone (Haliotis spp.) and stromboid conchs (Strombus spp.):,,,,2017-01-01
03078100,80,3,"live, fresh or chilled abalone (Haliotis spp.)",Fr. per 100 kg gross,1,0.00,2017-01-01
03078200,80,3,"live, fresh or chilled stromboid conchs (Strombus spp.)",Fr. per 100 kg gross,1,0.00,2017-01-01
03078300,80,3,frozen abalone (Haliotis spp.),Fr. per 100 kg gross,1,0.00,2017-01-01
03078400,80,3,frozen stromboid conchs (Strombus spp.),Fr. per 100 kg gross,1,0.00,2017-01-01
03078700,80,3,other abalone (Haliotis spp.),Fr. per 100 kg gross,1,0.00,2017-01-01
03078800,80,3,other stromboid conchs (Strombus spp.),Fr. per 100 kg gross,1,0.00,2017-01-01
,10,2,other:,,,,2022-01-01
03079100,80,3,"live, fresh or chilled",Fr. per 100 kg gross,1,0.00,2022-01-01
03079200,80,3,frozen,Fr. per 100 kg gross,1,0.00,2022-01-01
03079900,80,3,other,Fr. per 100 kg gross,1,0.00,2022-01-01
0308,80,1,"Aquatic invertebrates other than crustaceans and molluscs, live, fresh, chilled, frozen, dried, salted or in brine; smoked aquatic invertebrates other than crustaceans and molluscs, whether or not cooked before or during the smoking process:",,0,,2012-01-01
,10,2,"sea cucumbers (Stichopus japonicus, Holothuroidea):",,,,2012-01-01
03081100,80,3,"live, fresh or chilled",Fr. per 100 kg gross,1,0.00,2012-01-01
03081200,80,3,frozen,Fr. per 100 kg gross,1,0.00,2017-01-01
03081900,80,3,other,Fr. per 100 kg gross,1,0.00,2012-01-01
,10,2,"sea urchins (Strongylocentrotus spp., Paracentrotus lividus, Loxechinus albus, Echinus esculentus):",,,,2012-01-01
03082100,80,3,"live, fresh or chilled",Fr. per 100 kg gross,1,0.00,2012-01-01
03082200,80,3,frozen,Fr. per 100 kg gross,1,0.00,2017-01-01
03082900,80,3,other,Fr. per 100 kg gross,1,0.00,2012-01-01
03083000,80,2,jellyfish (Rhopilema spp.),Fr. per 100 kg gross,1,0.00,2012-01-01
03089000,80,2,other,Fr. per 100 kg gross,1,0.00,2012-01-01
0309,80,1,"Flours, meals and pellets of fish, crustaceans, molluscs and other aquatic invertebrates, fit for human consumption:",,0,,2022-01-01
03091000,80,2,of fish,Fr. per 100 kg gross,1,0.00,2022-01-01
03099000,80,2,other,Fr. per 100 kg gross,1,0.00,2022-01-01
04,80,0,"Dairy produce; birds' eggs; natural honey; edible products of animal origin, not elsewhere specified or included",,0,,1988-01-01
0401,80,1,"Milk and cream, not concentrated nor containing added sugar or other sweetening matter:",,0,,1988-01-01
040110,80,2,"of a fat content, by weight, not exceeding 1%:",,0,,1988-01-01
04011010,80,3,within the limits of the tariff quota (Q. No. 7),Fr. per 100 kg gross,1,18.00,1995-07-01
04011090,80,3,other,Fr. per 100 kg gross,1,40.00,1995-07-01
040120,80,2,"of a fat content, by weight, exceeding 1% but not exceeding 6%:",,0,,1988-01-01
04012010,80,3,within the limits of the tariff quota (Q. No. 7),Fr. per 100 kg gross,1,18.00,1995-07-01
04012090,80,3,other,Fr. per 100 kg gross,1,76.00,1995-07-01
04014000,80,2,"of a fat content, by weight, exceeding 6 % but not exceeding 10 %",Fr. per 100 kg gross,1,765.00,2012-01-01
040150,80,2,"of a fat content, by weight, exceeding 10 %:",,0,,2012-01-01
04015010,80,3,milk,Fr. per 100 kg gross,1,765.00,2012-01-01
04015020,80,3,cream,Fr. per 100 kg gross,1,1408.00,2012-01-01
0402,80,1,"Milk and cream, concentrated or containing added sugar or other sweetening matter:",,0,,1988-01-01
04021000,80,2,"in powder, granules or other solid forms, of a fat content, by weight, not exceeding 1.5%",Fr. per 100 kg gross,1,323.00,1988-01-01
,10,2,"in powder, granules or other solid forms, of a fat content, by weight, exceeding 1.5%:",,,,1988-01-01
040221,80,3,not containing added sugar or other sweetening matter:,,0,,1988-01-01
,10,4,milk:,,,,1995-07-01
04022111,80,5,within the limits of the tariff quota (Q. No. 7),Fr. per 100 kg gross,1,50.00,1995-07-01
04022119,80,5,other,Fr. per 100 kg gross,1,656.00,1995-07-01
04022120,80,4,cream,Fr. per 100 kg gross,1,1346.00,1988-01-01
040229,80,3,other:,,0,,1988-01-01
,10,4,milk:,,,,1995-07-01
04022911,80,5,within the limits of the tariff quota (Q. No. 7),Fr. per 100 kg gross,1,50.00,1995-07-01
04022919,80,5,other,Fr. per 100 kg gross,1,716.00,1995-07-01
04022920,80,4,cream,Fr. per 100 kg gross,1,1346.00,1988-01-01
,10,2,other:,,,,1988-01-01
040291,80,3,not containing added sugar or other sweetening matter:,,0,,1988-01-01
04029110,80,4,milk,Fr. per 100 kg gross,1,235.00,1988-01-01
04029120,80,4,cream,Fr. per 100 kg gross,1,1346.00,1988-01-01
040299,80,3,other:,,0,,1988-01-01
04029910,80,4,milk,Fr. per 100 kg gross,1,235.00,1988-01-01
04029920,80,4,cream,Fr. per 100 kg gross,1,1346.00,1988-01-01
0403,80,1,"Yogurt; buttermilk, curdled milk and cream, kephir and other fermented or acidified milk and cream, whether or not concentrated or containing added sugar or other sweetening matter or flavoured or containing added fruit, nuts or cocoa:",,0,,1988-01-01
040320,80,2,yogurt:,,0,,2022-01-01
,10,3,plain (whether or not concentrated or containing added sugar or other sweetening matter):,,,,2022-01-01
04032011,80,4,within the limits of the tariff quota (Q. No. 7),Fr. per 100 kg gross,1,18.00,2022-01-01
04032029,80,4,other,Fr. per 100 kg gross,1,686.00,2022-01-01
,10,3,other:,,,,2022-01-01
04032091,80,4,containing cocoa,Fr. per 100 kg gross,1,86.00,2022-01-01
04032099,80,4,other,Fr. per 100 kg gross,1,139.00,2022-01-01
040390,80,2,other:,,0,,1988-01-01
,10,3,not concentrated nor containing added sugar or other sweetening matter:,,,,1988-01-01
,10,4,cream:,,,,1988-01-01
04039031,80,5,"flavoured or containing added fruit, nuts or cocoa",Fr. per 100 kg gross,1,139.00,1995-07-01
04039039,80,5,other,Fr. per 100 kg gross,1,1408.00,1995-07-01
,10,4,other:,,,,1988-01-01
,10,5,"flavoured or containing added fruit, nuts or cocoa:",,,,1988-01-01
04039041,80,6,within the limits of the tariff quota (Q. No. 7),Fr. per 100 kg gross,1,18.00,1995-07-01
04039049,80,6,other,Fr. per 100 kg gross,1,139.00,1995-07-01
,10,5,other:,,,,1988-01-01
04039051,80,6,within the limits of the tariff quota (Q. No. 7),Fr. per 100 kg gross,1,18.00,1995-07-01
04039059,80,6,other,Fr. per 100 kg gross,1,69.70,1995-07-01
,10,3,concentrated or containing added sugar or other sweetening matter:,,,,1988-01-01
,10,4,cream:,,,,1988-01-01
04039061,80,5,"flavoured or containing added fruit, nuts or cocoa",Fr. per 100 kg gross,1,139.00,1995-07-01
04039069,80,5,other,Fr. per 100 kg gross,1,1346.00,1995-07-01
,10,4,other:,,,,1988-01-01
,10,5,"flavoured or containing added fruit, nuts or cocoa:",,,,2005-02-01
04039072,80,6,containing more than 3% by weight of milkfat,Fr. per 100 kg gross,1,139.00,2005-02-01
04039079,80,6,other,Fr. per 100 kg gross,1,139.00,2005-02-01
,10,5,other:,,,,1988-01-01
04039091,80,6,within the limits of the tariff quota (Q. No. 7),Fr. per 100 kg gross,1,139.00,1995-07-01
04039099,80,6,other,Fr. per 100 kg gross,1,686.00,1995-07-01
0404,80,1,"Whey, whether or not concentrated or containing added sugar or other sweetening matter; products consisting of natural milk constituents, whether or not containing added sugar or other sweetening matter, not elsewhere specified or included:",,0,,1988-01-01
04041000,80,2,"whey and modified whey, whether or not concentrated or containing added sugar or other sweetening matter",Fr. per 100 kg gross,1,245.00,1988-01-01
040490,80,2,other:,,0,,1988-01-01
,10,3,"in powder, granules or other solid forms:",,,,1988-01-01
04049011,80,4,"of a milkfat content, by weight of the dry matter, of less than 40%",Fr. per 100 kg gross,1,159.00,1988-01-01
04049019,80,4,other,Fr. per 100 kg gross,1,1346.00,1988-01-01
,10,3,other:,,,,1988-01-01
,10,4,"of a milkfat content, by weight of the dry matter, of less than 40%:",,,,1988-01-01
04049081,80,5,within the limits of the tariff quota (Q. No. 7),Fr. per 100 kg gross,1,25.00,1995-07-01
04049089,80,5,other,Fr. per 100 kg gross,1,72.00,1995-07-01
04049099,80,4,other,Fr. per 100 kg gross,1,1346.00,1988-01-01
0405,80,1,Butter and other fats and oils derived from milk; dairy spreads:,,0,,1996-01-01
040510,80,2,butter:,,0,,1996-01-01
,10,3,"fresh, unsalted:",,,,1996-01-01
04051011,80,4,within the limits of the tariff quota (Q. No. 7),Fr. per 100 kg gross,1,20.00,1996-01-01
04051019,80,4,other,Fr. per 100 kg gross,1,1642.00,1996-01-01
,10,3,other:,,,,1996-01-01
04051091,80,4,within the limits of the tariff quota (Q. No. 7),Fr. per 100 kg gross,1,30.00,1996-01-01
04051099,80,4,other,Fr. per 100 kg gross,1,1642.00,1996-01-01
040520,80,2,dairy spreads:,,0,,1996-01-01
,10,3,within the limits of the tariff quota (Q. No. 7):,,,,2005-02-01
04052011,80,4,"of a fat content, by weight, of 39 % or more but less than 75 %",Fr. per 100 kg gross,1,20.00,2005-02-01
04052019,80,4,other,Fr. per 100 kg gross,1,20.00,2005-02-01
,10,3,other:,,,,2005-02-01
04052091,80,4,"of a fat content, by weight, of 39 % or more but less than 75 %",Fr. per 100 kg gross,1,1642.00,2005-02-01
04052099,80,4,other,Fr. per 100 kg gross,1,1642.00,2005-02-01
040590,80,2,other:,,0,,1996-01-01
04059010,80,3,within the limits of the tariff quota (Q. No. 7),Fr. per 100 kg gross,1,30.00,1996-01-01
04059090,80,3,other,Fr. per 100 kg gross,1,1642.00,1996-01-01
0406,80,1,Cheese and curd:,,0,,1988-01-01
040610,80,2,"fresh (unripened or uncured) cheese, including whey cheese, and curd:",,0,,1988-01-01
04061010,80,3,"Mascarpone, Ricotta Romana",Fr. per 100 kg gross,1,25.50,1992-01-01
04061020,80,3,Mozzarella,Fr. per 100 kg gross,1,264.00,1992-01-01
04061090,80,3,other,Fr. per 100 kg gross,1,289.00,1992-01-01
040620,80,2,"grated or powdered cheese, of all kinds:",,0,,1988-01-01
04062010,80,3,semi-hard cheese,Fr. per 100 kg gross,1,408.00,1995-07-01
04062090,80,3,other,Fr. per 100 kg gross,1,315.00,1995-07-01
040630,80,2,"processed cheese, not grated or powdered:",,0,,1988-01-01
04063010,80,3,accompanied by a recognised certificate,Fr. per 100 kg gross,1,230.00,1995-07-01
04063090,80,3,other,Fr. per 100 kg gross,1,442.00,1995-07-01
040640,80,2,blue-veined cheese and other cheese containing veins produced by «Penicillium roqueforti»:,,0,,1988-01-01
04064010,80,3,"Danablu, Gorgonzola, Roquefort",Fr. per 100 kg gross,1,21.30,1988-01-01
,10,3,other:,,,,1988-01-01
,10,4,soft cheese:,,,,1988-01-01
04064021,80,5,"Roquefort, with proof of origin",Fr. per 100 kg gross,1,85.00,1995-07-01
04064029,80,5,other,Fr. per 100 kg gross,1,289.00,1995-07-01
,10,4,other:,,,,1988-01-01
04064081,80,5,semi-hard cheese,Fr. per 100 kg gross,1,408.00,1995-07-01
04064089,80,5,other,Fr. per 100 kg gross,1,315.00,1995-07-01
040690,80,2,other cheese:,,0,,1988-01-01
,10,3,soft cheese:,,,,1988-01-01
04069011,80,4,"Brie, Camembert, Crescenza, Italico, Pont-l'Évêque, Reblochon, Robiola, Stracchino",Fr. per 100 kg gross,1,25.50,1992-01-01
04069019,80,4,other,Fr. per 100 kg gross,1,289.00,1988-01-01
,10,3,hard or semi-hard cheese:,,,,1988-01-01
04069021,80,4,green cheese (herb cheese),Fr. per 100 kg gross,1,34.00,1988-01-01
,10,4,"Caciocavallo, Canestrato (Pecorino Siciliano), Aostataler Fontina, Parmigiano Reggiano, Grana Padano, Pecorino (Pecorino Romano, Fiore Sardo, other Pecorino), Provolone:",,,,1988-01-01
04069031,80,5,semi-hard cheese,Fr. per 100 kg gross,1,115.00,1995-07-01
04069039,80,5,other,Fr. per 100 kg gross,1,21.00,1995-07-01
,10,4,"Asiago, Bitto, Brà, Fontal, Montasio, Saint-Paulin (Port-Salut), Saint Nectaire:",,,,1988-01-01
04069051,80,5,semi-hard cheese,Fr. per 100 kg gross,1,383.00,1995-07-01
04069059,80,5,other,Fr. per 100 kg gross,1,289.00,1995-07-01
04069060,80,4,Cantal,Fr. per 100 kg gross,1,51.00,1995-07-01
,10,4,other:,,,,1988-01-01
04069091,80,5,semi-hard cheese,Fr. per 100 kg gross,1,408.00,1995-07-01
04069099,80,5,other,Fr. per 100 kg gross,1,315.00,1995-07-01
0407,80,1,"Birds' eggs, in shell, fresh, preserved or cooked:",,0,,1988-01-01
,10,2,fertilised eggs for incubation:,,,,2012-01-01
040711,80,3,of fowls of the species Gallus domesticus:,,0,,2012-01-01
04071110,80,4,within the limits of the tariff quota (Q. No. 9),Fr. per 100 kg gross,1,50.00,2012-01-01
04071190,80,4,other,Fr. per 100 kg gross,1,371.00,2012-01-01
040719,80,3,other:,,0,,2012-01-01
04071910,80,4,within the limits of the tariff quota (Q. No. 9),Fr. per 100 kg gross,1,50.00,2012-01-01
04071990,80,4,other,Fr. per 100 kg gross,1,371.00,2012-01-01
,10,2,other fresh eggs:,,,,2012-01-01
040721,80,3,of fowls of the species Gallus domesticus:,,0,,2012-01-01
04072110,80,4,within the limits of the tariff quota (Q. No. 9),Fr. per 100 kg gross,1,50.00,2012-01-01
04072190,80,4,other,Fr. per 100 kg gross,1,371.00,2012-01-01
040729,80,3,other:,,0,,2012-01-01
04072910,80,4,within the limits of the tariff quota (Q. No. 9),Fr. per 100 kg gross,1,50.00,2012-01-01
04072990,80,4,other,Fr. per 100 kg gross,1,371.00,2012-01-01
040790,80,2,other:,,0,,2012-01-01
04079010,80,3,within the limits of the tariff quota (Q. No. 9),Fr. per 100 kg gross,1,50.00,2012-01-01
04079090,80,3,other,Fr. per 100 kg gross,1,371.00,2012-01-01
0408,80,1,"Birds' eggs, not in shell, and egg yolks, fresh, dried, cooked by steaming or by boiling in water, moulded, frozen or otherwise preserved, whether or not containing added sugar or other sweetening matter:",,0,,1988-01-01
,10,2,egg yolks:,,,,1988-01-01
040811,80,3,dried:,,0,,1988-01-01
04081110,80,4,within the limits of the tariff quota (Q. No. 10),Fr. per 100 kg gross,1,255.00,1995-07-01
04081190,80,4,other,Fr. per 100 kg gross,1,500.00,1995-07-01
040819,80,3,other:,,0,,1988-01-01
04081910,80,4,within the limits of the tariff quota (Q. No. 11),Fr. per 100 kg gross,1,79.00,1995-07-01
04081990,80,4,other,Fr. per 100 kg gross,1,134.00,1995-07-01
,10,2,other:,,,,1988-01-01
040891,80,3,dried:,,0,,1988-01-01
04089110,80,4,within the limits of the tariff quota (Q. No. 10),Fr. per 100 kg gross,1,255.00,1995-07-01
04089190,80,4,other,Fr. per 100 kg gross,1,500.00,1995-07-01
040899,80,3,other:,,0,,1988-01-01
04089910,80,4,within the limits of the tariff quota (Q. No. 11),Fr. per 100 kg gross,1,79.00,1995-07-01
04089990,80,4,other,Fr. per 100 kg gross,1,134.00,1995-07-01
04090000,80,1,Natural honey,Fr. per 100 kg gross,1,38.00,1988-01-01
0410,80,1,"Insects and other edible products of animal origin, not elsewhere specified or included:",,0,,1988-01-01
04101000,80,2,insects,Fr. per 100 kg gross,1,0.00,2022-01-01
04109000,80,2,other,Fr. per 100 kg gross,1,0.00,2022-01-01
05,80,0,"Products of animal origin, not elsewhere specified or included",,0,,1988-01-01
05010000,80,1,"Human hair, unworked, whether or not washed or scoured; waste of human hair",Fr. per 100 kg gross,1,0.00,1988-01-01
0502,80,1,"Pigs', hogs' or boars' bristles and hair; badger hair and other brush making hair; waste of such bristles or hair:",,0,,1988-01-01
05021000,80,2,"pigs', hogs' or boars' bristles and hair and waste thereof",Fr. per 100 kg gross,1,0.00,1988-01-01
05029000,80,2,other,Fr. per 100 kg gross,1,0.00,1988-01-01
0504,80,1,"Guts, bladders and stomachs of animals (other than fish), whole and pieces thereof, fresh, chilled, frozen, salted, in brine, dried or smoked:",,0,,1988-01-01
05040010,80,2,rennet bags,Fr. per 100 kg gross,1,0.00,1988-01-01
,10,2,other stomachs of animals of headings 0101 to 0104; tripe:,,,,1996-01-01
05040031,80,3,for human consumption,Fr. per 100 kg gross,1,765.00,1996-01-01
05040039,80,3,other,Fr. per 100 kg gross,1,765.00,1996-01-01
05040090,80,2,other,Fr. per 100 kg gross,1,0.00,1996-01-01
0505,80,1,"Skins and other parts of birds, with their feathers or down, feathers and parts of feathers (whether or not with trimmed edges) and down, not further worked than cleaned, disinfected or treated for preservation; powder and waste of feathers or parts of feathers:",,0,,1988-01-01
050510,80,2,feathers of a kind used for stuffing; down:,,0,,1988-01-01
05051010,80,3,"bed feathers and down, unworked, unwashed",Fr. per 100 kg gross,1,0.00,1988-01-01
05051090,80,3,other,Fr. per 100 kg gross,1,0.00,1988-01-01
050590,80,2,other:,,0,,1988-01-01
,10,3,powder and waste of feathers or parts of feathers:,,,,1995-07-01
05059011,80,4,for animal feeding,Fr. per 100 kg gross,1,34.00,1995-07-01
05059019,80,4,other,Fr. per 100 kg gross,1,0.00,1995-07-01
05059090,80,3,other,Fr. per 100 kg gross,1,0.00,1988-01-01
0506,80,1,"Bones and horn-cores, unworked, defatted, simply prepared (but not cut to shape), treated with acid or degelatinised; powder and waste of these products:",,0,,1988-01-01
05061000,80,2,ossein and bones treated with acid,Fr. per 100 kg gross,1,0.00,1988-01-01
05069000,80,2,other,Fr. per 100 kg gross,1,0.00,1988-01-01
0507,80,1,"Ivory, tortoise-shell, whalebone and whalebone hair, horns, antlers, hooves, nails, claws and beaks, unworked or simply prepared but not cut to shape; powder and waste of these products:",,0,,1988-01-01
05071000,80,2,ivory; ivory powder and waste,Fr. per 100 kg gross,1,4.00,1988-01-01
05079000,80,2,other,Fr. per 100 kg gross,1,0.00,1988-01-01
0508,80,1,"Coral and similar materials, unworked or simply prepared but not otherwise worked; shells of molluscs, crustaceans or echinoderms and cuttle-bone, unworked or simply prepared but not cut to shape, powder and waste thereof:",,0,,1988-01-01
05080010,80,2,crushed shells; shell powder and waste,Fr. per 100 kg gross,1,0.00,1988-01-01
,10,2,other:,,,,1995-07-01
05080091,80,3,"shrimp or prawn shells, whether or not ground, for animal feeding",Fr. per 100 kg gross,1,33.00,1995-07-01
05080099,80,3,other,Fr. per 100 kg gross,1,0.00,1995-07-01
05100000,80,1,"Ambergris, castoreum, civet and musk; cantharides; bile, whether or not dried; glands and other animal products used in the preparation of pharmaceutical products, fresh, chilled, frozen or otherwise provisionally preserved",Fr. per 100 kg gross,1,0.00,1988-01-01
0511,80,1,"Animal products not elsewhere specified or included; dead animals of Chapter 1 or 3, unfit for human consumption:",,0,,1988-01-01
051110,80,2,bovine semen:,,0,,1988-01-01
05111010,80,3,within the limits of the tariff quota (Q. No. 12),Fr. per usual unit,1,0.10,1995-07-01
05111090,80,3,other,Fr. per usual unit,1,5.00,1995-07-01
,10,2,other:,,,,1988-01-01
051191,80,3,"products of fish or crustaceans, molluscs or other aquatic invertebrates; dead animals of Chapter 3:",,0,,1988-01-01
05119110,80,4,"small fish (other than fresh, salted or frozen), crustaceans and molluscs, whether or not ground, for animal feeding",Fr. per 100 kg gross,1,33.00,1995-07-01
05119190,80,4,other,Fr. per 100 kg gross,1,0.00,1995-07-01
051199,80,3,other:,,0,,1988-01-01
,10,4,for animal feeding:,,,,1995-07-01
05119911,80,5,animal blood,Fr. per 100 kg gross,1,34.00,1995-07-01
05119919,80,5,other,Fr. per 100 kg gross,1,34.00,1995-07-01
05119980,80,4,other,Fr. per 100 kg gross,1,0.00,2007-01-01
06,80,0,"Live trees and other plants; bulbs, roots and the like; cut flowers and ornamental foliage",,0,,1988-01-01
0601,80,1,"Bulbs, tubers, tuberous roots, corms, crowns and rhizomes, dormant, in growth or in flower; chicory plants and roots other than roots of heading 1212:",,0,,1988-01-01
060110,80,2,"bulbs, tubers, tuberous roots, corms, crowns and rhizomes, dormant:",,0,,1988-01-01
06011010,80,3,tulips,Fr. per 100 kg gross,1,39.00,1988-01-01
06011090,80,3,other,Fr. per 100 kg gross,1,39.00,1988-01-01
060120,80,2,"bulbs, tubers, tuberous roots, corms, crowns and rhizomes, in growth or in flower; chicory plants and roots:",,0,,1988-01-01
06012010,80,3,chicory plants,Fr. per 100 kg gross,1,18.70,1989-01-01
06012020,80,3,"with earth ball, in tubs or pots, other than tulips and chicory plants",Fr. per 100 kg gross,1,22.00,1989-01-01
,10,3,other:,,,,1988-01-01
06012091,80,4,in bud or in flower,Fr. per 100 kg gross,1,73.00,1988-01-01
06012099,80,4,other,Fr. per 100 kg gross,1,39.00,1988-01-01
0602,80,1,"Other live plants (including their roots), cuttings and slips; mushroom spawn:",,0,,1988-01-01
06021000,80,2,unrooted cuttings and slips,Fr. per 100 kg gross,1,6.80,1988-01-01
060220,80,2,"trees, shrubs and bushes, grafted or not, of kinds which bear edible fruit or nuts:",,0,,1988-01-01
,10,3,plants (grown from seeds or scions):,,,,1988-01-01
,10,4,stock of pome-fruit trees for grafting:,,,,1988-01-01
,10,5,grafted:,,,,1988-01-01
06022011,80,6,with bare roots,Fr. per 100 kg gross,1,1743.00,1995-07-01
06022019,80,6,other,Fr. per 100 kg gross,1,1743.00,1995-07-01
,10,5,other:,,,,1988-01-01
06022021,80,6,with bare roots,Fr. per 100 kg gross,1,510.00,1995-07-01
06022029,80,6,other,Fr. per 100 kg gross,1,510.00,1995-07-01
,10,4,stock of stone-fruit trees for grafting:,,,,1988-01-01
,10,5,grafted:,,,,1988-01-01
06022031,80,6,with bare roots,Fr. per 100 kg gross,1,1743.00,1995-07-01
06022039,80,6,other,Fr. per 100 kg gross,1,1743.00,1995-07-01
,10,5,other:,,,,1988-01-01
06022041,80,6,with bare roots,Fr. per 100 kg gross,1,510.00,1995-07-01
06022049,80,6,other,Fr. per 100 kg gross,1,510.00,1995-07-01
,10,4,other:,,,,1988-01-01
06022051,80,5,with bare roots,Fr. per 100 kg gross,1,6.80,1995-07-01
06022059,80,5,other,Fr. per 100 kg gross,1,6.80,1995-07-01
,10,3,other:,,,,1988-01-01
,10,4,with bare roots:,,,,1988-01-01
06022071,80,5,of pome-fruit trees,Fr. per 100 kg gross,1,3060.00,1995-07-01
06022072,80,5,of stone-fruit trees,Fr. per 100 kg gross,1,3060.00,1995-07-01
06022079,80,5,other,Fr. per 100 kg gross,1,22.00,1995-07-01
,10,4,other:,,,,1988-01-01
06022081,80,5,of pome-fruit trees,Fr. per 100 kg gross,1,1700.00,1995-07-01
06022082,80,5,of stone-fruit trees,Fr. per 100 kg gross,1,1700.00,1995-07-01
06022089,80,5,other,Fr. per 100 kg gross,1,19.60,1995-07-01
06023000,80,2,"rhododendrons and azaleas, grafted or not",Fr. per 100 kg gross,1,20.00,1988-01-01
060240,80,2,"roses, grafted or not:",,0,,1988-01-01
06024010,80,3,rose wildstock and wild standard roses,Fr. per 100 kg gross,1,6.80,1988-01-01
,10,3,other:,,,,1995-07-01
06024091,80,4,with bare roots,Fr. per 100 kg gross,1,23.80,1995-07-01
06024099,80,4,other,Fr. per 100 kg gross,1,23.80,1995-07-01
060290,80,2,other:,,0,,1996-01-01
,10,3,seedlings or scions of useful plants; mushroom spawn:,,,,1996-01-01
06029011,80,4,vegetable seedlings and scions and turf in rolls,Fr. per 100 kg gross,1,6.80,1996-01-01
06029012,80,4,mushroom spawn,Fr. per 100 kg gross,1,6.80,1996-01-01
06029019,80,4,other,Fr. per 100 kg gross,1,6.80,1996-01-01
,10,3,other:,,,,1996-01-01
06029091,80,4,with bare roots,Fr. per 100 kg gross,1,22.00,1996-01-01
06029099,80,4,other,Fr. per 100 kg gross,1,19.60,1996-01-01
0603,80,1,"Cut flowers and flower buds of a kind suitable for bouquets or for ornamental purposes, fresh, dried, dyed, bleached, impregnated or otherwise prepared:",,0,,1988-01-01
,10,2,fresh:,,,,2007-01-01
060311,80,3,roses:,,0,,2007-01-01
,10,4,from May 1 to October 25:,,,,2007-01-01
06031110,80,5,within the limits of the tariff quota (Q. No. 13),Fr. per 100 kg gross,1,13.00,2007-01-01
06031120,80,5,other,Fr. per 100 kg gross,1,4225.00,2007-01-01
06031130,80,4,from October 26 to April 30,Fr. per 100 kg gross,1,0.00,2007-01-01
060312,80,3,carnations:,,0,,2007-01-01
,10,4,from May 1 to October 25:,,,,2007-01-01
06031210,80,5,within the limits of the tariff quota (Q. No. 13),Fr. per 100 kg gross,1,25.00,2007-01-01
06031220,80,5,other,Fr. per 100 kg gross,1,1452.00,2007-01-01
06031230,80,4,from October 26 to April 30,Fr. per 100 kg gross,1,6.00,2007-01-01
060313,80,3,orchids:,,0,,2007-01-01
,10,4,from May 1 to October 25:,,,,2007-01-01
06031310,80,5,within the limits of the tariff quota (Q. No. 13),Fr. per 100 kg gross,1,25.00,2007-01-01
06031320,80,5,other,Fr. per 100 kg gross,1,2688.00,2007-01-01
06031330,80,4,from October 26 to April 30,Fr. per 100 kg gross,1,6.00,2007-01-01
060314,80,3,chrysanthemums:,,0,,2007-01-01
,10,4,from May 1 to October 25:,,,,2007-01-01
06031410,80,5,within the limits of the tariff quota (Q. No. 13),Fr. per 100 kg gross,1,25.00,2007-01-01
06031420,80,5,other,Fr. per 100 kg gross,1,2688.00,2007-01-01
06031430,80,4,from October 26 to April 30,Fr. per 100 kg gross,1,6.00,2007-01-01
060315,80,3,lilies (Lilium spp.):,,0,,2012-01-01
,10,4,from May 1 to October 25:,,,,2012-01-01
06031510,80,5,within the limits of the tariff quota (Q. No. 13),Fr. per 100 kg gross,1,25.00,2012-01-01
06031520,80,5,other,Fr. per 100 kg gross,1,2688.00,2012-01-01
06031530,80,4,from October 26 to April 30,Fr. per 100 kg gross,1,6.00,2012-01-01
060319,80,3,other:,,0,,2007-01-01
,10,4,from May 1 to October 25:,,,,2007-01-01
,10,5,within the limits of the tariff quota (Q. No. 13):,,,,2007-01-01
06031911,80,6,of ligneous plants,Fr. per 100 kg gross,1,25.00,2007-01-01
06031918,80,6,other,Fr. per 100 kg gross,1,25.00,2012-01-01
,10,5,other:,,,,2007-01-01
06031921,80,6,of ligneous plants,Fr. per 100 kg gross,1,2688.00,2007-01-01
06031928,80,6,other,Fr. per 100 kg gross,1,2688.00,2012-01-01
,10,4,from October 26 to April 30:,,,,2007-01-01
06031930,80,5,tulips,Fr. per 100 kg gross,1,32.00,2007-01-01
,10,5,other:,,,,2007-01-01
06031931,80,6,of ligneous plants,Fr. per 100 kg gross,1,6.00,2007-01-01
06031938,80,6,other,Fr. per 100 kg gross,1,6.00,2012-01-01
060390,80,2,other:,,0,,1988-01-01
06039010,80,3,"dried, natural",Fr. per 100 kg gross,1,0.00,1988-01-01
06039090,80,3,"other (bleached, dyed, impregnated, etc.)",Fr. per 100 kg gross,1,63.00,1988-01-01
0604,80,1,"Foliage, branches and other parts of plants, without flowers or flower buds, and grasses, mosses and lichens, being goods of a kind suitable for bouquets or for ornamental purposes, fresh, dried, dyed, bleached, impregnated or otherwise prepared:",,0,,1988-01-01
060420,80,2,fresh:,,0,,2012-01-01
06042010,80,3,mosses and lichens,Fr. per 100 kg gross,1,6.00,2012-01-01
,10,3,other:,,,,2012-01-01
,10,4,of ligneous plants:,,,,2012-01-01
06042021,80,5,Christmas trees and conifer branches,Fr. per 100 kg gross,1,6.00,2012-01-01
06042029,80,5,other,Fr. per 100 kg gross,1,6.00,2012-01-01
06042090,80,4,other,Fr. per 100 kg gross,1,6.00,2012-01-01
060490,80,2,other:,,0,,2012-01-01
,10,3,mosses and lichens:,,,,2012-01-01
06049011,80,4,not further prepared than dried,Fr. per 100 kg gross,1,6.00,2012-01-01
06049012,80,4,other,Fr. per 100 kg gross,1,90.00,2012-01-01
,10,3,other:,,,,2012-01-01
06049091,80,4,not further prepared than dried,Fr. per 100 kg gross,1,0.40,2012-01-01
06049099,80,4,"other (bleached, dyed, impregnated, etc.)",Fr. per 100 kg gross,1,25.00,2012-01-01
07,80,0,Edible vegetables and certain roots and tubers,,0,,1988-01-01
0701,80,1,"Potatoes, fresh or chilled:",,0,,1988-01-01
070110,80,2,seed:,,0,,1988-01-01
07011010,80,3,within the limits of the tariff quota (Q. No. 14),Fr. per 100 kg gross,1,2.00,1995-07-01
07011090,80,3,other,Fr. per 100 kg gross,1,44.00,1995-07-01
070190,80,2,other:,,0,,1988-01-01
07019010,80,3,within the limits of the tariff quota (Q. No. 14),Fr. per 100 kg gross,1,7.00,1995-07-01
,10,3,other:,,,,1995-07-01
07019091,80,4,"in bulk, in sacks (whether or not closed) or in open containers with or without lids or other covering material simply placed on the container",Fr. per 100 kg gross,1,64.00,1995-07-01
07019099,80,4,other,Fr. per 100 kg gross,1,82.00,1995-07-01
0702,80,1,"Tomatoes, fresh or chilled:",,0,,1988-01-01
,10,2,cherry tomatoes:,,,,1995-07-01
07020010,80,3,from October 21 to April 30,Fr. per 100 kg gross,1,5.00,1995-07-01
,10,3,from May 1 to October 20:,,,,1995-07-01
07020011,80,4,within the limits of the tariff quota (Q. No. 15),Fr. per 100 kg gross,1,5.00,1995-07-01
07020019,80,4,other,Fr. per 100 kg gross,1,731.00,1995-07-01
,10,2,Peretti tomatoes (plum tomatoes):,,,,1995-07-01
07020020,80,3,from October 21 to April 30,Fr. per 100 kg gross,1,5.00,1995-07-01
,10,3,from May 1 to October 20:,,,,1995-07-01
07020021,80,4,within the limits of the tariff quota (Q. No. 15),Fr. per 100 kg gross,1,5.00,1995-07-01
07020029,80,4,other,Fr. per 100 kg gross,1,264.00,1995-07-01
,10,2,other tomatoes of a diameter of 80 mm or more (beef tomatoes):,,,,1995-07-01
07020030,80,3,from October 21 to April 30,Fr. per 100 kg gross,1,5.00,1995-07-01
,10,3,from May 1 to October 20:,,,,1995-07-01
07020031,80,4,within the limits of the tariff quota (Q. No. 15),Fr. per 100 kg gross,1,5.00,1995-07-01
07020039,80,4,other,Fr. per 100 kg gross,1,264.00,1995-07-01
,10,2,other:,,,,1995-07-01
07020090,80,3,from October 21 to April 30,Fr. per 100 kg gross,1,5.00,1995-07-01
,10,3,from May 1 to October 20:,,,,1995-07-01
07020091,80,4,within the limits of the tariff quota (Q. No. 15),Fr. per 100 kg gross,1,5.00,1995-07-01
07020099,80,4,other,Fr. per 100 kg gross,1,264.00,1995-07-01
0703,80,1,"Onions, shallots, garlic, leeks and other alliaceous vegetables, fresh or chilled:",,0,,1988-01-01
070310,80,2,onions and shallots:,,0,,1988-01-01
,10,3,onion sets:,,,,1995-07-01
07031011,80,4,from May 1 to June 30,Fr. per 100 kg gross,1,0.20,1995-07-01
,10,4,from July 1 to April 30:,,,,1995-07-01
07031013,80,5,within the limits of the tariff quota (Q. No. 15),Fr. per 100 kg gross,1,0.20,1996-01-01
07031019,80,5,other,Fr. per 100 kg gross,1,248.00,1996-01-01
,10,3,other onions and shallots:,,,,1995-07-01
,10,4,spring onions:,,,,1995-07-01
07031020,80,5,from October 31 to March 31,Fr. per 100 kg gross,1,2.90,1995-07-01
,10,5,from April 1 to October 30:,,,,1995-07-01
07031021,80,6,within the limits of the tariff quota (Q. No. 15),Fr. per 100 kg gross,1,2.90,1995-07-01
07031029,80,6,other,Fr. per 100 kg gross,1,472.00,1995-07-01
,10,4,flat white onions of a diameter not exceeding 35 mm:,,,,1995-07-01
07031030,80,5,from October 31 to March 31,Fr. per 100 kg gross,1,2.90,1995-07-01
,10,5,from April 1 to October 30:,,,,1995-07-01
07031031,80,6,within the limits of the tariff quota (Q. No. 15),Fr. per 100 kg gross,1,2.90,1995-07-01
07031039,80,6,other,Fr. per 100 kg gross,1,472.00,1995-07-01
,10,4,wild onions:,,,,1995-07-01
07031040,80,5,from May 16 to May 29,Fr. per 100 kg gross,1,2.90,1995-07-01
,10,5,from May 30 to May 15:,,,,1995-07-01
07031041,80,6,within the limits of the tariff quota (Q. No. 15),Fr. per 100 kg gross,1,2.90,1995-07-01
07031049,80,6,other,Fr. per 100 kg gross,1,472.00,1995-07-01
,10,4,other onions of a diameter of 70 mm or more:,,,,1995-07-01
07031050,80,5,from May 16 to May 29,Fr. per 100 kg gross,1,2.90,1995-07-01
,10,5,from May 30 to May 15:,,,,1995-07-01
07031051,80,6,within the limits of the tariff quota (Q. No. 15),Fr. per 100 kg gross,1,2.90,1995-07-01
07031059,80,6,other,Fr. per 100 kg gross,1,126.00,1995-07-01
,10,4,"onions of a diameter of less than 70 mm, red or white, other than those of subheadings 0703.1030/1039:",,,,1995-07-01
07031060,80,5,from May 16 to May 29,Fr. per 100 kg gross,1,2.90,1995-07-01
,10,5,from May 30 to May 15:,,,,1995-07-01
07031061,80,6,within the limits of the tariff quota (Q. No. 15),Fr. per 100 kg gross,1,2.90,1995-07-01
07031069,80,6,other,Fr. per 100 kg gross,1,96.00,1995-07-01
,10,4,other onions:,,,,1995-07-01
07031070,80,5,from May 16 to May 29,Fr. per 100 kg gross,1,2.90,1995-07-01
,10,5,from May 30 to May 15:,,,,1995-07-01
07031071,80,6,within the limits of the tariff quota (Q. No. 15),Fr. per 100 kg gross,1,2.90,1995-07-01
07031079,80,6,other,Fr. per 100 kg gross,1,96.00,1995-07-01
07031080,80,4,shallots,Fr. per 100 kg gross,1,2.90,1995-07-01
07032000,80,2,garlic,Fr. per 100 kg gross,1,0.00,1988-01-01
070390,80,2,leeks and other alliaceous vegetables:,,0,,1988-01-01
,10,3,"long-tailed leeks (with a maximum of 1/6 of the tail green; if cut, white only), for packing in small capacity containers:",,,,1995-07-01
07039010,80,4,from February 16 to the end of February,Fr. per 100 kg gross,1,10.00,1995-07-01
,10,4,from March 1 to February 15:,,,,1995-07-01
07039011,80,5,within the limits of the tariff quota (Q. No. 15),Fr. per 100 kg gross,1,10.00,1995-07-01
07039019,80,5,other,Fr. per 100 kg gross,1,500.00,1995-07-01
,10,3,other leeks:,,,,1995-07-01
07039020,80,4,from February 16 to the end of February,Fr. per 100 kg gross,1,10.00,1995-07-01
,10,4,from March 1 to February 15:,,,,1995-07-01
07039021,80,5,within the limits of the tariff quota (Q. No. 15),Fr. per 100 kg gross,1,10.00,1995-07-01
07039029,80,5,other,Fr. per 100 kg gross,1,500.00,1995-07-01
07039090,80,3,other,Fr. per 100 kg gross,1,8.50,1995-07-01
0704,80,1,"Cabbages, cauliflowers, kohlrabi, kale and similar edible brassicas, fresh or chilled:",,0,,1988-01-01
070410,80,2,cauliflowers and broccoli:,,0,,1988-01-01
,10,3,cimone:,,,,1995-07-01
07041010,80,4,from 1 December to 30 April,Fr. per 100 kg gross,1,7.00,1995-07-01
,10,4,from May 1 to November 30:,,,,1995-07-01
07041011,80,5,within the limits of the tariff quota (Q. No. 15),Fr. per 100 kg gross,1,7.00,1995-07-01
07041019,80,5,other,Fr. per 100 kg gross,1,163.00,1995-07-01
,10,3,romanesco:,,,,1995-07-01
07041020,80,4,from 1 December to 30 April,Fr. per 100 kg gross,1,7.00,1995-07-01
,10,4,from May 1 to November 30:,,,,1995-07-01
07041021,80,5,within the limits of the tariff quota (Q. No. 15),Fr. per 100 kg gross,1,7.00,1995-07-01
07041029,80,5,other,Fr. per 100 kg gross,1,163.00,1995-07-01
,10,3,sprouting broccoli:,,,,2022-01-01
07041030,80,4,from 1 December to 30 April,Fr. per 100 kg gross,1,10.00,2022-01-01
,10,4,from May 1 to November 30:,,,,2022-01-01
07041031,80,5,within the limits of the tariff quota (Q. No. 15),Fr. per 100 kg gross,1,10.00,2022-01-01
07041039,80,5,other,Fr. per 100 kg gross,1,228.00,2022-01-01
,10,3,other:,,,,1995-07-01
07041090,80,4,from 1 December to 30 April,Fr. per 100 kg gross,1,7.00,1995-07-01
,10,4,from May 1 to November 30:,,,,1995-07-01
07041091,80,5,within the limits of the tariff quota (Q. No. 15),Fr. per 100 kg gross,1,7.00,1995-07-01
07041099,80,5,other,Fr. per 100 kg gross,1,163.00,1995-07-01
070420,80,2,Brussels sprouts:,,0,,1988-01-01
07042010,80,3,from February 1 to August 31,Fr. per 100 kg gross,1,10.00,1995-07-01
,10,3,from September 1 to January 31:,,,,1995-07-01
07042011,80,4,within the limits of the tariff quota (Q. No. 15),Fr. per 100 kg gross,1,10.00,1995-07-01
07042019,80,4,other,Fr. per 100 kg gross,1,175.00,1995-07-01
070490,80,2,other:,,0,,1988-01-01
,10,3,red cabbages:,,,,1995-07-01
07049011,80,4,from May 16 to May 29,Fr. per 100 kg gross,1,3.00,1995-07-01
,10,4,from May 30 to May 15:,,,,1995-07-01
07049018,80,5,within the limits of the tariff quota (Q. No. 15),Fr. per 100 kg gross,1,3.00,1995-07-01
07049019,80,5,other,Fr. per 100 kg gross,1,139.00,1995-07-01
,10,3,white cabbages:,,,,1995-07-01
07049020,80,4,from May 2 to May 14,Fr. per 100 kg gross,1,3.00,1995-07-01
,10,4,from May 15 to May 1:,,,,1995-07-01
07049021,80,5,within the limits of the tariff quota (Q. No. 15),Fr. per 100 kg gross,1,3.00,1995-07-01
07049029,80,5,other,Fr. per 100 kg gross,1,121.00,1995-07-01
,10,3,winter savoy cabbage:,,,,1995-07-01
07049030,80,4,from March 16 to March 31,Fr. per 100 kg gross,1,3.00,1995-07-01
,10,4,from April 1 to March 15:,,,,1995-07-01
07049031,80,5,within the limits of the tariff quota (Q. No. 15),Fr. per 100 kg gross,1,3.00,1995-07-01
07049039,80,5,other,Fr. per 100 kg gross,1,190.00,1995-07-01
,10,3,Savoy cabbage:,,,,1995-07-01
07049040,80,4,from May 11 to May 24,Fr. per 100 kg gross,1,3.00,1995-07-01
,10,4,from May 25 to May 10:,,,,1995-07-01
07049041,80,5,within the limits of the tariff quota (Q. No. 15),Fr. per 100 kg gross,1,3.00,1995-07-01
07049049,80,5,other,Fr. per 100 kg gross,1,194.00,1995-07-01
,10,3,chinese cabbage:,,,,1995-07-01
07049060,80,4,from March 2 to April 9,Fr. per 100 kg gross,1,10.00,1995-07-01
,10,4,from April 10 to March 1:,,,,1995-07-01
07049061,80,5,within the limits of the tariff quota (Q. No. 15),Fr. per 100 kg gross,1,10.00,1995-07-01
07049062,80,5,other,Fr. per 100 kg gross,1,194.00,1995-07-01
,10,3,pak-choi:,,,,1995-07-01
07049063,80,4,from March 2 to April 9,Fr. per 100 kg gross,1,10.00,1995-07-01
,10,4,from April 10 to March 1:,,,,1995-07-01
07049064,80,5,within the limits of the tariff quota (Q. No. 15),Fr. per 100 kg gross,1,10.00,1995-07-01
07049069,80,5,other,Fr. per 100 kg gross,1,194.00,1995-07-01
,10,3,kohlrabi:,,,,1995-07-01
07049070,80,4,from December 16 to March 14,Fr. per 100 kg gross,1,10.00,1995-07-01
,10,4,from March 15 to December 15:,,,,1995-07-01
07049071,80,5,within the limits of the tariff quota (Q. No. 15),Fr. per 100 kg gross,1,10.00,1995-07-01
07049079,80,5,other,Fr. per 100 kg gross,1,205.00,1995-07-01
,10,3,kale:,,,,1995-07-01
07049080,80,4,from May 11 to May 24,Fr. per 100 kg gross,1,10.00,1995-07-01
,10,4,from May 25 to May 10:,,,,1995-07-01
07049081,80,5,within the limits of the tariff quota (Q. No. 15),Fr. per 100 kg gross,1,10.00,1995-07-01
07049089,80,5,other,Fr. per 100 kg gross,1,194.00,1995-07-01
07049090,80,3,other,Fr. per 100 kg gross,1,10.00,1995-07-01
0705,80,1,"Lettuce (Lactuca sativa) and chicory (Cichorium spp.), fresh or chilled:",,0,,1988-01-01
,10,2,lettuce:,,,,1988-01-01
070511,80,3,cabbage lettuce (head lettuce):,,0,,1988-01-01
,10,4,iceberg lettuce without external leaves:,,,,1995-07-01
07051111,80,5,from January 1 to the end of February,Fr. per 100 kg gross,1,7.00,1995-07-01
,10,5,from March 1 to December 31:,,,,1995-07-01
07051118,80,6,within the limits of the tariff quota (Q. No. 15),Fr. per 100 kg gross,1,7.00,1995-07-01
07051119,80,6,other,Fr. per 100 kg gross,1,311.00,1995-07-01
,10,4,batavia and other iceberg lettuce:,,,,1995-07-01
07051120,80,5,from January 1 to the end of February,Fr. per 100 kg gross,1,7.00,1995-07-01
,10,5,from March 1 to December 31:,,,,1995-07-01
07051121,80,6,within the limits of the tariff quota (Q. No. 15),Fr. per 100 kg gross,1,7.00,1995-07-01
07051129,80,6,other,Fr. per 100 kg gross,1,311.00,1995-07-01
,10,4,other:,,,,1995-07-01
07051191,80,5,from December 11 to the end of February,Fr. per 100 kg gross,1,10.00,1995-07-01
,10,5,from March 1 to December 10:,,,,1995-07-01
07051198,80,6,within the limits of the tariff quota (Q. No. 15),Fr. per 100 kg gross,1,10.00,1995-07-01
07051199,80,6,other,Fr. per 100 kg gross,1,408.00,1995-07-01
070519,80,3,other:,,0,,1988-01-01
,10,4,cos lettuce:,,,,1995-07-01
07051910,80,5,from December 21 to the end of February,Fr. per 100 kg gross,1,10.00,1995-07-01
,10,5,from March 1 to December 20:,,,,1995-07-01
07051911,80,6,within the limits of the tariff quota (Q. No. 15),Fr. per 100 kg gross,1,10.00,1995-07-01
07051919,80,6,other,Fr. per 100 kg gross,1,231.00,1995-07-01
,10,4,cut-and-come-again lettuce:,,,,1988-01-01
,10,5,oak-leaf lettuce:,,,,1988-01-01
07051920,80,6,from December 21 to the end of February,Fr. per 100 kg gross,1,10.00,1995-07-01
,10,6,from March 1 to December 20:,,,,1988-01-01
07051921,80,7,within the limits of the tariff quota (Q. No. 15),Fr. per 100 kg gross,1,10.00,1995-07-01
07051929,80,7,other,Fr. per 100 kg gross,1,922.00,1995-07-01
,10,5,red lollo:,,,,1988-01-01
07051930,80,6,from December 21 to the end of February,Fr. per 100 kg gross,1,10.00,1995-07-01
,10,6,from March 1 to December 20:,,,,1988-01-01
07051931,80,7,within the limits of the tariff quota (Q. No. 15),Fr. per 100 kg gross,1,10.00,1995-07-01
07051939,80,7,other,Fr. per 100 kg gross,1,922.00,1995-07-01
,10,5,other lollo:,,,,1988-01-01
07051940,80,6,from December 21 to the end of February,Fr. per 100 kg gross,1,10.00,1995-07-01
,10,6,from March 1 to December 20:,,,,1988-01-01
07051941,80,7,within the limits of the tariff quota (Q. No. 15),Fr. per 100 kg gross,1,10.00,1995-07-01
07051949,80,7,other,Fr. per 100 kg gross,1,922.00,1995-07-01
,10,5,other:,,,,1988-01-01
07051950,80,6,from December 21 to the end of February,Fr. per 100 kg gross,1,10.00,1996-01-01
,10,6,from March 1 to December 20:,,,,1988-01-01
07051951,80,7,within the limits of the tariff quota (Q. No. 15),Fr. per 100 kg gross,1,10.00,1996-01-01
07051959,80,7,other,Fr. per 100 kg gross,1,922.00,1996-01-01
,10,4,other:,,,,1995-07-01
07051990,80,5,from December 21 to February 14,Fr. per 100 kg gross,1,10.00,1995-07-01
,10,5,from February 15 to December 20:,,,,1995-07-01
07051991,80,6,within the limits of the tariff quota (Q. No. 15),Fr. per 100 kg gross,1,10.00,1995-07-01
07051999,80,6,other,Fr. per 100 kg gross,1,753.00,1995-07-01
,10,2,chicory:,,,,1988-01-01
070521,80,3,witloof chicory (Cichorium intybus var. foliosum):,,0,,1988-01-01
07052110,80,4,from May 21 to September 30,Fr. per 100 kg gross,1,7.00,1995-07-01
,10,4,from October 1 to May 20:,,,,1995-07-01
07052111,80,5,within the limits of the tariff quota (Q. No. 15),Fr. per 100 kg gross,1,7.00,1995-07-01
07052119,80,5,other,Fr. per 100 kg gross,1,256.00,1995-07-01
070529,80,3,other:,,0,,1988-01-01
,10,4,escarole chicory:,,,,1995-07-01
07052910,80,5,from December 11 to March 9,Fr. per 100 kg gross,1,9.00,1995-07-01
,10,5,from March 10 to December 10:,,,,1995-07-01
07052911,80,6,within the limits of the tariff quota (Q. No. 15),Fr. per 100 kg gross,1,9.00,1995-07-01
07052919,80,6,other,Fr. per 100 kg gross,1,211.00,1995-07-01
,10,4,curly chicory:,,,,1995-07-01
07052920,80,5,from December 11 to March 31,Fr. per 100 kg gross,1,9.00,1995-07-01
,10,5,from April 1 to December 10:,,,,1995-07-01
07052921,80,6,within the limits of the tariff quota (Q. No. 15),Fr. per 100 kg gross,1,9.00,1995-07-01
07052929,80,6,other,Fr. per 100 kg gross,1,289.00,1995-07-01
,10,4,red chicory:,,,,1988-01-01
,10,5,treviso chicory:,,,,1988-01-01
07052930,80,6,March 16 to March 29,Fr. per 100 kg gross,1,9.00,1995-07-01
,10,6,from March 30 to March 15:,,,,1988-01-01
07052931,80,7,within the limits of the tariff quota (Q. No. 15),Fr. per 100 kg gross,1,9.00,1995-07-01
07052939,80,7,other,Fr. per 100 kg gross,1,495.00,1995-07-01
,10,5,other:,,,,1988-01-01
07052940,80,6,from March 16 to March 29,Fr. per 100 kg gross,1,9.00,1995-07-01
,10,6,from March 30 to March 15:,,,,1988-01-01
07052941,80,7,within the limits of the tariff quota (Q. No. 15),Fr. per 100 kg gross,1,9.00,1995-07-01
07052949,80,7,other,Fr. per 100 kg gross,1,495.00,1995-07-01
,10,4,green chicory:,,,,1995-07-01
07052950,80,5,from June 1 to the end of February,Fr. per 100 kg gross,1,9.00,1995-07-01
,10,5,from March 1 to May 31:,,,,1995-07-01
07052951,80,6,within the limits of the tariff quota (Q. No. 15),Fr. per 100 kg gross,1,9.00,1995-07-01
07052959,80,6,other,Fr. per 100 kg gross,1,494.00,1995-07-01
,10,4,cut-and-come-again chicory:,,,,1995-07-01
07052960,80,5,from December 21 to the end of February,Fr. per 100 kg gross,1,9.00,1995-07-01
,10,5,from March 1 to December 20:,,,,1995-07-01
07052961,80,6,within the limits of the tariff quota (Q. No. 15),Fr. per 100 kg gross,1,9.00,1995-07-01
07052969,80,6,other,Fr. per 100 kg gross,1,404.00,1995-07-01
,10,4,sugar-loaf chicory:,,,,1995-07-01
07052970,80,5,from February 16 to June 14,Fr. per 100 kg gross,1,9.00,1995-07-01
,10,5,from June 15 to February 15:,,,,1995-07-01
07052971,80,6,within the limits of the tariff quota (Q. No. 15),Fr. per 100 kg gross,1,9.00,1995-07-01
07052979,80,6,other,Fr. per 100 kg gross,1,103.00,1995-07-01
07052990,80,4,other,Fr. per 100 kg gross,1,9.00,1995-07-01
0706,80,1,"Carrots, turnips, salad beetroot, salsify, celeriac, radishes and similar edible roots, fresh or chilled:",,0,,1988-01-01
070610,80,2,carrots and turnips:,,0,,1988-01-01
,10,3,carrots:,,,,1988-01-01
,10,4,in bunches:,,,,1988-01-01
07061010,80,5,from May 11 to May 24,Fr. per 100 kg gross,1,4.00,1995-07-01
,10,5,from May 25 to May 10:,,,,1988-01-01
07061011,80,6,within the limits of the tariff quota (Q. No. 15),Fr. per 100 kg gross,1,4.00,1995-07-01
07061019,80,6,other,Fr. per 100 kg gross,1,710.00,1995-07-01
,10,4,other:,,,,1988-01-01
07061020,80,5,from May 11 to May 24,Fr. per 100 kg gross,1,4.00,1995-07-01
,10,5,from May 25 to May 10:,,,,1988-01-01
07061021,80,6,within the limits of the tariff quota (Q. No. 15),Fr. per 100 kg gross,1,4.00,1995-07-01
07061029,80,6,other,Fr. per 100 kg gross,1,155.00,1995-07-01
,10,3,turnips:,,,,1995-07-01
07061030,80,4,from January 16 to January 31,Fr. per 100 kg gross,1,4.00,1995-07-01
,10,4,from February 1 to January 15:,,,,1995-07-01
07061031,80,5,within the limits of the tariff quota (Q. No. 15),Fr. per 100 kg gross,1,4.00,1995-07-01
07061039,80,5,other,Fr. per 100 kg gross,1,536.00,1995-07-01
070690,80,2,other:,,0,,1988-01-01
,10,3,salad beetroot:,,,,1995-07-01
07069011,80,4,from 16 to 29 June,Fr. per 100 kg gross,1,4.00,1995-07-01
,10,4,from June 30 to June 15:,,,,1995-07-01
07069018,80,5,within the limits of the tariff quota (Q. No. 15),Fr. per 100 kg gross,1,4.00,1995-07-01
07069019,80,5,other,Fr. per 100 kg gross,1,116.00,1995-07-01
,10,3,salsify:,,,,1995-07-01
07069021,80,4,from May 16 to September 14,Fr. per 100 kg gross,1,7.00,1995-07-01
,10,4,from September 15 to May 15:,,,,1995-07-01
07069028,80,5,within the limits of the tariff quota (Q. No. 15),Fr. per 100 kg gross,1,7.00,1995-07-01
07069029,80,5,other,Fr. per 100 kg gross,1,226.00,1995-07-01
,10,3,celeriac:,,,,1988-01-01
,10,4,"soup celeriac (with leaves, root diameter less than 7 cm):",,,,1988-01-01
07069030,80,5,from January 1 to January 14,Fr. per 100 kg gross,1,10.00,1995-07-01
,10,5,from January 15 to December 31:,,,,1988-01-01
07069031,80,6,within the limits of the tariff quota (Q. No. 15),Fr. per 100 kg gross,1,10.00,1995-07-01
07069039,80,6,other,Fr. per 100 kg gross,1,588.00,1995-07-01
,10,4,other:,,,,1988-01-01
07069040,80,5,from 16 to 29 June,Fr. per 100 kg gross,1,10.00,1995-07-01
,10,5,from June 30 to June 15:,,,,1988-01-01
07069041,80,6,within the limits of the tariff quota (Q. No. 15),Fr. per 100 kg gross,1,10.00,1995-07-01
07069049,80,6,other,Fr. per 100 kg gross,1,412.00,1995-07-01
,10,3,radishes (other than horse radishes):,,,,1995-07-01
07069050,80,4,from January 16 to the end of February,Fr. per 100 kg gross,1,10.00,1995-07-01
,10,4,from March 1 to January 15:,,,,1995-07-01
07069051,80,5,within the limits of the tariff quota (Q. No. 15),Fr. per 100 kg gross,1,10.00,1995-07-01
07069059,80,5,other,Fr. per 100 kg gross,1,371.00,1995-07-01
,10,3,small radishes:,,,,1995-07-01
07069060,80,4,from January 11 to February 9,Fr. per 100 kg gross,1,10.00,1995-07-01
,10,4,from February 10 to January 10:,,,,1995-07-01
07069061,80,5,within the limits of the tariff quota (Q. No. 15),Fr. per 100 kg gross,1,10.00,1995-07-01
07069069,80,5,other,Fr. per 100 kg gross,1,481.00,1995-07-01
07069090,80,3,other,Fr. per 100 kg gross,1,10.00,1995-07-01
0707,80,1,"Cucumbers and gherkins, fresh or chilled:",,0,,1988-01-01
,10,2,cucumbers:,,,,1988-01-01
,10,3,salad cucumbers:,,,,1988-01-01
07070010,80,4,from October 21 to April 14,Fr. per 100 kg gross,1,10.00,1995-07-01
,10,4,from April 15 to October 20:,,,,1988-01-01
07070011,80,5,within the limits of the tariff quota (Q. No. 15),Fr. per 100 kg gross,1,10.00,1995-07-01
07070019,80,5,other,Fr. per 100 kg gross,1,144.00,1995-07-01
,10,3,Nostrani or Slicer cucumbers:,,,,1988-01-01
07070020,80,4,from October 21 to April 14,Fr. per 100 kg gross,1,10.00,1995-07-01
,10,4,from April 15 to October 20:,,,,1988-01-01
07070021,80,5,within the limits of the tariff quota (Q. No. 15),Fr. per 100 kg gross,1,10.00,1995-07-01
07070029,80,5,other,Fr. per 100 kg gross,1,144.00,1995-07-01
,10,3,"cucumbers for preserving, of a length exceeding 6 cm but not exceeding 12 cm:",,,,1988-01-01
07070030,80,4,from October 21 to April 14,Fr. per 100 kg gross,1,10.00,1995-07-01
,10,4,from April 15 to October 20:,,,,1988-01-01
07070031,80,5,within the limits of the tariff quota (Q. No. 15),Fr. per 100 kg gross,1,10.00,1995-07-01
07070039,80,5,other,Fr. per 100 kg gross,1,85.00,1995-07-01
,10,3,other cucumbers:,,,,1988-01-01
07070040,80,4,from October 21 to April 14,Fr. per 100 kg gross,1,10.00,1995-07-01
,10,4,from April 15 to October 20:,,,,1988-01-01
07070041,80,5,within the limits of the tariff quota (Q. No. 15),Fr. per 100 kg gross,1,10.00,1995-07-01
07070049,80,5,other,Fr. per 100 kg gross,1,144.00,1995-07-01
07070050,80,2,gherkins,Fr. per 100 kg gross,1,8.50,1995-07-01
0708,80,1,"Leguminous vegetables, shelled or unshelled, fresh or chilled:",,0,,1988-01-01
070810,80,2,peas (Pisum sativum):,,0,,1988-01-01
,10,3,sugar peas (mange-tout):,,,,1995-07-01
07081010,80,4,from 16 August to 19 May,Fr. per 100 kg gross,1,10.00,1995-07-01
,10,4,from May 20 to August 15:,,,,1995-07-01
07081011,80,5,within the limits of the tariff quota (Q. No. 15),Fr. per 100 kg gross,1,10.00,1995-07-01
07081019,80,5,other,Fr. per 100 kg gross,1,364.00,1995-07-01
,10,3,other:,,,,1995-07-01
07081020,80,4,from 16 August to 19 May,Fr. per 100 kg gross,1,10.00,1995-07-01
,10,4,from May 20 to August 15:,,,,1995-07-01
07081021,80,5,within the limits of the tariff quota (Q. No. 15),Fr. per 100 kg gross,1,10.00,1995-07-01
07081029,80,5,other,Fr. per 100 kg gross,1,250.00,1995-07-01
070820,80,2,"beans (Vigna spp., Phaseolus spp.):",,0,,1988-01-01
07082010,80,3,beans which must be shelled,Fr. per 100 kg gross,1,8.50,1995-07-01
,10,3,piattoni or coco beans:,,,,1995-07-01
07082021,80,4,from November 16 to June 14,Fr. per 100 kg gross,1,10.00,1995-07-01
,10,4,from June 15 to November 15:,,,,1995-07-01
07082028,80,5,within the limits of the tariff quota (Q. No. 15),Fr. per 100 kg gross,1,10.00,1995-07-01
07082029,80,5,other,Fr. per 100 kg gross,1,427.00,1995-07-01
,10,3,asparagus beans or long beans:,,,,1995-07-01
07082031,80,4,from November 16 to June 14,Fr. per 100 kg gross,1,10.00,1995-07-01
,10,4,from June 15 to November 15:,,,,1995-07-01
07082038,80,5,within the limits of the tariff quota (Q. No. 15),Fr. per 100 kg gross,1,10.00,1995-07-01
07082039,80,5,other,Fr. per 100 kg gross,1,427.00,1995-07-01
,10,3,"string beans (extra fine, at least 500/kg):",,,,1995-07-01
07082041,80,4,from November 16 to June 14,Fr. per 100 kg gross,1,10.00,1995-07-01
,10,4,from June 15 to November 15:,,,,1995-07-01
07082048,80,5,within the limits of the tariff quota (Q. No. 15),Fr. per 100 kg gross,1,10.00,1995-07-01
07082049,80,5,other,Fr. per 100 kg gross,1,427.00,1995-07-01
,10,3,other:,,,,1995-07-01
07082091,80,4,from November 16 to June 14,Fr. per 100 kg gross,1,10.00,1995-07-01
,10,4,from June 15 to November 15:,,,,1995-07-01
07082098,80,5,within the limits of the tariff quota (Q. No. 15),Fr. per 100 kg gross,1,10.00,1995-07-01
07082099,80,5,other,Fr. per 100 kg gross,1,427.00,1995-07-01
070890,80,2,other leguminous vegetables:,,0,,1988-01-01
07089010,80,3,"guar seeds, for animal feeding",Fr. per 100 kg gross,1,27.00,1995-07-01
,10,3,other:,,,,1995-07-01
,10,4,for human consumption:,,,,1995-07-01
07089080,80,5,from 1 November to 31 May,Fr. per 100 kg gross,1,10.00,1995-07-01
,10,5,from June 1 to October 31:,,,,1995-07-01
07089081,80,6,within the limits of the tariff quota (Q. No. 15),Fr. per 100 kg gross,1,10.00,1995-07-01
07089089,80,6,other,Fr. per 100 kg gross,1,292.00,1995-07-01
07089090,80,4,other,Fr. per 100 kg gross,1,7.00,1995-07-01
0709,80,1,"Other vegetables, fresh or chilled:",,0,,1988-01-01
070920,80,2,asparagus:,,0,,1988-01-01
,10,3,green asparagus:,,,,1995-07-01
07092010,80,4,from June 16 to April 30,Fr. per 100 kg gross,1,0.00,1995-07-01
,10,4,from May 1 to June 15:,,,,1995-07-01
07092011,80,5,within the limits of the tariff quota (Q. No. 15),Fr. per 100 kg gross,1,0.00,1995-07-01
07092019,80,5,other,Fr. per 100 kg gross,1,734.00,1995-07-01
07092090,80,3,other,Fr. per 100 kg gross,1,6.00,1995-07-01
070930,80,2,aubergines (egg-plants):,,0,,1988-01-01
07093010,80,3,from October 16 to May 31,Fr. per 100 kg gross,1,10.00,1995-07-01
,10,3,from June 1 to October 15:,,,,1995-07-01
07093011,80,4,within the limits of the tariff quota (Q. No. 15),Fr. per 100 kg gross,1,10.00,1995-07-01
07093019,80,4,other,Fr. per 100 kg gross,1,233.00,1995-07-01
070940,80,2,celery other than celeriac:,,0,,1988-01-01
,10,3,green celery:,,,,1995-07-01
07094010,80,4,from January 1 to April 30,Fr. per 100 kg gross,1,10.00,1995-07-01
,10,4,from May 1 to December 31:,,,,1995-07-01
07094011,80,5,within the limits of the tariff quota (Q. No. 15),Fr. per 100 kg gross,1,10.00,1995-07-01
07094019,80,5,other,Fr. per 100 kg gross,1,226.00,1995-07-01
,10,3,blanched celery:,,,,1995-07-01
07094020,80,4,from January 1 to April 30,Fr. per 100 kg gross,1,10.00,1995-07-01
,10,4,from May 1 to December 31:,,,,1995-07-01
07094021,80,5,within the limits of the tariff quota (Q. No. 15),Fr. per 100 kg gross,1,10.00,1995-07-01
07094029,80,5,other,Fr. per 100 kg gross,1,226.00,1995-07-01
,10,3,other:,,,,1995-07-01
07094090,80,4,from January 1 to January 14,Fr. per 100 kg gross,1,10.00,1995-07-01
,10,4,from January 15 to December 31:,,,,1995-07-01
07094091,80,5,within the limits of the tariff quota (Q. No. 15),Fr. per 100 kg gross,1,10.00,1995-07-01
07094099,80,5,other,Fr. per 100 kg gross,1,588.00,1995-07-01
,10,2,mushrooms and truffles:,,,,1988-01-01
07095100,80,3,mushrooms of the genus Agaricus,Fr. per 100 kg gross,1,8.50,2002-01-01
07095200,80,3,mushrooms of the genus Boletus,Fr. per 100 kg gross,1,8.50,2022-01-01
07095300,80,3,mushrooms of the genus Cantharellus,Fr. per 100 kg gross,1,8.50,2022-01-01
07095400,80,3,shiitake (Lentinus edodes),Fr. per 100 kg gross,1,8.50,2022-01-01
07095500,80,3,"matsutake (Tricholoma matsutake, Tricholoma magnivelare, Tricholoma anatolicum, Tricholoma dulciolens, Tricholoma caligatum)",Fr. per 100 kg gross,1,8.50,2022-01-01
07095600,80,3,truffles (Tuber spp.),Fr. per 100 kg gross,1,8.50,2022-01-01
07095900,80,3,other,Fr. per 100 kg gross,1,8.50,2002-01-01
070960,80,2,fruits of the genus Capsicum or of the genus Pimenta:,,0,,1988-01-01
,10,3,sweet peppers:,,,,1988-01-01
07096011,80,4,from 1 November to 31 March,Fr. per 100 kg gross,1,6.00,1988-01-01
07096012,80,4,from April 1 to October 31,Fr. per 100 kg gross,1,13.60,1988-01-01
07096090,80,3,other,Fr. per 100 kg gross,1,0.00,1988-01-01
070970,80,2,"spinach, New Zealand spinach and orache spinach (garden spinach):",,0,,1988-01-01
,10,3,"spinach, New Zealand spinach:",,,,1995-07-01
07097010,80,4,from December 16 to February 14,Fr. per 100 kg gross,1,10.00,1995-07-01
,10,4,from February 15 to December 15:,,,,1995-07-01
07097011,80,5,within the limits of the tariff quota (Q. No. 15),Fr. per 100 kg gross,1,10.00,1995-07-01
07097019,80,5,other,Fr. per 100 kg gross,1,204.00,1995-07-01
07097090,80,3,other,Fr. per 100 kg gross,1,8.50,1995-07-01
,10,2,other:,,,,2012-01-01
070991,80,3,globe artichokes:,,0,,2012-01-01
07099110,80,4,from 1 November to 31 May,Fr. per 100 kg gross,1,10.00,2012-01-01
,10,4,from June 1 to October 31:,,,,2012-01-01
07099120,80,5,within the limits of the tariff quota (Q. No. 15),Fr. per 100 kg gross,1,10.00,2012-01-01
07099130,80,5,other,Fr. per 100 kg gross,1,419.00,2012-01-01
07099200,80,3,olives,Fr. per 100 kg gross,1,8.50,2012-01-01
070993,80,3,"pumpkins, squash and gourds (Cucurbita spp.):",,0,,2012-01-01
,10,4,courgettes (including courgette flowers):,,,,2022-01-01
07099310,80,5,from October 31 to April 19,Fr. per 100 kg gross,1,10.00,2022-01-01
,10,5,from April 20 to October 30:,,,,2022-01-01
07099320,80,6,within the limits of the tariff quota (Q. No. 15),Fr. per 100 kg gross,1,10.00,2022-01-01
07099330,80,6,other,Fr. per 100 kg gross,1,209.00,2022-01-01
07099390,80,4,other,Fr. per 100 kg gross,1,8.50,2022-01-01
070999,80,3,other:,,0,,2012-01-01
,10,4,cardoons:,,,,2012-01-01
07099911,80,5,from March 11 to September 30,Fr. per 100 kg gross,1,7.00,2012-01-01
,10,5,from October 1 to March 10:,,,,2012-01-01
07099918,80,6,within the limits of the tariff quota (Q. No. 15),Fr. per 100 kg gross,1,7.00,2012-01-01
07099919,80,6,other,Fr. per 100 kg gross,1,251.00,2012-01-01
,10,4,fennel:,,,,2012-01-01
07099920,80,5,from December 16 to April 30,Fr. per 100 kg gross,1,7.00,2012-01-01
,10,5,from May 1 to December 15:,,,,2012-01-01
07099921,80,6,within the limits of the tariff quota (Q. No. 15),Fr. per 100 kg gross,1,7.00,2012-01-01
07099929,80,6,other,Fr. per 100 kg gross,1,231.00,2012-01-01
,10,4,rhubarb:,,,,2012-01-01
07099930,80,5,from July 1 to March 9,Fr. per 100 kg gross,1,7.00,2012-01-01
,10,5,from March 10 to June 30:,,,,2012-01-01
07099931,80,6,within the limits of the tariff quota (Q. No. 15),Fr. per 100 kg gross,1,7.00,2012-01-01
07099939,80,6,other,Fr. per 100 kg gross,1,213.00,2012-01-01
,10,4,parsley:,,,,2012-01-01
07099940,80,5,from January 1 to March 14,Fr. per 100 kg gross,1,10.00,2012-01-01
,10,5,from March 15 to December 31:,,,,2012-01-01
07099941,80,6,within the limits of the tariff quota (Q. No. 15),Fr. per 100 kg gross,1,10.00,2012-01-01
07099949,80,6,other,Fr. per 100 kg gross,1,512.00,2012-01-01
,10,4,swiss chard and spinach beet:,,,,2012-01-01
07099960,80,5,from December 16 to the end of February,Fr. per 100 kg gross,1,10.00,2012-01-01
,10,5,from March 1 to December 15:,,,,2012-01-01
07099961,80,6,within the limits of the tariff quota (Q. No. 15),Fr. per 100 kg gross,1,10.00,2012-01-01
07099969,80,6,other,Fr. per 100 kg gross,1,306.00,2012-01-01
,10,4,lamb's lettuce or corn salad:,,,,2012-01-01
07099970,80,5,from July 2 to July 14,Fr. per 100 kg gross,1,10.00,2012-01-01
,10,5,from July 15 to July 1:,,,,2012-01-01
07099971,80,6,within the limits of the tariff quota (Q. No. 15),Fr. per 100 kg gross,1,10.00,2012-01-01
07099979,80,6,other,Fr. per 100 kg gross,1,1756.00,2012-01-01
07099980,80,4,water cress and dandelions,Fr. per 100 kg gross,1,8.50,2012-01-01
,10,4,other:,,,,2012-01-01
07099991,80,5,sweet corn for animal feeding,Fr. per 100 kg gross,1,41.00,2012-01-01
07099999,80,5,other,Fr. per 100 kg gross,1,8.50,2012-01-01
0710,80,1,"Vegetables (uncooked or cooked by steaming or boiling in water), frozen:",,0,,1988-01-01
071010,80,2,potatoes:,,0,,1988-01-01
07101010,80,3,within the limits of the tariff quota (Q. No. 14),Fr. per 100 kg gross,1,55.00,1995-07-01
07101090,80,3,other,Fr. per 100 kg gross,1,140.00,1995-07-01
,10,2,"leguminous vegetables, shelled or unshelled:",,,,1988-01-01
071021,80,3,peas (Pisum sativum):,,0,,1988-01-01
07102110,80,4,within the limits of the tariff quota (Q. No. 16),Fr. per 100 kg gross,1,55.00,1995-07-01
07102190,80,4,other,Fr. per 100 kg gross,1,170.00,1995-07-01
071022,80,3,"beans (Vigna spp., Phaseolus spp.):",,0,,1988-01-01
07102210,80,4,beans which must be shelled,Fr. per 100 kg gross,1,55.00,1995-07-01
,10,4,other:,,,,1995-07-01
07102291,80,5,within the limits of the tariff quota (Q. No. 16),Fr. per 100 kg gross,1,55.00,1995-07-01
07102299,80,5,other,Fr. per 100 kg gross,1,170.00,1995-07-01
07102900,80,3,other,Fr. per 100 kg gross,1,46.80,1988-01-01
071030,80,2,"spinach, New Zealand spinach and orache spinach (garden spinach):",,0,,1988-01-01
,10,3,"spinach, New Zealand spinach:",,,,1995-07-01
07103011,80,4,within the limits of the tariff quota (Q. No. 16),Fr. per 100 kg gross,1,55.00,1995-07-01
07103019,80,4,other,Fr. per 100 kg gross,1,170.00,1995-07-01
07103090,80,3,other,Fr. per 100 kg gross,1,46.80,1995-07-01
07104000,80,2,sweet corn,Fr. per 100 kg gross,1,12.50,1988-01-01
071080,80,2,other vegetables:,,0,,1988-01-01
,10,3,"carrots, cauliflowers, Brussels sprouts, sprouting broccoli, kohlrabi, salsify, beet, Cos lettuce, leeks, rhubarb, celery, onions and courgettes:",,,,1995-07-01
07108011,80,4,within the limits of the tariff quota (Q. No. 16),Fr. per 100 kg gross,1,55.00,1995-07-01
07108019,80,4,other,Fr. per 100 kg gross,1,170.00,1995-07-01
07108090,80,3,other,Fr. per 100 kg gross,1,55.00,1995-07-01
071090,80,2,mixtures of vegetables:,,0,,1988-01-01
,10,3,"containing, by weight, 10% or more of peas, beans, spinach, New Zealand spinach, carrots, cauliflower, Brussels sprouts, sprouting broccoli, kohlrabi, salsify, chard, Cos lettuce, leeks, rhubarb, celery, onions and courgettes, whether or not containing potatoes:",,,,1995-07-01
07109011,80,4,within the limits of the tariff quota (Q. No. 16),Fr. per 100 kg gross,1,55.00,1995-07-01
07109019,80,4,other,Fr. per 100 kg gross,1,170.00,1995-07-01
,10,3,"other, containing potatoes:",,,,1995-07-01
07109021,80,4,within the limits of the tariff quota (Q. No. 14),Fr. per 100 kg gross,1,55.00,1995-07-01
07109029,80,4,other,Fr. per 100 kg gross,1,140.00,1995-07-01
07109090,80,3,other,Fr. per 100 kg gross,1,47.00,1995-07-01
0711,80,1,"Vegetables provisionally preserved, but unsuitable in that state for immediate consumption:",,0,,1988-01-01
07112000,80,2,olives,Fr. per 100 kg gross,1,3.00,1988-01-01
07114000,80,2,cucumbers and gherkins,Fr. per 100 kg gross,1,3.00,1988-01-01
,10,2,mushrooms and truffles:,,,,2002-01-01
07115100,80,3,mushrooms of the genus Agaricus,Fr. per 100 kg gross,1,3.00,2002-01-01
07115900,80,3,other,Fr. per 100 kg gross,1,3.00,2002-01-01
071190,80,2,other vegetables; mixtures of vegetables:,,0,,1988-01-01
07119010,80,3,sweet corn,Fr. per 100 kg gross,1,3.00,2005-02-01
07119020,80,3,capers,Fr. per 100 kg gross,1,0.00,2007-01-01
07119090,80,3,other,Fr. per 100 kg gross,1,3.00,2005-02-01
0712,80,1,"Dried vegetables, whole, cut, sliced, broken or in powder, but not further prepared:",,0,,1988-01-01
07122000,80,2,onions,Fr. per 100 kg gross,1,5.00,1988-01-01
,10,2,"mushrooms, wood ears (Auricularia spp.), jelly fungi (Tremella spp.) and truffles:",,,,2002-01-01
07123100,80,3,mushrooms of the genus Agaricus,Fr. per 100 kg gross,1,0.00,2002-01-01
07123200,80,3,wood ears (Auricularia spp.),Fr. per 100 kg gross,1,0.00,2002-01-01
07123300,80,3,jelly fungi (Tremella spp.),Fr. per 100 kg gross,1,0.00,2002-01-01
07123400,80,3,shiitake (Lentinus edodes),Fr. per 100 kg gross,1,0.00,2022-01-01
07123900,80,3,other,Fr. per 100 kg gross,1,0.00,2002-01-01
071290,80,2,other vegetables; mixtures of vegetables:,,0,,1996-01-01
,10,3,"potatoes, cut or sliced, but not further prepared:",,,,1996-01-01
07129021,80,4,within the limits of the tariff quota (Q. No. 14),Fr. per 100 kg gross,1,20.00,1996-01-01
07129029,80,4,other,Fr. per 100 kg gross,1,445.00,1996-01-01
07129070,80,3,sweet corn for animal feeding,Fr. per 100 kg gross,1,47.00,1996-01-01
,10,3,other:,,,,1996-01-01
07129081,80,4,in containers holding more than 5 kg,Fr. per 100 kg gross,1,17.00,1996-01-01
07129089,80,4,other,Fr. per 100 kg gross,1,34.00,1996-01-01
0713,80,1,"Dried leguminous vegetables, shelled, whether or not skinned or split:",,0,,1988-01-01
071310,80,2,peas (Pisum sativum):,,0,,1988-01-01
,10,3,"whole, unprocessed:",,,,1995-07-01
07131011,80,4,for animal feeding,Fr. per 100 kg gross,1,29.00,1995-07-01
07131012,80,4,for technical purposes,Fr. per 100 kg gross,1,13.00,1995-07-01
07131013,80,4,for making beer,Fr. per 100 kg gross,1,9.80,1995-07-01
07131019,80,4,other,Fr. per 100 kg gross,1,0.85,1995-07-01
,10,3,other:,,,,1995-07-01
07131091,80,4,for animal feeding,Fr. per 100 kg gross,1,33.00,1995-07-01
07131092,80,4,for making beer,Fr. per 100 kg gross,1,13.00,1995-07-01
07131099,80,4,other,Fr. per 100 kg gross,1,4.00,1995-07-01
071320,80,2,chickpeas (garbanzos):,,0,,1988-01-01
,10,3,"whole, unprocessed:",,,,1995-07-01
07132011,80,4,for animal feeding,Fr. per 100 kg gross,1,28.00,1995-07-01
07132012,80,4,for technical purposes,Fr. per 100 kg gross,1,13.00,1995-07-01
07132013,80,4,for making beer,Fr. per 100 kg gross,1,9.00,1995-07-01
07132019,80,4,other,Fr. per 100 kg gross,1,0.00,1995-07-01
,10,3,other:,,,,1995-07-01
07132091,80,4,for animal feeding,Fr. per 100 kg gross,1,33.00,1995-07-01
07132092,80,4,for making beer,Fr. per 100 kg gross,1,13.00,1995-07-01
07132099,80,4,other,Fr. per 100 kg gross,1,4.00,1995-07-01
,10,2,"beans (Vigna spp., Phaseolus spp.):",,,,1988-01-01
071331,80,3,beans of the species Vigna mungo (L.) Hepper or Vigna radiata (L.) Wilczek:,,0,,1988-01-01
,10,4,"whole, unprocessed:",,,,1995-07-01
07133111,80,5,for animal feeding,Fr. per 100 kg gross,1,29.00,1995-07-01
07133112,80,5,for technical purposes,Fr. per 100 kg gross,1,13.00,1995-07-01
07133113,80,5,for making beer,Fr. per 100 kg gross,1,9.00,1995-07-01
07133119,80,5,other,Fr. per 100 kg gross,1,0.00,1995-07-01
,10,4,other:,,,,1995-07-01
07133191,80,5,for animal feeding,Fr. per 100 kg gross,1,33.00,1995-07-01
07133192,80,5,for making beer,Fr. per 100 kg gross,1,13.00,1995-07-01
07133199,80,5,other,Fr. per 100 kg gross,1,4.00,1995-07-01
071332,80,3,small red (Adzuki) beans (Phaseolus or Vigna angularis):,,0,,1988-01-01
,10,4,"whole, unprocessed:",,,,1995-07-01
07133211,80,5,for animal feeding,Fr. per 100 kg gross,1,29.00,1995-07-01
07133212,80,5,for technical purposes,Fr. per 100 kg gross,1,13.00,1995-07-01
07133213,80,5,for making beer,Fr. per 100 kg gross,1,10.00,1995-07-01
07133219,80,5,other,Fr. per 100 kg gross,1,0.85,1995-07-01
,10,4,other:,,,,1995-07-01
07133291,80,5,for animal feeding,Fr. per 100 kg gross,1,33.00,1995-07-01
07133292,80,5,for making beer,Fr. per 100 kg gross,1,13.00,1995-07-01
07133299,80,5,other,Fr. per 100 kg gross,1,4.00,1995-07-01
071333,80,3,"kidney beans, including white pea beans (Phaseolus vulgaris):",,0,,1988-01-01
,10,4,"whole, unprocessed:",,,,1995-07-01
07133311,80,5,for animal feeding,Fr. per 100 kg gross,1,29.00,1995-07-01
07133312,80,5,for technical purposes,Fr. per 100 kg gross,1,13.00,1995-07-01
07133313,80,5,for making beer,Fr. per 100 kg gross,1,10.00,1995-07-01
07133319,80,5,other,Fr. per 100 kg gross,1,0.85,1995-07-01
,10,4,other:,,,,1995-07-01
07133391,80,5,for animal feeding,Fr. per 100 kg gross,1,33.00,1995-07-01
07133392,80,5,for making beer,Fr. per 100 kg gross,1,13.00,1995-07-01
07133399,80,5,other,Fr. per 100 kg gross,1,4.00,1995-07-01
071334,80,3,bambara beans (Vigna subterranea or Voandzeia subterranea):,,0,,2012-01-01
,10,4,"whole, unprocessed:",,,,2012-01-01
07133411,80,5,for animal feeding,Fr. per 100 kg gross,1,29.00,2012-01-01
07133412,80,5,for technical purposes,Fr. per 100 kg gross,1,13.00,2012-01-01
07133413,80,5,for making beer,Fr. per 100 kg gross,1,10.00,2012-01-01
07133419,80,5,other,Fr. per 100 kg gross,1,0.00,2012-01-01
,10,4,other:,,,,2012-01-01
07133491,80,5,for animal feeding,Fr. per 100 kg gross,1,33.00,2012-01-01
07133492,80,5,for making beer,Fr. per 100 kg gross,1,13.00,2012-01-01
07133499,80,5,other,Fr. per 100 kg gross,1,4.00,2012-01-01
071335,80,3,cow peas (Vigna unguiculata):,,0,,2012-01-01
,10,4,"whole, unprocessed:",,,,2012-01-01
07133511,80,5,for animal feeding,Fr. per 100 kg gross,1,29.00,2012-01-01
07133512,80,5,for technical purposes,Fr. per 100 kg gross,1,13.00,2012-01-01
07133513,80,5,for making beer,Fr. per 100 kg gross,1,10.00,2012-01-01
07133519,80,5,other,Fr. per 100 kg gross,1,0.00,2012-01-01
,10,4,other:,,,,2012-01-01
07133591,80,5,for animal feeding,Fr. per 100 kg gross,1,33.00,2012-01-01
07133592,80,5,for making beer,Fr. per 100 kg gross,1,13.00,2012-01-01
07133599,80,5,other,Fr. per 100 kg gross,1,4.00,2012-01-01
071339,80,3,other:,,0,,1988-01-01
,10,4,"whole, unprocessed:",,,,1995-07-01
07133911,80,5,for animal feeding,Fr. per 100 kg gross,1,29.00,1995-07-01
07133912,80,5,for technical purposes,Fr. per 100 kg gross,1,13.00,1995-07-01
07133913,80,5,for making beer,Fr. per 100 kg gross,1,10.00,1995-07-01
07133919,80,5,other,Fr. per 100 kg gross,1,0.00,1995-07-01
,10,4,other:,,,,1995-07-01
07133991,80,5,for animal feeding,Fr. per 100 kg gross,1,33.00,1995-07-01
07133992,80,5,for making beer,Fr. per 100 kg gross,1,13.00,1995-07-01
07133999,80,5,other,Fr. per 100 kg gross,1,4.00,1995-07-01
071340,80,2,lentils:,,0,,1988-01-01
,10,3,"whole, unprocessed:",,,,1995-07-01
07134011,80,4,for animal feeding,Fr. per 100 kg gross,1,28.00,1995-07-01
07134012,80,4,for technical purposes,Fr. per 100 kg gross,1,13.00,1995-07-01
07134013,80,4,for making beer,Fr. per 100 kg gross,1,9.00,1995-07-01
07134019,80,4,other,Fr. per 100 kg gross,1,0.00,1995-07-01
,10,3,other:,,,,1995-07-01
07134091,80,4,for animal feeding,Fr. per 100 kg gross,1,33.00,1995-07-01
07134092,80,4,for making beer,Fr. per 100 kg gross,1,13.00,1995-07-01
07134099,80,4,other,Fr. per 100 kg gross,1,0.00,1995-07-01
071350,80,2,"broad beans (Vicia faba var. major) and horse beans (Vicia faba var. equina, Vicia faba var. minor):",,0,,1988-01-01
,10,3,"whole, unprocessed:",,,,1995-07-01
07135012,80,4,for animal feeding,Fr. per 100 kg gross,1,28.00,1995-07-01
07135013,80,4,for technical purposes,Fr. per 100 kg gross,1,13.00,1995-07-01
07135014,80,4,for making beer,Fr. per 100 kg gross,1,9.00,1995-07-01
,10,4,seed:,,,,1995-07-01
07135015,80,5,horse beans (Vicia faba var. minor),Fr. per 100 kg gross,1,14.00,1996-01-01
07135018,80,5,other,Fr. per 100 kg gross,1,14.00,1996-01-01
07135019,80,4,other,Fr. per 100 kg gross,1,0.00,1995-07-01
,10,3,other:,,,,1995-07-01
07135091,80,4,for animal feeding,Fr. per 100 kg gross,1,33.00,1995-07-01
07135092,80,4,for making beer,Fr. per 100 kg gross,1,13.00,1995-07-01
07135099,80,4,other,Fr. per 100 kg gross,1,4.00,1995-07-01
071360,80,2,pigeon peas (Cajanus cajan):,,0,,2012-01-01
,10,3,"whole, unprocessed:",,,,2012-01-01
07136011,80,4,for animal feeding,Fr. per 100 kg gross,1,28.00,2012-01-01
07136012,80,4,for technical purposes,Fr. per 100 kg gross,1,13.00,2012-01-01
07136013,80,4,for making beer,Fr. per 100 kg gross,1,9.00,2012-01-01
07136019,80,4,other,Fr. per 100 kg gross,1,0.00,2012-01-01
,10,3,other:,,,,2012-01-01
07136091,80,4,for animal feeding,Fr. per 100 kg gross,1,33.00,2012-01-01
07136092,80,4,for making beer,Fr. per 100 kg gross,1,13.00,2012-01-01
07136099,80,4,other,Fr. per 100 kg gross,1,4.00,2012-01-01
071390,80,2,other:,,0,,1988-01-01
,10,3,"whole, unprocessed:",,,,1995-07-01
07139021,80,4,for animal feeding,Fr. per 100 kg gross,1,28.00,2012-01-01
07139022,80,4,for technical purposes,Fr. per 100 kg gross,1,13.00,2012-01-01
07139023,80,4,for making beer,Fr. per 100 kg gross,1,9.00,2012-01-01
07139029,80,4,other,Fr. per 100 kg gross,1,0.00,2012-01-01
,10,3,other:,,,,1995-07-01
07139081,80,4,for animal feeding,Fr. per 100 kg gross,1,33.00,2012-01-01
07139082,80,4,for making beer,Fr. per 100 kg gross,1,13.00,2012-01-01
07139089,80,4,other,Fr. per 100 kg gross,1,4.00,2012-01-01
0714,80,1,"Manioc, arrowroot, salep, Jerusalem artichokes, sweet potatoes and similar roots and tubers with high starch or inulin content, fresh, chilled, frozen or dried, whether or not sliced or in the form of pellets; sago pith:",,0,,1988-01-01
071410,80,2,manioc (cassava):,,0,,1996-01-01
07141010,80,3,for animal feeding,Fr. per 100 kg gross,1,35.00,1996-01-01
07141090,80,3,other,Fr. per 100 kg gross,1,0.85,1996-01-01
071420,80,2,sweet potatoes:,,0,,1996-01-01
07142010,80,3,for animal feeding,Fr. per 100 kg gross,1,39.00,1996-01-01
07142090,80,3,other,Fr. per 100 kg gross,1,0.85,1996-01-01
071430,80,2,yams (Dioscorea spp.):,,0,,2012-01-01
07143010,80,3,for animal feeding,Fr. per 100 kg gross,1,35.00,2012-01-01
07143090,80,3,other,Fr. per 100 kg gross,1,0.85,2012-01-01
071440,80,2,taro (Colocasia spp.):,,0,,2012-01-01
07144010,80,3,for animal feeding,Fr. per 100 kg gross,1,35.00,2012-01-01
07144090,80,3,other,Fr. per 100 kg gross,1,0.85,2012-01-01
071450,80,2,yautia (Xanthosoma spp.):,,0,,2012-01-01
07145010,80,3,for animal feeding,Fr. per 100 kg gross,1,35.00,2012-01-01
07145090,80,3,other,Fr. per 100 kg gross,1,0.85,2012-01-01
071490,80,2,other:,,0,,1996-01-01
07149020,80,3,for animal feeding,Fr. per 100 kg gross,1,35.00,2012-01-01
07149080,80,3,other,Fr. per 100 kg gross,1,0.85,2012-01-01
08,80,0,Edible fruit and nuts; peel of citrus fruit or melons,,0,,1988-01-01
0801,80,1,"Coconuts, Brazil nuts and cashew nuts, fresh or dried, whether or not shelled or peeled:",,0,,1988-01-01
,10,2,coconuts:,,,,1996-01-01
08011100,80,3,desiccated,Fr. per 100 kg gross,1,2.00,1996-01-01
08011200,80,3,in the inner shell (endocarp),Fr. per 100 kg gross,1,2.00,2012-01-01
08011900,80,3,other,Fr. per 100 kg gross,1,2.00,1996-01-01
,10,2,Brazil nuts:,,,,1996-01-01
08012100,80,3,in shell,Fr. per 100 kg gross,1,0.00,1996-01-01
08012200,80,3,shelled,Fr. per 100 kg gross,1,0.00,1996-01-01
,10,2,cashew nuts:,,,,1996-01-01
08013100,80,3,in shell,Fr. per 100 kg gross,1,0.00,1996-01-01
08013200,80,3,shelled,Fr. per 100 kg gross,1,0.00,1996-01-01
0802,80,1,"Other nuts, fresh or dried, whether or not shelled or peeled:",,0,,1988-01-01
,10,2,almonds:,,,,1988-01-01
08021100,80,3,in shell,Fr. per 100 kg gross,1,0.00,1988-01-01
08021200,80,3,shelled,Fr. per 100 kg gross,1,0.00,1988-01-01
,10,2,hazelnuts or filberts (Corylus spp.):,,,,1988-01-01
080221,80,3,in shell:,,0,,1988-01-01
08022110,80,4,for animal feeding,Fr. per 100 kg gross,1,42.00,1995-07-01
08022120,80,4,for oil extraction,Fr. per 100 kg gross,1,22.00,1995-07-01
08022190,80,4,other,Fr. per 100 kg gross,1,10.00,1995-07-01
080222,80,3,shelled:,,0,,1988-01-01
08022210,80,4,for animal feeding,Fr. per 100 kg gross,1,42.00,1995-07-01
08022220,80,4,for oil extraction,Fr. per 100 kg gross,1,22.00,1995-07-01
08022290,80,4,other,Fr. per 100 kg gross,1,10.00,1995-07-01
,10,2,walnuts:,,,,1988-01-01
080231,80,3,in shell:,,0,,1988-01-01
08023110,80,4,for animal feeding,Fr. per 100 kg gross,1,36.00,1995-07-01
08023120,80,4,for oil extraction,Fr. per 100 kg gross,1,17.00,1995-07-01
08023190,80,4,other,Fr. per 100 kg gross,1,3.00,1995-07-01
080232,80,3,shelled:,,0,,1988-01-01
08023210,80,4,for animal feeding,Fr. per 100 kg gross,1,36.00,1995-07-01
08023220,80,4,for oil extraction,Fr. per 100 kg gross,1,17.00,1995-07-01
08023290,80,4,other,Fr. per 100 kg gross,1,3.00,1995-07-01
,10,2,chestnuts (Castanea spp.):,,,,2012-01-01
08024100,80,3,in shell,Fr. per 100 kg gross,1,2.00,2012-01-01
08024200,80,3,shelled,Fr. per 100 kg gross,1,2.00,2012-01-01
,10,2,pistachios:,,,,2012-01-01
08025100,80,3,in shell,Fr. per 100 kg gross,1,0.00,2012-01-01
08025200,80,3,shelled,Fr. per 100 kg gross,1,0.00,2012-01-01
,10,2,macadamia nuts:,,,,2012-01-01
08026100,80,3,in shell,Fr. per 100 kg gross,1,4.00,2012-01-01
08026200,80,3,shelled,Fr. per 100 kg gross,1,4.00,2012-01-01
08027000,80,2,kola nuts (Cola spp.),Fr. per 100 kg gross,1,4.00,2012-01-01
08028000,80,2,areca nuts,Fr. per 100 kg gross,1,4.00,2012-01-01
,10,2,other:,,,,2022-01-01
08029100,80,3,"pine nuts, in shell",Fr. per 100 kg gross,1,4.00,2022-01-01
08029200,80,3,"pine nuts, shelled",Fr. per 100 kg gross,1,4.00,2022-01-01
08029900,80,3,other,Fr. per 100 kg gross,1,4.00,2022-01-01
0803,80,1,"Bananas, including plantains, fresh or dried:",,0,,1988-01-01
08031000,80,2,plantains,Fr. per 100 kg gross,1,14.00,2012-01-01
08039000,80,2,other,Fr. per 100 kg gross,1,14.00,2012-01-01
0804,80,1,"Dates, figs, pineapples, avocados, guavas, mangoes and mangosteens, fresh or dried:",,0,,1988-01-01
08041000,80,2,dates,Fr. per 100 kg gross,1,4.00,1988-01-01
080420,80,2,figs:,,0,,1988-01-01
08042010,80,3,raw,Fr. per 100 kg gross,1,0.00,1988-01-01
08042020,80,3,dried,Fr. per 100 kg gross,1,4.00,1988-01-01
08043000,80,2,pineapples,Fr. per 100 kg gross,1,4.00,1988-01-01
08044000,80,2,avocados,Fr. per 100 kg gross,1,1.60,1988-01-01
08045000,80,2,"guavas, mangoes and mangosteens",Fr. per 100 kg gross,1,1.00,1988-01-01
0805,80,1,"Citrus fruit, fresh or dried:",,0,,1988-01-01
08051000,80,2,oranges,Fr. per 100 kg gross,1,7.00,1988-01-01
,10,2,"mandarins (including tangerines and satsumas); clementines, wilkings and similar citrus hybrids:",,,,2017-01-01
08052100,80,3,mandarins (including tangerines and satsumas),Fr. per 100 kg gross,1,7.00,2017-01-01
08052200,80,3,clementines,Fr. per 100 kg gross,1,7.00,2017-01-01
08052900,80,3,other,Fr. per 100 kg gross,1,7.00,2017-01-01
08054000,80,2,grapefruit and pomelos,Fr. per 100 kg gross,1,2.00,1988-01-01
08055000,80,2,"lemons (Citrus limon, Citrus limonum) and limes (Citrus aurantifolia, Citrus latifolia)",Fr. per 100 kg gross,1,1.00,2002-01-01
08059000,80,2,other,Fr. per 100 kg gross,1,2.00,1988-01-01
0806,80,1,"Grapes, fresh or dried:",,0,,1988-01-01
080610,80,2,fresh:,,0,,1988-01-01
,10,3,table grapes:,,,,1988-01-01
08061011,80,4,from July 15 to September 15,Fr. per 100 kg gross,1,10.00,1988-01-01
08061012,80,4,from September 16 to July 14,Fr. per 100 kg gross,1,15.00,1988-01-01
,10,3,grapes for pressing:,,,,1995-07-01
08061021,80,4,within the limits of the tariff quota (Q. No. 22),Fr. per 100 kg gross,1,40.00,1995-07-01
08061029,80,4,other,Fr. per 100 kg gross,1,272.00,1995-07-01
08062000,80,2,dried,Fr. per 100 kg gross,1,0.00,1988-01-01
0807,80,1,"Melons (including watermelons) and papaws (papayas), fresh:",,0,,1988-01-01
,10,2,melons (including watermelons):,,,,1996-01-01
08071100,80,3,watermelons,Fr. per 100 kg gross,1,2.00,1996-01-01
08071900,80,3,other,Fr. per 100 kg gross,1,2.00,1996-01-01
08072000,80,2,papaws (papayas),Fr. per 100 kg gross,1,0.00,1988-01-01
0808,80,1,"Apples, pears and quinces, fresh:",,0,,1988-01-01
080810,80,2,apples:,,0,,1988-01-01
,10,3,for cider making or distilling:,,,,1995-07-01
08081011,80,4,within the limits of the tariff quota (Q. No. 20),Fr. per 100 kg gross,1,4.00,1995-07-01
08081019,80,4,other,Fr. per 100 kg gross,1,21.00,1995-07-01
,10,3,other apples:,,,,1988-01-01
,10,4,in open packings:,,,,1988-01-01
08081021,80,5,from June 15 to July 14,Fr. per 100 kg gross,1,4.00,1995-07-01
,10,5,from July 15 to June 14:,,,,1988-01-01
08081022,80,6,within the limits of the tariff quota (Q. No. 17),Fr. per 100 kg gross,1,4.00,1995-07-01
08081029,80,6,other,Fr. per 100 kg gross,1,153.00,1995-07-01
,10,4,in other packings:,,,,1988-01-01
08081031,80,5,from June 15 to July 14,Fr. per 100 kg gross,1,7.00,1995-07-01
,10,5,from July 15 to June 14:,,,,1988-01-01
08081032,80,6,within the limits of the tariff quota (Q. No. 17),Fr. per 100 kg gross,1,7.00,1995-07-01
08081039,80,6,other,Fr. per 100 kg gross,1,153.00,1995-07-01
080830,80,2,pears:,,0,,2012-01-01
,10,3,for cider making or distilling:,,,,2012-01-01
08083011,80,4,within the limits of the tariff quota (Q. No. 20),Fr. per 100 kg gross,1,4.00,2012-01-01
08083019,80,4,other,Fr. per 100 kg gross,1,17.00,2012-01-01
,10,3,other pears:,,,,2012-01-01
,10,4,in open packings:,,,,2012-01-01
08083021,80,5,from April 1 to June 30,Fr. per 100 kg gross,1,4.00,2012-01-01
,10,5,from July 1 to March 31:,,,,2012-01-01
08083022,80,6,within the limits of the tariff quota (Q. No. 17),Fr. per 100 kg gross,1,4.00,2012-01-01
08083029,80,6,other,Fr. per 100 kg gross,1,133.00,2012-01-01
,10,4,in other packings:,,,,2012-01-01
08083031,80,5,from April 1 to June 30,Fr. per 100 kg gross,1,7.00,2012-01-01
,10,5,from July 1 to March 31:,,,,2012-01-01
08083032,80,6,within the limits of the tariff quota (Q. No. 17),Fr. per 100 kg gross,1,7.00,2012-01-01
08083039,80,6,other,Fr. per 100 kg gross,1,133.00,2012-01-01
080840,80,2,quinces:,,0,,2012-01-01
,10,3,for cider making or distilling:,,,,2012-01-01
08084011,80,4,within the limits of the tariff quota (Q. No. 20),Fr. per 100 kg gross,1,4.00,2012-01-01
08084019,80,4,other,Fr. per 100 kg gross,1,17.00,2012-01-01
,10,3,other quinces:,,,,2012-01-01
,10,4,in open packings:,,,,2012-01-01
08084021,80,5,from April 1 to June 30,Fr. per 100 kg gross,1,4.00,2012-01-01
,10,5,from July 1 to March 31:,,,,2012-01-01
08084022,80,6,within the limits of the tariff quota (Q. No. 17),Fr. per 100 kg gross,1,4.00,2012-01-01
08084029,80,6,other,Fr. per 100 kg gross,1,133.00,2012-01-01
,10,4,in other packings:,,,,2012-01-01
08084031,80,5,from April 1 to June 30,Fr. per 100 kg gross,1,7.00,2012-01-01
,10,5,from July 1 to March 31:,,,,2012-01-01
08084032,80,6,within the limits of the tariff quota (Q. No. 17),Fr. per 100 kg gross,1,7.00,2012-01-01
08084039,80,6,other,Fr. per 100 kg gross,1,133.00,2012-01-01
0809,80,1,"Apricots, cherries, peaches (including nectarines), plums and sloes, fresh:",,0,,1988-01-01
080910,80,2,apricots:,,0,,1988-01-01
,10,3,in open packings:,,,,1995-07-01
08091011,80,4,from 1 September to 30 June,Fr. per 100 kg gross,1,5.00,1995-07-01
,10,4,from 1 July to 31 August:,,,,1995-07-01
08091018,80,5,within the limits of the tariff quota (Q. No. 18),Fr. per 100 kg gross,1,5.00,1995-07-01
08091019,80,5,other,Fr. per 100 kg gross,1,204.00,1995-07-01
,10,3,in other packings:,,,,1995-07-01
08091091,80,4,from September 1 to June 30,Fr. per 100 kg gross,1,7.00,1995-07-01
,10,4,from 1 July to 31 August:,,,,1995-07-01
08091098,80,5,within the limits of the tariff quota (Q. No. 18),Fr. per 100 kg gross,1,7.00,1995-07-01
08091099,80,5,other,Fr. per 100 kg gross,1,204.00,1995-07-01
,10,2,cherries:,,,,2012-01-01
080921,80,3,sour cherries (Prunus cerasus):,,0,,2012-01-01
08092110,80,4,from September 1 to May 19,Fr. per 100 kg gross,1,5.00,2012-01-01
,10,4,from May 20 to August 31:,,,,2012-01-01
08092111,80,5,within the limits of the tariff quota (Q. No. 18),Fr. per 100 kg gross,1,5.00,2012-01-01
08092119,80,5,other,Fr. per 100 kg gross,1,255.00,2012-01-01
080929,80,3,other:,,0,,2012-01-01
08092910,80,4,from September 1 to May 19,Fr. per 100 kg gross,1,5.00,2012-01-01
,10,4,from May 20 to August 31:,,,,2012-01-01
08092911,80,5,within the limits of the tariff quota (Q. No. 18),Fr. per 100 kg gross,1,5.00,2012-01-01
08092919,80,5,other,Fr. per 100 kg gross,1,255.00,2012-01-01
080930,80,2,"peaches, including nectarines:",,0,,1988-01-01
08093010,80,3,peaches,Fr. per 100 kg gross,1,11.00,1988-01-01
08093020,80,3,nectarines,Fr. per 100 kg gross,1,12.00,1988-01-01
080940,80,2,plums and sloes:,,0,,1988-01-01
,10,3,in open packings:,,,,1996-01-01
,10,4,plums:,,,,1996-01-01
08094012,80,5,from October 1 to June 30,Fr. per 100 kg gross,1,5.00,1996-01-01
,10,5,from July 1 to September 30:,,,,1996-01-01
08094013,80,6,within the limits of the tariff quota (Q. No. 18),Fr. per 100 kg gross,1,5.00,1996-01-01
08094014,80,6,other,Fr. per 100 kg gross,1,102.00,1996-01-01
08094015,80,4,sloes,Fr. per 100 kg gross,1,5.00,1996-01-01
,10,3,in other packings:,,,,1996-01-01
,10,4,plums:,,,,1996-01-01
08094092,80,5,from October 1 to June 30,Fr. per 100 kg gross,1,12.00,1996-01-01
,10,5,from July 1 to September 30:,,,,1996-01-01
08094093,80,6,within the limits of the tariff quota (Q. No. 18),Fr. per 100 kg gross,1,12.00,1996-01-01
08094094,80,6,other,Fr. per 100 kg gross,1,102.00,1996-01-01
08094095,80,4,sloes,Fr. per 100 kg gross,1,12.00,1996-01-01
0810,80,1,"Other fruit, fresh:",,0,,1988-01-01
081010,80,2,strawberries:,,0,,1988-01-01
08101010,80,3,from September 1 to May 14,Fr. per 100 kg gross,1,3.00,1995-07-01
,10,3,from May 15 to August 31:,,,,1995-07-01
08101011,80,4,within the limits of the tariff quota (Q. No. 19),Fr. per 100 kg gross,1,3.00,1995-07-01
08101019,80,4,other,Fr. per 100 kg gross,1,510.00,1995-07-01
081020,80,2,"raspberries, blackberries, mulberries and loganberries:",,0,,1988-01-01
,10,3,raspberries:,,,,1995-07-01
08102010,80,4,from 15 September to 31 May,Fr. per 100 kg gross,1,5.00,1995-07-01
,10,4,from June 1 to September 14:,,,,1995-07-01
08102011,80,5,within the limits of the tariff quota (Q. No. 19),Fr. per 100 kg gross,1,5.00,1995-07-01
08102019,80,5,other,Fr. per 100 kg gross,1,459.00,1995-07-01
,10,3,blackberries:,,,,1995-07-01
08102020,80,4,from 1 November to 30 June,Fr. per 100 kg gross,1,5.00,1995-07-01
,10,4,from July 1 to October 31:,,,,1995-07-01
08102021,80,5,within the limits of the tariff quota (Q. No. 19),Fr. per 100 kg gross,1,5.00,1995-07-01
08102029,80,5,other,Fr. per 100 kg gross,1,425.00,1995-07-01
08102030,80,3,mulberries and loganberries,Fr. per 100 kg gross,1,4.00,1995-07-01
081030,80,2,"black, white or red currants and gooseberries:",,0,,2012-01-01
08103012,80,3,gooseberries,Fr. per 100 kg gross,1,7.00,2012-01-01
,10,3,"black, white or red currants:",,,,2012-01-01
08103021,80,4,from September 16 to June 14,Fr. per 100 kg gross,1,7.00,2012-01-01
,10,4,from June 15 to September 15:,,,,2012-01-01
08103022,80,5,within the limits of the tariff quota (Q. No. 19),Fr. per 100 kg gross,1,7.00,2012-01-01
08103029,80,5,other,Fr. per 100 kg gross,1,255.00,2012-01-01
08104000,80,2,"cranberries, bilberries and other fruits of the genus Vaccinium",Fr. per 100 kg gross,1,0.00,1988-01-01
08105000,80,2,kiwifruit,Fr. per 100 kg gross,1,1.00,1996-01-01
08106000,80,2,durians,Fr. per 100 kg gross,1,1.00,2002-01-01
08107000,80,2,persimmons,Fr. per 100 kg gross,1,4.00,2012-01-01
081090,80,2,other:,,0,,1996-01-01
08109092,80,3,tropical fruits and tropical nuts,Fr. per 100 kg gross,1,1.00,2002-01-01
08109098,80,3,other,Fr. per 100 kg gross,1,4.00,2012-01-01
0811,80,1,"Fruit and nuts, uncooked or cooked by steaming or boiling in water, frozen, whether or not containing added sugar or other sweetening matter:",,0,,1988-01-01
08111000,80,2,strawberries,Fr. per 100 kg gross,1,38.00,1988-01-01
081120,80,2,"raspberries, blackberries, mulberries, loganberries, black, white or red currants and gooseberries:",,0,,1988-01-01
08112010,80,3,raspberries containing added sugar or other sweetening matter,Fr. per 100 kg gross,1,34.00,1988-01-01
08112090,80,3,other,Fr. per 100 kg gross,1,38.00,1988-01-01
081190,80,2,other:,,0,,1988-01-01
08119010,80,3,bilberries,Fr. per 100 kg gross,1,20.00,1988-01-01
,10,3,tropical fruits and tropical nuts:,,,,1995-07-01
08119021,80,4,carambolas,Fr. per 100 kg gross,1,0.00,1995-07-01
08119029,80,4,other,Fr. per 100 kg gross,1,9.00,1995-07-01
08119090,80,3,other,Fr. per 100 kg gross,1,9.00,1995-07-01
0812,80,1,"Fruit and nuts provisionally preserved, but unsuitable in that state for immediate consumption:",,0,,1988-01-01
08121000,80,2,cherries,Fr. per 100 kg gross,1,8.50,1988-01-01
081290,80,2,other:,,0,,1988-01-01
08129010,80,3,tropical fruits and tropical nuts,Fr. per 100 kg gross,1,3.00,1995-07-01
08129080,80,3,other,Fr. per 100 kg gross,1,8.50,2002-01-01
0813,80,1,"Fruit, dried, other than that of headings 0801 to 0806; mixtures of nuts or dried fruits of this Chapter:",,0,,1988-01-01
08131000,80,2,apricots,Fr. per 100 kg gross,1,31.00,1988-01-01
081320,80,2,prunes:,,0,,1988-01-01
08132010,80,3,whole,Fr. per 100 kg gross,1,0.00,1988-01-01
08132090,80,3,other,Fr. per 100 kg gross,1,0.00,1988-01-01
08133000,80,2,apples,Fr. per 100 kg gross,1,38.00,1988-01-01
081340,80,2,other fruit:,,0,,1988-01-01
,10,3,pears:,,,,1988-07-01
08134011,80,4,whole,Fr. per 100 kg gross,1,10.00,1988-07-01
08134019,80,4,other,Fr. per 100 kg gross,1,0.00,1988-07-01
08134020,80,3,rose hips and elderberries,Fr. per 100 kg gross,1,4.00,1988-01-01
,10,3,other:,,,,1988-01-01
,10,4,"other stone fruit, whole:",,,,1988-01-01
08134081,80,5,for animal feeding,Fr. per 100 kg gross,1,31.00,1995-07-01
08134089,80,5,other,Fr. per 100 kg gross,1,0.00,1995-07-01
,10,4,other:,,,,1988-01-01
08134092,80,5,for animal feeding,Fr. per 100 kg gross,1,31.00,1995-07-01
08134099,80,5,other,Fr. per 100 kg gross,1,10.00,1995-07-01
081350,80,2,mixtures of nuts or dried fruits of this Chapter:,,0,,1988-01-01
,10,3,of nuts of headings 0801 or 0802:,,,,1988-01-01
,10,4,containing by weight more than 50% of almonds and/or walnuts:,,,,1988-01-01
08135012,80,5,"containing hazelnuts and/or walnuts, for animal feeding",Fr. per 100 kg gross,1,43.00,1995-07-01
08135019,80,5,other,Fr. per 100 kg gross,1,2.00,1995-07-01
,10,4,other:,,,,1988-01-01
08135021,80,5,"containing hazelnuts and/or walnuts, for animal feeding",Fr. per 100 kg gross,1,47.00,1995-07-01
08135029,80,5,other,Fr. per 100 kg gross,1,3.00,1995-07-01
,10,3,other:,,,,1988-01-01
,10,4,containing by weight more than 40% of prunes and not more than a total of 20% of apricots and/or pome fruit:,,,,1988-01-01
08135081,80,5,for animal feeding,Fr. per 100 kg gross,1,59.00,1995-07-01
08135089,80,5,other,Fr. per 100 kg gross,1,8.00,1995-07-01
,10,4,other:,,,,1988-01-01
08135092,80,5,"containing fruits of subheadings 0813.4081 to 0813.4099, for animal feeding",Fr. per 100 kg gross,1,70.00,1995-07-01
08135099,80,5,other,Fr. per 100 kg gross,1,11.00,1995-07-01
08140000,80,1,"Peel of citrus fruit or melons (including watermelons), fresh, frozen, dried or provisionally preserved in brine, in sulphur water or in other preservative solutions",Fr. per 100 kg gross,1,0.00,1988-01-01
09,80,0,"Coffee, tea, maté and spices",,0,,1988-01-01
0901,80,1,"Coffee, whether or not roasted or decaffeinated; coffee husks and skins; coffee substitutes containing coffee in any proportion:",,0,,1988-01-01
,10,2,"coffee, not roasted:",,,,1988-01-01
09011100,80,3,not decaffeinated,Fr. per 100 kg gross,1,35.00,1988-01-01
09011200,80,3,decaffeinated,Fr. per 100 kg gross,1,53.00,1988-01-01
,10,2,"coffee, roasted:",,,,1988-01-01
09012100,80,3,not decaffeinated,Fr. per 100 kg gross,1,63.00,1988-01-01
09012200,80,3,decaffeinated,Fr. per 100 kg gross,1,63.00,1988-01-01
090190,80,2,other:,,0,,1996-01-01
,10,3,coffee husks and skins:,,,,1996-01-01
09019011,80,4,for animal feeding,Fr. per 100 kg gross,1,25.00,1996-01-01
09019019,80,4,other,Fr. per 100 kg gross,1,0.00,1996-01-01
09019020,80,3,coffee substitutes containing coffee,Fr. per 100 kg gross,1,70.00,1996-01-01
0902,80,1,"Tea, whether or not flavoured:",,0,,1988-01-01
09021000,80,2,green tea (not fermented) in immediate packings of a content not exceeding 3 kg,Fr. per 100 kg gross,1,0.00,1988-01-01
09022000,80,2,other green tea (not fermented),Fr. per 100 kg gross,1,0.00,1988-01-01
09023000,80,2,"black tea (fermented) and partly fermented tea, in immediate packings of a content not exceeding 3 kg",Fr. per 100 kg gross,1,0.00,1988-01-01
09024000,80,2,other black tea (fermented) and other partly fermented tea,Fr. per 100 kg gross,1,0.00,1988-01-01
09030000,80,1,Maté,Fr. per 100 kg gross,1,0.00,1988-01-01
0904,80,1,Pepper of the genus Piper; dried or crushed or ground fruits of the genus Capsicum or of the genus Pimenta:,,0,,1988-01-01
,10,2,pepper:,,,,1988-01-01
09041100,80,3,neither crushed nor ground,Fr. per 100 kg gross,1,0.00,1988-01-01
09041200,80,3,crushed or ground,Fr. per 100 kg gross,1,7.50,1988-01-01
,10,2,fruits of the genus Capsicum or of the genus Pimenta:,,,,2012-01-01
09042100,80,3,"dried, neither crushed nor ground",Fr. per 100 kg gross,1,0.00,2012-01-01
09042200,80,3,crushed or ground,Fr. per 100 kg gross,1,7.50,2012-01-01
0905,80,1,Vanilla:,,0,,1988-01-01
09051000,80,2,neither crushed nor ground,Fr. per 100 kg gross,1,0.00,2012-01-01
09052000,80,2,crushed or ground,Fr. per 100 kg gross,1,0.00,2012-01-01
0906,80,1,Cinnamon and cinnamon-tree flowers:,,0,,1988-01-01
,10,2,neither crushed nor ground:,,,,2007-01-01
09061100,80,3,cinnamon (Cinnamomum zeylanicum Blume),Fr. per 100 kg gross,1,0.00,2007-01-01
09061900,80,3,other,Fr. per 100 kg gross,1,0.00,2007-01-01
09062000,80,2,crushed or ground,Fr. per 100 kg gross,1,5.00,1988-01-01
0907,80,1,"Cloves (whole fruit, cloves and stems):",,0,,1988-01-01
09071000,80,2,neither crushed nor ground,Fr. per 100 kg gross,1,0.00,2012-01-01
09072000,80,2,crushed or ground,Fr. per 100 kg gross,1,0.00,2012-01-01
0908,80,1,"Nutmeg, mace and cardamoms:",,0,,1988-01-01
,10,2,nutmeg:,,,,2012-01-01
09081100,80,3,neither crushed nor ground,Fr. per 100 kg gross,1,0.00,2012-01-01
09081200,80,3,crushed or ground,Fr. per 100 kg gross,1,12.50,2012-01-01
,10,2,mace:,,,,2012-01-01
09082100,80,3,neither crushed nor ground,Fr. per 100 kg gross,1,0.00,2012-01-01
09082200,80,3,crushed or ground,Fr. per 100 kg gross,1,12.50,2012-01-01
,10,2,cardamoms:,,,,2012-01-01
09083100,80,3,neither crushed nor ground,Fr. per 100 kg gross,1,0.00,2012-01-01
09083200,80,3,crushed or ground,Fr. per 100 kg gross,1,12.50,2012-01-01
0909,80,1,"Seeds of anise, badian, fennel, coriander, cumin or caraway; juniper berries:",,0,,1988-01-01
,10,2,seeds of coriander:,,,,2012-01-01
09092100,80,3,neither crushed nor ground,Fr. per 100 kg gross,1,2.50,2012-01-01
09092200,80,3,crushed or ground,Fr. per 100 kg gross,1,2.50,2012-01-01
,10,2,seeds of cumin:,,,,2012-01-01
09093100,80,3,neither crushed nor ground,Fr. per 100 kg gross,1,0.40,2012-01-01
09093200,80,3,crushed or ground,Fr. per 100 kg gross,1,0.40,2012-01-01
,10,2,"seeds of anise, badian, caraway or fennel; juniper berries:",,,,2012-01-01
090961,80,3,neither crushed nor ground:,,0,,2012-01-01
09096110,80,4,seeds of caraway,Fr. per 100 kg gross,1,0.40,2012-01-01
09096120,80,4,"seeds of anise, badian or fennel; juniper berries",Fr. per 100 kg gross,1,2.50,2012-01-01
090962,80,3,crushed or ground:,,0,,2012-01-01
09096210,80,4,seeds of caraway,Fr. per 100 kg gross,1,0.40,2012-01-01
09096220,80,4,"seeds of anise, badian or fennel; juniper berries",Fr. per 100 kg gross,1,2.50,2012-01-01
0910,80,1,"Ginger, saffron, turmeric (curcuma), thyme, bay leaves, curry and other spices:",,0,,1988-01-01
,10,2,ginger:,,,,2012-01-01
09101100,80,3,neither crushed nor ground,Fr. per 100 kg gross,1,3.75,2012-01-01
09101200,80,3,crushed or ground,Fr. per 100 kg gross,1,3.75,2012-01-01
09102000,80,2,saffron,Fr. per 100 kg gross,1,68.00,1988-01-01
09103000,80,2,turmeric (curcuma),Fr. per 100 kg gross,1,5.00,1988-01-01
,10,2,other spices:,,,,1988-01-01
09109100,80,3,mixtures referred to in Note 1 b) to this Chapter,Fr. per 100 kg gross,1,5.00,1988-01-01
09109900,80,3,other,Fr. per 100 kg gross,1,5.00,1988-01-01
10,80,0,Cereals,,0,,1988-01-01
1001,80,1,Wheat and meslin:,,0,,1988-01-01
,10,2,durum wheat:,,,,2012-01-01
10011100,80,3,seed,Fr. per 100 kg gross,1,11.90,2012-01-01
100119,80,3,other:,,0,,2012-01-01
10011910,80,4,for the manufacture of brewers' malt or beer,Fr. per 100 kg gross,1,11.00,2012-01-01
,10,4,other:,,,,2012-01-01
,10,5,for human consumption:,,,,2012-01-01
10011921,80,6,within the limits of the tariff quota (Q. No. 26),Fr. per 100 kg gross,1,14.00,2012-01-01
10011929,80,6,other,Fr. per 100 kg gross,1,74.00,2012-01-01
,10,5,for animal feeding:,,,,2012-01-01
10011931,80,6,containing other cereals of chapter 10,Fr. per 100 kg gross,1,39.00,2012-01-01
10011939,80,6,other,Fr. per 100 kg gross,1,39.00,2012-01-01
10011940,80,5,for technical purposes,Fr. per 100 kg gross,1,23.00,2012-01-01
10011990,80,5,other,Fr. per 100 kg gross,1,0.50,2012-01-01
,10,2,other:,,,,2012-01-01
10019100,80,3,seed,Fr. per 100 kg gross,1,51.00,2012-01-01
100199,80,3,other:,,0,,2012-01-01
10019910,80,4,for the manufacture of brewers' malt or beer,Fr. per 100 kg gross,1,29.00,2012-01-01
,10,4,other:,,,,2012-01-01
,10,5,for human consumption:,,,,2012-01-01
10019921,80,6,within the limits of the tariff quota (Q. No. 27),Fr. per 100 kg gross,1,35.00,2012-01-01
10019929,80,6,other,Fr. per 100 kg gross,1,76.00,2012-01-01
,10,5,for animal feeding:,,,,2012-01-01
10019931,80,6,containing other cereals of chapter 10,Fr. per 100 kg gross,1,39.00,2012-01-01
10019939,80,6,other,Fr. per 100 kg gross,1,39.00,2012-01-01
10019940,80,5,for technical purposes,Fr. per 100 kg gross,1,23.00,2012-01-01
10019990,80,5,other,Fr. per 100 kg gross,1,0.00,2012-01-01
1002,80,1,Rye:,,0,,1988-01-01
10021000,80,2,seed,Fr. per 100 kg gross,1,61.00,2012-01-01
100290,80,2,other:,,0,,2012-01-01
10029010,80,3,for the manufacture of brewers' malt or beer,Fr. per 100 kg gross,1,29.00,2012-01-01
,10,3,other:,,,,2012-01-01
,10,4,for human consumption:,,,,2012-01-01
10029021,80,5,within the limits of the tariff quota (Q. No. 27),Fr. per 100 kg gross,1,35.00,2012-01-01
10029029,80,5,other,Fr. per 100 kg gross,1,81.00,2012-01-01
,10,4,for animal feeding:,,,,2012-01-01
10029031,80,5,containing other cereals of chapter 10,Fr. per 100 kg gross,1,40.00,2012-01-01
10029039,80,5,other,Fr. per 100 kg gross,1,40.00,2012-01-01
10029040,80,4,for technical purposes,Fr. per 100 kg gross,1,23.00,2012-01-01
10029090,80,4,other,Fr. per 100 kg gross,1,0.00,2012-01-01
1003,80,1,Barley:,,0,,1988-01-01
10031000,80,2,seed,Fr. per 100 kg gross,1,59.50,2012-01-01
100390,80,2,other:,,0,,2012-01-01
10039010,80,3,for the manufacture of brewers' malt or beer,Fr. per 100 kg gross,1,10.00,2012-01-01
10039020,80,3,pre-malted or for the manufacture of pre-malted barley,Fr. per 100 kg gross,1,39.90,2012-01-01
10039030,80,3,for the manufacture of coffee substitutes,Fr. per 100 kg gross,1,29.80,2012-01-01
,10,3,other:,,,,2012-01-01
,10,4,for human consumption:,,,,2012-01-01
10039041,80,5,within the limits of the tariff quota (Q. No. 28),Fr. per 100 kg gross,1,34.00,2012-01-01
10039049,80,5,other,Fr. per 100 kg gross,1,51.00,2012-01-01
,10,4,for animal feeding:,,,,2012-01-01
10039051,80,5,containing other cereals of chapter 10,Fr. per 100 kg gross,1,37.00,2012-01-01
10039059,80,5,other,Fr. per 100 kg gross,1,37.00,2012-01-01
10039060,80,4,for technical purposes,Fr. per 100 kg gross,1,28.00,2012-01-01
10039090,80,4,other,Fr. per 100 kg gross,1,0.00,2012-01-01
1004,80,1,Oats:,,0,,1988-01-01
10041000,80,2,seed,Fr. per 100 kg gross,1,51.00,2012-01-01
100490,80,2,other:,,0,,2012-01-01
10049010,80,3,for the manufacture of brewers' malt or beer,Fr. per 100 kg gross,1,10.00,2012-01-01
,10,3,other:,,,,2012-01-01
,10,4,for human consumption:,,,,2012-01-01
10049021,80,5,within the limits of the tariff quota (Q. No. 28),Fr. per 100 kg gross,1,26.00,2012-01-01
10049029,80,5,other,Fr. per 100 kg gross,1,45.90,2012-01-01
,10,4,for animal feeding:,,,,2012-01-01
10049031,80,5,containing other cereals of chapter 10,Fr. per 100 kg gross,1,35.00,2012-01-01
10049039,80,5,other,Fr. per 100 kg gross,1,35.00,2012-01-01
10049040,80,4,for technical purposes,Fr. per 100 kg gross,1,25.00,2012-01-01
10049090,80,4,other,Fr. per 100 kg gross,1,0.00,2012-01-01
1005,80,1,Maize (corn):,,0,,1988-01-01
10051000,80,2,seed,Fr. per 100 kg gross,1,49.00,1988-01-01
100590,80,2,other:,,0,,1988-01-01
10059010,80,3,for the manufacture of brewers' malt or beer,Fr. per 100 kg gross,1,10.00,1995-07-01
,10,3,other:,,,,1995-07-01
,10,4,for human consumption:,,,,1995-07-01
10059021,80,5,within the limits of the tariff quota (Q. No. 28),Fr. per 100 kg gross,1,21.00,1995-07-01
10059029,80,5,other,Fr. per 100 kg gross,1,45.90,1995-07-01
,10,4,for animal feeding:,,,,2012-01-01
10059031,80,5,containing other cereals of chapter 10,Fr. per 100 kg gross,1,35.00,2012-01-01
10059039,80,5,other,Fr. per 100 kg gross,1,35.00,2012-01-01
10059040,80,4,for technical purposes,Fr. per 100 kg gross,1,27.00,1995-07-01
10059090,80,4,other,Fr. per 100 kg gross,1,0.00,1995-07-01
1006,80,1,Rice:,,0,,1988-01-01
100610,80,2,rice in the husk (paddy or rough):,,0,,1988-01-01
10061010,80,3,for the manufacture of brewers' malt or beer,Fr. per 100 kg gross,1,9.00,1995-07-01
,10,3,for animal feeding:,,,,2012-01-01
10061021,80,4,containing other cereals of chapter 10,Fr. per 100 kg gross,1,33.00,2012-01-01
10061029,80,4,other,Fr. per 100 kg gross,1,33.00,2012-01-01
10061090,80,3,other,Fr. per 100 kg gross,1,0.00,1995-07-01
100620,80,2,husked (brown) rice:,,0,,1988-01-01
10062010,80,3,for the manufacture of brewers' malt or beer,Fr. per 100 kg gross,1,9.00,1995-07-01
,10,3,for animal feeding:,,,,2012-01-01
10062021,80,4,containing other cereals of chapter 10,Fr. per 100 kg gross,1,33.00,2012-01-01
10062029,80,4,other,Fr. per 100 kg gross,1,33.00,2012-01-01
10062090,80,3,other,Fr. per 100 kg gross,1,0.00,1995-07-01
100630,80,2,"semi-milled or wholly milled rice, whether or not polished or glazed:",,0,,1988-01-01
10063010,80,3,for the manufacture of brewers' malt or beer,Fr. per 100 kg gross,1,11.00,1995-07-01
,10,3,for animal feeding:,,,,2012-01-01
10063021,80,4,containing other cereals of chapter 10,Fr. per 100 kg gross,1,34.00,2012-01-01
10063029,80,4,other,Fr. per 100 kg gross,1,34.00,2012-01-01
10063090,80,3,other,Fr. per 100 kg gross,1,0.75,1995-07-01
100640,80,2,broken rice:,,0,,1988-01-01
10064010,80,3,for the manufacture of brewers' malt or beer,Fr. per 100 kg gross,1,11.00,1995-07-01
,10,3,for animal feeding:,,,,2012-01-01
10064021,80,4,containing other cereals of chapter 10,Fr. per 100 kg gross,1,33.00,2012-01-01
10064029,80,4,other,Fr. per 100 kg gross,1,33.00,2012-01-01
10064090,80,3,other,Fr. per 100 kg gross,1,0.75,1995-07-01
1007,80,1,Grain sorghum:,,0,,1988-01-01
10071000,80,2,seed,Fr. per 100 kg gross,1,0.20,2012-01-01
100790,80,2,other:,,0,,2012-01-01
10079010,80,3,for the manufacture of brewers' malt or beer,Fr. per 100 kg gross,1,10.00,2012-01-01
,10,3,other:,,,,2012-01-01
,10,4,for human consumption:,,,,2012-01-01
10079021,80,5,within the limits of the tariff quota (Q. No. 27),Fr. per 100 kg gross,1,35.00,2012-01-01
10079029,80,5,other,Fr. per 100 kg gross,1,38.00,2012-01-01
,10,4,for animal feeding:,,,,2012-01-01
10079031,80,5,containing other cereals of chapter 10,Fr. per 100 kg gross,1,38.00,2012-01-01
10079039,80,5,other,Fr. per 100 kg gross,1,38.00,2012-01-01
10079040,80,4,for technical purposes,Fr. per 100 kg gross,1,32.00,2012-01-01
10079090,80,4,other,Fr. per 100 kg gross,1,0.20,2012-01-01
1008,80,1,"Buckwheat, millet and canary seeds; other cereals:",,0,,1988-01-01
100810,80,2,buckwheat:,,0,,1988-01-01
10081010,80,3,for the manufacture of brewers' malt or beer,Fr. per 100 kg gross,1,10.00,1995-07-01
,10,3,other:,,,,1995-07-01
,10,4,for human consumption:,,,,1995-07-01
10081021,80,5,within the limits of the tariff quota (Q. No. 27),Fr. per 100 kg gross,1,35.00,1995-07-01
10081029,80,5,other,Fr. per 100 kg gross,1,38.00,1995-07-01
,10,4,for animal feeding:,,,,2012-01-01
10081031,80,5,containing other cereals of chapter 10,Fr. per 100 kg gross,1,35.00,2012-01-01
10081039,80,5,other,Fr. per 100 kg gross,1,35.00,2012-01-01
10081040,80,4,for technical purposes,Fr. per 100 kg gross,1,23.00,1995-07-01
10081090,80,4,other,Fr. per 100 kg gross,1,0.00,1995-07-01
,10,2,millet:,,,,2012-01-01
10082100,80,3,seed,Fr. per 100 kg gross,1,0.00,2012-01-01
100829,80,3,other:,,0,,2012-01-01
10082910,80,4,for the manufacture of brewers' malt or beer,Fr. per 100 kg gross,1,10.00,2012-01-01
,10,4,other:,,,,2012-01-01
,10,5,for human consumption:,,,,2012-01-01
10082921,80,6,within the limits of the tariff quota (Q. No. 27),Fr. per 100 kg gross,1,35.00,2012-01-01
10082929,80,6,other,Fr. per 100 kg gross,1,38.00,2012-01-01
,10,5,for animal feeding:,,,,2012-01-01
10082931,80,6,containing other cereals of chapter 10,Fr. per 100 kg gross,1,31.00,2012-01-01
10082939,80,6,other,Fr. per 100 kg gross,1,31.00,2012-01-01
10082940,80,5,for technical purposes,Fr. per 100 kg gross,1,21.00,2012-01-01
10082990,80,5,other,Fr. per 100 kg gross,1,0.00,2012-01-01
100830,80,2,canary seeds:,,0,,1988-01-01
10083010,80,3,for the manufacture of brewers' malt or beer,Fr. per 100 kg gross,1,10.00,1995-07-01
,10,3,other:,,,,1995-07-01
10083020,80,4,for human consumption,Fr. per 100 kg gross,1,27.00,1995-07-01
,10,4,for animal feeding:,,,,2012-01-01
10083031,80,5,containing other cereals of chapter 10,Fr. per 100 kg gross,1,35.00,2012-01-01
10083039,80,5,other,Fr. per 100 kg gross,1,35.00,2012-01-01
10083040,80,4,for technical purposes,Fr. per 100 kg gross,1,16.00,1995-07-01
10083090,80,4,other,Fr. per 100 kg gross,1,0.00,1995-07-01
100840,80,2,fonio (Digitaria spp.):,,0,,2012-01-01
10084010,80,3,for the manufacture of brewers' malt or beer,Fr. per 100 kg gross,1,10.00,2012-01-01
,10,3,other:,,,,2012-01-01
,10,4,for human consumption:,,,,2012-01-01
10084021,80,5,within the limits of the tariff quota (Q. No. 27),Fr. per 100 kg gross,1,35.00,2012-01-01
10084029,80,5,other,Fr. per 100 kg gross,1,39.00,2012-01-01
,10,4,for animal feeding:,,,,2012-01-01
10084031,80,5,containing other cereals of chapter 10,Fr. per 100 kg gross,1,38.00,2012-01-01
10084039,80,5,other,Fr. per 100 kg gross,1,38.00,2012-01-01
10084040,80,4,for technical purposes,Fr. per 100 kg gross,1,27.00,2012-01-01
10084090,80,4,other,Fr. per 100 kg gross,1,0.00,2012-01-01
100850,80,2,quinoa (Chenopodium quinoa):,,0,,2012-01-01
10085010,80,3,for the manufacture of brewers' malt or beer,Fr. per 100 kg gross,1,10.00,2012-01-01
,10,3,other:,,,,2012-01-01
,10,4,for human consumption:,,,,2012-01-01
10085021,80,5,within the limits of the tariff quota (Q. No. 27),Fr. per 100 kg gross,1,35.00,2012-01-01
10085029,80,5,other,Fr. per 100 kg gross,1,39.00,2012-01-01
,10,4,for animal feeding:,,,,2012-01-01
10085031,80,5,containing other cereals of chapter 10,Fr. per 100 kg gross,1,38.00,2012-01-01
10085039,80,5,other,Fr. per 100 kg gross,1,38.00,2012-01-01
10085040,80,4,for technical purposes,Fr. per 100 kg gross,1,27.00,2012-01-01
10085090,80,4,other,Fr. per 100 kg gross,1,0.00,2012-01-01
100860,80,2,triticale:,,0,,2012-01-01
10086010,80,3,seed,Fr. per 100 kg gross,1,65.00,2012-01-01
10086020,80,3,for the manufacture of brewers' malt or beer,Fr. per 100 kg gross,1,29.00,2012-01-01
,10,3,other:,,,,2012-01-01
,10,4,for human consumption:,,,,2012-01-01
10086031,80,5,within the limits of the tariff quota (Q. No. 27),Fr. per 100 kg gross,1,35.00,2012-01-01
10086039,80,5,other,Fr. per 100 kg gross,1,81.00,2012-01-01
,10,4,for animal feeding:,,,,2012-01-01
10086041,80,5,containing other cereals of chapter 10,Fr. per 100 kg gross,1,39.00,2012-01-01
10086049,80,5,other,Fr. per 100 kg gross,1,39.00,2012-01-01
10086050,80,4,for technical purposes,Fr. per 100 kg gross,1,24.00,2012-01-01
10086090,80,4,other,Fr. per 100 kg gross,1,0.00,2012-01-01
100890,80,2,other cereals:,,0,,1988-01-01
10089010,80,3,for the manufacture of brewers' malt or beer,Fr. per 100 kg gross,1,10.00,2012-01-01
,10,3,other:,,,,2012-01-01
,10,4,for human consumption:,,,,2012-01-01
10089023,80,5,within the limits of the tariff quota (Q. No. 27),Fr. per 100 kg gross,1,35.00,2012-01-01
,10,5,other:,,,,2012-01-01
10089024,80,6,wild rice (Zizania aquatica),Fr. per 100 kg gross,1,0.00,2012-01-01
10089027,80,6,other,Fr. per 100 kg gross,1,39.00,2012-01-01
,10,4,for animal feeding:,,,,2012-01-01
10089035,80,5,containing other cereals of chapter 10,Fr. per 100 kg gross,1,38.00,2012-01-01
10089037,80,5,other,Fr. per 100 kg gross,1,38.00,2012-01-01
10089040,80,4,for technical purposes,Fr. per 100 kg gross,1,27.00,2012-01-01
10089090,80,4,other,Fr. per 100 kg gross,1,0.00,2012-01-01
11,80,0,Products of the milling industry; malt; starches; inulin; wheat gluten,,0,,1988-01-01
1101,80,1,Wheat or meslin flour:,,0,,1988-01-01
,10,2,for human consumption:,,,,2006-04-01
11010041,80,3,"""swelling"" (pregelatinised) flour",Fr. per 100 kg gross,1,3.00,2006-04-01
,10,3,other:,,,,2008-07-01
11010043,80,4,of spelt,Fr. per 100 kg gross,1,143.00,2008-07-01
11010048,80,4,other,Fr. per 100 kg gross,1,143.00,2008-07-01
,10,2,for animal feeding:,,,,2006-04-01
11010051,80,3,"""swelling"" (pregelatinised) flour",Fr. per 100 kg gross,1,36.00,2006-04-01
11010059,80,3,other,Fr. per 100 kg gross,1,43.00,2006-04-01
11010090,80,2,other,Fr. per 100 kg gross,1,0.00,2006-04-01
1102,80,1,Cereal flours other than of wheat or meslin:,,0,,1988-01-01
110220,80,2,maize (corn) flour:,,0,,1988-01-01
11022010,80,3,for human consumption,Fr. per 100 kg gross,1,145.00,2006-04-01
11022020,80,3,for animal feeding,Fr. per 100 kg gross,1,43.00,2006-04-01
11022090,80,3,other,Fr. per 100 kg gross,1,0.00,2006-04-01
110290,80,2,other:,,0,,1988-01-01
,10,3,triticale flour:,,,,1995-07-01
11029011,80,4,for human consumption,Fr. per 100 kg gross,1,145.00,2006-04-01
11029013,80,4,for animal feeding,Fr. per 100 kg gross,1,45.00,2006-04-01
11029018,80,4,other,Fr. per 100 kg gross,1,0.00,2006-04-01
,10,3,of rye:,,,,2012-01-01
,10,4,for human consumption:,,,,2012-01-01
11029043,80,5,"""swelling"" (pregelatinised) flour",Fr. per 100 kg gross,1,34.00,2012-01-01
11029044,80,5,other,Fr. per 100 kg gross,1,145.00,2012-01-01
,10,4,for animal feeding:,,,,2012-01-01
11029045,80,5,"""swelling"" (pregelatinised) flour",Fr. per 100 kg gross,1,62.00,2012-01-01
11029046,80,5,other,Fr. per 100 kg gross,1,46.00,2012-01-01
11029048,80,4,other,Fr. per 100 kg gross,1,0.00,2012-01-01
,10,3,of rice:,,,,2007-01-01
11029051,80,4,for human consumption,Fr. per 100 kg gross,1,109.00,2007-01-01
11029052,80,4,for animal feeding,Fr. per 100 kg gross,1,40.00,2007-01-01
11029059,80,4,other,Fr. per 100 kg gross,1,0.20,2007-01-01
,10,3,other:,,,,1988-01-01
11029061,80,4,for human consumption,Fr. per 100 kg gross,1,145.00,2007-01-01
11029062,80,4,for animal feeding,Fr. per 100 kg gross,1,45.00,2007-01-01
11029069,80,4,other,Fr. per 100 kg gross,1,0.00,2007-01-01
1103,80,1,"Cereal groats, meal and pellets:",,0,,1988-01-01
,10,2,groats and meal:,,,,1988-01-01
110311,80,3,of wheat:,,0,,1988-01-01
,10,4,"durum wheat meal, in containers holding more than 5 kg:",,,,1995-07-01
11031111,80,5,for the manufacture of brewers' malt or beer,Fr. per 100 kg gross,1,13.00,1995-07-01
11031112,80,5,for animal feeding,Fr. per 100 kg gross,1,48.00,1995-07-01
11031119,80,5,other,Fr. per 100 kg gross,1,145.00,1995-07-01
,10,4,other:,,,,1995-07-01
11031191,80,5,for the manufacture of brewers' malt or beer,Fr. per 100 kg gross,1,38.00,1995-07-01
11031192,80,5,for animal feeding,Fr. per 100 kg gross,1,46.00,1995-07-01
11031199,80,5,other,Fr. per 100 kg gross,1,145.00,1995-07-01
110313,80,3,of maize (corn):,,0,,1988-01-01
11031310,80,4,for the manufacture of brewers' malt or beer,Fr. per 100 kg gross,1,13.00,1995-07-01
11031320,80,4,for animal feeding,Fr. per 100 kg gross,1,46.00,1995-07-01
11031390,80,4,other,Fr. per 100 kg gross,1,145.00,1995-07-01
110319,80,3,of other cereals:,,0,,1988-01-01
,10,4,"of rye, meslin or triticale:",,,,1995-07-01
11031911,80,5,for the manufacture of brewers' malt or beer,Fr. per 100 kg gross,1,38.00,1995-07-01
11031912,80,5,for animal feeding,Fr. per 100 kg gross,1,46.00,1995-07-01
11031919,80,5,other,Fr. per 100 kg gross,1,145.00,1995-07-01
,10,4,of oats:,,,,2002-01-01
11031921,80,5,for the manufacture of brewers' malt or beer,Fr. per 100 kg gross,1,16.00,2002-01-01
11031922,80,5,for animal feeding,Fr. per 100 kg gross,1,50.00,2002-01-01
11031929,80,5,other,Fr. per 100 kg gross,1,145.00,2002-01-01
,10,4,of rice:,,,,2002-01-01
11031931,80,5,for the manufacture of brewers' malt or beer,Fr. per 100 kg gross,1,13.00,2002-01-01
11031932,80,5,for animal feeding,Fr. per 100 kg gross,1,46.00,2002-01-01
11031939,80,5,other,Fr. per 100 kg gross,1,145.00,2002-01-01
,10,4,of other cereals:,,,,1995-07-01
11031991,80,5,for the manufacture of brewers' malt or beer,Fr. per 100 kg gross,1,16.00,1995-07-01
11031992,80,5,"containing wheat (including spelt), rye, meslin or Triticale, for human consumption",Fr. per 100 kg gross,1,145.00,1995-07-01
11031993,80,5,for animal feeding,Fr. per 100 kg gross,1,48.00,1995-07-01
11031999,80,5,other,Fr. per 100 kg gross,1,145.00,1995-07-01
110320,80,2,pellets:,,0,,2002-01-01
,10,3,of wheat:,,,,2002-01-01
11032011,80,4,for the manufacture of brewers' malt or beer,Fr. per 100 kg gross,1,37.00,2002-01-01
11032012,80,4,for animal feeding,Fr. per 100 kg gross,1,59.00,2002-01-01
11032019,80,4,other,Fr. per 100 kg gross,1,145.00,2002-01-01
,10,3,"of rye, meslin or triticale:",,,,2002-01-01
11032021,80,4,for the manufacture of brewers' malt or beer,Fr. per 100 kg gross,1,38.00,2002-01-01
11032022,80,4,for animal feeding,Fr. per 100 kg gross,1,60.00,2002-01-01
11032029,80,4,other,Fr. per 100 kg gross,1,145.00,2002-01-01
,10,3,of other cereals:,,,,2002-01-01
11032091,80,4,for the manufacture of brewers' malt or beer,Fr. per 100 kg gross,1,16.00,2002-01-01
11032092,80,4,for animal feeding,Fr. per 100 kg gross,1,55.00,2002-01-01
11032099,80,4,other,Fr. per 100 kg gross,1,145.00,2002-01-01
1104,80,1,"Cereal grains otherwise worked (for example, hulled, rolled, flaked, pearled, sliced or kibbled), except rice of heading 1006; germ of cereals, whole, rolled, flaked or ground:",,0,,1988-01-01
,10,2,rolled or flaked grains:,,,,1988-01-01
110412,80,3,of oats:,,0,,1988-01-01
11041210,80,4,for the manufacture of brewers' malt or beer,Fr. per 100 kg gross,1,16.00,1995-07-01
11041220,80,4,for animal feeding,Fr. per 100 kg gross,1,49.00,1995-07-01
11041290,80,4,other,Fr. per 100 kg gross,1,148.00,1995-07-01
110419,80,3,of other cereals:,,0,,1988-01-01
,10,4,"of wheat, rye, meslin or triticale:",,,,1995-07-01
11041911,80,5,for the manufacture of brewers' malt or beer,Fr. per 100 kg gross,1,37.00,1995-07-01
11041912,80,5,for animal feeding,Fr. per 100 kg gross,1,46.00,1995-07-01
11041919,80,5,other,Fr. per 100 kg gross,1,148.00,1995-07-01
,10,4,of barley:,,,,2002-01-01
11041921,80,5,for the manufacture of brewers' malt or beer,Fr. per 100 kg gross,1,16.00,2002-01-01
11041922,80,5,for animal feeding,Fr. per 100 kg gross,1,49.00,2002-01-01
11041929,80,5,other,Fr. per 100 kg gross,1,148.00,2002-01-01
,10,4,of other cereals:,,,,1995-07-01
11041991,80,5,for the manufacture of brewers' malt or beer,Fr. per 100 kg gross,1,16.00,1995-07-01
11041992,80,5,"containing wheat (including spelt), rye, meslin or Triticale, for human consumption",Fr. per 100 kg gross,1,148.00,1995-07-01
11041993,80,5,for animal feeding,Fr. per 100 kg gross,1,53.00,1995-07-01
11041999,80,5,other,Fr. per 100 kg gross,1,148.00,1995-07-01
,10,2,"other worked grains (for example, hulled, pearled, sliced or kibbled):",,,,1988-01-01
110422,80,3,of oats:,,0,,1988-01-01
11042210,80,4,for the manufacture of brewers' malt or beer,Fr. per 100 kg gross,1,16.00,1995-07-01
11042220,80,4,for human consumption,Fr. per 100 kg gross,1,148.00,1995-07-01
11042230,80,4,for animal feeding,Fr. per 100 kg gross,1,49.00,1995-07-01
11042290,80,4,other,Fr. per 100 kg gross,1,3.00,1995-07-01
110423,80,3,of maize (corn):,,0,,1988-01-01
11042310,80,4,for the manufacture of brewers' malt or beer,Fr. per 100 kg gross,1,16.00,1995-07-01
11042320,80,4,for animal feeding,Fr. per 100 kg gross,1,50.00,1995-07-01
11042390,80,4,other,Fr. per 100 kg gross,1,148.00,1995-07-01
110429,80,3,of other cereals:,,0,,1988-01-01
,10,4,"of wheat, rye, meslin or triticale:",,,,1995-07-01
11042911,80,5,for the manufacture of brewers' malt or beer,Fr. per 100 kg gross,1,37.00,1995-07-01
11042912,80,5,for animal feeding,Fr. per 100 kg gross,1,46.00,1995-07-01
,10,5,other:,,,,2008-07-01
11042913,80,6,of spelt,Fr. per 100 kg gross,1,148.00,2008-07-01
11042918,80,6,other,Fr. per 100 kg gross,1,148.00,2008-07-01
,10,4,of millet:,,,,1995-07-01
11042921,80,5,for the manufacture of brewers' malt or beer,Fr. per 100 kg gross,1,16.00,1995-07-01
11042922,80,5,for human consumption,Fr. per 100 kg gross,1,148.00,1995-07-01
11042923,80,5,for animal feeding,Fr. per 100 kg gross,1,47.00,1995-07-01
11042929,80,5,other,Fr. per 100 kg gross,1,3.00,1995-07-01
,10,4,of barley:,,,,2002-01-01
11042931,80,5,for the manufacture of brewers' malt or beer,Fr. per 100 kg gross,1,16.00,2002-01-01
11042932,80,5,for human consumption,Fr. per 100 kg gross,1,148.00,2002-01-01
11042933,80,5,for animal feeding,Fr. per 100 kg gross,1,49.00,2002-01-01
11042939,80,5,other,Fr. per 100 kg gross,1,3.00,2002-01-01
,10,4,of other cereals:,,,,1995-07-01
11042991,80,5,for the manufacture of brewers' malt or beer,Fr. per 100 kg gross,1,16.00,1995-07-01
11042992,80,5,"containing wheat (including spelt), rye, meslin or Triticale, for human consumption",Fr. per 100 kg gross,1,148.00,1995-07-01
11042993,80,5,for animal feeding,Fr. per 100 kg gross,1,53.00,1995-07-01
11042999,80,5,other,Fr. per 100 kg gross,1,148.00,1995-07-01
110430,80,2,"germ of cereals, whole, rolled, flaked or ground:",,0,,1988-01-01
,10,3,for the production of fats or oils for human consumption or for technical purposes:,,,,1995-07-01
,10,4,of maize (corn):,,,,1995-07-01
11043011,80,5,for extraction factories,Fr. per 100 kg gross,1,133.00,1995-07-01
11043012,80,5,for pressing factories,Fr. per 100 kg gross,1,133.00,1995-07-01
11043021,80,4,of wheat,Fr. per 100 kg gross,1,133.00,1995-07-01
11043039,80,4,other,Fr. per 100 kg gross,1,133.00,1995-07-01
11043070,80,3,for the production of fats or oils for animal feeding,Fr. per 100 kg gross,1,36.00,1995-07-01
,10,3,other:,,,,1988-01-01
,10,4,"of wheat (including spelt), rye, meslin or triticale:",,,,1988-01-01
11043081,80,5,for animal feeding,Fr. per 100 kg gross,1,148.00,1999-01-01
11043089,80,5,other,Fr. per 100 kg gross,1,148.00,1999-01-01
,10,4,other:,,,,1988-01-01
11043091,80,5,for the manufacture of brewers' malt or beer,Fr. per 100 kg gross,1,16.00,1995-07-01
11043092,80,5,for human consumption,Fr. per 100 kg gross,1,24.70,1995-07-01
11043093,80,5,for animal feeding,Fr. per 100 kg gross,1,27.00,1995-07-01
11043099,80,5,other,Fr. per 100 kg gross,1,3.00,1995-07-01
1105,80,1,"Flour, meal, powder, flakes, granules and pellets of potatoes:",,0,,1988-01-01
110510,80,2,"flour, meal and powder:",,0,,1996-01-01
,10,3,for human consumption:,,,,1996-01-01
11051011,80,4,within the limits of the tariff quota (Q. No. 14),Fr. per 100 kg gross,1,30.00,1996-01-01
11051019,80,4,other,Fr. per 100 kg gross,1,426.00,1996-01-01
11051021,80,3,for animal feeding,Fr. per 100 kg gross,1,32.00,1996-01-01
11051090,80,3,other,Fr. per 100 kg gross,1,76.50,1996-01-01
110520,80,2,"flakes, granules and pellets:",,0,,1988-01-01
,10,3,for human consumption:,,,,1995-07-01
11052011,80,4,within the limits of the tariff quota (Q. No. 14),Fr. per 100 kg gross,1,30.00,1995-07-01
11052019,80,4,other,Fr. per 100 kg gross,1,426.00,1995-07-01
11052021,80,3,for animal feeding,Fr. per 100 kg gross,1,34.00,1995-07-01
11052090,80,3,other,Fr. per 100 kg gross,1,76.50,1995-07-01
1106,80,1,"Flour, meal and powder of the dried leguminous vegetables of heading 0713, of sago or of roots or tubers of heading 0714 or of the products of Chapter 8:",,0,,1988-01-01
110610,80,2,of the dried leguminous vegetables of heading 0713:,,0,,1988-01-01
11061010,80,3,for animal feeding,Fr. per 100 kg gross,1,32.00,1996-01-01
11061090,80,3,other,Fr. per 100 kg gross,1,1.00,1996-01-01
110620,80,2,of sago or of roots or tubers of heading 0714:,,0,,1996-01-01
11062010,80,3,for animal feeding,Fr. per 100 kg gross,1,42.00,1996-01-01
11062090,80,3,other,Fr. per 100 kg gross,1,0.00,1996-01-01
110630,80,2,of the products of Chapter 8:,,0,,1988-01-01
11063010,80,3,for animal feeding,Fr. per 100 kg gross,1,32.00,1995-07-01
11063090,80,3,other,Fr. per 100 kg gross,1,0.00,1995-07-01
1107,80,1,"Malt, whether or not roasted:",,0,,1988-01-01
110710,80,2,not roasted:,,0,,1988-01-01
,10,3,not broken:,,,,1995-07-01
11071011,80,4,for making beer,Fr. per 100 kg gross,1,14.00,1995-07-01
11071012,80,4,for human consumption,Fr. per 100 kg gross,1,134.00,1995-07-01
11071013,80,4,for animal feeding,Fr. per 100 kg gross,1,40.00,1995-07-01
11071019,80,4,other,Fr. per 100 kg gross,1,0.50,1995-07-01
,10,3,other:,,,,1995-07-01
11071091,80,4,for making beer,Fr. per 100 kg gross,1,20.00,1995-07-01
,10,4,for human consumption:,,,,1995-07-01
11071092,80,5,"malt flour obtained from wheat (including spelt), rye, meslin or triticale",Fr. per 100 kg gross,1,138.00,1995-07-01
11071093,80,5,other,Fr. per 100 kg gross,1,134.00,1995-07-01
,10,4,other:,,,,1995-07-01
11071094,80,5,for animal feeding,Fr. per 100 kg gross,1,43.00,1995-07-01
11071099,80,5,other,Fr. per 100 kg gross,1,134.00,1995-07-01
110720,80,2,roasted:,,0,,1988-01-01
,10,3,not broken:,,,,1995-07-01
11072011,80,4,for making beer,Fr. per 100 kg gross,1,14.00,1995-07-01
11072012,80,4,for human consumption,Fr. per 100 kg gross,1,134.00,1995-07-01
11072013,80,4,for animal feeding,Fr. per 100 kg gross,1,40.00,1995-07-01
11072019,80,4,other,Fr. per 100 kg gross,1,0.50,1995-07-01
,10,3,other:,,,,1995-07-01
11072091,80,4,for making beer,Fr. per 100 kg gross,1,20.00,1995-07-01
,10,4,for human consumption:,,,,1995-07-01
11072092,80,5,"malt flour obtained from wheat (including spelt), rye, meslin or triticale",Fr. per 100 kg gross,1,138.00,1995-07-01
11072093,80,5,other,Fr. per 100 kg gross,1,134.00,1995-07-01
,10,4,other:,,,,1995-07-01
11072094,80,5,for animal feeding,Fr. per 100 kg gross,1,43.00,1995-07-01
11072099,80,5,other,Fr. per 100 kg gross,1,134.00,1995-07-01
1108,80,1,Starches; inulin:,,0,,1988-01-01
,10,2,starches:,,,,1988-01-01
110811,80,3,wheat starch:,,0,,1988-01-01
11081110,80,4,for making beer,Fr. per 100 kg gross,1,25.00,1995-07-01
11081120,80,4,for animal feeding,Fr. per 100 kg gross,1,44.00,1995-07-01
11081190,80,4,other,Fr. per 100 kg gross,1,3.00,1995-07-01
110812,80,3,maize (corn) starch:,,0,,1988-01-01
11081210,80,4,for making beer,Fr. per 100 kg gross,1,25.00,1995-07-01
11081220,80,4,for animal feeding,Fr. per 100 kg gross,1,44.00,1995-07-01
11081290,80,4,other,Fr. per 100 kg gross,1,2.50,1995-07-01
110813,80,3,potato starch:,,0,,1988-01-01
11081310,80,4,for making beer,Fr. per 100 kg gross,1,22.00,1995-07-01
11081320,80,4,for animal feeding,Fr. per 100 kg gross,1,44.00,1995-07-01
11081390,80,4,other,Fr. per 100 kg gross,1,2.00,1995-07-01
110814,80,3,manioc (cassava) starch:,,0,,1988-01-01
11081410,80,4,for making beer,Fr. per 100 kg gross,1,25.00,1995-07-01
11081420,80,4,for animal feeding,Fr. per 100 kg gross,1,40.00,1995-07-01
11081490,80,4,other,Fr. per 100 kg gross,1,2.00,1995-07-01
110819,80,3,other starches:,,0,,1988-01-01
,10,4,rice starch:,,,,1995-07-01
11081911,80,5,for making beer,Fr. per 100 kg gross,1,22.00,1995-07-01
11081912,80,5,for animal feeding,Fr. per 100 kg gross,1,44.00,1995-07-01
11081919,80,5,other,Fr. per 100 kg gross,1,2.00,1995-07-01
,10,4,other:,,,,1995-07-01
11081991,80,5,for making beer,Fr. per 100 kg gross,1,25.00,1995-07-01
11081992,80,5,for animal feeding,Fr. per 100 kg gross,1,44.00,1995-07-01
11081999,80,5,other,Fr. per 100 kg gross,1,3.00,1995-07-01
110820,80,2,inulin:,,0,,1988-01-01
11082010,80,3,for making beer,Fr. per 100 kg gross,1,25.00,1995-07-01
11082020,80,3,for animal feeding,Fr. per 100 kg gross,1,44.00,1995-07-01
11082090,80,3,other,Fr. per 100 kg gross,1,3.00,1995-07-01
11090000,80,1,"Wheat gluten, whether or not dried",Fr. per 100 kg gross,1,2.00,1988-01-01
12,80,0,"Oil seeds and oleaginous fruits; miscellaneous grains, seeds and fruit; industrial or medicinal plants; straw and fodder",,0,,1988-01-01
1201,80,1,"Soya beans, whether or not broken:",,0,,1988-01-01
12011000,80,2,seed,Fr. per 100 kg gross,1,49.00,2012-01-01
120190,80,2,other:,,0,,2012-01-01
12019010,80,3,"for animal feeding, except those for the production of oil",Fr. per 100 kg gross,1,39.00,2012-01-01
,10,3,for the production of oil:,,,,2012-01-01
12019021,80,4,for animal feeding,Fr. per 100 kg gross,1,39.00,2012-01-01
,10,4,for the production of oil fit for human consumption:,,,,2012-01-01
12019023,80,5,by extraction,Fr. per 100 kg gross,1,49.00,2012-01-01
12019024,80,5,by pressing,Fr. per 100 kg gross,1,49.00,2012-01-01
,10,4,other:,,,,2012-01-01
12019026,80,5,by extraction,Fr. per 100 kg gross,1,49.00,2012-01-01
12019027,80,5,by pressing,Fr. per 100 kg gross,1,49.00,2012-01-01
,10,3,other:,,,,2012-01-01
12019091,80,4,for the production of foodstuffs,Fr. per 100 kg gross,1,5.00,2012-01-01
12019099,80,4,other,Fr. per 100 kg gross,1,49.00,2012-01-01
1202,80,1,"Ground-nuts, not roasted or otherwise cooked, whether or not shelled or broken:",,0,,1988-01-01
12023000,80,2,seed,Fr. per 100 kg gross,1,71.00,2012-01-01
,10,2,other:,,,,2012-01-01
120241,80,3,in shell:,,0,,2012-01-01
12024110,80,4,"for animal feeding, except those for the production of oil",Fr. per 100 kg gross,1,44.00,2012-01-01
,10,4,for the production of oil:,,,,2012-01-01
12024121,80,5,for animal feeding,Fr. per 100 kg gross,1,44.00,2012-01-01
,10,5,for the production of oil fit for human consumption:,,,,2012-01-01
12024123,80,6,by extraction,Fr. per 100 kg gross,1,71.00,2012-01-01
12024124,80,6,by pressing,Fr. per 100 kg gross,1,71.00,2012-01-01
,10,5,other:,,,,2012-01-01
12024126,80,6,by extraction,Fr. per 100 kg gross,1,71.00,2012-01-01
12024127,80,6,by pressing,Fr. per 100 kg gross,1,71.00,2012-01-01
,10,4,other:,,,,2012-01-01
12024191,80,5,for human consumption,Fr. per 100 kg gross,1,0.00,2012-01-01
12024199,80,5,other,Fr. per 100 kg gross,1,71.00,2012-01-01
120242,80,3,"shelled, whether or not broken:",,0,,2012-01-01
12024210,80,4,"for animal feeding, except those for the production of oil",Fr. per 100 kg gross,1,44.00,2012-01-01
,10,4,for the production of oil:,,,,2012-01-01
12024221,80,5,for animal feeding,Fr. per 100 kg gross,1,44.00,2012-01-01
,10,5,for the production of oil fit for human consumption:,,,,2012-01-01
12024223,80,6,by extraction,Fr. per 100 kg gross,1,92.00,2012-01-01
12024224,80,6,by pressing,Fr. per 100 kg gross,1,92.00,2012-01-01
,10,5,other:,,,,2012-01-01
12024226,80,6,by extraction,Fr. per 100 kg gross,1,92.00,2012-01-01
12024227,80,6,by pressing,Fr. per 100 kg gross,1,92.00,2012-01-01
,10,4,other:,,,,2012-01-01
12024291,80,5,for human consumption,Fr. per 100 kg gross,1,0.00,2012-01-01
12024299,80,5,other,Fr. per 100 kg gross,1,92.00,2012-01-01
1203,80,1,Copra:,,0,,1988-01-01
12030010,80,2,"for animal feeding, except those for the production of oil",Fr. per 100 kg gross,1,43.00,1995-07-01
,10,2,for the production of oil:,,,,1995-07-01
12030021,80,3,for animal feeding,Fr. per 100 kg gross,1,43.00,1995-07-01
,10,3,for the production of oil fit for human consumption:,,,,1995-07-01
12030023,80,4,by extraction,Fr. per 100 kg gross,1,114.00,1995-07-01
12030024,80,4,by pressing,Fr. per 100 kg gross,1,114.00,1995-07-01
,10,3,other:,,,,1995-07-01
12030026,80,4,by extraction,Fr. per 100 kg gross,1,114.00,1995-07-01
12030027,80,4,by pressing,Fr. per 100 kg gross,1,114.00,1995-07-01
12030090,80,2,other,Fr. per 100 kg gross,1,114.00,1995-07-01
1204,80,1,"Linseed, whether or not broken:",,0,,1988-01-01
12040010,80,2,"for animal feeding, except those for the production of oil",Fr. per 100 kg gross,1,38.00,1995-07-01
,10,2,for the production of oil:,,,,1995-07-01
12040021,80,3,for animal feeding,Fr. per 100 kg gross,1,38.00,1995-07-01
,10,3,for the production of oil fit for human consumption:,,,,1995-07-01
12040023,80,4,by extraction,Fr. per 100 kg gross,1,73.00,1995-07-01
12040024,80,4,by pressing,Fr. per 100 kg gross,1,73.00,1995-07-01
,10,3,other:,,,,1995-07-01
12040026,80,4,by extraction,Fr. per 100 kg gross,1,73.00,1995-07-01
12040027,80,4,by pressing,Fr. per 100 kg gross,1,73.00,1995-07-01
,10,2,other:,,,,1995-07-01
12040091,80,3,for technical purposes,Fr. per 100 kg gross,1,0.00,1995-07-01
12040099,80,3,other,Fr. per 100 kg gross,1,73.00,1995-07-01
1205,80,1,"Rape or colza seeds, whether or not broken:",,0,,1988-01-01
120510,80,2,low erucic acid rape or colza seeds:,,0,,2002-01-01
,10,3,rape seeds:,,,,2002-01-01
12051010,80,4,"for animal feeding, except those for the production of oil",Fr. per 100 kg gross,1,44.00,2002-01-01
,10,4,for the production of oil:,,,,2002-01-01
12051021,80,5,for animal feeding,Fr. per 100 kg gross,1,44.00,2002-01-01
,10,5,for the production of oil fit for human consumption:,,,,2002-01-01
12051023,80,6,by extraction,Fr. per 100 kg gross,1,90.00,2002-01-01
12051024,80,6,by pressing,Fr. per 100 kg gross,1,90.00,2002-01-01
,10,5,other:,,,,2002-01-01
12051026,80,6,by extraction,Fr. per 100 kg gross,1,90.00,2002-01-01
12051027,80,6,by pressing,Fr. per 100 kg gross,1,90.00,2002-01-01
,10,4,other:,,,,2002-01-01
12051031,80,5,for human consumption,Fr. per 100 kg gross,1,90.00,2002-01-01
12051039,80,5,other,Fr. per 100 kg gross,1,90.00,2002-01-01
,10,3,colza seeds:,,,,2002-01-01
12051040,80,4,"for animal feeding, except those for the production of oil",Fr. per 100 kg gross,1,44.00,2002-01-01
,10,4,for the production of oil:,,,,2002-01-01
12051051,80,5,for animal feeding,Fr. per 100 kg gross,1,44.00,2002-01-01
,10,5,for the production of oil fit for human consumption:,,,,2002-01-01
12051053,80,6,by extraction,Fr. per 100 kg gross,1,90.00,2002-01-01
12051054,80,6,by pressing,Fr. per 100 kg gross,1,90.00,2002-01-01
,10,5,other:,,,,2002-01-01
12051056,80,6,by extraction,Fr. per 100 kg gross,1,90.00,2002-01-01
12051057,80,6,by pressing,Fr. per 100 kg gross,1,90.00,2002-01-01
,10,4,other:,,,,2002-01-01
12051061,80,5,for human consumption,Fr. per 100 kg gross,1,90.00,2002-01-01
12051069,80,5,other,Fr. per 100 kg gross,1,90.00,2002-01-01
120590,80,2,other:,,0,,2002-01-01
,10,3,rape seeds:,,,,2002-01-01
12059010,80,4,"for animal feeding, except those for the production of oil",Fr. per 100 kg gross,1,44.00,2002-01-01
,10,4,for the production of oil:,,,,2002-01-01
12059021,80,5,for animal feeding,Fr. per 100 kg gross,1,44.00,2002-01-01
,10,5,for the production of oil fit for human consumption:,,,,2002-01-01
12059023,80,6,by extraction,Fr. per 100 kg gross,1,90.00,2002-01-01
12059024,80,6,by pressing,Fr. per 100 kg gross,1,90.00,2002-01-01
,10,5,other:,,,,2002-01-01
12059026,80,6,by extraction,Fr. per 100 kg gross,1,90.00,2002-01-01
12059027,80,6,by pressing,Fr. per 100 kg gross,1,90.00,2002-01-01
,10,4,other:,,,,2002-01-01
12059031,80,5,for human consumption,Fr. per 100 kg gross,1,90.00,2002-01-01
12059039,80,5,other,Fr. per 100 kg gross,1,90.00,2002-01-01
,10,3,colza seeds:,,,,2002-01-01
12059040,80,4,"for animal feeding, except those for the production of oil",Fr. per 100 kg gross,1,44.00,2002-01-01
,10,4,for the production of oil:,,,,2002-01-01
12059051,80,5,for animal feeding,Fr. per 100 kg gross,1,44.00,2002-01-01
,10,5,for the production of oil fit for human consumption:,,,,2002-01-01
12059053,80,6,by extraction,Fr. per 100 kg gross,1,90.00,2002-01-01
12059054,80,6,by pressing,Fr. per 100 kg gross,1,90.00,2002-01-01
,10,5,other:,,,,2002-01-01
12059056,80,6,by extraction,Fr. per 100 kg gross,1,90.00,2002-01-01
12059057,80,6,by pressing,Fr. per 100 kg gross,1,90.00,2002-01-01
,10,4,other:,,,,2002-01-01
12059061,80,5,for human consumption,Fr. per 100 kg gross,1,90.00,2002-01-01
12059069,80,5,other,Fr. per 100 kg gross,1,90.00,2002-01-01
1206,80,1,"Sunflower seeds, whether or not broken:",,0,,1988-01-01
,10,2,not hulled:,,,,1995-07-01
12060010,80,3,"for animal feeding, except those for the production of oil",Fr. per 100 kg gross,1,43.00,1995-07-01
,10,3,for the production of oil:,,,,1995-07-01
12060021,80,4,for animal feeding,Fr. per 100 kg gross,1,43.00,1995-07-01
,10,4,for the production of oil fit for human consumption:,,,,1995-07-01
12060023,80,5,by extraction,Fr. per 100 kg gross,1,97.00,1995-07-01
12060024,80,5,by pressing,Fr. per 100 kg gross,1,97.00,1995-07-01
,10,4,other:,,,,1995-07-01
12060026,80,5,by extraction,Fr. per 100 kg gross,1,97.00,1995-07-01
12060027,80,5,by pressing,Fr. per 100 kg gross,1,97.00,1995-07-01
,10,3,other:,,,,1995-07-01
12060031,80,4,for human consumption,Fr. per 100 kg gross,1,97.00,1995-07-01
12060039,80,4,other,Fr. per 100 kg gross,1,97.00,1995-07-01
,10,2,hulled:,,,,1995-07-01
12060040,80,3,"for animal feeding, except those for the production of oil",Fr. per 100 kg gross,1,43.00,1995-07-01
,10,3,for the production of oil:,,,,1995-07-01
12060041,80,4,for animal feeding,Fr. per 100 kg gross,1,43.00,1995-07-01
,10,4,for the production of oil fit for human consumption:,,,,1995-07-01
12060053,80,5,by extraction,Fr. per 100 kg gross,1,97.00,1995-07-01
12060054,80,5,by pressing,Fr. per 100 kg gross,1,97.00,1995-07-01
,10,4,other:,,,,1995-07-01
12060056,80,5,by extraction,Fr. per 100 kg gross,1,97.00,1995-07-01
12060057,80,5,by pressing,Fr. per 100 kg gross,1,97.00,1995-07-01
,10,3,other:,,,,1995-07-01
12060061,80,4,for human consumption,Fr. per 100 kg gross,1,97.00,1995-07-01
12060069,80,4,other,Fr. per 100 kg gross,1,97.00,1995-07-01
1207,80,1,"Other oil seeds and oleaginous fruits, whether or not broken:",,0,,1988-01-01
120710,80,2,palm nuts and kernels:,,0,,2012-01-01
12071010,80,3,"for animal feeding, except those for the production of oil",Fr. per 100 kg gross,1,43.00,2012-01-01
,10,3,for the production of oil:,,,,2012-01-01
12071021,80,4,for animal feeding,Fr. per 100 kg gross,1,43.00,2012-01-01
,10,4,for the production of oil fit for human consumption:,,,,2012-01-01
12071023,80,5,by extraction,Fr. per 100 kg gross,1,91.00,2012-01-01
12071024,80,5,by pressing,Fr. per 100 kg gross,1,91.00,2012-01-01
,10,4,other:,,,,2012-01-01
12071026,80,5,by extraction,Fr. per 100 kg gross,1,91.00,2012-01-01
12071027,80,5,by pressing,Fr. per 100 kg gross,1,91.00,2012-01-01
,10,3,other:,,,,2012-01-01
12071091,80,4,for human consumption,Fr. per 100 kg gross,1,91.00,2012-01-01
12071099,80,4,other,Fr. per 100 kg gross,1,91.00,2012-01-01
,10,2,cotton seeds:,,,,2012-01-01
12072100,80,3,seed,Fr. per 100 kg gross,1,58.00,2012-01-01
120729,80,3,other:,,0,,2012-01-01
12072910,80,4,"for animal feeding, except those for the production of oil",Fr. per 100 kg gross,1,43.00,2012-01-01
,10,4,for the production of oil:,,,,2012-01-01
12072921,80,5,for animal feeding,Fr. per 100 kg gross,1,43.00,2012-01-01
,10,5,for the production of oil fit for human consumption:,,,,2012-01-01
12072923,80,6,by extraction,Fr. per 100 kg gross,1,58.00,2012-01-01
12072924,80,6,by pressing,Fr. per 100 kg gross,1,58.00,2012-01-01
,10,5,other:,,,,2012-01-01
12072926,80,6,by extraction,Fr. per 100 kg gross,1,58.00,2012-01-01
12072927,80,6,by pressing,Fr. per 100 kg gross,1,58.00,2012-01-01
,10,4,other:,,,,2012-01-01
12072991,80,5,for human consumption,Fr. per 100 kg gross,1,58.00,2012-01-01
12072999,80,5,other,Fr. per 100 kg gross,1,58.00,2012-01-01
120730,80,2,castor oil seeds:,,0,,2012-01-01
12073010,80,3,"for animal feeding, except those for the production of oil",Fr. per 100 kg gross,1,43.00,2012-01-01
,10,3,for the production of oil:,,,,2012-01-01
12073021,80,4,for animal feeding,Fr. per 100 kg gross,1,43.00,2012-01-01
,10,4,for the production of oil fit for human consumption:,,,,2012-01-01
12073023,80,5,by extraction,Fr. per 100 kg gross,1,95.00,2012-01-01
12073024,80,5,by pressing,Fr. per 100 kg gross,1,95.00,2012-01-01
,10,4,other:,,,,2012-01-01
12073026,80,5,by extraction,Fr. per 100 kg gross,1,95.00,2012-01-01
12073027,80,5,by pressing,Fr. per 100 kg gross,1,95.00,2012-01-01
,10,3,other:,,,,2012-01-01
12073091,80,4,for human consumption,Fr. per 100 kg gross,1,95.00,2012-01-01
12073099,80,4,other,Fr. per 100 kg gross,1,95.00,2012-01-01
120740,80,2,sesamum seeds:,,0,,1988-01-01
12074010,80,3,"for animal feeding, except those for the production of oil",Fr. per 100 kg gross,1,43.00,1995-07-01
,10,3,for the production of oil:,,,,1995-07-01
12074021,80,4,for animal feeding,Fr. per 100 kg gross,1,43.00,1995-07-01
,10,4,for the production of oil fit for human consumption:,,,,1995-07-01
12074023,80,5,by extraction,Fr. per 100 kg gross,1,102.00,1995-07-01
12074024,80,5,by pressing,Fr. per 100 kg gross,1,102.00,1995-07-01
,10,4,other:,,,,1995-07-01
12074026,80,5,by extraction,Fr. per 100 kg gross,1,102.00,1995-07-01
12074027,80,5,by pressing,Fr. per 100 kg gross,1,102.00,1995-07-01
,10,3,other:,,,,1995-07-01
12074091,80,4,for human consumption,Fr. per 100 kg gross,1,102.00,1995-07-01
12074099,80,4,other,Fr. per 100 kg gross,1,102.00,1995-07-01
120750,80,2,mustard seeds:,,0,,1988-01-01
12075010,80,3,"for animal feeding, except those for the production of oil",Fr. per 100 kg gross,1,43.00,1995-07-01
,10,3,for the production of oil:,,,,1995-07-01
12075021,80,4,for animal feeding,Fr. per 100 kg gross,1,43.00,1995-07-01
,10,4,for the production of oil fit for human consumption:,,,,1995-07-01
12075023,80,5,by extraction,Fr. per 100 kg gross,1,56.00,1995-07-01
12075024,80,5,by pressing,Fr. per 100 kg gross,1,56.00,1995-07-01
,10,4,other:,,,,1995-07-01
12075026,80,5,by extraction,Fr. per 100 kg gross,1,56.00,1995-07-01
12075027,80,5,by pressing,Fr. per 100 kg gross,1,56.00,1995-07-01
,10,3,other:,,,,1995-07-01
12075091,80,4,for human consumption,Fr. per 100 kg gross,1,56.00,1995-07-01
12075099,80,4,other,Fr. per 100 kg gross,1,56.00,1995-07-01
120760,80,2,safflower (Carthamus tinctorius) seeds:,,0,,2012-01-01
12076010,80,3,"for animal feeding, except those for the production of oil",Fr. per 100 kg gross,1,43.00,2012-01-01
,10,3,for the production of oil:,,,,2012-01-01
12076021,80,4,for animal feeding,Fr. per 100 kg gross,1,43.00,2012-01-01
,10,4,for the production of oil fit for human consumption:,,,,2012-01-01
12076023,80,5,by extraction,Fr. per 100 kg gross,1,65.00,2012-01-01
12076024,80,5,by pressing,Fr. per 100 kg gross,1,65.00,2012-01-01
,10,4,other:,,,,2012-01-01
12076026,80,5,by extraction,Fr. per 100 kg gross,1,65.00,2012-01-01
12076027,80,5,by pressing,Fr. per 100 kg gross,1,65.00,2012-01-01
,10,3,other:,,,,2012-01-01
12076091,80,4,for human consumption,Fr. per 100 kg gross,1,65.00,2012-01-01
12076099,80,4,other,Fr. per 100 kg gross,1,65.00,2012-01-01
120770,80,2,melon seeds:,,0,,2012-01-01
12077010,80,3,"for animal feeding, except those for the production of oil",Fr. per 100 kg gross,1,43.00,2012-01-01
,10,3,for the production of oil:,,,,2012-01-01
12077021,80,4,for animal feeding,Fr. per 100 kg gross,1,43.00,2012-01-01
,10,4,for the production of oil fit for human consumption:,,,,2012-01-01
12077023,80,5,by extraction,Fr. per 100 kg gross,1,103.00,2012-01-01
12077024,80,5,by pressing,Fr. per 100 kg gross,1,103.00,2012-01-01
,10,4,other:,,,,2012-01-01
12077026,80,5,by extraction,Fr. per 100 kg gross,1,103.00,2012-01-01
12077027,80,5,by pressing,Fr. per 100 kg gross,1,103.00,2012-01-01
,10,3,other:,,,,2012-01-01
12077091,80,4,for human consumption,Fr. per 100 kg gross,1,103.00,2012-01-01
12077099,80,4,other,Fr. per 100 kg gross,1,103.00,2012-01-01
,10,2,other:,,,,1988-01-01
120791,80,3,poppy seeds:,,0,,1988-01-01
12079111,80,4,"for animal feeding, except those for the production of oil",Fr. per 100 kg gross,1,43.00,1995-07-01
,10,4,for the production of oil:,,,,1995-07-01
12079113,80,5,for animal feeding,Fr. per 100 kg gross,1,43.00,1995-07-01
,10,5,for the production of oil fit for human consumption:,,,,1995-07-01
12079114,80,6,by extraction,Fr. per 100 kg gross,1,88.00,1995-07-01
12079115,80,6,by pressing,Fr. per 100 kg gross,1,88.00,1995-07-01
,10,5,other:,,,,1995-07-01
12079116,80,6,by extraction,Fr. per 100 kg gross,1,88.00,1995-07-01
12079117,80,6,by pressing,Fr. per 100 kg gross,1,88.00,1995-07-01
,10,4,other:,,,,1995-07-01
12079118,80,5,for human consumption,Fr. per 100 kg gross,1,88.00,1995-07-01
12079119,80,5,other,Fr. per 100 kg gross,1,88.00,1995-07-01
120799,80,3,other:,,0,,1988-01-01
,10,4,shea nuts (karite nuts):,,,,2002-01-01
12079921,80,5,"for animal feeding, except those for the production of oil",Fr. per 100 kg gross,1,43.00,2002-01-01
,10,5,for the production of oil:,,,,2002-01-01
12079922,80,6,for animal feeding,Fr. per 100 kg gross,1,43.00,2002-01-01
,10,6,for the production of oil fit for human consumption:,,,,2002-01-01
12079923,80,7,by extraction,Fr. per 100 kg gross,1,81.00,2002-01-01
12079924,80,7,by pressing,Fr. per 100 kg gross,1,81.00,2002-01-01
,10,6,other:,,,,2002-01-01
12079925,80,7,by extraction,Fr. per 100 kg gross,1,81.00,2002-01-01
12079926,80,7,by pressing,Fr. per 100 kg gross,1,81.00,2002-01-01
,10,5,other:,,,,2002-01-01
12079927,80,6,for human consumption,Fr. per 100 kg gross,1,81.00,2002-01-01
12079929,80,6,other,Fr. per 100 kg gross,1,81.00,2002-01-01
,10,4,other:,,,,2012-01-01
12079981,80,5,"for animal feeding, except those for the production of oil",Fr. per 100 kg gross,1,43.00,2012-01-01
,10,5,for the production of oil:,,,,2012-01-01
12079983,80,6,for animal feeding,Fr. per 100 kg gross,1,43.00,2012-01-01
,10,6,for the production of oil fit for human consumption:,,,,2012-01-01
12079984,80,7,by extraction,Fr. per 100 kg gross,1,103.00,2012-01-01
12079985,80,7,by pressing,Fr. per 100 kg gross,1,103.00,2012-01-01
,10,6,other:,,,,2012-01-01
12079986,80,7,by extraction,Fr. per 100 kg gross,1,103.00,2012-01-01
12079987,80,7,by pressing,Fr. per 100 kg gross,1,103.00,2012-01-01
,10,5,other:,,,,2012-01-01
12079988,80,6,for human consumption,Fr. per 100 kg gross,1,103.00,2012-01-01
12079989,80,6,other,Fr. per 100 kg gross,1,103.00,2012-01-01
1208,80,1,"Flours and meals of oil seeds or oleaginous fruits, other than those of mustard:",,0,,1988-01-01
120810,80,2,of soya beans:,,0,,1988-01-01
12081010,80,3,for animal feeding,Fr. per 100 kg gross,1,44.00,1995-07-01
12081090,80,3,other,Fr. per 100 kg gross,1,1.00,1995-07-01
120890,80,2,other:,,0,,1988-01-01
12089010,80,3,for animal feeding,Fr. per 100 kg gross,1,44.00,1995-07-01
12089090,80,3,other,Fr. per 100 kg gross,1,1.00,1995-07-01
1209,80,1,"Seeds, fruit and spores, of a kind used for sowing:",,0,,1988-01-01
120910,80,2,sugar beet seeds:,,0,,2002-01-01
12091010,80,3,for animal feeding,Fr. per 100 kg gross,1,43.00,2002-01-01
12091090,80,3,other,Fr. per 100 kg gross,1,0.00,2002-01-01
,10,2,seeds of forage plants:,,,,1988-01-01
12092100,80,3,lucerne (alfalfa) seeds,Fr. per 100 kg gross,1,26.00,1988-01-01
12092200,80,3,clover (Trifolium spp.) seeds,Fr. per 100 kg gross,1,26.00,1988-01-01
12092300,80,3,fescue seeds,Fr. per 100 kg gross,1,26.00,1988-01-01
12092400,80,3,Kentucky blue grass (Poa pratensis L.) seeds,Fr. per 100 kg gross,1,26.00,1988-01-01
12092500,80,3,"rye grass (Lolium multiflorum Lam., Lolium perenne L.) seeds",Fr. per 100 kg gross,1,26.00,1988-01-01
120929,80,3,other:,,0,,1988-01-01
,10,4,seeds of vetches or lupines:,,,,1995-07-01
12092911,80,5,for animal feeding,Fr. per 100 kg gross,1,37.00,1995-07-01
12092912,80,5,for technical purposes,Fr. per 100 kg gross,1,5.00,1995-07-01
12092919,80,5,other,Fr. per 100 kg gross,1,26.00,1995-07-01
12092960,80,4,timothy grass seed,Fr. per 100 kg gross,1,26.00,2007-01-01
12092970,80,4,seeds of fodder sugar beet seed and fodder beet,Fr. per 100 kg gross,1,26.00,2002-01-01
12092980,80,4,"seeds of cock's foot grass, yellow oat grass, tall oat grass, brome grass and the like",Fr. per 100 kg gross,1,26.00,1995-07-01
12092990,80,4,other,Fr. per 100 kg gross,1,0.00,1995-07-01
12093000,80,2,seeds of herbaceous plants cultivated principally for their flowers,Fr. per 100 kg gross,1,0.00,1988-01-01
,10,2,other:,,,,1988-01-01
12099100,80,3,vegetable seeds,Fr. per 100 kg gross,1,0.00,1988-01-01
120999,80,3,other:,,0,,1988-01-01
,10,4,tamarind seed:,,,,1995-07-01
12099911,80,5,for animal feeding,Fr. per 100 kg gross,1,43.00,1995-07-01
12099912,80,5,for technical purposes,Fr. per 100 kg gross,1,5.00,1995-07-01
12099919,80,5,other,Fr. per 100 kg gross,1,43.00,1995-07-01
,10,4,other:,,,,1996-01-01
12099991,80,5,for animal feeding,Fr. per 100 kg gross,1,43.00,1996-01-01
12099999,80,5,other,Fr. per 100 kg gross,1,0.00,1996-01-01
1210,80,1,"Hop cones, fresh or dried, whether or not ground, powdered or in the form of pellets; lupulin:",,0,,1988-01-01
12101000,80,2,"hop cones, neither ground nor powdered nor in the form of pellets",Fr. per 100 kg gross,1,0.00,1988-01-01
12102000,80,2,"hop cones, ground, powdered or in the form of pellets; lupulin",Fr. per 100 kg gross,1,0.00,1988-01-01
1211,80,1,"Plants and parts of plants (including seeds and fruits), of a kind used primarily in perfumery, in pharmacy or for insecticidal, fungicidal or similar purposes, fresh, chilled, frozen or dried, whether or not cut, crushed or powdered:",,0,,1988-01-01
12112000,80,2,ginseng roots,Fr. per 100 kg gross,1,0.00,2002-01-01
12113000,80,2,coca leaf,Fr. per 100 kg gross,1,0.00,2002-01-01
12114000,80,2,poppy straw,Fr. per 100 kg gross,1,0.00,2002-01-01
12115000,80,2,ephedra,Fr. per 100 kg gross,1,0.00,2017-01-01
12116000,80,2,bark of African cherry (Prunus africana),Fr. per 100 kg gross,1,0.00,2022-01-01
12119000,80,2,other,Fr. per 100 kg gross,1,0.00,2002-01-01
1212,80,1,"Locust beans, seaweeds and other algae, sugar beet and sugar cane, fresh, chilled, frozen or dried, whether or not ground; fruit stones and kernels and other vegetable products (including unroasted chicory roots of the variety Cichorium intybus sativum) of a kind used primarily for human consumption, not elsewhere specified or included:",,0,,1988-01-01
,10,2,seaweeds and other algae:,,,,2012-01-01
12122100,80,3,fit for human consumption,Fr. per 100 kg gross,1,0.00,2012-01-01
121229,80,3,other:,,0,,2012-01-01
12122910,80,4,flours and meals for animal feeding,Fr. per 100 kg gross,1,19.00,2012-01-01
12122990,80,4,other,Fr. per 100 kg gross,1,0.00,2012-01-01
,10,2,other:,,,,1988-01-01
121291,80,3,sugar beet:,,0,,1988-01-01
12129110,80,4,for animal feeding,Fr. per 100 kg gross,1,31.00,1995-07-01
12129190,80,4,other,Fr. per 100 kg gross,1,0.00,1995-07-01
121292,80,3,locust beans (carob):,,0,,2012-01-01
12129210,80,4,locust bean seeds,Fr. per 100 kg gross,1,0.00,2012-01-01
,10,4,other:,,,,2012-01-01
12129291,80,5,for animal feeding,Fr. per 100 kg gross,1,22.00,2012-01-01
12129299,80,5,other,Fr. per 100 kg gross,1,0.00,2012-01-01
121293,80,3,sugar cane:,,0,,2012-01-01
12129310,80,4,for animal feeding,Fr. per 100 kg gross,1,40.50,2012-01-01
12129390,80,4,other,Fr. per 100 kg gross,1,0.00,2012-01-01
121294,80,3,chicory roots:,,0,,2012-01-01
12129410,80,4,for animal feeding,Fr. per 100 kg gross,1,26.00,2012-01-01
12129490,80,4,other,Fr. per 100 kg gross,1,0.00,2012-01-01
121299,80,3,other:,,0,,1988-01-01
12129920,80,4,for animal feeding,Fr. per 100 kg gross,1,40.50,2012-01-01
12129990,80,4,other,Fr. per 100 kg gross,1,0.00,2012-01-01
1213,80,1,"Cereal straw and husks, unprepared, whether or not chopped, ground, pressed or in the form of pellets:",,0,,1988-01-01
12130010,80,2,for technical purposes,Fr. per 100 kg gross,1,0.00,1995-07-01
,10,2,other:,,,,1995-07-01
12130091,80,3,"straw, unprepared",Fr. per 100 kg gross,1,18.00,1995-07-01
12130099,80,3,other,Fr. per 100 kg gross,1,18.00,1995-07-01
1214,80,1,"Swedes, mangolds, fodder roots, hay, lucerne (alfalfa), clover, sainfoin, forage kale, lupines, vetches and similar forage products, whether or not in the form of pellets:",,0,,1988-01-01
121410,80,2,lucerne (alfalfa) meal and pellets:,,0,,1988-01-01
12141010,80,3,for animal feeding,Fr. per 100 kg gross,1,29.00,1995-07-01
12141090,80,3,other,Fr. per 100 kg gross,1,0.00,1995-07-01
121490,80,2,other:,,0,,1988-01-01
,10,3,for animal feeding:,,,,1995-07-01
12149011,80,4,"hay, unprepared",Fr. per 100 kg gross,1,18.00,1995-07-01
12149019,80,4,other,Fr. per 100 kg gross,1,18.00,1995-07-01
12149090,80,3,other,Fr. per 100 kg gross,1,0.00,1995-07-01
13,80,0,"Lac; gums, resins and other vegetable saps and extracts",,0,,1988-01-01
1301,80,1,"Lac; natural gums, resins, gum-resins and oleoresins (for example, balsams):",,0,,1988-01-01
13012000,80,2,gum arabic,Fr. per 100 kg gross,1,0.00,1988-01-01
130190,80,2,other:,,0,,1988-01-01
13019010,80,3,natural balsams,Fr. per 100 kg gross,1,0.00,1988-01-01
13019080,80,3,other,Fr. per 100 kg gross,1,0.00,2007-01-01
1302,80,1,"Vegetable saps and extracts; pectic substances, pectinates and pectates; agar-agar and other mucilages and thickeners, whether or not modified, derived from vegetable products:",,0,,1988-01-01
,10,2,vegetable saps and extracts:,,,,1988-01-01
13021100,80,3,opium,Fr. per 100 kg gross,1,0.00,1988-01-01
13021200,80,3,of liquorice,Fr. per 100 kg gross,1,0.00,1988-01-01
13021300,80,3,of hops,Fr. per 100 kg gross,1,0.00,1988-01-01
13021400,80,3,of ephedra,Fr. per 100 kg gross,1,0.00,2017-01-01
13021900,80,3,other,Fr. per 100 kg gross,1,0.00,2017-01-01
130220,80,2,"pectic substances, pectinates and pectates:",,0,,1988-01-01
,10,3,solid pectin:,,,,1995-07-01
13022011,80,4,"for amidation, hydrolysis, saponification or standardisation",Fr. per 100 kg gross,1,128.00,1995-07-01
13022019,80,4,other,Fr. per 100 kg gross,1,570.00,1995-07-01
,10,3,liquid pectin:,,,,1995-07-01
13022021,80,4,"for amidation, hydrolysis, saponification or standardisation",Fr. per 100 kg gross,1,46.80,1995-07-01
13022029,80,4,other,Fr. per 100 kg gross,1,66.00,1995-07-01
13022090,80,3,other,Fr. per 100 kg gross,1,0.00,1988-01-01
,10,2,"mucilages and thickeners, whether or not modified, derived from vegetable products:",,,,1988-01-01
13023100,80,3,agar-agar,Fr. per 100 kg gross,1,0.00,1988-01-01
130232,80,3,"mucilages and thickeners, whether or not modified, derived from locust beans, locust bean seeds or guar seeds:",,0,,1988-01-01
13023210,80,4,for technical purposes,Fr. per 100 kg gross,1,0.00,1988-01-01
13023290,80,4,other,Fr. per 100 kg gross,1,0.00,1988-01-01
13023900,80,3,other,Fr. per 100 kg gross,1,0.00,1988-01-01
14,80,0,Vegetable plaiting materials; vegetable products not elsewhere specified or included,,0,,1988-01-01
1401,80,1,"Vegetable materials of a kind used primarily for plaiting (for example, bamboos, rattans, reeds, rushes, osier, raffia, cleaned, bleached or dyed cereal straw, and lime bark):",,0,,1988-01-01
14011000,80,2,bamboos,Fr. per 100 kg gross,1,0.00,1988-01-01
14012000,80,2,rattans,Fr. per 100 kg gross,1,0.00,1988-01-01
14019000,80,2,other,Fr. per 100 kg gross,1,0.00,1988-01-01
1404,80,1,Vegetable products not elsewhere specified or included:,,0,,1988-01-01
140420,80,2,cotton linters:,,0,,1988-01-01
14042010,80,3,unworked,Fr. per 100 kg gross,1,0.00,1988-01-01
14042090,80,3,other,Fr. per 100 kg gross,1,5.00,1988-01-01
140490,80,2,other:,,0,,1988-01-01
14049010,80,3,"date stones, products and waste thereof and broken guar seeds, for animal feeding",Fr. per 100 kg gross,1,20.00,1995-07-01
14049080,80,3,other,Fr. per 100 kg gross,1,0.00,2007-01-01
15,80,0,"Animal, vegetable or microbial fats and oils and their cleavage products; prepared edible fats; animal or vegetable waxes",,0,,1988-01-01
1501,80,1,"Pig fat (including lard) and poultry fat, other than that of heading 0209 or 1503:",,0,,1988-01-01
150110,80,2,lard:,,0,,2012-01-01
,10,3,for animal feeding:,,,,2012-01-01
15011011,80,4,crude,Fr. per 100 kg gross,1,86.00,2012-01-01
15011019,80,4,other,Fr. per 100 kg gross,1,86.00,2012-01-01
,10,3,other:,,,,2012-01-01
15011091,80,4,in tanks or metal drums,Fr. per 100 kg gross,1,197.00,2012-01-01
15011099,80,4,other,Fr. per 100 kg gross,1,197.00,2012-01-01
150120,80,2,other pig fat:,,0,,2012-01-01
,10,3,for animal feeding:,,,,2012-01-01
15012011,80,4,crude,Fr. per 100 kg gross,1,86.00,2012-01-01
15012019,80,4,other,Fr. per 100 kg gross,1,86.00,2012-01-01
,10,3,other:,,,,2012-01-01
15012091,80,4,in tanks or metal drums,Fr. per 100 kg gross,1,197.00,2012-01-01
15012099,80,4,other,Fr. per 100 kg gross,1,197.00,2012-01-01
150190,80,2,other:,,0,,2012-01-01
,10,3,for animal feeding:,,,,2012-01-01
15019011,80,4,crude,Fr. per 100 kg gross,1,93.00,2012-01-01
15019019,80,4,other,Fr. per 100 kg gross,1,93.00,2012-01-01
,10,3,other:,,,,2012-01-01
15019091,80,4,in tanks or metal drums,Fr. per 100 kg gross,1,197.00,2012-01-01
15019099,80,4,other,Fr. per 100 kg gross,1,197.00,2012-01-01
1502,80,1,"Fats of bovine animals, sheep or goats, other than those of heading 1503:",,0,,1988-01-01
150210,80,2,tallow:,,0,,2012-01-01
,10,3,for animal feeding:,,,,2012-01-01
15021011,80,4,crude,Fr. per 100 kg gross,1,83.00,2012-01-01
15021019,80,4,other,Fr. per 100 kg gross,1,83.00,2012-01-01
,10,3,other:,,,,2012-01-01
15021091,80,4,in tanks or metal drums,Fr. per 100 kg gross,1,186.00,2012-01-01
15021099,80,4,other,Fr. per 100 kg gross,1,186.00,2012-01-01
150290,80,2,other:,,0,,2012-01-01
,10,3,for animal feeding:,,,,2012-01-01
15029011,80,4,not rendered or otherwise extracted,Fr. per 100 kg gross,1,83.00,2012-01-01
,10,4,other:,,,,2012-01-01
15029012,80,5,unworked,Fr. per 100 kg gross,1,83.00,2012-01-01
15029019,80,5,other,Fr. per 100 kg gross,1,83.00,2012-01-01
,10,3,other:,,,,2012-01-01
15029091,80,4,in tanks or metal drums,Fr. per 100 kg gross,1,186.00,2012-01-01
15029099,80,4,other,Fr. per 100 kg gross,1,186.00,2012-01-01
1503,80,1,"Lard stearin, lard oil, oleostearin, oleo-oil and tallow oil, not emulsified or mixed or otherwise prepared:",,0,,1988-01-01
15030010,80,2,for animal feeding,Fr. per 100 kg gross,1,83.00,1995-07-01
,10,2,other:,,,,1995-07-01
15030091,80,3,in tanks or metal drums,Fr. per 100 kg gross,1,186.00,1995-07-01
15030099,80,3,other,Fr. per 100 kg gross,1,186.00,1995-07-01
1504,80,1,"Fats and oils and their fractions, of fish or marine mammals, whether or not refined, but not chemically modified:",,0,,1988-01-01
150410,80,2,fish-liver oils and their fractions:,,0,,1988-01-01
15041010,80,3,medicinal cod-liver oil,Fr. per 100 kg gross,1,186.00,1995-07-01
,10,3,other:,,,,1995-07-01
15041091,80,4,for animal feeding,Fr. per 100 kg gross,1,186.00,1995-07-01
,10,4,other:,,,,1995-07-01
15041098,80,5,in tanks or metal drums,Fr. per 100 kg gross,1,186.00,1995-07-01
15041099,80,5,other,Fr. per 100 kg gross,1,186.00,1995-07-01
150420,80,2,"fats and oils and their fractions, of fish, other than liver oils:",,0,,1988-01-01
15042010,80,3,for animal feeding,Fr. per 100 kg gross,1,186.00,1995-07-01
,10,3,other:,,,,1995-07-01
15042091,80,4,in tanks or metal drums,Fr. per 100 kg gross,1,186.00,1995-07-01
15042099,80,4,other,Fr. per 100 kg gross,1,186.00,1995-07-01
150430,80,2,"fats and oils and their fractions, of marine mammals:",,0,,1988-01-01
15043010,80,3,for animal feeding,Fr. per 100 kg gross,1,186.00,1995-07-01
,10,3,other:,,,,1995-07-01
15043091,80,4,in tanks or metal drums,Fr. per 100 kg gross,1,186.00,1995-07-01
15043099,80,4,other,Fr. per 100 kg gross,1,186.00,1995-07-01
1505,80,1,Wool grease and fatty substances derived therefrom (including lanolin):,,0,,1988-01-01
,10,2,"wool grease, crude:",,,,2002-01-01
15050011,80,3,for animal feeding,Fr. per 100 kg gross,1,83.00,2002-01-01
15050019,80,3,other,Fr. per 100 kg gross,1,0.00,2002-01-01
,10,2,other:,,,,2002-01-01
15050091,80,3,for animal feeding,Fr. per 100 kg gross,1,83.00,2002-01-01
15050099,80,3,other,Fr. per 100 kg gross,1,3.00,2002-01-01
1506,80,1,"Other animal fats and oils and their fractions, whether or not refined, but not chemically modified:",,0,,1988-01-01
,10,2,for animal feeding:,,,,1997-01-01
15060011,80,3,not rendered or otherwise extracted,Fr. per 100 kg gross,1,61.00,1997-01-01
,10,3,other:,,,,1997-01-01
15060012,80,4,crude,Fr. per 100 kg gross,1,61.00,1997-01-01
15060019,80,4,other,Fr. per 100 kg gross,1,61.00,1997-01-01
,10,2,other:,,,,1995-07-01
15060091,80,3,in tanks or metal drums,Fr. per 100 kg gross,1,170.00,1995-07-01
15060099,80,3,other,Fr. per 100 kg gross,1,170.00,1995-07-01
1507,80,1,"Soya-bean oil and its fractions, whether or not refined, but not chemically modified:",,0,,1988-01-01
150710,80,2,"crude oil, whether or not degummed:",,0,,1988-01-01
15071010,80,3,for animal feeding,Fr. per 100 kg gross,1,72.00,1995-07-01
15071090,80,3,other,Fr. per 100 kg gross,1,145.00,1995-07-01
150790,80,2,other:,,0,,1988-01-01
,10,3,fractions having a fusion point higher than that of soya-bean oil:,,,,1995-07-01
15079011,80,4,for animal feeding,Fr. per 100 kg gross,1,86.00,1995-07-01
,10,4,other:,,,,1995-07-01
15079018,80,5,in tanks or metal drums,Fr. per 100 kg gross,1,200.00,1995-07-01
15079019,80,5,other,Fr. per 100 kg gross,1,200.00,1995-07-01
,10,3,other:,,,,1995-07-01
15079091,80,4,for animal feeding,Fr. per 100 kg gross,1,74.00,1995-07-01
,10,4,other:,,,,1995-07-01
15079098,80,5,in tanks or metal drums,Fr. per 100 kg gross,1,168.00,1995-07-01
15079099,80,5,other,Fr. per 100 kg gross,1,168.00,1995-07-01
1508,80,1,"Ground-nut oil and its fractions, whether or not refined, but not chemically modified:",,0,,1988-01-01
150810,80,2,crude oil:,,0,,1988-01-01
15081010,80,3,for animal feeding,Fr. per 100 kg gross,1,79.00,1995-07-01
15081090,80,3,other,Fr. per 100 kg gross,1,159.00,1995-07-01
150890,80,2,other:,,0,,1988-01-01
,10,3,fractions having a fusion point higher than that of ground-nut oil:,,,,1995-07-01
15089011,80,4,for animal feeding,Fr. per 100 kg gross,1,86.00,1995-07-01
,10,4,other:,,,,1995-07-01
15089018,80,5,in tanks or metal drums,Fr. per 100 kg gross,1,200.00,1995-07-01
15089019,80,5,other,Fr. per 100 kg gross,1,200.00,1995-07-01
,10,3,other:,,,,1995-07-01
15089091,80,4,for animal feeding,Fr. per 100 kg gross,1,81.00,1995-07-01
,10,4,other:,,,,1995-07-01
15089098,80,5,in tanks or metal drums,Fr. per 100 kg gross,1,184.00,1995-07-01
15089099,80,5,other,Fr. per 100 kg gross,1,184.00,1995-07-01
1509,80,1,"Olive oil and its fractions, whether or not refined, but not chemically modified:",,0,,1988-01-01
150920,80,2,extra virgin olive oil:,,0,,2022-01-01
15092010,80,3,for animal feeding,Fr. per 100 kg gross,1,171.00,2022-01-01
,10,3,other:,,,,2022-01-01
15092091,80,4,in glass containers holding not more than 2 litres,Fr. per 100 kg gross,1,171.00,2022-01-01
15092099,80,4,other,Fr. per 100 kg gross,1,171.00,2022-01-01
150930,80,2,virgin olive oil:,,0,,2022-01-01
15093010,80,3,for animal feeding,Fr. per 100 kg gross,1,171.00,2022-01-01
,10,3,other:,,,,2022-01-01
15093091,80,4,in glass containers holding not more than 2 litres,Fr. per 100 kg gross,1,171.00,2022-01-01
15093099,80,4,other,Fr. per 100 kg gross,1,171.00,2022-01-01
150940,80,2,other virgin olive oils:,,0,,2022-01-01
15094010,80,3,for animal feeding,Fr. per 100 kg gross,1,171.00,2022-01-01
,10,3,other:,,,,2022-01-01
15094091,80,4,in glass containers holding not more than 2 litres,Fr. per 100 kg gross,1,171.00,2022-01-01
15094099,80,4,other,Fr. per 100 kg gross,1,171.00,2022-01-01
150990,80,2,other:,,0,,1988-01-01
15099010,80,3,for animal feeding,Fr. per 100 kg gross,1,171.00,1995-07-01
,10,3,other:,,,,1995-07-01
15099091,80,4,in glass containers holding not more than 2 litres,Fr. per 100 kg gross,1,171.00,1995-07-01
15099099,80,4,other,Fr. per 100 kg gross,1,171.00,1995-07-01
1510,80,1,"Other oils and their fractions, obtained solely from olives, whether or not refined, but not chemically modified, including blends of these oils or fractions with oils or fractions of heading 1509:",,0,,1988-01-01
151010,80,2,crude olive pomace oil:,,0,,2022-01-01
15101010,80,3,for animal feeding,Fr. per 100 kg gross,1,171.00,2022-01-01
15101090,80,3,other,Fr. per 100 kg gross,1,171.00,2022-01-01
151090,80,2,other:,,0,,2022-01-01
15109010,80,3,for animal feeding,Fr. per 100 kg gross,1,171.00,2022-01-01
,10,3,other:,,,,2022-01-01
15109091,80,4,unworked,Fr. per 100 kg gross,1,171.00,2022-01-01
15109099,80,4,other,Fr. per 100 kg gross,1,171.00,2022-01-01
1511,80,1,"Palm oil and its fractions, whether or not refined, but not chemically modified:",,0,,1988-01-01
151110,80,2,crude oil:,,0,,1988-01-01
15111010,80,3,for animal feeding,Fr. per 100 kg gross,1,79.00,1995-07-01
15111090,80,3,other,Fr. per 100 kg gross,1,146.00,1995-07-01
151190,80,2,other:,,0,,1988-01-01
,10,3,fractions having a fusion point higher than that of palm oil:,,,,1995-07-01
15119011,80,4,for animal feeding,Fr. per 100 kg gross,1,86.00,1995-07-01
,10,4,other:,,,,1995-07-01
15119018,80,5,in tanks or metal drums,Fr. per 100 kg gross,1,200.00,1995-07-01
15119019,80,5,other,Fr. per 100 kg gross,1,200.00,1995-07-01
,10,3,other:,,,,1995-07-01
15119091,80,4,for animal feeding,Fr. per 100 kg gross,1,74.00,1995-07-01
,10,4,other:,,,,1995-07-01
15119098,80,5,in tanks or metal drums,Fr. per 100 kg gross,1,168.00,1995-07-01
15119099,80,5,other,Fr. per 100 kg gross,1,168.00,1995-07-01
1512,80,1,"Sunflower-seed, safflower or cotton-seed oil and fractions thereof, whether or not refined, but not chemically modified:",,0,,1988-01-01
,10,2,sunflower-seed or safflower oil and fractions thereof:,,,,1988-01-01
151211,80,3,crude oil:,,0,,1988-01-01
15121110,80,4,for animal feeding,Fr. per 100 kg gross,1,74.00,1995-07-01
15121190,80,4,other,Fr. per 100 kg gross,1,145.00,1995-07-01
151219,80,3,other:,,0,,1988-01-01
,10,4,fractions having a fusion point higher than that of sunflower-seed oil or safflower oil:,,,,1995-07-01
15121911,80,5,for animal feeding,Fr. per 100 kg gross,1,86.00,1995-07-01
,10,5,other:,,,,1995-07-01
15121918,80,6,in tanks or metal drums,Fr. per 100 kg gross,1,200.00,1995-07-01
15121919,80,6,other,Fr. per 100 kg gross,1,200.00,1995-07-01
,10,4,other:,,,,1995-07-01
15121991,80,5,for animal feeding,Fr. per 100 kg gross,1,81.00,1995-07-01
,10,5,other:,,,,1995-07-01
15121998,80,6,in tanks or metal drums,Fr. per 100 kg gross,1,184.00,1995-07-01
15121999,80,6,other,Fr. per 100 kg gross,1,184.00,1995-07-01
,10,2,cotton-seed oil and its fractions:,,,,1988-01-01
151221,80,3,"crude oil, whether or not gossypol has been removed:",,0,,1988-01-01
15122110,80,4,for animal feeding,Fr. per 100 kg gross,1,79.00,1995-07-01
15122190,80,4,other,Fr. per 100 kg gross,1,159.00,1995-07-01
151229,80,3,other:,,0,,1988-01-01
15122910,80,4,for animal feeding,Fr. per 100 kg gross,1,81.00,1995-07-01
,10,4,other:,,,,1995-07-01
15122991,80,5,in tanks or metal drums,Fr. per 100 kg gross,1,184.00,1995-07-01
15122999,80,5,other,Fr. per 100 kg gross,1,184.00,1995-07-01
1513,80,1,"Coconut (copra), palm kernel or babassu oil and fractions thereof, whether or not refined, but not chemically modified:",,0,,1988-01-01
,10,2,coconut (copra) oil and its fractions:,,,,1988-01-01
151311,80,3,crude oil:,,0,,1988-01-01
15131110,80,4,for animal feeding,Fr. per 100 kg gross,1,79.00,1995-07-01
15131190,80,4,other,Fr. per 100 kg gross,1,155.00,1995-07-01
151319,80,3,other:,,0,,1988-01-01
,10,4,fractions having a fusion point higher than that of coconut (copra) oil:,,,,1995-07-01
15131911,80,5,for animal feeding,Fr. per 100 kg gross,1,86.00,1995-07-01
,10,5,other:,,,,1995-07-01
15131918,80,6,in tanks or metal drums,Fr. per 100 kg gross,1,200.00,1995-07-01
15131919,80,6,other,Fr. per 100 kg gross,1,200.00,1995-07-01
,10,4,other:,,,,1995-07-01
15131991,80,5,for animal feeding,Fr. per 100 kg gross,1,85.00,1995-07-01
,10,5,other:,,,,1995-07-01
15131998,80,6,in tanks or metal drums,Fr. per 100 kg gross,1,180.00,1995-07-01
15131999,80,6,other,Fr. per 100 kg gross,1,180.00,1995-07-01
,10,2,palm kernel or babassu oil and fractions thereof:,,,,1988-01-01
151321,80,3,crude oil:,,0,,1988-01-01
15132110,80,4,for animal feeding,Fr. per 100 kg gross,1,79.00,1995-07-01
15132190,80,4,other,Fr. per 100 kg gross,1,155.00,1995-07-01
151329,80,3,other:,,0,,1988-01-01
,10,4,fractions having a fusion point higher than that of palm kernel or babassu oil:,,,,1995-07-01
15132911,80,5,for animal feeding,Fr. per 100 kg gross,1,86.00,1995-07-01
,10,5,other:,,,,1995-07-01
15132918,80,6,in tanks or metal drums,Fr. per 100 kg gross,1,200.00,1995-07-01
15132919,80,6,other,Fr. per 100 kg gross,1,200.00,1995-07-01
,10,4,other:,,,,1995-07-01
15132991,80,5,for animal feeding,Fr. per 100 kg gross,1,93.00,1995-07-01
,10,5,other:,,,,1995-07-01
15132998,80,6,in tanks or metal drums,Fr. per 100 kg gross,1,184.00,1995-07-01
15132999,80,6,other,Fr. per 100 kg gross,1,184.00,1995-07-01
1514,80,1,"Rape, colza or mustard oil and fractions thereof, whether or not refined, but not chemically modified:",,0,,1988-01-01
,10,2,low erucic acid rape or colza oil and its fractions:,,,,2002-01-01
151411,80,3,crude oil:,,0,,2002-01-01
15141110,80,4,for animal feeding,Fr. per 100 kg gross,1,72.00,2002-01-01
15141190,80,4,other,Fr. per 100 kg gross,1,145.00,2002-01-01
151419,80,3,other:,,0,,2002-01-01
15141910,80,4,for animal feeding,Fr. per 100 kg gross,1,74.00,2002-01-01
,10,4,other:,,,,2002-01-01
15141991,80,5,in tanks or metal drums,Fr. per 100 kg gross,1,168.00,2002-01-01
15141999,80,5,other,Fr. per 100 kg gross,1,168.00,2002-01-01
,10,2,other:,,,,2002-01-01
151491,80,3,crude oil:,,0,,2002-01-01
15149110,80,4,for animal feeding,Fr. per 100 kg gross,1,72.00,2002-01-01
15149190,80,4,other,Fr. per 100 kg gross,1,145.00,2002-01-01
151499,80,3,other:,,0,,2002-01-01
15149910,80,4,for animal feeding,Fr. per 100 kg gross,1,74.00,2002-01-01
,10,4,other:,,,,2002-01-01
15149991,80,5,in tanks or metal drums,Fr. per 100 kg gross,1,168.00,2002-01-01
15149999,80,5,other,Fr. per 100 kg gross,1,168.00,2002-01-01
1515,80,1,"Other fixed vegetable or microbial fats and oils (including jojoba oil) and their fractions, whether or not refined, but not chemically modified:",,0,,1988-01-01
,10,2,linseed oil and its fractions:,,,,1988-01-01
151511,80,3,crude oil:,,0,,1988-01-01
15151110,80,4,for animal feeding,Fr. per 100 kg gross,1,79.00,1995-07-01
15151190,80,4,other,Fr. per 100 kg gross,1,159.00,1995-07-01
151519,80,3,other:,,0,,1988-01-01
15151910,80,4,for animal feeding,Fr. per 100 kg gross,1,81.00,1995-07-01
,10,4,other:,,,,1995-07-01
15151991,80,5,in tanks or metal drums,Fr. per 100 kg gross,1,184.00,1995-07-01
15151999,80,5,other,Fr. per 100 kg gross,1,184.00,1995-07-01
,10,2,maize (corn) oil and its fractions:,,,,1988-01-01
151521,80,3,crude oil:,,0,,1988-01-01
15152110,80,4,for animal feeding,Fr. per 100 kg gross,1,79.00,1995-07-01
15152190,80,4,other,Fr. per 100 kg gross,1,159.00,1995-07-01
151529,80,3,other:,,0,,1988-01-01
15152910,80,4,for animal feeding,Fr. per 100 kg gross,1,81.00,1995-07-01
,10,4,other:,,,,1995-07-01
15152991,80,5,in tanks or metal drums,Fr. per 100 kg gross,1,184.00,1995-07-01
15152999,80,5,other,Fr. per 100 kg gross,1,184.00,1995-07-01
151530,80,2,castor oil and its fractions:,,0,,1988-01-01
15153010,80,3,for animal feeding,Fr. per 100 kg gross,1,81.00,1995-07-01
,10,3,other:,,,,1995-07-01
15153091,80,4,in tanks or metal drums,Fr. per 100 kg gross,1,184.00,1995-07-01
15153099,80,4,other,Fr. per 100 kg gross,1,184.00,1995-07-01
151550,80,2,sesame oil and its fractions:,,0,,1988-01-01
,10,3,crude oil:,,,,1995-07-01
15155011,80,4,for animal feeding,Fr. per 100 kg gross,1,81.00,1995-07-01
15155019,80,4,other,Fr. per 100 kg gross,1,184.00,1995-07-01
,10,3,other:,,,,1995-07-01
15155020,80,4,for animal feeding,Fr. per 100 kg gross,1,81.00,1995-07-01
,10,4,other:,,,,1995-07-01
15155091,80,5,in tanks or metal drums,Fr. per 100 kg gross,1,184.00,1995-07-01
15155099,80,5,other,Fr. per 100 kg gross,1,184.00,1995-07-01
151560,80,2,microbial fats and oils and their fractions:,,0,,2022-01-01
15156010,80,3,for animal feeding,Fr. per 100 kg gross,1,81.00,2022-01-01
,10,3,other:,,,,2022-01-01
15156091,80,4,in tanks or metal drums,Fr. per 100 kg gross,1,184.00,2022-01-01
15156099,80,4,other,Fr. per 100 kg gross,1,184.00,2022-01-01
151590,80,2,other:,,0,,1988-01-01
,10,3,cereal-germ oil:,,,,1995-07-01
15159011,80,4,for animal feeding,Fr. per 100 kg gross,1,81.00,1995-07-01
,10,4,other:,,,,1995-07-01
15159013,80,5,crude,Fr. per 100 kg gross,1,184.00,1995-07-01
,10,5,other:,,,,1995-07-01
15159018,80,6,in tanks or metal drums,Fr. per 100 kg gross,1,184.00,1995-07-01
15159019,80,6,other,Fr. per 100 kg gross,1,184.00,1995-07-01
,10,3,jojoba oil and its fractions:,,,,2002-01-01
15159021,80,4,for animal feeding,Fr. per 100 kg gross,1,81.00,2002-01-01
,10,4,other:,,,,2002-01-01
15159028,80,5,in tanks or metal drums,Fr. per 100 kg gross,1,184.00,2002-01-01
15159029,80,5,other,Fr. per 100 kg gross,1,184.00,2002-01-01
,10,3,tung oil and its fractions:,,,,2007-01-01
15159031,80,4,for animal feeding,Fr. per 100 kg gross,1,81.00,2007-01-01
,10,4,other:,,,,2007-01-01
15159038,80,5,in tanks or metal drums,Fr. per 100 kg gross,1,184.00,2007-01-01
15159039,80,5,other,Fr. per 100 kg gross,1,184.00,2007-01-01
,10,3,other:,,,,1995-07-01
15159091,80,4,for animal feeding,Fr. per 100 kg gross,1,81.00,1995-07-01
,10,4,other:,,,,1995-07-01
15159098,80,5,in tanks or metal drums,Fr. per 100 kg gross,1,184.00,1995-07-01
15159099,80,5,other,Fr. per 100 kg gross,1,184.00,1995-07-01
1516,80,1,"Animal, vegetable or microbial fats and oils and their fractions, partly or wholly hydrogenated, inter-esterified, re-esterified or elaidinised, whether or not refined, but not further prepared:",,0,,1988-01-01
151610,80,2,animal fats and oils and their fractions:,,0,,1988-01-01
15161010,80,3,for animal feeding,Fr. per 100 kg gross,1,97.00,1995-07-01
,10,3,other:,,,,1995-07-01
15161091,80,4,in tanks or metal drums,Fr. per 100 kg gross,1,200.00,1995-07-01
15161099,80,4,other,Fr. per 100 kg gross,1,200.00,1995-07-01
151620,80,2,vegetable fats and oils and their fractions:,,0,,1988-01-01
15162010,80,3,for animal feeding,Fr. per 100 kg gross,1,96.60,1995-07-01
,10,3,other:,,,,1995-07-01
,10,4,in tanks or metal drums:,,,,2005-02-01
15162092,80,5,"hydrogenated castor oil, so called ""opal-wax""",Fr. per 100 kg gross,1,200.00,2005-02-01
15162093,80,5,other,Fr. per 100 kg gross,1,200.00,2005-02-01
,10,4,other:,,,,2005-02-01
15162097,80,5,"hydrogenated castor oil, so called ""opal-wax""",Fr. per 100 kg gross,1,200.00,2005-02-01
15162098,80,5,other,Fr. per 100 kg gross,1,200.00,2005-02-01
151630,80,2,microbial fats and oils and their fractions:,,0,,2022-01-01
15163010,80,3,for animal feeding,Fr. per 100 kg gross,1,96.60,2022-01-01
,10,3,other:,,,,2022-01-01
15163093,80,4,in tanks or metal drums,Fr. per 100 kg gross,1,200.00,2022-01-01
15163099,80,4,other,Fr. per 100 kg gross,1,200.00,2022-01-01
1517,80,1,"Margarine; edible mixtures or preparations of animal, vegetable or microbial fats or oils or of fractions of different fats or oils of this Chapter, other than edible fats and oils or their fractions of heading 1516:",,0,,1988-01-01
151710,80,2,"margarine, excluding liquid margarine:",,0,,1988-01-01
15171010,80,3,for animal feeding,Fr. per 100 kg gross,1,107.00,1995-07-01
,10,3,"other, of a fat content by weight:",,,,1988-01-01
,10,4,exceeding 65 %:,,,,1988-01-01
,10,5,in tanks or metal drums:,,,,2005-02-01
15171062,80,6,containing more than 10 % but not more than 15 % by weight of milkfat,Fr. per 100 kg gross,1,187.00,2005-02-01
15171063,80,6,other,Fr. per 100 kg gross,1,187.00,2005-02-01
,10,5,other:,,,,2005-02-01
15171067,80,6,containing more than 10 % but not more than 15 % by weight of milkfat,Fr. per 100 kg gross,1,187.00,2005-02-01
15171068,80,6,other,Fr. per 100 kg gross,1,187.00,2005-02-01
,10,4,exceeding 41 % but not exceeding 65 %:,,,,1988-01-01
,10,5,in tanks or metal drums:,,,,2005-02-01
15171072,80,6,containing more than 10 % but not more than 15 % by weight of milkfat,Fr. per 100 kg gross,1,187.00,2005-02-01
15171073,80,6,other,Fr. per 100 kg gross,1,187.00,2005-02-01
,10,5,other:,,,,2005-02-01
15171077,80,6,containing more than 10 % but not more than 15 % by weight of milkfat,Fr. per 100 kg gross,1,187.00,2005-02-01
15171078,80,6,other,Fr. per 100 kg gross,1,187.00,2005-02-01
,10,4,exceeding 25 % but not exceeding 41 %:,,,,1988-01-01
,10,5,in tanks or metal drums:,,,,2005-02-01
15171082,80,6,containing more than 10 % but not more than 15 % by weight of milkfat,Fr. per 100 kg gross,1,187.00,2005-02-01
15171083,80,6,other,Fr. per 100 kg gross,1,187.00,2005-02-01
,10,5,other:,,,,2005-02-01
15171087,80,6,containing more than 10 % but not more than 15 % by weight of milkfat,Fr. per 100 kg gross,1,187.00,2005-02-01
15171088,80,6,other,Fr. per 100 kg gross,1,187.00,2005-02-01
,10,4,not exceeding 25 %:,,,,1988-01-01
,10,5,in tanks or metal drums:,,,,2005-02-01
15171092,80,6,containing more than 10 % but not more than 15 % by weight of milkfat,Fr. per 100 kg gross,1,187.00,2005-02-01
15171093,80,6,other,Fr. per 100 kg gross,1,187.00,2005-02-01
,10,5,other:,,,,2005-02-01
15171097,80,6,containing more than 10 % but not more than 15 % by weight of milkfat,Fr. per 100 kg gross,1,187.00,2005-02-01
15171098,80,6,other,Fr. per 100 kg gross,1,187.00,2005-02-01
151790,80,2,other:,,0,,1988-01-01
15179010,80,3,for animal feeding,Fr. per 100 kg gross,1,107.00,1995-07-01
15179020,80,3,mixtures and edible preparations used as mould release oil or separating oil,Fr. per 100 kg gross,1,254.00,2005-02-01
,10,3,other:,,,,1988-01-01
,10,4,"containing milkfat, of a milkfat content by weight:",,,,1988-01-01
,10,5,exceeding 10 % but not exceeding 15 %:,,,,2022-01-01
15179062,80,6,in tanks or metal drums,Fr. per 100 kg gross,1,254.00,2022-01-01
15179067,80,6,other,Fr. per 100 kg gross,1,254.00,2022-01-01
,10,5,exceeding 5 % but not exceeding 10 %:,,,,1988-01-01
15179071,80,6,in tanks or metal drums,Fr. per 100 kg gross,1,254.00,1995-07-01
15179079,80,6,other,Fr. per 100 kg gross,1,254.00,1995-07-01
,10,5,not exceeding 5 %:,,,,1988-01-01
15179081,80,6,in tanks or metal drums,Fr. per 100 kg gross,1,254.00,1995-07-01
15179089,80,6,other,Fr. per 100 kg gross,1,254.00,1995-07-01
,10,4,other:,,,,1988-01-01
15179091,80,5,in tanks or metal drums,Fr. per 100 kg gross,1,254.00,1995-07-01
15179099,80,5,other,Fr. per 100 kg gross,1,254.00,1995-07-01
1518,80,1,"Animal, vegetable or microbial fats and oils and their fractions, boiled, oxidised, dehydrated, sulphurised, blown, polymerised by heat in vacuum or in inert gas or otherwise chemically modified, excluding those of heading 1516; inedible mixtures or preparations of animal, vegetable or microbial fats or oils or of fractions of different fats or oils of this Chapter, not elsewhere specified or included:",,0,,1988-01-01
,10,2,inedible mixtures of vegetable oils:,,,,1995-07-01
15180011,80,3,for animal feeding,Fr. per 100 kg gross,1,81.00,1995-07-01
15180019,80,3,other,Fr. per 100 kg gross,1,10.00,1995-07-01
,10,2,epoxidised soya-bean oil:,,,,1995-07-01
15180081,80,3,for animal feeding,Fr. per 100 kg gross,1,81.00,1995-07-01
15180089,80,3,other,Fr. per 100 kg gross,1,4.00,1995-07-01
,10,2,other:,,,,1995-07-01
15180092,80,3,Linoxyn,Fr. per 100 kg gross,1,34.00,2005-02-01
,10,3,other:,,,,2005-02-01
15180093,80,4,for animal feeding,Fr. per 100 kg gross,1,100.00,2005-02-01
15180097,80,4,other,Fr. per 100 kg gross,1,34.00,2005-02-01
15200000,80,1,"Glycerol, crude; glycerol waters and glycerol lyes",Fr. per 100 kg gross,1,2.00,1996-01-01
1521,80,1,"Vegetable waxes (other than triglycerides), beeswax, other insect waxes and spermaceti, whether or not refined or coloured:",,0,,1988-01-01
152110,80,2,vegetable waxes:,,0,,1988-01-01
15211010,80,3,carnauba wax,Fr. per 100 kg gross,1,0.00,1988-01-01
,10,3,other:,,,,1988-01-01
15211091,80,4,unprocessed,Fr. per 100 kg gross,1,0.00,1988-01-01
15211092,80,4,"processed (bleached, coloured, etc.)",Fr. per 100 kg gross,1,0.00,1988-01-01
152190,80,2,other:,,0,,1988-01-01
15219010,80,3,unprocessed,Fr. per 100 kg gross,1,0.00,1988-01-01
15219020,80,3,"processed (bleached, coloured, etc.)",Fr. per 100 kg gross,1,5.00,1988-01-01
15220000,80,1,Degras; residues resulting from the treatment of fatty substances or animal or vegetable waxes,Fr. per 100 kg gross,1,0.00,1988-01-01
16,80,0,"Preparations of meat, of fish, of crustaceans, molluscs or other aquatic invertebrates, or of insects",,0,,1988-01-01
1601,80,1,"Sausages and similar products, of meat, meat offal, blood or insects; food preparations based on these products:",,0,,1988-01-01
,10,2,"cotechini, mortadella, salami, salamini, zamponi:",,,,1995-07-01
16010011,80,3,within the limits of the tariff quota (Q. No. 6),Fr. per 100 kg gross,1,110.00,1995-07-01
16010019,80,3,other,Fr. per 100 kg gross,1,893.00,1995-07-01
,10,2,other:,,,,1996-01-01
,10,3,"of the animals of headings 0101 0104, except wild boars:",,,,1996-01-01
16010021,80,4,within the limits of the tariff quota (Q. No. 6),Fr. per 100 kg gross,1,125.00,1996-01-01
16010029,80,4,other,Fr. per 100 kg gross,1,893.00,1996-01-01
,10,3,of poultry of heading 0105:,,,,1996-01-01
16010031,80,4,within the limits of the tariff quota (Q. No. 6),Fr. per 100 kg gross,1,125.00,1996-01-01
16010039,80,4,other,Fr. per 100 kg gross,1,893.00,1996-01-01
,10,3,other:,,,,2022-01-01
16010041,80,4,based on insects,Fr. per 100 kg gross,1,0.00,2022-01-01
16010048,80,4,other,Fr. per 100 kg gross,1,125.00,2022-01-01
1602,80,1,"Other prepared or preserved meat, meat offal, blood or insects:",,0,,1988-01-01
160210,80,2,homogenised preparations:,,0,,1988-01-01
16021010,80,3,within the limits of the tariff quota (Q. No. 5),Fr. per 100 kg gross,1,135.00,1995-07-01
16021090,80,3,other,Fr. per 100 kg gross,1,196.00,1995-07-01
160220,80,2,of liver of any animal:,,0,,1988-01-01
16022010,80,3,with a basis of goose liver,Fr. per 100 kg gross,1,71.00,1988-01-01
,10,3,other:,,,,1996-01-01
,10,4,"containing meat or edible meat offal of the animals of headings 0101 0104, except those with a basis of wild boars and preparations for use as infant food or for dietetic purposes:",,,,1996-01-01
16022071,80,5,within the limits of the tariff quota (Q. No. 5),Fr. per 100 kg gross,1,170.00,1996-01-01
16022079,80,5,other,Fr. per 100 kg gross,1,798.00,1996-01-01
16022089,80,4,other,Fr. per 100 kg gross,1,170.00,1996-01-01
,10,2,of poultry of heading 0105:,,,,1988-01-01
160231,80,3,of turkeys:,,0,,1988-01-01
16023110,80,4,within the limits of the tariff quota (Q. No. 6),Fr. per 100 kg gross,1,135.00,1995-07-01
16023190,80,4,other,Fr. per 100 kg gross,1,756.00,1995-07-01
160232,80,3,of fowls of the species Gallus domesticus:,,0,,1996-01-01
16023210,80,4,within the limits of the tariff quota (Q. No. 6),Fr. per 100 kg gross,1,150.00,1996-01-01
16023290,80,4,other,Fr. per 100 kg gross,1,727.00,1996-01-01
160239,80,3,other:,,0,,1996-01-01
16023910,80,4,within the limits of the tariff quota (Q. No. 6),Fr. per 100 kg gross,1,150.00,1996-01-01
16023990,80,4,other,Fr. per 100 kg gross,1,727.00,1996-01-01
,10,2,of swine:,,,,1988-01-01
160241,80,3,hams and cuts thereof:,,0,,1988-01-01
,10,4,tinned ham:,,,,1995-07-01
16024111,80,5,within the limits of the tariff quota (Q. No. 6),Fr. per 100 kg gross,1,185.00,1995-07-01
16024119,80,5,other,Fr. per 100 kg gross,1,850.00,1995-07-01
,10,4,other:,,,,1995-07-01
16024191,80,5,within the limits of the tariff quota (Q. No. 6),Fr. per 100 kg gross,1,100.00,1995-07-01
16024199,80,5,other,Fr. per 100 kg gross,1,850.00,1995-07-01
160242,80,3,shoulders and cuts thereof:,,0,,1988-01-01
16024210,80,4,within the limits of the tariff quota (Q. No. 6),Fr. per 100 kg gross,1,170.00,1995-07-01
16024290,80,4,other,Fr. per 100 kg gross,1,850.00,1995-07-01
160249,80,3,"other, including mixtures:",,0,,1988-01-01
16024910,80,4,within the limits of the tariff quota (Q. No. 6),Fr. per 100 kg gross,1,100.00,1995-07-01
,10,4,other:,,,,2021-01-01
16024991,80,5,"raw meat, merely seasoned",Fr. per 100 kg gross,1,2304.00,2021-01-01
16024999,80,5,other,Fr. per 100 kg gross,1,850.00,2021-01-01
160250,80,2,of bovine animals:,,0,,1988-01-01
,10,3,"corned beef, in airtight containers:",,,,1995-07-01
16025011,80,4,within the limits of the tariff quota (Q. No. 5),Fr. per 100 kg gross,1,130.00,1995-07-01
16025019,80,4,other,Fr. per 100 kg gross,1,638.00,1995-07-01
,10,3,other:,,,,1995-07-01
16025091,80,4,within the limits of the tariff quota (Q. No. 5),Fr. per 100 kg gross,1,170.00,1995-07-01
,10,4,other:,,,,2021-01-01
16025093,80,5,"raw meat, merely seasoned, other than that of subheading 1602.5098",Fr. per 100 kg gross,1,2212.00,2021-01-01
16025098,80,5,"other, including trimmed, raw, boneless, salted and seasoned cuts of beef leg, for the production of dried meat",Fr. per 100 kg gross,1,638.00,2021-01-01
160290,80,2,"other, including preparations of blood of any animal:",,0,,1988-01-01
,10,3,"of the animals of headings 0101 and 0104 and preparations with a basis of blood of the animals of headings 0102 and 0103, other than preparations for use as infant food or for dietetic purposes:",,,,1996-01-01
16029011,80,4,within the limits of the tariff quota (Q. No. 5),Fr. per 100 kg gross,1,100.00,1996-01-01
16029019,80,4,other,Fr. per 100 kg gross,1,638.00,1996-01-01
,10,3,other:,,,,2022-01-01
16029081,80,4,based on insects,Fr. per 100 kg gross,1,0.00,2022-01-01
16029088,80,4,other,Fr. per 100 kg gross,1,100.00,2022-01-01
16030000,80,1,"Extracts and juices of meat, fish or crustaceans, molluscs or other aquatic invertebrates",Fr. per 100 kg gross,1,0.00,1988-01-01
1604,80,1,Prepared or preserved fish; caviar and caviar substitutes prepared from fish eggs:,,0,,1988-01-01
,10,2,"fish, whole or in pieces, but not minced:",,,,1988-01-01
16041100,80,3,salmon,Fr. per 100 kg gross,1,0.00,1988-01-01
160412,80,3,herrings:,,0,,1988-01-01
16041210,80,4,"in containers holding more than 3 kg; in marinades or tomato sauce, in containers holding not more than 3 kg",Fr. per 100 kg gross,1,10.00,1988-01-01
16041290,80,4,other,Fr. per 100 kg gross,1,16.00,1988-01-01
160413,80,3,"sardines, sardinella and brisling or sprats:",,0,,1988-01-01
16041310,80,4,in containers holding more than 3 kg,Fr. per 100 kg gross,1,10.00,1988-01-01
16041320,80,4,"sardines (pilchards), in containers holding not more than 3 kg",Fr. per 100 kg gross,1,16.00,1988-01-01
16041390,80,4,other,Fr. per 100 kg gross,1,13.00,1988-01-01
160414,80,3,"tunas, skipjack tuna and bonito (Sarda spp.):",,0,,1988-01-01
16041410,80,4,in containers holding more than 3 kg,Fr. per 100 kg gross,1,1.30,1988-01-01
16041490,80,4,other,Fr. per 100 kg gross,1,13.00,1988-01-01
160415,80,3,mackerel:,,0,,1988-01-01
16041510,80,4,in containers holding more than 3 kg,Fr. per 100 kg gross,1,2.00,1988-01-01
16041590,80,4,other,Fr. per 100 kg gross,1,16.00,1988-01-01
160416,80,3,anchovies:,,0,,1988-01-01
16041610,80,4,in containers holding more than 3 kg,Fr. per 100 kg gross,1,2.00,1988-01-01
16041690,80,4,other,Fr. per 100 kg gross,1,16.00,1988-01-01
16041700,80,3,eels,Fr. per 100 kg gross,1,16.00,2012-01-01
16041800,80,3,shark fins,Fr. per 100 kg gross,1,16.00,2017-01-01
160419,80,3,other:,,0,,1988-01-01
16041910,80,4,"fillets of saltwater fish, breaded",Fr. per 100 kg gross,1,0.00,1988-01-01
,10,4,other:,,,,1988-01-01
16041991,80,5,"in containers holding more than 3 kg; frozen oven-ready preparations, in cooking trays, in containers holding not more than 3 kg",Fr. per 100 kg gross,1,20.00,1988-01-01
16041999,80,5,other,Fr. per 100 kg gross,1,16.00,2017-01-01
160420,80,2,other prepared or preserved fish:,,0,,1988-01-01
16042010,80,3,in containers holding more than 3 kg,Fr. per 100 kg gross,1,2.00,1988-01-01
16042090,80,3,other,Fr. per 100 kg gross,1,16.00,1988-01-01
,10,2,caviar and caviar substitutes:,,,,2012-01-01
16043100,80,3,caviar,Fr. per 100 kg gross,1,80.00,2012-01-01
16043200,80,3,caviar substitutes,Fr. per 100 kg gross,1,80.00,2012-01-01
1605,80,1,"Crustaceans, molluscs and other aquatic invertebrates, prepared or preserved:",,0,,1988-01-01
16051000,80,2,crabs,Fr. per 100 kg gross,1,0.00,1988-01-01
,10,2,shrimps and prawns:,,,,2012-01-01
16052100,80,3,not in airtight container,Fr. per 100 kg gross,1,16.00,2012-01-01
16052900,80,3,other,Fr. per 100 kg gross,1,16.00,2012-01-01
16053000,80,2,lobster,Fr. per 100 kg gross,1,0.00,1988-01-01
16054000,80,2,other crustaceans,Fr. per 100 kg gross,1,0.00,1988-01-01
,10,2,molluscs:,,,,2012-01-01
16055100,80,3,oysters,Fr. per 100 kg gross,1,24.00,2012-01-01
16055200,80,3,"scallops, including queen scallops",Fr. per 100 kg gross,1,24.00,2012-01-01
16055300,80,3,mussels,Fr. per 100 kg gross,1,24.00,2012-01-01
16055400,80,3,cuttle fish and squid,Fr. per 100 kg gross,1,24.00,2012-01-01
16055500,80,3,octopus,Fr. per 100 kg gross,1,24.00,2012-01-01
16055600,80,3,"clams, cockles and arkshells",Fr. per 100 kg gross,1,24.00,2012-01-01
16055700,80,3,abalone,Fr. per 100 kg gross,1,24.00,2012-01-01
16055800,80,3,"snails, other than sea snails",Fr. per 100 kg gross,1,24.00,2012-01-01
16055900,80,3,other,Fr. per 100 kg gross,1,24.00,2012-01-01
,10,2,other aquatic invertebrates:,,,,2012-01-01
16056100,80,3,sea cucumbers,Fr. per 100 kg gross,1,24.00,2012-01-01
16056200,80,3,sea urchins,Fr. per 100 kg gross,1,24.00,2012-01-01
16056300,80,3,jellyfish,Fr. per 100 kg gross,1,24.00,2012-01-01
16056900,80,3,other,Fr. per 100 kg gross,1,24.00,2012-01-01
17,80,0,Sugars and sugar confectionery,,0,,1988-01-01
1701,80,1,"Cane or beet sugar and chemically pure sucrose, in solid form:",,0,,1988-01-01
,10,2,raw sugar not containing added flavouring or colouring matter:,,,,1988-01-01
17011200,80,3,beet sugar,Fr. per 100 kg gross,1,61.00,1988-01-01
17011300,80,3,cane sugar specified in Subheading Note 2 to this Chapter,Fr. per 100 kg gross,1,61.00,2012-01-01
17011400,80,3,other cane sugar,Fr. per 100 kg gross,1,61.00,2012-01-01
,10,2,other:,,,,1988-01-01
170191,80,3,containing added flavouring or colouring matter:,,0,,1988-01-01
17019110,80,4,sugar candy,Fr. per 100 kg gross,1,85.00,2006-01-01
17019190,80,4,other,Fr. per 100 kg gross,1,85.00,2006-01-01
170199,80,3,other:,,0,,1988-01-01
17019991,80,4,sugar candy,Fr. per 100 kg gross,1,61.00,1995-07-01
17019999,80,4,other,Fr. per 100 kg gross,1,61.00,1995-07-01
1702,80,1,"Other sugars, including chemically pure lactose, maltose, glucose and fructose, in solid form; sugar syrups not containing added flavouring or colouring matter; artificial honey, whether or not mixed with natural honey; caramel:",,0,,1988-01-01
,10,2,lactose and lactose syrup:,,,,1996-01-01
17021100,80,3,"containing by weight 99% or more lactose, expressed as anhydrous lactose, calculated on the dry matter",Fr. per 100 kg gross,1,14.50,1996-01-01
17021900,80,3,other,Fr. per 100 kg gross,1,14.50,1996-01-01
170220,80,2,maple sugar and maple syrup:,,0,,1988-01-01
17022010,80,3,solid,Fr. per 100 kg gross,1,18.70,1988-01-01
17022020,80,3,syrup,Fr. per 100 kg gross,1,0.00,1988-01-01
170230,80,2,"glucose and glucose syrup, not containing fructose or containing in the dry state less than 20% by weight of fructose:",,0,,1988-01-01
,10,3,solid:,,,,1988-01-01
,10,4,chemically pure:,,,,1988-01-01
17023021,80,5,for animal feeding,Fr. per 100 kg gross,1,46.00,1995-07-01
17023029,80,5,other,Fr. per 100 kg gross,1,61.00,1995-07-01
,10,4,other:,,,,1988-01-01
17023032,80,5,containing in the dry state 10% or more of fructose,Fr. per 100 kg gross,1,61.00,1997-01-01
,10,5,other:,,,,1988-01-01
17023033,80,6,for animal feeding,Fr. per 100 kg gross,1,46.00,1997-01-01
17023038,80,6,other,Fr. per 100 kg gross,1,61.00,1997-01-01
,10,3,syrup:,,,,1997-01-01
17023042,80,4,containing in the dry state 10% or more of fructose,Fr. per 100 kg gross,1,39.00,1997-01-01
17023048,80,4,other,Fr. per 100 kg gross,1,39.00,1997-01-01
170240,80,2,"glucose and glucose syrup, containing in the dry state at least 20% but less than 50% by weight of fructose, excluding invert sugar:",,0,,1988-01-01
,10,3,solid:,,,,1995-07-01
17024011,80,4,for animal feeding,Fr. per 100 kg gross,1,46.00,1995-07-01
17024019,80,4,other,Fr. per 100 kg gross,1,61.00,1995-07-01
,10,3,syrup:,,,,1988-01-01
17024021,80,4,table syrup,Fr. per 100 kg gross,1,51.00,1988-01-01
17024029,80,4,other,Fr. per 100 kg gross,1,39.00,1988-01-01
17025000,80,2,chemically pure fructose,Fr. per 100 kg gross,1,6.80,1988-01-01
170260,80,2,"other fructose and fructose syrup, containing in the dry state more than 50% by weight of fructose, excluding invert sugar:",,0,,1988-01-01
17026010,80,3,solid,Fr. per 100 kg gross,1,18.70,1988-01-01
,10,3,syrup:,,,,1988-01-01
17026021,80,4,table syrup,Fr. per 100 kg gross,1,51.00,1988-01-01
,10,4,other:,,,,1988-01-01
17026022,80,5,for animal feeding,Fr. per 100 kg gross,1,35.00,1999-07-01
17026028,80,5,other,Fr. per 100 kg gross,1,10.00,1999-07-01
170290,80,2,"other, including invert sugar and other sugar and sugar syrup blends containing in the dry state 50% by weight of fructose:",,0,,1988-01-01
,10,3,solid:,,,,2003-04-01
,10,4,invert sugar:,,,,2003-04-01
17029011,80,5,for animal feeding,Fr. per 100 kg gross,1,46.00,1995-07-01
17029019,80,5,other,Fr. per 100 kg gross,1,61.00,1995-07-01
17029022,80,4,"beet sugar and cane sugar, caramelised",Fr. per 100 kg gross,1,61.00,2003-04-01
17029023,80,4,maltodextrine,Fr. per 100 kg gross,1,61.00,2003-04-01
17029024,80,4,chemically pure maltose,Fr. per 100 kg gross,1,61.00,2003-04-01
17029028,80,4,other,Fr. per 100 kg gross,1,61.00,2003-04-01
,10,3,syrup:,,,,1995-07-01
17029031,80,4,table syrup; artificial honey,Fr. per 100 kg gross,1,51.00,1995-07-01
,10,4,other:,,,,1995-07-01
17029032,80,5,"beet sugar and cane sugar syrups; invert sugar syrup, not caramelised",Fr. per 100 kg gross,1,39.00,1995-07-01
17029033,80,5,"beet sugar and cane sugar syrups, caramelised",Fr. per 100 kg gross,1,39.00,2003-04-01
17029034,80,5,other caramelised sugar syrups; colouring caramel,Fr. per 100 kg gross,1,39.00,2003-04-01
17029038,80,5,other,Fr. per 100 kg gross,1,39.00,2003-04-01
1703,80,1,Molasses resulting from the extraction or refining of sugar:,,0,,1988-01-01
170310,80,2,cane molasses:,,0,,1988-01-01
17031010,80,3,table molasses,Fr. per 100 kg gross,1,51.00,1988-01-01
17031090,80,3,other,Fr. per 100 kg gross,1,10.00,1988-01-01
170390,80,2,other:,,0,,1988-01-01
17039010,80,3,table molasses,Fr. per 100 kg gross,1,51.00,1988-01-01
,10,3,other:,,,,1999-07-01
17039091,80,4,for animal feeding,Fr. per 100 kg gross,1,25.00,1999-07-01
17039099,80,4,other,Fr. per 100 kg gross,1,10.00,1999-07-01
1704,80,1,"Sugar confectionery (including white chocolate), not containing cocoa:",,0,,1988-01-01
170410,80,2,"chewing gum, whether or not sugar-coated:",,0,,1988-01-01
17041010,80,3,containing more than 70% by weight of sucrose,Fr. per 100 kg gross,1,87.00,1988-01-01
17041020,80,3,containing more than 60% but not more than 70% by weight of sucrose,Fr. per 100 kg gross,1,89.00,1988-01-01
17041030,80,3,containing not more than 60% by weight of sucrose,Fr. per 100 kg gross,1,85.00,1988-01-01
170490,80,2,other:,,0,,1988-01-01
17049010,80,3,white chocolate,Fr. per 100 kg gross,1,204.00,1988-01-01
17049020,80,3,"sugar confectionery of all kinds, containing fruit or nuts (for example, fruit pastes, nougat, marzipan and the like)",Fr. per 100 kg gross,1,87.00,1988-01-01
,10,3,"sugar confectionery of all kinds made from liquorice juice, of a sucrose content by weight:",,,,1988-01-01
17049031,80,4,exceeding 10 %,Fr. per 100 kg gross,1,76.00,1988-01-01
17049032,80,4,not exceeding 10 %,Fr. per 100 kg gross,1,12.80,1988-01-01
,10,3,other moulded sugar confectionery:,,,,1988-01-01
,10,4,"not containing milkfat nor vegetable fat, of a sucrose content by weight:",,,,1988-01-01
17049041,80,5,exceeding 70%,Fr. per 100 kg gross,1,105.00,1988-01-01
17049042,80,5,exceeding 50 % but not exceeding 70 %,Fr. per 100 kg gross,1,107.00,1988-01-01
17049043,80,5,not exceeding 50%,Fr. per 100 kg gross,1,101.00,1988-01-01
17049050,80,4,containing vegetable fat but not containing milkfat,Fr. per 100 kg gross,1,132.00,1988-01-01
17049060,80,4,containing milkfat,Fr. per 100 kg gross,1,173.00,1988-01-01
,10,3,"other, of a sucrose content by weight:",,,,1988-01-01
17049091,80,4,exceeding 70%,Fr. per 100 kg gross,1,94.00,1988-01-01
17049092,80,4,exceeding 50 % but not exceeding 70 %,Fr. per 100 kg gross,1,81.00,1988-01-01
17049093,80,4,not exceeding 50%,Fr. per 100 kg gross,1,69.00,1988-01-01
18,80,0,Cocoa and cocoa preparations,,0,,1988-01-01
18010000,80,1,"Cocoa beans, whole or broken, raw or roasted",Fr. per 100 kg gross,1,0.00,1988-01-01
1802,80,1,"Cocoa shells, husks, skins and other cocoa waste:",,0,,1988-01-01
18020010,80,2,for animal feeding,Fr. per 100 kg gross,1,29.00,1995-07-01
18020090,80,2,other,Fr. per 100 kg gross,1,0.60,1995-07-01
1803,80,1,"Cocoa paste, whether or not defatted:",,0,,1988-01-01
18031000,80,2,not defatted,Fr. per 100 kg gross,1,28.00,1988-01-01
18032000,80,2,wholly or partly defatted,Fr. per 100 kg gross,1,28.00,1988-01-01
18040000,80,1,"Cocoa butter, fat and oil",Fr. per 100 kg gross,1,2.00,1988-01-01
18050000,80,1,"Cocoa powder, not containing added sugar or other sweetening matter",Fr. per 100 kg gross,1,20.00,1988-01-01
1806,80,1,Chocolate and other food preparations containing cocoa:,,0,,1988-01-01
180610,80,2,"cocoa powder, containing added sugar or other sweetening matter:",,0,,1988-01-01
18061010,80,3,containing more than 65% by weight of sucrose,Fr. per 100 kg gross,1,63.00,1988-01-01
18061020,80,3,containing not more than 65% by weight of sucrose,Fr. per 100 kg gross,1,45.00,1988-01-01
180620,80,2,"other preparations in blocks, slabs or bars weighing more than 2 kg or in liquid, paste, powder, granular or other bulk form in containers or immediate packings, of a content exceeding 2 kg:",,0,,1988-01-01
,10,3,"mixtures containing more than 12% by weight of milkfat or containing more than 20% by weight of milk constituents, of a milkfat content by weight:",,,,1988-01-01
18062011,80,4,exceeding 85 %,Fr. per 100 kg gross,1,1971.00,1988-01-01
18062012,80,4,exceeding 50 % but not exceeding 85 %,Fr. per 100 kg gross,1,1488.00,1988-01-01
18062013,80,4,exceeding 25 % but not exceeding 50 %,Fr. per 100 kg gross,1,840.70,1988-01-01
18062014,80,4,exceeding 11 % but not exceeding 25 %,Fr. per 100 kg gross,1,564.00,1988-01-01
18062015,80,4,"exceeding 1,5 % but not exceeding 11 %",Fr. per 100 kg gross,1,296.70,1988-01-01
18062019,80,4,other,Fr. per 100 kg gross,1,232.90,1988-01-01
,10,3,other:,,,,1988-01-01
,10,4,in bulk blocks:,,,,1988-01-01
,10,5,"containing milk constituents, of a milkfat content by weight:",,,,1988-01-01
18062071,80,6,exceeding 6 %,Fr. per 100 kg gross,1,222.70,2005-02-01
18062072,80,6,exceeding 3 % but not exceeding 6 %,Fr. per 100 kg gross,1,170.00,2005-02-01
18062073,80,6,not exceeding 3 %,Fr. per 100 kg gross,1,114.80,2005-02-01
,10,5,not containing milk constituents:,,,,2005-02-01
18062074,80,6,containing more than 15 % by weight of fat,Fr. per 100 kg gross,1,42.00,2005-02-01
18062079,80,6,other,Fr. per 100 kg gross,1,42.00,2005-02-01
,10,4,other:,,,,1988-01-01
,10,5,containing milk constituents:,,,,1988-01-01
,10,6,containing fat other than milkfat (whether or not containing milkfat):,,,,2005-02-01
18062081,80,7,containing more than 15 % by weight of fat,Fr. per 100 kg gross,1,150.00,2005-02-01
18062082,80,7,other,Fr. per 100 kg gross,1,150.00,2005-02-01
18062083,80,6,other,Fr. per 100 kg gross,1,101.00,2005-02-01
,10,5,not containing milk constituents:,,,,1988-01-01
,10,6,containing fat:,,,,2005-02-01
18062084,80,7,containing more than 20 % by weight of fat,Fr. per 100 kg gross,1,107.00,2005-02-01
18062085,80,7,other,Fr. per 100 kg gross,1,107.00,2005-02-01
18062089,80,6,other,Fr. per 100 kg gross,1,42.00,2005-02-01
,10,2,"other, in blocks, slabs or bars:",,,,1988-01-01
180631,80,3,filled:,,0,,1988-01-01
,10,4,containing milk constituents:,,,,1988-01-01
18063111,80,5,containing fat other than milkfat (whether or not containing milkfat),Fr. per 100 kg gross,1,132.00,1988-01-01
18063119,80,5,other,Fr. per 100 kg gross,1,101.00,1988-01-01
,10,4,not containing milk constituents:,,,,1988-01-01
18063121,80,5,containing fat,Fr. per 100 kg gross,1,107.00,1988-01-01
18063129,80,5,other,Fr. per 100 kg gross,1,42.00,1988-01-01
180632,80,3,not filled:,,0,,1988-01-01
,10,4,"milk chocolate, of a milkfat content by weight:",,,,1988-01-01
18063211,80,5,exceeding 6 %,Fr. per 100 kg gross,1,222.00,1988-01-01
18063212,80,5,exceeding 3 % but not exceeding 6 %,Fr. per 100 kg gross,1,170.00,1988-01-01
18063213,80,5,not exceeding 3 %,Fr. per 100 kg gross,1,114.00,1988-01-01
18063290,80,4,other,Fr. per 100 kg gross,1,42.00,1988-01-01
180690,80,2,other:,,0,,1988-01-01
,10,3,containing milk constituents:,,,,1988-01-01
,10,4,containing fat other than milkfat (whether or not containing milkfat):,,,,2005-02-01
18069031,80,5,containing more than 15 % by weight of fat,Fr. per 100 kg gross,1,150.00,2005-02-01
18069032,80,5,containing more than 8 % but not more than 15 % by weight of fat,Fr. per 100 kg gross,1,150.00,2005-02-01
18069033,80,5,other,Fr. per 100 kg gross,1,150.00,2005-02-01
18069049,80,4,other,Fr. per 100 kg gross,1,101.00,2005-02-01
,10,3,not containing milk constituents:,,,,1988-01-01
,10,4,containing fat:,,,,2005-02-01
18069051,80,5,containing more than 15 % by weight of fat,Fr. per 100 kg gross,1,107.00,2005-02-01
18069052,80,5,containing more than 8 % but not more than 15 % by weight of fat,Fr. per 100 kg gross,1,107.00,2005-02-01
18069053,80,5,other,Fr. per 100 kg gross,1,107.00,2005-02-01
18069069,80,4,other,Fr. per 100 kg gross,1,42.00,2005-02-01
19,80,0,"Preparations of cereals, flour, starch or milk; pastrycooks' products",,0,,1988-01-01
1901,80,1,"Malt extract; food preparations of flour, groats, meal, starch or malt extract, not containing cocoa or containing less than 40% by weight of cocoa calculated on a totally defatted basis, not elsewhere specified or included; food preparations of goods of headings 0401 to 0404, not containing cocoa or containing less than 5% by weight of cocoa calculated on a totally defatted basis, not elsewhere specified or included:",,0,,1996-01-01
190110,80,2,"preparations suitable for infants or young children, put up for retail sale:",,0,,1996-01-01
,10,3,containing goods of headings 0401 to 0404:,,,,1996-01-01
19011011,80,4,containing more than 12 % by weight of milkfat,Fr. per 100 kg gross,1,392.00,1996-01-01
19011014,80,4,containing more than 6 % but not more than 12 % by weight of milkfat,Fr. per 100 kg gross,1,212.00,2005-02-01
19011015,80,4,containing more than 3 % but not more than 6 % by weight of milkfat,Fr. per 100 kg gross,1,212.00,2005-02-01
19011016,80,4,"containing more than 1,5 % but not more than 3 % by weight of milkfat",Fr. per 100 kg gross,1,212.00,2005-02-01
19011019,80,4,other,Fr. per 100 kg gross,1,212.00,2005-02-01
,10,3,not containing goods of headings 0401 to 0404:,,,,1996-01-01
19011021,80,4,containing sugar,Fr. per 100 kg gross,1,118.00,1996-01-01
19011022,80,4,not containing sugar,Fr. per 100 kg gross,1,81.00,1996-01-01
190120,80,2,mixes and doughs for the preparation of bakers' wares of heading 1905:,,0,,1996-01-01
,10,3,"containing more than 10% but not more than 20% by weight of meat, offal, blood, sausage or any combination thereof:",,,,1996-01-01
19012011,80,4,for infant use or for dietetic purposes,Fr. per 100 kg gross,1,42.50,1996-01-01
19012012,80,4,of wild boars,Fr. per 100 kg gross,1,42.50,1996-01-01
,10,4,other mixes and doughs:,,,,1996-01-01
19012018,80,5,"containing meat, offal, blood, sausage or any combination thereof of the animals of headings 0101 to 0104",Fr. per 100 kg gross,1,72.00,1996-01-01
19012019,80,5,other,Fr. per 100 kg gross,1,42.50,1996-01-01
,10,3,"other, containing goods of headings 0401 to 0404:",,,,1996-01-01
19012081,80,4,containing more than 25% by weight of milkfat,Fr. per 100 kg gross,1,1055.00,1996-01-01
19012082,80,4,containing more than 12% but not more than 25% by weight of milkfat,Fr. per 100 kg gross,1,511.00,1996-01-01
19012084,80,4,containing more than 6 % but not more than 12 % by weight of milkfat,Fr. per 100 kg gross,1,187.00,2005-02-01
19012085,80,4,containing more than 3 % but not more than 6 % by weight of milkfat,Fr. per 100 kg gross,1,187.00,2005-02-01
19012089,80,4,other,Fr. per 100 kg gross,1,187.00,2005-02-01
,10,3,"other, not containing goods of headings 0401 to 0404:",,,,1996-01-01
19012091,80,4,containing more than 25% by weight of milkfat,Fr. per 100 kg gross,1,1031.00,1996-01-01
19012092,80,4,containing more than 12% but not more than 25% by weight of milkfat,Fr. per 100 kg gross,1,465.00,1996-01-01
19012094,80,4,containing more than 6 % but not more than 12 % by weight of milkfat,Fr. per 100 kg gross,1,175.00,2005-02-01
19012095,80,4,containing more than 3 % but not more than 6 % by weight of milkfat,Fr. per 100 kg gross,1,175.00,2005-02-01
,10,4,other:,,,,2005-02-01
19012096,80,5,containing fat,Fr. per 100 kg gross,1,175.00,2005-02-01
19012098,80,5,other,Fr. per 100 kg gross,1,131.80,2005-02-01
190190,80,2,other:,,0,,1996-01-01
,10,3,"containing more than 10% but not more than 20% by weight of meat, offal, blood, sausage or any combination thereof:",,,,1996-01-01
19019011,80,4,for infant use or for dietetic purposes,Fr. per 100 kg gross,1,42.50,1996-01-01
19019012,80,4,of wild boars,Fr. per 100 kg gross,1,42.50,1996-01-01
,10,4,other:,,,,1996-01-01
19019018,80,5,"containing meat, offal, blood, sausage or any combination thereof of the animals of headings 0101 to 0104",Fr. per 100 kg gross,1,72.00,1996-01-01
19019019,80,5,other,Fr. per 100 kg gross,1,42.50,1996-01-01
,10,3,other:,,,,1996-01-01
,10,4,"malt extract, of a dry content of:",,,,1996-01-01
19019021,80,5,more than 80 %,Fr. per 100 kg gross,1,102.00,1998-07-01
19019022,80,5,not more than 80 %,Fr. per 100 kg gross,1,88.00,1998-07-01
,10,4,food preparations of goods of headings 0401 to 0404:,,,,1996-01-01
,10,5,"in powders, granules or other solid forms:",,,,1996-01-01
,10,6,"containing milkfat, of a milkfat content by weight:",,,,1996-01-01
19019031,80,7,exceeding 85 %,Fr. per 100 kg gross,1,1972.00,1998-07-01
19019032,80,7,exceeding 50 % but not exceeding 85 %,Fr. per 100 kg gross,1,1490.00,1998-07-01
19019033,80,7,exceeding 25 % but not exceeding 50 %,Fr. per 100 kg gross,1,861.00,1998-07-01
19019034,80,7,exceeding 11 % but not exceeding 25 %,Fr. per 100 kg gross,1,595.00,1998-07-01
19019035,80,7,"exceeding 1,5 % but not exceeding 11 %",Fr. per 100 kg gross,1,322.00,1998-07-01
19019036,80,7,"not exceeding 1,5 %",Fr. per 100 kg gross,1,267.00,1998-07-01
19019037,80,6,not containing milkfat,Fr. per 100 kg gross,1,166.00,1998-07-01
,10,5,other:,,,,1996-01-01
,10,6,"containing milkfat, of a milkfat content by weight:",,,,1996-01-01
19019041,80,7,exceeding 50 %,Fr. per 100 kg gross,1,1516.00,1998-07-01
,10,7,exceeding 20 % but not exceeding 50 %:,,,,1996-01-01
19019042,80,8,of a fat (other than milkfat) content exceeding 5%,Fr. per 100 kg gross,1,694.00,1998-07-01
19019043,80,8,other,Fr. per 100 kg gross,1,694.00,1998-07-01
,10,7,exceeding 3 % but not exceeding 20 %:,,,,1996-01-01
19019044,80,8,of a fat (other than milkfat) content exceeding 5%,Fr. per 100 kg gross,1,201.00,1998-07-01
19019045,80,8,other,Fr. per 100 kg gross,1,201.00,1998-07-01
19019046,80,7,not exceeding 3 %,Fr. per 100 kg gross,1,125.00,1998-07-01
19019047,80,6,not containing milkfat,Fr. per 100 kg gross,1,111.00,1998-07-01
,10,4,preparations containing the goods of headings 0401 to 0404 (other than those of subheadings 1901.9031 to 1901.9047):,,,,1996-01-01
19019081,80,5,containing more than 25% by weight of milkfat,Fr. per 100 kg gross,1,1055.00,1996-01-01
19019082,80,5,containing more than 12% but not more than 25% by weight of milkfat,Fr. per 100 kg gross,1,511.00,1996-01-01
19019089,80,5,other,Fr. per 100 kg gross,1,187.00,1996-01-01
,10,4,other preparations:,,,,1996-01-01
19019091,80,5,containing more than 25% by weight of milkfat,Fr. per 100 kg gross,1,1031.00,1996-01-01
19019092,80,5,containing more than 12% but not more than 25% by weight of milkfat,Fr. per 100 kg gross,1,465.00,1996-01-01
,10,5,not containing milkfat or containing not more than 12% by weight of milkfat:,,,,1996-01-01
,10,6,"of cereal flours, meals, starch or malt extracts:",,,,1996-01-01
19019093,80,7,containing fat,Fr. per 100 kg gross,1,164.00,1996-01-01
19019094,80,7,not containing fat,Fr. per 100 kg gross,1,128.00,1996-01-01
,10,6,other:,,,,1996-01-01
19019095,80,7,containing fat,Fr. per 100 kg gross,1,44.00,1996-01-01
,10,7,not containing fat:,,,,1996-01-01
19019096,80,8,containing sugar or eggs,Fr. per 100 kg gross,1,78.00,1996-01-01
19019099,80,8,other,Fr. per 100 kg gross,1,28.00,1996-01-01
1902,80,1,"Pasta, whether or not cooked or stuffed (with meat or other substances) or otherwise prepared, such as spaghetti, macaroni, noodles, lasagne, gnocchi, ravioli, cannelloni; couscous, whether or not prepared:",,0,,1988-01-01
,10,2,"uncooked pasta, not stuffed or otherwise prepared:",,,,1988-01-01
190211,80,3,containing eggs:,,0,,1988-01-01
19021110,80,4,made exclusively from durum wheat,Fr. per 100 kg gross,1,165.80,2005-02-01
19021190,80,4,other,Fr. per 100 kg gross,1,165.80,2005-02-01
190219,80,3,other:,,0,,1988-01-01
19021910,80,4,made exclusively from durum wheat,Fr. per 100 kg gross,1,121.60,2005-02-01
19021990,80,4,other,Fr. per 100 kg gross,1,121.60,2005-02-01
19022000,80,2,"stuffed pasta, whether or not cooked or otherwise prepared",Fr. per 100 kg gross,1,187.00,1988-01-01
19023000,80,2,other pasta,Fr. per 100 kg gross,1,187.00,1988-01-01
190240,80,2,couscous:,,0,,1988-01-01
,10,3,unprepared:,,,,2005-02-01
19024011,80,4,for human consumption,Fr. per 100 kg gross,1,121.60,2005-02-01
19024019,80,4,other,Fr. per 100 kg gross,1,121.60,2005-02-01
19024090,80,3,other,Fr. per 100 kg gross,1,187.00,1988-01-01
19030000,80,1,"Tapioca and substitutes therefor prepared from starch, in the form of flakes, grains, pearls, siftings or in similar forms",Fr. per 100 kg gross,1,1.80,1988-01-01
1904,80,1,"Prepared foods obtained by the swelling or roasting of cereals or cereal products (for example, corn flakes); cereals (other than maize (corn)) in grain form or in the form of flakes or other worked grains (except flour, groats and meal), pre-cooked or otherwise prepared, not elsewhere specified or included:",,0,,1996-01-01
190410,80,2,prepared foods obtained by the swelling or roasting of cereals or cereal products:,,0,,1996-01-01
19041010,80,3,«Müesli» type preparations,Fr. per 100 kg gross,1,92.70,1996-01-01
19041090,80,3,other,Fr. per 100 kg gross,1,18.00,1996-01-01
19042000,80,2,prepared foods obtained from unroasted cereal flakes or from mixtures of unroasted cereal flakes and roasted cereal flakes or swelled cereals,Fr. per 100 kg gross,1,81.60,1996-01-01
19043000,80,2,bulgur wheat,Fr. per 100 kg gross,1,148.00,2002-01-01
190490,80,2,other:,,0,,1996-01-01
19049010,80,3,"containing more than 10% but not more than 20% by weight of meat, offal, blood, sausage or any combination thereof",Fr. per 100 kg gross,1,42.50,1996-01-01
,10,3,other:,,,,1996-01-01
19049020,80,4,pre-cooked rice (minute rice),Fr. per 100 kg gross,1,0.00,1996-01-01
19049090,80,4,other,Fr. per 100 kg gross,1,126.70,2002-01-01
1905,80,1,"Bread, pastry, cakes, biscuits and other bakers' wares, whether or not containing cocoa; communion wafers, empty cachets of a kind suitable for pharmaceutical use, sealing wafers, rice paper and similar products:",,0,,1988-01-01
190510,80,2,crispbread:,,0,,1988-01-01
19051010,80,3,not containing added sugar or other sweetening matter,Fr. per 100 kg gross,1,122.20,1988-01-01
19051020,80,3,containing added sugar or other sweetening matter,Fr. per 100 kg gross,1,158.00,1988-01-01
190520,80,2,gingerbread and the like:,,0,,1988-01-01
,10,3,"containing milkfat, of a milkfat content by weight:",,,,2005-02-01
19052011,80,4,exceeding 9 %,Fr. per 100 kg gross,1,310.00,2005-02-01
19052012,80,4,exceeding 3 % but not exceeding 9 %,Fr. per 100 kg gross,1,310.00,2005-02-01
19052013,80,4,exceeding 1 % but not exceeding 3 %,Fr. per 100 kg gross,1,310.00,2005-02-01
19052020,80,3,containing other fat,Fr. per 100 kg gross,1,190.00,1988-01-01
19052030,80,3,not containing fat,Fr. per 100 kg gross,1,137.70,1988-01-01
,10,2,sweet biscuits; waffles and wafers:,,,,2002-01-01
190531,80,3,sweet biscuits:,,0,,2002-01-01
,10,4,"containing milkfat, of a milkfat content by weight:",,,,2005-02-01
19053111,80,5,exceeding 15 %,Fr. per 100 kg gross,1,482.00,2005-02-01
19053112,80,5,exceeding 6 % but not exceeding 15 %,Fr. per 100 kg gross,1,482.00,2005-02-01
19053113,80,5,exceeding 3 % but not exceeding 6 %,Fr. per 100 kg gross,1,482.00,2005-02-01
19053114,80,5,exceeding 1 % but not exceeding 3 %,Fr. per 100 kg gross,1,482.00,2005-02-01
,10,4,"other, of a content by weight of other fat:",,,,2005-02-01
19053191,80,5,exceeding 15 %,Fr. per 100 kg gross,1,210.00,2005-02-01
19053192,80,5,exceeding 6 % but not exceeding 15 %,Fr. per 100 kg gross,1,210.00,2005-02-01
19053193,80,5,exceeding 3 % but not exceeding 6 %,Fr. per 100 kg gross,1,210.00,2005-02-01
19053194,80,5,not exceeding 3 %,Fr. per 100 kg gross,1,210.00,2005-02-01
190532,80,3,waffles and wafers:,,0,,2002-01-01
19053210,80,4,not containing added sugar or other sweetening matter,Fr. per 100 kg gross,1,159.00,2002-01-01
19053220,80,4,containing added sugar or other sweetening matter,Fr. per 100 kg gross,1,197.20,2002-01-01
190540,80,2,"rusks, toasted bread and similar toasted products:",,0,,1988-01-01
19054010,80,3,not containing added sugar or other sweetening matter,Fr. per 100 kg gross,1,166.60,1988-01-01
,10,3,containing added sugar or other sweetening matter:,,,,1988-01-01
19054021,80,4,rusks,Fr. per 100 kg gross,1,183.60,1988-01-01
19054029,80,4,other,Fr. per 100 kg gross,1,170.00,1988-01-01
190590,80,2,other:,,0,,1988-01-01
,10,3,"bread and other ordinary bakers' wares, not containing added sugar or other sweetening matter, honey, eggs, fat, cheese, fruit or nuts:",,,,1988-01-01
,10,4,not put up for retail sale:,,,,1988-01-01
,10,5,breadcrumbs:,,,,1988-01-01
19059021,80,6,for animal feeding,Fr. per 100 kg gross,1,150.00,1999-01-01
19059025,80,6,other,Fr. per 100 kg gross,1,150.00,1999-01-01
19059029,80,5,other,Fr. per 100 kg gross,1,124.00,1999-01-01
,10,4,put up for retail sale:,,,,1988-01-01
19059031,80,5,matzos,Fr. per 100 kg gross,1,170.00,1999-01-01
19059032,80,5,breadcrumbs,Fr. per 100 kg gross,1,162.00,1999-01-01
19059039,80,5,other,Fr. per 100 kg gross,1,136.00,1999-01-01
19059040,80,3,"communion wafers, empty cachets of a kind suitable for pharmaceutical use, sealing wafers, rice paper and similar products",Fr. per 100 kg gross,1,0.00,1999-01-01
,10,3,other:,,,,1988-01-01
,10,4,"containing more than 10% but not more than 20% by weight of meat, offal, blood, sausage or any combination thereof:",,,,1988-01-01
19059071,80,5,for infant use or for dietetic purposes,Fr. per 100 kg gross,1,42.50,1995-07-01
19059072,80,5,of wild boars,Fr. per 100 kg gross,1,42.50,1995-07-01
,10,5,other:,,,,1988-01-01
19059078,80,6,"containing meat, offal, blood, sausage or any combination thereof of the animals of headings 0101 to 0104",Fr. per 100 kg gross,1,72.00,1995-07-01
19059079,80,6,other,Fr. per 100 kg gross,1,42.50,1995-07-01
19059081,80,4,"other, of flakes, flour, meal or starch of potatoes",Fr. per 100 kg gross,1,171.00,2005-02-01
19059082,80,4,"other, not containing added sugar or other sweetening matter",Fr. per 100 kg gross,1,171.00,2005-02-01
,10,4,"other, containing added sugar or other sweetening matter:",,,,1988-01-01
19059083,80,5,containing milkfat,Fr. per 100 kg gross,1,277.00,2005-02-01
,10,5,containing other fat:,,,,2005-02-01
19059084,80,6,breadcrumbs,Fr. per 100 kg gross,1,190.00,2005-02-01
19059085,80,6,other,Fr. per 100 kg gross,1,190.00,2005-02-01
,10,5,not containing fat:,,,,2005-02-01
19059086,80,6,breadcrumbs,Fr. per 100 kg gross,1,137.70,2005-02-01
19059089,80,6,other,Fr. per 100 kg gross,1,137.70,2005-02-01
20,80,0,"Preparations of vegetables, fruit, nuts or other parts of plants",,0,,1988-01-01
2001,80,1,"Vegetables, fruit, nuts and other edible parts of plants, prepared or preserved by vinegar or acetic acid:",,0,,1988-01-01
200110,80,2,cucumbers and gherkins:,,0,,1988-01-01
20011010,80,3,in containers holding more than 5 kg,Fr. per 100 kg gross,1,29.70,1988-01-01
20011020,80,3,in containers holding not more than 5 kg,Fr. per 100 kg gross,1,42.50,1988-01-01
200190,80,2,other:,,0,,1988-01-01
,10,3,fruit and nuts:,,,,1988-01-01
20019011,80,4,tropical,Fr. per 100 kg gross,1,21.00,1988-01-01
20019019,80,4,other,Fr. per 100 kg gross,1,32.00,1988-01-01
,10,3,vegetables and other edible parts of plants:,,,,1995-07-01
20019020,80,4,sweet corn (Zea mays var. saccharata),Fr. per 100 kg gross,1,21.00,1995-07-01
,10,4,potato preparations:,,,,1995-07-01
20019031,80,5,within the limits of the tariff quota (Q. No. 14),Fr. per 100 kg gross,1,50.00,1995-07-01
20019039,80,5,other,Fr. per 100 kg gross,1,99.00,1995-07-01
,10,4,other:,,,,1995-07-01
20019091,80,5,"onions, in containers holding more than 5 kg",Fr. per 100 kg gross,1,29.70,2002-01-01
20019092,80,5,"palm hearts; yams, sweet potatoes and similar edible plant parts of tariff heading 0714",Fr. per 100 kg gross,1,42.50,2005-02-01
20019098,80,5,other,Fr. per 100 kg gross,1,42.50,2005-02-01
2002,80,1,Tomatoes prepared or preserved otherwise than by vinegar or acetic acid:,,0,,1988-01-01
200210,80,2,"tomatoes, whole or in pieces:",,0,,1988-01-01
20021010,80,3,in containers holding more than 5 kg,Fr. per 100 kg gross,1,9.00,1988-01-01
20021020,80,3,in containers holding not more than 5 kg,Fr. per 100 kg gross,1,16.00,1988-01-01
200290,80,2,other:,,0,,1988-01-01
20029010,80,3,in containers holding more than 5 kg,Fr. per 100 kg gross,1,9.00,1988-01-01
,10,3,in containers holding not more than 5 kg:,,,,1988-01-01
20029021,80,4,"tomato pulp, purée and concentrates, in airtight containers, of a dry extract content of 25% or more by weight, composed of tomatoes and water, whether or not salted or otherwise seasoned",Fr. per 100 kg gross,1,41.00,1988-01-01
20029029,80,4,other,Fr. per 100 kg gross,1,16.00,1988-01-01
2003,80,1,"Mushrooms and truffles, prepared or preserved otherwise than by vinegar or acetic acid:",,0,,1988-01-01
20031000,80,2,mushrooms of the genus Agaricus,Fr. per 100 kg gross,1,46.80,2002-01-01
200390,80,2,other:,,0,,2012-01-01
20039010,80,3,truffles,Fr. per 100 kg gross,1,0.00,2012-01-01
20039090,80,3,other,Fr. per 100 kg gross,1,46.80,2012-01-01
2004,80,1,"Other vegetables prepared or preserved otherwise than by vinegar or acetic acid, frozen, other than products of heading 2006:",,0,,1996-01-01
200410,80,2,potatoes:,,0,,1996-01-01
,10,3,in containers holding more than 5 kg:,,,,1996-01-01
,10,4,within the limits of the tariff quota (Q. No. 14):,,,,2005-02-01
20041012,80,5,"in the form of flour, meal or flakes",Fr. per 100 kg gross,1,50.00,2005-02-01
20041013,80,5,other,Fr. per 100 kg gross,1,50.00,2005-02-01
,10,4,other:,,,,2005-02-01
20041014,80,5,"in the form of flour, meal or flakes",Fr. per 100 kg gross,1,224.00,2005-02-01
20041018,80,5,other,Fr. per 100 kg gross,1,224.00,2005-02-01
,10,3,other:,,,,1996-01-01
,10,4,within the limits of the tariff quota (Q. No. 14):,,,,2005-02-01
20041092,80,5,"in the form of flour, meal or flakes",Fr. per 100 kg gross,1,70.00,2005-02-01
20041093,80,5,other,Fr. per 100 kg gross,1,70.00,2005-02-01
,10,4,other:,,,,2005-02-01
20041094,80,5,"in the form of flour, meal or flakes",Fr. per 100 kg gross,1,224.00,2005-02-01
20041098,80,5,other,Fr. per 100 kg gross,1,224.00,2005-02-01
200490,80,2,other vegetables and mixtures of vegetables:,,0,,1996-01-01
,10,3,in containers holding more than 5 kg:,,,,1996-01-01
20049011,80,4,asparagus,Fr. per 100 kg gross,1,29.00,1996-01-01
20049012,80,4,olives,Fr. per 100 kg gross,1,29.00,1996-01-01
20049013,80,4,sweet corn (Zea mays var. saccharata),Fr. per 100 kg gross,1,21.00,1998-07-01
20049018,80,4,other vegetables,Fr. per 100 kg gross,1,42.50,1998-07-01
,10,4,mixtures of vegetables:,,,,1996-01-01
,10,5,containing potatoes:,,,,1996-01-01
20049028,80,6,within the limits of the tariff quota (Q. No. 14),Fr. per 100 kg gross,1,50.00,1996-01-01
20049029,80,6,other,Fr. per 100 kg gross,1,224.00,1996-01-01
20049039,80,5,other mixtures,Fr. per 100 kg gross,1,42.50,1996-01-01
,10,3,in containers holding not more than 5 kg:,,,,1996-01-01
20049041,80,4,asparagus,Fr. per 100 kg gross,1,17.00,1996-01-01
20049042,80,4,olives,Fr. per 100 kg gross,1,35.00,1996-01-01
20049043,80,4,sweet corn (Zea mays var. saccharata),Fr. per 100 kg gross,1,21.00,1996-01-01
20049049,80,4,other vegetables,Fr. per 100 kg gross,1,59.50,1996-01-01
,10,4,mixtures of vegetables:,,,,1996-01-01
,10,5,containing potatoes:,,,,1996-01-01
20049051,80,6,within the limits of the tariff quota (Q. No. 14),Fr. per 100 kg gross,1,70.00,1996-01-01
20049059,80,6,other,Fr. per 100 kg gross,1,224.00,1996-01-01
20049069,80,5,other mixtures,Fr. per 100 kg gross,1,59.50,1996-01-01
2005,80,1,"Other vegetables prepared or preserved otherwise than by vinegar or acetic acid, not frozen, other than products of heading 2006:",,0,,1996-01-01
20051000,80,2,homogenised vegetables,Fr. per 100 kg gross,1,49.00,1996-01-01
200520,80,2,potatoes:,,0,,1996-01-01
,10,3,"preparations in the form of flour, meal or flakes, consisting mainly of potatoes:",,,,1996-01-01
20052011,80,4,containing more than 80% by weight of potatoes,Fr. per 100 kg gross,1,388.00,1996-01-01
20052012,80,4,containing not more than 80% by weight of potatoes,Fr. per 100 kg gross,1,318.80,1996-01-01
,10,3,"in the form of thin discs or fine chips, fried in fat or oil; extruded products:",,,,1996-01-01
,10,4,within the limits of the tariff quota (Q. No. 14):,,,,1996-01-01
20052021,80,5,in containers holding more than 5 kg,Fr. per 100 kg gross,1,50.00,1996-01-01
20052022,80,5,other,Fr. per 100 kg gross,1,70.00,1996-01-01
20052029,80,4,other,Fr. per 100 kg gross,1,935.00,1996-01-01
,10,3,other:,,,,1996-01-01
,10,4,within the limits of the tariff quota (Q. No. 14):,,,,1996-01-01
20052092,80,5,in containers holding more than 5 kg,Fr. per 100 kg gross,1,50.00,1996-01-01
20052093,80,5,other,Fr. per 100 kg gross,1,70.00,1996-01-01
20052099,80,4,other,Fr. per 100 kg gross,1,935.00,1996-01-01
200540,80,2,peas (Pisum sativum):,,0,,1996-01-01
20054010,80,3,in containers holding more than 5 kg,Fr. per 100 kg gross,1,42.50,1996-01-01
20054090,80,3,other,Fr. per 100 kg gross,1,59.50,1996-01-01
,10,2,"beans (Vigna spp., Phaseolus spp.):",,,,1996-01-01
200551,80,3,"beans, shelled:",,0,,1996-01-01
20055110,80,4,in containers holding more than 5 kg,Fr. per 100 kg gross,1,42.50,1996-01-01
20055190,80,4,other,Fr. per 100 kg gross,1,59.50,1996-01-01
200559,80,3,other:,,0,,1996-01-01
20055910,80,4,in containers holding more than 5 kg,Fr. per 100 kg gross,1,42.50,1996-01-01
20055990,80,4,other,Fr. per 100 kg gross,1,59.50,1996-01-01
200560,80,2,asparagus:,,0,,1996-01-01
20056010,80,3,in containers holding more than 5 kg,Fr. per 100 kg gross,1,29.00,1996-01-01
20056090,80,3,other,Fr. per 100 kg gross,1,14.00,1996-01-01
200570,80,2,olives:,,0,,1996-01-01
20057010,80,3,in containers holding more than 5 kg,Fr. per 100 kg gross,1,29.00,1996-01-01
20057090,80,3,other,Fr. per 100 kg gross,1,39.00,1996-01-01
20058000,80,2,sweet corn (Zea mays var. saccharata),Fr. per 100 kg gross,1,0.00,1996-01-01
,10,2,other vegetables and mixtures of vegetables:,,,,2007-01-01
200591,80,3,bamboo shoots:,,0,,2007-01-01
20059110,80,4,in containers holding more than 5 kg,Fr. per 100 kg gross,1,42.50,2007-01-01
20059190,80,4,other,Fr. per 100 kg gross,1,59.50,2007-01-01
200599,80,3,other:,,0,,2007-01-01
20059910,80,4,sauerkraut,Fr. per 100 kg gross,1,38.00,2007-01-01
,10,4,"other, in containers holding more than 5 kg:",,,,2007-01-01
20059911,80,5,other vegetables,Fr. per 100 kg gross,1,42.50,2007-01-01
,10,5,mixtures of vegetables:,,,,2007-01-01
,10,6,containing potatoes:,,,,2007-01-01
20059921,80,7,within the limits of the tariff quota (Q. No. 14),Fr. per 100 kg gross,1,50.00,2007-01-01
20059929,80,7,other,Fr. per 100 kg gross,1,336.60,2007-01-01
20059939,80,6,other mixtures,Fr. per 100 kg gross,1,42.50,2007-01-01
,10,4,in containers holding not more than 5 kg:,,,,2007-01-01
20059941,80,5,other vegetables,Fr. per 100 kg gross,1,59.50,2007-01-01
,10,5,mixtures of vegetables:,,,,2007-01-01
,10,6,containing potatoes:,,,,2007-01-01
20059951,80,7,within the limits of the tariff quota (Q. No. 14),Fr. per 100 kg gross,1,70.00,2007-01-01
20059959,80,7,other,Fr. per 100 kg gross,1,336.60,2007-01-01
20059969,80,6,other mixtures,Fr. per 100 kg gross,1,59.50,2007-01-01
2006,80,1,"Vegetables, fruit, nuts, fruit-peel and other parts of plants, preserved by sugar (drained, glacé or crystallised):",,0,,1996-01-01
20060010,80,2,"tropical fruits, tropical nuts and tropical fruit-peel",Fr. per 100 kg gross,1,8.00,1996-01-01
20060020,80,2,sweet corn (Zea mays var. saccharata),Fr. per 100 kg gross,1,32.00,2005-02-01
20060080,80,2,other,Fr. per 100 kg gross,1,32.00,2005-02-01
2007,80,1,"Jams, fruit jellies, marmalades, fruit or nut purée and fruit or nut pastes, obtained by cooking, whether or not containing added sugar or other sweetening matter:",,0,,1988-01-01
20071000,80,2,homogenised preparations,Fr. per 100 kg gross,1,32.00,1988-01-01
,10,2,other:,,,,1988-01-01
200791,80,3,citrus fruit:,,0,,1988-01-01
20079110,80,4,not containing added sugar or other sweetening matter,Fr. per 100 kg gross,1,14.00,1988-01-01
20079120,80,4,containing added sugar or other sweetening matter,Fr. per 100 kg gross,1,32.00,1988-01-01
200799,80,3,other:,,0,,1988-01-01
,10,4,not containing added sugar or other sweetening matter:,,,,1988-01-01
20079911,80,5,tropical fruits and tropical nuts,Fr. per 100 kg gross,1,4.00,1988-01-01
20079919,80,5,other,Fr. per 100 kg gross,1,14.00,1988-01-01
,10,4,containing added sugar or other sweetening matter:,,,,1988-01-01
20079921,80,5,tropical fruits and tropical nuts,Fr. per 100 kg gross,1,21.00,1988-01-01
20079929,80,5,other,Fr. per 100 kg gross,1,38.00,1988-01-01
2008,80,1,"Fruit, nuts and other edible parts of plants, otherwise prepared or preserved, whether or not containing added sugar or other sweetening matter or spirit, not elsewhere specified or included:",,0,,1988-01-01
,10,2,"nuts, ground-nuts and other seeds, whether or not mixed together:",,,,1988-01-01
200811,80,3,ground-nuts:,,0,,1988-01-01
20081110,80,4,peanut butter,Fr. per 100 kg gross,1,103.00,1988-01-01
20081190,80,4,other,Fr. per 100 kg gross,1,4.00,1988-01-01
200819,80,3,"other, including mixtures:",,0,,1988-01-01
20081910,80,4,tropical fruits and tropical nuts,Fr. per 100 kg gross,1,4.00,1995-07-01
20081990,80,4,other,Fr. per 100 kg gross,1,11.00,1995-07-01
20082000,80,2,pineapples,Fr. per 100 kg gross,1,18.00,1988-01-01
200830,80,2,citrus fruit:,,0,,1988-01-01
20083010,80,3,"pulp, not containing added sugar or other sweetening matter",Fr. per 100 kg gross,1,18.00,1988-01-01
20083090,80,3,other,Fr. per 100 kg gross,1,21.00,1988-01-01
200840,80,2,pears:,,0,,1988-01-01
20084010,80,3,"pulp, not containing added sugar or other sweetening matter",Fr. per 100 kg gross,1,21.00,1988-01-01
20084090,80,3,other,Fr. per 100 kg gross,1,38.00,1988-01-01
200850,80,2,apricots:,,0,,1988-01-01
20085010,80,3,"pulp, not containing added sugar or other sweetening matter",Fr. per 100 kg gross,1,21.00,1988-01-01
20085090,80,3,other,Fr. per 100 kg gross,1,34.00,1988-01-01
20086000,80,2,cherries,Fr. per 100 kg gross,1,25.50,1988-01-01
200870,80,2,"peaches, including nectarines:",,0,,1988-01-01
20087010,80,3,"pulp, not containing added sugar or other sweetening matter",Fr. per 100 kg gross,1,21.00,1989-01-01
20087090,80,3,other,Fr. per 100 kg gross,1,25.50,1989-01-01
20088000,80,2,strawberries,Fr. per 100 kg gross,1,25.50,1988-01-01
,10,2,"other, including mixtures other than those of subheading 2008.19:",,,,1988-01-01
20089100,80,3,palm hearts,Fr. per 100 kg gross,1,28.00,1988-01-01
200893,80,3,"cranberries (Vaccinium macrocarpon, Vaccinium oxycoccos); lingonberries (Vaccinium vitis-idaea):",,0,,2012-01-01
20089310,80,4,"pulp, not containing added sugar or other sweetening matter",Fr. per 100 kg gross,1,18.00,2012-01-01
20089390,80,4,other,Fr. per 100 kg gross,1,25.50,2012-01-01
200897,80,3,mixtures:,,0,,2012-01-01
20089711,80,4,of tropical fruits and tropical nuts,Fr. per 100 kg gross,1,28.00,2012-01-01
20089799,80,4,other,Fr. per 100 kg gross,1,28.00,2012-01-01
200899,80,3,other:,,0,,1988-01-01
,10,4,"pulp, not containing added sugar or other sweetening matter:",,,,1988-01-01
20089911,80,5,of tropical fruits,Fr. per 100 kg gross,1,4.00,1988-01-01
20089919,80,5,other,Fr. per 100 kg gross,1,18.00,1988-01-01
,10,4,other:,,,,1988-01-01
20089991,80,5,apples,Fr. per 100 kg gross,1,38.00,1988-01-01
,10,5,other fruit:,,,,1988-01-01
20089996,80,6,tropical fruits and tropical nuts,Fr. per 100 kg gross,1,25.50,1995-07-01
20089997,80,6,other,Fr. per 100 kg gross,1,25.50,1995-07-01
20089998,80,5,"maize (corn), other than sweet corn (Zea mays var. saccharata)",Fr. per 100 kg gross,1,21.00,1995-07-01
20089999,80,5,other parts of plants,Fr. per 100 kg gross,1,77.00,1989-01-01
2009,80,1,"Fruit or nut juices (including grape must and coconut water) and vegetable juices, unfermented and not containing added spirit, whether or not containing added sugar or other sweetening matter:",,0,,1988-01-01
,10,2,orange juice:,,,,1988-01-01
200911,80,3,frozen:,,0,,1988-01-01
20091110,80,4,not containing added sugar or other sweetening matter,Fr. per 100 kg gross,1,14.00,1988-01-01
20091120,80,4,containing added sugar or other sweetening matter,Fr. per 100 kg gross,1,49.00,1988-01-01
200912,80,3,"not frozen, of a Brix value not exceeding 20:",,0,,2002-01-01
20091210,80,4,not containing added sugar or other sweetening matter,Fr. per 100 kg gross,1,14.00,2002-01-01
20091220,80,4,containing added sugar or other sweetening matter,Fr. per 100 kg gross,1,49.00,2002-01-01
200919,80,3,other:,,0,,1988-01-01
20091930,80,4,not containing added sugar or other sweetening matter,Fr. per 100 kg gross,1,14.00,2002-01-01
20091940,80,4,containing added sugar or other sweetening matter,Fr. per 100 kg gross,1,49.00,2002-01-01
,10,2,grapefruit juice; pomelo juice:,,,,2002-01-01
200921,80,3,of a Brix value not exceeding 20:,,0,,2002-01-01
20092110,80,4,not containing added sugar or other sweetening matter,Fr. per 100 kg gross,1,14.00,2002-01-01
20092120,80,4,containing added sugar or other sweetening matter,Fr. per 100 kg gross,1,49.00,2002-01-01
200929,80,3,other:,,0,,2002-01-01
20092910,80,4,not containing added sugar or other sweetening matter,Fr. per 100 kg gross,1,0.00,2002-01-01
20092920,80,4,containing added sugar or other sweetening matter,Fr. per 100 kg gross,1,49.00,2002-01-01
,10,2,juice of any other single citrus fruit:,,,,2002-01-01
200931,80,3,of a Brix value not exceeding 20:,,0,,2002-01-01
,10,4,not containing added sugar or other sweetening matter:,,,,2002-01-01
20093111,80,5,crude lemon juice (whether or not stabilised),Fr. per 100 kg gross,1,0.00,2002-01-01
20093119,80,5,other,Fr. per 100 kg gross,1,20.00,2002-01-01
20093120,80,4,containing added sugar or other sweetening matter,Fr. per 100 kg gross,1,49.00,2002-01-01
200939,80,3,other:,,0,,2002-01-01
,10,4,not containing added sugar or other sweetening matter:,,,,2002-01-01
20093911,80,5,agro-cotto,Fr. per 100 kg gross,1,0.00,2002-01-01
20093919,80,5,other,Fr. per 100 kg gross,1,20.00,2002-01-01
20093920,80,4,containing added sugar or other sweetening matter,Fr. per 100 kg gross,1,49.00,2002-01-01
,10,2,pineapple juice:,,,,2002-01-01
200941,80,3,of a Brix value not exceeding 20:,,0,,2002-01-01
20094110,80,4,not containing added sugar or other sweetening matter,Fr. per 100 kg gross,1,14.00,2002-01-01
20094120,80,4,containing added sugar or other sweetening matter,Fr. per 100 kg gross,1,35.00,2002-01-01
200949,80,3,other:,,0,,2002-01-01
20094910,80,4,not containing added sugar or other sweetening matter,Fr. per 100 kg gross,1,14.00,2002-01-01
20094920,80,4,containing added sugar or other sweetening matter,Fr. per 100 kg gross,1,35.00,2002-01-01
20095000,80,2,tomato juice,Fr. per 100 kg gross,1,14.00,1988-01-01
,10,2,grape juice (including grape must):,,,,2002-01-01
200961,80,3,of a Brix value not exceeding 30:,,0,,2002-01-01
,10,4,in containers holding more than 3 litres:,,,,2002-01-01
20096111,80,5,within the limits of the tariff quota (Q. No. 22),Fr. per 100 kg gross,1,34.00,2002-01-01
20096119,80,5,other,Fr. per litre,1,3.47,2002-01-01
,10,4,in containers holding not more than 3 litres:,,,,2002-01-01
20096122,80,5,within the limits of the tariff quota (Q. No. 22),Fr. per 100 kg gross,1,50.00,2002-01-01
20096129,80,5,other,Fr. per litre,1,3.94,2002-01-01
200969,80,3,other:,,0,,2002-01-01
20096910,80,4,within the limits of the tariff quota (Q. No. 22),Fr. per 100 kg gross,1,100.00,2002-01-01
20096990,80,4,other,Fr. per 100 kg gross,1,782.00,2002-01-01
,10,2,apple juice:,,,,2002-01-01
200971,80,3,of a Brix value not exceeding 20:,,0,,2002-01-01
,10,4,in containers holding more than 3 litres:,,,,2002-01-01
20097111,80,5,within the limits of the tariff quota (Q. No. 21),Fr. per 100 kg gross,1,30.00,2002-01-01
20097119,80,5,other,Fr. per 100 kg gross,1,82.00,2002-01-01
,10,4,in containers holding not more than 3 litres:,,,,2002-01-01
20097121,80,5,within the limits of the tariff quota (Q. No. 21),Fr. per 100 kg gross,1,50.00,2002-01-01
20097129,80,5,other,Fr. per 100 kg gross,1,82.00,2002-01-01
200979,80,3,other:,,0,,2002-01-01
20097910,80,4,within the limits of the tariff quota (Q. No. 21),Fr. per 100 kg gross,1,100.00,2002-01-01
20097990,80,4,other,Fr. per 100 kg gross,1,260.00,2002-01-01
,10,2,"juice of any other single fruit, nut or vegetable:",,,,2012-01-01
200981,80,3,"cranberry (Vaccinium macrocarpon, Vaccinium oxycoccos) juice; lingonberry (Vaccinium vitis-idaea) juice:",,0,,2012-01-01
20098110,80,4,not containing added sugar or other sweetening matter,Fr. per 100 kg gross,1,20.00,2012-01-01
20098120,80,4,containing added sugar or other sweetening matter,Fr. per 100 kg gross,1,59.50,2012-01-01
200989,80,3,other:,,0,,2012-01-01
20098910,80,4,vegetable juice,Fr. per 100 kg gross,1,14.00,2012-01-01
,10,4,pear juice:,,,,2012-01-01
,10,5,"not concentrated, in containers holding more than 3 litres:",,,,2012-01-01
20098921,80,6,within the limits of the tariff quota (Q. No. 21),Fr. per 100 kg gross,1,30.00,2012-01-01
20098929,80,6,other,Fr. per 100 kg gross,1,82.00,2012-01-01
,10,5,"not concentrated, in containers holding not more than 3 litres:",,,,2012-01-01
20098931,80,6,within the limits of the tariff quota (Q. No. 21),Fr. per 100 kg gross,1,50.00,2012-01-01
20098939,80,6,other,Fr. per 100 kg gross,1,82.00,2012-01-01
,10,5,concentrated:,,,,2012-01-01
20098941,80,6,within the limits of the tariff quota (Q. No. 21),Fr. per 100 kg gross,1,100.00,2012-01-01
20098949,80,6,other,Fr. per 100 kg gross,1,217.00,2012-01-01
,10,4,other:,,,,2012-01-01
,10,5,not containing added sugar or other sweetening matter:,,,,2012-01-01
20098981,80,6,of tropical fruits and tropical nuts,Fr. per 100 kg gross,1,6.00,2012-01-01
20098989,80,6,other,Fr. per 100 kg gross,1,20.00,2012-01-01
,10,5,containing added sugar or other sweetening matter:,,,,2012-01-01
20098991,80,6,of tropical fruits and tropical nuts,Fr. per 100 kg gross,1,14.00,2012-01-01
20098999,80,6,other,Fr. per 100 kg gross,1,59.50,2012-01-01
200990,80,2,mixtures of juices:,,0,,1988-01-01
,10,3,vegetable juices:,,,,1995-07-01
,10,4,containing pome-fruit juices:,,,,1995-07-01
20099011,80,5,within the limits of the tariff quota (Q. No. 21),Fr. per 100 kg gross,1,20.00,1995-07-01
20099019,80,5,other,Fr. per 100 kg gross,1,82.00,1995-07-01
20099029,80,4,other,Fr. per 100 kg gross,1,17.00,1995-07-01
,10,3,other:,,,,1995-07-01
20099030,80,4,"with a basis of grape juice, concentrated",Fr. per 100 kg gross,1,782.00,1995-07-01
,10,4,"with a basis of pome-fruit juices, concentrated:",,,,1995-07-01
20099031,80,5,within the limits of the tariff quota (Q. No. 21),Fr. per 100 kg gross,1,100.00,1995-07-01
20099039,80,5,other,Fr. per 100 kg gross,1,256.00,1995-07-01
,10,4,"other, not containing added sugar or other sweetening matter:",,,,1995-07-01
,10,5,"containing pome-fruit juices, concentrated:",,,,1995-07-01
20099041,80,6,within the limits of the tariff quota (Q. No. 21),Fr. per 100 kg gross,1,28.00,1995-07-01
20099049,80,6,other,Fr. per 100 kg gross,1,256.00,1995-07-01
,10,5,"containing pome-fruit juices, not concentrated:",,,,1995-07-01
20099051,80,6,within the limits of the tariff quota (Q. No. 21),Fr. per 100 kg gross,1,28.00,1995-07-01
20099059,80,6,other,Fr. per 100 kg gross,1,82.00,1995-07-01
,10,5,other:,,,,1995-07-01
20099061,80,6,with a basis of juices of tropical fruits or tropical nuts,Fr. per 100 kg gross,1,7.00,1995-07-01
20099069,80,6,other,Fr. per 100 kg gross,1,7.00,1995-07-01
,10,4,"other, containing added sugar or other sweetening matter:",,,,1995-07-01
,10,5,"containing pome-fruit juices, concentrated:",,,,1995-07-01
20099071,80,6,within the limits of the tariff quota (Q. No. 21),Fr. per 100 kg gross,1,70.00,1995-07-01
20099079,80,6,other,Fr. per 100 kg gross,1,256.00,1995-07-01
,10,5,"containing pome-fruit juices, not concentrated:",,,,1995-07-01
20099081,80,6,within the limits of the tariff quota (Q. No. 21),Fr. per 100 kg gross,1,70.00,1995-07-01
20099089,80,6,other,Fr. per 100 kg gross,1,82.00,1995-07-01
,10,5,other:,,,,1995-07-01
20099098,80,6,with a basis of tropical-fruits juices,Fr. per 100 kg gross,1,18.00,1995-07-01
20099099,80,6,other,Fr. per 100 kg gross,1,18.00,1995-07-01
21,80,0,Miscellaneous edible preparations,,0,,1988-01-01
2101,80,1,"Extracts, essences and concentrates, of coffee, tea or maté and preparations with a basis of these products or with a basis of coffee, tea or maté; roasted chicory and other roasted coffee substitutes, and extracts, essences and concentrates thereof:",,0,,1988-01-01
,10,2,"extracts, essences and concentrates, of coffee, and preparations with a basis of these extracts, essences or concentrates or with a basis of coffee:",,,,1996-01-01
21011100,80,3,"extracts, essences and concentrates",Fr. per 100 kg gross,1,182.00,1996-01-01
210112,80,3,"preparations with a basis of extracts, essences or concentrates or with a basis of coffee:",,0,,1996-01-01
,10,4,"preparations with a basis of extracts, essences or concentrates:",,,,2005-02-01
21011211,80,5,"containing 1.5 % or more by weight of milkfat, 2.5 % or more by weight of milk protein, 5 % or more by weight of sugar or 5 % or more by weight of starch",Fr. per 100 kg gross,1,182.00,2005-02-01
21011219,80,5,other,Fr. per 100 kg gross,1,182.00,2005-02-01
,10,4,other:,,,,2005-02-01
21011291,80,5,"containing 1.5 % or more by weight of milkfat, 2.5 % or more by weight of milk protein, 5 % or more by weight of sugar or 5 % or more by weight of starch",Fr. per 100 kg gross,1,154.00,2005-02-01
21011299,80,5,other,Fr. per 100 kg gross,1,154.00,2005-02-01
210120,80,2,"extracts, essences and concentrates, of tea or maté, and preparations with a basis of these extracts, essences or concentrates or with a basis of tea or maté:",,0,,1988-01-01
,10,3,"extracts, essences and concentrates, of tea or maté, and preparations with a basis of these extracts, essences or concentrates:",,,,2005-02-01
21012011,80,4,"containing 1.5 % or more by weight of milkfat, 2.5 % or more by weight of milk protein, 5 % or more by weight of sugar or 5 % or more by weight of starch",Fr. per 100 kg gross,1,189.00,2005-02-01
21012019,80,4,other,Fr. per 100 kg gross,1,189.00,2005-02-01
,10,3,other:,,,,2005-02-01
21012091,80,4,"containing 1.5 % or more by weight of milkfat, 2.5 % or more by weight of milk protein, 5 % or more by weight of sugar or 5 % or more by weight of starch",Fr. per 100 kg gross,1,124.00,2005-02-01
21012099,80,4,other,Fr. per 100 kg gross,1,124.00,2005-02-01
21013000,80,2,"roasted chicory and other roasted coffee substitutes, and extracts, essences and concentrates thereof",Fr. per 100 kg gross,1,35.00,1988-01-01
2102,80,1,"Yeasts (active or inactive); other single-cell micro-organisms, dead (but not including vaccines of heading 3002); prepared baking powders:",,0,,1988-01-01
210210,80,2,active yeasts:,,0,,1988-01-01
21021010,80,3,bakers' yeast (pressed yeast),Fr. per 100 kg gross,1,52.50,1988-01-01
,10,3,other:,,,,1995-07-01
21021091,80,4,for animal feeding,Fr. per 100 kg gross,1,25.00,1995-07-01
21021099,80,4,other,Fr. per 100 kg gross,1,7.00,1995-07-01
210220,80,2,"inactive yeasts; other single-cell micro-organisms, dead:",,0,,1988-01-01
,10,3,inactive yeasts:,,,,1995-07-01
21022011,80,4,for animal feeding,Fr. per 100 kg gross,1,23.00,1995-07-01
21022019,80,4,other,Fr. per 100 kg gross,1,7.00,1995-07-01
,10,3,"other single-cell micro-organisms, dead:",,,,1995-07-01
21022021,80,4,for animal feeding,Fr. per 100 kg gross,1,23.00,1995-07-01
21022029,80,4,other,Fr. per 100 kg gross,1,7.00,1995-07-01
21023000,80,2,prepared baking powders,Fr. per 100 kg gross,1,11.00,1988-01-01
2103,80,1,Sauces and preparations therefor; mixed condiments and mixed seasonings; mustard flour and meal and prepared mustard:,,0,,1988-01-01
21031000,80,2,soya sauce,Fr. per 100 kg gross,1,35.00,1988-01-01
21032000,80,2,tomato ketchup and other tomato sauces,Fr. per 100 kg gross,1,35.00,1988-01-01
210330,80,2,mustard flour and meal and prepared mustard:,,0,,1988-01-01
21033011,80,3,mustard flour and meal for animal feeding,Fr. per 100 kg gross,1,43.00,1995-07-01
,10,3,other:,,,,1995-07-01
21033018,80,4,"mustard flour and meal, unmixed",Fr. per 100 kg gross,1,4.00,1995-07-01
21033019,80,4,other,Fr. per 100 kg gross,1,31.00,1995-07-01
21039000,80,2,other,Fr. per 100 kg gross,1,35.00,1988-01-01
2104,80,1,Soups and broths and preparations therefor; homogenised composite food preparations:,,0,,1988-01-01
21041000,80,2,soups and broths and preparations therefor,Fr. per 100 kg gross,1,35.00,1988-01-01
21042000,80,2,homogenised composite food preparations,Fr. per 100 kg gross,1,35.00,1988-01-01
2105,80,1,"Ice cream and other edible ice, whether or not containing cocoa:",,0,,1988-01-01
21050010,80,2,containing more than 13 % by weight of milkfat,Fr. per 100 kg gross,1,93.00,2005-02-01
21050020,80,2,containing more than 10 % but not more than 13 % by weight of milkfat,Fr. per 100 kg gross,1,93.00,2005-02-01
21050030,80,2,containing more than 7 % but not more than 10 % by weight of milkfat,Fr. per 100 kg gross,1,93.00,2005-02-01
21050040,80,2,containing more than 3 % but not more than 7 % by weight of milkfat,Fr. per 100 kg gross,1,93.00,2005-02-01
,10,2,not containing milkfat or containing not more than 3 % by weight of milkfat:,,,,2005-02-01
21050051,80,3,containing more than 10 % by weight of other fat,Fr. per 100 kg gross,1,93.00,2005-02-01
21050052,80,3,containing more than 3 % but not more than 10 % by weight of other fat,Fr. per 100 kg gross,1,93.00,2005-02-01
21050053,80,3,not containing fat or containing not more than 3 % by weight of other fat,Fr. per 100 kg gross,1,93.00,2005-02-01
2106,80,1,Food preparations not elsewhere specified or included:,,0,,1988-01-01
210610,80,2,protein concentrates and textured protein substances:,,0,,1988-01-01
21061011,80,3,"containing milkfat, other fat or sugar",Fr. per 100 kg gross,1,174.00,1988-01-01
21061019,80,3,other,Fr. per 100 kg gross,1,93.50,1988-01-01
210690,80,2,other:,,0,,1996-01-01
21069010,80,3,sweeteners in the form of tablets,Fr. per 100 kg gross,1,105.00,1996-01-01
,10,3,"mixtures of extracts and concentrates of vegetable substances, of a kind used in the preparation of beverages:",,,,1996-01-01
,10,4,non-alcoholic:,,,,1996-01-01
21069021,80,5,"containing added sugar or other sweetening matter, of a sucrose content exceeding 60% by weight",Fr. per 100 kg gross,1,148.00,1996-01-01
21069022,80,5,"containing added sugar or other sweetening matter, of a sucrose content exceeding 50% but not exceeding 60% by weight",Fr. per 100 kg gross,1,136.00,1996-01-01
21069023,80,5,"containing added sugar or other sweetening matter, of a sucrose content not exceeding 50% by weight",Fr. per 100 kg gross,1,129.00,1996-01-01
21069024,80,5,not containing added sugar or other sweetening matter,Fr. per 100 kg gross,1,127.50,1996-01-01
21069029,80,4,other,Fr. per 100 kg gross,1,85.00,1996-01-01
21069030,80,3,protein hydrolysates and yeast autolysates,Fr. per 100 kg gross,1,93.50,1996-01-01
21069040,80,3,"chewing-gum and sweets, tablets, pastilles and the like, not containing sugar",Fr. per 100 kg gross,1,92.50,1996-01-01
,10,3,other food preparations:,,,,1996-01-01
21069050,80,4,"containing more than 10% but not more than 20% by weight of meat, offal, blood, sausage or any combination thereof and not more than 20% by weight of milkfat",Fr. per 100 kg gross,1,72.00,2005-02-01
,10,4,other:,,,,1996-01-01
,10,5,"containing milkfat, of a milkfat content by weight:",,,,1996-01-01
21069060,80,6,exceeding 50 %,Fr. per 100 kg gross,1,1686.00,2005-02-01
,10,6,exceeding 35 % but not exceeding 50 %:,,,,2005-02-01
21069061,80,7,of a fat (other than milkfat) content exceeding 5%,Fr. per 100 kg gross,1,785.00,2005-02-01
21069062,80,7,other,Fr. per 100 kg gross,1,785.00,2005-02-01
,10,6,exceeding 20 % but not exceeding 35 %:,,,,2005-02-01
21069063,80,7,of a fat (other than milkfat) content exceeding 5%,Fr. per 100 kg gross,1,785.00,2005-02-01
21069064,80,7,other,Fr. per 100 kg gross,1,785.00,2005-02-01
21069065,80,6,exceeding 12 % but not exceeding 20 %,Fr. per 100 kg gross,1,434.00,2005-02-01
21069066,80,6,exceeding 6 % but not exceeding 12 %,Fr. per 100 kg gross,1,434.00,2005-02-01
21069067,80,6,exceeding 3 % but not exceeding 6 %,Fr. per 100 kg gross,1,434.00,2005-02-01
21069068,80,6,exceeding 1.5 % but not exceeding 3 % (other than products of tariff headings 2106.9071/9072),Fr. per 100 kg gross,1,222.00,2005-02-01
21069069,80,6,exceeding 1 % but not exceeding 1.5 % (other than products of tariff headings 2106.9071/9072),Fr. per 100 kg gross,1,222.00,2005-02-01
,10,5,"containing other fat, of a fat content by weight:",,,,1996-01-01
21069071,80,6,exceeding 60 %,Fr. per 100 kg gross,1,247.00,2005-02-01
21069072,80,6,exceeding 40 % but not exceeding 60 %,Fr. per 100 kg gross,1,247.00,2005-02-01
21069073,80,6,exceeding 25 % but not exceeding 40 %,Fr. per 100 kg gross,1,204.00,2005-02-01
21069074,80,6,exceeding 10 % but not exceeding 25 %,Fr. per 100 kg gross,1,204.00,2005-02-01
21069075,80,6,exceeding 5 % but not exceeding 10 %,Fr. per 100 kg gross,1,121.00,2005-02-01
21069076,80,6,exceeding 1 % but not exceeding 5 %,Fr. per 100 kg gross,1,121.00,2005-02-01
,10,5,not containing fat:,,,,1996-01-01
,10,6,"containing sugar, of a sugar content by weight:",,,,1996-01-01
21069094,80,7,exceeding 50 %,Fr. per 100 kg gross,1,74.00,1996-01-01
21069095,80,7,not exceeding 50%,Fr. per 100 kg gross,1,75.00,1996-01-01
21069096,80,6,"containing cereals, malt extracts or eggs (not containing sugar)",Fr. per 100 kg gross,1,132.00,1996-01-01
21069099,80,6,other,Fr. per 100 kg gross,1,93.50,1996-01-01
22,80,0,"Beverages, spirits and vinegar",,0,,1988-01-01
2201,80,1,"Waters, including natural or artificial mineral waters and aerated waters, not containing added sugar or other sweetening matter nor flavoured; ice and snow:",,0,,1988-01-01
22011000,80,2,mineral waters and aerated waters,Fr. per 100 kg gross,1,1.00,1988-01-01
22019000,80,2,other,Fr. per 100 kg gross,1,0.00,1988-01-01
2202,80,1,"Waters, including mineral waters and aerated waters, containing added sugar or other sweetening matter or flavoured, and other non-alcoholic beverages, not including fruit, nut or vegetable juices of heading 2009:",,0,,1988-01-01
22021000,80,2,"waters, including mineral waters and aerated waters, containing added sugar or other sweetening matter or flavoured",Fr. per 100 kg gross,1,2.00,1988-01-01
,10,2,other:,,,,2017-01-01
22029100,80,3,non-alcoholic beer,Fr. per 100 kg gross,1,2.00,2017-01-01
220299,80,3,other:,,0,,2017-01-01
,10,4,fruit juices or vegetable juices diluted with water or aerated:,,,,2017-01-01
,10,5,grape juice in containers holding not more than 2 litres:,,,,2017-01-01
22029911,80,6,within the limits of the tariff quota (Q. No. 22),Fr. per 100 kg gross,1,50.00,2017-01-01
22029919,80,6,other,Fr. per litre,1,4.30,2017-01-01
,10,5,"pome-fruit juice, in containers holding not more than 2 litres:",,,,2017-01-01
22029921,80,6,within the limits of the tariff quota (Q. No. 21),Fr. per 100 kg gross,1,50.00,2017-01-01
22029929,80,6,other,Fr. per 100 kg gross,1,82.00,2017-01-01
,10,5,"other, except vegetable juices:",,,,2017-01-01
,10,6,containing added sugar or other sweetening matter:,,,,2017-01-01
22029931,80,7,in glass bottles holding not more than 2 dl,Fr. per 100 kg gross,1,25.50,2017-01-01
22029932,80,7,in other containers,Fr. per 100 kg gross,1,59.50,2017-01-01
,10,6,not containing added sugar or other sweetening matter:,,,,2017-01-01
,10,7,grape juice:,,,,2017-01-01
22029941,80,8,within the limits of the tariff quota (Q. No. 22),Fr. per 100 kg gross,1,36.00,2017-01-01
22029949,80,8,other,Fr. per litre,1,3.54,2017-01-01
,10,7,pome-fruit juice and mixtures containing pome-fruit juice:,,,,2017-01-01
22029951,80,8,within the limits of the tariff quota (Q. No. 21),Fr. per 100 kg gross,1,28.00,2017-01-01
22029959,80,8,other,Fr. per 100 kg gross,1,82.00,2017-01-01
22029969,80,7,other,Fr. per 100 kg gross,1,23.80,2017-01-01
,10,5,vegetable juices:,,,,2017-01-01
,10,6,mixtures containing pome-fruit juice:,,,,2017-01-01
22029971,80,7,within the limits of the tariff quota (Q. No. 21),Fr. per 100 kg gross,1,20.00,2017-01-01
22029979,80,7,other,Fr. per 100 kg gross,1,82.00,2017-01-01
22029989,80,6,other,Fr. per 100 kg gross,1,17.00,2017-01-01
22029990,80,4,other,Fr. per 100 kg gross,1,2.00,2017-01-01
2203,80,1,Beer made from malt:,,0,,1988-01-01
22030010,80,2,in containers holding more than 2 hl,Fr. per 100 kg gross,1,13.00,1988-01-01
22030020,80,2,in containers holding more than 2 litres but not more than 2 hl,Fr. per 100 kg gross,1,8.00,1988-01-01
,10,2,in containers holding 2 litres or less:,,,,1988-01-01
22030031,80,3,in glass bottles,Fr. per 100 kg gross,1,13.00,1988-01-01
22030039,80,3,other,Fr. per 100 kg gross,1,16.00,1988-01-01
2204,80,1,"Wine of fresh grapes, including fortified wines; grape must other than that of heading 2009:",,0,,1988-01-01
22041000,80,2,sparkling wine,Fr. per 100 kg gross,1,91.00,1988-01-01
,10,2,other wine; grape must with fermentation prevented or arrested by the addition of alcohol:,,,,1988-01-01
220421,80,3,in containers holding 2 litres or less:,,0,,1988-01-01
,10,4,natural wine:,,,,1988-01-01
,10,5,white:,,,,1988-01-01
22042121,80,6,within the limits of the tariff quota (Q. Nos. 23 to 25),Fr. per 100 kg gross,1,50.00,1995-07-01
22042129,80,6,other,Fr. per litre,1,5.10,1996-01-01
,10,5,red:,,,,1988-01-01
,10,6,in flasks holding more than 1 litre:,,,,1988-01-01
22042131,80,7,within the limits of the tariff quota (Q. Nos. 23 to 25),Fr. per 100 kg gross,1,34.00,1995-07-01
22042139,80,7,other,Fr. per litre,1,2.42,1996-01-01
,10,6,other:,,,,1988-01-01
22042141,80,7,within the limits of the tariff quota (Q. Nos. 23 to 25),Fr. per 100 kg gross,1,50.00,1995-07-01
22042149,80,7,other,Fr. per litre,1,2.45,1996-01-01
22042150,80,4,"sweet wine, specialities and mistelles",Fr. per 100 kg gross,1,25.00,1995-07-01
220422,80,3,in containers holding more than 2 l but not more than 10 l:,,0,,2017-01-01
,10,4,natural wine:,,,,2017-01-01
,10,5,wine for drinking:,,,,2017-01-01
,10,6,white:,,,,2017-01-01
,10,7,within the limits of the tariff quota (Q. Nos. 23 to 25):,,,,2017-01-01
22042221,80,8,of an alcoholic strength by volume exceeding 13% vol,Fr. per 100 kg gross,1,46.00,2017-01-01
22042222,80,8,of an alcoholic strength by volume not exceeding 13% vol,Fr. per 100 kg gross,1,34.00,2017-01-01
22042229,80,7,other,Fr. per litre,1,3.27,2017-01-01
,10,6,red:,,,,2017-01-01
,10,7,within the limits of the tariff quota (Q. Nos. 23 to 25):,,,,2017-01-01
22042231,80,8,of an alcoholic strength by volume exceeding 13% vol,Fr. per 100 kg gross,1,42.00,2017-01-01
22042232,80,8,of an alcoholic strength by volume not exceeding 13% vol,Fr. per 100 kg gross,1,34.00,2017-01-01
22042239,80,7,other,Fr. per litre,1,3.40,2017-01-01
,10,5,wine for industrial use:,,,,2017-01-01
22042241,80,6,white,Fr. per 100 kg gross,1,29.00,2017-01-01
22042242,80,6,red,Fr. per 100 kg gross,1,29.00,2017-01-01
22042250,80,4,"sweet wine, specialities and mistelles",Fr. per 100 kg gross,1,25.50,2017-01-01
220429,80,3,other:,,0,,1988-01-01
,10,4,natural wine:,,,,1988-01-01
,10,5,wine for drinking:,,,,1988-01-01
,10,6,white:,,,,1988-01-01
,10,7,within the limits of the tariff quota (Q. Nos. 23 to 25):,,,,1988-01-01
22042923,80,8,of an alcoholic strength by volume exceeding 13% vol,Fr. per 100 kg gross,1,46.00,2017-01-01
22042924,80,8,of an alcoholic strength by volume not exceeding 13% vol,Fr. per 100 kg gross,1,34.00,2017-01-01
22042928,80,7,other,Fr. per litre,1,3.27,2017-01-01
,10,6,red:,,,,1988-01-01
,10,7,within the limits of the tariff quota (Q. Nos. 23 to 25):,,,,1988-01-01
22042933,80,8,of an alcoholic strength by volume exceeding 13% vol,Fr. per 100 kg gross,1,42.00,2017-01-01
22042934,80,8,of an alcoholic strength by volume not exceeding 13% vol,Fr. per 100 kg gross,1,34.00,2017-01-01
22042938,80,7,other,Fr. per litre,1,3.40,2017-01-01
,10,5,wine for industrial use:,,,,1988-01-01
22042943,80,6,white,Fr. per 100 kg gross,1,29.00,2017-01-01
22042944,80,6,red,Fr. per 100 kg gross,1,29.00,2017-01-01
22042960,80,4,"sweet wine, specialities and mistelles",Fr. per 100 kg gross,1,25.50,2017-01-01
22043000,80,2,other grape must,Fr. per litre,1,3.33,1996-01-01
2205,80,1,Vermouth and other wine of fresh grapes flavoured with plants or aromatic substances:,,0,,1988-01-01
220510,80,2,in containers holding 2 litres or less:,,0,,1988-01-01
22051010,80,3,with an alcoholic strength by volume not exceeding 18 % vol,Fr. per 100 kg gross,1,21.00,1988-01-01
22051020,80,3,of an alcoholic strength by volume exceeding 18 % vol,Fr. per 100 kg gross,1,35.00,1988-01-01
220590,80,2,other:,,0,,1988-01-01
22059010,80,3,with an alcoholic strength by volume not exceeding 18 % vol,Fr. per 100 kg gross,1,21.00,1988-01-01
22059020,80,3,of an alcoholic strength by volume exceeding 18 % vol,Fr. per 100 kg gross,1,35.00,1988-01-01
2206,80,1,"Other fermented beverages (for example, cider, perry, mead, saké); mixtures of fermented beverages and mixtures of fermented beverages and non-alcoholic beverages, not elsewhere specified or included:",,0,,1988-01-01
,10,2,cider and perry:,,,,1995-07-01
22060011,80,3,within the limits of the tariff quota (Q. No. 21),Fr. per 100 kg gross,1,9.00,1995-07-01
22060019,80,3,other,Fr. per 100 kg gross,1,82.00,1995-07-01
22060020,80,2,sparkling fruit wine,Fr. per 100 kg gross,1,56.00,1988-01-01
22060090,80,2,other,Fr. per 100 kg gross,1,28.00,1988-01-01
2207,80,1,"Undenatured ethyl alcohol of an alcoholic strength by volume of 80% vol or higher; ethyl alcohol and other spirits, denatured, of any strength:",,0,,1988-01-01
22071000,80,2,undenatured ethyl alcohol of an alcoholic strength by volume of 80% vol or higher,Fr. per 100 kg gross,1,0.00,1988-01-01
22072000,80,2,"ethyl alcohol and other spirits, denatured, of any strength",Fr. per 100 kg gross,1,0.00,1988-01-01
2208,80,1,"Undenatured ethyl alcohol of an alcoholic strength by volume of less than 80% vol; spirits, liqueurs and other spirituous beverages:",,0,,1996-01-01
220820,80,2,spirits obtained by distilling grape wine or grape marc:,,0,,1996-01-01
,10,3,in containers holding more than 2 litres:,,,,1996-01-01
22082011,80,4,spirits obtained by distilling grape wine,Fr. per 100 kg gross,1,7.00,1996-01-01
22082019,80,4,other,Fr. per 100 kg gross,1,15.00,1996-01-01
,10,3,in containers holding 2 litres or less:,,,,1996-01-01
22082021,80,4,spirits obtained by distilling grape wine,Fr. per 100 kg gross,1,13.00,1996-01-01
22082029,80,4,other,Fr. per 100 kg gross,1,25.00,1996-01-01
220830,80,2,whiskies:,,0,,1996-01-01
22083010,80,3,in containers holding more than 2 litres,Fr. per 100 kg gross,1,37.00,1996-01-01
22083020,80,3,in containers holding not more than 2 litres,Fr. per 100 kg gross,1,38.00,1996-01-01
220840,80,2,rum and other spirits obtained by distilling fermented sugar-cane products:,,0,,1996-01-01
22084010,80,3,in containers holding more than 2 litres,Fr. per 100 kg gross,1,38.00,1996-01-01
22084020,80,3,in containers holding not more than 2 litres,Fr. per 100 kg gross,1,70.00,1996-01-01
220850,80,2,gin and geneva:,,0,,1996-01-01
,10,3,in containers holding more than 2 litres:,,,,1996-01-01
22085011,80,4,gin,Fr. per 100 kg gross,1,37.00,1996-01-01
22085019,80,4,other,Fr. per 100 kg gross,1,42.00,1996-01-01
,10,3,in containers holding 2 litres or less:,,,,1996-01-01
22085021,80,4,gin,Fr. per 100 kg gross,1,42.00,1996-01-01
22085029,80,4,other,Fr. per 100 kg gross,1,70.00,1996-01-01
220860,80,2,vodka:,,0,,1996-01-01
22086010,80,3,in containers holding more than 2 litres,Fr. per 100 kg gross,1,41.00,1996-01-01
22086020,80,3,in containers holding not more than 2 litres,Fr. per 100 kg gross,1,70.00,1996-01-01
22087000,80,2,liqueurs and cordials,Fr. per 100 kg gross,1,53.00,1996-01-01
220890,80,2,other:,,0,,1996-01-01
22089010,80,3,undenatured ethyl alcohol of an alcoholic strength by volume of less than 80% vol,Fr. per 100 kg gross,1,0.00,1996-01-01
,10,3,spirits in containers holding:,,,,1996-01-01
22089021,80,4,more than 2 litres,Fr. per 100 kg gross,1,41.00,1996-01-01
22089022,80,4,not more than 2 litres,Fr. per 100 kg gross,1,70.00,1996-01-01
,10,3,other:,,,,1996-01-01
22089091,80,4,concentrated grape juice containing added alcohol,Fr. per 100 kg gross,1,502.00,1996-01-01
22089099,80,4,other,Fr. per 100 kg gross,1,53.00,1996-01-01
22090000,80,1,Vinegar and substitutes for vinegar obtained from acetic acid,Fr. per 100 kg gross,1,21.00,1988-01-01
23,80,0,Residues and waste from the food industries; prepared animal fodder,,0,,1988-01-01
2301,80,1,"Flours, meals and pellets, of meat or meat offal, of fish or of crustaceans, molluscs or other aquatic invertebrates, unfit for human consumption; greaves:",,0,,1988-01-01
230110,80,2,"flours, meals and pellets, of meat or meat offal; greaves:",,0,,1988-01-01
,10,3,for animal feeding:,,,,1995-07-01
23011011,80,4,greaves,Fr. per 100 kg gross,1,32.00,1995-07-01
23011019,80,4,other,Fr. per 100 kg gross,1,32.00,1995-07-01
23011090,80,3,other,Fr. per 100 kg gross,1,0.00,1995-07-01
230120,80,2,"flours, meals and pellets, of fish or of crustaceans, molluscs or other aquatic invertebrates:",,0,,1988-01-01
23012010,80,3,for animal feeding,Fr. per 100 kg gross,1,33.00,1995-07-01
23012090,80,3,other,Fr. per 100 kg gross,1,0.00,1995-07-01
2302,80,1,"Bran, sharps and other residues, whether or not in the form of pellets, derived from the sifting, milling or other working of cereals or of leguminous plants:",,0,,1988-01-01
230210,80,2,of maize (corn):,,0,,1988-01-01
23021010,80,3,for animal feeding,Fr. per 100 kg gross,1,38.00,1995-07-01
23021090,80,3,other,Fr. per 100 kg gross,1,0.00,1995-07-01
230230,80,2,of wheat:,,0,,1988-01-01
23023010,80,3,for human consumption,Fr. per 100 kg gross,1,135.00,1995-07-01
23023020,80,3,for animal feeding,Fr. per 100 kg gross,1,38.00,2006-04-01
23023090,80,3,other,Fr. per 100 kg gross,1,0.00,1995-07-01
230240,80,2,of other cereals:,,0,,1988-01-01
23024010,80,3,"of rye, meslin or triticale, for human consumption",Fr. per 100 kg gross,1,135.00,1995-07-01
,10,3,of rice:,,,,2007-01-01
23024030,80,4,for animal feeding,Fr. per 100 kg gross,1,38.00,2007-01-01
23024080,80,4,other,Fr. per 100 kg gross,1,0.00,2007-01-01
,10,3,other:,,,,2007-01-01
23024091,80,4,for animal feeding,Fr. per 100 kg gross,1,38.00,2007-01-01
23024099,80,4,other,Fr. per 100 kg gross,1,0.00,2007-01-01
230250,80,2,of leguminous plants:,,0,,1988-01-01
23025010,80,3,for animal feeding,Fr. per 100 kg gross,1,33.00,1995-07-01
23025090,80,3,other,Fr. per 100 kg gross,1,0.00,1995-07-01
2303,80,1,"Residues of starch manufacture and similar residues, beet-pulp, bagasse and other waste of sugar manufacture, brewing or distilling dregs and waste, whether or not in the form of pellets:",,0,,1988-01-01
230310,80,2,residues of starch manufacture and similar residues:,,0,,1988-01-01
,10,3,for animal feeding:,,,,1995-07-01
23031011,80,4,potato proteins,Fr. per 100 kg gross,1,43.00,1995-07-01
,10,4,other:,,,,1995-07-01
23031012,80,5,of a protein content calculated by weight on the dry extract not exceeding 30%,Fr. per 100 kg gross,1,43.00,1999-01-01
23031018,80,5,other,Fr. per 100 kg gross,1,43.00,1999-01-01
23031090,80,3,other,Fr. per 100 kg gross,1,0.00,1995-07-01
230320,80,2,"beet-pulp, bagasse and other waste of sugar manufacture:",,0,,1988-01-01
23032010,80,3,for animal feeding,Fr. per 100 kg gross,1,35.00,1995-07-01
23032090,80,3,other,Fr. per 100 kg gross,1,0.00,1995-07-01
230330,80,2,brewing or distilling dregs and waste:,,0,,1988-01-01
23033010,80,3,for animal feeding,Fr. per 100 kg gross,1,36.00,1995-07-01
23033090,80,3,other,Fr. per 100 kg gross,1,0.00,1995-07-01
2304,80,1,"Oil-cake and other solid residues, whether or not ground or in the form of pellets, resulting from the extraction of soya-bean oil:",,0,,1988-01-01
23040010,80,2,for animal feeding,Fr. per 100 kg gross,1,39.00,1995-07-01
23040090,80,2,other,Fr. per 100 kg gross,1,0.00,1995-07-01
2305,80,1,"Oil-cake and other solid residues, whether or not ground or in the form of pellets, resulting from the extraction of ground-nut oil:",,0,,1988-01-01
23050010,80,2,for animal feeding,Fr. per 100 kg gross,1,43.00,1995-07-01
23050090,80,2,other,Fr. per 100 kg gross,1,0.00,1995-07-01
2306,80,1,"Oil-cake and other solid residues, whether or not ground or in the form of pellets, resulting from the extraction of vegetable or microbial fats or oils, other than those of heading 2304 or 2305:",,0,,1988-01-01
230610,80,2,of cotton seeds:,,0,,1988-01-01
23061010,80,3,for animal feeding,Fr. per 100 kg gross,1,39.00,1995-07-01
23061090,80,3,other,Fr. per 100 kg gross,1,0.00,1995-07-01
230620,80,2,of linseed:,,0,,1988-01-01
23062010,80,3,for animal feeding,Fr. per 100 kg gross,1,39.00,1995-07-01
23062090,80,3,other,Fr. per 100 kg gross,1,0.00,1995-07-01
230630,80,2,of sunflower seeds:,,0,,1988-01-01
23063010,80,3,for animal feeding,Fr. per 100 kg gross,1,39.00,1995-07-01
23063090,80,3,other,Fr. per 100 kg gross,1,0.00,1995-07-01
,10,2,of rape or colza seeds:,,,,2002-01-01
230641,80,3,of low erucic acid rape or colza seeds:,,0,,2002-01-01
23064110,80,4,for animal feeding,Fr. per 100 kg gross,1,39.00,2002-01-01
23064190,80,4,other,Fr. per 100 kg gross,1,0.00,2002-01-01
230649,80,3,other:,,0,,2002-01-01
23064910,80,4,for animal feeding,Fr. per 100 kg gross,1,39.00,2002-01-01
23064990,80,4,other,Fr. per 100 kg gross,1,0.00,2002-01-01
230650,80,2,of coconut or copra:,,0,,1988-01-01
23065010,80,3,for animal feeding,Fr. per 100 kg gross,1,39.00,1995-07-01
23065090,80,3,other,Fr. per 100 kg gross,1,0.00,1995-07-01
230660,80,2,of palm nuts or kernels:,,0,,1988-01-01
23066010,80,3,for animal feeding,Fr. per 100 kg gross,1,35.00,1995-07-01
23066090,80,3,other,Fr. per 100 kg gross,1,0.00,1995-07-01
230690,80,2,other:,,0,,1996-01-01
,10,3,of maize (corn) germ:,,,,2007-01-01
23069011,80,4,for animal feeding,Fr. per 100 kg gross,1,39.00,2007-01-01
23069019,80,4,other,Fr. per 100 kg gross,1,0.00,2007-01-01
,10,3,other:,,,,2007-01-01
23069021,80,4,for animal feeding,Fr. per 100 kg gross,1,39.00,2007-01-01
23069029,80,4,other,Fr. per 100 kg gross,1,0.00,2007-01-01
23070000,80,1,Wine lees; argol,Fr. per 100 kg gross,1,0.00,1988-01-01
2308,80,1,"Vegetable materials and vegetable waste, vegetable residues and by-products, whether or not in the form of pellets, of a kind used in animal feeding, not elsewhere specified or included:",,0,,1988-01-01
,10,2,for animal feeding:,,,,2002-01-01
23080020,80,3,acorns and horse-chestnuts,Fr. per 100 kg gross,1,36.00,2002-01-01
23080030,80,3,"grape, apple and pear marcs",Fr. per 100 kg gross,1,33.00,2002-01-01
23080040,80,3,residues from the extraction of coffee or chamomile,Fr. per 100 kg gross,1,21.00,2002-01-01
23080050,80,3,of maize (corn),Fr. per 100 kg gross,1,36.00,2002-01-01
23080060,80,3,other,Fr. per 100 kg gross,1,36.00,2002-01-01
23080090,80,2,other,Fr. per 100 kg gross,1,0.00,2002-01-01
2309,80,1,Preparations of a kind used in animal feeding:,,0,,1988-01-01
230910,80,2,"dog or cat food, put up for retail sale:",,0,,1988-01-01
23091010,80,3,biscuits,Fr. per 100 kg gross,1,5.90,1988-01-01
,10,3,in airtight containers:,,,,1995-07-01
23091021,80,4,containing milk or whey powder,Fr. per 100 kg gross,1,12.80,1995-07-01
23091029,80,4,other,Fr. per 100 kg gross,1,11.00,1995-07-01
,10,3,other:,,,,1995-07-01
23091091,80,4,"containing milk or whey powder, soya-bean products or more than 10% by weight of fat",Fr. per 100 kg gross,1,17.00,1995-07-01
23091099,80,4,other,Fr. per 100 kg gross,1,14.00,1995-07-01
230990,80,2,other:,,0,,1988-01-01
,10,3,"sweetened forage, biscuits:",,,,1995-07-01
23099011,80,4,"for bovine or equine animals, sheep, goats, swine, rabbits or poultry",Fr. per 100 kg gross,1,34.00,1995-07-01
23099019,80,4,other,Fr. per 100 kg gross,1,5.90,1995-07-01
23099020,80,3,"forage preparations, with a basis of crushed shells; bird feeds, mineral",Fr. per 100 kg gross,1,0.00,1988-01-01
23099030,80,3,"forage preparations consisting of inorganic phosphates (not chemically pure), not mixed with other substances",Fr. per 100 kg gross,1,1.00,1988-01-01
,10,3,"fish or marine mammal solubles, unmixed, whether or nor concentrated or powdered:",,,,1995-07-01
23099041,80,4,for animal feeding,Fr. per 100 kg gross,1,33.00,1995-07-01
23099049,80,4,other,Fr. per 100 kg gross,1,0.00,1995-07-01
,10,3,other:,,,,1995-07-01
,10,4,"for bovine or equine animals, sheep, goats, swine, rabbits or poultry:",,,,1995-07-01
23099081,80,5,containing milk or whey powder,Fr. per 100 kg gross,1,232.00,1995-07-01
,10,5,not containing milk or whey powder:,,,,1995-07-01
23099082,80,6,"preparations of mineral materials, whether or not containing trace elements, vitamins or active medicinal ingredients",Fr. per 100 kg gross,1,52.00,1995-07-01
23099089,80,6,other,Fr. per 100 kg gross,1,52.00,1995-07-01
23099090,80,4,other,Fr. per 100 kg gross,1,0.00,1995-07-01
24,80,0,"Tobacco and manufactured tobacco substitutes; products, whether or not containing nicotine, intended for inhalation without combustion; other nicotine containing products intended for the intake of nicotine into the human body",,0,,1988-01-01
2401,80,1,Unmanufactured tobacco; tobacco refuse:,,0,,1988-01-01
240110,80,2,"tobacco, not stemmed/stripped:",,0,,1988-01-01
24011010,80,3,"for the industrial manufacture of cigars, cigarettes, smoking tobacco, chewing tobacco, roll tobacco and snuff",Fr. per 100 kg gross,1,0.00,1988-01-01
24011090,80,3,for other uses,Fr. per 100 kg gross,1,50.00,1988-01-01
240120,80,2,"tobacco, partly or wholly stemmed/stripped:",,0,,1988-01-01
24012010,80,3,"for the industrial manufacture of cigars, cigarettes, smoking tobacco, chewing tobacco, roll tobacco and snuff",Fr. per 100 kg gross,1,0.00,1988-01-01
24012090,80,3,for other uses,Fr. per 100 kg gross,1,50.00,1988-01-01
240130,80,2,tobacco refuse:,,0,,1988-01-01
24013010,80,3,"for the industrial manufacture of cigars, cigarettes, smoking tobacco, chewing tobacco, roll tobacco and snuff",Fr. per 100 kg gross,1,0.00,1988-01-01
24013090,80,3,for other uses,Fr. per 100 kg gross,1,50.00,1988-01-01
2402,80,1,"Cigars, cheroots, cigarillos and cigarettes, of tobacco or of tobacco substitutes:",,0,,1988-01-01
24021000,80,2,"cigars, cheroots and cigarillos, containing tobacco",Fr. per 100 kg gross,1,1445.00,1995-01-01
240220,80,2,cigarettes containing tobacco:,,0,,1988-01-01
24022010,80,3,weighing more than 1.35 g each,Fr. per 100 kg gross,1,1120.00,1995-01-01
24022020,80,3,weighing not more than 1.35 g each,Fr. per 100 kg gross,1,744.00,1995-01-01
24029000,80,2,other,Fr. per 100 kg gross,1,1088.00,1995-01-01
2403,80,1,Other manufactured tobacco and manufactured tobacco substitutes; «homogenised» or «reconstituted» tobacco; tobacco extracts and essences:,,0,,1988-01-01
,10,2,"smoking tobacco, whether or not containing tobacco substitutes in any proportion:",,,,2012-01-01
24031100,80,3,water pipe tobacco specified in Subheading Note 1 to this Chapter,Fr. per 100 kg gross,1,553.00,2012-01-01
24031900,80,3,other,Fr. per 100 kg gross,1,553.00,2012-01-01
,10,2,other:,,,,1988-01-01
24039100,80,3,«homogenised» or «reconstituted» tobacco,Fr. per 100 kg gross,1,102.00,1988-01-01
240399,80,3,other:,,0,,1988-01-01
24039910,80,4,"chewing tobacco, roll tobacco and snuff",Fr. per 100 kg gross,1,1105.00,1988-01-01
24039920,80,4,tobacco extracts,Fr. per 100 kg gross,1,105.00,1988-01-01
24039930,80,4,tobacco essences,Fr. per 100 kg gross,1,0.00,1988-01-01
24039940,80,4,"expanded tobacco for the industrial manufacture of cigars, cigarettes, smoking tobacco, chewing tobacco, roll tobacco and snuff",Fr. per 100 kg gross,1,0.00,2012-01-01
24039990,80,4,other,Fr. per 100 kg gross,1,553.00,2012-01-01
2404,80,1,"Products containing tobacco, reconstituted tobacco, nicotine, or tobacco or nicotine substitutes, intended for inhalation without combustion; other nicotine containing products intended for the intake of nicotine into the human body:",,0,,2022-01-01
,10,2,products intended for inhalation without combustion:,,,,2022-01-01
24041100,80,3,containing tobacco or reconstituted tobacco,Fr. per 100 kg gross,1,553.00,2022-01-01
240412,80,3,"other, containing nicotine:",,0,,2022-01-01
24041210,80,4,containing tobacco substitutes,Fr. per 100 kg gross,1,553.00,2022-01-01
24041290,80,4,other,Fr. per 100 kg gross,1,0.00,2022-01-01
240419,80,3,other:,,0,,2022-01-01
24041910,80,4,containing tobacco substitutes,Fr. per 100 kg gross,1,553.00,2022-01-01
24041990,80,4,other,Fr. per 100 kg gross,1,0.00,2022-01-01
,10,2,other:,,,,2022-01-01
240491,80,3,for oral application:,,0,,2022-01-01
24049110,80,4,chewing tobacco substitutes «snus»,Fr. per 100 kg gross,1,553.00,2022-01-01
24049190,80,4,other,Fr. per 100 kg gross,1,92.50,2022-01-01
24049200,80,3,for transdermal application,Fr. per 100 kg gross,1,0.00,2022-01-01
24049900,80,3,other,Fr. per 100 kg gross,1,0.00,2022-01-01
25,80,0,"Salt; sulphur; earths and stone; plastering materials, lime and cement",,0,,1988-01-01
25010000,80,1,"Salt (including table salt and denatured salt) and pure sodium chloride, whether or not in aqueous solution or containing added anti-caking or free-flowing agents; sea water",Fr. per 100 kg gross,1,0.00,2024-01-01
25020000,80,1,Unroasted iron pyrites,Fr. per 100 kg gross,1,0.00,1988-01-01
25030000,80,1,"Sulphur of all kinds, other than sublimed sulphur, precipitated sulphur and colloidal sulphur",Fr. per 100 kg gross,1,0.00,1996-01-01
2504,80,1,Natural graphite:,,0,,1988-01-01
25041000,80,2,in powder or in flakes,Fr. per 100 kg gross,1,0.00,1988-01-01
25049000,80,2,other,Fr. per 100 kg gross,1,0.00,1988-01-01
2505,80,1,"Natural sands of all kinds, whether or not coloured, other than metal-bearing sands of Chapter 26:",,0,,1988-01-01
25051000,80,2,silica sands and quartz sands,Fr. per 100 kg gross,1,0.00,1988-01-01
25059000,80,2,other,Fr. per 100 kg gross,1,0.00,1988-01-01
2506,80,1,"Quartz (other than natural sands); quartzite, whether or not roughly trimmed or merely cut, by sawing or otherwise, into blocks or slabs of a rectangular (including square) shape:",,0,,1988-01-01
25061000,80,2,quartz,Fr. per 100 kg gross,1,0.00,1988-01-01
25062000,80,2,quartzite,Fr. per 100 kg gross,1,0.00,2007-01-01
25070000,80,1,"Kaolin and other kaolinic clays, whether or not calcined",Fr. per 100 kg gross,1,0.00,1988-01-01
2508,80,1,"Other clays (not including expanded clays of heading 6806), andalusite, kyanite and sillimanite, whether or not calcined; mullite; chamotte or dinas earths:",,0,,1988-01-01
25081000,80,2,bentonite,Fr. per 100 kg gross,1,0.00,1988-01-01
25083000,80,2,fire-clay,Fr. per 100 kg gross,1,0.00,1988-01-01
25084000,80,2,other clays,Fr. per 100 kg gross,1,0.00,1988-01-01
25085000,80,2,"andalusite, kyanite and sillimanite",Fr. per 100 kg gross,1,0.00,1988-01-01
25086000,80,2,mullite,Fr. per 100 kg gross,1,0.00,1988-01-01
25087000,80,2,chamotte or dinas earths,Fr. per 100 kg gross,1,0.00,1988-01-01
25090000,80,1,Chalk,Fr. per 100 kg gross,1,0.00,1988-01-01
2510,80,1,"Natural calcium phosphates, natural aluminium calcium phosphates and phosphatic chalk:",,0,,1988-01-01
25101000,80,2,unground,Fr. per 100 kg gross,1,0.00,1988-01-01
25102000,80,2,ground,Fr. per 100 kg gross,1,0.00,1988-01-01
2511,80,1,"Natural barium sulphate (barytes); natural barium carbonate (witherite), whether or not calcined, other than barium oxide of heading 2816:",,0,,1988-01-01
25111000,80,2,natural barium sulphate (barytes),Fr. per 100 kg gross,1,0.00,1988-01-01
25112000,80,2,natural barium carbonate (witherite),Fr. per 100 kg gross,1,0.00,1988-01-01
25120000,80,1,"Siliceous fossil meals (for example, kieselguhr, tripolite and diatomite) and similar siliceous earths, whether or not calcined, of an apparent specific gravity of 1 or less",Fr. per 100 kg gross,1,0.00,1988-01-01
2513,80,1,"Pumice stone; emery; natural corundum, natural garnet and other natural abrasives, whether or not heat-treated:",,0,,1988-01-01
25131000,80,2,pumice stone,Fr. per 100 kg gross,1,0.00,2007-01-01
25132000,80,2,"emery, natural corundum, natural garnet and other natural abrasives",Fr. per 100 kg gross,1,0.00,2024-01-01
25140000,80,1,"Slate, whether or not roughly trimmed or merely cut, by sawing or otherwise, into blocks or slabs of a rectangular (including square) shape",Fr. per 100 kg gross,1,0.00,2024-01-01
2515,80,1,"Marble, travertine, ecaussine and other calcareous monumental or building stone of an apparent specific gravity of 2.5 or more, and alabaster, whether or not roughly trimmed or merely cut, by sawing or otherwise, into blocks or slabs of a rectangular (including square) shape:",,0,,1988-01-01
,10,2,marble and travertine:,,,,1988-01-01
25151100,80,3,crude or roughly trimmed,Fr. per 100 kg gross,1,0.00,1988-01-01
25151200,80,3,"merely cut, by sawing or otherwise, into blocks or slabs of a rectangular (including square) shape",Fr. per 100 kg gross,1,0.00,1988-01-01
25152000,80,2,ecaussine and other calcareous monumental or building stone; alabaster,Fr. per 100 kg gross,1,0.00,1988-01-01
2516,80,1,"Granite, porphyry, basalt, sandstone and other monumental or building stone, whether or not roughly trimmed or merely cut, by sawing or otherwise, into blocks or slabs of a rectangular (including square) shape:",,0,,1988-01-01
,10,2,granite:,,,,1988-01-01
25161100,80,3,crude or roughly trimmed,Fr. per 100 kg gross,1,0.00,1988-01-01
25161200,80,3,"merely cut, by sawing or otherwise, into blocks or slabs of a rectangular (including square) shape",Fr. per 100 kg gross,1,0.00,1988-01-01
25162000,80,2,sandstone,Fr. per 100 kg gross,1,0.00,2007-01-01
25169000,80,2,other monumental or building stone,Fr. per 100 kg gross,1,0.00,1988-01-01
2517,80,1,"Pebbles, gravel, broken or crushed stone, of a kind commonly used for concrete aggregates, for road metalling or for railway or other ballast, shingle and flint, whether or not heat-treated; macadam of slag, dross or similar industrial waste, whether or not incorporating the materials cited in the first part of the heading; tarred macadam; granules, chippings and powder, of stones of heading 2515 or 2516, whether or not heat-treated:",,0,,1988-01-01
25171000,80,2,"pebbles, gravel, broken or crushed stone, of a kind commonly used for concrete aggregates, for road metalling or for railway or other ballast, shingle and flint, whether or not heat-treated",Fr. per 100 kg gross,1,0.00,1988-01-01
25172000,80,2,"macadam of slag, dross or similar industrial waste, whether or not incorporating the materials cited in subheading 2517.10",Fr. per 100 kg gross,1,0.00,1988-01-01
25173000,80,2,tarred macadam,Fr. per 100 kg gross,1,0.00,1988-01-01
,10,2,"granules, chippings and powder, of stones of heading 2515 or 2516, whether or not heat-treated:",,,,1988-01-01
25174100,80,3,of marble,Fr. per 100 kg gross,1,0.00,1988-01-01
25174900,80,3,other,Fr. per 100 kg gross,1,0.00,1988-01-01
2518,80,1,"Dolomite, whether or not calcined or sintered, including dolomite roughly trimmed or merely cut, by sawing or otherwise, into blocks or slabs of a rectangular (including square) shape:",,0,,1988-01-01
25181000,80,2,"dolomite, not calcined or sintered",Fr. per 100 kg gross,1,0.00,1988-01-01
25182000,80,2,calcined or sintered dolomite,Fr. per 100 kg gross,1,0.00,1988-01-01
2519,80,1,"Natural magnesium carbonate (magnesite); fused magnesia; dead-burned (sintered) magnesia, whether or not containing small quantities of other oxides added before sintering; other magnesium oxide, whether or not pure:",,0,,1988-01-01
25191000,80,2,natural magnesium carbonate (magnesite),Fr. per 100 kg gross,1,0.00,1988-01-01
25199000,80,2,other,Fr. per 100 kg gross,1,0.00,1988-01-01
2520,80,1,"Gypsum; anhydrite; plasters (consisting of calcined gypsum or calcium sulphate) whether or not coloured, with or without small quantities of accelerators or retarders:",,0,,1988-01-01
25201000,80,2,gypsum; anhydrite,Fr. per 100 kg gross,1,0.00,1988-01-01
25202000,80,2,plasters,Fr. per 100 kg gross,1,0.00,2024-01-01
25210000,80,1,"Limestone flux; limestone and other calcareous stone, of a kind used for the manufacture of lime or cement",Fr. per 100 kg gross,1,0.00,1988-01-01
2522,80,1,"Quicklime, slaked lime and hydraulic lime, other than calcium oxide and hydroxide of heading 2825:",,0,,1988-01-01
25221000,80,2,quicklime,Fr. per 100 kg gross,1,0.00,1988-01-01
25222000,80,2,slaked lime,Fr. per 100 kg gross,1,0.00,1988-01-01
25223000,80,2,hydraulic lime,Fr. per 100 kg gross,1,0.00,1988-01-01
2523,80,1,"Portland cement, aluminous cement, slag cement, supersulphate cement and similar hydraulic cements, whether or not coloured or in the form of clinkers:",,0,,1988-01-01
25231000,80,2,cement clinkers,Fr. per 100 kg gross,1,0.00,1988-01-01
,10,2,Portland cement:,,,,1988-01-01
25232100,80,3,"white cement, whether or not artificially coloured",Fr. per 100 kg gross,1,0.00,1988-01-01
25232900,80,3,other,Fr. per 100 kg gross,1,0.00,1988-01-01
25233000,80,2,aluminous cement,Fr. per 100 kg gross,1,0.00,1988-01-01
25239000,80,2,other hydraulic cements,Fr. per 100 kg gross,1,0.00,1988-01-01
2524,80,1,Asbestos:,,0,,1988-01-01
25241000,80,2,crocidolite,Fr. per 100 kg gross,1,0.00,2007-01-01
25249000,80,2,other,Fr. per 100 kg gross,1,0.00,2007-01-01
2525,80,1,"Mica, including splittings; mica waste:",,0,,1988-01-01
25251000,80,2,crude mica and mica rifted into sheets or splittings,Fr. per 100 kg gross,1,0.00,1988-01-01
25252000,80,2,mica powder,Fr. per 100 kg gross,1,0.00,1988-01-01
25253000,80,2,mica waste,Fr. per 100 kg gross,1,0.00,1988-01-01
2526,80,1,"Natural steatite, whether or not roughly trimmed or merely cut, by sawing or otherwise, into blocks or slabs of a rectangular (including square) shape; talc:",,0,,1988-01-01
25261000,80,2,"not crushed, not powdered",Fr. per 100 kg gross,1,0.00,1988-01-01
25262000,80,2,crushed or powdered,Fr. per 100 kg gross,1,0.00,1988-01-01
25280000,80,1,"Natural borates and concentrates thereof (whether or not calcined), but not including borates separated from natural brine; natural boric acid containing not more than 85% of H3BO3 calculated on the dry weight",Fr. per 100 kg gross,1,0.00,2012-01-01
2529,80,1,Feldspar; leucite; nepheline and nepheline syenite; fluorspar:,,0,,1988-01-01
25291000,80,2,feldspar,Fr. per 100 kg gross,1,0.00,1988-01-01
,10,2,fluorspar:,,,,1988-01-01
25292100,80,3,containing by weight 97% or less of calcium fluoride,Fr. per 100 kg gross,1,0.00,1988-01-01
25292200,80,3,containing by weight more than 97% of calcium fluoride,Fr. per 100 kg gross,1,0.00,1988-01-01
25293000,80,2,leucite; nepheline and nepheline syenite,Fr. per 100 kg gross,1,0.00,1988-01-01
2530,80,1,Mineral substances not elsewhere specified or included:,,0,,1988-01-01
25301000,80,2,"vermiculite, perlite and chlorites, unexpanded",Fr. per 100 kg gross,1,0.00,1988-01-01
25302000,80,2,"kieserite, epsomite (natural magnesium sulphates)",Fr. per 100 kg gross,1,0.00,1988-01-01
25309000,80,2,other,Fr. per 100 kg gross,1,0.00,2024-01-01
26,80,0,"Ores, slag and ash",,0,,1988-01-01
2601,80,1,"Iron ores and concentrates, including roasted iron pyrites:",,0,,1988-01-01
,10,2,"iron ores and concentrates, other than roasted iron pyrites:",,,,1988-01-01
26011100,80,3,non-agglomerated,Fr. per 100 kg gross,1,0.00,1988-01-01
26011200,80,3,agglomerated,Fr. per 100 kg gross,1,0.00,1988-01-01
26012000,80,2,roasted iron pyrites,Fr. per 100 kg gross,1,0.00,1988-01-01
26020000,80,1,"Manganese ores and concentrates, including ferruginous manganese ores and concentrates with a manganese content of 20% or more, calculated on the dry weight",Fr. per 100 kg gross,1,0.00,1988-01-01
26030000,80,1,Copper ores and concentrates,Fr. per 100 kg gross,1,0.00,1988-01-01
26040000,80,1,Nickel ores and concentrates,Fr. per 100 kg gross,1,0.00,1988-01-01
26050000,80,1,Cobalt ores and concentrates,Fr. per 100 kg gross,1,0.00,1988-01-01
26060000,80,1,Aluminium ores and concentrates,Fr. per 100 kg gross,1,0.00,1988-01-01
26070000,80,1,Lead ores and concentrates,Fr. per 100 kg gross,1,0.00,1988-01-01
26080000,80,1,Zinc ores and concentrates,Fr. per 100 kg gross,1,0.00,1988-01-01
26090000,80,1,Tin ores and concentrates,Fr. per 100 kg gross,1,0.00,1988-01-01
26100000,80,1,Chromium ores and concentrates,Fr. per 100 kg gross,1,0.00,1988-01-01
26110000,80,1,Tungsten ores and concentrates,Fr. per 100 kg gross,1,0.00,1988-01-01
2612,80,1,Uranium or thorium ores and concentrates:,,0,,1988-01-01
26121000,80,2,uranium ores and concentrates,Fr. per 100 kg gross,1,0.00,1988-01-01
26122000,80,2,thorium ores and concentrates,Fr. per 100 kg gross,1,0.00,1988-01-01
2613,80,1,Molybdenum ores and concentrates:,,0,,1988-01-01
26131000,80,2,roasted,Fr. per 100 kg gross,1,0.00,1988-01-01
26139000,80,2,other,Fr. per 100 kg gross,1,0.00,1988-01-01
26140000,80,1,Titanium ores and concentrates,Fr. per 100 kg gross,1,0.00,1988-01-01
2615,80,1,"Niobium, tantalum, vanadium or zirconium ores and concentrates:",,0,,1988-01-01
26151000,80,2,zirconium ores and concentrates,Fr. per 100 kg gross,1,0.00,1988-01-01
26159000,80,2,other,Fr. per 100 kg gross,1,0.00,1988-01-01
2616,80,1,Precious metal ores and concentrates:,,0,,1988-01-01
26161000,80,2,silver ores and concentrates,Fr. per 100 kg gross,1,0.00,1988-01-01
26169000,80,2,other,Fr. per 100 kg gross,1,0.00,1988-01-01
2617,80,1,Other ores and concentrates:,,0,,1988-01-01
26171000,80,2,antimony ores and concentrates,Fr. per 100 kg gross,1,0.00,1988-01-01
26179000,80,2,other,Fr. per 100 kg gross,1,0.00,1988-01-01
26180000,80,1,Granulated slag (slag sand) from the manufacture of iron or steel,Fr. per 100 kg gross,1,0.00,1988-01-01
26190000,80,1,"Slag, dross (other than granulated slag), scalings and other waste from the manufacture of iron or steel",Fr. per 100 kg gross,1,0.00,1988-01-01
2620,80,1,"Slag, ash and residues (other than from the manufacture of iron or steel), containing metals, arsenic or their compounds:",,0,,1988-01-01
,10,2,containing mainly zinc:,,,,1988-01-01
26201100,80,3,hard zinc spelter,Fr. per 100 kg gross,1,0.00,1988-01-01
26201900,80,3,other,Fr. per 100 kg gross,1,0.00,1988-01-01
,10,2,containing mainly lead:,,,,2002-01-01
26202100,80,3,leaded gasoline sludges and leaded anti-knock compound sludges,Fr. per 100 kg gross,1,0.00,2002-01-01
26202900,80,3,other,Fr. per 100 kg gross,1,0.00,2002-01-01
26203000,80,2,containing mainly copper,Fr. per 100 kg gross,1,0.00,1988-01-01
26204000,80,2,containing mainly aluminium,Fr. per 100 kg gross,1,0.00,1988-01-01
26206000,80,2,"containing arsenic, mercury, thallium or their mixtures, of a kind used for the extraction of arsenic or those metals or for the manufacture of their chemical compounds",Fr. per 100 kg gross,1,0.00,2002-01-01
,10,2,other:,,,,2002-01-01
26209100,80,3,"containing antimony, beryllium, cadmium, chromium or their mixtures",Fr. per 100 kg gross,1,0.00,2002-01-01
26209900,80,3,other,Fr. per 100 kg gross,1,0.00,2002-01-01
2621,80,1,"Other slag and ash, including seaweed ash (kelp); ash and residues from the incineration of municipal waste:",,0,,1988-01-01
26211000,80,2,ash and residues from the incineration of municipal waste,Fr. per 100 kg gross,1,0.00,2002-01-01
26219000,80,2,other,Fr. per 100 kg gross,1,0.00,2002-01-01
27,80,0,"Mineral fuels, mineral oils and products of their distillation; bituminous substances; mineral waxes",,0,,1988-01-01
2701,80,1,"Coal; briquettes, ovoids and similar solid fuels manufactured from coal:",,0,,1988-01-01
,10,2,"coal, whether or not pulverised, but not agglomerated:",,,,1988-01-01
27011100,80,3,anthracite,Fr. per 100 kg gross,1,0.00,1988-01-01
27011200,80,3,bituminous coal,Fr. per 100 kg gross,1,0.00,1988-01-01
27011900,80,3,other coal,Fr. per 100 kg gross,1,0.00,1988-01-01
27012000,80,2,"briquettes, ovoids and similar solid fuels manufactured from coal",Fr. per 100 kg gross,1,0.00,1988-01-01
2702,80,1,"Lignite, whether or not agglomerated, excluding jet:",,0,,1988-01-01
27021000,80,2,"lignite, whether or not pulverised, but not agglomerated",Fr. per 100 kg gross,1,0.00,1988-01-01
27022000,80,2,agglomerated lignite,Fr. per 100 kg gross,1,0.00,1988-01-01
27030000,80,1,"Peat (including peat litter), whether or not agglomerated",Fr. per 100 kg gross,1,0.00,1988-01-01
27040000,80,1,"Coke and semi-coke of coal, of lignite or of peat, whether or not agglomerated; retort carbon",Fr. per 100 kg gross,1,0.00,1988-01-01
27050000,80,1,"Coal gas, water gas, producer gas and similar gases, other than petroleum gases and other gaseous hydrocarbons",Fr. per 100 kg gross,1,0.00,1988-01-01
27060000,80,1,"Tar distilled from coal, from lignite or from peat, and other mineral tars, whether or not dehydrated or partially distilled, including reconstituted tars",Fr. per 100 kg gross,1,0.00,1988-01-01
2707,80,1,Oils and other products of the distillation of high temperature coal tar; similar products in which the weight of the aromatic constituents exceeds that of the non-aromatic constituents:,,0,,1988-01-01
270710,80,2,benzol (benzene):,,0,,1988-01-01
27071010,80,3,for use as fuel,Fr. per 100 kg gross,1,0.00,1988-01-01
27071090,80,3,other,Fr. per 100 kg gross,1,0.00,1988-01-01
270720,80,2,toluol (toluene):,,0,,1988-01-01
27072010,80,3,for use as fuel,Fr. per 100 kg gross,1,0.00,1988-01-01
27072090,80,3,other,Fr. per 100 kg gross,1,0.00,1988-01-01
270730,80,2,xylol (xylenes):,,0,,1988-01-01
27073010,80,3,for use as fuel,Fr. per 100 kg gross,1,0.00,1988-01-01
27073090,80,3,other,Fr. per 100 kg gross,1,0.00,1988-01-01
270740,80,2,naphthalene:,,0,,1988-01-01
27074010,80,3,for use as fuel,Fr. per 100 kg gross,1,0.00,1988-01-01
27074090,80,3,other,Fr. per 100 kg gross,1,0.00,1988-01-01
270750,80,2,other aromatic hydrocarbon mixtures of which 65 % or more by volume (including losses) distils at 250 °C by the ISO 3405 method (equivalent to the ASTM D 86 method):,,0,,1988-01-01
27075010,80,3,for use as fuel,Fr. per 100 kg gross,1,0.00,1988-01-01
27075090,80,3,other,Fr. per 100 kg gross,1,0.00,1988-01-01
,10,2,other:,,,,1988-01-01
270791,80,3,creosote oils:,,0,,1988-01-01
27079110,80,4,for use as fuel,Fr. per 100 kg gross,1,0.00,1988-01-01
27079190,80,4,other,Fr. per 100 kg gross,1,0.00,1988-01-01
270799,80,3,other:,,0,,1988-01-01
27079910,80,4,for use as fuel,Fr. per 100 kg gross,1,0.00,1988-01-01
27079990,80,4,other,Fr. per 100 kg gross,1,0.00,1988-01-01
2708,80,1,"Pitch and pitch coke, obtained from coal tar or from other mineral tars:",,0,,1988-01-01
27081000,80,2,pitch,Fr. per 100 kg gross,1,0.00,1988-01-01
27082000,80,2,pitch coke,Fr. per 100 kg gross,1,0.00,1988-01-01
2709,80,1,"Petroleum oils and oils obtained from bituminous minerals, crude:",,0,,1988-01-01
27090010,80,2,for use as fuel,Fr. per 100 kg gross,1,0.00,1988-01-01
27090090,80,2,other,Fr. per 100 kg gross,1,0.00,1988-01-01
2710,80,1,"Petroleum oils and oils obtained from bituminous minerals, other than crude; preparations not elsewhere specified or included, containing by weight 70% or more of petroleum oils or of oils obtained from bituminous minerals, these oils being the basic constituents of the preparations; waste oils:",,0,,1988-01-01
,10,2,"petroleum oils and oils obtained from bituminous minerals (other than crude) and preparations not elsewhere specified or included, containing by weight 70 % or more of petroleum oils or of oils obtained from bituminous minerals, these oils being the basic constituents of the preparations, other than those containing biodiesel and other than waste oils:",,,,2012-01-01
271012,80,3,light oils and preparations:,,0,,2012-01-01
,10,4,for use as fuel:,,,,2012-01-01
27101211,80,5,petroleum spirit and fractions thereof,Fr. per 100 kg gross,1,0.00,2012-01-01
27101212,80,5,white spirit,Fr. per 100 kg gross,1,0.00,2012-01-01
27101219,80,5,other,Fr. per 100 kg gross,1,0.00,2012-01-01
,10,4,for other uses:,,,,2012-01-01
27101291,80,5,petroleum spirit and fractions thereof,Fr. per 100 kg gross,1,0.00,2012-01-01
27101292,80,5,white spirit,Fr. per 100 kg gross,1,0.00,2012-01-01
27101299,80,5,other,Fr. per 100 kg gross,1,0.00,2012-01-01
271019,80,3,other:,,0,,2002-01-01
,10,4,for use as fuel:,,,,2002-01-01
27101911,80,5,petroleum oil,Fr. per 100 kg gross,1,0.00,2002-01-01
27101912,80,5,diesel oil,Fr. per 100 kg gross,1,0.00,2002-01-01
27101919,80,5,other,Fr. per 100 kg gross,1,0.00,2002-01-01
,10,4,for other uses:,,,,2002-01-01
27101991,80,5,petroleum oil,Fr. per 100 kg gross,1,0.00,2002-01-01
27101992,80,5,heating oils,Fr. per 100 kg gross,1,0.00,2002-01-01
27101993,80,5,unmixed mineral oil distillates in which less than 20% by volume distils at under 300°C,Fr. per 100 kg gross,1,0.00,2002-01-01
27101994,80,5,mixed mineral oil distillates in which less than 20% by volume distils at under 300°C,Fr. per 100 kg gross,1,0.00,2002-01-01
27101995,80,5,mineral lubricating greases,Fr. per 100 kg gross,1,0.00,2002-01-01
27101999,80,5,other distillates and products,Fr. per 100 kg gross,1,0.00,2002-01-01
271020,80,2,"petroleum oils and oils obtained from bituminous minerals (other than crude) and preparations not elsewhere specified or included, containing by weight 70 % or more of petroleum oils or of oils obtained from bituminous minerals, these oils being the basic constituents of the preparations, containing biodiesel, other than waste oils:",,0,,2012-01-01
27102010,80,3,for use as fuel,Fr. per 100 kg gross,1,0.00,2012-01-01
27102090,80,3,for other uses,Fr. per 100 kg gross,1,0.00,2012-01-01
,10,2,waste oils:,,,,2002-01-01
27109100,80,3,"containing polychlorinated biphenyls (PCBs), polychlorinated terphenyls (PCTs) or polybrominated biphenyls (PBBs)",Fr. per 100 kg gross,1,0.00,2002-01-01
27109900,80,3,other,Fr. per 100 kg gross,1,0.00,2002-01-01
2711,80,1,Petroleum gases and other gaseous hydrocarbons:,,0,,1988-01-01
,10,2,liquefied:,,,,1988-01-01
271111,80,3,natural gas:,,0,,1988-01-01
27111110,80,4,for use as fuel,Fr. per 100 kg gross,1,0.00,1988-01-01
27111190,80,4,other,Fr. per 100 kg gross,1,0.00,1988-01-01
271112,80,3,propane:,,0,,1988-01-01
27111210,80,4,for use as fuel,Fr. per 100 kg gross,1,0.00,1988-01-01
27111290,80,4,other,Fr. per 100 kg gross,1,0.00,1988-01-01
271113,80,3,butanes:,,0,,1988-01-01
27111310,80,4,for use as fuel,Fr. per 100 kg gross,1,0.00,1988-01-01
27111390,80,4,other,Fr. per 100 kg gross,1,0.00,1988-01-01
271114,80,3,"ethylene, propylene, butylene and butadiene:",,0,,1988-01-01
27111410,80,4,for use as fuel,Fr. per 100 kg gross,1,0.00,1988-01-01
27111490,80,4,other,Fr. per 100 kg gross,1,0.00,1988-01-01
271119,80,3,other:,,0,,1988-01-01
27111910,80,4,for use as fuel,Fr. per 100 kg gross,1,0.00,1988-01-01
27111990,80,4,other,Fr. per 100 kg gross,1,0.00,1988-01-01
,10,2,in gaseous state:,,,,1988-01-01
271121,80,3,natural gas:,,0,,1988-01-01
27112110,80,4,for use as fuel,Fr. per 100 kg gross,1,0.00,1988-01-01
27112190,80,4,other,Fr. per 100 kg gross,1,0.00,1988-01-01
271129,80,3,other:,,0,,1988-01-01
27112910,80,4,for use as fuel,Fr. per 100 kg gross,1,0.00,1988-01-01
27112990,80,4,other,Fr. per 100 kg gross,1,0.00,1988-01-01
2712,80,1,"Petroleum jelly; paraffin wax, micro-crystalline petroleum wax, slack wax, ozokerite, lignite wax, peat wax, other mineral waxes, and similar products obtained by synthesis or by other processes, whether or not coloured:",,0,,1988-01-01
27121000,80,2,petroleum jelly,Fr. per 100 kg gross,1,0.00,1988-01-01
27122000,80,2,paraffin wax containing by weight less than 0.75% of oil,Fr. per 100 kg gross,1,0.00,1988-01-01
27129000,80,2,other,Fr. per 100 kg gross,1,0.00,1988-01-01
2713,80,1,"Petroleum coke, petroleum bitumen and other residues of petroleum oils or of oils obtained from bituminous minerals:",,0,,1988-01-01
,10,2,petroleum coke:,,,,1988-01-01
27131100,80,3,not calcined,Fr. per 100 kg gross,1,0.00,1988-01-01
27131200,80,3,calcined,Fr. per 100 kg gross,1,0.00,1988-01-01
27132000,80,2,petroleum bitumen,Fr. per 100 kg gross,1,0.00,1988-01-01
27139000,80,2,other residues of petroleum oils or of oils obtained from bituminous minerals,Fr. per 100 kg gross,1,0.00,1988-01-01
2714,80,1,"Bitumen and asphalt, natural; bituminous or oil shale and tar sands; asphaltites and asphaltic rocks:",,0,,1988-01-01
27141000,80,2,bituminous or oil shale and tar sands,Fr. per 100 kg gross,1,0.00,1988-01-01
27149000,80,2,other,Fr. per 100 kg gross,1,0.00,1988-01-01
27150000,80,1,"Bituminous mixtures based on natural asphalt, on natural bitumen, on petroleum bitumen, on mineral tar or on mineral tar pitch (for example, bituminous mastics, cut-backs)",Fr. per 100 kg gross,1,0.00,1988-01-01
27160000,80,1,Electrical energy,Fr. per MWh,1,0.00,1988-01-01
28,80,0,"Inorganic chemicals; organic or inorganic compounds of precious metals, of rare-earth metals, of radioactive elements or of isotopes",,0,,1988-01-01
2801,80,1,"Fluorine, chlorine, bromine and iodine:",,0,,1988-01-01
28011000,80,2,chlorine,Fr. per 100 kg gross,1,0.00,1988-01-01
28012000,80,2,iodine,Fr. per 100 kg gross,1,0.00,1988-01-01
28013000,80,2,fluorine; bromine,Fr. per 100 kg gross,1,0.00,1988-01-01
28020000,80,1,"Sulphur, sublimed or precipitated; colloidal sulphur",Fr. per 100 kg gross,1,0.00,1988-01-01
28030000,80,1,Carbon (carbon blacks and other forms of carbon not elsewhere specified or included),Fr. per 100 kg gross,1,0.00,1988-01-01
2804,80,1,"Hydrogen, rare gases and other non-metals:",,0,,1988-01-01
28041000,80,2,hydrogen,Fr. per 100 kg gross,1,0.00,1988-01-01
,10,2,rare gases:,,,,1988-01-01
28042100,80,3,argon,Fr. per 100 kg gross,1,0.00,1988-01-01
28042900,80,3,other,Fr. per 100 kg gross,1,0.00,1988-01-01
28043000,80,2,nitrogen,Fr. per 100 kg gross,1,0.00,1988-01-01
28044000,80,2,oxygen,Fr. per 100 kg gross,1,0.00,1988-01-01
28045000,80,2,boron; tellurium,Fr. per 100 kg gross,1,0.00,1988-01-01
,10,2,silicon:,,,,1988-01-01
28046100,80,3,containing by weight not less than 99.99% of silicon,Fr. per 100 kg gross,1,0.00,1988-01-01
28046900,80,3,other,Fr. per 100 kg gross,1,0.00,1988-01-01
28047000,80,2,phosphorus,Fr. per 100 kg gross,1,0.00,1988-01-01
28048000,80,2,arsenic,Fr. per 100 kg gross,1,0.00,1988-01-01
28049000,80,2,selenium,Fr. per 100 kg gross,1,0.00,1988-01-01
2805,80,1,"Alkali or alkaline-earth metals; rare-earth metals, scandium and yttrium, whether or not intermixed or interalloyed; mercury:",,0,,1988-01-01
,10,2,alkali or alkaline-earth metals:,,,,1988-01-01
28051100,80,3,sodium,Fr. per 100 kg gross,1,0.00,1988-01-01
28051200,80,3,calcium,Fr. per 100 kg gross,1,0.00,2002-01-01
28051900,80,3,other,Fr. per 100 kg gross,1,0.00,2024-01-01
28053000,80,2,"rare-earth metals, scandium and yttrium, whether or not intermixed or interalloyed",Fr. per 100 kg gross,1,0.00,1988-01-01
28054000,80,2,mercury,Fr. per 100 kg gross,1,0.00,1988-01-01
2806,80,1,Hydrogen chloride (hydrochloric acid); chlorosulphuric acid:,,0,,1988-01-01
28061000,80,2,hydrogen chloride (hydrochloric acid),Fr. per 100 kg gross,1,0.00,1988-01-01
28062000,80,2,chlorosulphuric acid,Fr. per 100 kg gross,1,0.00,1988-01-01
28070000,80,1,Sulphuric acid; oleum,Fr. per 100 kg gross,1,0.00,1988-01-01
28080000,80,1,Nitric acid; sulphonitric acids,Fr. per 100 kg gross,1,0.00,1988-01-01
2809,80,1,"Diphosphorus pentaoxide; phosphoric acid; polyphosphoric acids, whether or not chemically defined:",,0,,1988-01-01
28091000,80,2,diphosphorus pentaoxide,Fr. per 100 kg gross,1,0.00,1988-01-01
28092000,80,2,phosphoric acid and polyphosphoric acids,Fr. per 100 kg gross,1,0.00,1988-01-01
28100000,80,1,Oxides of boron; boric acids,Fr. per 100 kg gross,1,0.00,2024-01-01
2811,80,1,Other inorganic acids and other inorganic oxygen compounds of non-metals:,,0,,1988-01-01
,10,2,other inorganic acids:,,,,1988-01-01
28111100,80,3,hydrogen fluoride (hydrofluoric acid),Fr. per 100 kg gross,1,0.00,1988-01-01
28111200,80,3,hydrogen cyanide (hydrocyanic acid),Fr. per 100 kg gross,1,0.00,2017-01-01
28111900,80,3,other,Fr. per 100 kg gross,1,0.00,1988-01-01
,10,2,other inorganic oxygen compounds of non-metals:,,,,1988-01-01
28112100,80,3,carbon dioxide,Fr. per 100 kg gross,1,0.00,1988-01-01
28112200,80,3,silicon dioxide,Fr. per 100 kg gross,1,0.00,1988-01-01
28112900,80,3,other,Fr. per 100 kg gross,1,0.00,2024-01-01
2812,80,1,Halides and halide oxides of non-metals:,,0,,1988-01-01
,10,2,chlorides and chloride oxides:,,,,2017-01-01
28121100,80,3,carbonyl dichloride (phosgene),Fr. per 100 kg gross,1,0.00,2017-01-01
28121200,80,3,phosphorus oxychloride,Fr. per 100 kg gross,1,0.00,2017-01-01
28121300,80,3,phosphorus trichloride,Fr. per 100 kg gross,1,0.00,2017-01-01
28121400,80,3,phosphorus pentachloride,Fr. per 100 kg gross,1,0.00,2017-01-01
28121500,80,3,sulphur monochloride,Fr. per 100 kg gross,1,0.00,2017-01-01
28121600,80,3,sulphur dichloride,Fr. per 100 kg gross,1,0.00,2017-01-01
28121700,80,3,thionyl chloride,Fr. per 100 kg gross,1,0.00,2017-01-01
28121900,80,3,other,Fr. per 100 kg gross,1,0.00,2017-01-01
28129000,80,2,other,Fr. per 100 kg gross,1,0.00,1988-01-01
2813,80,1,Sulphides of non-metals; commercial phosphorus trisulphide:,,0,,1988-01-01
28131000,80,2,carbon disulphide,Fr. per 100 kg gross,1,0.00,1988-01-01
28139000,80,2,other,Fr. per 100 kg gross,1,0.00,1988-01-01
2814,80,1,"Ammonia, anhydrous or in aqueous solution:",,0,,1988-01-01
28141000,80,2,anhydrous ammonia,Fr. per 100 kg gross,1,0.00,1988-01-01
28142000,80,2,ammonia in aqueous solution,Fr. per 100 kg gross,1,0.00,1988-01-01
2815,80,1,Sodium hydroxide (caustic soda); potassium hydroxide (caustic potash); peroxides of sodium or potassium:,,0,,1988-01-01
,10,2,sodium hydroxide (caustic soda):,,,,1988-01-01
28151100,80,3,solid,Fr. per 100 kg gross,1,0.00,1988-01-01
28151200,80,3,in aqueous solution (soda lye or liquid soda),Fr. per 100 kg gross,1,0.00,1988-01-01
28152000,80,2,potassium hydroxide (caustic potash),Fr. per 100 kg gross,1,0.00,1988-01-01
28153000,80,2,peroxides of sodium or potassium,Fr. per 100 kg gross,1,0.00,1988-01-01
2816,80,1,"Hydroxide and peroxide of magnesium; oxides, hydroxides and peroxides, of strontium or barium:",,0,,1988-01-01
28161000,80,2,hydroxide and peroxide of magnesium,Fr. per 100 kg gross,1,0.00,1988-01-01
28164000,80,2,"oxides, hydroxides and peroxides, of strontium or barium",Fr. per 100 kg gross,1,0.00,2002-01-01
28170000,80,1,Zinc oxide; zinc peroxide,Fr. per 100 kg gross,1,0.00,1988-01-01
2818,80,1,"Artificial corundum, whether or not chemically defined; aluminium oxide; aluminium hydroxide:",,0,,1988-01-01
28181000,80,2,"artificial corundum, whether or not chemically defined",Fr. per 100 kg gross,1,0.00,1988-01-01
28182000,80,2,"aluminium oxide, other than artificial corundum",Fr. per 100 kg gross,1,0.00,1988-01-01
28183000,80,2,aluminium hydroxide,Fr. per 100 kg gross,1,0.00,2024-01-01
2819,80,1,Chromium oxides and hydroxides:,,0,,1988-01-01
28191000,80,2,chromium trioxide,Fr. per 100 kg gross,1,0.00,1988-01-01
28199000,80,2,other,Fr. per 100 kg gross,1,0.00,1988-01-01
2820,80,1,Manganese oxides:,,0,,1988-01-01
28201000,80,2,manganese dioxide,Fr. per 100 kg gross,1,0.00,1988-01-01
28209000,80,2,other,Fr. per 100 kg gross,1,0.00,1988-01-01
2821,80,1,Iron oxides and hydroxides; earth colours containing 70% or more by weight of combined iron evaluated as Fe2O3:,,0,,1988-01-01
28211000,80,2,iron oxides and hydroxides,Fr. per 100 kg gross,1,0.00,1988-01-01
28212000,80,2,earth colours,Fr. per 100 kg gross,1,0.00,1988-01-01
28220000,80,1,Cobalt oxides and hydroxides; commercial cobalt oxides,Fr. per 100 kg gross,1,0.00,1988-01-01
28230000,80,1,Titanium oxides,Fr. per 100 kg gross,1,0.00,1988-01-01
2824,80,1,Lead oxides; red lead and orange lead:,,0,,1988-01-01
28241000,80,2,"lead monoxide (litharge, massicot)",Fr. per 100 kg gross,1,0.00,1988-01-01
28249000,80,2,other,Fr. per 100 kg gross,1,0.00,2024-01-01
2825,80,1,"Hydrazine and hydroxylamine and their inorganic salts; other inorganic bases; other metal oxides, hydroxides and peroxides:",,0,,1988-01-01
28251000,80,2,hydrazine and hydroxylamine and their inorganic salts,Fr. per 100 kg gross,1,0.00,1988-01-01
28252000,80,2,lithium oxide and hydroxide,Fr. per 100 kg gross,1,0.00,1988-01-01
28253000,80,2,vanadium oxides and hydroxides,Fr. per 100 kg gross,1,0.00,1988-01-01
28254000,80,2,nickel oxides and hydroxides,Fr. per 100 kg gross,1,0.00,1988-01-01
28255000,80,2,copper oxides and hydroxides,Fr. per 100 kg gross,1,0.00,1988-01-01
28256000,80,2,germanium oxides and zirconium dioxide,Fr. per 100 kg gross,1,0.00,1988-01-01
28257000,80,2,molybdenum oxides and hydroxides,Fr. per 100 kg gross,1,0.00,1988-01-01
28258000,80,2,antimony oxides,Fr. per 100 kg gross,1,0.00,1988-01-01
28259000,80,2,other,Fr. per 100 kg gross,1,0.00,1988-01-01
2826,80,1,"Fluorides; fluorosilicates, fluoroaluminates and other complex fluorine salts:",,0,,1988-01-01
,10,2,fluorides:,,,,1988-01-01
28261200,80,3,of aluminium,Fr. per 100 kg gross,1,0.00,1988-01-01
28261900,80,3,other,Fr. per 100 kg gross,1,0.00,1988-01-01
28263000,80,2,sodium hexafluoroaluminate (synthetic cryolite),Fr. per 100 kg gross,1,0.00,1988-01-01
28269000,80,2,other,Fr. per 100 kg gross,1,0.00,1988-01-01
2827,80,1,"Chlorides, chloride oxides and chloride hydroxides; bromides and bromide oxides; iodides and iodide oxides:",,0,,1988-01-01
28271000,80,2,ammonium chloride,Fr. per 100 kg gross,1,0.00,1988-01-01
28272000,80,2,calcium chloride,Fr. per 100 kg gross,1,0.00,1988-01-01
,10,2,other chlorides:,,,,1988-01-01
28273100,80,3,of magnesium,Fr. per 100 kg gross,1,0.00,1988-01-01
28273200,80,3,of aluminium,Fr. per 100 kg gross,1,0.00,1988-01-01
28273500,80,3,of nickel,Fr. per 100 kg gross,1,0.00,1988-01-01
28273900,80,3,other,Fr. per 100 kg gross,1,0.00,2024-01-01
,10,2,chloride oxides and chloride hydroxides:,,,,1988-01-01
28274100,80,3,of copper,Fr. per 100 kg gross,1,0.00,1988-01-01
28274900,80,3,other,Fr. per 100 kg gross,1,0.00,1988-01-01
,10,2,bromides and bromide oxides:,,,,1988-01-01
28275100,80,3,bromides of sodium or of potassium,Fr. per 100 kg gross,1,0.00,1988-01-01
28275900,80,3,other,Fr. per 100 kg gross,1,0.00,1988-01-01
28276000,80,2,iodides and iodide oxides,Fr. per 100 kg gross,1,0.00,1988-01-01
2828,80,1,Hypochlorites; commercial calcium hypochlorite; chlorites; hypobromites:,,0,,1988-01-01
28281000,80,2,commercial calcium hypochlorite and other calcium hypochlorites,Fr. per 100 kg gross,1,0.00,1988-01-01
28289000,80,2,other,Fr. per 100 kg gross,1,0.00,1988-01-01
2829,80,1,Chlorates and perchlorates; bromates and perbromates; iodates and periodates:,,0,,1988-01-01
,10,2,chlorates:,,,,1988-01-01
28291100,80,3,of sodium,Fr. per 100 kg gross,1,0.00,1988-01-01
28291900,80,3,other,Fr. per 100 kg gross,1,0.00,1988-01-01
28299000,80,2,other,Fr. per 100 kg gross,1,0.00,1988-01-01
2830,80,1,"Sulphides; polysulphides, whether or not chemically defined:",,0,,1988-01-01
28301000,80,2,sodium sulphides,Fr. per 100 kg gross,1,0.00,1988-01-01
28309000,80,2,other,Fr. per 100 kg gross,1,0.00,1988-01-01
2831,80,1,Dithionites and sulphoxylates:,,0,,1988-01-01
28311000,80,2,of sodium,Fr. per 100 kg gross,1,0.00,1988-01-01
28319000,80,2,other,Fr. per 100 kg gross,1,0.00,1988-01-01
2832,80,1,Sulphites; thiosulphates:,,0,,1988-01-01
28321000,80,2,sodium sulphites,Fr. per 100 kg gross,1,0.00,1988-01-01
28322000,80,2,other sulphites,Fr. per 100 kg gross,1,0.00,1988-01-01
28323000,80,2,thiosulphates,Fr. per 100 kg gross,1,0.00,1988-01-01
2833,80,1,Sulphates; alums; peroxosulphates (persulphates):,,0,,1988-01-01
,10,2,sodium sulphates:,,,,1988-01-01
28331100,80,3,disodium sulphate,Fr. per 100 kg gross,1,0.00,1988-01-01
28331900,80,3,other,Fr. per 100 kg gross,1,0.00,1988-01-01
,10,2,other sulphates:,,,,1988-01-01
28332100,80,3,of magnesium,Fr. per 100 kg gross,1,0.00,1988-01-01
28332200,80,3,of aluminium,Fr. per 100 kg gross,1,0.00,2024-01-01
28332400,80,3,of nickel,Fr. per 100 kg gross,1,0.00,1988-01-01
28332500,80,3,of copper,Fr. per 100 kg gross,1,0.00,1988-01-01
28332700,80,3,of barium,Fr. per 100 kg gross,1,0.00,1988-01-01
28332900,80,3,other,Fr. per 100 kg gross,1,0.00,2024-01-01
28333000,80,2,alums,Fr. per 100 kg gross,1,0.00,1988-01-01
28334000,80,2,peroxosulphates (persulphates),Fr. per 100 kg gross,1,0.00,1988-01-01
2834,80,1,Nitrites; nitrates:,,0,,1988-01-01
28341000,80,2,nitrites,Fr. per 100 kg gross,1,0.00,1988-01-01
,10,2,nitrates:,,,,1988-01-01
28342100,80,3,of potassium,Fr. per 100 kg gross,1,0.00,1988-01-01
28342900,80,3,other,Fr. per 100 kg gross,1,0.00,1988-01-01
2835,80,1,"Phosphinates (hypophosphites), phosphonates (phosphites) and phosphates; polyphosphates, whether or not chemically defined:",,0,,1988-01-01
28351000,80,2,phosphinates (hypophosphites) and phosphonates (phosphites),Fr. per 100 kg gross,1,0.00,1988-01-01
,10,2,phosphates:,,,,1988-01-01
28352200,80,3,of mono- or disodium,Fr. per 100 kg gross,1,0.00,1988-01-01
28352400,80,3,of potassium,Fr. per 100 kg gross,1,0.00,1988-01-01
28352500,80,3,calcium hydrogenorthophosphate («dicalcium phosphate»),Fr. per 100 kg gross,1,0.00,1988-01-01
28352600,80,3,other phosphates of calcium,Fr. per 100 kg gross,1,0.00,1988-01-01
28352900,80,3,other,Fr. per 100 kg gross,1,0.00,1996-01-01
,10,2,polyphosphates:,,,,1988-01-01
28353100,80,3,sodium triphosphate (sodium tripolyphosphate),Fr. per 100 kg gross,1,0.00,1988-01-01
28353900,80,3,other,Fr. per 100 kg gross,1,0.00,1988-01-01
2836,80,1,Carbonates; peroxocarbonates (percarbonates); commercial ammonium carbonate containing ammonium carbamate:,,0,,1988-01-01
28362000,80,2,disodium carbonate,Fr. per 100 kg gross,1,0.00,1988-01-01
28363000,80,2,sodium hydrogencarbonate (sodium bicarbonate),Fr. per 100 kg gross,1,0.00,1988-01-01
28364000,80,2,potassium carbonates,Fr. per 100 kg gross,1,0.00,1988-01-01
28365000,80,2,calcium carbonate,Fr. per 100 kg gross,1,0.00,1988-01-01
28366000,80,2,barium carbonate,Fr. per 100 kg gross,1,0.00,1988-01-01
,10,2,other:,,,,1988-01-01
28369100,80,3,lithium carbonates,Fr. per 100 kg gross,1,0.00,1988-01-01
28369200,80,3,strontium carbonate,Fr. per 100 kg gross,1,0.00,1988-01-01
28369900,80,3,other,Fr. per 100 kg gross,1,0.00,2024-01-01
2837,80,1,"Cyanides, cyanide oxides and complex cyanides:",,0,,1988-01-01
,10,2,cyanides and cyanide oxides:,,,,1988-01-01
28371100,80,3,of sodium,Fr. per 100 kg gross,1,0.00,1988-01-01
28371900,80,3,other,Fr. per 100 kg gross,1,0.00,1988-01-01
28372000,80,2,complex cyanides,Fr. per 100 kg gross,1,0.00,1988-01-01
2839,80,1,Silicates; commercial alkali metal silicates:,,0,,1988-01-01
,10,2,of sodium:,,,,1988-01-01
28391100,80,3,sodium metasilicates,Fr. per 100 kg gross,1,0.00,1988-01-01
28391900,80,3,other,Fr. per 100 kg gross,1,0.00,1988-01-01
28399000,80,2,other,Fr. per 100 kg gross,1,0.00,2024-01-01
2840,80,1,Borates; peroxoborates (perborates):,,0,,1988-01-01
,10,2,disodium tetraborate (refined borax):,,,,1988-01-01
28401100,80,3,anhydrous,Fr. per 100 kg gross,1,0.00,1988-01-01
28401900,80,3,other,Fr. per 100 kg gross,1,0.00,1988-01-01
28402000,80,2,other borates,Fr. per 100 kg gross,1,0.00,1988-01-01
28403000,80,2,peroxoborates (perborates),Fr. per 100 kg gross,1,0.00,1988-01-01
2841,80,1,Salts of oxometallic or peroxometallic acids:,,0,,1988-01-01
28413000,80,2,sodium dichromate,Fr. per 100 kg gross,1,0.00,1988-01-01
28415000,80,2,other chromates and dichromates; peroxochromates,Fr. per 100 kg gross,1,0.00,2024-01-01
,10,2,"manganites, manganates and permanganates:",,,,1996-01-01
28416100,80,3,potassium permanganate,Fr. per 100 kg gross,1,0.00,1996-01-01
28416900,80,3,other,Fr. per 100 kg gross,1,0.00,1996-01-01
28417000,80,2,molybdates,Fr. per 100 kg gross,1,0.00,1988-01-01
28418000,80,2,tungstates (wolframates),Fr. per 100 kg gross,1,0.00,1988-01-01
28419000,80,2,other,Fr. per 100 kg gross,1,0.00,2024-01-01
2842,80,1,"Other salts of inorganic acids or peroxoacids (including aluminosilicates whether or not chemically defined), other than azides:",,0,,1988-01-01
28421000,80,2,"double or complex silicates, including aluminosilicates whether or not chemically defined",Fr. per 100 kg gross,1,0.00,2024-01-01
28429000,80,2,other,Fr. per 100 kg gross,1,0.00,2024-01-01
2843,80,1,"Colloidal precious metals; inorganic or organic compounds of precious metals, whether or not chemically defined; amalgams of precious metals:",,0,,1988-01-01
28431000,80,2,colloidal precious metals,Fr. per 100 kg gross,1,0.00,1988-01-01
,10,2,silver compounds:,,,,1988-01-01
28432100,80,3,silver nitrate,Fr. per 100 kg gross,1,0.00,1988-01-01
28432900,80,3,other,Fr. per 100 kg gross,1,0.00,1988-01-01
28433000,80,2,gold compounds,Fr. per 100 kg gross,1,0.00,2024-01-01
28439000,80,2,other compounds; amalgams,Fr. per 100 kg gross,1,0.00,2024-01-01
2844,80,1,Radioactive chemical elements and radioactive isotopes (including the fissile or fertile chemical elements and isotopes) and their compounds; mixtures and residues containing these products:,,0,,1988-01-01
28441000,80,2,"natural uranium and its compounds; alloys, dispersions (including cermets), ceramic products and mixtures containing natural uranium or natural uranium compounds",Fr. per 100 kg gross,1,0.00,1988-01-01
28442000,80,2,"uranium enriched in U 235 and its compounds; plutonium and its compounds; alloys, dispersions (including cermets), ceramic products and mixtures containing uranium enriched in U 235, plutonium or compounds of these products",Fr. per 100 kg gross,1,0.00,1988-01-01
28443000,80,2,"uranium depleted in U 235 and its compounds; thorium and its compounds; alloys, dispersions (including cermets), ceramic products and mixtures containing uranium depleted in U 235, thorium or compounds of these products",Fr. per 100 kg gross,1,0.00,1988-01-01
,10,2,"radioactive elements and isotopes and compounds other than those of subheading 2844.10, 2844.20 or 2844.30; alloys, dispersions (including cermets), ceramic products and mixtures containing these elements, isotopes or compounds; radioactive residues:",,,,2022-01-01
28444100,80,3,"tritium and its compounds; alloys, dispersions (including cermets), ceramic products and mixtures containing tritium or its compounds",Fr. per 100 kg gross,1,0.00,2022-01-01
28444200,80,3,"actinium-225, actinium-227, californium-253, curium-240, curium-241, curium-242, curium-243, curium-244, einsteinium-253, einsteinium-254, gadolinium-148, polonium-208, polonium-209, polonium-210, radium-223, uranium-230 or uranium-232, and their compounds; alloys, dispersions (including cermets), ceramic products and mixtures containing these elements or compounds",Fr. per 100 kg gross,1,0.00,2022-01-01
28444300,80,3,"other radioactive elements and isotopes and compounds; other alloys, dispersions (including cermets), ceramic products and mixtures containing these elements, isotopes or compounds",Fr. per 100 kg gross,1,0.00,2022-01-01
28444400,80,3,radioactive residues,Fr. per 100 kg gross,1,0.00,2022-01-01
28445000,80,2,spent (irradiated) fuel elements (cartridges) of nuclear reactors,Fr. per 100 kg gross,1,0.00,1988-01-01
2845,80,1,"Isotopes other than those of heading 2844; compounds, inorganic or organic, of such isotopes, whether or not chemically defined:",,0,,1988-01-01
28451000,80,2,heavy water (deuterium oxide),Fr. per 100 kg gross,1,0.00,1988-01-01
28452000,80,2,boron enriched in boron-10 and its compounds,Fr. per 100 kg gross,1,0.00,2022-01-01
28453000,80,2,lithium enriched in lithium-6 and its compounds,Fr. per 100 kg gross,1,0.00,2022-01-01
28454000,80,2,helium-3,Fr. per 100 kg gross,1,0.00,2022-01-01
28459000,80,2,other,Fr. per 100 kg gross,1,0.00,2024-01-01
2846,80,1,"Compounds, inorganic or organic, of rare-earth metals, of yttrium or of scandium or of mixtures of these metals:",,0,,1988-01-01
28461000,80,2,cerium compounds,Fr. per 100 kg gross,1,0.00,1988-01-01
28469000,80,2,other,Fr. per 100 kg gross,1,0.00,2024-01-01
28470000,80,1,"Hydrogen peroxide, whether or not solidified with urea",Fr. per 100 kg gross,1,0.00,1988-01-01
2849,80,1,"Carbides, whether or not chemically defined:",,0,,1988-01-01
28491000,80,2,of calcium,Fr. per 100 kg gross,1,0.00,1988-01-01
28492000,80,2,of silicon,Fr. per 100 kg gross,1,0.00,1988-01-01
28499000,80,2,other,Fr. per 100 kg gross,1,0.00,1988-01-01
28500000,80,1,"Hydrides, nitrides, azides, silicides and borides, whether or not chemically defined, other than compounds which are also carbides of heading 2849",Fr. per 100 kg gross,1,0.00,1988-01-01
2852,80,1,"Inorganic or organic compounds of mercury, whether or not chemically defined, excluding amalgams:",,0,,2012-01-01
28521000,80,2,chemically defined,Fr. per 100 kg gross,1,0.00,2024-01-01
28529000,80,2,other,Fr. per 100 kg gross,1,0.00,2012-01-01
2853,80,1,"Phosphides, whether or not chemically defined, excluding ferrophosphorus; other inorganic compounds (including distilled or conductivity water and water of similar purity); liquid air (whether or not rare gases have been removed); compressed air; amalgams, other than amalgams of precious metals:",,0,,2007-01-01
28531000,80,2,cyanogen chloride (chlorcyan),Fr. per 100 kg gross,1,0.00,2017-01-01
28539000,80,2,other,Fr. per 100 kg gross,1,0.00,2017-01-01
29,80,0,Organic chemicals,,0,,1988-01-01
2901,80,1,Acyclic hydrocarbons:,,0,,1988-01-01
290110,80,2,saturated:,,0,,1988-01-01
,10,3,"gaseous, whether or not liquefied:",,,,1988-01-01
29011011,80,4,for use as fuel,Fr. per 100 kg gross,1,0.00,1988-01-01
29011019,80,4,other,Fr. per 100 kg gross,1,0.00,1988-01-01
,10,3,other:,,,,1988-01-01
29011091,80,4,for use as fuel,Fr. per 100 kg gross,1,0.00,1988-01-01
29011099,80,4,other,Fr. per 100 kg gross,1,0.00,1988-01-01
,10,2,unsaturated:,,,,1988-01-01
290121,80,3,ethylene:,,0,,1988-01-01
29012110,80,4,for use as fuel,Fr. per 100 kg gross,1,0.00,1988-01-01
29012190,80,4,other,Fr. per 100 kg gross,1,0.00,1988-01-01
290122,80,3,propene (propylene):,,0,,1988-01-01
29012210,80,4,for use as fuel,Fr. per 100 kg gross,1,0.00,1988-01-01
29012290,80,4,other,Fr. per 100 kg gross,1,0.00,1988-01-01
290123,80,3,butene (butylene) and isomers thereof:,,0,,1988-01-01
29012310,80,4,for use as fuel,Fr. per 100 kg gross,1,0.00,1988-01-01
29012390,80,4,other,Fr. per 100 kg gross,1,0.00,1988-01-01
290124,80,3,"buta-1,3-diene and isoprene:",,0,,1988-01-01
,10,4,"buta-1,3-diene:",,,,1988-01-01
29012411,80,5,for use as fuel,Fr. per 100 kg gross,1,0.00,1988-01-01
29012419,80,5,other,Fr. per 100 kg gross,1,0.00,1988-01-01
,10,4,isoprene:,,,,1988-01-01
29012421,80,5,for use as fuel,Fr. per 100 kg gross,1,0.00,1988-01-01
29012429,80,5,other,Fr. per 100 kg gross,1,0.00,1988-01-01
290129,80,3,other:,,0,,1988-01-01
,10,4,"gaseous, whether or not liquefied:",,,,1988-01-01
29012911,80,5,for use as fuel,Fr. per 100 kg gross,1,0.00,1988-01-01
,10,5,other:,,,,1988-01-01
29012912,80,6,acetylene,Fr. per 100 kg gross,1,0.00,1988-01-01
29012919,80,6,other,Fr. per 100 kg gross,1,0.00,1988-01-01
,10,4,other:,,,,1988-01-01
29012991,80,5,for use as fuel,Fr. per 100 kg gross,1,0.00,1988-01-01
29012999,80,5,other,Fr. per 100 kg gross,1,0.00,1988-01-01
2902,80,1,Cyclic hydrocarbons:,,0,,1988-01-01
,10,2,"cyclanic, cyclenic or cycloterpenic:",,,,1988-01-01
290211,80,3,cyclohexane:,,0,,1988-01-01
29021110,80,4,for use as fuel,Fr. per 100 kg gross,1,0.00,1988-01-01
29021190,80,4,other,Fr. per 100 kg gross,1,0.00,1988-01-01
290219,80,3,other:,,0,,1988-01-01
29021910,80,4,for use as fuel,Fr. per 100 kg gross,1,0.00,1988-01-01
29021990,80,4,other,Fr. per 100 kg gross,1,0.00,2024-01-01
290220,80,2,benzene:,,0,,1988-01-01
29022010,80,3,for use as fuel,Fr. per 100 kg gross,1,0.00,1988-01-01
29022090,80,3,other,Fr. per 100 kg gross,1,0.00,1988-01-01
290230,80,2,toluene:,,0,,1988-01-01
29023010,80,3,for use as fuel,Fr. per 100 kg gross,1,0.00,1988-01-01
29023090,80,3,other,Fr. per 100 kg gross,1,0.00,1988-01-01
,10,2,xylenes:,,,,1988-01-01
290241,80,3,o-xylene:,,0,,1988-01-01
29024110,80,4,for use as fuel,Fr. per 100 kg gross,1,0.00,1988-01-01
29024190,80,4,other,Fr. per 100 kg gross,1,0.00,1989-06-01
290242,80,3,m-xylene:,,0,,1988-01-01
29024210,80,4,for use as fuel,Fr. per 100 kg gross,1,0.00,1988-01-01
29024290,80,4,other,Fr. per 100 kg gross,1,0.00,1989-06-01
290243,80,3,p-xylene:,,0,,1988-01-01
29024310,80,4,for use as fuel,Fr. per 100 kg gross,1,0.00,1988-01-01
29024390,80,4,other,Fr. per 100 kg gross,1,0.00,1989-06-01
290244,80,3,mixed xylene isomers:,,0,,1988-01-01
29024410,80,4,for use as fuel,Fr. per 100 kg gross,1,0.00,1988-01-01
29024490,80,4,other,Fr. per 100 kg gross,1,0.00,1988-01-01
29025000,80,2,styrene,Fr. per 100 kg gross,1,0.00,1988-01-01
290260,80,2,ethylbenzene:,,0,,1988-01-01
29026010,80,3,for use as fuel,Fr. per 100 kg gross,1,0.00,1988-01-01
29026090,80,3,other,Fr. per 100 kg gross,1,0.00,1988-01-01
290270,80,2,cumene:,,0,,1988-01-01
29027010,80,3,for use as fuel,Fr. per 100 kg gross,1,0.00,1988-01-01
29027090,80,3,other,Fr. per 100 kg gross,1,0.00,1988-01-01
290290,80,2,other:,,0,,1988-01-01
29029010,80,3,for use as fuel,Fr. per 100 kg gross,1,0.00,1988-01-01
29029090,80,3,other,Fr. per 100 kg gross,1,0.00,2024-01-01
2903,80,1,Halogenated derivatives of hydrocarbons:,,0,,1988-01-01
,10,2,saturated chlorinated derivatives of acyclic hydrocarbons:,,,,1988-01-01
29031100,80,3,chloromethane (methyl chloride) and chloroethane (ethyl chloride),Fr. per 100 kg gross,1,0.00,1988-01-01
29031200,80,3,dichloromethane (methylene chloride),Fr. per 100 kg gross,1,0.00,1988-01-01
29031300,80,3,chloroform (trichloromethane),Fr. per 100 kg gross,1,0.00,1988-01-01
29031400,80,3,carbon tetrachloride,Fr. per 100 kg gross,1,0.00,1988-01-01
29031500,80,3,"ethylene dichloride (ISO) (1,2-dichloroethane)",Fr. per 100 kg gross,1,0.00,1988-01-01
29031900,80,3,other,Fr. per 100 kg gross,1,0.00,1988-01-01
,10,2,unsaturated chlorinated derivatives of acyclic hydrocarbons:,,,,1988-01-01
29032100,80,3,vinyl chloride (chloroethylene),Fr. per 100 kg gross,1,0.00,1988-01-01
29032200,80,3,trichloroethylene,Fr. per 100 kg gross,1,0.00,1997-10-01
29032300,80,3,tetrachloroethylene (perchloroethylene),Fr. per 100 kg gross,1,0.00,1988-01-01
29032900,80,3,other,Fr. per 100 kg gross,1,0.00,1988-01-01
,10,2,saturated fluorinated derivatives of acyclic hydrocarbons:,,,,2022-01-01
29034100,80,3,trifluoromethane (HFC-23),Fr. per 100 kg gross,1,0.00,2022-01-01
29034200,80,3,difluoromethane (HFC-32),Fr. per 100 kg gross,1,0.00,2022-01-01
29034300,80,3,"fluoromethane (HFC-41), 1,2-difluoroethane (HFC-152) and 1,1-difluoroethane (HFC-152a)",Fr. per 100 kg gross,1,0.00,2022-01-01
29034400,80,3,"pentafluoroethane (HFC-125), 1,1,1-trifluoroethane (HFC-143a) and 1,1,2-trifluoroethane (HFC-143)",Fr. per 100 kg gross,1,0.00,2022-01-01
29034500,80,3,"1,1,1,2-tetrafluoroethane (HFC-134a) and 1,1,2,2-tetrafluoroethane (HFC-134)",Fr. per 100 kg gross,1,0.00,2022-01-01
29034600,80,3,"1,1,1,2,3,3,3-heptafluoropropane (HFC-227ea), 1,1,1,2,2,3-hexafluoropropane (HFC-236cb), 1,1,1,2,3,3-hexafluoropropane (HFC-236ea) and 1,1,1,3,3,3-hexafluoropropane (HFC-236fa)",Fr. per 100 kg gross,1,0.00,2022-01-01
29034700,80,3,"1,1,1,3,3-pentafluoropropane (HFC-245fa) and 1,1,2,2,3-pentafluoropropane (HFC-245ca)",Fr. per 100 kg gross,1,0.00,2022-01-01
29034800,80,3,"1,1,1,3,3-pentafluorobutane (HFC-365mfc) and 1,1,1,2,2,3,4,5,5,5-decafluoropentane (HFC-43-10mee)",Fr. per 100 kg gross,1,0.00,2022-01-01
29034900,80,3,other,Fr. per 100 kg gross,1,0.00,2024-01-01
,10,2,unsaturated fluorinated derivatives of acyclic hydrocarbons:,,,,2022-01-01
29035100,80,3,"2,3,3,3-tetrafluoropropene (HFO-1234yf), 1,3,3,3-tetrafluoropropene (HFO-1234ze) and (Z)-1,1,1,4,4,4-hexafluoro-2-butene (HFO-1336mzz)",Fr. per 100 kg gross,1,0.00,2022-01-01
29035900,80,3,other,Fr. per 100 kg gross,1,0.00,2024-01-01
,10,2,brominated or iodinated derivatives of acyclic hydrocarbons:,,,,2022-01-01
29036100,80,3,methyl bromide (bromomethane),Fr. per 100 kg gross,1,0.00,2022-01-01
29036200,80,3,"ethylene dibromide (ISO) (1,2-dibromoethane)",Fr. per 100 kg gross,1,0.00,2022-01-01
29036900,80,3,other,Fr. per 100 kg gross,1,0.00,2024-01-01
,10,2,halogenated derivatives of acyclic hydrocarbons containing two or more different halogens:,,,,1996-01-01
29037100,80,3,chlorodifluoromethane (HCFC-22),Fr. per 100 kg gross,1,0.00,2012-01-01
29037200,80,3,dichlorotrifluoroethanes (HCFC-123),Fr. per 100 kg gross,1,0.00,2012-01-01
29037300,80,3,"dichlorofluoroethanes (HCFC-141, 141b)",Fr. per 100 kg gross,1,0.00,2012-01-01
29037400,80,3,"chlorodifluoroethanes (HCFC-142, 142b)",Fr. per 100 kg gross,1,0.00,2012-01-01
29037500,80,3,"dichloropentafluoropropanes (HCFC-225, 225ca, 225cb)",Fr. per 100 kg gross,1,0.00,2012-01-01
29037600,80,3,"bromochlorodifluoromethane (Halon-1211), bromotrifluoromethane (Halon-1301) and dibromotetrafluoroethanes (Halon-2402)",Fr. per 100 kg gross,1,0.00,2012-01-01
29037700,80,3,"other, perhalogenated only with fluorine and chlorine",Fr. per 100 kg gross,1,0.00,2012-01-01
29037800,80,3,other perhalogenated derivatives,Fr. per 100 kg gross,1,0.00,2024-01-01
29037900,80,3,other,Fr. per 100 kg gross,1,0.00,2024-01-01
,10,2,"halogenated derivatives of cyclanic, cyclenic or cycloterpenic hydrocarbons:",,,,1988-01-01
29038100,80,3,"1,2,3,4,5,6-Hexachlorocyclohexane (HCH (ISO)), including lindane (ISO, INN)",Fr. per 100 kg gross,1,0.00,2012-01-01
29038200,80,3,"aldrin (ISO), chlordane (ISO) and heptachlor (ISO)",Fr. per 100 kg gross,1,0.00,2012-01-01
29038300,80,3,mirex (ISO),Fr. per 100 kg gross,1,0.00,2017-01-01
29038900,80,3,other,Fr. per 100 kg gross,1,0.00,2024-01-01
,10,2,halogenated derivatives of aromatic hydrocarbons:,,,,1988-01-01
29039100,80,3,"chlorobenzene, o-dichlorobenzene and p-dichlorobenzene",Fr. per 100 kg gross,1,0.00,2012-01-01
29039200,80,3,"hexachlorobenzene (ISO) and DDT (ISO) (clofenotane (INN), 1,1,1-trichloro-2,2-bis(p-chlorophenyl)ethane)",Fr. per 100 kg gross,1,0.00,2012-01-01
29039300,80,3,pentachlorobenzene (ISO),Fr. per 100 kg gross,1,0.00,2017-01-01
29039400,80,3,hexabromobiphenyls,Fr. per 100 kg gross,1,0.00,2017-01-01
29039900,80,3,other,Fr. per 100 kg gross,1,0.00,2012-01-01
2904,80,1,"Sulphonated, nitrated or nitrosated derivatives of hydrocarbons, whether or not halogenated:",,0,,1988-01-01
29041000,80,2,"derivatives containing only sulpho groups, their salts and ethyl esters",Fr. per 100 kg gross,1,0.00,2024-01-01
29042000,80,2,derivatives containing only nitro or only nitroso groups,Fr. per 100 kg gross,1,0.00,2024-01-01
,10,2,"perfluorooctane sulphonic acid, its salts and perfluorooctane sulphonyl fluoride:",,,,2017-01-01
29043100,80,3,perfluorooctane sulphonic acid,Fr. per 100 kg gross,1,0.00,2017-01-01
29043200,80,3,ammonium perfluorooctane sulphonate,Fr. per 100 kg gross,1,0.00,2017-01-01
29043300,80,3,lithium perfluorooctane sulphonate,Fr. per 100 kg gross,1,0.00,2017-01-01
29043400,80,3,potassium perfluorooctane sulphonate,Fr. per 100 kg gross,1,0.00,2017-01-01
29043500,80,3,other salts of perfluorooctane sulphonic acid,Fr. per 100 kg gross,1,0.00,2017-01-01
29043600,80,3,perfluorooctane sulphonyl fluoride,Fr. per 100 kg gross,1,0.00,2017-01-01
,10,2,other:,,,,2017-01-01
29049100,80,3,trichloronitromethane (chloropicrin),Fr. per 100 kg gross,1,0.00,2017-01-01
29049900,80,3,other,Fr. per 100 kg gross,1,0.00,2017-01-01
2905,80,1,"Acyclic alcohols and their halogenated, sulphonated, nitrated or nitrosated derivatives:",,0,,1988-01-01
,10,2,saturated monohydric alcohols:,,,,1988-01-01
290511,80,3,methanol (methyl alcohol):,,0,,1988-01-01
29051110,80,4,for use as fuel,Fr. per 100 kg gross,1,0.00,1988-01-01
29051190,80,4,other,Fr. per 100 kg gross,1,0.00,1988-01-01
290512,80,3,propan-1-ol (propyl alcohol) and propan-2-ol (isopropyl alcohol):,,0,,1988-01-01
29051210,80,4,for use as fuel,Fr. per 100 kg gross,1,0.00,1988-01-01
29051290,80,4,other,Fr. per 100 kg gross,1,0.00,1988-01-01
29051300,80,3,butan-1-ol (n-butyl alcohol),Fr. per 100 kg gross,1,0.00,1988-01-01
290514,80,3,other butanols:,,0,,1988-01-01
29051410,80,4,for use as fuel,Fr. per 100 kg gross,1,0.00,1988-01-01
29051490,80,4,other,Fr. per 100 kg gross,1,0.00,1988-01-01
290516,80,3,octanol (octyl alcohol) and isomers thereof:,,0,,1988-01-01
29051610,80,4,for use as fuel,Fr. per 100 kg gross,1,0.00,1988-01-01
29051690,80,4,other,Fr. per 100 kg gross,1,0.00,1988-01-01
29051700,80,3,"dodecan-1-ol (lauryl alcohol), hexadecan-1-ol (cetyl alcohol) and octadecan-1-ol (stearyl alcohol)",Fr. per 100 kg gross,1,0.00,1988-01-01
290519,80,3,other:,,0,,1988-01-01
29051920,80,4,for use as fuel,Fr. per 100 kg gross,1,0.00,2007-01-01
29051980,80,4,other,Fr. per 100 kg gross,1,0.00,2007-01-01
,10,2,unsaturated monohydric alcohols:,,,,1988-01-01
290522,80,3,acyclic terpene alcohols:,,0,,1988-01-01
29052210,80,4,for use as fuel,Fr. per 100 kg gross,1,0.00,1988-01-01
29052290,80,4,other,Fr. per 100 kg gross,1,0.00,2024-01-01
290529,80,3,other:,,0,,1996-01-01
29052910,80,4,for use as fuel,Fr. per 100 kg gross,1,0.00,1996-01-01
29052990,80,4,other,Fr. per 100 kg gross,1,0.00,2024-01-01
,10,2,diols:,,,,1988-01-01
29053100,80,3,ethylene glycol (ethanediol),Fr. per 100 kg gross,1,0.00,1988-01-01
29053200,80,3,"propylene glycol (propane-1,2-diol)",Fr. per 100 kg gross,1,0.00,1988-01-01
29053900,80,3,other,Fr. per 100 kg gross,1,0.00,2024-01-01
,10,2,other polyhydric alcohols:,,,,1988-01-01
29054100,80,3,"2-ethyl-2-(hydroxymethyl)propane-1,3-diol (trimethylolpropane)",Fr. per 100 kg gross,1,0.00,1988-01-01
29054200,80,3,pentaerythritol,Fr. per 100 kg gross,1,0.00,1988-01-01
29054300,80,3,mannitol,Fr. per 100 kg gross,1,0.00,1988-01-01
29054400,80,3,d-glucitol (sorbitol),Fr. per 100 kg gross,1,0.00,1988-01-01
29054500,80,3,glycerol,Fr. per 100 kg gross,1,0.00,1996-01-01
29054900,80,3,other,Fr. per 100 kg gross,1,0.00,2024-01-01
,10,2,"halogenated, sulphonated, nitrated or nitrosated derivatives of acyclic alcohols:",,,,2002-01-01
29055100,80,3,ethchlorvynol (INN),Fr. per 100 kg gross,1,0.00,2002-01-01
29055900,80,3,other,Fr. per 100 kg gross,1,0.00,2024-01-01
2906,80,1,"Cyclic alcohols and their halogenated, sulphonated, nitrated or nitrosated derivatives:",,0,,1988-01-01
,10,2,"cyclanic, cyclenic or cycloterpenic:",,,,1988-01-01
29061100,80,3,menthol,Fr. per 100 kg gross,1,0.00,2024-01-01
29061200,80,3,"cyclohexanol, methylcyclohexanols and dimethylcyclohexanols",Fr. per 100 kg gross,1,0.00,1988-01-01
29061300,80,3,sterols and inositols,Fr. per 100 kg gross,1,0.00,1988-01-01
29061900,80,3,other,Fr. per 100 kg gross,1,0.00,2024-01-01
,10,2,aromatic:,,,,1988-01-01
29062100,80,3,benzyl alcohol,Fr. per 100 kg gross,1,0.00,1997-10-01
29062900,80,3,other,Fr. per 100 kg gross,1,0.00,2024-01-01
2907,80,1,Phenols; phenol-alcohols:,,0,,1988-01-01
,10,2,monophenols:,,,,1988-01-01
29071100,80,3,phenol (hydroxybenzene) and its salts,Fr. per 100 kg gross,1,0.00,1988-01-01
29071200,80,3,cresols and their salts,Fr. per 100 kg gross,1,0.00,1988-01-01
29071300,80,3,"octylphenol, nonylphenol and their isomers; salts thereof",Fr. per 100 kg gross,1,0.00,1988-01-01
29071500,80,3,naphthols and their salts,Fr. per 100 kg gross,1,0.00,1988-01-01
29071900,80,3,other,Fr. per 100 kg gross,1,0.00,2024-01-01
,10,2,polyphenols; phenol-alcohols:,,,,1988-01-01
29072100,80,3,resorcinol and its salts,Fr. per 100 kg gross,1,0.00,1988-01-01
29072200,80,3,hydroquinone (quinol) and its salts,Fr. per 100 kg gross,1,0.00,1988-01-01
29072300,80,3,"4,4'-Isopropylidenediphenol (bisphenol A, diphenylolpropane) and its salts",Fr. per 100 kg gross,1,0.00,1995-07-01
29072900,80,3,other,Fr. per 100 kg gross,1,0.00,2024-01-01
2908,80,1,"Halogenated, sulphonated, nitrated or nitrosated derivatives of phenols or phenol-alcohols:",,0,,1988-01-01
,10,2,derivatives containing only halogen substituents and their salts:,,,,2007-01-01
29081100,80,3,pentachlorophenol (ISO),Fr. per 100 kg gross,1,0.00,2007-01-01
29081900,80,3,other,Fr. per 100 kg gross,1,0.00,2007-01-01
,10,2,other:,,,,2007-01-01
29089100,80,3,dinoseb (ISO) and its salts,Fr. per 100 kg gross,1,0.00,2007-01-01
29089200,80,3,"4,6-Dinitro-o-cresol (DNOC (ISO)) and its salts",Fr. per 100 kg gross,1,0.00,2012-01-01
29089900,80,3,other,Fr. per 100 kg gross,1,0.00,2024-01-01
2909,80,1,"Ethers, ether-alcohols, ether-phenols, ether-alcohol-phenols, alcohol peroxides, ether peroxides, acetal and hemiacetal peroxides, ketone peroxides (whether or not chemically defined), and their halogenated, sulphonated, nitrated or nitrosated derivatives:",,0,,1988-01-01
,10,2,"acyclic ethers and their halogenated, sulphonated, nitrated or nitrosated derivatives:",,,,1988-01-01
29091100,80,3,diethyl ether,Fr. per 100 kg gross,1,0.00,1988-01-01
290919,80,3,other:,,0,,1988-01-01
29091910,80,4,for use as fuel,Fr. per 100 kg gross,1,0.00,1988-01-01
29091990,80,4,other,Fr. per 100 kg gross,1,0.00,2024-01-01
290920,80,2,"cyclanic, cyclenic or cycloterpenic ethers and their halogenated, sulphonated, nitrated or nitrosated derivatives:",,0,,1988-01-01
29092010,80,3,for use as fuel,Fr. per 100 kg gross,1,0.00,1988-01-01
29092090,80,3,other,Fr. per 100 kg gross,1,0.00,2024-01-01
290930,80,2,"aromatic ethers and their halogenated, sulphonated, nitrated or nitrosated derivatives:",,0,,1988-01-01
29093010,80,3,for use as fuel,Fr. per 100 kg gross,1,0.00,1988-01-01
29093090,80,3,other,Fr. per 100 kg gross,1,0.00,2024-01-01
,10,2,"ether-alcohols and their halogenated, sulphonated, nitrated or nitrosated derivatives:",,,,1988-01-01
29094100,80,3,"2,2'-oxydiethanol (diethylene glycol, digol)",Fr. per 100 kg gross,1,0.00,1988-01-01
290943,80,3,monobutyl ethers of ethylene glycol or of diethylene glycol:,,0,,1988-01-01
29094310,80,4,for use as fuel,Fr. per 100 kg gross,1,0.00,1988-01-01
29094390,80,4,other,Fr. per 100 kg gross,1,0.00,1988-01-01
290944,80,3,other monoalkylethers of ethylene glycol or of diethylene glycol:,,0,,1988-01-01
29094420,80,4,for use as fuel,Fr. per 100 kg gross,1,0.00,2007-01-01
29094480,80,4,other,Fr. per 100 kg gross,1,0.00,2007-01-01
290949,80,3,other:,,0,,1988-01-01
29094910,80,4,for use as fuel,Fr. per 100 kg gross,1,0.00,1988-01-01
29094990,80,4,other,Fr. per 100 kg gross,1,0.00,2024-01-01
290950,80,2,"ether-phenols, ether-alcohol-phenols and their halogenated, sulphonated, nitrated or nitrosated derivatives:",,0,,1988-01-01
29095010,80,3,for use as fuel,Fr. per 100 kg gross,1,0.00,1988-01-01
29095090,80,3,other,Fr. per 100 kg gross,1,0.00,2024-01-01
290960,80,2,"alcohol peroxides, ether peroxides, acetal and hemiacetal peroxides, ketone peroxides and their halogenated, sulphonated, nitrated or nitrosated derivatives:",,0,,1988-01-01
29096010,80,3,for use as fuel,Fr. per 100 kg gross,1,0.00,1988-01-01
29096090,80,3,other,Fr. per 100 kg gross,1,0.00,1988-01-01
2910,80,1,"Epoxides, epoxyalcohols, epoxyphenols and epoxyethers, with a three-membered ring, and their halogenated, sulphonated, nitrated or nitrosated derivatives:",,0,,1988-01-01
29101000,80,2,oxirane (ethylene oxide),Fr. per 100 kg gross,1,0.00,1988-01-01
29102000,80,2,methyloxirane (propylene oxide),Fr. per 100 kg gross,1,0.00,1988-01-01
29103000,80,2,"1-chloro-2,3-epoxypropane (epichlorohydrin)",Fr. per 100 kg gross,1,0.00,2024-01-01
29104000,80,2,"dieldrin (ISO, INN)",Fr. per 100 kg gross,1,0.00,2007-01-01
29105000,80,2,endrin (ISO),Fr. per 100 kg gross,1,0.00,2017-01-01
29109000,80,2,other,Fr. per 100 kg gross,1,0.00,2024-01-01
29110000,80,1,"Acetals and hemiacetals, whether or not with other oxygen function, and their halogenated, sulphonated, nitrated or nitrosated derivatives",Fr. per 100 kg gross,1,0.00,2024-01-01
2912,80,1,"Aldehydes, whether or not with other oxygen function; cyclic polymers of aldehydes; paraformaldehyde:",,0,,1988-01-01
,10,2,acyclic aldehydes without other oxygen function:,,,,1988-01-01
29121100,80,3,methanal (formaldehyde),Fr. per 100 kg gross,1,0.00,1988-01-01
29121200,80,3,ethanal (acetaldehyde),Fr. per 100 kg gross,1,0.00,1988-01-01
29121900,80,3,other,Fr. per 100 kg gross,1,0.00,2007-01-01
,10,2,cyclic aldehydes without other oxygen function:,,,,1988-01-01
29122100,80,3,benzaldehyde,Fr. per 100 kg gross,1,0.00,1988-01-01
29122900,80,3,other,Fr. per 100 kg gross,1,0.00,2024-01-01
,10,2,"aldehyde-alcohols, aldehyde-ethers, aldehyde-phenols and aldehydes with other oxygen function:",,,,1988-01-01
29124100,80,3,vanillin (4-hydroxy-3-methoxybenzaldehyde),Fr. per 100 kg gross,1,0.00,1988-01-01
29124200,80,3,ethylvanillin (3-ethoxy-4-hydroxybenzaldehyde),Fr. per 100 kg gross,1,0.00,1988-01-01
29124900,80,3,other,Fr. per 100 kg gross,1,0.00,2012-01-01
29125000,80,2,cyclic polymers of aldehydes,Fr. per 100 kg gross,1,0.00,2024-01-01
29126000,80,2,paraformaldehyde,Fr. per 100 kg gross,1,0.00,1988-01-01
29130000,80,1,"Halogenated, sulphonated, nitrated or nitrosated derivatives of products of heading 2912",Fr. per 100 kg gross,1,0.00,2024-01-01
2914,80,1,"Ketones and quinones, whether or not with other oxygen function, and their halogenated, sulphonated, nitrated or nitrosated derivatives:",,0,,1988-01-01
,10,2,acyclic ketones without other oxygen function:,,,,1988-01-01
29141100,80,3,acetone,Fr. per 100 kg gross,1,0.00,1988-01-01
29141200,80,3,butanone (methyl ethyl ketone),Fr. per 100 kg gross,1,0.00,1988-01-01
29141300,80,3,4-methylpentan-2-one (methyl isobutyl ketone),Fr. per 100 kg gross,1,0.00,1988-01-01
29141900,80,3,other,Fr. per 100 kg gross,1,0.00,2024-01-01
,10,2,"cyclanic, cyclenic or cycloterpenic ketones without other oxygen function:",,,,1988-01-01
29142200,80,3,cyclohexanone and methylcyclohexanones,Fr. per 100 kg gross,1,0.00,1988-01-01
29142300,80,3,ionones and methylionones,Fr. per 100 kg gross,1,0.00,1988-01-01
29142900,80,3,other,Fr. per 100 kg gross,1,0.00,2024-01-01
,10,2,aromatic ketones without other oxygen function:,,,,1996-01-01
29143100,80,3,phenylacetone (phenylpropan-2-one),Fr. per 100 kg gross,1,0.00,1996-01-01
29143900,80,3,other,Fr. per 100 kg gross,1,0.00,2024-01-01
29144000,80,2,ketone-alcohols and ketone-aldehydes,Fr. per 100 kg gross,1,0.00,2024-01-01
29145000,80,2,ketone-phenols and ketones with other oxygen function,Fr. per 100 kg gross,1,0.00,2024-01-01
,10,2,quinones:,,,,1988-01-01
29146100,80,3,anthraquinone,Fr. per 100 kg gross,1,0.00,1988-01-01
29146200,80,3,coenzyme Q10 (ubidecarenone (INN)),Fr. per 100 kg gross,1,0.00,2017-01-01
29146900,80,3,other,Fr. per 100 kg gross,1,0.00,2024-01-01
,10,2,"halogenated, sulphonated, nitrated or nitrosated derivatives:",,,,2017-01-01
29147100,80,3,chlordecone (ISO),Fr. per 100 kg gross,1,0.00,2017-01-01
29147900,80,3,other,Fr. per 100 kg gross,1,0.00,2024-01-01
2915,80,1,"Saturated acyclic monocarboxylic acids and their anhydrides, halides, peroxides and peroxyacids; their halogenated, sulphonated, nitrated or nitrosated derivatives:",,0,,1988-01-01
,10,2,"formic acid, its salts and esters:",,,,1988-01-01
29151100,80,3,formic acid,Fr. per 100 kg gross,1,0.00,1988-01-01
29151200,80,3,salts of formic acid,Fr. per 100 kg gross,1,0.00,1988-01-01
29151300,80,3,esters of formic acid,Fr. per 100 kg gross,1,0.00,1988-01-01
,10,2,acetic acid and its salts; acetic anhydride:,,,,1988-01-01
29152100,80,3,acetic acid,Fr. per 100 kg gross,1,0.00,1988-01-01
29152400,80,3,acetic anhydride,Fr. per 100 kg gross,1,0.00,1988-01-01
29152900,80,3,other,Fr. per 100 kg gross,1,0.00,1997-10-01
,10,2,esters of acetic acid:,,,,1988-01-01
29153100,80,3,ethyl acetate,Fr. per 100 kg gross,1,0.00,1988-01-01
29153200,80,3,vinyl acetate,Fr. per 100 kg gross,1,0.00,1988-01-01
29153300,80,3,n-butyl acetate,Fr. per 100 kg gross,1,0.00,1988-01-01
29153600,80,3,dinoseb (ISO) acetate,Fr. per 100 kg gross,1,0.00,2007-01-01
29153900,80,3,other,Fr. per 100 kg gross,1,0.00,2024-01-01
29154000,80,2,"mono-, di- or trichloroacetic acids, their salts and esters",Fr. per 100 kg gross,1,0.00,1988-01-01
29155000,80,2,"propionic acid, its salts and esters",Fr. per 100 kg gross,1,0.00,2024-01-01
29156000,80,2,"butanoic acids, pentanoic acids, their salts and esters",Fr. per 100 kg gross,1,0.00,2024-01-01
29157000,80,2,"palmitic acid, stearic acid, their salts and esters",Fr. per 100 kg gross,1,0.00,2024-01-01
29159000,80,2,other,Fr. per 100 kg gross,1,0.00,2024-01-01
2916,80,1,"Unsaturated acyclic monocarboxylic acids, cyclic monocarboxylic acids, their anhydrides, halides, peroxides and peroxyacids; their halogenated, sulphonated, nitrated or nitrosated derivatives:",,0,,1988-01-01
,10,2,"unsaturated acyclic monocarboxylic acids, their anhydrides, halides, peroxides, peroxyacids and their derivatives:",,,,1988-01-01
29161100,80,3,acrylic acid and its salts,Fr. per 100 kg gross,1,0.00,1988-01-01
29161200,80,3,esters of acrylic acid,Fr. per 100 kg gross,1,0.00,1988-01-01
29161300,80,3,methacrylic acid and its salts,Fr. per 100 kg gross,1,0.00,1988-01-01
29161400,80,3,esters of methacrylic acid,Fr. per 100 kg gross,1,0.00,1988-01-01
29161500,80,3,"oleic, linoleic or linolenic acids, their salts and esters",Fr. per 100 kg gross,1,0.00,2024-01-01
29161600,80,3,binapacryl (ISO),Fr. per 100 kg gross,1,0.00,2012-01-01
29161900,80,3,other,Fr. per 100 kg gross,1,0.00,2024-01-01
29162000,80,2,"cyclanic, cyclenic or cycloterpenic monocarboxylic acids, their anhydrides, halides, peroxides, peroxyacids and their derivatives",Fr. per 100 kg gross,1,0.00,2024-01-01
,10,2,"aromatic monocarboxylic acids, their anhydrides, halides, peroxides, peroxyacids and their derivatives:",,,,1988-01-01
29163100,80,3,"benzoic acid, its salts and esters",Fr. per 100 kg gross,1,0.00,2024-01-01
29163200,80,3,benzoyl peroxide and benzoyl chloride,Fr. per 100 kg gross,1,0.00,1988-01-01
29163400,80,3,phenylacetic acid and its salts,Fr. per 100 kg gross,1,0.00,1996-01-01
29163900,80,3,other,Fr. per 100 kg gross,1,0.00,2024-01-01
2917,80,1,"Polycarboxylic acids, their anhydrides, halides, peroxides and peroxyacids; their halogenated, sulphonated, nitrated or nitrosated derivatives:",,0,,1988-01-01
,10,2,"acyclic polycarboxylic acids, their anhydrides, halides, peroxides, peroxyacids and their derivatives:",,,,1988-01-01
29171100,80,3,"oxalic acid, its salts and esters",Fr. per 100 kg gross,1,0.00,1988-01-01
29171200,80,3,"adipic acid, its salts and esters",Fr. per 100 kg gross,1,0.00,1988-01-01
29171300,80,3,"azelaic acid, sebacic acid, their salts and esters",Fr. per 100 kg gross,1,0.00,2024-01-01
29171400,80,3,maleic anhydride,Fr. per 100 kg gross,1,0.00,1988-01-01
29171900,80,3,other,Fr. per 100 kg gross,1,0.00,2024-01-01
29172000,80,2,"cyclanic, cyclenic or cycloterpenic polycarboxylic acids, their anhydrides, halides, peroxides, peroxyacids and their derivatives",Fr. per 100 kg gross,1,0.00,2024-01-01
,10,2,"aromatic polycarboxylic acids, their anhydrides, halides, peroxides, peroxyacids and their derivatives:",,,,1988-01-01
29173200,80,3,dioctyl orthophthalates,Fr. per 100 kg gross,1,0.00,1988-01-01
29173300,80,3,dinonyl or didecyl orthophthalates,Fr. per 100 kg gross,1,0.00,1988-01-01
29173400,80,3,other esters of orthophthalic acid,Fr. per 100 kg gross,1,0.00,2024-01-01
29173500,80,3,phthalic anhydride,Fr. per 100 kg gross,1,0.00,1988-01-01
29173600,80,3,terephthalic acid and its salts,Fr. per 100 kg gross,1,0.00,1988-01-01
29173700,80,3,dimethyl terephthalate,Fr. per 100 kg gross,1,0.00,1988-01-01
29173900,80,3,other,Fr. per 100 kg gross,1,0.00,2024-01-01
2918,80,1,"Carboxylic acids with additional oxygen function and their anhydrides, halides, peroxides and peroxyacids; their halogenated, sulphonated, nitrated or nitrosated derivatives:",,0,,1988-01-01
,10,2,"carboxylic acids with alcohol function but without other oxygen function, their anhydrides, halides, peroxides, peroxyacids and their derivatives:",,,,1988-01-01
29181100,80,3,"lactic acid, its salts and esters",Fr. per 100 kg gross,1,0.00,2024-01-01
29181200,80,3,tartaric acid,Fr. per 100 kg gross,1,0.00,1988-01-01
29181300,80,3,salts and esters of tartaric acid,Fr. per 100 kg gross,1,0.00,2024-01-01
29181400,80,3,citric acid,Fr. per 100 kg gross,1,0.00,1988-01-01
29181500,80,3,salts and esters of citric acid,Fr. per 100 kg gross,1,0.00,1988-01-01
29181600,80,3,"gluconic acid, its salts and esters",Fr. per 100 kg gross,1,0.00,2024-01-01
29181700,80,3,"2,2-diphenyl-2-hydroxyacetic acid (benzilic acid)",Fr. per 100 kg gross,1,0.00,2017-01-01
29181800,80,3,chlorobenzilate (ISO),Fr. per 100 kg gross,1,0.00,2007-01-01
29181900,80,3,other,Fr. per 100 kg gross,1,0.00,2024-01-01
,10,2,"carboxylic acids with phenol function but without other oxygen function, their anhydrides, halides, peroxides, peroxyacids and their derivatives:",,,,1988-01-01
29182100,80,3,salicylic acid and its salts,Fr. per 100 kg gross,1,0.00,1988-01-01
29182200,80,3,"O-acetylsalicylic acid, its salts and esters",Fr. per 100 kg gross,1,0.00,2024-01-01
29182300,80,3,other esters of salicylic acid and their salts,Fr. per 100 kg gross,1,0.00,2024-01-01
29182900,80,3,other,Fr. per 100 kg gross,1,0.00,2024-01-01
29183000,80,2,"carboxylic acids with aldehyde or ketone function but without other oxygen function, their anhydrides, halides, peroxides, peroxyacids and their derivatives",Fr. per 100 kg gross,1,0.00,2024-01-01
,10,2,other:,,,,2007-01-01
29189100,80,3,"2,4,5-T (ISO) (2,4,5-trichlorophenoxyacetic acid), its salts and esters",Fr. per 100 kg gross,1,0.00,2007-01-01
29189900,80,3,other,Fr. per 100 kg gross,1,0.00,2024-01-01
2919,80,1,"Phosphoric esters and their salts, including lactophosphates; their halogenated, sulphonated, nitrated or nitrosated derivatives:",,0,,1988-01-01
29191000,80,2,"tris(2,3-dibromopropyl) phosphate",Fr. per 100 kg gross,1,0.00,2007-01-01
29199000,80,2,other,Fr. per 100 kg gross,1,0.00,2024-01-01
2920,80,1,"Esters of other inorganic acids of non-metals (excluding esters of hydrogen halides) and their salts; their halogenated, sulphonated, nitrated or nitrosated derivatives:",,0,,1988-01-01
,10,2,"thiophosphoric esters (phosphorothioates) and their salts; their halogenated, sulphonated, nitrated or nitrosated derivatives:",,,,2007-01-01
29201100,80,3,parathion (ISO) and parathion-methyl (ISO) (methyl-parathion),Fr. per 100 kg gross,1,0.00,2007-01-01
29201900,80,3,other,Fr. per 100 kg gross,1,0.00,2007-01-01
,10,2,"phosphite esters and their salts; their halogenated, sulphonated, nitrated or nitrosated derivatives:",,,,2017-01-01
29202100,80,3,dimethyl phosphite,Fr. per 100 kg gross,1,0.00,2017-01-01
29202200,80,3,diethyl phosphite,Fr. per 100 kg gross,1,0.00,2017-01-01
29202300,80,3,trimethyl phosphite,Fr. per 100 kg gross,1,0.00,2017-01-01
29202400,80,3,triethyl phosphite,Fr. per 100 kg gross,1,0.00,2017-01-01
29202900,80,3,other,Fr. per 100 kg gross,1,0.00,2017-01-01
29203000,80,2,endosulfan (ISO),Fr. per 100 kg gross,1,0.00,2017-01-01
29209000,80,2,other,Fr. per 100 kg gross,1,0.00,2024-01-01
2921,80,1,Amine-function compounds:,,0,,1988-01-01
,10,2,acyclic monoamines and their derivatives; salts thereof:,,,,1988-01-01
29211100,80,3,"methylamine, di- or trimethylamine and their salts",Fr. per 100 kg gross,1,0.00,1988-01-01
29211200,80,3,"2-(N,N-dimethylamino)ethylchloride hydrochloride",Fr. per 100 kg gross,1,0.00,2017-01-01
29211300,80,3,"2-(N,N-diethylamino)ethylchloride hydrochloride",Fr. per 100 kg gross,1,0.00,2017-01-01
29211400,80,3,"2-(N,N-diisopropylamino)ethylchloride hydrochloride",Fr. per 100 kg gross,1,0.00,2017-01-01
29211900,80,3,other,Fr. per 100 kg gross,1,0.00,2024-01-01
,10,2,acyclic polyamines and their derivatives; salts thereof:,,,,1988-01-01
29212100,80,3,ethylenediamine and its salts,Fr. per 100 kg gross,1,0.00,1988-01-01
29212200,80,3,hexamethylenediamine and its salts,Fr. per 100 kg gross,1,0.00,1988-01-01
29212900,80,3,other,Fr. per 100 kg gross,1,0.00,2024-01-01
29213000,80,2,"cyclanic, cyclenic or cycloterpenic mono- or polyamines, and their derivatives; salts thereof",Fr. per 100 kg gross,1,0.00,2024-01-01
,10,2,aromatic monoamines and their derivatives; salts thereof:,,,,1988-01-01
29214100,80,3,aniline and its salts,Fr. per 100 kg gross,1,0.00,1988-01-01
29214200,80,3,aniline derivatives and their salts,Fr. per 100 kg gross,1,0.00,2024-01-01
29214300,80,3,toluidines and their derivatives; salts thereof,Fr. per 100 kg gross,1,0.00,2024-01-01
29214400,80,3,diphenylamine and its derivatives; salts thereof,Fr. per 100 kg gross,1,0.00,2024-01-01
29214500,80,3,"1-naphthylamine (alpha-naphthylamine), 2-naphthylamine (beta-naphthylamine) and their derivatives; salts thereof",Fr. per 100 kg gross,1,0.00,2024-01-01
29214600,80,3,"amfetamine (INN), benzfetamine (INN), dexamfetamine (INN), etilamfetamine (INN), fencamfamin (INN), lefetamine (INN), levamfetamine (INN), mefenorex (INN) and phentermine (INN); salts thereof",Fr. per 100 kg gross,1,0.00,2002-01-01
29214900,80,3,other,Fr. per 100 kg gross,1,0.00,2024-01-01
,10,2,aromatic polyamines and their derivatives; salts thereof:,,,,1988-01-01
29215100,80,3,"o-, m-, p-phenylenediamine, diaminotoluenes, and their derivatives; salts thereof",Fr. per 100 kg gross,1,0.00,2024-01-01
29215900,80,3,other,Fr. per 100 kg gross,1,0.00,2024-01-01
2922,80,1,Oxygen-function amino-compounds:,,0,,1988-01-01
,10,2,"amino-alcohols, other than those containing more than one kind of oxygen function, their ethers and esters; salts thereof:",,,,1988-01-01
29221100,80,3,monoethanolamine and its salts,Fr. per 100 kg gross,1,0.00,2024-01-01
29221200,80,3,diethanolamine and its salts,Fr. per 100 kg gross,1,0.00,1988-01-01
29221400,80,3,dextropropoxyphene (INN) and its salts,Fr. per 100 kg gross,1,0.00,2002-01-01
29221500,80,3,triethanolamine,Fr. per 100 kg gross,1,0.00,2017-01-01
29221600,80,3,diethanolammonium perfluorooctane sulphonate,Fr. per 100 kg gross,1,0.00,2017-01-01
29221700,80,3,methyldiethanolamine and ethyldiethanolamine,Fr. per 100 kg gross,1,0.00,2017-01-01
29221800,80,3,"2-(N,N-diisopropylamino)ethanol",Fr. per 100 kg gross,1,0.00,2017-01-01
29221900,80,3,other,Fr. per 100 kg gross,1,0.00,2024-01-01
,10,2,"amino-naphthols and other amino-phenols, other than those containing more than one kind of oxygen function, their ethers and esters; salts thereof:",,,,1988-01-01
29222100,80,3,aminohydroxynaphthalenesulphonic acids and their salts,Fr. per 100 kg gross,1,0.00,1988-01-01
29222900,80,3,other,Fr. per 100 kg gross,1,0.00,2024-01-01
,10,2,"amino-aldehydes, amino-ketones and amino-quinones, other than those containing more than one kind of oxygen function; salts thereof:",,,,2002-01-01
29223100,80,3,"amfepramone (INN), methadone (INN) and normethadone (INN); salts thereof",Fr. per 100 kg gross,1,0.00,2002-01-01
29223900,80,3,other,Fr. per 100 kg gross,1,0.00,2024-01-01
,10,2,"amino-acids, other than those containing more than one kind of oxygen function, and theirs esters; salts thereof:",,,,1988-01-01
29224100,80,3,lysine and its esters; salts thereof,Fr. per 100 kg gross,1,0.00,2024-01-01
29224200,80,3,glutamic acid and its salts,Fr. per 100 kg gross,1,0.00,1997-10-01
29224300,80,3,anthranilic acid and its salts,Fr. per 100 kg gross,1,0.00,1996-01-01
29224400,80,3,tilidine (INN) and its salts,Fr. per 100 kg gross,1,0.00,2002-01-01
29224900,80,3,other,Fr. per 100 kg gross,1,0.00,2024-01-01
29225000,80,2,"amino-alcohol-phenols, amino-acid-phenols and other amino-compounds with oxygen function",Fr. per 100 kg gross,1,0.00,2024-01-01
2923,80,1,"Quaternary ammonium salts and hydroxides; lecithins and other phosphoaminolipids, whether or not chemically defined:",,0,,1988-01-01
29231000,80,2,choline and its salts,Fr. per 100 kg gross,1,0.00,2024-01-01
29232000,80,2,lecithins and other phosphoaminolipids,Fr. per 100 kg gross,1,0.00,2024-01-01
29233000,80,2,tetraethylammonium perfluorooctane sulphonate,Fr. per 100 kg gross,1,0.00,2017-01-01
29234000,80,2,didecyldimethylammonium perfluorooctane sulphonate,Fr. per 100 kg gross,1,0.00,2017-01-01
29239000,80,2,other,Fr. per 100 kg gross,1,0.00,2024-01-01
2924,80,1,Carboxyamide-function compounds; amide-function compounds of carbonic acid:,,0,,1988-01-01
,10,2,acyclic amides (including acyclic carbamates) and their derivatives; salts thereof:,,,,2002-01-01
29241100,80,3,meprobamate (INN),Fr. per 100 kg gross,1,0.00,2002-01-01
29241200,80,3,"fluoroacetamide (ISO), monocrotophos (ISO) and phosphamidon (ISO)",Fr. per 100 kg gross,1,0.00,2007-01-01
29241900,80,3,other,Fr. per 100 kg gross,1,0.00,2024-01-01
,10,2,cyclic amides (including cyclic carbamates) and their derivatives; salts thereof:,,,,1988-01-01
29242100,80,3,ureines and their derivatives; salts thereof,Fr. per 100 kg gross,1,0.00,2024-01-01
29242300,80,3,2-acetamidobenzoic acid (N-acetylanthranilic acid) and its salts,Fr. per 100 kg gross,1,0.00,2002-01-01
29242400,80,3,ethinamate (INN),Fr. per 100 kg gross,1,0.00,2002-01-01
29242500,80,3,alachlor (ISO),Fr. per 100 kg gross,1,0.00,2017-01-01
29242900,80,3,other,Fr. per 100 kg gross,1,0.00,2024-01-01
2925,80,1,Carboxyimide-function compounds (including saccharin and its salts) and imine-function compounds:,,0,,1988-01-01
,10,2,imides and their derivatives; salts thereof:,,,,1988-01-01
29251100,80,3,saccharin and its salts,Fr. per 100 kg gross,1,0.00,1988-01-01
29251200,80,3,glutethimide (INN),Fr. per 100 kg gross,1,0.00,2002-01-01
29251900,80,3,other,Fr. per 100 kg gross,1,0.00,2024-01-01
,10,2,imines and their derivatives; salts thereof:,,,,2007-01-01
29252100,80,3,chlordimeform (ISO),Fr. per 100 kg gross,1,0.00,2007-01-01
29252900,80,3,other,Fr. per 100 kg gross,1,0.00,2024-01-01
2926,80,1,Nitrile-function compounds:,,0,,1988-01-01
29261000,80,2,acrylonitrile,Fr. per 100 kg gross,1,0.00,1988-01-01
29262000,80,2,1-cyanoguanidine (dicyandiamide),Fr. per 100 kg gross,1,0.00,1988-01-01
29263000,80,2,"fenproporex (INN) and its salts; methadone (INN) intermediate (4-cyano-2-dimethylamino-4,4-diphenylbutane)",Fr. per 100 kg gross,1,0.00,2002-01-01
29264000,80,2,alpha-phenylacetoacetonitrile,Fr. per 100 kg gross,1,0.00,2017-01-01
29269000,80,2,other,Fr. per 100 kg gross,1,0.00,2024-01-01
29270000,80,1,"Diazo-, azo- or azoxy-compounds",Fr. per 100 kg gross,1,0.00,2024-01-01
29280000,80,1,Organic derivatives of hydrazine or of hydroxylamine,Fr. per 100 kg gross,1,0.00,2024-01-01
2929,80,1,Compounds with other nitrogen function:,,0,,1988-01-01
29291000,80,2,isocyanates,Fr. per 100 kg gross,1,0.00,1988-01-01
29299000,80,2,other,Fr. per 100 kg gross,1,0.00,2024-01-01
2930,80,1,Organo-sulphur compounds:,,0,,1988-01-01
29301000,80,2,"2-(N,N-dimethylamino) ethanethiol",Fr. per 100 kg gross,1,0.00,2022-01-01
29302000,80,2,thiocarbamates and dithiocarbamates,Fr. per 100 kg gross,1,0.00,2024-01-01
29303000,80,2,"thiuram mono-, di- or tetrasulphides",Fr. per 100 kg gross,1,0.00,2024-01-01
29304000,80,2,methionine,Fr. per 100 kg gross,1,0.00,2024-01-01
29306000,80,2,"2-(N,N-diethylamino)ethanethiol",Fr. per 100 kg gross,1,0.00,2017-01-01
29307000,80,2,bis(2-hydroxyethyl)sulfide (thiodiglycol (INN)),Fr. per 100 kg gross,1,0.00,2017-01-01
29308000,80,2,"aldicarb (ISO), captafol (ISO) and methamidophos (ISO)",Fr. per 100 kg gross,1,0.00,2017-01-01
29309000,80,2,other,Fr. per 100 kg gross,1,0.00,2024-01-01
2931,80,1,Other organo-inorganic compounds:,,0,,1988-01-01
29311000,80,2,tetramethyl lead and tetraethyl lead,Fr. per 100 kg gross,1,0.00,2012-01-01
29312000,80,2,tributyltin compounds,Fr. per 100 kg gross,1,0.00,2012-01-01
,10,2,non-halogenated organo-phosphorous derivatives:,,,,2022-01-01
29314100,80,3,dimethyl methylphosphonate,Fr. per 100 kg gross,1,0.00,2022-01-01
29314200,80,3,dimethyl propylphosphonate,Fr. per 100 kg gross,1,0.00,2022-01-01
29314300,80,3,diethyl ethylphosphonate,Fr. per 100 kg gross,1,0.00,2022-01-01
29314400,80,3,methylphosphonic acid,Fr. per 100 kg gross,1,0.00,2022-01-01
29314500,80,3,salt of methylphosphonic acid and (aminoiminomethyl)urea (1 : 1),Fr. per 100 kg gross,1,0.00,2022-01-01
29314600,80,3,"2,4,6-tripropyl-1,3,5,2,4,6-trioxatriphosphinane 2,4,6-trioxide",Fr. per 100 kg gross,1,0.00,2022-01-01
29314700,80,3,"(5-ethyl-2-methyl-2-oxido-1,3,2-dioxaphosphinan-5-yl) methyl methyl methylphosphonate",Fr. per 100 kg gross,1,0.00,2022-01-01
29314800,80,3,"3,9-dimethyl-2,4,8,10-tetraoxa-3,9-diphosphaspiro[5.5] undecane 3,9-dioxide",Fr. per 100 kg gross,1,0.00,2022-01-01
29314900,80,3,other,Fr. per 100 kg gross,1,0.00,2022-01-01
,10,2,halogenated organo-phosphorous derivatives:,,,,2022-01-01
29315100,80,3,methylphosphonic dichloride,Fr. per 100 kg gross,1,0.00,2022-01-01
29315200,80,3,propylphosphonic dichloride,Fr. per 100 kg gross,1,0.00,2022-01-01
29315300,80,3,O-(3-chloropropyl) O-[4-nitro-3-(trifluoromethyl)phenyl] methylphosphonothionate,Fr. per 100 kg gross,1,0.00,2022-01-01
29315400,80,3,trichlorfon (ISO),Fr. per 100 kg gross,1,0.00,2022-01-01
29315900,80,3,other,Fr. per 100 kg gross,1,0.00,2022-01-01
29319000,80,2,other,Fr. per 100 kg gross,1,0.00,2024-01-01
2932,80,1,Heterocyclic compounds with oxygen hetero-atom(s) only:,,0,,1988-01-01
,10,2,compounds containing an unfused furan ring (whether or not hydrogenated) in the structure:,,,,1988-01-01
29321100,80,3,tetrahydrofuran,Fr. per 100 kg gross,1,0.00,1988-01-01
29321200,80,3,2-furaldehyde (furfuraldehyde),Fr. per 100 kg gross,1,0.00,1988-01-01
29321300,80,3,furfuryl alcohol and tetrahydrofurfuryl alcohol,Fr. per 100 kg gross,1,0.00,1988-01-01
29321400,80,3,sucralose,Fr. per 100 kg gross,1,0.00,2017-01-01
29321900,80,3,other,Fr. per 100 kg gross,1,0.00,2017-01-01
29322000,80,2,lactones,Fr. per 100 kg gross,1,0.00,2012-01-01
,10,2,other:,,,,1996-01-01
29329100,80,3,isosafrole,Fr. per 100 kg gross,1,0.00,1996-01-01
29329200,80,3,"1-(1,3-benzodioxol-5-yl)propan-2-one",Fr. per 100 kg gross,1,0.00,1996-01-01
29329300,80,3,piperonal,Fr. per 100 kg gross,1,0.00,1996-01-01
29329400,80,3,safrole,Fr. per 100 kg gross,1,0.00,1996-01-01
29329500,80,3,tetrahydrocannabinols (all isomers),Fr. per 100 kg gross,1,0.00,2002-01-01
29329600,80,3,carbofuran (ISO),Fr. per 100 kg gross,1,0.00,2022-01-01
29329900,80,3,other,Fr. per 100 kg gross,1,0.00,2024-01-01
2933,80,1,Heterocyclic compounds with nitrogen hetero-atom(s) only:,,0,,1996-01-01
,10,2,compounds containing an unfused pyrazole ring (whether or not hydrogenated) in the structure:,,,,1996-01-01
29331100,80,3,phenazone (antipyrin) and its derivatives,Fr. per 100 kg gross,1,0.00,2024-01-01
29331900,80,3,other,Fr. per 100 kg gross,1,0.00,1996-01-01
,10,2,compounds containing an unfused imidazole ring (whether or not hydrogenated) in the structure:,,,,1996-01-01
29332100,80,3,hydantoin and its derivatives,Fr. per 100 kg gross,1,0.00,2024-01-01
29332900,80,3,other,Fr. per 100 kg gross,1,0.00,2024-01-01
,10,2,compounds containing an unfused pyridine ring (whether or not hydrogenated) in the structure:,,,,1996-01-01
29333100,80,3,pyridine and its salts,Fr. per 100 kg gross,1,0.00,1996-01-01
29333200,80,3,piperidine and its salts,Fr. per 100 kg gross,1,0.00,1996-01-01
29333300,80,3,"alfentanil (INN), anileridine (INN), bezitramide (INN), bromazepam (INN), carfentanil (INN), difenoxin (INN), diphenoxylate (INN), dipipanone (INN), fentanyl (INN), ketobemidone (INN), methylphenidate (INN), pentazocine (INN), pethidine (INN), pethidine (INN) intermediate A, phencyclidine (INN) (PCP), phenoperidine (INN), pipradrol (INN), piritramide (INN), propiram (INN), remifentanil (INN) and trimeperidine (INN); salts thereof",Fr. per 100 kg gross,1,0.00,2002-01-01
29333400,80,3,other fentanyls and their derivatives,Fr. per 100 kg gross,1,0.00,2022-01-01
29333500,80,3,3-quinuclidinol,Fr. per 100 kg gross,1,0.00,2022-01-01
29333600,80,3,4-anilino-N-phenethylpiperidine (ANPP),Fr. per 100 kg gross,1,0.00,2022-01-01
29333700,80,3,N-phenethyl-4-piperidone (NPP),Fr. per 100 kg gross,1,0.00,2022-01-01
29333900,80,3,other,Fr. per 100 kg gross,1,0.00,2002-01-01
,10,2,"compounds containing in the structure a quinoline or isoquinoline ring-system (whether or not hydrogenated), not further fused:",,,,2002-01-01
29334100,80,3,levorphanol (INN) and its salts,Fr. per 100 kg gross,1,0.00,2002-01-01
29334900,80,3,other,Fr. per 100 kg gross,1,0.00,2002-01-01
,10,2,compounds containing a pyrimidine ring (whether or not hydrogenated) or piperazine ring in the structure:,,,,1996-01-01
29335200,80,3,malonylurea (barbituric acid) and its salts,Fr. per 100 kg gross,1,0.00,2002-01-01
29335300,80,3,"allobarbital (INN), amobarbital (INN), barbital (INN), butalbital (INN), butobarbital, cyclobarbital (INN), methylphenobarbital (INN), pentobarbital (INN), phenobarbital (INN), secbutabarbital (INN), secobarbital (INN) and vinylbital (INN); salts thereof",Fr. per 100 kg gross,1,0.00,2002-01-01
29335400,80,3,other derivatives of malonylurea (barbituric acid); salts thereof,Fr. per 100 kg gross,1,0.00,2024-01-01
29335500,80,3,"loprazolam (INN), mecloqualone (INN), methaqualone (INN) and zipeprol (INN); salts thereof",Fr. per 100 kg gross,1,0.00,2002-01-01
29335900,80,3,other,Fr. per 100 kg gross,1,0.00,2024-01-01
,10,2,compounds containing an unfused triazine ring (whether or not hydrogenated) in the structure:,,,,1996-01-01
29336100,80,3,melamine,Fr. per 100 kg gross,1,0.00,1996-01-01
29336900,80,3,other,Fr. per 100 kg gross,1,0.00,2024-01-01
,10,2,lactams:,,,,1996-01-01
29337100,80,3,6-hexanelactam (epsilon-caprolactam),Fr. per 100 kg gross,1,0.00,1996-01-01
29337200,80,3,clobazam (INN) and methyprylon (INN),Fr. per 100 kg gross,1,0.00,2002-01-01
29337900,80,3,other lactams,Fr. per 100 kg gross,1,0.00,2002-01-01
,10,2,other:,,,,2002-01-01
29339100,80,3,"alprazolam (INN), camazepam (INN), chlordiazepoxide (INN), clonazepam (INN), clorazepate, delorazepam (INN), diazepam (INN), estazolam (INN), ethyl loflazepate (INN), fludiazepam (INN), flunitrazepam (INN), flurazepam (INN), halazepam (INN), lorazepam (INN), lormetazepam (INN), mazindol (INN), medazepam (INN), midazolam (INN), nimetazepam (INN), nitrazepam (INN), nordazepam (INN), oxazepam (INN), pinazepam (INN), prazepam (INN), pyrovalerone (INN), temazepam (INN), tetrazepam (INN) and triazolam (INN); salts thereof",Fr. per 100 kg gross,1,0.00,2002-01-01
29339200,80,3,azinphos-methyl (ISO),Fr. per 100 kg gross,1,0.00,2017-01-01
29339900,80,3,other,Fr. per 100 kg gross,1,0.00,2024-01-01
2934,80,1,"Nucleic acids and their salts, whether or not chemically defined; other heterocyclic compounds:",,0,,1996-01-01
29341000,80,2,compounds containing an unfused thiazole ring (whether or not hydrogenated) in the structure,Fr. per 100 kg gross,1,0.00,1996-01-01
29342000,80,2,"compounds containing in the structure a benzothiazole ring-system (whether or not hydrogenated), not further fused",Fr. per 100 kg gross,1,0.00,1996-01-01
29343000,80,2,"compounds containing in the structure a phenolthiazine ring-system (whether or not hydrogenated), not further fused",Fr. per 100 kg gross,1,0.00,1996-01-01
,10,2,other:,,,,2002-01-01
29349100,80,3,"aminorex (INN), brotizolam (INN), clotiazepam (INN), cloxazolam (INN), dextromoramide (INN), haloxazolam (INN), ketazolam (INN), mesocarb (INN), oxazolam (INN), pemoline (INN), phendimetrazine (INN), phenmetrazine (INN) and sufentanil (INN); salts thereof",Fr. per 100 kg gross,1,0.00,2002-01-01
29349200,80,3,other fentanyls and their derivatives,Fr. per 100 kg gross,1,0.00,2022-01-01
29349900,80,3,other,Fr. per 100 kg gross,1,0.00,2024-01-01
2935,80,1,Sulphonamides:,,0,,1988-01-01
29351000,80,2,N-methylperfluorooctane sulphonamide,Fr. per 100 kg gross,1,0.00,2017-01-01
29352000,80,2,N-ethylperfluorooctane sulphonamide,Fr. per 100 kg gross,1,0.00,2017-01-01
29353000,80,2,N-ethyl-N-(2-hydroxyethyl) perfluorooctane sulphonamide,Fr. per 100 kg gross,1,0.00,2017-01-01
29354000,80,2,N-(2-hydroxyethyl)-N-methylperfluorooctane sulphonamide,Fr. per 100 kg gross,1,0.00,2017-01-01
29355000,80,2,other perfluorooctane sulphonamides,Fr. per 100 kg gross,1,0.00,2017-01-01
29359000,80,2,other,Fr. per 100 kg gross,1,0.00,2024-01-01
2936,80,1,"Provitamins and vitamins, natural or reproduced by synthesis (including natural concentrates), derivatives thereof used primarily as vitamins, and intermixtures of the foregoing, whether or not in any solvent:",,0,,1988-01-01
,10,2,"vitamins and their derivatives, unmixed:",,,,1988-01-01
29362100,80,3,vitamins A and their derivatives,Fr. per 100 kg gross,1,0.00,1988-01-01
29362200,80,3,vitamin B1 and its derivatives,Fr. per 100 kg gross,1,0.00,1988-01-01
29362300,80,3,vitamin B2 and its derivatives,Fr. per 100 kg gross,1,0.00,1988-01-01
29362400,80,3,D- or DL-pantothenic acid (vitamin B5) and its derivatives,Fr. per 100 kg gross,1,0.00,1988-01-01
29362500,80,3,vitamin B6 and its derivatives,Fr. per 100 kg gross,1,0.00,1988-01-01
29362600,80,3,vitamin B12 and its derivatives,Fr. per 100 kg gross,1,0.00,1988-01-01
29362700,80,3,vitamin C and its derivatives,Fr. per 100 kg gross,1,0.00,1988-01-01
29362800,80,3,vitamin E and its derivatives,Fr. per 100 kg gross,1,0.00,1988-01-01
29362900,80,3,other vitamins and their derivatives,Fr. per 100 kg gross,1,0.00,1988-01-01
29369000,80,2,"other, including natural concentrates",Fr. per 100 kg gross,1,0.00,1988-01-01
2937,80,1,"Hormones, prostaglandins, thromboxanes and leukotrienes, natural or reproduced by synthesis; derivatives and structural analogues thereof, including chain modified polypeptides, used primarily as hormones:",,0,,1988-01-01
,10,2,"polypeptide hormones, protein hormones and glycoprotein hormones, their derivatives and structural analogues:",,,,2002-01-01
29371100,80,3,"somatotropin, its derivatives and structural analogues",Fr. per 100 kg gross,1,0.00,2002-01-01
29371200,80,3,insulin and its salts,Fr. per 100 kg gross,1,0.00,2002-01-01
29371900,80,3,other,Fr. per 100 kg gross,1,0.00,2002-01-01
,10,2,"steroidal hormones, their derivatives and structural analogues:",,,,1988-01-01
29372100,80,3,"cortisone, hydrocortisone, prednisone (dehydrocortisone) and prednisolone (dehydrohydrocortisone)",Fr. per 100 kg gross,1,0.00,1988-01-01
29372200,80,3,halogenated derivatives of corticosteroidal hormones,Fr. per 100 kg gross,1,0.00,1988-01-01
29372300,80,3,oestrogens and progestogens,Fr. per 100 kg gross,1,0.00,2002-01-01
29372900,80,3,other,Fr. per 100 kg gross,1,0.00,2002-01-01
29375000,80,2,"prostaglandins, thromboxanes and leukotrienes, their derivatives and structural analogues",Fr. per 100 kg gross,1,0.00,2002-01-01
29379000,80,2,other,Fr. per 100 kg gross,1,0.00,2002-01-01
2938,80,1,"Glycosides, natural or reproduced by synthesis, and their salts, ethers, esters and other derivatives:",,0,,1988-01-01
29381000,80,2,rutoside (rutin) and its derivatives,Fr. per 100 kg gross,1,0.00,2024-01-01
29389000,80,2,other,Fr. per 100 kg gross,1,0.00,2024-01-01
2939,80,1,"Alkaloids, natural or reproduced by synthesis, and their salts, ethers, esters and other derivatives:",,0,,1988-01-01
,10,2,alkaloids of opium and their derivatives; salts thereof:,,,,2002-01-01
29391100,80,3,"concentrates of poppy straw; buprenorphine (INN), codeine, dihydrocodeine (INN), ethylmorphine, etorphine (INN), heroin, hydrocodone (INN), hydromorphone (INN), morphine, nicomorphine (INN), oxycodone (INN), oxymorphone (INN), pholcodine (INN), thebacon (INN) and thebaine; salts thereof",Fr. per 100 kg gross,1,0.00,2002-01-01
29391900,80,3,other,Fr. per 100 kg gross,1,0.00,2002-01-01
29392000,80,2,alkaloids of cinchona and their derivatives; salts thereof,Fr. per 100 kg gross,1,0.00,2007-01-01
29393000,80,2,caffeine and its salts,Fr. per 100 kg gross,1,0.00,1988-01-01
,10,2,alkaloids of ephedra and their derivatives; salts thereof:,,,,1996-01-01
29394100,80,3,ephedrine and its salts,Fr. per 100 kg gross,1,0.00,1996-01-01
29394200,80,3,pseudoephedrine (INN) and its salts,Fr. per 100 kg gross,1,0.00,1996-01-01
29394300,80,3,cathine (INN) and its salts,Fr. per 100 kg gross,1,0.00,2002-01-01
29394400,80,3,norephedrine and its salts,Fr. per 100 kg gross,1,0.00,2012-01-01
29394500,80,3,"levometamfetamine, metamfetamine (INN), metamfetamine racemate and their salts",Fr. per 100 kg gross,1,0.00,2022-01-01
29394900,80,3,other,Fr. per 100 kg gross,1,0.00,1996-01-01
,10,2,theophylline and aminophylline (theophylline-ethylenediamine) and their derivatives; salts thereof:,,,,2002-01-01
29395100,80,3,fenetylline (INN) and its salts,Fr. per 100 kg gross,1,0.00,2002-01-01
29395900,80,3,other,Fr. per 100 kg gross,1,0.00,2002-01-01
,10,2,alkaloids of rye ergot and their derivatives; salts thereof:,,,,1996-01-01
29396100,80,3,ergometrine (INN) and its salts,Fr. per 100 kg gross,1,0.00,1996-01-01
29396200,80,3,ergotamine (INN) and its salts,Fr. per 100 kg gross,1,0.00,1996-01-01
29396300,80,3,lysergic acid and its salts,Fr. per 100 kg gross,1,0.00,1996-01-01
29396900,80,3,other,Fr. per 100 kg gross,1,0.00,1996-01-01
,10,2,"other, of vegetal origin:",,,,2017-01-01
29397200,80,3,"cocaine, ecgonine; salts, esters and other derivatives thereof",Fr. per 100 kg gross,1,0.00,2022-01-01
29397900,80,3,other,Fr. per 100 kg gross,1,0.00,2017-01-01
29398000,80,2,other,Fr. per 100 kg gross,1,0.00,2017-01-01
29400000,80,1,"Sugars, chemically pure, other than sucrose, lactose, maltose, glucose and fructose; sugar ethers, sugar acetals and sugar esters, and their salts, other than products of heading 2937, 2938 or 2939",Fr. per 100 kg gross,1,0.00,2024-01-01
2941,80,1,Antibiotics:,,0,,1988-01-01
29411000,80,2,penicillins and their derivatives with a penicillanic acid structure; salts thereof,Fr. per 100 kg gross,1,0.00,1988-01-01
29412000,80,2,streptomycins and their derivatives; salts thereof,Fr. per 100 kg gross,1,0.00,1988-01-01
29413000,80,2,tetracyclines and their derivatives; salts thereof,Fr. per 100 kg gross,1,0.00,1988-01-01
29414000,80,2,chloramphenicol and its derivatives; salts thereof,Fr. per 100 kg gross,1,0.00,1988-01-01
29415000,80,2,erythromycin and its derivatives; salts thereof,Fr. per 100 kg gross,1,0.00,1988-01-01
29419000,80,2,other,Fr. per 100 kg gross,1,0.00,1988-01-01
29420000,80,1,Other organic compounds,Fr. per 100 kg gross,1,0.00,2024-01-01
30,80,0,Pharmaceutical products,,0,,1988-01-01
3001,80,1,"Glands and other organs for organo-therapeutic uses, dried, whether or not powdered; extracts of glands or other organs or of their secretions for organo-therapeutic uses; heparin and its salts; other human or animal substances prepared for therapeutic or prophylactic uses, not elsewhere specified or included:",,0,,1988-01-01
30012000,80,2,extracts of glands or other organs or of their secretions,Fr. per 100 kg gross,1,0.00,1988-01-01
30019000,80,2,other,Fr. per 100 kg gross,1,0.00,1988-01-01
3002,80,1,"Human blood; animal blood prepared for therapeutic, prophylactic or diagnostic uses; antisera, other blood fractions and immunological products, whether or not modified or obtained by means of biotechnological processes; vaccines, toxins, cultures of micro-organisms (excluding yeasts) and similar products; cell cultures, whether or not modified:",,0,,1996-01-01
,10,2,"antisera, other blood fractions and immunological products, whether or not modified or obtained by means of biotechnological processes:",,,,2017-01-01
30021200,80,3,antisera and other blood fractions,Fr. per 100 kg gross,1,0.00,2017-01-01
30021300,80,3,"immunological products, unmixed, not put up in measured doses or in forms or packings for retail sale",Fr. per 100 kg gross,1,0.00,2017-01-01
30021400,80,3,"immunological products, mixed, not put up in measured doses or in forms or packings for retail sale",Fr. per 100 kg gross,1,0.00,2017-01-01
30021500,80,3,"immunological products, put up in measured doses or in forms or packings for retail sale",Fr. per 100 kg gross,1,0.00,2017-01-01
,10,2,"vaccines, toxins, cultures of micro-organisms (excluding yeasts) and similar products:",,,,2022-01-01
30024100,80,3,vaccines for human medicine,Fr. per 100 kg gross,1,0.00,2022-01-01
30024200,80,3,vaccines for veterinary medicine,Fr. per 100 kg gross,1,0.00,2022-01-01
30024900,80,3,other,Fr. per 100 kg gross,1,0.00,2022-01-01
,10,2,"cell cultures, whether or not modified:",,,,2022-01-01
30025100,80,3,cell therapy products,Fr. per 100 kg gross,1,0.00,2022-01-01
30025900,80,3,other,Fr. per 100 kg gross,1,0.00,2022-01-01
30029000,80,2,other,Fr. per 100 kg gross,1,0.00,1996-01-01
3003,80,1,"Medicaments (excluding goods of heading 3002, 3005 or 3006) consisting of two or more constituents which have been mixed together for therapeutic or prophylactic uses, not put up in measured doses or in forms or packings for retail sale:",,0,,1988-01-01
30031000,80,2,"containing penicillins or derivatives thereof, with a penicillanic acid structure, or streptomycins or their derivatives",Fr. per 100 kg gross,1,0.00,1988-01-01
30032000,80,2,"other, containing antibiotics",Fr. per 100 kg gross,1,0.00,1988-01-01
,10,2,"other, containing hormones or other products of heading 2937:",,,,1988-01-01
30033100,80,3,containing insulin,Fr. per 100 kg gross,1,0.00,1988-01-01
30033900,80,3,other,Fr. per 100 kg gross,1,0.00,1988-01-01
,10,2,"other, containing alkaloids or derivatives thereof:",,,,2017-01-01
30034100,80,3,containing ephedrine or its salts,Fr. per 100 kg gross,1,0.00,2017-01-01
30034200,80,3,containing pseudoephedrine (INN) or its salts,Fr. per 100 kg gross,1,0.00,2017-01-01
30034300,80,3,containing norephedrine or its salts,Fr. per 100 kg gross,1,0.00,2017-01-01
30034900,80,3,other,Fr. per 100 kg gross,1,0.00,2017-01-01
30036000,80,2,"other, containing antimalarial active principles described in Subheading Note 2 to this Chapter",Fr. per 100 kg gross,1,0.00,2017-01-01
30039000,80,2,other,Fr. per 100 kg gross,1,0.00,2017-01-01
3004,80,1,"Medicaments (excluding goods of heading 3002, 3005 or 3006) consisting of mixed or unmixed products for therapeutic or prophylactic uses, put up in measured doses (including those in the form of transdermal administration systems) or in forms or packings for retail sale:",,0,,1988-01-01
30041000,80,2,"containing penicillins or derivatives thereof, with a penicillanic acid structure, or streptomycins or their derivatives",Fr. per 100 kg gross,1,0.00,1988-01-01
30042000,80,2,"other, containing antibiotics",Fr. per 100 kg gross,1,0.00,1988-01-01
,10,2,"other, containing hormones or other products of heading 2937:",,,,1988-01-01
30043100,80,3,containing insulin,Fr. per 100 kg gross,1,0.00,1988-01-01
30043200,80,3,"containing corticosteroid hormones, their derivatives or structural analogues",Fr. per 100 kg gross,1,0.00,1988-01-01
30043900,80,3,other,Fr. per 100 kg gross,1,0.00,1988-01-01
,10,2,"other, containing alkaloids or derivatives thereof:",,,,2017-01-01
30044100,80,3,containing ephedrine or its salts,Fr. per 100 kg gross,1,0.00,2017-01-01
30044200,80,3,containing pseudoephedrine (INN) or its salts,Fr. per 100 kg gross,1,0.00,2017-01-01
30044300,80,3,containing norephedrine or its salts,Fr. per 100 kg gross,1,0.00,2017-01-01
30044900,80,3,other,Fr. per 100 kg gross,1,0.00,2017-01-01
30045000,80,2,"other, containing vitamins or other products of heading 2936",Fr. per 100 kg gross,1,0.00,2017-01-01
30046000,80,2,"other, containing antimalarial active principles described in Subheading Note 2 to this Chapter",Fr. per 100 kg gross,1,0.00,2017-01-01
30049000,80,2,other,Fr. per 100 kg gross,1,0.00,2017-01-01
3005,80,1,"Wadding, gauze, bandages and similar articles (for example, dressings, adhesive plasters, poultices), impregnated or coated with pharmaceutical substances or put up in forms or packings for retail sale for medical, surgical, dental or veterinary purposes:",,0,,1988-01-01
30051000,80,2,adhesive dressings and other articles having an adhesive layer,Fr. per 100 kg gross,1,0.00,1988-01-01
30059000,80,2,other,Fr. per 100 kg gross,1,0.00,1988-01-01
3006,80,1,Pharmaceutical goods specified in Note 4 to this Chapter:,,0,,1988-01-01
30061000,80,2,"sterile surgical catgut, similar sterile suture materials (including sterile absorbable surgical or dental yarns) and sterile tissue adhesives for surgical wound closure; sterile laminaria and sterile laminaria tents; sterile absorbable surgical or dental haemostatics; sterile surgical or dental adhesion barriers, whether or not absorbable",Fr. per 100 kg gross,1,0.00,2007-01-01
30063000,80,2,opacifying preparations for X-ray examinations; diagnostic reagents designed to be administered to the patient,Fr. per 100 kg gross,1,0.00,1988-01-01
30064000,80,2,dental cements and other dental fillings; bone reconstruction cements,Fr. per 100 kg gross,1,0.00,1988-01-01
30065000,80,2,first-aid boxes and kits,Fr. per 100 kg gross,1,0.00,1988-01-01
30066000,80,2,"chemical contraceptive preparations based on hormones, on other products of heading 2937 or on spermicides",Fr. per 100 kg gross,1,0.00,1988-01-01
30067000,80,2,gel preparations designed to be used in human or veterinary medicine as a lubricant for parts of the body for surgical operations or physical examinations or as a coupling agent between the body and medical instruments,Fr. per 100 kg gross,1,0.00,2002-01-01
,10,2,other:,,,,2007-01-01
30069100,80,3,appliances identifiable for ostomy use,Fr. per 100 kg gross,1,0.00,2007-01-01
30069200,80,3,waste pharmaceuticals,Fr. per 100 kg gross,1,0.00,2007-01-01
30069300,80,3,"placebos and blinded (or double-blinded) clinical trial kits for a recognised clinical trial, put up in measured doses",Fr. per 100 kg gross,1,0.00,2022-01-01
31,80,0,Fertilisers,,0,,1988-01-01
31010000,80,1,"Animal or vegetable fertilisers, whether or not mixed together or chemically treated; fertilisers produced by the mixing or chemical treatment of animal or vegetable products",Fr. per 100 kg gross,1,0.00,1988-01-01
3102,80,1,"Mineral or chemical fertilisers, nitrogenous:",,0,,1988-01-01
31021000,80,2,"urea, whether or not in aqueous solution",Fr. per 100 kg gross,1,0.00,1988-01-01
,10,2,ammonium sulphate; double salts and mixtures of ammonium sulphate and ammonium nitrate:,,,,1988-01-01
31022100,80,3,ammonium sulphate,Fr. per 100 kg gross,1,0.00,1988-01-01
31022900,80,3,other,Fr. per 100 kg gross,1,0.00,1988-01-01
31023000,80,2,"ammonium nitrate, whether or not in aqueous solution",Fr. per 100 kg gross,1,0.00,1988-01-01
31024000,80,2,mixtures of ammonium nitrate with calcium carbonate or other inorganic non-fertilising substances,Fr. per 100 kg gross,1,0.00,1988-01-01
31025000,80,2,sodium nitrate,Fr. per 100 kg gross,1,0.00,1988-01-01
31026000,80,2,double salts and mixtures of calcium nitrate and ammonium nitrate,Fr. per 100 kg gross,1,0.00,1988-01-01
31028000,80,2,mixtures of urea and ammonium nitrate in aqueous or ammoniacal solution,Fr. per 100 kg gross,1,0.00,1988-01-01
31029000,80,2,"other, including mixtures not specified in the foregoing subheadings",Fr. per 100 kg gross,1,0.00,2024-01-01
3103,80,1,"Mineral or chemical fertilisers, phosphatic:",,0,,1988-01-01
,10,2,superphosphates:,,,,2017-01-01
31031100,80,3,containing by weight 35 % or more of diphosphorus pentaoxide (P2O5),Fr. per 100 kg gross,1,0.00,2017-01-01
31031900,80,3,other,Fr. per 100 kg gross,1,0.00,2017-01-01
31039000,80,2,other,Fr. per 100 kg gross,1,0.00,2024-01-01
3104,80,1,"Mineral or chemical fertilisers, potassic:",,0,,1988-01-01
31042000,80,2,potassium chloride,Fr. per 100 kg gross,1,0.00,1988-01-01
31043000,80,2,potassium sulphate,Fr. per 100 kg gross,1,0.00,1988-01-01
31049000,80,2,other,Fr. per 100 kg gross,1,0.00,2024-01-01
3105,80,1,"Mineral or chemical fertilisers containing two or three of the fertilising elements nitrogen, phosphorus and potassium; other fertilisers; goods of this Chapter in tablets or similar forms or in packages of a gross weight not exceeding 10 kg:",,0,,1988-01-01
31051000,80,2,goods of this Chapter in tablets or similar forms or in packages of a gross weight not exceeding 10 kg,Fr. per 100 kg gross,1,0.00,1988-01-01
31052000,80,2,"mineral or chemical fertilisers containing the three fertilising elements nitrogen, phosphorus and potassium",Fr. per 100 kg gross,1,0.00,1988-01-01
31053000,80,2,diammonium hydrogenorthophosphate (diammonium phosphate),Fr. per 100 kg gross,1,0.00,1988-01-01
31054000,80,2,ammonium dihydrogenorthophosphate (monoammonium phosphate) and mixtures thereof with diammonium hydrogenorthophosphate (diammonium phosphate),Fr. per 100 kg gross,1,0.00,1988-01-01
,10,2,other mineral or chemical fertilisers containing the two fertilising elements nitrogen and phosphorus:,,,,1988-01-01
31055100,80,3,containing nitrates and phosphates,Fr. per 100 kg gross,1,0.00,1988-01-01
31055900,80,3,other,Fr. per 100 kg gross,1,0.00,1988-01-01
31056000,80,2,mineral or chemical fertilisers containing the two fertilising elements phosphorus and potassium,Fr. per 100 kg gross,1,0.00,1988-01-01
31059000,80,2,other,Fr. per 100 kg gross,1,0.00,1988-01-01
32,80,0,"Tanning or dyeing extracts; tannins and their derivatives; dyes, pigments and other colouring matter; paints and varnishes; putty and other mastics; inks",,0,,1988-01-01
3201,80,1,"Tanning extracts of vegetable origin; tannins and their salts, ethers, esters and other derivatives:",,0,,1988-01-01
32011000,80,2,quebracho extract,Fr. per 100 kg gross,1,0.00,1988-01-01
32012000,80,2,wattle extract,Fr. per 100 kg gross,1,0.00,1988-01-01
32019000,80,2,other,Fr. per 100 kg gross,1,0.00,1996-01-01
3202,80,1,"Synthetic organic tanning substances; inorganic tanning substances; tanning preparations, whether or not containing natural tanning substances; enzymatic preparations for pre-tanning:",,0,,1988-01-01
32021000,80,2,synthetic organic tanning substances,Fr. per 100 kg gross,1,0.00,1988-01-01
32029000,80,2,other,Fr. per 100 kg gross,1,0.00,1988-01-01
32030000,80,1,"Colouring matter of vegetable or animal origin (including dyeing extracts but excluding animal black), whether or not chemically defined; preparations as specified in Note 3 to this Chapter based on colouring matter of vegetable or animal origin",Fr. per 100 kg gross,1,0.00,2024-01-01
3204,80,1,"Synthetic organic colouring matter, whether or not chemically defined; preparations as specified in Note 3 to this Chapter based on synthetic organic colouring matter; synthetic organic products of a kind used as fluorescent brightening agents or as luminophores, whether or not chemically defined:",,0,,1988-01-01
,10,2,synthetic organic colouring matter and preparations based thereon as specified in Note 3 to this Chapter:,,,,1988-01-01
32041100,80,3,disperse dyes and preparations based thereon,Fr. per 100 kg gross,1,0.00,1988-01-01
32041200,80,3,"acid dyes, whether or not premetallised, and preparations based thereon; mordant dyes and preparations based thereon",Fr. per 100 kg gross,1,0.00,2024-01-01
32041300,80,3,basic dyes and preparations based thereon,Fr. per 100 kg gross,1,0.00,2024-01-01
32041400,80,3,direct dyes and preparations based thereon,Fr. per 100 kg gross,1,0.00,1988-01-01
32041500,80,3,vat dyes (including those usable in that state as pigments) and preparations based thereon,Fr. per 100 kg gross,1,0.00,1988-01-01
32041600,80,3,reactive dyes and preparations based thereon,Fr. per 100 kg gross,1,0.00,1988-01-01
32041700,80,3,pigments and preparations based thereon,Fr. per 100 kg gross,1,0.00,1988-01-01
32041800,80,3,carotenoid colouring matters and preparations based thereon,Fr. per 100 kg gross,1,0.00,2022-01-01
32041900,80,3,"other, including mixtures of colouring matter of two or more of the subheadings 3204.11 to 3204.19",Fr. per 100 kg gross,1,0.00,2024-01-01
32042000,80,2,synthetic organic products of a kind used as fluorescent brightening agents,Fr. per 100 kg gross,1,0.00,1988-01-01
32049000,80,2,other,Fr. per 100 kg gross,1,0.00,2024-01-01
32050000,80,1,Colour lakes; preparations as specified in Note 3 to this Chapter based on colour lakes,Fr. per 100 kg gross,1,0.00,1988-01-01
3206,80,1,"Other colouring matter; preparations as specified in Note 3 to this Chapter, other than those of heading 3203, 3204 or 3205; inorganic products of a kind used as luminophores, whether or not chemically defined:",,0,,1988-01-01
,10,2,pigments and preparations based on titanium dioxide:,,,,1996-01-01
32061100,80,3,containing 80% or more by weight of titanium dioxide calculated on the dry matter,Fr. per 100 kg gross,1,0.00,1996-01-01
32061900,80,3,other,Fr. per 100 kg gross,1,0.00,1996-01-01
32062000,80,2,pigments and preparations based on chromium compounds,Fr. per 100 kg gross,1,0.00,1988-01-01
,10,2,other colouring matter and other preparations:,,,,1988-01-01
32064100,80,3,ultramarine and preparations based thereon,Fr. per 100 kg gross,1,0.00,1988-01-01
32064200,80,3,lithopone and other pigments and preparations based on zinc sulphide,Fr. per 100 kg gross,1,0.00,1988-01-01
32064900,80,3,other,Fr. per 100 kg gross,1,0.00,1988-01-01
32065000,80,2,inorganic products of a kind used as luminophores,Fr. per 100 kg gross,1,0.00,1988-01-01
3207,80,1,"Prepared pigments, prepared opacifiers and prepared colours, vitrifiable enamels and glazes, engobes (slips), liquid lustres and similar preparations, of a kind used in the ceramic, enamelling or glass industry; glass frit and other glass, in the form of powder, granules or flakes:",,0,,1988-01-01
32071000,80,2,"prepared pigments, prepared opacifiers, prepared colours and similar preparations",Fr. per 100 kg gross,1,0.00,1988-01-01
32072000,80,2,"vitrifiable enamels and glazes, engobes (slips) and similar preparations",Fr. per 100 kg gross,1,0.00,1988-01-01
32073000,80,2,liquid lustres and similar preparations,Fr. per 100 kg gross,1,0.00,1988-01-01
32074000,80,2,"glass frit and other glass, in the form of powder, granules or flakes",Fr. per 100 kg gross,1,0.00,1988-01-01
3208,80,1,"Paints and varnishes (including enamels and lacquers) based on synthetic polymers or chemically modified natural polymers, dispersed or dissolved in a non-aqueous medium; solutions as defined in Note 4 to this Chapter:",,0,,1988-01-01
32081000,80,2,based on polyesters,Fr. per 100 kg gross,1,0.00,1988-01-01
32082000,80,2,based on acrylic or vinyl polymers,Fr. per 100 kg gross,1,0.00,1988-01-01
32089000,80,2,other,Fr. per 100 kg gross,1,0.00,1988-01-01
3209,80,1,"Paints and varnishes (including enamels and lacquers) based on synthetic polymers or chemically modified natural polymers, dispersed or dissolved in an aqueous medium:",,0,,1988-01-01
32091000,80,2,based on acrylic or vinyl polymers,Fr. per 100 kg gross,1,0.00,1988-01-01
32099000,80,2,other,Fr. per 100 kg gross,1,0.00,1988-01-01
32100000,80,1,"Other paints and varnishes (including enamels, lacquers and distempers); prepared water pigments of a kind used for finishing leather",Fr. per 100 kg gross,1,0.00,1988-01-01
32110000,80,1,Prepared driers,Fr. per 100 kg gross,1,0.00,1988-01-01
3212,80,1,"Pigments (including metallic powders and flakes) dispersed in non-aqueous media, in liquid or paste form, of a kind used in the manufacture of paints (including enamels); stamping foils; dyes and other colouring matter put up in forms or packings for retail sale:",,0,,1988-01-01
32121000,80,2,stamping foils,Fr. per 100 kg gross,1,0.00,1988-01-01
32129000,80,2,other,Fr. per 100 kg gross,1,0.00,1988-01-01
3213,80,1,"Artists', students' or signboard painters' colours, modifying tints, amusement colours and the like, in tablets, tubes, jars, bottles, pans or in similar forms or packings:",,0,,1988-01-01
32131000,80,2,colours in sets,Fr. per 100 kg gross,1,0.00,1988-01-01
32139000,80,2,other,Fr. per 100 kg gross,1,0.00,1988-01-01
3214,80,1,"Glaziers' putty, grafting putty, resin cements, caulking compounds and other mastics; painters' fillings; non-refractory surfacing preparations for façades, indoor walls, floors, ceilings or the like:",,0,,1988-01-01
32141000,80,2,"glaziers' putty, grafting putty, resin cements, caulking compounds and other mastics; painters' fillings",Fr. per 100 kg gross,1,0.00,1988-01-01
32149000,80,2,other,Fr. per 100 kg gross,1,0.00,1988-01-01
3215,80,1,"Printing ink, writing or drawing ink and other inks, whether or not concentrated or solid:",,0,,1988-01-01
,10,2,printing ink:,,,,1988-01-01
32151100,80,3,black,Fr. per 100 kg gross,1,0.00,1988-01-01
32151900,80,3,other,Fr. per 100 kg gross,1,0.00,1988-10-01
32159000,80,2,other,Fr. per 100 kg gross,1,0.00,2024-01-01
33,80,0,"Essential oils and resinoids; perfumery, cosmetic or toilet preparations",,0,,1988-01-01
3301,80,1,"Essential oils (terpeneless or not), including concretes and absolutes; resinoids; extracted oleoresins; concentrates of essential oils in fats, in fixed oils, in waxes or the like, obtained by enfleurage or maceration; terpenic by-products of the deterpenation of essential oils; aqueous distillates and aqueous solutions of essential oils:",,0,,1996-01-01
,10,2,essential oils of citrus fruit:,,,,1996-01-01
33011200,80,3,of orange,Fr. per 100 kg gross,1,0.00,1996-01-01
33011300,80,3,of lemon,Fr. per 100 kg gross,1,0.00,1996-01-01
33011900,80,3,other,Fr. per 100 kg gross,1,0.00,1996-01-01
,10,2,essential oils other than those of citrus fruit:,,,,1996-01-01
33012400,80,3,of peppermint (Mentha piperita),Fr. per 100 kg gross,1,0.00,1996-01-01
33012500,80,3,of other mints,Fr. per 100 kg gross,1,0.00,1996-01-01
33012900,80,3,other,Fr. per 100 kg gross,1,0.00,2024-01-01
33013000,80,2,resinoids,Fr. per 100 kg gross,1,0.00,1996-01-01
33019000,80,2,other,Fr. per 100 kg gross,1,0.00,2024-01-01
3302,80,1,"Mixtures of odoriferous substances and mixtures (including alcoholic solutions) with a basis of one or more of these substances, of a kind used as raw materials in industry; other preparations based on odoriferous substances, of a kind used for the manufacture of beverages:",,0,,1996-01-01
33021000,80,2,of a kind used in the food or drink industries,Fr. per 100 kg gross,1,0.00,1996-01-01
33029000,80,2,other,Fr. per 100 kg gross,1,0.00,1996-01-01
33030000,80,1,Perfumes and toilet waters,Fr. per 100 kg gross,1,0.00,1988-01-01
3304,80,1,"Beauty or make-up preparations and preparations for the care of the skin (other than medicaments), including sunscreen or sun tan preparations; manicure or pedicure preparations:",,0,,1988-01-01
33041000,80,2,lip make-up preparations,Fr. per 100 kg gross,1,0.00,1988-01-01
33042000,80,2,eye make-up preparations,Fr. per 100 kg gross,1,0.00,1988-01-01
33043000,80,2,manicure or pedicure preparations,Fr. per 100 kg gross,1,0.00,1988-01-01
,10,2,other:,,,,1988-01-01
33049100,80,3,"powders, whether or not compressed",Fr. per 100 kg gross,1,0.00,1988-01-01
33049900,80,3,other,Fr. per 100 kg gross,1,0.00,1988-01-01
3305,80,1,Preparations for use on the hair:,,0,,1988-01-01
33051000,80,2,shampoos,Fr. per 100 kg gross,1,0.00,1988-01-01
33052000,80,2,preparations for permanent waving or straightening,Fr. per 100 kg gross,1,0.00,1988-01-01
33053000,80,2,hair lacquers,Fr. per 100 kg gross,1,0.00,1988-01-01
33059000,80,2,other,Fr. per 100 kg gross,1,0.00,1988-01-01
3306,80,1,"Preparations for oral or dental hygiene, including denture fixative pastes and powders; yarn used to clean between the teeth (dental floss), in individual retail packages:",,0,,1996-01-01
33061000,80,2,dentifrices,Fr. per 100 kg gross,1,0.00,1996-01-01
33062000,80,2,yarn used to clean between the teeth (dental floss),Fr. per 100 kg gross,1,0.00,1996-01-01
33069000,80,2,other,Fr. per 100 kg gross,1,0.00,2024-01-01
3307,80,1,"Pre-shave, shaving or after-shave preparations, personal deodorants, bath preparations, depilatories and other perfumery, cosmetic or toilet preparations, not elsewhere specified or included; prepared room deodorisers, whether or not perfumed or having disinfectant properties:",,0,,1988-01-01
33071000,80,2,"pre-shave, shaving or after-shave preparations",Fr. per 100 kg gross,1,0.00,1988-01-01
33072000,80,2,personal deodorants and antiperspirants,Fr. per 100 kg gross,1,0.00,1988-01-01
33073000,80,2,perfumed bath salts and other bath preparations,Fr. per 100 kg gross,1,0.00,1988-01-01
,10,2,"preparations for perfuming or deodorising rooms, including odoriferous preparations used during religious rites:",,,,1988-01-01
33074100,80,3,«agarbatti» and other odoriferous preparations which operate by burning,Fr. per 100 kg gross,1,0.00,1988-01-01
33074900,80,3,other,Fr. per 100 kg gross,1,0.00,1988-01-01
33079000,80,2,other,Fr. per 100 kg gross,1,0.00,2024-01-01
34,80,0,"Soap, organic surface-active agents, washing preparations, lubricating preparations, artificial waxes, prepared waxes, polishing or scouring preparations, candles and similar articles, modelling pastes, «dental waxes» and dental preparations with a basis of plaster",,0,,1988-01-01
3401,80,1,"Soap; organic surface-active products and preparations for use as soap, in the form of bars, cakes, moulded pieces or shapes, whether or not containing soap; organic surface-active products and preparations for washing the skin, in the form of liquid or cream and put up for retail sale, whether or not containing soap; paper, wadding, felt and nonwovens, impregnated, coated or covered with soap or detergent:",,0,,1988-01-01
,10,2,"soap and organic surface-active products and preparations, in the form of bars, cakes, moulded pieces or shapes, and paper, wadding, felt and nonwovens, impregnated, coated or covered with soap or detergent:",,,,1988-01-01
34011100,80,3,for toilet use (including medicated products),Fr. per 100 kg gross,1,0.00,1988-01-01
34011900,80,3,other,Fr. per 100 kg gross,1,0.00,2024-01-01
34012000,80,2,soap in other forms,Fr. per 100 kg gross,1,0.00,1988-01-01
34013000,80,2,"organic surface-active products and preparations for washing the skin, in the form of liquid or cream and put up for retail sale, whether or not containing soap",Fr. per 100 kg gross,1,0.00,2002-01-01
3402,80,1,"Organic surface-active agents (other than soap); surface-active preparations, washing preparations (including auxiliary washing preparations) and cleaning preparations, whether or not containing soap, other than those of heading 3401:",,0,,1988-01-01
,10,2,"anionic organic surface-active agents, whether or not put up for retail sale:",,,,2022-01-01
34023100,80,3,linear alkylbenzene sulphonic acids and their salts,Fr. per 100 kg gross,1,0.00,2022-01-01
34023900,80,3,other,Fr. per 100 kg gross,1,0.00,2022-01-01
,10,2,"other organic surface-active agents, whether or not put up for retail sale:",,,,2022-01-01
34024100,80,3,cationic,Fr. per 100 kg gross,1,0.00,2024-01-01
34024200,80,3,non-ionic,Fr. per 100 kg gross,1,0.00,2024-01-01
34024900,80,3,other,Fr. per 100 kg gross,1,0.00,2022-01-01
34025000,80,2,preparations put up for retail sale,Fr. per 100 kg gross,1,0.00,2022-01-01
34029000,80,2,other,Fr. per 100 kg gross,1,0.00,1988-01-01
3403,80,1,"Lubricating preparations (including cutting-oil preparations, bolt or nut release preparations, anti-rust or anti-corrosion preparations and mould release preparations, based on lubricants) and preparations of a kind used for the oil or grease treatment of textile materials, leather, furskins or other materials, but excluding preparations containing, as basic constituents, 70% or more by weight of petroleum oils or of oils obtained from bituminous minerals:",,0,,1988-01-01
,10,2,containing petroleum oils or oils obtained from bituminous minerals:,,,,1988-01-01
34031100,80,3,"preparations for the treatment of textile materials, leather, furskins or other materials",Fr. per 100 kg gross,1,0.00,1988-01-01
34031900,80,3,other,Fr. per 100 kg gross,1,0.00,1988-01-01
,10,2,other:,,,,1988-01-01
34039100,80,3,"preparations for the treatment of textile materials, leather, furskins or other materials",Fr. per 100 kg gross,1,0.00,1988-01-01
34039900,80,3,other,Fr. per 100 kg gross,1,0.00,1988-01-01
3404,80,1,Artificial waxes and prepared waxes:,,0,,1988-01-01
34042000,80,2,of poly(oxyethylene) (polyethylene glycol),Fr. per 100 kg gross,1,0.00,1988-01-01
34049000,80,2,other,Fr. per 100 kg gross,1,0.00,1988-01-01
3405,80,1,"Polishes and creams, for footwear, furniture, floors, coachwork, glass or metal, scouring pastes and powders and similar preparations (whether or not in the form of paper, wadding, felt, nonwovens, cellular plastics or cellular rubber, impregnated, coated or covered with such preparations), excluding waxes of heading 3404:",,0,,1988-01-01
34051000,80,2,"polishes, creams and similar preparations for footwear or leather",Fr. per 100 kg gross,1,0.00,1988-01-01
34052000,80,2,"polishes, creams and similar preparations for the maintenance of wooden furniture, floors or other woodwork",Fr. per 100 kg gross,1,0.00,1988-01-01
34053000,80,2,"polishes and similar preparations for coachwork, other than metal polishes",Fr. per 100 kg gross,1,0.00,1988-01-01
34054000,80,2,scouring pastes and powders and other scouring preparations,Fr. per 100 kg gross,1,0.00,1988-01-01
34059000,80,2,other,Fr. per 100 kg gross,1,0.00,1988-01-01
34060000,80,1,"Candles, tapers and the like",Fr. per 100 kg gross,1,0.00,1988-01-01
34070000,80,1,"Modelling pastes, including those put up for children's amusement; preparations known as «dental wax» or as «dental impression compounds», put up in sets, in packings for retail sale or in plates, horseshoe shapes, sticks or similar forms; other preparations for use in dentistry, with a basis of plaster (of calcined gypsum or calcium sulphate)",Fr. per 100 kg gross,1,0.00,1988-01-01
35,80,0,Albuminoidal substances; modified starches; glues; enzymes,,0,,1988-01-01
3501,80,1,"Casein, caseinates and other casein derivatives; casein glues:",,0,,1988-01-01
350110,80,2,casein:,,0,,1988-01-01
35011010,80,3,within the limits of the tariff quota (Q. No. 8),Fr. per 100 kg gross,1,4.00,1995-07-01
35011090,80,3,other,Fr. per 100 kg gross,1,909.00,1995-07-01
350190,80,2,other:,,0,,1988-01-01
,10,3,within the limits of the tariff quota (Q. No. 8):,,,,2005-02-01
35019011,80,4,casein glues,Fr. per 100 kg gross,1,4.00,2005-02-01
35019019,80,4,other,Fr. per 100 kg gross,1,4.00,2005-02-01
,10,3,other:,,,,2005-02-01
35019091,80,4,casein glues,Fr. per 100 kg gross,1,909.00,2005-02-01
35019099,80,4,other,Fr. per 100 kg gross,1,909.00,2005-02-01
3502,80,1,"Albumins (including concentrates of two or more whey proteins, containing by weight more than 80% whey proteins, calculated on the dry matter), albuminates and other albumin derivatives:",,0,,1988-01-01
,10,2,egg albumin:,,,,1996-01-01
350211,80,3,dried:,,0,,1996-01-01
35021110,80,4,within the limits of the tariff quota (Q. No. 10),Fr. per 100 kg gross,1,255.00,1996-01-01
35021190,80,4,other,Fr. per 100 kg gross,1,1596.00,1996-01-01
350219,80,3,other:,,0,,1996-01-01
35021910,80,4,within the limits of the tariff quota (Q. No. 11),Fr. per 100 kg gross,1,79.00,1996-01-01
35021990,80,4,other,Fr. per 100 kg gross,1,420.00,1996-01-01
35022000,80,2,"milk albumin, including concentrates of two or more whey proteins",Fr. per 100 kg gross,1,0.00,1996-01-01
35029000,80,2,other,Fr. per 100 kg gross,1,0.00,1996-01-01
35030000,80,1,"Gelatin (including gelatin in rectangular (including square) sheets, whether or not surface-worked or coloured) and gelatin derivatives; isinglass; other glues of animal origin, excluding casein glues of heading 3501",Fr. per 100 kg gross,1,0.00,1988-01-01
35040000,80,1,"Peptones and their derivatives; other protein substances and their derivatives, not elsewhere specified or included; hide powder, whether or not chromed",Fr. per 100 kg gross,1,0.00,1988-01-01
3505,80,1,"Dextrins and other modified starches (for example, pregelatinised or esterified starches); glues based on starches, or on dextrins or other modified starches:",,0,,1988-01-01
350510,80,2,dextrins and other modified starches:,,0,,1988-01-01
35051010,80,3,for animal feeding,Fr. per 100 kg gross,1,45.00,1995-07-01
35051090,80,3,other,Fr. per 100 kg gross,1,0.00,1995-07-01
350520,80,2,glues:,,0,,1988-01-01
35052010,80,3,for animal feeding,Fr. per 100 kg gross,1,46.00,1995-07-01
35052090,80,3,other,Fr. per 100 kg gross,1,0.00,1995-07-01
3506,80,1,"Prepared glues and other prepared adhesives, not elsewhere specified or included; products suitable for use as glues or adhesives, put up for retail sale as glues or adhesives, not exceeding a net weight of 1 kg:",,0,,1988-01-01
35061000,80,2,"products suitable for use as glues or adhesives, put up for retail sale as glues or adhesives, not exceeding a net weight of 1 kg",Fr. per 100 kg gross,1,0.00,1988-01-01
,10,2,other:,,,,1988-01-01
35069100,80,3,adhesives based on polymers of headings 3901 to 3913 or on rubber,Fr. per 100 kg gross,1,0.00,2024-01-01
350699,80,3,other:,,0,,1988-01-01
35069910,80,4,for animal feeding,Fr. per 100 kg gross,1,41.00,1995-07-01
35069990,80,4,other,Fr. per 100 kg gross,1,0.00,1995-07-01
3507,80,1,Enzymes; prepared enzymes not elsewhere specified or included:,,0,,1988-01-01
35071000,80,2,rennet and concentrates thereof,Fr. per 100 kg gross,1,0.00,2024-01-01
35079000,80,2,other,Fr. per 100 kg gross,1,0.00,2024-01-01
36,80,0,Explosives; pyrotechnic products; matches; pyrophoric alloys; certain combustible preparations,,0,,1988-01-01
36010000,80,1,Propellent powders,Fr. per 100 kg gross,1,0.00,1988-01-01
36020000,80,1,"Prepared explosives, other than propellent powders",Fr. per 100 kg gross,1,0.00,1988-01-01
3603,80,1,Safety fuses; detonating cords; percussion or detonating caps; igniters; electric detonators:,,0,,1988-01-01
36031000,80,2,safety fuses,Fr. per 100 kg gross,1,0.00,2022-01-01
36032000,80,2,detonating cords,Fr. per 100 kg gross,1,0.00,2022-01-01
36033000,80,2,percussion caps,Fr. per 100 kg gross,1,0.00,2022-01-01
36034000,80,2,detonating caps,Fr. per 100 kg gross,1,0.00,2022-01-01
36035000,80,2,igniters,Fr. per 100 kg gross,1,0.00,2022-01-01
36036000,80,2,electric detonators,Fr. per 100 kg gross,1,0.00,2022-01-01
3604,80,1,"Fireworks, signalling flares, rain rockets, fog signals and other pyrotechnic articles:",,0,,1988-01-01
36041000,80,2,fireworks,Fr. per 100 kg gross,1,0.00,1988-01-01
36049000,80,2,other,Fr. per 100 kg gross,1,0.00,1988-01-01
36050000,80,1,"Matches, other than pyrotechnic articles of heading 3604",Fr. per 100 kg gross,1,0.00,1988-01-01
3606,80,1,Ferro-cerium and other pyrophoric alloys in all forms; articles of combustible materials as specified in Note 2 to this Chapter:,,0,,1988-01-01
36061000,80,2,liquid or liquefied-gas fuels in containers of a kind used for filling or refilling cigarette or similar lighters and of a capacity not exceeding 300 cm³,Fr. per 100 kg gross,1,0.00,1988-01-01
36069000,80,2,other,Fr. per 100 kg gross,1,0.00,2024-01-01
37,80,0,Photographic or cinematographic goods,,0,,1988-01-01
3701,80,1,"Photographic plates and film in the flat, sensitised, unexposed, of any material other than paper, paperboard or textiles; instant print film in the flat, sensitised, unexposed, whether or not in packs:",,0,,1988-01-01
37011000,80,2,for X-ray,Fr. per 100 kg gross,1,0.00,1988-01-01
37012000,80,2,instant print film,Fr. per 100 kg gross,1,0.00,1988-01-01
37013000,80,2,"other plates and film, with any side exceeding 255 mm",Fr. per 100 kg gross,1,0.00,1988-01-01
,10,2,other:,,,,1988-01-01
37019100,80,3,for colour photography (polychrome),Fr. per 100 kg gross,1,0.00,1988-01-01
37019900,80,3,other,Fr. per 100 kg gross,1,0.00,1988-01-01
3702,80,1,"Photographic film in rolls, sensitised, unexposed, of any material other than paper, paperboard or textiles; instant print film in rolls, sensitised, unexposed:",,0,,1988-01-01
37021000,80,2,for X-ray,Fr. per 100 kg gross,1,0.00,1988-01-01
,10,2,"other film, without perforations, of a width not exceeding 105 mm:",,,,1988-01-01
37023100,80,3,for colour photography (polychrome),Fr. per 100 kg gross,1,0.00,1988-01-01
37023200,80,3,"other, with silver halide emulsion",Fr. per 100 kg gross,1,0.00,1988-01-01
37023900,80,3,other,Fr. per 100 kg gross,1,0.00,1988-01-01
,10,2,"other film, without perforations, of a width exceeding 105 mm:",,,,1988-01-01
37024100,80,3,"of a width exceeding 610 mm and of a length exceeding 200 m, for colour photography (polychrome)",Fr. per 100 kg gross,1,0.00,1988-01-01
37024200,80,3,"of a width exceeding 610 mm and of a length exceeding 200 m, other than for colour photography",Fr. per 100 kg gross,1,0.00,1988-01-01
37024300,80,3,of a width exceeding 610 mm and of a length not exceeding 200 m,Fr. per 100 kg gross,1,0.00,1988-01-01
37024400,80,3,of a width exceeding 105 mm but not exceeding 610 mm,Fr. per 100 kg gross,1,0.00,1988-01-01
,10,2,"other film, for colour photography (polychrome):",,,,1988-01-01
37025200,80,3,of a width not exceeding 16 mm,Fr. per 100 kg gross,1,0.00,2012-01-01
37025300,80,3,"of a width exceeding 16 mm but not exceeding 35 mm and of a length not exceeding 30 m, for slides",Fr. per 100 kg gross,1,0.00,1988-01-01
37025400,80,3,"of a width exceeding 16 mm but not exceeding 35 mm and of a length not exceeding 30 m, other than for slides",Fr. per 100 kg gross,1,0.00,1988-01-01
37025500,80,3,of a width exceeding 16 mm but not exceeding 35 mm and of a length exceeding 30 m,Fr. per 100 kg gross,1,0.00,1988-01-01
37025600,80,3,of a width exceeding 35 mm,Fr. per 100 kg gross,1,0.00,1988-01-01
,10,2,other:,,,,1988-01-01
37029600,80,3,of a width not exceeding 35 mm and of a length not exceeding 30 m,Fr. per 100 kg gross,1,0.00,2012-01-01
37029700,80,3,of a width not exceeding 35 mm and of a length exceeding 30 m,Fr. per 100 kg gross,1,0.00,2012-01-01
37029800,80,3,of a width exceeding 35 mm,Fr. per 100 kg gross,1,0.00,2012-01-01
3703,80,1,"Photographic paper, paperboard and textiles, sensitised, unexposed:",,0,,1988-01-01
37031000,80,2,in rolls of a width exceeding 610 mm,Fr. per 100 kg gross,1,0.00,1988-01-01
37032000,80,2,"other, for colour photography (polychrome)",Fr. per 100 kg gross,1,0.00,1988-01-01
37039000,80,2,other,Fr. per 100 kg gross,1,0.00,1988-01-01
37040000,80,1,"Photographic plates, film, paper, paperboard and textiles, exposed but not developed",Fr. per 100 kg gross,1,0.00,1988-01-01
37050000,80,1,"Photographic plates and film, exposed and developed, other than cinematographic film",Fr. per 100 kg gross,1,0.00,2017-01-01
3706,80,1,"Cinematographic film, exposed and developed, whether or not incorporating sound track or consisting only of sound track:",,0,,1988-01-01
37061000,80,2,of a width of 35 mm or more,Fr. per metre,1,0.00,2024-01-01
37069000,80,2,other,Fr. per metre,1,0.00,2024-01-01
3707,80,1,"Chemical preparations for photographic uses (other than varnishes, glues, adhesives and similar preparations); unmixed products for photographic uses, put up in measured portions or put up for retail sale in a form ready for use:",,0,,1988-01-01
37071000,80,2,sensitising emulsions,Fr. per 100 kg gross,1,0.00,1988-01-01
37079000,80,2,other,Fr. per 100 kg gross,1,0.00,1988-01-01
38,80,0,Miscellaneous chemical products,,0,,1988-01-01
3801,80,1,"Artificial graphite; colloidal or semi-colloidal graphite; preparations based on graphite or other carbon in the form of pastes, blocks, plates or other semi-manufactures:",,0,,1988-01-01
38011000,80,2,artificial graphite,Fr. per 100 kg gross,1,0.00,1995-06-01
38012000,80,2,colloidal or semi-colloidal graphite,Fr. per 100 kg gross,1,0.00,1988-01-01
38013000,80,2,carbonaceous pastes for electrodes and similar pastes for furnace linings,Fr. per 100 kg gross,1,0.00,1988-01-01
38019000,80,2,other,Fr. per 100 kg gross,1,0.00,1995-06-01
3802,80,1,"Activated carbon; activated natural mineral products; animal black, including spent animal black:",,0,,1988-01-01
38021000,80,2,activated carbon,Fr. per 100 kg gross,1,0.00,1988-01-01
38029000,80,2,other,Fr. per 100 kg gross,1,0.00,1988-01-01
38030000,80,1,"Tall oil, whether or not refined",Fr. per 100 kg gross,1,0.00,1988-01-01
38040000,80,1,"Residual lyes from the manufacture of wood pulp, whether or not concentrated, desugared or chemically treated, including lignin sulphonates, but excluding tall oil of heading 3803",Fr. per 100 kg gross,1,0.00,1988-01-01
3805,80,1,"Gum, wood or sulphate turpentine and other terpenic oils produced by the distillation or other treatment of coniferous woods; crude dipentene; sulphite turpentine and other crude para-cymene; pine oil containing alpha-terpineol as the main constituent:",,0,,1988-01-01
38051000,80,2,"gum, wood or sulphate turpentine oils",Fr. per 100 kg gross,1,0.00,1988-01-01
38059000,80,2,other,Fr. per 100 kg gross,1,0.00,1988-01-01
3806,80,1,"Rosin and resin acids, and derivatives thereof; rosin spirit and rosin oils; run gums:",,0,,1988-01-01
38061000,80,2,rosin and resin acids,Fr. per 100 kg gross,1,0.00,1988-01-01
38062000,80,2,"salts of rosin, of resin acids or of derivatives of rosin or resin acids, other than salts of rosin adducts",Fr. per 100 kg gross,1,0.00,1996-01-01
38063000,80,2,ester gums,Fr. per 100 kg gross,1,0.00,1988-01-01
38069000,80,2,other,Fr. per 100 kg gross,1,0.00,1996-01-01
38070000,80,1,"Wood tar; wood tar oils; wood creosote; wood naphtha; vegetable pitch; brewers' pitch and similar preparations based on rosin, resin acids or on vegetable pitch",Fr. per 100 kg gross,1,0.00,1988-01-01
3808,80,1,"Insecticides, rodenticides, fungicides, herbicides, anti-sprouting products and plant-growth regulators, disinfectants and similar products, put up in forms or packings for retail sale or as preparations or articles (for example, sulphur-treated bands, wicks and candles, and fly-papers):",,0,,1988-01-01
,10,2,goods specified in Subheading Note 1 to this Chapter:,,,,2017-01-01
38085200,80,3,"DDT (ISO) (clofenotane (INN)), in packings of a net weight content not exceeding 300 g",Fr. per 100 kg gross,1,0.00,2017-01-01
38085900,80,3,other,Fr. per 100 kg gross,1,0.00,2017-01-01
,10,2,goods specified in Subheading Note 2 to this Chapter:,,,,2017-01-01
38086100,80,3,in packings of a net weight content not exceeding 300 g,Fr. per 100 kg gross,1,0.00,2017-01-01
38086200,80,3,in packings of a net weight content exceeding 300 g but not exceeding 7.5 kg,Fr. per 100 kg gross,1,0.00,2017-01-01
38086900,80,3,other,Fr. per 100 kg gross,1,0.00,2017-01-01
,10,2,other:,,,,2007-01-01
38089100,80,3,insecticides,Fr. per 100 kg gross,1,0.00,2024-01-01
38089200,80,3,fungicides,Fr. per 100 kg gross,1,0.00,2024-01-01
38089300,80,3,"herbicides, anti-sprouting products and plant-growth regulators",Fr. per 100 kg gross,1,0.00,2024-01-01
38089400,80,3,disinfectants,Fr. per 100 kg gross,1,0.00,2024-01-01
38089900,80,3,other,Fr. per 100 kg gross,1,0.00,2007-01-01
3809,80,1,"Finishing agents, dye carriers to accelerate the dyeing or fixing of dyestuffs and other products and preparations (for example, dressings and mordants), of a kind used in the textile, paper, leather or like industries, not elsewhere specified or included:",,0,,1988-01-01
380910,80,2,with a basis of amylaceous substances:,,0,,1988-01-01
38091010,80,3,for animal feeding,Fr. per 100 kg gross,1,46.00,1995-07-01
38091090,80,3,other,Fr. per 100 kg gross,1,0.00,1995-07-01
,10,2,other:,,,,1988-01-01
38099100,80,3,of a kind used in the textile or like industries,Fr. per 100 kg gross,1,0.00,1988-01-01
38099200,80,3,of a kind used in the paper or like industries,Fr. per 100 kg gross,1,0.00,1988-01-01
38099300,80,3,of a kind used in the leather or like industries,Fr. per 100 kg gross,1,0.00,1992-01-01
3810,80,1,"Pickling preparations for metal surfaces; fluxes and other auxiliary preparations for soldering, brazing or welding; soldering, brazing or welding powders and pastes consisting of metal and other materials; preparations of a kind used as cores or coatings for welding electrodes or rods:",,0,,1988-01-01
38101000,80,2,"pickling preparations for metal surfaces; soldering, brazing or welding powders and pastes consisting of metal and other materials",Fr. per 100 kg gross,1,0.00,1988-01-01
38109000,80,2,other,Fr. per 100 kg gross,1,0.00,1988-01-01
3811,80,1,"Anti-knock preparations, oxidation inhibitors, gum inhibitors, viscosity improvers, anti-corrosive preparations and other prepared additives, for mineral oils (including gasoline) or for other liquids used for the same purposes as mineral oils:",,0,,1988-01-01
,10,2,anti-knock preparations:,,,,1988-01-01
38111100,80,3,based on lead compounds,Fr. per 100 kg gross,1,0.00,1988-01-01
38111900,80,3,other,Fr. per 100 kg gross,1,0.00,1988-01-01
,10,2,additives for lubricating oils:,,,,1988-01-01
38112100,80,3,containing petroleum oils or oils obtained from bituminous minerals,Fr. per 100 kg gross,1,0.00,1988-01-01
38112900,80,3,other,Fr. per 100 kg gross,1,0.00,1988-01-01
381190,80,2,other:,,0,,1988-01-01
38119010,80,3,for use as fuel,Fr. per 100 kg gross,1,0.00,1988-01-01
38119090,80,3,other,Fr. per 100 kg gross,1,0.00,1988-01-01
3812,80,1,"Prepared rubber accelerators; compound plasticisers for rubber or plastics, not elsewhere specified or included; anti-oxidising preparations and other compound stabilisers for rubber or plastics:",,0,,1988-01-01
38121000,80,2,prepared rubber accelerators,Fr. per 100 kg gross,1,0.00,1988-01-01
38122000,80,2,compound plasticisers for rubber or plastics,Fr. per 100 kg gross,1,0.00,1988-01-01
,10,2,anti-oxidising preparations and other compound stabilisers for rubber or plastics:,,,,2017-01-01
38123100,80,3,"mixtures of oligomers of 2,2,4-trimethyl-1,2-dihydroquinoline (TMQ)",Fr. per 100 kg gross,1,0.00,2017-01-01
38123900,80,3,other,Fr. per 100 kg gross,1,0.00,2017-01-01
38130000,80,1,Preparations and charges for fire-extinguishers; charged fire-extinguishing grenades,Fr. per 100 kg gross,1,0.00,1988-01-01
3814,80,1,"Organic composite solvents and thinners, not elsewhere specified or included; prepared paint or varnish removers:",,0,,1988-01-01
38140010,80,2,for use as fuel,Fr. per 100 kg gross,1,0.00,1988-01-01
38140090,80,2,other,Fr. per 100 kg gross,1,0.00,1988-01-01
3815,80,1,"Reaction initiators, reaction accelerators and catalytic preparations, not elsewhere specified or included:",,0,,1988-01-01
,10,2,supported catalysts:,,,,1988-01-01
38151100,80,3,with nickel or nickel compounds as the active substance,Fr. per 100 kg gross,1,0.00,1988-01-01
38151200,80,3,with precious metal or precious metal compounds as the active substance,Fr. per 100 kg gross,1,0.00,1988-01-01
38151900,80,3,other,Fr. per 100 kg gross,1,0.00,1988-01-01
38159000,80,2,other,Fr. per 100 kg gross,1,0.00,1988-01-01
38160000,80,1,"Refractory cements, mortars, concretes and similar compositions, including dolomite ramming mix, other than products of heading 3801",Fr. per 100 kg gross,1,0.00,1988-01-01
3817,80,1,"Mixed alkylbenzenes and mixed alkylnaphthalenes, other than those of heading 2707 or 2902:",,0,,1988-01-01
38170010,80,2,for use as fuel,Fr. per 100 kg gross,1,0.00,2002-01-01
38170090,80,2,other,Fr. per 100 kg gross,1,0.00,2002-01-01
38180000,80,1,"Chemical elements doped for use in electronics, in the form of discs, wafers or similar forms; chemical compounds doped for use in electronics",Fr. per 100 kg gross,1,0.00,1988-01-01
38190000,80,1,"Hydraulic brake fluids and other prepared liquids for hydraulic transmission, not containing or containing less than 70% by weight of petroleum oils or oils obtained from bituminous minerals",Fr. per 100 kg gross,1,0.00,1988-01-01
38200000,80,1,Anti-freezing preparations and prepared de-icing fluids,Fr. per 100 kg gross,1,0.00,1988-01-01
38210000,80,1,"Prepared culture media for the development or maintenance of micro-organisms (including viruses and the like) or of plant, human or animal cells",Fr. per 100 kg gross,1,0.00,1988-01-01
3822,80,1,"Diagnostic or laboratory reagents on a backing, prepared diagnostic or laboratory reagents whether or not on a backing, whether or not put up in the form of kits, other than those of heading 3006; certified reference materials:",,0,,1996-01-01
,10,2,"diagnostic or laboratory reagents on a backing, prepared diagnostic or laboratory reagents whether or not on a backing, whether or not put up in the form of kits:",,,,2022-01-01
38221100,80,3,for malaria,Fr. per 100 kg gross,1,0.00,2022-01-01
38221200,80,3,for Zika and other diseases transmitted by mosquitoes of the genus Aedes,Fr. per 100 kg gross,1,0.00,2022-01-01
38221300,80,3,for blood-grouping,Fr. per 100 kg gross,1,0.00,2022-01-01
38221900,80,3,other,Fr. per 100 kg gross,1,0.00,2022-01-01
38229000,80,2,other,Fr. per 100 kg gross,1,0.00,2022-01-01
3823,80,1,Industrial monocarboxylic fatty acids; acid oils from refining; industrial fatty alcohols:,,0,,1996-01-01
,10,2,industrial monocarboxylic fatty acids; acid oils from refining:,,,,1996-01-01
382311,80,3,stearic acid:,,0,,1996-01-01
38231110,80,4,for animal feeding,Fr. per 100 kg gross,1,72.00,1996-01-01
38231190,80,4,other,Fr. per 100 kg gross,1,0.00,1996-01-01
382312,80,3,oleic acid:,,0,,1996-01-01
38231210,80,4,for animal feeding,Fr. per 100 kg gross,1,69.00,1996-01-01
38231290,80,4,other,Fr. per 100 kg gross,1,0.00,1996-01-01
38231300,80,3,tall oil fatty acids,Fr. per 100 kg gross,1,0.00,1996-01-01
382319,80,3,other:,,0,,1996-01-01
38231910,80,4,for animal feeding,Fr. per 100 kg gross,1,60.00,1996-01-01
38231990,80,4,other,Fr. per 100 kg gross,1,0.00,1996-01-01
38237000,80,2,industrial fatty alcohols,Fr. per 100 kg gross,1,0.00,1996-01-01
3824,80,1,"Prepared binders for foundry moulds or cores; chemical products and preparations of the chemical or allied industries (including those consisting of mixtures of natural products), not elsewhere specified or included:",,0,,1996-01-01
382410,80,2,prepared binders for foundry moulds or cores:,,0,,1996-01-01
38241010,80,3,for animal feeding,Fr. per 100 kg gross,1,43.00,1996-01-01
38241090,80,3,other,Fr. per 100 kg gross,1,0.00,1996-01-01
38243000,80,2,non-agglomerated metal carbides mixed together or with metallic binders,Fr. per 100 kg gross,1,0.00,1996-01-01
38244000,80,2,"prepared additives for cements, mortars or concretes",Fr. per 100 kg gross,1,0.00,1996-01-01
38245000,80,2,non-refractory mortars and concretes,Fr. per 100 kg gross,1,0.00,1996-01-01
38246000,80,2,sorbitol other than that of subheading 2905.44,Fr. per 100 kg gross,1,0.00,1996-01-01
,10,2,goods specified in Subheading Note 3 to this Chapter:,,,,2017-01-01
38248100,80,3,containing oxirane (ethylene oxide),Fr. per 100 kg gross,1,0.00,2007-01-01
38248200,80,3,"containing polychlorinated biphenyls (PCBs), polychlorinated terphenyls (PCTs) or polybrominated biphenyls (PBBs)",Fr. per 100 kg gross,1,0.00,2007-01-01
38248300,80,3,"containing tris(2,3-dibromopropyl) phosphate",Fr. per 100 kg gross,1,0.00,2007-01-01
38248400,80,3,"containing aldrin (ISO), camphechlor (ISO) (toxaphene), chlordane (ISO), chlordecone (ISO), DDT (ISO) (clofenotane (INN), 1,1,1-trichloro-2,2-bis(p-chlorophenyl)ethane), dieldrin (ISO, INN), endosulfan (ISO), endrin (ISO), heptachlor (ISO) or mirex (ISO)",Fr. per 100 kg gross,1,0.00,2017-01-01
38248500,80,3,"containing 1,2,3,4,5,6-hexachlorocyclohexane (HCH (ISO)), including lindane (ISO, INN)",Fr. per 100 kg gross,1,0.00,2017-01-01
38248600,80,3,containing pentachlorobenzene (ISO) or hexachlorobenzene (ISO),Fr. per 100 kg gross,1,0.00,2017-01-01
38248700,80,3,"containing perfluorooctane sulphonic acid, its salts, perfluorooctane sulphonamides, or perfluorooctane sulphonyl fluoride",Fr. per 100 kg gross,1,0.00,2017-01-01
38248800,80,3,"containing tetra-, penta-, hexa-, hepta- or octabromodiphenyl ethers",Fr. per 100 kg gross,1,0.00,2017-01-01
38248900,80,3,containing short-chain chlorinated paraffins,Fr. per 100 kg gross,1,0.00,2022-01-01
,10,2,other:,,,,2017-01-01
38249100,80,3,"mixtures and preparations consisting mainly of (5-ethyl-2-methyl-2-oxido-1,3,2-dioxaphosphinan-5-yl)methyl methyl methylphosphonate and bis[(5-ethyl-2-methyl-2-oxido-1,3,2-dioxaphosphinan-5-yl)methyl] methylphosphonate",Fr. per 100 kg gross,1,0.00,2017-01-01
38249200,80,3,polyglycol esters of methylphosphonic acid,Fr. per 100 kg gross,1,0.00,2022-01-01
382499,80,3,other:,,0,,2017-01-01
38249920,80,4,for use as fuel,Fr. per 100 kg gross,1,0.00,2017-01-01
,10,4,other:,,,,2017-01-01
38249991,80,5,for animal feeding,Fr. per 100 kg gross,1,43.00,2017-01-01
38249999,80,5,other,Fr. per 100 kg gross,1,0.00,2017-01-01
3825,80,1,"Residual products of the chemical or allied industries, not elsewhere specified or included; municipal waste; sewage sludge; other wastes specified in Note 6 to this Chapter:",,0,,2002-01-01
38251000,80,2,municipal waste,Fr. per 100 kg gross,1,0.00,2002-01-01
38252000,80,2,sewage sludge,Fr. per 100 kg gross,1,0.00,2002-01-01
38253000,80,2,clinical waste,Fr. per 100 kg gross,1,0.00,2002-01-01
,10,2,waste organic solvents:,,,,2002-01-01
38254100,80,3,halogenated,Fr. per 100 kg gross,1,0.00,2002-01-01
38254900,80,3,other,Fr. per 100 kg gross,1,0.00,2002-01-01
38255000,80,2,"wastes of metal pickling liquors, hydraulic fluids, brake fluids and anti-freeze fluids",Fr. per 100 kg gross,1,0.00,2002-01-01
,10,2,other wastes from chemical or allied industries:,,,,2002-01-01
38256100,80,3,mainly containing organic constituents,Fr. per 100 kg gross,1,0.00,2002-01-01
38256900,80,3,other,Fr. per 100 kg gross,1,0.00,2002-01-01
382590,80,2,other:,,0,,2002-01-01
38259010,80,3,for animal feeding,Fr. per 100 kg gross,1,42.00,2002-01-01
38259090,80,3,other,Fr. per 100 kg gross,1,0.00,2002-01-01
3826,80,1,"Biodiesel and mixtures thereof, not containing or containing less than 70 % by weight of petroleum oils or oils obtained from bituminous minerals:",,0,,2012-01-01
38260010,80,2,for use as fuel,Fr. per 100 kg gross,1,0.00,2012-01-01
38260090,80,2,other,Fr. per 100 kg gross,1,0.00,2012-01-01
3827,80,1,"Mixtures containing halogenated derivatives of methane, ethane or propane, not elsewhere specified or included:",,0,,2022-01-01
,10,2,"containing chlorofluorocarbons (CFCs), whether or not containing hydrochlorofluorocarbons (HCFCs), perfluorocarbons (PFCs) or hydrofluorocarbons (HFCs); containing hydrobromofluorocarbons (HBFCs); containing carbon tetrachloride; containing 1,1,1-trichloroethane (methyl chloroform):",,,,2022-01-01
38271100,80,3,"containing chlorofluorocarbons (CFCs), whether or not containing hydrochlorofluorocarbons (HCFCs), perfluorocarbons (PFCs) or hydrofluorocarbons (HFCs)",Fr. per 100 kg gross,1,0.00,2022-01-01
38271200,80,3,containing hydrobromofluorocarbons (HBFCs),Fr. per 100 kg gross,1,0.00,2022-01-01
38271300,80,3,containing carbon tetrachloride,Fr. per 100 kg gross,1,0.00,2022-01-01
38271400,80,3,"containing 1,1,1-trichloroethane (methyl chloroform)",Fr. per 100 kg gross,1,0.00,2022-01-01
38272000,80,2,"containing bromochlorodifluoromethane (Halon-1211), bromotrifluoromethane (Halon-1301) or dibromotetrafluoroethanes (Halon-2402)",Fr. per 100 kg gross,1,0.00,2022-01-01
,10,2,"containing hydrochlorofluorocarbons (HCFCs), whether or not containing perfluorocarbons (PFCs) or hydrofluorocarbons (HFCs), but not containing chlorofluorocarbons (CFCs):",,,,2022-01-01
38273100,80,3,containing substances of subheadings 2903.41 to 2903.48,Fr. per 100 kg gross,1,0.00,2022-01-01
38273200,80,3,"other, containing substances of subheadings 2903.71 to 2903.75",Fr. per 100 kg gross,1,0.00,2022-01-01
38273900,80,3,other,Fr. per 100 kg gross,1,0.00,2022-01-01
38274000,80,2,containing methyl bromide (bromomethane) or bromochloromethane,Fr. per 100 kg gross,1,0.00,2022-01-01
,10,2,containing trifluoromethane (HFC-23) or perfluorocarbons (PFCs) but not containing chlorofluorocarbons (CFCs) or hydrochlorofluorocarbons (HCFCs):,,,,2022-01-01
38275100,80,3,containing trifluoromethane (HFC-23),Fr. per 100 kg gross,1,0.00,2022-01-01
38275900,80,3,other,Fr. per 100 kg gross,1,0.00,2022-01-01
,10,2,containing other hydrofluorocarbons (HFCs) but not containing chlorofluorocarbons (CFCs) or hydrochlorofluorocarbons (HCFCs):,,,,2022-01-01
38276100,80,3,"containing 15 % or more by mass of 1,1,1-trifluoroethane (HFC-143a)",Fr. per 100 kg gross,1,0.00,2022-01-01
38276200,80,3,"other, not included in the subheading above, containing 55 % or more by mass of pentafluoroethane (HFC-125) but not containing unsaturated fluorinated derivatives of acyclic hydrocarbons (HFOs)",Fr. per 100 kg gross,1,0.00,2022-01-01
38276300,80,3,"other, not included in the subheadings above, containing 40 % or more by mass of pentafluoroethane (HFC-125)",Fr. per 100 kg gross,1,0.00,2022-01-01
38276400,80,3,"other, not included in the subheadings above, containing 30 % or more by mass of 1,1,1,2-tetrafluoroethane (HFC-134a) but not containing unsaturated fluorinated derivatives of acyclic hydrocarbons (HFOs)",Fr. per 100 kg gross,1,0.00,2022-01-01
38276500,80,3,"other, not included in the subheadings above, containing 20 % or more by mass of difluoromethane (HFC-32) and 20 % or more by mass of pentafluoroethane (HFC-125)",Fr. per 100 kg gross,1,0.00,2022-01-01
38276800,80,3,"other, not included in the subheadings above, containing substances of subheadings 2903.41 to 2903.48",Fr. per 100 kg gross,1,0.00,2022-01-01
38276900,80,3,other,Fr. per 100 kg gross,1,0.00,2022-01-01
38279000,80,2,other,Fr. per 100 kg gross,1,0.00,2022-01-01
39,80,0,Plastics and articles thereof,,0,,1988-01-01
3901,80,1,"Polymers of ethylene, in primary forms:",,0,,1988-01-01
39011000,80,2,polyethylene having a specific gravity of less than 0.94,Fr. per 100 kg gross,1,0.00,1988-01-01
39012000,80,2,polyethylene having a specific gravity of 0.94 or more,Fr. per 100 kg gross,1,0.00,1988-01-01
39013000,80,2,ethylene-vinyl acetate copolymers,Fr. per 100 kg gross,1,0.00,1988-01-01
39014000,80,2,"ethylene-alpha-olefin copolymers, having a specific gravity of less than 0.94",Fr. per 100 kg gross,1,0.00,2017-01-01
39019000,80,2,other,Fr. per 100 kg gross,1,0.00,2024-01-01
3902,80,1,"Polymers of propylene or of other olefins, in primary forms:",,0,,1988-01-01
39021000,80,2,polypropylene,Fr. per 100 kg gross,1,0.00,1988-01-01
39022000,80,2,polyisobutylene,Fr. per 100 kg gross,1,0.00,1988-01-01
39023000,80,2,propylene copolymers,Fr. per 100 kg gross,1,0.00,1988-01-01
39029000,80,2,other,Fr. per 100 kg gross,1,0.00,2024-01-01
3903,80,1,"Polymers of styrene, in primary forms:",,0,,1988-01-01
,10,2,polystyrene:,,,,1988-01-01
39031100,80,3,expansible,Fr. per 100 kg gross,1,0.00,1988-01-01
39031900,80,3,other,Fr. per 100 kg gross,1,0.00,1988-01-01
39032000,80,2,styrene-acrylonitrile (SAN) copolymers,Fr. per 100 kg gross,1,0.00,1988-01-01
39033000,80,2,acrylonitrile-butadiene-styrene (ABS) copolymers,Fr. per 100 kg gross,1,0.00,1988-01-01
39039000,80,2,other,Fr. per 100 kg gross,1,0.00,1988-01-01
3904,80,1,"Polymers of vinyl chloride or of other halogenated olefins, in primary forms:",,0,,1988-01-01
39041000,80,2,"poly(vinyl chloride), not mixed with any other substances",Fr. per 100 kg gross,1,0.00,1988-01-01
,10,2,other poly(vinyl chloride):,,,,1988-01-01
39042100,80,3,non-plasticised,Fr. per 100 kg gross,1,0.00,1988-01-01
39042200,80,3,plasticised,Fr. per 100 kg gross,1,0.00,1988-01-01
39043000,80,2,vinyl chloride-vinyl acetate copolymers,Fr. per 100 kg gross,1,0.00,1988-01-01
39044000,80,2,other vinyl chloride copolymers,Fr. per 100 kg gross,1,0.00,1988-01-01
39045000,80,2,vinylidene chloride polymers,Fr. per 100 kg gross,1,0.00,1988-01-01
,10,2,fluoro-polymers:,,,,1988-01-01
39046100,80,3,polytetrafluoroethylene,Fr. per 100 kg gross,1,0.00,1997-10-01
39046900,80,3,other,Fr. per 100 kg gross,1,0.00,1988-01-01
39049000,80,2,other,Fr. per 100 kg gross,1,0.00,1988-01-01
3905,80,1,"Polymers of vinyl acetate or of other vinyl esters, in primary forms; other vinyl polymers in primary forms:",,0,,1988-01-01
,10,2,poly(vinyl acetate):,,,,1988-01-01
39051200,80,3,in aqueous dispersion,Fr. per 100 kg gross,1,0.00,1996-01-01
39051900,80,3,other,Fr. per 100 kg gross,1,0.00,1988-01-01
,10,2,vinyl acetate copolymers:,,,,1996-01-01
39052100,80,3,in aqueous dispersion,Fr. per 100 kg gross,1,0.00,1996-01-01
39052900,80,3,other,Fr. per 100 kg gross,1,0.00,1996-01-01
39053000,80,2,"poly(vinyl alcohol), whether or not containing unhydrolysed acetate groups",Fr. per 100 kg gross,1,0.00,1996-01-01
,10,2,other:,,,,1996-01-01
39059100,80,3,copolymers,Fr. per 100 kg gross,1,0.00,1996-01-01
39059900,80,3,other,Fr. per 100 kg gross,1,0.00,2024-01-01
3906,80,1,Acrylic polymers in primary forms:,,0,,1988-01-01
39061000,80,2,poly(methyl methacrylate),Fr. per 100 kg gross,1,0.00,1988-01-01
39069000,80,2,other,Fr. per 100 kg gross,1,0.00,2024-01-01
3907,80,1,"Polyacetals, other polyethers and epoxide resins, in primary forms; polycarbonates, alkyd resins, polyallyl esters and other polyesters, in primary forms:",,0,,1988-01-01
39071000,80,2,polyacetals,Fr. per 100 kg gross,1,0.00,2024-01-01
,10,2,other polyethers:,,,,2022-01-01
39072100,80,3,bis(polyoxyethylene) methylphosphonate,Fr. per 100 kg gross,1,0.00,2022-01-01
39072900,80,3,other,Fr. per 100 kg gross,1,0.00,2024-01-01
39073000,80,2,epoxide resins,Fr. per 100 kg gross,1,0.00,2024-01-01
39074000,80,2,polycarbonates,Fr. per 100 kg gross,1,0.00,1988-01-01
39075000,80,2,alkyd resins,Fr. per 100 kg gross,1,0.00,1988-01-01
,10,2,poly(ethylene terephthalate):,,,,2017-01-01
39076100,80,3,having a viscosity number of 78 ml/g or higher,Fr. per 100 kg gross,1,0.00,2017-01-01
39076900,80,3,other,Fr. per 100 kg gross,1,0.00,2017-01-01
39077000,80,2,poly(lactic acid),Fr. per 100 kg gross,1,0.00,2007-01-01
,10,2,other polyesters:,,,,1988-01-01
39079100,80,3,unsaturated,Fr. per 100 kg gross,1,0.00,1988-01-01
39079900,80,3,other,Fr. per 100 kg gross,1,0.00,2024-01-01
3908,80,1,Polyamides in primary forms:,,0,,1988-01-01
39081000,80,2,"polyamide-6, -11, -12, -6,6, -6,9, -6,10 or -6,12",Fr. per 100 kg gross,1,0.00,1997-10-01
39089000,80,2,other,Fr. per 100 kg gross,1,0.00,1989-01-01
3909,80,1,"Amino-resins, phenolic resins and polyurethanes, in primary forms:",,0,,1988-01-01
39091000,80,2,urea resins; thiourea resins,Fr. per 100 kg gross,1,0.00,2024-01-01
39092000,80,2,melamine resins,Fr. per 100 kg gross,1,0.00,1988-01-01
,10,2,other amino-resins:,,,,2017-01-01
39093100,80,3,"poly(methylene phenyl isocyanate) (crude MDI, polymeric MDI)",Fr. per 100 kg gross,1,0.00,2017-01-01
39093900,80,3,other,Fr. per 100 kg gross,1,0.00,2017-01-01
39094000,80,2,phenolic resins,Fr. per 100 kg gross,1,0.00,2024-01-01
39095000,80,2,polyurethanes,Fr. per 100 kg gross,1,0.00,1988-01-01
39100000,80,1,Silicones in primary forms,Fr. per 100 kg gross,1,0.00,1997-10-01
3911,80,1,"Petroleum resins, coumarone-indene resins, polyterpenes, polysulphides, polysulphones and other products specified in Note 3 to this Chapter, not elsewhere specified or included, in primary forms:",,0,,1988-01-01
39111000,80,2,"petroleum resins, coumarone, indene or coumarone-indene resins and polyterpenes",Fr. per 100 kg gross,1,0.00,2024-01-01
39112000,80,2,"poly(1,3-phenylene methylphosphonate)",Fr. per 100 kg gross,1,0.00,2022-01-01
39119000,80,2,other,Fr. per 100 kg gross,1,0.00,2024-01-01
3912,80,1,"Cellulose and its chemical derivatives, not elsewhere specified or included, in primary forms:",,0,,1988-01-01
,10,2,cellulose acetates:,,,,1988-01-01
39121100,80,3,non-plasticised,Fr. per 100 kg gross,1,0.00,1988-01-01
39121200,80,3,plasticised,Fr. per 100 kg gross,1,0.00,1988-01-01
39122000,80,2,cellulose nitrates (including collodions),Fr. per 100 kg gross,1,0.00,1997-10-01
,10,2,cellulose ethers:,,,,1988-01-01
39123100,80,3,carboxymethylcellulose and its salts,Fr. per 100 kg gross,1,0.00,2024-01-01
39123900,80,3,other,Fr. per 100 kg gross,1,0.00,2024-01-01
39129000,80,2,other,Fr. per 100 kg gross,1,0.00,2024-01-01
3913,80,1,"Natural polymers (for example, alginic acid) and modified natural polymers (for example, hardened proteins, chemical derivatives of natural rubber), not elsewhere specified or included, in primary forms:",,0,,1988-01-01
39131000,80,2,"alginic acid, its salts and esters",Fr. per 100 kg gross,1,0.00,1988-01-01
39139000,80,2,other,Fr. per 100 kg gross,1,0.00,2024-01-01
39140000,80,1,"Ion-exchangers based on polymers of headings 3901 to 3913, in primary forms",Fr. per 100 kg gross,1,0.00,2024-01-01
3915,80,1,"Waste, parings and scrap, of plastics:",,0,,1988-01-01
39151000,80,2,of polymers of ethylene,Fr. per 100 kg gross,1,0.00,1988-01-01
39152000,80,2,of polymers of styrene,Fr. per 100 kg gross,1,0.00,1988-01-01
39153000,80,2,of polymers of vinyl chloride,Fr. per 100 kg gross,1,0.00,1988-01-01
39159000,80,2,other,Fr. per 100 kg gross,1,0.00,1988-01-01
3916,80,1,"Monofilament of which any cross-sectional dimension exceeds 1 mm, rods, sticks and profile shapes, whether or not surface-worked but not otherwise worked, of plastics:",,0,,1988-01-01
39161000,80,2,of polymers of ethylene,Fr. per 100 kg gross,1,0.00,1988-01-01
39162000,80,2,of polymers of vinyl chloride,Fr. per 100 kg gross,1,0.00,1988-01-01
39169000,80,2,of other plastics,Fr. per 100 kg gross,1,0.00,1988-01-01
3917,80,1,"Tubes, pipes and hoses, and fittings therefor (for example, joints, elbows, flanges), of plastics:",,0,,1988-01-01
39171000,80,2,artificial guts (sausage casings) of hardened protein or of cellulosic materials,Fr. per 100 kg gross,1,0.00,1988-01-01
,10,2,"tubes, pipes and hoses, rigid:",,,,1988-01-01
39172100,80,3,of polymers of ethylene,Fr. per 100 kg gross,1,0.00,1988-01-01
39172200,80,3,of polymers of propylene,Fr. per 100 kg gross,1,0.00,1988-01-01
39172300,80,3,of polymers of vinyl chloride,Fr. per 100 kg gross,1,0.00,1988-01-01
39172900,80,3,of other plastics,Fr. per 100 kg gross,1,0.00,1988-01-01
,10,2,"other tubes, pipes and hoses:",,,,1988-01-01
39173100,80,3,"flexible tubes, pipes and hoses, having a minimum burst pressure of 27.6 MPa",Fr. per 100 kg gross,1,0.00,1988-01-01
39173200,80,3,"other, not reinforced or otherwise combined with other materials, without fittings",Fr. per 100 kg gross,1,0.00,1988-01-01
39173300,80,3,"other, not reinforced or otherwise combined with other materials, with fittings",Fr. per 100 kg gross,1,0.00,1988-01-01
39173900,80,3,other,Fr. per 100 kg gross,1,0.00,1988-01-01
39174000,80,2,fittings,Fr. per 100 kg gross,1,0.00,1988-01-01
3918,80,1,"Floor coverings of plastics, whether or not self-adhesive, in rolls or in the form of tiles; wall or ceiling coverings of plastics, as defined in Note 9 to this Chapter:",,0,,1988-01-01
39181000,80,2,of polymers of vinyl chloride,Fr. per 100 kg gross,1,0.00,1988-01-01
39189000,80,2,of other plastics,Fr. per 100 kg gross,1,0.00,1988-01-01
3919,80,1,"Self-adhesive plates, sheets, film, foil, tape, strip and other flat shapes, of plastics, whether or not in rolls:",,0,,1988-01-01
39191000,80,2,in rolls of a width not exceeding 20 cm,Fr. per 100 kg gross,1,0.00,2024-01-01
39199000,80,2,other,Fr. per 100 kg gross,1,0.00,2024-01-01
3920,80,1,"Other plates, sheets, film, foil and strip, of plastics, non-cellular and not reinforced, laminated, supported or similarly combined with other materials:",,0,,1988-01-01
39201000,80,2,of polymers of ethylene,Fr. per 100 kg gross,1,0.00,1988-01-01
39202000,80,2,of polymers of propylene,Fr. per 100 kg gross,1,0.00,1988-01-01
39203000,80,2,of polymers of styrene,Fr. per 100 kg gross,1,0.00,1988-01-01
,10,2,of polymers of vinyl chloride:,,,,2002-01-01
39204300,80,3,containing by weight not less than 6 % of plasticisers,Fr. per 100 kg gross,1,0.00,2002-01-01
39204900,80,3,other,Fr. per 100 kg gross,1,0.00,2002-01-01
,10,2,of acrylic polymers:,,,,1988-01-01
39205100,80,3,of poly(methyl methacrylate),Fr. per 100 kg gross,1,0.00,2024-01-01
39205900,80,3,other,Fr. per 100 kg gross,1,0.00,1988-01-01
,10,2,"of polycarbonates, alkyd resins, polyallyl esters or other polyesters:",,,,1988-01-01
39206100,80,3,of polycarbonates,Fr. per 100 kg gross,1,0.00,1988-01-01
39206200,80,3,of poly(ethylene terephthalate),Fr. per 100 kg gross,1,0.00,1988-01-01
39206300,80,3,of unsaturated polyesters,Fr. per 100 kg gross,1,0.00,1988-01-01
39206900,80,3,of other polyesters,Fr. per 100 kg gross,1,0.00,1988-01-01
,10,2,of cellulose or its chemical derivatives:,,,,1988-01-01
39207100,80,3,of regenerated cellulose,Fr. per 100 kg gross,1,0.00,2024-01-01
39207300,80,3,of cellulose acetate,Fr. per 100 kg gross,1,0.00,1988-01-01
39207900,80,3,of other cellulose derivatives,Fr. per 100 kg gross,1,0.00,2024-01-01
,10,2,of other plastics:,,,,1988-01-01
39209100,80,3,of poly(vinyl butyral),Fr. per 100 kg gross,1,0.00,1988-01-01
39209200,80,3,of polyamides,Fr. per 100 kg gross,1,0.00,1988-01-01
39209300,80,3,of amino-resins,Fr. per 100 kg gross,1,0.00,1988-01-01
39209400,80,3,of phenolic resins,Fr. per 100 kg gross,1,0.00,1988-01-01
39209900,80,3,of other plastics,Fr. per 100 kg gross,1,0.00,1988-01-01
3921,80,1,"Other plates, sheets, film, foil and strip, of plastics:",,0,,1988-01-01
,10,2,cellular:,,,,1988-01-01
39211100,80,3,of polymers of styrene,Fr. per 100 kg gross,1,0.00,1988-01-01
39211200,80,3,of polymers of vinyl chloride,Fr. per 100 kg gross,1,0.00,1988-01-01
39211300,80,3,of polyurethanes,Fr. per 100 kg gross,1,0.00,1988-01-01
39211400,80,3,of regenerated cellulose,Fr. per 100 kg gross,1,0.00,1988-01-01
39211900,80,3,of other plastics,Fr. per 100 kg gross,1,0.00,1988-01-01
39219000,80,2,other,Fr. per 100 kg gross,1,0.00,1988-01-01
3922,80,1,"Baths, shower-baths, sinks, wash-basins, bidets, lavatory pans, seats and covers, flushing cisterns and similar sanitary ware, of plastics:",,0,,1988-01-01
39221000,80,2,"baths, shower-baths, sinks and wash-basins",Fr. per 100 kg gross,1,0.00,1988-01-01
39222000,80,2,lavatory seats and covers,Fr. per 100 kg gross,1,0.00,1988-01-01
39229000,80,2,other,Fr. per 100 kg gross,1,0.00,1988-01-01
3923,80,1,"Articles for the conveyance or packing of goods, of plastics; stoppers, lids, caps and other closures, of plastics:",,0,,1988-01-01
39231000,80,2,"boxes, cases, crates and similar articles",Fr. per 100 kg gross,1,0.00,2024-01-01
,10,2,sacks and bags (including cones):,,,,1988-01-01
39232100,80,3,of polymers of ethylene,Fr. per 100 kg gross,1,0.00,1988-01-01
39232900,80,3,of other plastics,Fr. per 100 kg gross,1,0.00,1988-01-01
39233000,80,2,"carboys, bottles, flasks and similar articles",Fr. per 100 kg gross,1,0.00,1988-01-01
39234000,80,2,"spools, cops, bobbins and similar supports",Fr. per 100 kg gross,1,0.00,1988-01-01
39235000,80,2,"stoppers, lids, caps and other closures",Fr. per 100 kg gross,1,0.00,2024-01-01
39239000,80,2,other,Fr. per 100 kg gross,1,0.00,1988-01-01
3924,80,1,"Tableware, kitchenware, other household articles and hygienic or toilet articles, of plastics:",,0,,1988-01-01
39241000,80,2,tableware and kitchenware,Fr. per 100 kg gross,1,0.00,1988-01-01
39249000,80,2,other,Fr. per 100 kg gross,1,0.00,1988-01-01
3925,80,1,"Builders' ware of plastics, not elsewhere specified or included:",,0,,1988-01-01
39251000,80,2,"reservoirs, tanks, vats and similar containers, of a capacity exceeding 300 litres",Fr. per 100 kg gross,1,0.00,1988-01-01
39252000,80,2,"doors, windows and their frames and thresholds for doors",Fr. per 100 kg gross,1,0.00,1988-01-01
39253000,80,2,"shutters, blinds (including Venetian blinds) and similar articles and parts thereof",Fr. per 100 kg gross,1,0.00,1988-01-01
39259000,80,2,other,Fr. per 100 kg gross,1,0.00,1988-01-01
3926,80,1,Other articles of plastics and articles of other materials of headings 3901 to 3914:,,0,,1988-01-01
39261000,80,2,office or school supplies,Fr. per 100 kg gross,1,0.00,1988-01-01
39262000,80,2,"articles of apparel and clothing accessories (including gloves, mittens and mitts)",Fr. per 100 kg gross,1,0.00,2024-01-01
39263000,80,2,"fittings for furniture, coachwork or the like",Fr. per 100 kg gross,1,0.00,1988-01-01
39264000,80,2,statuettes and other ornamental articles,Fr. per 100 kg gross,1,0.00,1988-01-01
39269000,80,2,other,Fr. per 100 kg gross,1,0.00,1988-01-01
40,80,0,Rubber and articles thereof,,0,,1988-01-01
4001,80,1,"Natural rubber, balata, gutta-percha, guayule, chicle and similar natural gums, in primary forms or in plates, sheets or strip:",,0,,1988-01-01
40011000,80,2,"natural rubber latex, whether or not pre-vulcanised",Fr. per 100 kg gross,1,0.00,1988-01-01
,10,2,natural rubber in other forms:,,,,1988-01-01
40012100,80,3,smoked sheets,Fr. per 100 kg gross,1,0.00,1988-01-01
40012200,80,3,technically specified natural rubber (TSNR),Fr. per 100 kg gross,1,0.00,1988-01-01
40012900,80,3,other,Fr. per 100 kg gross,1,0.00,1988-01-01
40013000,80,2,"balata, gutta-percha, guayule, chicle and similar natural gums",Fr. per 100 kg gross,1,0.00,1988-01-01
4002,80,1,"Synthetic rubber and factice derived from oils, in primary forms or in plates, sheets or strip; mixtures of any product of heading 4001 with any product of this heading, in primary forms or in plates, sheets or strip:",,0,,1988-01-01
,10,2,styrene-butadiene rubber (SBR); carboxylated styrene-butadiene rubber (XSBR):,,,,1988-01-01
40021100,80,3,latex,Fr. per 100 kg gross,1,0.00,1988-01-01
40021900,80,3,other,Fr. per 100 kg gross,1,0.00,1988-01-01
40022000,80,2,butadiene rubber (BR),Fr. per 100 kg gross,1,0.00,1988-01-01
,10,2,isobutene-isoprene (butyl) rubber (IIR); halo-isobutene-isoprene rubber (CIIR or BIIR):,,,,1988-01-01
40023100,80,3,isobutene-isoprene (butyl) rubber (IIR),Fr. per 100 kg gross,1,0.00,1988-01-01
40023900,80,3,other,Fr. per 100 kg gross,1,0.00,1988-01-01
,10,2,chloroprene (chlorobutadiene) rubber (CR):,,,,1988-01-01
40024100,80,3,latex,Fr. per 100 kg gross,1,0.00,1988-01-01
40024900,80,3,other,Fr. per 100 kg gross,1,0.00,1988-01-01
,10,2,acrylonitrile-butadiene rubber (NBR):,,,,1988-01-01
40025100,80,3,latex,Fr. per 100 kg gross,1,0.00,1988-01-01
40025900,80,3,other,Fr. per 100 kg gross,1,0.00,1988-01-01
40026000,80,2,isoprene rubber (IR),Fr. per 100 kg gross,1,0.00,1988-01-01
40027000,80,2,ethylene-propylene-non-conjugated diene rubber (EPDM),Fr. per 100 kg gross,1,0.00,1988-01-01
40028000,80,2,mixtures of any product of heading 4001 with any product of this heading,Fr. per 100 kg gross,1,0.00,1988-01-01
,10,2,other:,,,,1988-01-01
40029100,80,3,latex,Fr. per 100 kg gross,1,0.00,1988-01-01
40029900,80,3,other,Fr. per 100 kg gross,1,0.00,1988-01-01
40030000,80,1,"Reclaimed rubber in primary forms or in plates, sheets or strip",Fr. per 100 kg gross,1,0.00,1988-01-01
40040000,80,1,"Waste, parings and scrap of rubber (other than hard rubber) and powders and granules obtained therefrom",Fr. per 100 kg gross,1,0.00,1988-01-01
4005,80,1,"Compounded rubber, unvulcanised, in primary forms or in plates, sheets or strip:",,0,,1988-01-01
40051000,80,2,compounded with carbon black or silica,Fr. per 100 kg gross,1,0.00,1988-01-01
40052000,80,2,solutions; dispersions other than those of subheading 4005.10,Fr. per 100 kg gross,1,0.00,1988-01-01
,10,2,other:,,,,1988-01-01
40059100,80,3,"plates, sheets and strip",Fr. per 100 kg gross,1,0.00,1988-01-01
40059900,80,3,other,Fr. per 100 kg gross,1,0.00,1988-01-01
4006,80,1,"Other forms (for example, rods, tubes and profile shapes) and articles (for example, discs and rings), of unvulcanised rubber:",,0,,1988-01-01
40061000,80,2,«Camel-back» strips for retreading rubber tyres,Fr. per 100 kg gross,1,0.00,1988-01-01
40069000,80,2,other,Fr. per 100 kg gross,1,0.00,1988-01-01
40070000,80,1,Vulcanised rubber thread and cord,Fr. per 100 kg gross,1,0.00,1988-01-01
4008,80,1,"Plates, sheets, strip, rods and profile shapes, of vulcanised rubber other than hard rubber:",,0,,1988-01-01
,10,2,of cellular rubber:,,,,1988-01-01
40081100,80,3,"plates, sheets and strip",Fr. per 100 kg gross,1,0.00,2024-01-01
40081900,80,3,other,Fr. per 100 kg gross,1,0.00,2024-01-01
,10,2,of non-cellular rubber:,,,,1988-01-01
40082100,80,3,"plates, sheets and strip",Fr. per 100 kg gross,1,0.00,2024-01-01
40082900,80,3,other,Fr. per 100 kg gross,1,0.00,2024-01-01
4009,80,1,"Tubes, pipes and hoses, of vulcanised rubber other than hard rubber, with or without their fittings (for example, joints, elbows, flanges):",,0,,1988-01-01
,10,2,not reinforced or otherwise combined with other materials:,,,,2002-01-01
40091100,80,3,without fittings,Fr. per 100 kg gross,1,0.00,2002-01-01
40091200,80,3,with fittings,Fr. per 100 kg gross,1,0.00,2002-01-01
,10,2,reinforced or otherwise combined only with metal:,,,,2002-01-01
40092100,80,3,without fittings,Fr. per 100 kg gross,1,0.00,2002-01-01
40092200,80,3,with fittings,Fr. per 100 kg gross,1,0.00,2002-01-01
,10,2,reinforced or otherwise combined only with textile materials:,,,,2002-01-01
40093100,80,3,without fittings,Fr. per 100 kg gross,1,0.00,2002-01-01
40093200,80,3,with fittings,Fr. per 100 kg gross,1,0.00,2002-01-01
,10,2,reinforced or otherwise combined with other materials:,,,,2002-01-01
40094100,80,3,without fittings,Fr. per 100 kg gross,1,0.00,2002-01-01
40094200,80,3,with fittings,Fr. per 100 kg gross,1,0.00,2002-01-01
4010,80,1,"Conveyor or transmission belts or belting, of vulcanised rubber:",,0,,1988-01-01
,10,2,conveyor belts or belting:,,,,1996-01-01
40101100,80,3,reinforced only with metal,Fr. per 100 kg gross,1,0.00,1996-01-01
40101200,80,3,reinforced only with textile materials,Fr. per 100 kg gross,1,0.00,1996-01-01
40101900,80,3,other,Fr. per 100 kg gross,1,0.00,1996-01-01
,10,2,transmission belts or belting:,,,,2002-01-01
40103100,80,3,"endless transmission belts of trapezoidal cross-section (V-belts), V-ribbed, of an outside circumference exceeding 60 cm but not exceeding 180 cm",Fr. per 100 kg gross,1,0.00,2002-01-01
40103200,80,3,"endless transmission belts of trapezoidal cross-section (V-belts), other than V-ribbed, of an outside circumference exceeding 60 cm but not exceeding 180 cm",Fr. per 100 kg gross,1,0.00,2002-01-01
40103300,80,3,"endless transmission belts of trapezoidal cross-section (V-belts), V-ribbed, of an outside circumference exceeding 180 cm but not exceeding 240 cm",Fr. per 100 kg gross,1,0.00,2002-01-01
40103400,80,3,"endless transmission belts of trapezoidal cross-section (V-belts), other than V-ribbed, of an outside circumference exceeding 180 cm but not exceeding 240 cm",Fr. per 100 kg gross,1,0.00,2002-01-01
40103500,80,3,"endless synchronous belts, of an outside circumference exceeding 60 cm but not exceeding 150 cm",Fr. per 100 kg gross,1,0.00,2002-01-01
40103600,80,3,"endless synchronous belts, of an outside circumference exceeding 150 cm but not exceeding 198 cm",Fr. per 100 kg gross,1,0.00,2002-01-01
40103900,80,3,other,Fr. per 100 kg gross,1,0.00,2002-01-01
4011,80,1,"New pneumatic tyres, of rubber:",,0,,1988-01-01
40111000,80,2,of a kind used on motor cars (including station wagons and racing cars),Fr. per 100 kg gross,1,0.00,1988-01-01
40112000,80,2,of a kind used on buses or lorries,Fr. per 100 kg gross,1,0.00,1988-01-01
40113000,80,2,of a kind used on aircraft,Fr. per 100 kg gross,1,0.00,1988-01-01
40114000,80,2,of a kind used on motorcycles,Fr. per 100 kg gross,1,0.00,1988-01-01
40115000,80,2,of a kind used on bicycles,Fr. per 100 kg gross,1,0.00,1988-01-01
40117000,80,2,of a kind used on agricultural or forestry vehicles and machines,Fr. per 100 kg gross,1,0.00,2017-01-01
40118000,80,2,"of a kind used on construction, mining or industrial handling vehicles and machines",Fr. per 100 kg gross,1,0.00,2017-01-01
40119000,80,2,other,Fr. per 100 kg gross,1,0.00,2017-01-01
4012,80,1,"Retreaded or used pneumatic tyres of rubber; solid or cushion tyres, tyre treads and tyre flaps, of rubber:",,0,,1988-01-01
,10,2,retreaded tyres:,,,,2002-01-01
40121100,80,3,of a kind used on motor cars (including station wagons and racing cars),Fr. per 100 kg gross,1,0.00,2002-01-01
40121200,80,3,of a kind used on buses or lorries,Fr. per 100 kg gross,1,0.00,2002-01-01
40121300,80,3,of a kind used on aircraft,Fr. per 100 kg gross,1,0.00,2002-01-01
40121900,80,3,other,Fr. per 100 kg gross,1,0.00,2002-01-01
40122000,80,2,used pneumatic tyres,Fr. per 100 kg gross,1,0.00,1988-01-01
40129000,80,2,other,Fr. per 100 kg gross,1,0.00,1988-01-01
4013,80,1,"Inner tubes, of rubber:",,0,,1988-01-01
40131000,80,2,"of a kind used on motor cars (including station wagons and racing cars), buses or lorries",Fr. per 100 kg gross,1,0.00,1988-01-01
40132000,80,2,of a kind used on bicycles,Fr. per 100 kg gross,1,0.00,1988-01-01
40139000,80,2,other,Fr. per 100 kg gross,1,0.00,1988-01-01
4014,80,1,"Hygienic or pharmaceutical articles (including teats), of vulcanised rubber other than hard rubber, with or without fittings of hard rubber:",,0,,1988-01-01
40141000,80,2,sheath contraceptives,Fr. per 100 kg gross,1,0.00,1988-01-01
40149000,80,2,other,Fr. per 100 kg gross,1,0.00,1988-01-01
4015,80,1,"Articles of apparel and clothing accessories (including gloves, mittens and mitts), for all purposes, of vulcanised rubber other than hard rubber:",,0,,1988-01-01
,10,2,"gloves, mittens and mitts:",,,,1988-01-01
40151200,80,3,"of a kind used for medical, surgical, dental or veterinary purposes",Fr. per 100 kg gross,1,0.00,2022-01-01
40151900,80,3,other,Fr. per 100 kg gross,1,0.00,1988-01-01
40159000,80,2,other,Fr. per 100 kg gross,1,0.00,1988-01-01
4016,80,1,Other articles of vulcanised rubber other than hard rubber:,,0,,1988-01-01
40161000,80,2,of cellular rubber,Fr. per 100 kg gross,1,0.00,1988-01-01
,10,2,other:,,,,1988-01-01
40169100,80,3,floor coverings and mats,Fr. per 100 kg gross,1,0.00,1988-01-01
40169200,80,3,erasers,Fr. per 100 kg gross,1,0.00,1988-01-01
40169300,80,3,"gaskets, washers and other seals",Fr. per 100 kg gross,1,0.00,1988-01-01
40169400,80,3,"boat or dock fenders, whether or not inflatable",Fr. per 100 kg gross,1,0.00,1988-01-01
40169500,80,3,other inflatable articles,Fr. per 100 kg gross,1,0.00,1988-01-01
40169900,80,3,other,Fr. per 100 kg gross,1,0.00,1988-01-01
40170000,80,1,"Hard rubber (for example, ebonite) in all forms, including waste and scrap; articles of hard rubber",Fr. per 100 kg gross,1,0.00,2024-01-01
41,80,0,Raw hides and skins (other than furskins) and leather,,0,,1988-01-01
4101,80,1,"Raw hides and skins of bovine (including buffalo) or equine animals (fresh, or salted, dried, limed, pickled or otherwise preserved, but not tanned, parchment-dressed or further prepared), whether or not dehaired or split:",,0,,1988-01-01
41012000,80,2,"whole hides and skins, unsplit, of a weight per skin not exceeding 8 kg when simply dried, 10 kg when dry-salted, or 16 kg when fresh, wet-salted or otherwise preserved",Fr. per 100 kg gross,1,0.00,2012-01-01
41015000,80,2,"whole hides and skins, of a weight exceeding 16 kg",Fr. per 100 kg gross,1,0.00,2002-01-01
41019000,80,2,"other, including butts, bends and bellies",Fr. per 100 kg gross,1,0.00,2002-01-01
4102,80,1,"Raw skins of sheep or lambs (fresh, or salted, dried, limed, pickled or otherwise preserved, but not tanned, parchment-dressed or further prepared), whether or not with wool on or split, other than those excluded by Note 1 c) to this Chapter:",,0,,1988-01-01
41021000,80,2,with wool on,Fr. per 100 kg gross,1,0.00,1988-01-01
,10,2,without wool on:,,,,1988-01-01
41022100,80,3,pickled,Fr. per 100 kg gross,1,0.00,1988-01-01
41022900,80,3,other,Fr. per 100 kg gross,1,0.00,1988-01-01
4103,80,1,"Other raw hides and skins (fresh, or salted, dried, limed, pickled or otherwise preserved, but not tanned, parchment-dressed or further prepared), whether or not dehaired or split, other than those excluded by Note 1 b) or 1 c) to this Chapter:",,0,,1988-01-01
41032000,80,2,of reptiles,Fr. per 100 kg gross,1,0.00,1988-01-01
41033000,80,2,of swine,Fr. per 100 kg gross,1,0.00,2002-01-01
41039000,80,2,other,Fr. per 100 kg gross,1,0.00,1988-01-01
4104,80,1,"Tanned or crust hides and skins of bovine (including buffalo) or equine animals, without hair on, whether or not split, but not further prepared:",,0,,1988-01-01
,10,2,in the wet state (including wet-blue):,,,,2002-01-01
41041100,80,3,"full grains, unsplit; grain splits",Fr. per 100 kg gross,1,0.00,2002-01-01
41041900,80,3,other,Fr. per 100 kg gross,1,0.00,2002-01-01
,10,2,in the dry state (crust):,,,,2002-01-01
41044100,80,3,"full grains, unsplit; grain splits",Fr. per 100 kg gross,1,0.00,2002-01-01
41044900,80,3,other,Fr. per 100 kg gross,1,0.00,2002-01-01
4105,80,1,"Tanned or crust skins of sheep or lambs, without wool on, whether or not split, but not further prepared:",,0,,1988-01-01
41051000,80,2,in the wet state (including wet-blue),Fr. per 100 kg gross,1,0.00,2002-01-01
41053000,80,2,in the dry state (crust),Fr. per 100 kg gross,1,0.00,2002-01-01
4106,80,1,"Tanned or crust hides and skins of other animals, without wool or hair on, whether or not split, but not further prepared:",,0,,1988-01-01
,10,2,of goats or kids:,,,,2002-01-01
41062100,80,3,in the wet state (including wet-blue),Fr. per 100 kg gross,1,0.00,2002-01-01
41062200,80,3,in the dry state (crust),Fr. per 100 kg gross,1,0.00,2002-01-01
,10,2,of swine:,,,,2002-01-01
41063100,80,3,in the wet state (including wet-blue),Fr. per 100 kg gross,1,0.00,2002-01-01
41063200,80,3,in the dry state (crust),Fr. per 100 kg gross,1,0.00,2002-01-01
41064000,80,2,of reptiles,Fr. per 100 kg gross,1,0.00,2002-01-01
,10,2,other:,,,,2002-01-01
41069100,80,3,in the wet state (including wet-blue),Fr. per 100 kg gross,1,0.00,2002-01-01
41069200,80,3,in the dry state (crust),Fr. per 100 kg gross,1,0.00,2002-01-01
4107,80,1,"Leather further prepared after tanning or crusting, including parchment-dressed leather, of bovine (including buffalo) or equine animals, without hair on, whether or not split, other than leather of heading 4114:",,0,,1988-01-01
,10,2,whole hides and skins:,,,,2002-01-01
41071100,80,3,"full grains, unsplit",Fr. per 100 kg gross,1,0.00,2002-01-01
41071200,80,3,grain splits,Fr. per 100 kg gross,1,0.00,2002-01-01
41071900,80,3,other,Fr. per 100 kg gross,1,0.00,2002-01-01
,10,2,"other, including sides:",,,,2002-01-01
41079100,80,3,"full grains, unsplit",Fr. per 100 kg gross,1,0.00,2002-01-01
41079200,80,3,grain splits,Fr. per 100 kg gross,1,0.00,2002-01-01
41079900,80,3,other,Fr. per 100 kg gross,1,0.00,2002-01-01
41120000,80,1,"Leather further prepared after tanning or crusting, including parchment-dressed leather, of sheep or lamb, without wool on, whether or not split, other than leather of heading 4114",Fr. per 100 kg gross,1,0.00,2002-01-01
4113,80,1,"Leather further prepared after tanning or crusting, including parchment-dressed leather, of other animals, without wool or hair on, whether or not split, other than leather of heading 4114:",,0,,2002-01-01
41131000,80,2,of goats or kids,Fr. per 100 kg gross,1,0.00,2002-01-01
41132000,80,2,of swine,Fr. per 100 kg gross,1,0.00,2002-01-01
41133000,80,2,of reptiles,Fr. per 100 kg gross,1,0.00,2002-01-01
41139000,80,2,other,Fr. per 100 kg gross,1,0.00,2002-01-01
4114,80,1,Chamois (including combination chamois) leather; patent leather and patent laminated leather; metallised leather:,,0,,2002-01-01
41141000,80,2,chamois (including combination chamois) leather,Fr. per 100 kg gross,1,0.00,2002-01-01
41142000,80,2,patent leather and patent laminated leather; metallised leather,Fr. per 100 kg gross,1,0.00,2002-01-01
4115,80,1,"Composition leather with a basis of leather or leather fibre, in slabs, sheets or strip, whether or not in rolls; parings and other waste of leather or of composition leather, not suitable for the manufacture of leather articles; leather dust, powder and flour:",,0,,2002-01-01
41151000,80,2,"composition leather with a basis of leather or leather fibre, in slabs, sheets or strip, whether or not in rolls",Fr. per 100 kg gross,1,0.00,2002-01-01
41152000,80,2,"parings and other waste of leather or of composition leather, not suitable for the manufacture of leather articles; leather dust, powder and flour",Fr. per 100 kg gross,1,0.00,2002-01-01
42,80,0,"Articles of leather; saddlery and harness; travel goods, handbags and similar containers; articles of animal gut (other than silk-worm gut)",,0,,1988-01-01
42010000,80,1,"Saddlery and harness for any animal (including traces, leads, knee pads, muzzles, saddle cloths, saddle bags, dog coats and the like), of any material",Fr. per 100 kg gross,1,0.00,1988-01-01
4202,80,1,"Trunks, suit-cases, vanity-cases, executive-cases, brief-cases, school satchels, spectacle cases, binocular cases, camera cases, musical instrument cases, gun cases, holsters and similar containers; travelling-bags, insulated food or beverages bags, toilet bags, rucksacks, handbags, shopping-bags, wallets, purses, map-cases, cigarette-cases, tobacco-pouches, tool bags, sports bags, bottle-cases, jewellery boxes, powder-boxes, cutlery cases and similar containers, of leather or of composition leather, of sheeting of plastics, of textile materials, of vulcanised fibre or of paperboard, or wholly or mainly covered with such materials or with paper:",,0,,1988-01-01
,10,2,"trunks, suit-cases, vanity-cases, executive-cases, brief-cases, school satchels and similar containers:",,,,2004-03-01
42021100,80,3,with outer surface of leather or of composition leather,Fr. per 100 kg gross,1,0.00,1988-01-01
42021200,80,3,with outer surface of plastics or of textile materials,Fr. per 100 kg gross,1,0.00,1988-01-01
42021900,80,3,other,Fr. per 100 kg gross,1,0.00,1988-01-01
,10,2,"handbags, whether or not with shoulder strap, including those without handle:",,,,2004-03-01
42022100,80,3,with outer surface of leather or of composition leather,Fr. per 100 kg gross,1,0.00,1988-01-01
42022200,80,3,with outer surface of sheeting of plastics or of textile materials,Fr. per 100 kg gross,1,0.00,2024-01-01
42022900,80,3,other,Fr. per 100 kg gross,1,0.00,1988-01-01
,10,2,articles of a kind normally carried in the pocket or in the handbag:,,,,2004-03-01
42023100,80,3,with outer surface of leather or of composition leather,Fr. per 100 kg gross,1,0.00,1988-01-01
42023200,80,3,with outer surface of sheeting of plastics or of textile materials,Fr. per 100 kg gross,1,0.00,2024-01-01
42023900,80,3,other,Fr. per 100 kg gross,1,0.00,1988-01-01
,10,2,other:,,,,2004-03-01
42029100,80,3,with outer surface of leather or of composition leather,Fr. per 100 kg gross,1,0.00,1988-01-01
42029200,80,3,with outer surface of sheeting of plastics or of textile materials,Fr. per 100 kg gross,1,0.00,1988-01-01
42029900,80,3,other,Fr. per 100 kg gross,1,0.00,1988-01-01
4203,80,1,"Articles of apparel and clothing accessories, of leather or of composition leather:",,0,,1988-01-01
42031000,80,2,articles of apparel,Fr. per 100 kg gross,1,0.00,1988-01-01
,10,2,"gloves, mittens and mitts:",,,,1988-01-01
42032100,80,3,specially designed for use in sports,Fr. per 100 kg gross,1,0.00,1988-01-01
42032900,80,3,other,Fr. per 100 kg gross,1,0.00,1988-01-01
42033000,80,2,belts and bandoliers,Fr. per 100 kg gross,1,0.00,1988-01-01
42034000,80,2,other clothing accessories,Fr. per 100 kg gross,1,0.00,1988-01-01
42050000,80,1,Other articles of leather or of composition leather,Fr. per 100 kg gross,1,0.00,2024-01-01
42060000,80,1,"Articles of gut (other than silk-worm gut), of goldbeater's skin, of bladders or of tendons",Fr. per 100 kg gross,1,0.00,2024-01-01
43,80,0,Furskins and artificial fur; manufactures thereof,,0,,1988-01-01
4301,80,1,"Raw furskins (including heads, tails, paws and other pieces or cuttings, suitable for furriers' use), other than raw hides and skins of heading 4101, 4102 or 4103:",,0,,1988-01-01
43011000,80,2,"of mink, whole, with or without head, tail or paws",Fr. per 100 kg gross,1,0.00,1988-01-01
43013000,80,2,"of lamb, the following: Astrakhan, Broadtail, Caracul, Persian and similar lamb, Indian, Chinese, Mongolian or Tibetan lamb, whole, with or without head, tail or paws",Fr. per 100 kg gross,1,0.00,1988-01-01
43016000,80,2,"of fox, whole, with or without head, tail or paws",Fr. per 100 kg gross,1,0.00,1988-01-01
43018000,80,2,"other furskins, whole, with or without head, tail or paws",Fr. per 100 kg gross,1,0.00,1988-01-01
43019000,80,2,"heads, tails, paws and other pieces or cuttings, suitable for furriers' use",Fr. per 100 kg gross,1,0.00,1988-01-01
4302,80,1,"Tanned or dressed furskins (including heads, tails, paws and other pieces or cuttings), unassembled, or assembled (without the addition of other materials) other than those of heading 4303:",,0,,1988-01-01
,10,2,"whole skins, with or without head, tail or paws, not assembled:",,,,1988-01-01
43021100,80,3,of mink,Fr. per 100 kg gross,1,0.00,1988-01-01
43021900,80,3,other,Fr. per 100 kg gross,1,0.00,1988-01-01
43022000,80,2,"heads, tails, paws and other pieces or cuttings, not assembled",Fr. per 100 kg gross,1,0.00,1988-01-01
43023000,80,2,"whole skins and pieces or cuttings thereof, assembled",Fr. per 100 kg gross,1,0.00,1988-01-01
4303,80,1,"Articles of apparel, clothing accessories and other articles of furskin:",,0,,1988-01-01
43031000,80,2,articles of apparel and clothing accessories,Fr. per 100 kg gross,1,0.00,1988-01-01
43039000,80,2,other,Fr. per 100 kg gross,1,0.00,1988-01-01
43040000,80,1,Artificial fur and articles thereof,Fr. per 100 kg gross,1,0.00,1988-01-01
44,80,0,Wood and articles of wood; wood charcoal,,0,,1988-01-01
4401,80,1,"Fuel wood, in logs, in billets, in twigs, in faggots or in similar forms; wood in chips or particles; sawdust and wood waste and scrap, whether or not agglomerated in logs, briquettes, pellets or similar forms:",,0,,1988-01-01
,10,2,"fuel wood, in logs, in billets, in twigs, in faggots or in similar forms:",,,,2017-01-01
44011100,80,3,coniferous,Fr. per 100 kg gross,1,0.00,2017-01-01
44011200,80,3,non-coniferous,Fr. per 100 kg gross,1,0.00,2017-01-01
,10,2,wood in chips or particles:,,,,1988-01-01
44012100,80,3,coniferous,Fr. per 100 kg gross,1,0.00,1988-01-01
44012200,80,3,non-coniferous,Fr. per 100 kg gross,1,0.00,1988-01-01
,10,2,"sawdust and wood waste and scrap, agglomerated in logs, briquettes, pellets or similar forms:",,,,2012-01-01
44013100,80,3,wood pellets,Fr. per 100 kg gross,1,0.00,2012-01-01
44013200,80,3,wood briquettes,Fr. per 100 kg gross,1,0.00,2022-01-01
44013900,80,3,other,Fr. per 100 kg gross,1,0.00,2017-01-01
,10,2,"sawdust and wood waste and scrap, not agglomerated:",,,,2022-01-01
44014100,80,3,sawdust,Fr. per 100 kg gross,1,0.00,2022-01-01
44014900,80,3,other,Fr. per 100 kg gross,1,0.00,2022-01-01
4402,80,1,"Wood charcoal (including shell or nut charcoal), whether or not agglomerated:",,0,,1988-01-01
44021000,80,2,of bamboo,Fr. per 100 kg gross,1,0.00,2007-01-01
44022000,80,2,of shell or nut,Fr. per 100 kg gross,1,0.00,2022-01-01
44029000,80,2,other,Fr. per 100 kg gross,1,0.00,2007-01-01
4403,80,1,"Wood in the rough, whether or not stripped of bark or sapwood, or roughly squared:",,0,,1988-01-01
,10,2,"treated with paint, stains, creosote or other preservatives:",,,,2017-01-01
44031100,80,3,coniferous,Fr. per 100 kg gross,1,0.00,2017-01-01
44031200,80,3,non-coniferous,Fr. per 100 kg gross,1,0.00,2024-01-01
,10,2,"other, coniferous:",,,,2017-01-01
44032100,80,3,"of pine (Pinus spp.), of which the smallest cross-sectional dimension is 15 cm or more",Fr. per 100 kg gross,1,0.00,2017-01-01
44032200,80,3,"of pine (Pinus spp.), other",Fr. per 100 kg gross,1,0.00,2017-01-01
44032300,80,3,"of fir (Abies spp.) and spruce (Picea spp.), of which the smallest cross-sectional dimension is 15 cm or more",Fr. per 100 kg gross,1,0.00,2017-01-01
44032400,80,3,"of fir (Abies spp.) and spruce (Picea spp.), other",Fr. per 100 kg gross,1,0.00,2017-01-01
44032500,80,3,"other, of which the smallest cross-sectional dimension is 15 cm or more",Fr. per 100 kg gross,1,0.00,2017-01-01
44032600,80,3,other,Fr. per 100 kg gross,1,0.00,2017-01-01
,10,2,"other, of tropical wood:",,,,1996-01-01
44034100,80,3,"Dark Red Meranti, Light Red Meranti and Meranti Bakau",Fr. per 100 kg gross,1,0.00,1996-01-01
44034200,80,3,Teak,Fr. per 100 kg gross,1,0.00,2022-01-01
44034900,80,3,other,Fr. per 100 kg gross,1,0.00,1996-01-01
,10,2,other:,,,,1988-01-01
44039100,80,3,of oak (Quercus spp.),Fr. per 100 kg gross,1,0.00,1988-01-01
44039300,80,3,"of beech (Fagus spp.), of which the smallest cross-sectional dimension is 15 cm or more",Fr. per 100 kg gross,1,0.00,2017-01-01
44039400,80,3,"of beech (Fagus spp.), other",Fr. per 100 kg gross,1,0.00,2017-01-01
44039500,80,3,"of birch (Betula spp.), of which the smallest cross-sectional dimension is 15 cm or more",Fr. per 100 kg gross,1,0.00,2017-01-01
44039600,80,3,"of birch (Betula spp.), other",Fr. per 100 kg gross,1,0.00,2017-01-01
44039700,80,3,of poplar and aspen (Populus spp.),Fr. per 100 kg gross,1,0.00,2017-01-01
44039800,80,3,of eucalyptus (Eucalyptus spp.),Fr. per 100 kg gross,1,0.00,2017-01-01
44039900,80,3,other,Fr. per 100 kg gross,1,0.00,2017-01-01
4404,80,1,"Hoopwood; split poles; piles, pickets and stakes of wood, pointed but not sawn lengthwise; wooden sticks, roughly trimmed but not turned, bent or otherwise worked, suitable for the manufacture of walking-sticks, umbrellas, tool handles or the like; chipwood and the like:",,0,,1988-01-01
44041000,80,2,coniferous,Fr. per 100 kg gross,1,0.00,1988-01-01
44042000,80,2,non-coniferous,Fr. per 100 kg gross,1,0.00,1988-01-01
44050000,80,1,Wood wool; wood flour,Fr. per 100 kg gross,1,0.00,1988-01-01
4406,80,1,Railway or tramway sleepers (cross-ties) of wood:,,0,,1988-01-01
,10,2,not impregnated:,,,,2017-01-01
44061100,80,3,coniferous,Fr. per 100 kg gross,1,0.00,2017-01-01
44061200,80,3,non-coniferous,Fr. per 100 kg gross,1,0.00,2017-01-01
,10,2,other:,,,,2017-01-01
44069100,80,3,coniferous,Fr. per 100 kg gross,1,0.00,2017-01-01
44069200,80,3,non-coniferous,Fr. per 100 kg gross,1,0.00,2017-01-01
4407,80,1,"Wood sawn or chipped lengthwise, sliced or peeled, whether or not planed, sanded or end-jointed, of a thickness exceeding 6 mm:",,0,,1988-01-01
,10,2,coniferous:,,,,2017-01-01
44071100,80,3,of pine (Pinus spp.),Fr. per 100 kg gross,1,0.00,2024-01-01
44071200,80,3,of fir (Abies spp.) and spruce (Picea spp.),Fr. per 100 kg gross,1,0.00,2024-01-01
44071300,80,3,"of S-P-F (spruce (Picea spp.), pine (Pinus spp.) and fir (Abies spp.))",Fr. per 100 kg gross,1,0.00,2024-01-01
44071400,80,3,of Hem-fir (Western hemlock (Tsuga heterophylla) and fir (Abies spp.)),Fr. per 100 kg gross,1,0.00,2024-01-01
44071900,80,3,other,Fr. per 100 kg gross,1,0.00,2024-01-01
,10,2,of tropical wood:,,,,1996-01-01
44072100,80,3,Mahogany (Swietenia spp.),Fr. per 100 kg gross,1,0.00,2024-01-01
44072200,80,3,"Virola, Imbuia and Balsa",Fr. per 100 kg gross,1,0.00,2024-01-01
44072300,80,3,Teak,Fr. per 100 kg gross,1,0.00,2024-01-01
44072500,80,3,"Dark Red Meranti, Light Red Meranti and Meranti Bakau",Fr. per 100 kg gross,1,0.00,2024-01-01
44072600,80,3,"White Lauan, White Meranti, White Seraya, Yellow Meranti and Alan",Fr. per 100 kg gross,1,0.00,2024-01-01
44072700,80,3,Sapelli,Fr. per 100 kg gross,1,0.00,2024-01-01
44072800,80,3,Iroko,Fr. per 100 kg gross,1,0.00,2024-01-01
44072900,80,3,other,Fr. per 100 kg gross,1,0.00,2024-01-01
,10,2,other:,,,,1988-01-01
44079100,80,3,of oak (Quercus spp.),Fr. per 100 kg gross,1,0.00,2024-01-01
44079200,80,3,of beech (Fagus spp.),Fr. per 100 kg gross,1,0.00,2024-01-01
44079300,80,3,of maple (Acer spp.),Fr. per 100 kg gross,1,0.00,2024-01-01
44079400,80,3,of cherry (Prunus spp.),Fr. per 100 kg gross,1,0.00,2024-01-01
44079500,80,3,of ash (Fraxinus spp.),Fr. per 100 kg gross,1,0.00,2024-01-01
44079600,80,3,of birch (Betula spp.),Fr. per 100 kg gross,1,0.00,2024-01-01
44079700,80,3,of poplar and aspen (Populus spp.),Fr. per 100 kg gross,1,0.00,2024-01-01
44079900,80,3,other,Fr. per 100 kg gross,1,0.00,2024-01-01
4408,80,1,"Sheets for veneering (including those obtained by slicing laminated wood), for plywood or for similar laminated wood and other wood, sawn lengthwise, sliced or peeled, whether or not planed, sanded or end-jointed, of a thickness not exceeding 6 mm:",,0,,1988-01-01
44081000,80,2,coniferous,Fr. per 100 kg gross,1,0.00,1988-01-01
,10,2,of tropical wood:,,,,1996-01-01
44083100,80,3,"Dark Red Meranti, Light Red Meranti and Meranti Bakau",Fr. per 100 kg gross,1,0.00,1996-01-01
44083900,80,3,other,Fr. per 100 kg gross,1,0.00,1996-01-01
44089000,80,2,other,Fr. per 100 kg gross,1,0.00,1996-01-01
4409,80,1,"Wood (including strips and friezes for parquet flooring, not assembled) continuously shaped (tongued, grooved, rebated, chamfered, V-jointed, beaded, moulded, rounded or the like) along any of its edges, ends or faces, whether or not planed, sanded or end-jointed:",,0,,1988-01-01
44091000,80,2,coniferous,Fr. per 100 kg gross,1,0.00,1988-01-01
,10,2,non-coniferous:,,,,2007-01-01
44092100,80,3,of bamboo,Fr. per 100 kg gross,1,0.00,2007-01-01
44092200,80,3,of tropical wood,Fr. per 100 kg gross,1,0.00,2017-01-01
44092900,80,3,other,Fr. per 100 kg gross,1,0.00,2007-01-01
4410,80,1,"Particle board, oriented strand board (OSB) and similar board (for example, waferboard) of wood or other ligneous materials, whether or not agglomerated with resins or other organic binding substances:",,0,,1988-01-01
,10,2,of wood:,,,,2007-01-01
44101100,80,3,particle board,Fr. per 100 kg gross,1,0.00,2007-01-01
44101200,80,3,oriented strand board (OSB),Fr. per 100 kg gross,1,0.00,2007-01-01
44101900,80,3,other,Fr. per 100 kg gross,1,0.00,2024-01-01
44109000,80,2,other,Fr. per 100 kg gross,1,0.00,1988-01-01
4411,80,1,"Fibreboard of wood or other ligneous materials, whether or not bonded with resins or other organic substances:",,0,,1988-01-01
,10,2,medium density fibreboard (MDF):,,,,2007-01-01
44111200,80,3,of a thickness not exceeding 5 mm,Fr. per 100 kg gross,1,0.00,2024-01-01
44111300,80,3,of a thickness exceeding 5 mm but not exceeding 9 mm,Fr. per 100 kg gross,1,0.00,2024-01-01
44111400,80,3,of a thickness exceeding 9 mm,Fr. per 100 kg gross,1,0.00,2024-01-01
,10,2,other:,,,,2007-01-01
44119200,80,3,of a density exceeding 0.8 g/cm³,Fr. per 100 kg gross,1,0.00,2024-01-01
44119300,80,3,of a density exceeding 0.5 g/cm³ but not exceeding 0.8 g/cm³,Fr. per 100 kg gross,1,0.00,2024-01-01
44119400,80,3,of a density not exceeding 0.5 g/cm³,Fr. per 100 kg gross,1,0.00,2024-01-01
4412,80,1,"Plywood, veneered panels and similar laminated wood:",,0,,1988-01-01
44121000,80,2,of bamboo,Fr. per 100 kg gross,1,0.00,2007-01-01
,10,2,"other plywood, consisting solely of sheets of wood (other than bamboo), each ply not exceeding 6 mm thickness:",,,,2007-01-01
44123100,80,3,with at least one outer ply of tropical wood,Fr. per 100 kg gross,1,0.00,2017-01-01
44123300,80,3,"other, with at least one outer ply of non-coniferous wood of the species alder (Alnus spp.), ash (Fraxinus spp.), beech (Fagus spp.), birch (Betula spp.), cherry (Prunus spp.), chestnut (Castanea spp.), elm (Ulmus spp.), eucalyptus (Eucalyptus spp.), hickory (Carya spp.), horse chestnut (Aesculus spp.), lime (Tilia spp.), maple (Acer spp.), oak (Quercus spp.), plane tree (Platanus spp.), poplar and aspen (Populus spp.), robinia (Robinia spp.), tulipwood (Liriodendron spp.) or walnut (Juglans spp.)",Fr. per 100 kg gross,1,0.00,2017-01-01
44123400,80,3,"other, with at least one outer ply of non-coniferous wood not specified under subheading 4412.33",Fr. per 100 kg gross,1,0.00,2017-01-01
44123900,80,3,"other, with both outer plies of coniferous wood",Fr. per 100 kg gross,1,0.00,2017-01-01
,10,2,laminated veneered lumber (LVL):,,,,2022-01-01
44124100,80,3,with at least one outer ply of tropical wood,Fr. per 100 kg gross,1,0.00,2022-01-01
44124200,80,3,"other, with at least one outer ply of non-coniferous wood",Fr. per 100 kg gross,1,0.00,2022-01-01
44124900,80,3,"other, with both outer plies of coniferous wood",Fr. per 100 kg gross,1,0.00,2022-01-01
,10,2,"blockboard, laminboard and battenboard:",,,,2022-01-01
44125100,80,3,with at least one outer ply of tropical wood,Fr. per 100 kg gross,1,0.00,2022-01-01
44125200,80,3,"other, with at least one outer ply of non-coniferous wood",Fr. per 100 kg gross,1,0.00,2022-01-01
44125900,80,3,"other, with both outer plies of coniferous wood",Fr. per 100 kg gross,1,0.00,2022-01-01
,10,2,other:,,,,2022-01-01
44129100,80,3,with at least one outer ply of tropical wood,Fr. per 100 kg gross,1,0.00,2022-01-01
44129200,80,3,"other, with at least one outer ply of non-coniferous wood",Fr. per 100 kg gross,1,0.00,2022-01-01
44129900,80,3,"other, with both outer plies of coniferous wood",Fr. per 100 kg gross,1,0.00,2022-01-01
44130000,80,1,"Densified wood, in blocks, plates, strips or profile shapes",Fr. per 100 kg gross,1,0.00,1988-01-01
4414,80,1,"Wooden frames for paintings, photographs, mirrors or similar objects:",,0,,1988-01-01
44141000,80,2,of tropical wood,Fr. per 100 kg gross,1,0.00,2022-01-01
44149000,80,2,other,Fr. per 100 kg gross,1,0.00,2022-01-01
4415,80,1,"Packing cases, boxes, crates, drums and similar packings, of wood; cable-drums of wood; pallets, box pallets and other load boards, of wood; pallet collars of wood:",,0,,1996-01-01
44151000,80,2,"cases, boxes, crates, drums and similar packings; cable-drums",Fr. per 100 kg gross,1,0.00,1996-01-01
44152000,80,2,"pallets, box pallets and other load boards; pallet collars",Fr. per 100 kg gross,1,0.00,1996-01-01
44160000,80,1,"Casks, barrels, vats, tubs and other coopers' products and parts thereof, of wood, including staves",Fr. per 100 kg gross,1,0.00,1988-01-01
44170000,80,1,"Tools, tool bodies, tool handles, broom or brush bodies and handles, of wood; boot or shoe lasts and trees, of wood",Fr. per 100 kg gross,1,0.00,1988-01-01
4418,80,1,"Builders' joinery and carpentry of wood, including cellular wood panels, assembled flooring panels, shingles and shakes:",,0,,1988-01-01
,10,2,"windows, French-windows and their frames:",,,,2022-01-01
44181100,80,3,of tropical wood,Fr. per 100 kg gross,1,0.00,2022-01-01
44181900,80,3,other,Fr. per 100 kg gross,1,0.00,2022-01-01
,10,2,doors and their frames and thresholds:,,,,2022-01-01
44182100,80,3,of tropical wood,Fr. per 100 kg gross,1,0.00,2022-01-01
44182900,80,3,other,Fr. per 100 kg gross,1,0.00,2022-01-01
44183000,80,2,posts and beams other than products of subheadings 4418.81 to 4418.89,Fr. per 100 kg gross,1,0.00,2022-01-01
44184000,80,2,shuttering for concrete constructional work,Fr. per 100 kg gross,1,0.00,1988-01-01
44185000,80,2,shingles and shakes,Fr. per 100 kg gross,1,0.00,1988-01-01
,10,2,assembled flooring panels:,,,,2007-01-01
44187300,80,3,of bamboo or with at least the top layer (wear layer) of bamboo,Fr. per 100 kg gross,1,0.00,2017-01-01
44187400,80,3,"other, for mosaic floors",Fr. per 100 kg gross,1,0.00,2017-01-01
44187500,80,3,"other, multilayer",Fr. per 100 kg gross,1,0.00,2017-01-01
44187900,80,3,other,Fr. per 100 kg gross,1,0.00,2017-01-01
,10,2,engineered structural timber products:,,,,2022-01-01
44188100,80,3,glue-laminated timber (glulam),Fr. per 100 kg gross,1,0.00,2022-01-01
44188200,80,3,cross-laminated timber (CLT or X-lam),Fr. per 100 kg gross,1,0.00,2022-01-01
44188300,80,3,I beams,Fr. per 100 kg gross,1,0.00,2022-01-01
44188900,80,3,other,Fr. per 100 kg gross,1,0.00,2022-01-01
,10,2,other:,,,,2017-01-01
44189100,80,3,of bamboo,Fr. per 100 kg gross,1,0.00,2017-01-01
44189200,80,3,cellular wood panels,Fr. per 100 kg gross,1,0.00,2022-01-01
44189900,80,3,other,Fr. per 100 kg gross,1,0.00,2017-01-01
4419,80,1,"Tableware and kitchenware, of wood:",,0,,1988-01-01
,10,2,of bamboo:,,,,2017-01-01
44191100,80,3,"bread boards, chopping boards and similar boards",Fr. per 100 kg gross,1,0.00,2017-01-01
44191200,80,3,chopsticks,Fr. per 100 kg gross,1,0.00,2017-01-01
44191900,80,3,other,Fr. per 100 kg gross,1,0.00,2017-01-01
44192000,80,2,of tropical wood,Fr. per 100 kg gross,1,0.00,2022-01-01
44199000,80,2,other,Fr. per 100 kg gross,1,0.00,2017-01-01
4420,80,1,"Wood marquetry and inlaid wood; caskets and cases for jewellery or cutlery, and similar articles, of wood; statuettes and other ornaments, of wood; wooden articles of furniture not falling in Chapter 94:",,0,,1988-01-01
,10,2,statuettes and other ornaments:,,,,2022-01-01
44201100,80,3,of tropical wood,Fr. per 100 kg gross,1,0.00,2022-01-01
44201900,80,3,other,Fr. per 100 kg gross,1,0.00,2022-01-01
44209000,80,2,other,Fr. per 100 kg gross,1,0.00,1988-01-01
4421,80,1,Other articles of wood:,,0,,1988-01-01
44211000,80,2,clothes hangers,Fr. per 100 kg gross,1,0.00,1988-01-01
44212000,80,2,coffins,Fr. per 100 kg gross,1,0.00,2022-01-01
,10,2,other:,,,,2017-01-01
44219100,80,3,of bamboo,Fr. per 100 kg gross,1,0.00,2017-01-01
44219900,80,3,other,Fr. per 100 kg gross,1,0.00,2017-01-01
45,80,0,Cork and articles of cork,,0,,1988-01-01
4501,80,1,"Natural cork, raw or simply prepared; waste cork; crushed, granulated or ground cork:",,0,,1988-01-01
45011000,80,2,"natural cork, raw or simply prepared",Fr. per 100 kg gross,1,0.00,1988-01-01
45019000,80,2,other,Fr. per 100 kg gross,1,0.00,2024-01-01
45020000,80,1,"Natural cork, debacked or roughly squared, or in rectangular (including square) blocks, plates, sheets or strip (including sharp-edged blanks for corks or stoppers)",Fr. per 100 kg gross,1,0.00,1988-01-01
4503,80,1,Articles of natural cork:,,0,,1988-01-01
45031000,80,2,corks and stoppers,Fr. per 100 kg gross,1,0.00,1988-01-01
45039000,80,2,other,Fr. per 100 kg gross,1,0.00,1988-01-01
4504,80,1,Agglomerated cork (with or without a binding substance) and articles of agglomerated cork:,,0,,1988-01-01
45041000,80,2,"blocks, plates, sheets and strip; tiles of any shape; solid cylinders, including discs",Fr. per 100 kg gross,1,0.00,2024-01-01
45049000,80,2,other,Fr. per 100 kg gross,1,0.00,1988-01-01
46,80,0,"Manufactures of straw, of esparto or of other plaiting materials; basketware and wickerwork",,0,,1988-01-01
4601,80,1,"Plaits and similar products of plaiting materials, whether or not assembled into strips; plaiting materials, plaits and similar products of plaiting materials, bound together in parallel strands or woven, in sheet form, whether or not being finished articles (for example, mats, matting, screens):",,0,,1988-01-01
,10,2,"mats, matting and screens of vegetable materials:",,,,2007-01-01
46012100,80,3,of bamboo,Fr. per 100 kg gross,1,0.00,2007-01-01
46012200,80,3,of rattan,Fr. per 100 kg gross,1,0.00,2007-01-01
46012900,80,3,other,Fr. per 100 kg gross,1,0.00,2007-01-01
,10,2,other:,,,,1988-01-01
46019200,80,3,of bamboo,Fr. per 100 kg gross,1,0.00,2024-01-01
46019300,80,3,of rattan,Fr. per 100 kg gross,1,0.00,2024-01-01
46019400,80,3,of other vegetable materials,Fr. per 100 kg gross,1,0.00,2024-01-01
46019900,80,3,other,Fr. per 100 kg gross,1,0.00,2024-01-01
4602,80,1,"Basketwork, wickerwork and other articles, made directly to shape from plaiting materials or made up from goods of heading 4601; articles of loofah:",,0,,1988-01-01
,10,2,of vegetable materials:,,,,2007-01-01
46021100,80,3,of bamboo,Fr. per 100 kg gross,1,0.00,2007-01-01
46021200,80,3,of rattan,Fr. per 100 kg gross,1,0.00,2007-01-01
46021900,80,3,other,Fr. per 100 kg gross,1,0.00,2007-01-01
46029000,80,2,other,Fr. per 100 kg gross,1,0.00,1988-01-01
47,80,0,Pulp of wood or of other fibrous cellulosic material; recovered (waste and scrap) paper or paperboard,,0,,1988-01-01
47010000,80,1,Mechanical wood pulp,Fr. per 100 kg gross,1,0.00,1988-01-01
47020000,80,1,"Chemical wood pulp, dissolving grades",Fr. per 100 kg gross,1,0.00,1988-01-01
4703,80,1,"Chemical wood pulp, soda or sulphate, other than dissolving grades:",,0,,1988-01-01
,10,2,unbleached:,,,,1988-01-01
47031100,80,3,coniferous,Fr. per 100 kg gross,1,0.00,1988-01-01
47031900,80,3,non-coniferous,Fr. per 100 kg gross,1,0.00,1988-01-01
,10,2,semi-bleached or bleached:,,,,1988-01-01
47032100,80,3,coniferous,Fr. per 100 kg gross,1,0.00,1988-01-01
47032900,80,3,non-coniferous,Fr. per 100 kg gross,1,0.00,1988-01-01
4704,80,1,"Chemical wood pulp, sulphite, other than dissolving grades:",,0,,1988-01-01
,10,2,unbleached:,,,,1988-01-01
47041100,80,3,coniferous,Fr. per 100 kg gross,1,0.00,1988-01-01
47041900,80,3,non-coniferous,Fr. per 100 kg gross,1,0.00,1988-01-01
,10,2,semi-bleached or bleached:,,,,1988-01-01
47042100,80,3,coniferous,Fr. per 100 kg gross,1,0.00,1988-01-01
47042900,80,3,non-coniferous,Fr. per 100 kg gross,1,0.00,1988-01-01
47050000,80,1,Wood pulp obtained by a combination of mechanical and chemical pulping processes,Fr. per 100 kg gross,1,0.00,1988-01-01
4706,80,1,Pulps of fibres derived from recovered (waste and scrap) paper or paperboard or of other fibrous cellulosic material:,,0,,1988-01-01
47061000,80,2,cotton linters pulp,Fr. per 100 kg gross,1,0.00,1988-01-01
47062000,80,2,pulps of fibres derived from recovered (waste and scrap) paper or paperboard,Fr. per 100 kg gross,1,0.00,1996-01-01
47063000,80,2,"other, of bamboo",Fr. per 100 kg gross,1,0.00,2007-01-01
,10,2,other:,,,,1996-01-01
47069100,80,3,mechanical,Fr. per 100 kg gross,1,0.00,1996-01-01
47069200,80,3,chemical,Fr. per 100 kg gross,1,0.00,1996-01-01
47069300,80,3,obtained by a combination of mechanical and chemical processes,Fr. per 100 kg gross,1,0.00,1996-01-01
4707,80,1,Recovered (waste and scrap) paper or paperboard:,,0,,1988-01-01
47071000,80,2,unbleached kraft paper or paperboard or corrugated paper or paperboard,Fr. per 100 kg gross,1,0.00,1988-01-01
47072000,80,2,"other paper or paperboard made mainly of bleached chemical pulp, not coloured in the mass",Fr. per 100 kg gross,1,0.00,1988-01-01
47073000,80,2,"paper or paperboard made mainly of mechanical pulp (for example, newspapers, journals and similar printed matter)",Fr. per 100 kg gross,1,0.00,1988-01-01
47079000,80,2,"other, including unsorted waste and scrap",Fr. per 100 kg gross,1,0.00,1988-01-01
48,80,0,"Paper and paperboard; articles of paper pulp, of paper or of paperboard",,0,,1988-01-01
48010000,80,1,"Newsprint, in rolls or sheets",Fr. per 100 kg gross,1,0.00,1996-01-01
4802,80,1,"Uncoated paper and paperboard, of a kind used for writing, printing or other graphic purposes, and non perforated punch-cards and punch tape paper, in rolls or rectangular (including square) sheets, of any size, other than paper of heading 4801 or 4803; hand-made paper and paperboard:",,0,,1988-01-01
48021000,80,2,hand-made paper and paperboard,Fr. per 100 kg gross,1,0.00,1988-01-01
48022000,80,2,"paper and paperboard of a kind used as a base for photo-sensitive, heat-sensitive or electro-sensitive paper or paperboard",Fr. per 100 kg gross,1,0.00,2024-01-01
48024000,80,2,wallpaper base,Fr. per 100 kg gross,1,0.00,1988-01-01
,10,2,"other paper and paperboard, not containing fibres obtained by a mechanical or chemi-mechanical process or of which not more than 10% by weight of the total fibre content consists of such fibres:",,,,2002-01-01
48025400,80,3,weighing less than 40 g/m²,Fr. per 100 kg gross,1,0.00,2024-01-01
48025500,80,3,"weighing 40 g/m² or more but not more than 150 g/m², in rolls",Fr. per 100 kg gross,1,0.00,2024-01-01
48025600,80,3,"weighing 40 g/m² or more but not more than 150 g/m², in sheets with one side not exceeding 435 mm and the other side not exceeding 297 mm in the unfolded state",Fr. per 100 kg gross,1,0.00,2024-01-01
48025700,80,3,"other, weighing 40 g/m² or more but not more than 150 g/m²",Fr. per 100 kg gross,1,0.00,2024-01-01
48025800,80,3,weighing more than 150 g/m²,Fr. per 100 kg gross,1,0.00,2024-01-01
,10,2,"other paper and paperboard, of which more than 10% by weight of the total fibre content consists of fibres obtained by a mechanical or chemi-mechanical process:",,,,2002-01-01
48026100,80,3,in rolls,Fr. per 100 kg gross,1,0.00,2024-01-01
48026200,80,3,in sheets with one side not exceeding 435 mm and the other side not exceeding 297 mm in the unfolded state,Fr. per 100 kg gross,1,0.00,2024-01-01
48026900,80,3,other,Fr. per 100 kg gross,1,0.00,2002-01-01
48030000,80,1,"Toilet or facial tissue stock, towel or napkin stock and similar paper of a kind used for household or sanitary purposes, cellulose wadding and webs of cellulose fibres, whether or not creped, crinkled, embossed, perforated, surface-coloured, surface-decorated or printed, in rolls or sheets",Fr. per 100 kg gross,1,0.00,2024-01-01
4804,80,1,"Uncoated kraft paper and paperboard, in rolls or sheets, other than that of heading 4802 or 4803:",,0,,1988-01-01
,10,2,Kraftliner:,,,,1988-01-01
48041100,80,3,unbleached,Fr. per 100 kg gross,1,0.00,1988-01-01
48041900,80,3,other,Fr. per 100 kg gross,1,0.00,1988-01-01
,10,2,sack kraft paper:,,,,1988-01-01
48042100,80,3,unbleached,Fr. per 100 kg gross,1,0.00,1988-01-01
48042900,80,3,other,Fr. per 100 kg gross,1,0.00,1988-01-01
,10,2,other kraft paper and paperboard weighing 150 g/m² or less:,,,,1988-01-01
48043100,80,3,unbleached,Fr. per 100 kg gross,1,0.00,2024-01-01
48043900,80,3,other,Fr. per 100 kg gross,1,0.00,2024-01-01
,10,2,other kraft paper and paperboard weighing more than 150 g/m² but less than 225 g/m²:,,,,1988-01-01
48044100,80,3,unbleached,Fr. per 100 kg gross,1,0.00,1988-01-01
48044200,80,3,bleached uniformly throughout the mass and of which more than 95% by weight of the total fibre content consists of wood fibres obtained by a chemical process,Fr. per 100 kg gross,1,0.00,1988-01-01
48044900,80,3,other,Fr. per 100 kg gross,1,0.00,1988-01-01
,10,2,other kraft paper and paperboard weighing 225 g/m² or more:,,,,1988-01-01
48045100,80,3,unbleached,Fr. per 100 kg gross,1,0.00,1988-01-01
48045200,80,3,bleached uniformly throughout the mass and of which more than 95% by weight of the total fibre content consists of wood fibres obtained by a chemical process,Fr. per 100 kg gross,1,0.00,1988-01-01
48045900,80,3,other,Fr. per 100 kg gross,1,0.00,1988-01-01
4805,80,1,"Other uncoated paper and paperboard, in rolls or sheets, not further worked or processed than as specified in Note 3 to this Chapter:",,0,,1988-01-01
,10,2,fluting paper:,,,,2002-01-01
48051100,80,3,semi-chemical fluting paper,Fr. per 100 kg gross,1,0.00,2002-01-01
48051200,80,3,straw fluting paper,Fr. per 100 kg gross,1,0.00,2002-01-01
48051900,80,3,other,Fr. per 100 kg gross,1,0.00,2002-01-01
,10,2,Testliner (recycled liner board):,,,,2002-01-01
48052400,80,3,weighing 150 g/m² or less,Fr. per 100 kg gross,1,0.00,2002-01-01
48052500,80,3,weighing more than 150 g/m²,Fr. per 100 kg gross,1,0.00,2002-01-01
48053000,80,2,sulphite wrapping paper,Fr. per 100 kg gross,1,0.00,1988-01-01
48054000,80,2,filter paper and paperboard,Fr. per 100 kg gross,1,0.00,1988-01-01
48055000,80,2,felt paper and paperboard,Fr. per 100 kg gross,1,0.00,1988-01-01
,10,2,other:,,,,2002-01-01
48059100,80,3,weighing 150 g/m² or less,Fr. per 100 kg gross,1,0.00,2002-01-01
48059200,80,3,weighing more than 150 g/m² but less than 225 g/m²,Fr. per 100 kg gross,1,0.00,2002-01-01
48059300,80,3,weighing 225 g/m² or more,Fr. per 100 kg gross,1,0.00,2002-01-01
4806,80,1,"Vegetable parchment, greaseproof papers, tracing papers and glassine and other glazed transparent or translucent papers, in rolls or sheets:",,0,,1988-01-01
48061000,80,2,vegetable parchment,Fr. per 100 kg gross,1,0.00,1988-01-01
48062000,80,2,greaseproof papers,Fr. per 100 kg gross,1,0.00,1988-01-01
48063000,80,2,tracing papers,Fr. per 100 kg gross,1,0.00,1988-01-01
48064000,80,2,glassine and other glazed transparent or translucent papers,Fr. per 100 kg gross,1,0.00,1988-01-01
48070000,80,1,"Composite paper and paperboard (made by sticking flat layers of paper or paperboard together with an adhesive), not surface-coated or impregnated, whether or not internally reinforced, in rolls or sheets",Fr. per 100 kg gross,1,0.00,2024-01-01
4808,80,1,"Paper and paperboard, corrugated (with or without glued flat surface sheets), creped, crinkled, embossed or perforated, in rolls or sheets, other than paper of the kind described in heading 4803:",,0,,1988-01-01
48081000,80,2,"corrugated paper and paperboard, whether or not perforated",Fr. per 100 kg gross,1,0.00,1988-01-01
48084000,80,2,"kraft paper, creped or crinkled, whether or not embossed or perforated",Fr. per 100 kg gross,1,0.00,2012-01-01
48089000,80,2,other,Fr. per 100 kg gross,1,0.00,1988-01-01
4809,80,1,"Carbon paper, self-copy paper and other copying or transfer papers (including coated or impregnated paper for duplicator stencils or offset plates), whether or not printed, in rolls or sheets:",,0,,1988-01-01
48092000,80,2,self-copy paper,Fr. per 100 kg gross,1,0.00,1988-01-01
48099000,80,2,other,Fr. per 100 kg gross,1,0.00,1988-01-01
4810,80,1,"Paper and paperboard, coated on one or both sides with kaolin (China clay) or other inorganic substances, with or without a binder, and with no other coating, whether or not surface-coloured, surface-decorated or printed, in rolls or rectangular (including square) sheets, of any size:",,0,,1988-01-01
,10,2,"paper and paperboard of a kind used for writing, printing or other graphic purposes, not containing fibres obtained by a mechanical or chemi-mechanical process or of which not more than 10% by weight of the total fibre content consists of such fibres:",,,,2002-01-01
48101300,80,3,in rolls,Fr. per 100 kg gross,1,0.00,2024-01-01
48101400,80,3,in sheets with one side not exceeding 435 mm and the other side not exceeding 297 mm in the unfolded state,Fr. per 100 kg gross,1,0.00,2024-01-01
48101900,80,3,other,Fr. per 100 kg gross,1,0.00,2002-01-01
,10,2,"paper and paperboard of a kind used for writing, printing or other graphic purposes, of which more than 10% by weight of the total fibre content consists of fibres obtained by a mechanical or chemi-mechanical process:",,,,1988-01-01
48102200,80,3,light-weight coated paper,Fr. per 100 kg gross,1,0.00,2024-01-01
48102900,80,3,other,Fr. per 100 kg gross,1,0.00,2024-01-01
,10,2,"kraft paper and paperboard, other than that of a kind used for writing, printing or other graphic purposes:",,,,1988-01-01
48103100,80,3,"bleached uniformly throughout the mass and of which more than 95% by weight of the total fibre content consists of wood fibres obtained by a chemical process, and weighing 150 g/m² or less",Fr. per 100 kg gross,1,0.00,2024-01-01
48103200,80,3,"bleached uniformly throughout the mass and of which more than 95% by weight of the total fibre content consists of wood fibres obtained by a chemical process, and weighing more than 150 g/m²",Fr. per 100 kg gross,1,0.00,2024-01-01
48103900,80,3,other,Fr. per 100 kg gross,1,0.00,2024-01-01
,10,2,other paper and paperboard:,,,,1988-01-01
48109200,80,3,multi-ply,Fr. per 100 kg gross,1,0.00,2024-01-01
48109900,80,3,other,Fr. per 100 kg gross,1,0.00,2024-01-01
4811,80,1,"Paper, paperboard, cellulose wadding and webs of cellulose fibres, coated, impregnated, covered, surface-coloured, surface-decorated or printed, in rolls or rectangular (including square) sheets, of any size, other than goods of the kind described in heading 4803, 4809 or 4810:",,0,,1988-01-01
48111000,80,2,"tarred, bituminised or asphalted paper and paperboard",Fr. per 100 kg gross,1,0.00,1988-01-01
,10,2,gummed or adhesive paper and paperboard:,,,,2002-01-01
48114100,80,3,self-adhesive,Fr. per 100 kg gross,1,0.00,2024-01-01
48114900,80,3,other,Fr. per 100 kg gross,1,0.00,2024-01-01
,10,2,"paper and paperboard coated, impregnated or covered with plastics (excluding adhesives):",,,,2002-01-01
48115100,80,3,"bleached, weighing more than 150 g/m²",Fr. per 100 kg gross,1,0.00,2024-01-01
48115900,80,3,other,Fr. per 100 kg gross,1,0.00,2024-01-01
48116000,80,2,"paper and paperboard coated, impregnated or covered with wax, paraffin wax, stearin, oil or glycerol",Fr. per 100 kg gross,1,0.00,2024-01-01
48119000,80,2,"other paper, paperboard, cellulose wadding and webs of cellulose fibres",Fr. per 100 kg gross,1,0.00,1988-01-01
48120000,80,1,"Filter blocks, slabs and plates, of paper pulp",Fr. per 100 kg gross,1,0.00,1988-01-01
4813,80,1,"Cigarette paper, whether or not cut to size or in the form of booklets or tubes:",,0,,1988-01-01
48131000,80,2,in the form of booklets or tubes,Fr. per 100 kg gross,1,0.00,1988-01-01
48132000,80,2,in rolls of a width not exceeding 5 cm,Fr. per 100 kg gross,1,0.00,1988-01-01
48139000,80,2,other,Fr. per 100 kg gross,1,0.00,1988-01-01
4814,80,1,Wallpaper and similar wall coverings; window transparencies of paper:,,0,,1988-01-01
48142000,80,2,"wallpaper and similar wall coverings, consisting of paper coated or covered, on the face side, with a grained, embossed, coloured, design-printed or otherwise decorated layer of plastics",Fr. per 100 kg gross,1,0.00,1988-01-01
48149000,80,2,other,Fr. per 100 kg gross,1,0.00,1988-01-01
4816,80,1,"Carbon paper, self-copy paper and other copying or transfer papers (other than those of heading 4809), duplicator stencils and offset plates, of paper, whether or not put up in boxes:",,0,,1988-01-01
48162000,80,2,self-copy paper,Fr. per 100 kg gross,1,0.00,1988-01-01
48169000,80,2,other,Fr. per 100 kg gross,1,0.00,1988-01-01
4817,80,1,"Envelopes, letter cards, plain postcards and correspondence cards, of paper or paperboard; boxes, pouches, wallets and writing compendiums, of paper or paperboard, containing an assortment of paper stationery:",,0,,1988-01-01
48171000,80,2,envelopes,Fr. per 100 kg gross,1,0.00,1988-01-01
48172000,80,2,"letter cards, plain postcards and correspondence cards",Fr. per 100 kg gross,1,0.00,1988-01-01
48173000,80,2,"boxes, pouches, wallets and writing compendiums, of paper or paperboard, containing an assortment of paper stationery",Fr. per 100 kg gross,1,0.00,1988-01-01
4818,80,1,"Toilet paper and similar paper, cellulose wadding or webs of cellulose fibres, of a kind used for household or sanitary purposes, in rolls of a width not exceeding 36 cm, or cut to size or shape; handkerchiefs, cleansing tissues, towels, tablecloths, serviettes, bed sheets and similar household, sanitary or hospital articles, articles of apparel and clothing accessories, of paper pulp, paper, cellulose wadding or webs of cellulose fibres:",,0,,2012-01-01
48181000,80,2,toilet paper,Fr. per 100 kg gross,1,0.00,2012-01-01
48182000,80,2,"handkerchiefs, cleansing or facial tissues and towels",Fr. per 100 kg gross,1,0.00,2012-01-01
48183000,80,2,tablecloths and serviettes,Fr. per 100 kg gross,1,0.00,2012-01-01
48185000,80,2,articles of apparel and clothing accessories,Fr. per 100 kg gross,1,0.00,2012-01-01
48189000,80,2,other,Fr. per 100 kg gross,1,0.00,2012-01-01
4819,80,1,"Cartons, boxes, cases, bags and other packing containers, of paper, paperboard, cellulose wadding or webs of cellulose fibres; box files, letter trays, and similar articles, of paper or paperboard of a kind used in offices, shops or the like:",,0,,1988-01-01
48191000,80,2,"cartons, boxes and cases, of corrugated paper or paperboard",Fr. per 100 kg gross,1,0.00,1988-01-01
48192000,80,2,"folding cartons, boxes and cases, of non-corrugated paper or paperboard",Fr. per 100 kg gross,1,0.00,1988-01-01
48193000,80,2,"sacks and bags, having a base of a width of 40 cm or more",Fr. per 100 kg gross,1,0.00,1988-01-01
48194000,80,2,"other sacks and bags, including cones",Fr. per 100 kg gross,1,0.00,1988-01-01
48195000,80,2,"other packing containers, including record sleeves",Fr. per 100 kg gross,1,0.00,1988-01-01
48196000,80,2,"box files, letter trays, storage boxes and similar articles, of a kind used in offices, shops or the like",Fr. per 100 kg gross,1,0.00,1988-01-01
4820,80,1,"Registers, account books, note books, order books, receipt books, letter pads, memorandum pads, diaries and similar articles, exercise books, blotting-pads, binders (loose-leaf or other), folders, file covers, manifold business forms, interleaved carbon sets and other articles of stationery, of paper or paperboard; albums for samples or for collections and book covers, of paper or paperboard:",,0,,1988-01-01
48201000,80,2,"registers, account books, note books, order books, receipt books, letter pads, memorandum pads, diaries and similar articles",Fr. per 100 kg gross,1,0.00,1988-01-01
48202000,80,2,exercise books,Fr. per 100 kg gross,1,0.00,1988-01-01
48203000,80,2,"binders (other than book covers), folders and file covers",Fr. per 100 kg gross,1,0.00,1988-01-01
48204000,80,2,manifold business forms and interleaved carbon sets,Fr. per 100 kg gross,1,0.00,1988-01-01
48205000,80,2,albums for samples or for collections,Fr. per 100 kg gross,1,0.00,1988-01-01
48209000,80,2,other,Fr. per 100 kg gross,1,0.00,1988-01-01
4821,80,1,"Paper or paperboard labels of all kinds, whether or not printed:",,0,,1988-01-01
48211000,80,2,printed,Fr. per 100 kg gross,1,0.00,2024-01-01
48219000,80,2,other,Fr. per 100 kg gross,1,0.00,1988-01-01
4822,80,1,"Bobbins, spools, cops and similar supports of paper pulp, paper or paperboard (whether or not perforated or hardened):",,0,,1988-01-01
48221000,80,2,of a kind used for winding textile yarn,Fr. per 100 kg gross,1,0.00,1988-01-01
48229000,80,2,other,Fr. per 100 kg gross,1,0.00,1988-01-01
4823,80,1,"Other paper, paperboard, cellulose wadding and webs of cellulose fibres, cut to size or shape; other articles of paper pulp, paper, paperboard, cellulose wadding or webs of cellulose fibres:",,0,,1988-01-01
48232000,80,2,filter paper and paperboard,Fr. per 100 kg gross,1,0.00,1988-01-01
48234000,80,2,"rolls, sheets and dials, printed for self-recording apparatus",Fr. per 100 kg gross,1,0.00,1988-01-01
,10,2,"trays, dishes, plates, cups and the like, of paper or paperboard:",,,,2007-01-01
48236100,80,3,of bamboo,Fr. per 100 kg gross,1,0.00,2007-01-01
48236900,80,3,other,Fr. per 100 kg gross,1,0.00,2007-01-01
48237000,80,2,moulded or pressed articles of paper pulp,Fr. per 100 kg gross,1,0.00,1988-01-01
48239000,80,2,other,Fr. per 100 kg gross,1,0.00,2024-01-01
49,80,0,"Printed books, newspapers, pictures and other products of the printing industry; manuscripts, typescripts and plans",,0,,1988-01-01
4901,80,1,"Printed books, brochures, leaflets and similar printed matter, whether or not in single sheets:",,0,,1988-01-01
49011000,80,2,"in single sheets, whether or not folded",Fr. per 100 kg gross,1,0.00,1988-01-01
,10,2,other:,,,,1988-01-01
49019100,80,3,"dictionaries and encyclopaedias, and serial instalments thereof",Fr. per 100 kg gross,1,0.00,1988-01-01
49019900,80,3,other,Fr. per 100 kg gross,1,0.00,1988-01-01
4902,80,1,"Newspapers, journals and periodicals, whether or not illustrated or containing advertising material:",,0,,1988-01-01
49021000,80,2,appearing at least four times a week,Fr. per 100 kg gross,1,0.00,2024-01-01
49029000,80,2,other,Fr. per 100 kg gross,1,0.00,2024-01-01
49030000,80,1,"Children's picture, drawing or colouring books",Fr. per 100 kg gross,1,0.00,1988-01-01
49040000,80,1,"Music, printed or in manuscript, whether or not bound or illustrated",Fr. per 100 kg gross,1,0.00,1988-01-01
4905,80,1,"Maps and hydrographic or similar charts of all kinds, including atlases, wall maps, topographical plans and globes, printed:",,0,,1988-01-01
49052000,80,2,in book form,Fr. per 100 kg gross,1,0.00,2022-01-01
49059000,80,2,other,Fr. per 100 kg gross,1,0.00,2022-01-01
49060000,80,1,"Plans and drawings for architectural, engineering, industrial, commercial, topographical or similar purposes, being originals drawn by hand; hand-written texts; photographic reproductions on sensitised paper and carbon copies of the foregoing",Fr. per 100 kg gross,1,0.00,1988-01-01
49070000,80,1,"Unused postage, revenue or similar stamps of current or new issue in the country in which they have, or will have, a recognised face value; stamp-impressed paper; banknotes; cheque forms; stock, share or bond certificates and similar documents of title",Fr. per 100 kg gross,1,0.00,1988-01-01
4908,80,1,Transfers (decalcomanias):,,0,,1988-01-01
49081000,80,2,"transfers (decalcomanias), vitrifiable",Fr. per 100 kg gross,1,0.00,1988-01-01
49089000,80,2,other,Fr. per 100 kg gross,1,0.00,1988-01-01
49090000,80,1,"Printed or illustrated postcards; printed cards bearing personal greetings, messages or announcements, whether or not illustrated, with or without envelopes or trimmings",Fr. per 100 kg gross,1,0.00,2024-01-01
49100000,80,1,"Calendars of any kind, printed, including calendar blocks",Fr. per 100 kg gross,1,0.00,2024-01-01
4911,80,1,"Other printed matter, including printed pictures and photographs:",,0,,1988-01-01
49111000,80,2,"trade advertising material, commercial catalogues and the like",Fr. per 100 kg gross,1,0.00,2024-01-01
,10,2,other:,,,,1988-01-01
49119100,80,3,"pictures, designs and photographs",Fr. per 100 kg gross,1,0.00,1988-01-01
49119900,80,3,other,Fr. per 100 kg gross,1,0.00,2024-01-01
50,80,0,Silk,,0,,1988-01-01
50010000,80,1,Silk-worm cocoons suitable for reeling,Fr. per 100 kg gross,1,0.00,1988-01-01
50020000,80,1,Raw silk (not thrown),Fr. per 100 kg gross,1,0.00,1988-01-01
50030000,80,1,"Silk waste (including cocoons unsuitable for reeling, yarn waste and garnetted stock)",Fr. per 100 kg gross,1,0.00,2007-01-01
50040000,80,1,Silk yarn (other than yarn spun from silk waste) not put up for retail sale,Fr. per 100 kg gross,1,0.00,2024-01-01
50050000,80,1,"Yarn spun from silk waste, not put up for retail sale",Fr. per 100 kg gross,1,0.00,2024-01-01
50060000,80,1,"Silk yarn and yarn spun from silk waste, put up for retail sale; silk-worm gut",Fr. per 100 kg gross,1,0.00,1988-01-01
5007,80,1,Woven fabrics of silk or of silk waste:,,0,,1988-01-01
50071000,80,2,fabrics of noil silk,Fr. per 100 kg gross,1,0.00,1988-01-01
50072000,80,2,"other fabrics, containing 85% or more by weight of silk or of silk waste other than noil silk",Fr. per 100 kg gross,1,0.00,2024-01-01
50079000,80,2,other woven fabrics,Fr. per 100 kg gross,1,0.00,2024-01-01
51,80,0,"Wool, fine or coarse animal hair; horsehair yarn and woven fabric",,0,,1988-01-01
5101,80,1,"Wool, not carded or combed:",,0,,1988-01-01
,10,2,"greasy, including fleece-washed wool:",,,,1988-01-01
51011100,80,3,shorn wool,Fr. per 100 kg gross,1,0.00,1988-01-01
51011900,80,3,other,Fr. per 100 kg gross,1,0.00,1988-01-01
,10,2,"degreased, not carbonised:",,,,1988-01-01
51012100,80,3,shorn wool,Fr. per 100 kg gross,1,0.00,1988-01-01
51012900,80,3,other,Fr. per 100 kg gross,1,0.00,1988-01-01
51013000,80,2,carbonised,Fr. per 100 kg gross,1,0.00,1988-01-01
5102,80,1,"Fine or coarse animal hair, not carded or combed:",,0,,1988-01-01
,10,2,fine animal hair:,,,,2002-01-01
51021100,80,3,of Kashmir (cashmere) goats,Fr. per 100 kg gross,1,0.00,2002-01-01
51021900,80,3,other,Fr. per 100 kg gross,1,0.00,2002-01-01
51022000,80,2,coarse animal hair,Fr. per 100 kg gross,1,0.00,1988-01-01
5103,80,1,"Waste of wool or of fine or coarse animal hair, including yarn waste but excluding garnetted stock:",,0,,1988-01-01
51031000,80,2,noils of wool or of fine animal hair,Fr. per 100 kg gross,1,0.00,1988-01-01
51032000,80,2,other waste of wool or of fine animal hair,Fr. per 100 kg gross,1,0.00,1988-01-01
51033000,80,2,waste of coarse animal hair,Fr. per 100 kg gross,1,0.00,1988-01-01
51040000,80,1,Garnetted stock of wool or of fine or coarse animal hair,Fr. per 100 kg gross,1,0.00,1988-01-01
5105,80,1,"Wool and fine or coarse animal hair, carded or combed (including combed wool in fragments):",,0,,1988-01-01
51051000,80,2,carded wool,Fr. per 100 kg gross,1,0.00,1988-01-01
,10,2,wool tops and other combed wool:,,,,1988-01-01
51052100,80,3,combed wool in fragments,Fr. per 100 kg gross,1,0.00,1988-01-01
51052900,80,3,other,Fr. per 100 kg gross,1,0.00,1988-01-01
,10,2,"fine animal hair, carded or combed:",,,,2002-01-01
51053100,80,3,of Kashmir (cashmere) goats,Fr. per 100 kg gross,1,0.00,2002-01-01
51053900,80,3,other,Fr. per 100 kg gross,1,0.00,2002-01-01
51054000,80,2,"coarse animal hair, carded or combed",Fr. per 100 kg gross,1,0.00,1988-01-01
5106,80,1,"Yarn of carded wool, not put up for retail sale:",,0,,1988-01-01
51061000,80,2,containing 85% or more by weight of wool,Fr. per 100 kg gross,1,0.00,2024-01-01
51062000,80,2,containing less than 85% by weight of wool,Fr. per 100 kg gross,1,0.00,2024-01-01
5107,80,1,"Yarn of combed wool, not put up for retail sale:",,0,,1988-01-01
51071000,80,2,containing 85% or more by weight of wool,Fr. per 100 kg gross,1,0.00,2024-01-01
51072000,80,2,containing less than 85% by weight of wool,Fr. per 100 kg gross,1,0.00,2024-01-01
5108,80,1,"Yarn of fine animal hair (carded or combed), not put up for retail sale:",,0,,1988-01-01
51081000,80,2,carded,Fr. per 100 kg gross,1,0.00,1988-01-01
51082000,80,2,combed,Fr. per 100 kg gross,1,0.00,1988-01-01
5109,80,1,"Yarn of wool or of fine animal hair, put up for retail sale:",,0,,1988-01-01
51091000,80,2,containing 85% or more by weight of wool or of fine animal hair,Fr. per 100 kg gross,1,0.00,1988-01-01
51099000,80,2,other,Fr. per 100 kg gross,1,0.00,1988-01-01
51100000,80,1,"Yarn of coarse animal hair or of horsehair (including gimped horsehair yarn), whether or not put up for retail sale",Fr. per 100 kg gross,1,0.00,2024-01-01
5111,80,1,Woven fabrics of carded wool or of carded fine animal hair:,,0,,1988-01-01
,10,2,containing 85% or more by weight of wool or of fine animal hair:,,,,1988-01-01
51111100,80,3,of a weight not exceeding 300 g/m²,Fr. per 100 kg gross,1,0.00,1988-01-01
51111900,80,3,other,Fr. per 100 kg gross,1,0.00,1988-01-01
51112000,80,2,"other, mixed mainly or solely with man-made filaments",Fr. per 100 kg gross,1,0.00,1988-01-01
51113000,80,2,"other, mixed mainly or solely with man-made staple fibres",Fr. per 100 kg gross,1,0.00,1988-01-01
51119000,80,2,other,Fr. per 100 kg gross,1,0.00,1988-01-01
5112,80,1,Woven fabrics of combed wool or of combed fine animal hair:,,0,,1988-01-01
,10,2,containing 85% or more by weight of wool or of fine animal hair:,,,,1988-01-01
51121100,80,3,of a weight not exceeding 200 g/m²,Fr. per 100 kg gross,1,0.00,2024-01-01
51121900,80,3,other,Fr. per 100 kg gross,1,0.00,2024-01-01
51122000,80,2,"other, mixed mainly or solely with man-made filaments",Fr. per 100 kg gross,1,0.00,2024-01-01
51123000,80,2,"other, mixed mainly or solely with man-made staple fibres",Fr. per 100 kg gross,1,0.00,2024-01-01
51129000,80,2,other,Fr. per 100 kg gross,1,0.00,2024-01-01
51130000,80,1,Woven fabrics of coarse animal hair or of horsehair,Fr. per 100 kg gross,1,0.00,1988-01-01
52,80,0,Cotton,,0,,1988-01-01
52010000,80,1,"Cotton, not carded or combed",Fr. per 100 kg gross,1,0.00,2024-01-01
5202,80,1,Cotton waste (including yarn waste and garnetted stock):,,0,,1988-01-01
52021000,80,2,yarn waste (including thread waste),Fr. per 100 kg gross,1,0.00,1988-01-01
,10,2,other:,,,,1988-01-01
52029100,80,3,garnetted stock,Fr. per 100 kg gross,1,0.00,1988-01-01
52029900,80,3,other,Fr. per 100 kg gross,1,0.00,1988-01-01
52030000,80,1,"Cotton, carded or combed",Fr. per 100 kg gross,1,0.00,1988-01-01
5204,80,1,"Cotton sewing thread, whether or not put up for retail sale:",,0,,1988-01-01
,10,2,not put up for retail sale:,,,,1988-01-01
52041100,80,3,containing 85% or more by weight of cotton,Fr. per 100 kg gross,1,0.00,1988-01-01
52041900,80,3,other,Fr. per 100 kg gross,1,0.00,1988-01-01
52042000,80,2,put up for retail sale,Fr. per 100 kg gross,1,0.00,1988-01-01
5205,80,1,"Cotton yarn (other than sewing thread), containing 85% or more by weight of cotton, not put up for retail sale:",,0,,1988-01-01
,10,2,"single yarn, of uncombed fibres:",,,,1988-01-01
52051100,80,3,measuring 714.29 decitex or more (not exceeding 14 metric number),Fr. per 100 kg gross,1,0.00,2024-01-01
52051200,80,3,measuring less than 714.29 decitex but not less than 232.56 decitex (exceeding 14 metric number but not exceeding 43 metric number),Fr. per 100 kg gross,1,0.00,2024-01-01
52051300,80,3,measuring less than 232.56 decitex but not less than 192.31 decitex (exceeding 43 metric number but not exceeding 52 metric number),Fr. per 100 kg gross,1,0.00,2024-01-01
52051400,80,3,measuring less than 192.31 decitex but not less than 125 decitex (exceeding 52 metric number but not exceeding 80 metric number),Fr. per 100 kg gross,1,0.00,2024-01-01
52051500,80,3,measuring less than 125 decitex (exceeding 80 metric number),Fr. per 100 kg gross,1,0.00,2024-01-01
,10,2,"single yarn, of combed fibres:",,,,1988-01-01
52052100,80,3,measuring 714.29 decitex or more (not exceeding 14 metric number),Fr. per 100 kg gross,1,0.00,2024-01-01
52052200,80,3,measuring less than 714.29 decitex but not less than 232.56 decitex (exceeding 14 metric number but not exceeding 43 metric number),Fr. per 100 kg gross,1,0.00,2024-01-01
52052300,80,3,measuring less than 232.56 decitex but not less than 192.31 decitex (exceeding 43 metric number but not exceeding 52 metric number),Fr. per 100 kg gross,1,0.00,2024-01-01
52052400,80,3,measuring less than 192.31 decitex but not less than 125 decitex (exceeding 52 metric number but not exceeding 80 metric number),Fr. per 100 kg gross,1,0.00,2024-01-01
52052600,80,3,measuring less than 125 decitex but not less than 106.38 decitex (exceeding 80 metric number but not exceeding 94 metric number),Fr. per 100 kg gross,1,0.00,2024-01-01
52052700,80,3,measuring less than 106.38 decitex but not less than 83.33 decitex (exceeding 94 metric number but not exceeding 120 metric number),Fr. per 100 kg gross,1,0.00,2024-01-01
52052800,80,3,measuring less than 83.33 decitex (exceeding 120 metric number),Fr. per 100 kg gross,1,0.00,2024-01-01
,10,2,"multiple (folded) or cabled yarn, of uncombed fibres:",,,,1988-01-01
52053100,80,3,measuring per single yarn 714.29 decitex or more (not exceeding 14 metric number per single yarn),Fr. per 100 kg gross,1,0.00,2024-01-01
52053200,80,3,measuring per single yarn less than 714.29 decitex but not less than 232.56 decitex (exceeding 14 metric number but not exceeding 43 metric number per single yarn),Fr. per 100 kg gross,1,0.00,2024-01-01
52053300,80,3,measuring per single yarn less than 232.56 decitex but not less than 192.31 decitex (exceeding 43 metric number but not exceeding 52 metric number per single yarn),Fr. per 100 kg gross,1,0.00,2024-01-01
52053400,80,3,measuring per single yarn less than 192.31 decitex but not less than 125 decitex (exceeding 52 metric number but not exceeding 80 metric number per single yarn),Fr. per 100 kg gross,1,0.00,2024-01-01
52053500,80,3,measuring per single yarn less than 125 decitex (exceeding 80 metric number per single yarn),Fr. per 100 kg gross,1,0.00,2024-01-01
,10,2,"multiple (folded) or cabled yarn, of combed fibres:",,,,1988-01-01
52054100,80,3,measuring per single yarn 714.29 decitex or more (not exceeding 14 metric number per single yarn),Fr. per 100 kg gross,1,0.00,2024-01-01
52054200,80,3,measuring per single yarn less than 714.29 decitex but not less than 232.56 decitex (exceeding 14 metric number but not exceeding 43 metric number per single yarn),Fr. per 100 kg gross,1,0.00,2024-01-01
52054300,80,3,measuring per single yarn less than 232.56 decitex but not less than 192.31 decitex (exceeding 43 metric number but not exceeding 52 metric number per single yarn),Fr. per 100 kg gross,1,0.00,2024-01-01
52054400,80,3,measuring per single yarn less than 192.31 decitex but not less than 125 decitex (exceeding 52 metric number but not exceeding 80 metric number per single yarn),Fr. per 100 kg gross,1,0.00,2024-01-01
52054600,80,3,measuring per single yarn less than 125 decitex but not less than 106.38 decitex (exceeding 80 metric number but not exceeding 94 metric number per single yarn),Fr. per 100 kg gross,1,0.00,2024-01-01
52054700,80,3,measuring per single yarn less than 106.38 decitex but not less than 83.33 decitex (exceeding 94 metric number but not exceeding 120 metric number per single yarn),Fr. per 100 kg gross,1,0.00,2024-01-01
52054800,80,3,measuring per single yarn less than 83.33 decitex (exceeding 120 metric number per single yarn),Fr. per 100 kg gross,1,0.00,2024-01-01
5206,80,1,"Cotton yarn (other than sewing thread), containing less than 85% by weight of cotton, not put up for retail sale:",,0,,1988-01-01
,10,2,"single yarn, of uncombed fibres:",,,,1988-01-01
52061100,80,3,measuring 714.29 decitex or more (not exceeding 14 metric number),Fr. per 100 kg gross,1,0.00,2024-01-01
52061200,80,3,measuring less than 714.29 decitex but not less than 232.56 decitex (exceeding 14 metric number but not exceeding 43 metric number),Fr. per 100 kg gross,1,0.00,2024-01-01
52061300,80,3,measuring less than 232.56 decitex but not less than 192.31 decitex (exceeding 43 metric number but not exceeding 52 metric number),Fr. per 100 kg gross,1,0.00,2024-01-01
52061400,80,3,measuring less than 192.31 decitex but not less than 125 decitex (exceeding 52 metric number but not exceeding 80 metric number),Fr. per 100 kg gross,1,0.00,2024-01-01
52061500,80,3,measuring less than 125 decitex (exceeding 80 metric number),Fr. per 100 kg gross,1,0.00,2024-01-01
,10,2,"single yarn, of combed fibres:",,,,1988-01-01
52062100,80,3,measuring 714.29 decitex or more (not exceeding 14 metric number),Fr. per 100 kg gross,1,0.00,2024-01-01
52062200,80,3,measuring less than 714.29 decitex but not less than 232.56 decitex (exceeding 14 metric number but not exceeding 43 metric number),Fr. per 100 kg gross,1,0.00,2024-01-01
52062300,80,3,measuring less than 232.56 decitex but not less than 192.31 decitex (exceeding 43 metric number but not exceeding 52 metric number),Fr. per 100 kg gross,1,0.00,2024-01-01
52062400,80,3,measuring less than 192.31 decitex but not less than 125 decitex (exceeding 52 metric number but not exceeding 80 metric number),Fr. per 100 kg gross,1,0.00,2024-01-01
52062500,80,3,measuring less than 125 decitex (exceeding 80 metric number),Fr. per 100 kg gross,1,0.00,2024-01-01
,10,2,"multiple (folded) or cabled yarn, of uncombed fibres:",,,,1988-01-01
52063100,80,3,measuring per single yarn 714.29 decitex or more (not exceeding 14 metric number per single yarn),Fr. per 100 kg gross,1,0.00,2024-01-01
52063200,80,3,measuring per single yarn less than 714.29 decitex but not less than 232.56 decitex (exceeding 14 metric number but not exceeding 43 metric number per single yarn),Fr. per 100 kg gross,1,0.00,2024-01-01
52063300,80,3,measuring per single yarn less than 232.56 decitex but not less than 192.31 decitex (exceeding 43 metric number but not exceeding 52 metric number per single yarn),Fr. per 100 kg gross,1,0.00,2024-01-01
52063400,80,3,measuring per single yarn less than 192.31 decitex but not less than 125 decitex (exceeding 52 metric number but not exceeding 80 metric number per single yarn),Fr. per 100 kg gross,1,0.00,2024-01-01
52063500,80,3,measuring per single yarn less than 125 decitex (exceeding 80 metric number per single yarn),Fr. per 100 kg gross,1,0.00,2024-01-01
,10,2,"multiple (folded) or cabled yarn, of combed fibres:",,,,1988-01-01
52064100,80,3,measuring per single yarn 714.29 decitex or more (not exceeding 14 metric number per single yarn),Fr. per 100 kg gross,1,0.00,2024-01-01
52064200,80,3,measuring per single yarn less than 714.29 decitex but not less than 232.56 decitex (exceeding 14 metric number but not exceeding 43 metric number per single yarn),Fr. per 100 kg gross,1,0.00,2024-01-01
52064300,80,3,measuring per single yarn less than 232.56 decitex but not less than 192.31 decitex (exceeding 43 metric number but not exceeding 52 metric number per single yarn),Fr. per 100 kg gross,1,0.00,2024-01-01
52064400,80,3,measuring per single yarn less than 192.31 decitex but not less than 125 decitex (exceeding 52 metric number but not exceeding 80 metric number per single yarn),Fr. per 100 kg gross,1,0.00,2024-01-01
52064500,80,3,measuring per single yarn less than 125 decitex (exceeding 80 metric number per single yarn),Fr. per 100 kg gross,1,0.00,2024-01-01
5207,80,1,Cotton yarn (other than sewing thread) put up for retail sale:,,0,,1988-01-01
52071000,80,2,containing 85% or more by weight of cotton,Fr. per 100 kg gross,1,0.00,1988-01-01
52079000,80,2,other,Fr. per 100 kg gross,1,0.00,1988-01-01
5208,80,1,"Woven fabrics of cotton, containing 85% or more by weight of cotton, weighing not more than 200 g/m²:",,0,,1988-01-01
,10,2,unbleached:,,,,1988-01-01
52081100,80,3,"plain weave, weighing not more than 100 g/m²",Fr. per 100 kg gross,1,0.00,1988-01-01
52081200,80,3,"plain weave, weighing more than 100 g/m²",Fr. per 100 kg gross,1,0.00,1988-01-01
52081300,80,3,"3-thread or 4-thread twill, including cross twill",Fr. per 100 kg gross,1,0.00,1988-01-01
52081900,80,3,other woven fabrics,Fr. per 100 kg gross,1,0.00,1988-01-01
,10,2,bleached:,,,,1988-01-01
52082100,80,3,"plain weave, weighing not more than 100 g/m²",Fr. per 100 kg gross,1,0.00,1988-01-01
52082200,80,3,"plain weave, weighing more than 100 g/m²",Fr. per 100 kg gross,1,0.00,1988-01-01
52082300,80,3,"3-thread or 4-thread twill, including cross twill",Fr. per 100 kg gross,1,0.00,1988-01-01
52082900,80,3,other woven fabrics,Fr. per 100 kg gross,1,0.00,1988-01-01
,10,2,dyed:,,,,1988-01-01
52083100,80,3,"plain weave, weighing not more than 100 g/m²",Fr. per 100 kg gross,1,0.00,1988-01-01
52083200,80,3,"plain weave, weighing more than 100 g/m²",Fr. per 100 kg gross,1,0.00,1988-01-01
52083300,80,3,"3-thread or 4-thread twill, including cross twill",Fr. per 100 kg gross,1,0.00,1988-01-01
52083900,80,3,other woven fabrics,Fr. per 100 kg gross,1,0.00,1988-01-01
,10,2,of yarns of different colours:,,,,1988-01-01
52084100,80,3,"plain weave, weighing not more than 100 g/m²",Fr. per 100 kg gross,1,0.00,1988-01-01
52084200,80,3,"plain weave, weighing more than 100 g/m²",Fr. per 100 kg gross,1,0.00,1988-01-01
52084300,80,3,"3-thread or 4-thread twill, including cross twill",Fr. per 100 kg gross,1,0.00,1988-01-01
52084900,80,3,other woven fabrics,Fr. per 100 kg gross,1,0.00,1988-01-01
,10,2,printed:,,,,1988-01-01
52085100,80,3,"plain weave, weighing not more than 100 g/m²",Fr. per 100 kg gross,1,0.00,1988-01-01
52085200,80,3,"plain weave, weighing more than 100 g/m²",Fr. per 100 kg gross,1,0.00,1988-01-01
52085900,80,3,other woven fabrics,Fr. per 100 kg gross,1,0.00,1988-01-01
5209,80,1,"Woven fabrics of cotton, containing 85% or more by weight of cotton, weighing more than 200 g/m²:",,0,,1988-01-01
,10,2,unbleached:,,,,1988-01-01
52091100,80,3,plain weave,Fr. per 100 kg gross,1,0.00,1988-01-01
52091200,80,3,"3-thread or 4-thread twill, including cross twill",Fr. per 100 kg gross,1,0.00,1988-01-01
52091900,80,3,other woven fabrics,Fr. per 100 kg gross,1,0.00,1988-01-01
,10,2,bleached:,,,,1988-01-01
52092100,80,3,plain weave,Fr. per 100 kg gross,1,0.00,1988-01-01
52092200,80,3,"3-thread or 4-thread twill, including cross twill",Fr. per 100 kg gross,1,0.00,1988-01-01
52092900,80,3,other woven fabrics,Fr. per 100 kg gross,1,0.00,1988-01-01
,10,2,dyed:,,,,1988-01-01
52093100,80,3,plain weave,Fr. per 100 kg gross,1,0.00,1988-01-01
52093200,80,3,"3-thread or 4-thread twill, including cross twill",Fr. per 100 kg gross,1,0.00,1988-01-01
52093900,80,3,other woven fabrics,Fr. per 100 kg gross,1,0.00,1988-01-01
,10,2,of yarns of different colours:,,,,1988-01-01
52094100,80,3,plain weave,Fr. per 100 kg gross,1,0.00,1988-01-01
52094200,80,3,Denim,Fr. per 100 kg gross,1,0.00,1988-01-01
52094300,80,3,"other fabrics of 3-thread or 4-thread twill, including cross twill",Fr. per 100 kg gross,1,0.00,1988-01-01
52094900,80,3,other woven fabrics,Fr. per 100 kg gross,1,0.00,1988-01-01
,10,2,printed:,,,,1988-01-01
52095100,80,3,plain weave,Fr. per 100 kg gross,1,0.00,1988-01-01
52095200,80,3,"3-thread or 4-thread twill, including cross twill",Fr. per 100 kg gross,1,0.00,1988-01-01
52095900,80,3,other woven fabrics,Fr. per 100 kg gross,1,0.00,1988-01-01
5210,80,1,"Woven fabrics of cotton, containing less than 85% by weight of cotton, mixed mainly or solely with man-made fibres, weighing not more than 200 g/m²:",,0,,1988-01-01
,10,2,unbleached:,,,,1988-01-01
52101100,80,3,plain weave,Fr. per 100 kg gross,1,0.00,1988-01-01
52101900,80,3,other woven fabrics,Fr. per 100 kg gross,1,0.00,1988-01-01
,10,2,bleached:,,,,1988-01-01
52102100,80,3,plain weave,Fr. per 100 kg gross,1,0.00,1988-01-01
52102900,80,3,other woven fabrics,Fr. per 100 kg gross,1,0.00,1988-01-01
,10,2,dyed:,,,,1988-01-01
52103100,80,3,plain weave,Fr. per 100 kg gross,1,0.00,1988-01-01
52103200,80,3,"3-thread or 4-thread twill, including cross twill",Fr. per 100 kg gross,1,0.00,1988-01-01
52103900,80,3,other woven fabrics,Fr. per 100 kg gross,1,0.00,1988-01-01
,10,2,of yarns of different colours:,,,,1988-01-01
52104100,80,3,plain weave,Fr. per 100 kg gross,1,0.00,1988-01-01
52104900,80,3,other woven fabrics,Fr. per 100 kg gross,1,0.00,1988-01-01
,10,2,printed:,,,,1988-01-01
52105100,80,3,plain weave,Fr. per 100 kg gross,1,0.00,1988-01-01
52105900,80,3,other woven fabrics,Fr. per 100 kg gross,1,0.00,1988-01-01
5211,80,1,"Woven fabrics of cotton, containing less than 85% by weight of cotton, mixed mainly or solely with man-made fibres, weighing more than 200 g/m²:",,0,,1988-01-01
,10,2,unbleached:,,,,1988-01-01
52111100,80,3,plain weave,Fr. per 100 kg gross,1,0.00,1988-01-01
52111200,80,3,"3-thread or 4-thread twill, including cross twill",Fr. per 100 kg gross,1,0.00,1988-01-01
52111900,80,3,other woven fabrics,Fr. per 100 kg gross,1,0.00,1988-01-01
52112000,80,2,bleached,Fr. per 100 kg gross,1,0.00,2007-01-01
,10,2,dyed:,,,,1988-01-01
52113100,80,3,plain weave,Fr. per 100 kg gross,1,0.00,1988-01-01
52113200,80,3,"3-thread or 4-thread twill, including cross twill",Fr. per 100 kg gross,1,0.00,1988-01-01
52113900,80,3,other woven fabrics,Fr. per 100 kg gross,1,0.00,1988-01-01
,10,2,of yarns of different colours:,,,,1988-01-01
52114100,80,3,plain weave,Fr. per 100 kg gross,1,0.00,1988-01-01
52114200,80,3,Denim,Fr. per 100 kg gross,1,0.00,1988-01-01
52114300,80,3,"other fabrics of 3-thread or 4-thread twill, including cross twill",Fr. per 100 kg gross,1,0.00,1988-01-01
52114900,80,3,other woven fabrics,Fr. per 100 kg gross,1,0.00,1988-01-01
,10,2,printed:,,,,1988-01-01
52115100,80,3,plain weave,Fr. per 100 kg gross,1,0.00,1988-01-01
52115200,80,3,"3-thread or 4-thread twill, including cross twill",Fr. per 100 kg gross,1,0.00,1988-01-01
52115900,80,3,other woven fabrics,Fr. per 100 kg gross,1,0.00,1988-01-01
5212,80,1,Other woven fabrics of cotton:,,0,,1988-01-01
,10,2,weighing not more than 200 g/m²:,,,,1988-01-01
52121100,80,3,unbleached,Fr. per 100 kg gross,1,0.00,1988-01-01
52121200,80,3,bleached,Fr. per 100 kg gross,1,0.00,1988-01-01
52121300,80,3,dyed,Fr. per 100 kg gross,1,0.00,1988-01-01
52121400,80,3,of yarns of different colours,Fr. per 100 kg gross,1,0.00,1988-01-01
52121500,80,3,printed,Fr. per 100 kg gross,1,0.00,1988-01-01
,10,2,weighing more than 200 g/m²:,,,,1988-01-01
52122100,80,3,unbleached,Fr. per 100 kg gross,1,0.00,1988-01-01
52122200,80,3,bleached,Fr. per 100 kg gross,1,0.00,1988-01-01
52122300,80,3,dyed,Fr. per 100 kg gross,1,0.00,1988-01-01
52122400,80,3,of yarns of different colours,Fr. per 100 kg gross,1,0.00,1988-01-01
52122500,80,3,printed,Fr. per 100 kg gross,1,0.00,1988-01-01
53,80,0,Other vegetable textile fibres; paper yarn and woven fabrics of paper yarn,,0,,1988-01-01
5301,80,1,"Flax, raw or processed but not spun; flax tow and waste (including yarn waste and garnetted stock):",,0,,1988-01-01
53011000,80,2,"flax, raw or retted",Fr. per 100 kg gross,1,0.00,1988-01-01
,10,2,"flax, broken, scutched, hackled or otherwise processed, but not spun:",,,,1988-01-01
53012100,80,3,broken or scutched,Fr. per 100 kg gross,1,0.00,1988-01-01
53012900,80,3,other,Fr. per 100 kg gross,1,0.00,1988-01-01
53013000,80,2,flax tow and waste,Fr. per 100 kg gross,1,0.00,1988-01-01
5302,80,1,"True hemp (Cannabis sativa L.), raw or processed but not spun; tow and waste of true hemp (including yarn waste and garnetted stock):",,0,,1988-01-01
53021000,80,2,"true hemp, raw or retted",Fr. per 100 kg gross,1,0.00,1988-01-01
53029000,80,2,other,Fr. per 100 kg gross,1,0.00,1988-01-01
5303,80,1,"Jute and other textile bast fibres (excluding flax, true hemp and ramie), raw or processed but not spun; tow and waste of these fibres (including yarn waste and garnetted stock):",,0,,1988-01-01
53031000,80,2,"jute and other textile bast fibres, raw or retted",Fr. per 100 kg gross,1,0.00,1988-01-01
53039000,80,2,other,Fr. per 100 kg gross,1,0.00,1988-01-01
53050000,80,1,"Coconut, abaca (Manila hemp or «Musa textilis Nee»), ramie and other vegetable textile fibres, not elsewhere specified or included, raw or processed but not spun; tow, noils and waste of these fibres (including yarn waste and garnetted stock)",Fr. per 100 kg gross,1,0.00,2007-01-01
5306,80,1,Flax yarn:,,0,,1988-01-01
53061000,80,2,single yarn,Fr. per 100 kg gross,1,0.00,2024-01-01
53062000,80,2,multiple (folded) or cabled yarn,Fr. per 100 kg gross,1,0.00,2024-01-01
5307,80,1,Yarn of jute or of other textile bast fibres of heading 5303:,,0,,1988-01-01
53071000,80,2,single yarn,Fr. per 100 kg gross,1,0.00,1988-01-01
53072000,80,2,multiple (folded) or cabled yarn,Fr. per 100 kg gross,1,0.00,1988-01-01
5308,80,1,Yarn of other vegetable textile fibres; paper yarn:,,0,,1988-01-01
53081000,80,2,coir yarn,Fr. per 100 kg gross,1,0.00,1988-01-01
53082000,80,2,true hemp yarn,Fr. per 100 kg gross,1,0.00,1988-01-01
53089000,80,2,other,Fr. per 100 kg gross,1,0.00,2024-01-01
5309,80,1,Woven fabrics of flax:,,0,,1988-01-01
,10,2,containing 85% or more by weight of flax:,,,,1988-01-01
53091100,80,3,unbleached or bleached,Fr. per 100 kg gross,1,0.00,1988-01-01
53091900,80,3,other,Fr. per 100 kg gross,1,0.00,1988-01-01
,10,2,containing less than 85% by weight of flax:,,,,1988-01-01
53092100,80,3,unbleached or bleached,Fr. per 100 kg gross,1,0.00,1988-01-01
53092900,80,3,other,Fr. per 100 kg gross,1,0.00,1988-01-01
5310,80,1,Woven fabrics of jute or of other textile bast fibres of heading 5303:,,0,,1988-01-01
53101000,80,2,unbleached,Fr. per 100 kg gross,1,0.00,1988-01-01
53109000,80,2,other,Fr. per 100 kg gross,1,0.00,1988-01-01
53110000,80,1,Woven fabrics of other vegetable textile fibres; woven fabrics of paper yarn,Fr. per 100 kg gross,1,0.00,1988-01-01
54,80,0,Man-made filaments; strip and the like of man-made textile materials,,0,,1988-01-01
5401,80,1,"Sewing thread of man-made filaments, whether or not put up for retail sale:",,0,,1988-01-01
54011000,80,2,of synthetic filaments,Fr. per 100 kg gross,1,0.00,1988-01-01
54012000,80,2,of artificial filaments,Fr. per 100 kg gross,1,0.00,1988-01-01
5402,80,1,"Synthetic filament yarn (other than sewing thread), not put up for retail sale, including synthetic monofilament of less than 67 decitex:",,0,,1988-01-01
,10,2,"high tenacity yarn of nylon or other polyamides, whether or not textured:",,,,2007-01-01
54021100,80,3,of aramids,Fr. per 100 kg gross,1,0.00,2007-01-01
54021900,80,3,other,Fr. per 100 kg gross,1,0.00,2007-01-01
54022000,80,2,"high tenacity yarn of polyesters, whether or not textured",Fr. per 100 kg gross,1,0.00,1988-01-01
,10,2,textured yarn:,,,,1988-01-01
54023100,80,3,"of nylon or other polyamides, measuring per single yarn not more than 50 tex",Fr. per 100 kg gross,1,0.00,1988-01-01
54023200,80,3,"of nylon or other polyamides, measuring per single yarn more than 50 tex",Fr. per 100 kg gross,1,0.00,1988-01-01
54023300,80,3,of polyesters,Fr. per 100 kg gross,1,0.00,1988-01-01
54023400,80,3,of polypropylene,Fr. per 100 kg gross,1,0.00,2007-01-01
54023900,80,3,other,Fr. per 100 kg gross,1,0.00,1988-01-01
,10,2,"other yarn, single, untwisted or with a twist not exceeding 50 turns per metre:",,,,1988-01-01
54024400,80,3,elastomeric,Fr. per 100 kg gross,1,0.00,2007-01-01
54024500,80,3,"other, of nylon or other polyamides",Fr. per 100 kg gross,1,0.00,2007-01-01
54024600,80,3,"other, of polyesters, partially oriented",Fr. per 100 kg gross,1,0.00,2007-01-01
54024700,80,3,"other, of polyesters",Fr. per 100 kg gross,1,0.00,2007-01-01
54024800,80,3,"other, of polypropylene",Fr. per 100 kg gross,1,0.00,2007-01-01
54024900,80,3,other,Fr. per 100 kg gross,1,0.00,1988-01-01
,10,2,"other yarn, single, with a twist exceeding 50 turns per metre:",,,,1988-01-01
54025100,80,3,of nylon or other polyamides,Fr. per 100 kg gross,1,0.00,1988-01-01
54025200,80,3,of polyesters,Fr. per 100 kg gross,1,0.00,1988-01-01
54025300,80,3,of polypropylene,Fr. per 100 kg gross,1,0.00,2017-01-01
54025900,80,3,other,Fr. per 100 kg gross,1,0.00,1988-01-01
,10,2,"other yarn, multiple (folded) or cabled:",,,,1988-01-01
54026100,80,3,of nylon or other polyamides,Fr. per 100 kg gross,1,0.00,1988-01-01
54026200,80,3,of polyesters,Fr. per 100 kg gross,1,0.00,1988-01-01
54026300,80,3,of polypropylene,Fr. per 100 kg gross,1,0.00,2017-01-01
54026900,80,3,other,Fr. per 100 kg gross,1,0.00,1988-01-01
5403,80,1,"Artificial filament yarn (other than sewing thread), not put up for retail sale, including artificial monofilament of less than 67 decitex:",,0,,1988-01-01
54031000,80,2,high tenacity yarn of viscose rayon,Fr. per 100 kg gross,1,0.00,1988-01-01
,10,2,"other yarn, single:",,,,1988-01-01
54033100,80,3,"of viscose rayon, untwisted or with a twist not exceeding 120 turns per metre",Fr. per 100 kg gross,1,0.00,1988-01-01
54033200,80,3,"of viscose rayon, with a twist exceeding 120 turns per metre",Fr. per 100 kg gross,1,0.00,1988-01-01
54033300,80,3,of cellulose acetate,Fr. per 100 kg gross,1,0.00,1988-01-01
54033900,80,3,other,Fr. per 100 kg gross,1,0.00,1988-01-01
,10,2,"other yarn, multiple (folded) or cabled:",,,,1988-01-01
54034100,80,3,of viscose rayon,Fr. per 100 kg gross,1,0.00,1988-01-01
54034200,80,3,of cellulose acetate,Fr. per 100 kg gross,1,0.00,1988-01-01
54034900,80,3,other,Fr. per 100 kg gross,1,0.00,1988-01-01
5404,80,1,"Synthetic monofilament of 67 decitex or more and of which no cross-sectional dimension exceeds 1 mm; strip and the like (for example, artificial straw) of synthetic textile materials of an apparent width not exceeding 5 mm:",,0,,1988-01-01
,10,2,monofilament:,,,,2007-01-01
54041100,80,3,elastomeric,Fr. per 100 kg gross,1,0.00,2007-01-01
54041200,80,3,"other, of polypropylene",Fr. per 100 kg gross,1,0.00,2007-01-01
54041900,80,3,other,Fr. per 100 kg gross,1,0.00,2007-01-01
54049000,80,2,other,Fr. per 100 kg gross,1,0.00,1988-01-01
54050000,80,1,"Artificial monofilament of 67 decitex or more and of which no cross-sectional dimension exceeds 1 mm; strip and the like (for example, artificial straw) of artificial textile materials of an apparent width not exceeding 5 mm",Fr. per 100 kg gross,1,0.00,1988-01-01
54060000,80,1,"Man-made filament yarn (other than sewing thread), put up for retail sale",Fr. per 100 kg gross,1,0.00,2024-01-01
5407,80,1,"Woven fabrics of synthetic filament yarn, including woven fabrics obtained from materials of heading 5404:",,0,,1988-01-01
54071000,80,2,woven fabrics obtained from high tenacity yarn of nylon or other polyamides or of polyesters,Fr. per 100 kg gross,1,0.00,1988-01-01
54072000,80,2,woven fabrics obtained from strip or the like,Fr. per 100 kg gross,1,0.00,1988-01-01
54073000,80,2,fabrics specified in Note 9 to Section XI,Fr. per 100 kg gross,1,0.00,1988-01-01
,10,2,"other woven fabrics, containing 85% or more by weight of filaments of nylon or other polyamides:",,,,1988-01-01
54074100,80,3,unbleached or bleached,Fr. per 100 kg gross,1,0.00,1988-01-01
54074200,80,3,dyed,Fr. per 100 kg gross,1,0.00,1988-01-01
54074300,80,3,of yarns of different colours,Fr. per 100 kg gross,1,0.00,1988-01-01
54074400,80,3,printed,Fr. per 100 kg gross,1,0.00,1988-01-01
,10,2,"other woven fabrics, containing 85% or more by weight of textured polyester filaments:",,,,1988-01-01
54075100,80,3,unbleached or bleached,Fr. per 100 kg gross,1,0.00,1988-01-01
54075200,80,3,dyed,Fr. per 100 kg gross,1,0.00,1988-01-01
54075300,80,3,of yarns of different colours,Fr. per 100 kg gross,1,0.00,1988-01-01
54075400,80,3,printed,Fr. per 100 kg gross,1,0.00,1988-01-01
,10,2,"other woven fabrics, containing 85% or more by weight of polyester filaments:",,,,1996-01-01
54076100,80,3,containing 85% or more by weight of non-textured polyester filaments,Fr. per 100 kg gross,1,0.00,2024-01-01
54076900,80,3,other,Fr. per 100 kg gross,1,0.00,2024-01-01
,10,2,"other woven fabrics, containing 85% or more by weight of synthetic filaments:",,,,1988-01-01
54077100,80,3,unbleached or bleached,Fr. per 100 kg gross,1,0.00,1988-01-01
54077200,80,3,dyed,Fr. per 100 kg gross,1,0.00,1988-01-01
54077300,80,3,of yarns of different colours,Fr. per 100 kg gross,1,0.00,1988-01-01
54077400,80,3,printed,Fr. per 100 kg gross,1,0.00,1988-01-01
,10,2,"other woven fabrics, containing less than 85% by weight of synthetic filaments, mixed mainly or solely with cotton:",,,,1988-01-01
54078100,80,3,unbleached or bleached,Fr. per 100 kg gross,1,0.00,1988-01-01
54078200,80,3,dyed,Fr. per 100 kg gross,1,0.00,1988-01-01
54078300,80,3,of yarns of different colours,Fr. per 100 kg gross,1,0.00,1988-01-01
54078400,80,3,printed,Fr. per 100 kg gross,1,0.00,1988-01-01
,10,2,other woven fabrics:,,,,1988-01-01
54079100,80,3,unbleached or bleached,Fr. per 100 kg gross,1,0.00,1988-01-01
54079200,80,3,dyed,Fr. per 100 kg gross,1,0.00,1988-01-01
54079300,80,3,of yarns of different colours,Fr. per 100 kg gross,1,0.00,1988-01-01
54079400,80,3,printed,Fr. per 100 kg gross,1,0.00,1988-01-01
5408,80,1,"Woven fabrics of artificial filament yarn, including woven fabrics obtained from materials of heading 5405:",,0,,1988-01-01
54081000,80,2,woven fabrics obtained from high tenacity yarn of viscose rayon,Fr. per 100 kg gross,1,0.00,1988-01-01
,10,2,"other woven fabrics, containing 85% or more by weight of artificial filament or strip or the like:",,,,1988-01-01
54082100,80,3,unbleached or bleached,Fr. per 100 kg gross,1,0.00,1988-01-01
54082200,80,3,dyed,Fr. per 100 kg gross,1,0.00,1988-01-01
54082300,80,3,of yarns of different colours,Fr. per 100 kg gross,1,0.00,1988-01-01
54082400,80,3,printed,Fr. per 100 kg gross,1,0.00,1988-01-01
,10,2,other woven fabrics:,,,,1988-01-01
54083100,80,3,unbleached or bleached,Fr. per 100 kg gross,1,0.00,1988-01-01
54083200,80,3,dyed,Fr. per 100 kg gross,1,0.00,1988-01-01
54083300,80,3,of yarns of different colours,Fr. per 100 kg gross,1,0.00,1988-01-01
54083400,80,3,printed,Fr. per 100 kg gross,1,0.00,1988-01-01
55,80,0,Man-made staple fibres,,0,,1988-01-01
5501,80,1,Synthetic filament tow:,,0,,1988-01-01
,10,2,of nylon or other polyamides:,,,,2022-01-01
55011100,80,3,of aramids,Fr. per 100 kg gross,1,0.00,2022-01-01
55011900,80,3,other,Fr. per 100 kg gross,1,0.00,2022-01-01
55012000,80,2,of polyesters,Fr. per 100 kg gross,1,0.00,1988-01-01
55013000,80,2,acrylic or modacrylic,Fr. per 100 kg gross,1,0.00,1988-01-01
55014000,80,2,of polypropylene,Fr. per 100 kg gross,1,0.00,2007-01-01
55019000,80,2,other,Fr. per 100 kg gross,1,0.00,1988-01-01
5502,80,1,Artificial filament tow:,,0,,1988-01-01
55021000,80,2,of cellulose acetate,Fr. per 100 kg gross,1,0.00,2017-01-01
55029000,80,2,other,Fr. per 100 kg gross,1,0.00,2017-01-01
5503,80,1,"Synthetic staple fibres, not carded, combed or otherwise processed for spinning:",,0,,1988-01-01
,10,2,of nylon or other polyamides:,,,,2007-01-01
55031100,80,3,of aramids,Fr. per 100 kg gross,1,0.00,2007-01-01
55031900,80,3,other,Fr. per 100 kg gross,1,0.00,2007-01-01
55032000,80,2,of polyesters,Fr. per 100 kg gross,1,0.00,1988-01-01
55033000,80,2,acrylic or modacrylic,Fr. per 100 kg gross,1,0.00,1988-01-01
55034000,80,2,of polypropylene,Fr. per 100 kg gross,1,0.00,1993-01-01
55039000,80,2,other,Fr. per 100 kg gross,1,0.00,1993-01-01
5504,80,1,"Artificial staple fibres, not carded, combed or otherwise processed for spinning:",,0,,1988-01-01
55041000,80,2,of viscose rayon,Fr. per 100 kg gross,1,0.00,1988-01-01
55049000,80,2,other,Fr. per 100 kg gross,1,0.00,1988-01-01
5505,80,1,"Waste (including noils, yarn waste and garnetted stock) of man-made fibres:",,0,,1988-01-01
55051000,80,2,of synthetic fibres,Fr. per 100 kg gross,1,0.00,1988-01-01
55052000,80,2,of artificial fibres,Fr. per 100 kg gross,1,0.00,1988-01-01
5506,80,1,"Synthetic staple fibres, carded, combed or otherwise processed for spinning:",,0,,1988-01-01
55061000,80,2,of nylon or other polyamides,Fr. per 100 kg gross,1,0.00,1988-01-01
55062000,80,2,of polyesters,Fr. per 100 kg gross,1,0.00,1988-01-01
55063000,80,2,acrylic or modacrylic,Fr. per 100 kg gross,1,0.00,1988-01-01
55064000,80,2,of polypropylene,Fr. per 100 kg gross,1,0.00,2017-01-01
55069000,80,2,other,Fr. per 100 kg gross,1,0.00,1988-01-01
55070000,80,1,"Artificial staple fibres, carded, combed or otherwise processed for spinning",Fr. per 100 kg gross,1,0.00,1988-01-01
5508,80,1,"Sewing thread of man-made staple fibres, whether or not put up for retail sale:",,0,,1988-01-01
55081000,80,2,of synthetic staple fibres,Fr. per 100 kg gross,1,0.00,1988-01-01
55082000,80,2,of artificial staple fibres,Fr. per 100 kg gross,1,0.00,1988-01-01
5509,80,1,"Yarn (other than sewing thread) of synthetic staple fibres, not put up for retail sale:",,0,,1988-01-01
,10,2,containing 85% or more by weight of staple fibres of nylon or other polyamides:,,,,1988-01-01
55091100,80,3,single yarn,Fr. per 100 kg gross,1,0.00,1988-01-01
55091200,80,3,multiple (folded) or cabled yarn,Fr. per 100 kg gross,1,0.00,1988-01-01
,10,2,containing 85% or more by weight of polyester staple fibres:,,,,1988-01-01
55092100,80,3,single yarn,Fr. per 100 kg gross,1,0.00,1988-01-01
55092200,80,3,multiple (folded) or cabled yarn,Fr. per 100 kg gross,1,0.00,1988-01-01
,10,2,containing 85% or more by weight of acrylic or modacrylic staple fibres:,,,,1988-01-01
55093100,80,3,single yarn,Fr. per 100 kg gross,1,0.00,1988-01-01
55093200,80,3,multiple (folded) or cabled yarn,Fr. per 100 kg gross,1,0.00,1988-01-01
,10,2,"other yarn, containing 85% or more by weight of synthetic staple fibres:",,,,1988-01-01
55094100,80,3,single yarn,Fr. per 100 kg gross,1,0.00,1988-01-01
55094200,80,3,multiple (folded) or cabled yarn,Fr. per 100 kg gross,1,0.00,1988-01-01
,10,2,"other yarn, of polyester staple fibres:",,,,1988-01-01
55095100,80,3,mixed mainly or solely with artificial staple fibres,Fr. per 100 kg gross,1,0.00,2024-01-01
55095200,80,3,mixed mainly or solely with wool or fine animal hair,Fr. per 100 kg gross,1,0.00,2024-01-01
55095300,80,3,mixed mainly or solely with cotton,Fr. per 100 kg gross,1,0.00,2024-01-01
55095900,80,3,other,Fr. per 100 kg gross,1,0.00,2024-01-01
,10,2,"other yarn, of acrylic or modacrylic staple fibres:",,,,1988-01-01
55096100,80,3,mixed mainly or solely with wool or fine animal hair,Fr. per 100 kg gross,1,0.00,2024-01-01
55096200,80,3,mixed mainly or solely with cotton,Fr. per 100 kg gross,1,0.00,2024-01-01
55096900,80,3,other,Fr. per 100 kg gross,1,0.00,2024-01-01
,10,2,other yarn:,,,,1988-01-01
55099100,80,3,mixed mainly or solely with wool or fine animal hair,Fr. per 100 kg gross,1,0.00,2024-01-01
55099200,80,3,mixed mainly or solely with cotton,Fr. per 100 kg gross,1,0.00,2024-01-01
55099900,80,3,other,Fr. per 100 kg gross,1,0.00,2024-01-01
5510,80,1,"Yarn (other than sewing thread) of artificial staple fibres, not put up for retail sale:",,0,,1988-01-01
,10,2,containing 85% or more by weight of artificial staple fibres:,,,,1988-01-01
55101100,80,3,single yarn,Fr. per 100 kg gross,1,0.00,1988-01-01
55101200,80,3,multiple (folded) or cabled yarn,Fr. per 100 kg gross,1,0.00,1988-01-01
55102000,80,2,"other yarn, mixed mainly or solely with wool or fine animal hair",Fr. per 100 kg gross,1,0.00,2024-01-01
55103000,80,2,"other yarn, mixed mainly or solely with cotton",Fr. per 100 kg gross,1,0.00,2024-01-01
55109000,80,2,other yarn,Fr. per 100 kg gross,1,0.00,2024-01-01
5511,80,1,"Yarn (other than sewing thread) of man-made staple fibres, put up for retail sale:",,0,,1988-01-01
55111000,80,2,"of synthetic staple fibres, containing 85% or more by weight of such fibres",Fr. per 100 kg gross,1,0.00,1988-01-01
55112000,80,2,"of synthetic staple fibres, containing less than 85% by weight of such fibres",Fr. per 100 kg gross,1,0.00,1988-01-01
55113000,80,2,of artificial staple fibres,Fr. per 100 kg gross,1,0.00,1988-01-01
5512,80,1,"Woven fabrics of synthetic staple fibres, containing 85% or more by weight of synthetic staple fibres:",,0,,1988-01-01
,10,2,containing 85% or more by weight of polyester staple fibres:,,,,1988-01-01
55121100,80,3,unbleached or bleached,Fr. per 100 kg gross,1,0.00,1988-01-01
55121900,80,3,other,Fr. per 100 kg gross,1,0.00,2024-01-01
,10,2,containing 85% or more by weight of acrylic or modacrylic staple fibres:,,,,1988-01-01
55122100,80,3,unbleached or bleached,Fr. per 100 kg gross,1,0.00,1988-01-01
55122900,80,3,other,Fr. per 100 kg gross,1,0.00,2024-01-01
,10,2,other:,,,,1988-01-01
55129100,80,3,unbleached or bleached,Fr. per 100 kg gross,1,0.00,1988-01-01
55129900,80,3,other,Fr. per 100 kg gross,1,0.00,2024-01-01
5513,80,1,"Woven fabrics of synthetic staple fibres, containing less than 85% by weight of such fibres, mixed mainly or solely with cotton, of a weight not exceeding 170 g/m²:",,0,,1988-01-01
,10,2,unbleached or bleached:,,,,1988-01-01
55131100,80,3,"of polyester staple fibres, plain weave",Fr. per 100 kg gross,1,0.00,1988-01-01
55131200,80,3,"3-thread or 4-thread twill, including cross twill, of polyester staple fibres",Fr. per 100 kg gross,1,0.00,1988-01-01
55131300,80,3,other woven fabrics of polyester staple fibres,Fr. per 100 kg gross,1,0.00,1988-01-01
55131900,80,3,other woven fabrics,Fr. per 100 kg gross,1,0.00,1988-01-01
,10,2,dyed:,,,,1988-01-01
55132100,80,3,"of polyester staple fibres, plain weave",Fr. per 100 kg gross,1,0.00,1988-01-01
55132300,80,3,other woven fabrics of polyester staple fibres,Fr. per 100 kg gross,1,0.00,1988-01-01
55132900,80,3,other woven fabrics,Fr. per 100 kg gross,1,0.00,1988-01-01
,10,2,of yarns of different colours:,,,,1988-01-01
55133100,80,3,"of polyester staple fibres, plain weave",Fr. per 100 kg gross,1,0.00,1988-01-01
55133900,80,3,other woven fabrics,Fr. per 100 kg gross,1,0.00,1988-01-01
,10,2,printed:,,,,1988-01-01
55134100,80,3,"of polyester staple fibres, plain weave",Fr. per 100 kg gross,1,0.00,1988-01-01
55134900,80,3,other woven fabrics,Fr. per 100 kg gross,1,0.00,1988-01-01
5514,80,1,"Woven fabrics of synthetic staple fibres, containing less than 85% by weight of such fibres, mixed mainly or solely with cotton, of a weight exceeding 170 g/m²:",,0,,1988-01-01
,10,2,unbleached or bleached:,,,,1988-01-01
55141100,80,3,"of polyester staple fibres, plain weave",Fr. per 100 kg gross,1,0.00,1988-01-01
55141200,80,3,"3-thread or 4-thread twill, including cross twill, of polyester staple fibres",Fr. per 100 kg gross,1,0.00,1988-01-01
55141900,80,3,other woven fabrics,Fr. per 100 kg gross,1,0.00,1988-01-01
,10,2,dyed:,,,,1988-01-01
55142100,80,3,"of polyester staple fibres, plain weave",Fr. per 100 kg gross,1,0.00,1988-01-01
55142200,80,3,"3-thread or 4-thread twill, including cross twill, of polyester staple fibres",Fr. per 100 kg gross,1,0.00,1988-01-01
55142300,80,3,other woven fabrics of polyester staple fibres,Fr. per 100 kg gross,1,0.00,1988-01-01
55142900,80,3,other woven fabrics,Fr. per 100 kg gross,1,0.00,1988-01-01
55143000,80,2,of yarns of different colours,Fr. per 100 kg gross,1,0.00,2007-01-01
,10,2,printed:,,,,1988-01-01
55144100,80,3,"of polyester staple fibres, plain weave",Fr. per 100 kg gross,1,0.00,1988-01-01
55144200,80,3,"3-thread or 4-thread twill, including cross twill, of polyester staple fibres",Fr. per 100 kg gross,1,0.00,1988-01-01
55144300,80,3,other woven fabrics of polyester staple fibres,Fr. per 100 kg gross,1,0.00,1988-01-01
55144900,80,3,other woven fabrics,Fr. per 100 kg gross,1,0.00,1988-01-01
5515,80,1,Other woven fabrics of synthetic staple fibres:,,0,,1988-01-01
,10,2,of polyester staple fibres:,,,,1988-01-01
55151100,80,3,mixed mainly or solely with viscose rayon staple fibres,Fr. per 100 kg gross,1,0.00,2024-01-01
55151200,80,3,mixed mainly or solely with man-made filaments,Fr. per 100 kg gross,1,0.00,2024-01-01
55151300,80,3,mixed mainly or solely with wool or fine animal hair,Fr. per 100 kg gross,1,0.00,2024-01-01
55151900,80,3,other,Fr. per 100 kg gross,1,0.00,2024-01-01
,10,2,of acrylic or modacrylic staple fibres:,,,,1988-01-01
55152100,80,3,mixed mainly or solely with man-made filaments,Fr. per 100 kg gross,1,0.00,2024-01-01
55152200,80,3,mixed mainly or solely with wool or fine animal hair,Fr. per 100 kg gross,1,0.00,2024-01-01
55152900,80,3,other,Fr. per 100 kg gross,1,0.00,2024-01-01
,10,2,other woven fabrics:,,,,1988-01-01
55159100,80,3,mixed mainly or solely with man-made filaments,Fr. per 100 kg gross,1,0.00,2024-01-01
55159900,80,3,other,Fr. per 100 kg gross,1,0.00,2024-01-01
5516,80,1,Woven fabrics of artificial staple fibres:,,0,,1988-01-01
,10,2,containing 85% or more by weight of artificial staple fibres:,,,,1988-01-01
55161100,80,3,unbleached or bleached,Fr. per 100 kg gross,1,0.00,1988-01-01
55161200,80,3,dyed,Fr. per 100 kg gross,1,0.00,1988-01-01
55161300,80,3,of yarns of different colours,Fr. per 100 kg gross,1,0.00,1988-01-01
55161400,80,3,printed,Fr. per 100 kg gross,1,0.00,1988-01-01
,10,2,"containing less than 85% by weight of artificial staple fibres, mixed mainly or solely with man-made filaments:",,,,1988-01-01
55162100,80,3,unbleached or bleached,Fr. per 100 kg gross,1,0.00,1988-01-01
55162200,80,3,dyed,Fr. per 100 kg gross,1,0.00,1988-01-01
55162300,80,3,of yarns of different colours,Fr. per 100 kg gross,1,0.00,1988-01-01
55162400,80,3,printed,Fr. per 100 kg gross,1,0.00,1988-01-01
,10,2,"containing less than 85% by weight of artificial staple fibres, mixed mainly or solely with wool or fine animal hair:",,,,1988-01-01
55163100,80,3,unbleached or bleached,Fr. per 100 kg gross,1,0.00,1988-01-01
55163200,80,3,dyed,Fr. per 100 kg gross,1,0.00,1988-01-01
55163300,80,3,of yarns of different colours,Fr. per 100 kg gross,1,0.00,1988-01-01
55163400,80,3,printed,Fr. per 100 kg gross,1,0.00,1988-01-01
,10,2,"containing less than 85% by weight of artificial staple fibres, mixed mainly or solely with cotton:",,,,1988-01-01
55164100,80,3,unbleached or bleached,Fr. per 100 kg gross,1,0.00,1988-01-01
55164200,80,3,dyed,Fr. per 100 kg gross,1,0.00,1988-01-01
55164300,80,3,of yarns of different colours,Fr. per 100 kg gross,1,0.00,1988-01-01
55164400,80,3,printed,Fr. per 100 kg gross,1,0.00,1988-01-01
,10,2,other:,,,,1988-01-01
55169100,80,3,unbleached or bleached,Fr. per 100 kg gross,1,0.00,1988-01-01
55169200,80,3,dyed,Fr. per 100 kg gross,1,0.00,1988-01-01
55169300,80,3,of yarns of different colours,Fr. per 100 kg gross,1,0.00,1988-01-01
55169400,80,3,printed,Fr. per 100 kg gross,1,0.00,1988-01-01
56,80,0,"Wadding, felt and nonwovens; special yarns; twine, cordage, ropes and cables and articles thereof",,0,,1988-01-01
5601,80,1,"Wadding of textile materials and articles thereof; textile fibres, not exceeding 5 mm in length (flock), textile dust and mill neps:",,0,,1988-01-01
,10,2,wadding of textile materials and articles thereof:,,,,1988-01-01
56012100,80,3,of cotton,Fr. per 100 kg gross,1,0.00,1988-01-01
56012200,80,3,of man-made fibres,Fr. per 100 kg gross,1,0.00,1988-01-01
56012900,80,3,other,Fr. per 100 kg gross,1,0.00,1988-01-01
56013000,80,2,textile flock and dust and mill neps,Fr. per 100 kg gross,1,0.00,1988-01-01
5602,80,1,"Felt, whether or not impregnated, coated, covered or laminated:",,0,,1988-01-01
56021000,80,2,needleloom felt and stitch-bonded fibre fabrics,Fr. per 100 kg gross,1,0.00,1988-01-01
,10,2,"other felt, not impregnated, coated, covered or laminated:",,,,1988-01-01
56022100,80,3,of wool or fine animal hair,Fr. per 100 kg gross,1,0.00,1988-01-01
56022900,80,3,of other textile materials,Fr. per 100 kg gross,1,0.00,1988-01-01
56029000,80,2,other,Fr. per 100 kg gross,1,0.00,1988-01-01
5603,80,1,"Nonwovens, whether or not impregnated, coated, covered or laminated:",,0,,1988-01-01
,10,2,of man-made filaments:,,,,1996-01-01
56031100,80,3,weighing not more than 25 g/m²,Fr. per 100 kg gross,1,0.00,1996-01-01
56031200,80,3,weighing more than 25 g/m² but not more than 70 g/m²,Fr. per 100 kg gross,1,0.00,1996-01-01
56031300,80,3,weighing more than 70 g/m² but not more than 150 g/m²,Fr. per 100 kg gross,1,0.00,1996-01-01
56031400,80,3,weighing more than 150 g/m²,Fr. per 100 kg gross,1,0.00,1996-01-01
,10,2,other:,,,,1996-01-01
56039100,80,3,weighing not more than 25 g/m²,Fr. per 100 kg gross,1,0.00,1996-01-01
56039200,80,3,weighing more than 25 g/m² but not more than 70 g/m²,Fr. per 100 kg gross,1,0.00,1996-01-01
56039300,80,3,weighing more than 70 g/m² but not more than 150 g/m²,Fr. per 100 kg gross,1,0.00,1996-01-01
56039400,80,3,weighing more than 150 g/m²,Fr. per 100 kg gross,1,0.00,1996-01-01
5604,80,1,"Rubber thread and cord, textile covered; textile yarn, and strip and the like of heading 5404 or 5405, impregnated, coated, covered or sheathed with rubber or plastics:",,0,,1988-01-01
56041000,80,2,"rubber thread and cord, textile covered",Fr. per 100 kg gross,1,0.00,1988-01-01
56049000,80,2,other,Fr. per 100 kg gross,1,0.00,2024-01-01
56050000,80,1,"Metallised yarn, whether or not gimped, being textile yarn, or strip or the like of heading 5404 or 5405, combined with metal in the form of thread, strip or powder or covered with metal",Fr. per 100 kg gross,1,0.00,1988-01-01
56060000,80,1,"Gimped yarn, and strip and the like of heading 5404 or 5405, gimped (other than those of heading 5605 and gimped horsehair yarn); chenille yarn (including flock chenille yarn); loop wale-yarn",Fr. per 100 kg gross,1,0.00,2024-01-01
5607,80,1,"Twine, cordage, ropes and cables, whether or not plaited or braided and whether or not impregnated, coated, covered or sheathed with rubber or plastics:",,0,,1988-01-01
,10,2,of sisal or other textile fibres of the genus «Agave»:,,,,1988-01-01
56072100,80,3,binder or baler twine,Fr. per 100 kg gross,1,0.00,1988-01-01
56072900,80,3,other,Fr. per 100 kg gross,1,0.00,1988-01-01
,10,2,of polyethylene or polypropylene:,,,,1988-01-01
56074100,80,3,binder or baler twine,Fr. per 100 kg gross,1,0.00,1988-01-01
56074900,80,3,other,Fr. per 100 kg gross,1,0.00,1988-01-01
56075000,80,2,of other synthetic fibres,Fr. per 100 kg gross,1,0.00,1988-01-01
56079000,80,2,other,Fr. per 100 kg gross,1,0.00,2024-01-01
5608,80,1,"Knotted netting of twine, cordage or rope; made up fishing nets and other made up nets, of textile materials:",,0,,1988-01-01
,10,2,of man-made textile materials:,,,,1988-01-01
56081100,80,3,made up fishing nets,Fr. per 100 kg gross,1,0.00,1988-01-01
56081900,80,3,other,Fr. per 100 kg gross,1,0.00,1988-01-01
56089000,80,2,other,Fr. per 100 kg gross,1,0.00,1988-01-01
56090000,80,1,"Articles of yarn, strip or the like of heading 5404 or 5405, twine, cordage, rope or cables, not elsewhere specified or included",Fr. per 100 kg gross,1,0.00,1988-01-01
57,80,0,Carpets and other textile floor coverings,,0,,1988-01-01
5701,80,1,"Carpets and other textile floor coverings, knotted, whether or not made up:",,0,,1988-01-01
57011000,80,2,of wool or fine animal hair,Fr. per 100 kg gross,1,0.00,1988-01-01
57019000,80,2,of other textile materials,Fr. per 100 kg gross,1,0.00,1988-01-01
5702,80,1,"Carpets and other textile floor coverings, woven, not tufted or flocked, whether or not made up, including «Kelem», «Schumacks», «Karamanie» and similar hand-woven rugs:",,0,,1988-01-01
57021000,80,2,"«Kelem», «Schumacks», «Karamanie» and similar hand-woven rugs",Fr. per 100 kg gross,1,0.00,1988-01-01
57022000,80,2,floor coverings of coconut fibres (coir),Fr. per 100 kg gross,1,0.00,1988-01-01
,10,2,"other, of pile construction, not made up:",,,,1988-01-01
57023100,80,3,of wool or fine animal hair,Fr. per 100 kg gross,1,0.00,1988-01-01
57023200,80,3,of man-made textile materials,Fr. per 100 kg gross,1,0.00,1988-01-01
57023900,80,3,of other textile materials,Fr. per 100 kg gross,1,0.00,1988-01-01
,10,2,"other, of pile construction, made up:",,,,1988-01-01
57024100,80,3,of wool or fine animal hair,Fr. per 100 kg gross,1,0.00,1988-01-01
57024200,80,3,of man-made textile materials,Fr. per 100 kg gross,1,0.00,1988-01-01
57024900,80,3,of other textile materials,Fr. per 100 kg gross,1,0.00,1988-01-01
57025000,80,2,"other, not of pile construction, not made up",Fr. per 100 kg gross,1,0.00,2007-01-01
,10,2,"other, not of pile construction, made up:",,,,1988-01-01
57029100,80,3,of wool or fine animal hair,Fr. per 100 kg gross,1,0.00,1988-01-01
57029200,80,3,of man-made textile materials,Fr. per 100 kg gross,1,0.00,1988-01-01
57029900,80,3,of other textile materials,Fr. per 100 kg gross,1,0.00,1988-01-01
5703,80,1,"Carpets and other textile floor coverings (including turf), tufted, whether or not made up:",,0,,1988-01-01
57031000,80,2,of wool or fine animal hair,Fr. per 100 kg gross,1,0.00,1988-01-01
,10,2,of nylon or other polyamides:,,,,2022-01-01
57032100,80,3,turf,Fr. per 100 kg gross,1,0.00,2022-01-01
57032900,80,3,other,Fr. per 100 kg gross,1,0.00,2022-01-01
,10,2,of other man-made textile materials:,,,,2022-01-01
57033100,80,3,turf,Fr. per 100 kg gross,1,0.00,2022-01-01
57033900,80,3,other,Fr. per 100 kg gross,1,0.00,2022-01-01
57039000,80,2,of other textile materials,Fr. per 100 kg gross,1,0.00,1988-01-01
5704,80,1,"Carpets and other textile floor coverings, of felt, not tufted or flocked, whether or not made up:",,0,,1988-01-01
57041000,80,2,"tiles, having a maximum surface area of 0.3 m²",Fr. per 100 kg gross,1,0.00,1988-01-01
57042000,80,2,"tiles, having a maximum surface area exceeding 0.3 m² but not exceeding 1 m²",Fr. per 100 kg gross,1,0.00,2017-01-01
57049000,80,2,other,Fr. per 100 kg gross,1,0.00,1988-01-01
57050000,80,1,"Other carpets and other textile floor coverings, whether or not made up",Fr. per 100 kg gross,1,0.00,1988-01-01
58,80,0,Special woven fabrics; tufted textile fabrics; lace; tapestries; trimmings; embroidery,,0,,1988-01-01
5801,80,1,"Woven pile fabrics and chenille fabrics, other than fabrics of heading 5802 or 5806:",,0,,1988-01-01
58011000,80,2,of wool or fine animal hair,Fr. per 100 kg gross,1,0.00,1988-01-01
,10,2,of cotton:,,,,1988-01-01
58012100,80,3,uncut weft pile fabrics,Fr. per 100 kg gross,1,0.00,1988-01-01
58012200,80,3,cut corduroy,Fr. per 100 kg gross,1,0.00,1988-01-01
58012300,80,3,other weft pile fabrics,Fr. per 100 kg gross,1,0.00,1988-01-01
58012600,80,3,chenille fabrics,Fr. per 100 kg gross,1,0.00,1988-01-01
58012700,80,3,warp pile fabrics,Fr. per 100 kg gross,1,0.00,2012-01-01
,10,2,of man-made fibres:,,,,1988-01-01
58013100,80,3,uncut weft pile fabrics,Fr. per 100 kg gross,1,0.00,1988-01-01
58013200,80,3,cut corduroy,Fr. per 100 kg gross,1,0.00,1988-01-01
58013300,80,3,other weft pile fabrics,Fr. per 100 kg gross,1,0.00,1988-01-01
58013600,80,3,chenille fabrics,Fr. per 100 kg gross,1,0.00,1988-01-01
58013700,80,3,warp pile fabrics,Fr. per 100 kg gross,1,0.00,2012-01-01
58019000,80,2,of other textile materials,Fr. per 100 kg gross,1,0.00,1988-01-01
5802,80,1,"Terry towelling and similar woven terry fabrics, other than narrow fabrics of heading 5806; tufted textile fabrics, other than products of heading 5703:",,0,,1988-01-01
58021000,80,2,"terry towelling and similar woven terry fabrics, of cotton",Fr. per 100 kg gross,1,0.00,2022-01-01
58022000,80,2,"terry towelling and similar woven terry fabrics, of other textile materials",Fr. per 100 kg gross,1,0.00,1988-01-01
58023000,80,2,tufted textile fabrics,Fr. per 100 kg gross,1,0.00,1988-01-01
58030000,80,1,"Gauze, other than narrow fabrics of heading 5806",Fr. per 100 kg gross,1,0.00,2024-01-01
5804,80,1,"Tulles and other net fabrics, not including woven, knitted or crocheted fabrics; lace in the piece, in strips or in motifs, other than fabrics of headings 6002 to 6006:",,0,,1988-01-01
58041000,80,2,tulles and other net fabrics,Fr. per 100 kg gross,1,0.00,2024-01-01
,10,2,mechanically made lace:,,,,1988-01-01
58042100,80,3,of man-made fibres,Fr. per 100 kg gross,1,0.00,1988-01-01
58042900,80,3,of other textile materials,Fr. per 100 kg gross,1,0.00,1988-01-01
58043000,80,2,hand-made lace,Fr. per 100 kg gross,1,0.00,1988-01-01
58050000,80,1,"Hand-woven tapestries of the type Gobelins, Flanders, Aubusson, Beauvais and the like, and needle-worked tapestries (for example, petit point, cross stitch), whether or not made up",Fr. per 100 kg gross,1,0.00,1988-01-01
5806,80,1,"Narrow woven fabrics, other than goods of heading 5807; narrow fabrics consisting of warp without weft assembled by means of an adhesive (bolducs):",,0,,1988-01-01
58061000,80,2,woven pile fabrics (including terry towelling and similar terry fabrics) and chenille fabrics,Fr. per 100 kg gross,1,0.00,1988-01-01
58062000,80,2,"other woven fabrics, containing by weight 5% or more of elastomeric yarn or rubber thread",Fr. per 100 kg gross,1,0.00,1988-01-01
,10,2,other woven fabrics:,,,,1988-01-01
58063100,80,3,of cotton,Fr. per 100 kg gross,1,0.00,1988-01-01
58063200,80,3,of man-made fibres,Fr. per 100 kg gross,1,0.00,1988-01-01
58063900,80,3,of other textile materials,Fr. per 100 kg gross,1,0.00,1988-01-01
58064000,80,2,fabrics consisting of warp without weft assembled by means of an adhesive (bolducs),Fr. per 100 kg gross,1,0.00,1988-01-01
5807,80,1,"Labels, badges and similar articles of textile materials, in the piece, in strips or cut to shape or size, not embroidered:",,0,,1988-01-01
58071000,80,2,woven,Fr. per 100 kg gross,1,0.00,1988-01-01
58079000,80,2,other,Fr. per 100 kg gross,1,0.00,1988-01-01
5808,80,1,"Braids in the piece; ornamental trimmings in the piece, without embroidery, other than knitted or crocheted; tassels, pompons and similar articles:",,0,,1988-01-01
58081000,80,2,braids in the piece,Fr. per 100 kg gross,1,0.00,1988-01-01
58089000,80,2,other,Fr. per 100 kg gross,1,0.00,2024-01-01
58090000,80,1,"Woven fabrics of metal thread and woven fabrics of metallised yarn of heading 5605, of a kind used in apparel, as furnishing fabrics or for similar purposes, not elsewhere specified or included",Fr. per 100 kg gross,1,0.00,1988-01-01
5810,80,1,"Embroidery in the piece, in strips or in motifs:",,0,,1988-01-01
58101000,80,2,embroidery without visible ground,Fr. per 100 kg gross,1,0.00,1988-01-01
,10,2,other embroidery:,,,,1988-01-01
58109100,80,3,of cotton,Fr. per 100 kg gross,1,0.00,1988-01-01
58109200,80,3,of man-made fibres,Fr. per 100 kg gross,1,0.00,2024-01-01
58109900,80,3,of other textile materials,Fr. per 100 kg gross,1,0.00,1988-01-01
58110000,80,1,"Quilted textile products in the piece, composed of one or more layers of textile materials assembled with padding by stitching or otherwise, other than embroidery of heading 5810",Fr. per 100 kg gross,1,0.00,1988-01-01
59,80,0,"Impregnated, coated, covered or laminated textile fabrics; textile articles of a kind suitable for industrial use",,0,,1988-01-01
5901,80,1,"Textile fabrics coated with gum or amylaceous substances, of a kind used for the outer covers of books or the like; tracing cloth; prepared painting canvas; buckram and similar stiffened textile fabrics of a kind used for hat foundations:",,0,,1988-01-01
59011000,80,2,"textile fabrics coated with gum or amylaceous substances, of a kind used for the outer covers of books or the like",Fr. per 100 kg gross,1,0.00,1988-01-01
59019000,80,2,other,Fr. per 100 kg gross,1,0.00,1988-01-01
5902,80,1,"Tyre cord fabric of high tenacity yarn of nylon or other polyamides, polyesters or viscose rayon:",,0,,1988-01-01
59021000,80,2,of nylon or other polyamides,Fr. per 100 kg gross,1,0.00,1988-01-01
59022000,80,2,of polyesters,Fr. per 100 kg gross,1,0.00,1988-01-01
59029000,80,2,other,Fr. per 100 kg gross,1,0.00,1988-01-01
5903,80,1,"Textile fabrics impregnated, coated, covered or laminated with plastics, other than those of heading 5902:",,0,,1988-01-01
59031000,80,2,with poly(vinyl chloride),Fr. per 100 kg gross,1,0.00,1988-01-01
59032000,80,2,with polyurethane,Fr. per 100 kg gross,1,0.00,1988-01-01
59039000,80,2,other,Fr. per 100 kg gross,1,0.00,1988-01-01
5904,80,1,"Linoleum, whether or not cut to shape; floor coverings consisting of a coating or covering applied on a textile backing, whether or not cut to shape:",,0,,1988-01-01
59041000,80,2,linoleum,Fr. per 100 kg gross,1,0.00,1988-01-01
59049000,80,2,other,Fr. per 100 kg gross,1,0.00,2002-01-01
59050000,80,1,Textile wall coverings,Fr. per 100 kg gross,1,0.00,1988-01-01
5906,80,1,"Rubberised textile fabrics, other than those of heading 5902:",,0,,1988-01-01
59061000,80,2,adhesive tape of a width not exceeding 20 cm,Fr. per 100 kg gross,1,0.00,1988-01-01
,10,2,other:,,,,1988-01-01
59069100,80,3,knitted or crocheted,Fr. per 100 kg gross,1,0.00,1988-01-01
59069900,80,3,other,Fr. per 100 kg gross,1,0.00,1988-01-01
59070000,80,1,"Textile fabrics otherwise impregnated, coated or covered; painted canvas being theatrical scenery, studio back-cloths or the like",Fr. per 100 kg gross,1,0.00,1988-01-01
59080000,80,1,"Textile wicks, woven, plaited or knitted, for lamps, stoves, lighters, candles or the like; incandescent gas mantles and tubular knitted gas mantle fabric therefor, whether or not impregnated",Fr. per 100 kg gross,1,0.00,1988-01-01
59090000,80,1,"Textile hosepiping and similar textile tubing, with or without lining, armour or accessories of other materials",Fr. per 100 kg gross,1,0.00,1988-01-01
59100000,80,1,"Transmission or conveyor belts or belting, of textile material, whether or not impregnated, coated, covered or laminated with plastics, or reinforced with metal or other material",Fr. per 100 kg gross,1,0.00,1988-01-01
5911,80,1,"Textile products and articles, for technical uses, specified in Note 8 to this Chapter:",,0,,1988-01-01
59111000,80,2,"textile fabrics, felt and felt-lined woven fabrics, coated, covered or laminated with rubber, leather or other material, of a kind used for card clothing, and similar fabrics of a kind used for other technical purposes, including narrow fabrics made of velvet impregnated with rubber, for covering weaving spindles (weaving beams)",Fr. per 100 kg gross,1,0.00,1996-01-01
59112000,80,2,"bolting cloth, whether or not made up",Fr. per 100 kg gross,1,0.00,1992-01-01
,10,2,"textile fabrics and felts, endless or fitted with linking devices, of a kind used in paper-making or similar machines (for example, for pulp or asbestos-cement):",,,,1988-01-01
59113100,80,3,weighing less than 650 g/m²,Fr. per 100 kg gross,1,0.00,1988-01-01
59113200,80,3,weighing 650 g/m² or more,Fr. per 100 kg gross,1,0.00,1988-01-01
59114000,80,2,"filtering or straining cloth of a kind used in oil presses or the like, including that of human hair",Fr. per 100 kg gross,1,0.00,1988-01-01
59119000,80,2,other,Fr. per 100 kg gross,1,0.00,2024-01-01
60,80,0,Knitted or crocheted fabrics,,0,,1988-01-01
6001,80,1,"Pile fabrics, including «long pile» fabrics and terry fabrics, knitted or crocheted:",,0,,1988-01-01
60011000,80,2,«long pile» fabrics,Fr. per 100 kg gross,1,0.00,1988-01-01
,10,2,looped pile fabrics:,,,,1988-01-01
60012100,80,3,of cotton,Fr. per 100 kg gross,1,0.00,1988-01-01
60012200,80,3,of man-made fibres,Fr. per 100 kg gross,1,0.00,1988-01-01
60012900,80,3,of other textile materials,Fr. per 100 kg gross,1,0.00,1988-01-01
,10,2,other:,,,,1988-01-01
60019100,80,3,of cotton,Fr. per 100 kg gross,1,0.00,1988-01-01
60019200,80,3,of man-made fibres,Fr. per 100 kg gross,1,0.00,1988-01-01
60019900,80,3,of other textile materials,Fr. per 100 kg gross,1,0.00,1988-01-01
6002,80,1,"Knitted or crocheted fabrics of a width not exceeding 30 cm, containing by weight 5% or more of elastomeric yarn or rubber thread, other than those of heading 6001:",,0,,1988-01-01
60024000,80,2,containing by weight 5% or more of elastomeric yarn but not containing rubber thread,Fr. per 100 kg gross,1,0.00,2002-01-01
60029000,80,2,other,Fr. per 100 kg gross,1,0.00,2002-01-01
6003,80,1,"Knitted or crocheted fabrics of a width not exceeding 30 cm, other than those of heading 6001 or 6002:",,0,,2002-01-01
60031000,80,2,of wool or fine animal hair,Fr. per 100 kg gross,1,0.00,2002-01-01
60032000,80,2,of cotton,Fr. per 100 kg gross,1,0.00,2002-01-01
60033000,80,2,of synthetic fibres,Fr. per 100 kg gross,1,0.00,2002-01-01
60034000,80,2,of artificial fibres,Fr. per 100 kg gross,1,0.00,2002-01-01
60039000,80,2,other,Fr. per 100 kg gross,1,0.00,2002-01-01
6004,80,1,"Knitted or crocheted fabrics of a width exceeding 30 cm, containing by weight 5% or more of elastomeric yarn or rubber thread, other than those of heading 6001:",,0,,2002-01-01
60041000,80,2,containing by weight 5% or more of elastomeric yarn but not containing rubber thread,Fr. per 100 kg gross,1,0.00,2002-01-01
60049000,80,2,other,Fr. per 100 kg gross,1,0.00,2002-01-01
6005,80,1,"Warp knit fabrics (including those made on galloon knitting machines), other than those of headings 6001 to 6004:",,0,,2002-01-01
,10,2,of cotton:,,,,2002-01-01
60052100,80,3,unbleached or bleached,Fr. per 100 kg gross,1,0.00,2002-01-01
60052200,80,3,dyed,Fr. per 100 kg gross,1,0.00,2002-01-01
60052300,80,3,of yarns of different colours,Fr. per 100 kg gross,1,0.00,2002-01-01
60052400,80,3,printed,Fr. per 100 kg gross,1,0.00,2002-01-01
,10,2,of synthetic fibres:,,,,2002-01-01
60053500,80,3,fabrics specified in Subheading Note 1 to this Chapter,Fr. per 100 kg gross,1,0.00,2017-01-01
60053600,80,3,"other, unbleached or bleached",Fr. per 100 kg gross,1,0.00,2017-01-01
60053700,80,3,"other, dyed",Fr. per 100 kg gross,1,0.00,2017-01-01
60053800,80,3,"other, of yarns of different colours",Fr. per 100 kg gross,1,0.00,2017-01-01
60053900,80,3,"other, printed",Fr. per 100 kg gross,1,0.00,2017-01-01
,10,2,of artificial fibres:,,,,2002-01-01
60054100,80,3,unbleached or bleached,Fr. per 100 kg gross,1,0.00,2002-01-01
60054200,80,3,dyed,Fr. per 100 kg gross,1,0.00,2002-01-01
60054300,80,3,of yarns of different colours,Fr. per 100 kg gross,1,0.00,2002-01-01
60054400,80,3,printed,Fr. per 100 kg gross,1,0.00,2002-01-01
60059000,80,2,other,Fr. per 100 kg gross,1,0.00,2024-01-01
6006,80,1,Other knitted or crocheted fabrics:,,0,,2002-01-01
60061000,80,2,of wool or fine animal hair,Fr. per 100 kg gross,1,0.00,2002-01-01
,10,2,of cotton:,,,,2002-01-01
60062100,80,3,unbleached or bleached,Fr. per 100 kg gross,1,0.00,2002-01-01
60062200,80,3,dyed,Fr. per 100 kg gross,1,0.00,2002-01-01
60062300,80,3,of yarns of different colours,Fr. per 100 kg gross,1,0.00,2002-01-01
60062400,80,3,printed,Fr. per 100 kg gross,1,0.00,2002-01-01
,10,2,of synthetic fibres:,,,,2002-01-01
60063100,80,3,unbleached or bleached,Fr. per 100 kg gross,1,0.00,2002-01-01
60063200,80,3,dyed,Fr. per 100 kg gross,1,0.00,2002-01-01
60063300,80,3,of yarns of different colours,Fr. per 100 kg gross,1,0.00,2002-01-01
60063400,80,3,printed,Fr. per 100 kg gross,1,0.00,2002-01-01
,10,2,of artificial fibres:,,,,2002-01-01
60064100,80,3,unbleached or bleached,Fr. per 100 kg gross,1,0.00,2002-01-01
60064200,80,3,dyed,Fr. per 100 kg gross,1,0.00,2002-01-01
60064300,80,3,of yarns of different colours,Fr. per 100 kg gross,1,0.00,2002-01-01
60064400,80,3,printed,Fr. per 100 kg gross,1,0.00,2002-01-01
60069000,80,2,other,Fr. per 100 kg gross,1,0.00,2002-01-01
61,80,0,"Articles of apparel and clothing accessories, knitted or crocheted",,0,,1988-01-01
6101,80,1,"Men's or boys' overcoats, car-coats, capes, cloaks, anoraks (including ski-jackets), wind-cheaters, wind-jackets and similar articles, knitted or crocheted, other than those of heading 6103:",,0,,1988-01-01
61012000,80,2,of cotton,Fr. per 100 kg gross,1,0.00,1988-01-01
61013000,80,2,of man-made fibres,Fr. per 100 kg gross,1,0.00,1988-01-01
61019000,80,2,of other textile materials,Fr. per 100 kg gross,1,0.00,2024-01-01
6102,80,1,"Women's or girls' overcoats, car-coats, capes, cloaks, anoraks (including ski-jackets), wind-cheaters, wind-jackets and similar articles, knitted or crocheted, other than those of heading 6104:",,0,,1988-01-01
61021000,80,2,of wool or fine animal hair,Fr. per 100 kg gross,1,0.00,1988-01-01
61022000,80,2,of cotton,Fr. per 100 kg gross,1,0.00,1988-01-01
61023000,80,2,of man-made fibres,Fr. per 100 kg gross,1,0.00,1988-01-01
61029000,80,2,of other textile materials,Fr. per 100 kg gross,1,0.00,1988-01-01
6103,80,1,"Men's or boys' suits, ensembles, jackets, blazers, trousers, bib and brace overalls, breeches and shorts (other than swimwear), knitted or crocheted:",,0,,1988-01-01
61031000,80,2,suits,Fr. per 100 kg gross,1,0.00,2024-01-01
,10,2,ensembles:,,,,1988-01-01
61032200,80,3,of cotton,Fr. per 100 kg gross,1,0.00,1988-01-01
61032300,80,3,of synthetic fibres,Fr. per 100 kg gross,1,0.00,1988-01-01
61032900,80,3,of other textile materials,Fr. per 100 kg gross,1,0.00,2024-01-01
,10,2,jackets and blazers:,,,,1988-01-01
61033100,80,3,of wool or fine animal hair,Fr. per 100 kg gross,1,0.00,1988-01-01
61033200,80,3,of cotton,Fr. per 100 kg gross,1,0.00,1988-01-01
61033300,80,3,of synthetic fibres,Fr. per 100 kg gross,1,0.00,1988-01-01
61033900,80,3,of other textile materials,Fr. per 100 kg gross,1,0.00,1988-01-01
,10,2,"trousers, bib and brace overalls, breeches and shorts:",,,,1988-01-01
61034100,80,3,of wool or fine animal hair,Fr. per 100 kg gross,1,0.00,1988-01-01
61034200,80,3,of cotton,Fr. per 100 kg gross,1,0.00,1988-01-01
61034300,80,3,of synthetic fibres,Fr. per 100 kg gross,1,0.00,1988-01-01
61034900,80,3,of other textile materials,Fr. per 100 kg gross,1,0.00,1988-01-01
6104,80,1,"Women's or girls' suits, ensembles, jackets, blazers, dresses, skirts, divided skirts, trousers, bib and brace overalls, breeches and shorts (other than swimwear), knitted or crocheted:",,0,,1988-01-01
,10,2,suits:,,,,1988-01-01
61041300,80,3,of synthetic fibres,Fr. per 100 kg gross,1,0.00,1988-01-01
61041900,80,3,of other textile materials,Fr. per 100 kg gross,1,0.00,2024-01-01
,10,2,ensembles:,,,,1988-01-01
61042200,80,3,of cotton,Fr. per 100 kg gross,1,0.00,1988-01-01
61042300,80,3,of synthetic fibres,Fr. per 100 kg gross,1,0.00,1988-01-01
61042900,80,3,of other textile materials,Fr. per 100 kg gross,1,0.00,2024-01-01
,10,2,jackets and blazers:,,,,1988-01-01
61043100,80,3,of wool or fine animal hair,Fr. per 100 kg gross,1,0.00,1988-01-01
61043200,80,3,of cotton,Fr. per 100 kg gross,1,0.00,1988-01-01
61043300,80,3,of synthetic fibres,Fr. per 100 kg gross,1,0.00,1988-01-01
61043900,80,3,of other textile materials,Fr. per 100 kg gross,1,0.00,1988-01-01
,10,2,dresses:,,,,1988-01-01
61044100,80,3,of wool or fine animal hair,Fr. per 100 kg gross,1,0.00,1988-01-01
61044200,80,3,of cotton,Fr. per 100 kg gross,1,0.00,1988-01-01
61044300,80,3,of synthetic fibres,Fr. per 100 kg gross,1,0.00,1988-01-01
61044400,80,3,of artificial fibres,Fr. per 100 kg gross,1,0.00,1988-01-01
61044900,80,3,of other textile materials,Fr. per 100 kg gross,1,0.00,1988-01-01
,10,2,skirts and divided skirts:,,,,1988-01-01
61045100,80,3,of wool or fine animal hair,Fr. per 100 kg gross,1,0.00,1988-01-01
61045200,80,3,of cotton,Fr. per 100 kg gross,1,0.00,1988-01-01
61045300,80,3,of synthetic fibres,Fr. per 100 kg gross,1,0.00,1988-01-01
61045900,80,3,of other textile materials,Fr. per 100 kg gross,1,0.00,1988-01-01
,10,2,"trousers, bib and brace overalls, breeches and shorts:",,,,1988-01-01
61046100,80,3,of wool or fine animal hair,Fr. per 100 kg gross,1,0.00,1988-01-01
61046200,80,3,of cotton,Fr. per 100 kg gross,1,0.00,1988-01-01
61046300,80,3,of synthetic fibres,Fr. per 100 kg gross,1,0.00,1988-01-01
61046900,80,3,of other textile materials,Fr. per 100 kg gross,1,0.00,1988-01-01
6105,80,1,"Men's or boys' shirts, knitted or crocheted:",,0,,1988-01-01
61051000,80,2,of cotton,Fr. per 100 kg gross,1,0.00,1988-01-01
61052000,80,2,of man-made fibres,Fr. per 100 kg gross,1,0.00,1988-01-01
61059000,80,2,of other textile materials,Fr. per 100 kg gross,1,0.00,1988-01-01
6106,80,1,"Women's or girls' blouses, shirts and shirt-blouses, knitted or crocheted:",,0,,1988-01-01
61061000,80,2,of cotton,Fr. per 100 kg gross,1,0.00,1988-01-01
61062000,80,2,of man-made fibres,Fr. per 100 kg gross,1,0.00,1988-01-01
61069000,80,2,of other textile materials,Fr. per 100 kg gross,1,0.00,1988-01-01
6107,80,1,"Men's or boys' underpants, briefs, nightshirts, pyjamas, bathrobes, dressing gowns and similar articles, knitted or crocheted:",,0,,1988-01-01
,10,2,underpants and briefs:,,,,1988-01-01
61071100,80,3,of cotton,Fr. per 100 kg gross,1,0.00,1988-01-01
61071200,80,3,of man-made fibres,Fr. per 100 kg gross,1,0.00,1988-01-01
61071900,80,3,of other textile materials,Fr. per 100 kg gross,1,0.00,1988-01-01
,10,2,nightshirts and pyjamas:,,,,1988-01-01
61072100,80,3,of cotton,Fr. per 100 kg gross,1,0.00,1988-01-01
61072200,80,3,of man-made fibres,Fr. per 100 kg gross,1,0.00,1988-01-01
61072900,80,3,of other textile materials,Fr. per 100 kg gross,1,0.00,1988-01-01
,10,2,other:,,,,1988-01-01
61079100,80,3,of cotton,Fr. per 100 kg gross,1,0.00,1988-01-01
61079900,80,3,of other textile materials,Fr. per 100 kg gross,1,0.00,2024-01-01
6108,80,1,"Women's or girls' slips, petticoats, briefs, panties, nightdresses, pyjamas, négligés, bathrobes, dressing gowns and similar articles, knitted or crocheted:",,0,,1988-01-01
,10,2,slips and petticoats:,,,,1988-01-01
61081100,80,3,of man-made fibres,Fr. per 100 kg gross,1,0.00,1988-01-01
61081900,80,3,of other textile materials,Fr. per 100 kg gross,1,0.00,2024-01-01
,10,2,briefs and panties:,,,,1988-01-01
61082100,80,3,of cotton,Fr. per 100 kg gross,1,0.00,1988-01-01
61082200,80,3,of man-made fibres,Fr. per 100 kg gross,1,0.00,1988-01-01
61082900,80,3,of other textile materials,Fr. per 100 kg gross,1,0.00,1988-01-01
,10,2,nightdresses and pyjamas:,,,,1988-01-01
61083100,80,3,of cotton,Fr. per 100 kg gross,1,0.00,1988-01-01
61083200,80,3,of man-made fibres,Fr. per 100 kg gross,1,0.00,1988-01-01
61083900,80,3,of other textile materials,Fr. per 100 kg gross,1,0.00,1988-01-01
,10,2,other:,,,,1988-01-01
61089100,80,3,of cotton,Fr. per 100 kg gross,1,0.00,1988-01-01
61089200,80,3,of man-made fibres,Fr. per 100 kg gross,1,0.00,1988-01-01
61089900,80,3,of other textile materials,Fr. per 100 kg gross,1,0.00,1988-01-01
6109,80,1,"T-shirts, singlets and other vests, knitted or crocheted:",,0,,1988-01-01
61091000,80,2,of cotton,Fr. per 100 kg gross,1,0.00,1988-01-01
61099000,80,2,of other textile materials,Fr. per 100 kg gross,1,0.00,1988-01-01
6110,80,1,"Jerseys, pullovers, cardigans, waistcoats and similar articles, knitted or crocheted:",,0,,1988-01-01
,10,2,of wool or fine animal hair:,,,,2002-01-01
61101100,80,3,of wool,Fr. per 100 kg gross,1,0.00,2002-01-01
61101200,80,3,of Kashmir (cashmere) goats,Fr. per 100 kg gross,1,0.00,2002-01-01
61101900,80,3,other,Fr. per 100 kg gross,1,0.00,2002-01-01
61102000,80,2,of cotton,Fr. per 100 kg gross,1,0.00,1988-01-01
61103000,80,2,of man-made fibres,Fr. per 100 kg gross,1,0.00,1988-01-01
61109000,80,2,of other textile materials,Fr. per 100 kg gross,1,0.00,2024-01-01
6111,80,1,"Babies' garments and clothing accessories, knitted or crocheted:",,0,,1988-01-01
61112000,80,2,of cotton,Fr. per 100 kg gross,1,0.00,1988-01-01
61113000,80,2,of synthetic fibres,Fr. per 100 kg gross,1,0.00,1988-01-01
61119000,80,2,of other textile materials,Fr. per 100 kg gross,1,0.00,2024-01-01
6112,80,1,"Track suits, ski suits and swimwear, knitted or crocheted:",,0,,1988-01-01
,10,2,track suits:,,,,1988-01-01
61121100,80,3,of cotton,Fr. per 100 kg gross,1,0.00,1988-01-01
61121200,80,3,of synthetic fibres,Fr. per 100 kg gross,1,0.00,1988-01-01
61121900,80,3,of other textile materials,Fr. per 100 kg gross,1,0.00,1988-01-01
61122000,80,2,ski suits,Fr. per 100 kg gross,1,0.00,2024-01-01
,10,2,men's or boys' swimwear:,,,,1988-01-01
61123100,80,3,of synthetic fibres,Fr. per 100 kg gross,1,0.00,1988-01-01
61123900,80,3,of other textile materials,Fr. per 100 kg gross,1,0.00,2024-01-01
,10,2,women's or girls' swimwear:,,,,1988-01-01
61124100,80,3,of synthetic fibres,Fr. per 100 kg gross,1,0.00,1988-01-01
61124900,80,3,of other textile materials,Fr. per 100 kg gross,1,0.00,2024-01-01
61130000,80,1,"Garments, made up of knitted or crocheted fabrics of heading 5903, 5906 or 5907",Fr. per 100 kg gross,1,0.00,1988-01-01
6114,80,1,"Other garments, knitted or crocheted:",,0,,1988-01-01
61142000,80,2,of cotton,Fr. per 100 kg gross,1,0.00,1988-01-01
61143000,80,2,of man-made fibres,Fr. per 100 kg gross,1,0.00,1988-01-01
61149000,80,2,of other textile materials,Fr. per 100 kg gross,1,0.00,2024-01-01
6115,80,1,"Panty hose, tights, stockings, socks and other hosiery, including graduated compression hosiery (for example, stockings for varicose veins) and footwear without applied soles, knitted or crocheted:",,0,,1988-01-01
61151000,80,2,"graduated compression hosiery (for example, stockings for varicose veins)",Fr. per 100 kg gross,1,0.00,2024-01-01
,10,2,other panty hose and tights:,,,,2007-01-01
61152100,80,3,"of synthetic fibres, measuring per single yarn less than 67 decitex",Fr. per 100 kg gross,1,0.00,2007-01-01
61152200,80,3,"of synthetic fibres, measuring per single yarn 67 decitex or more",Fr. per 100 kg gross,1,0.00,2007-01-01
61152900,80,3,of other textile materials,Fr. per 100 kg gross,1,0.00,2024-01-01
61153000,80,2,"other women's full-length or knee-length hosiery, measuring per single yarn less than 67 decitex",Fr. per 100 kg gross,1,0.00,2007-01-01
,10,2,other:,,,,1988-01-01
61159400,80,3,of wool or fine animal hair,Fr. per 100 kg gross,1,0.00,2007-01-01
61159500,80,3,of cotton,Fr. per 100 kg gross,1,0.00,2007-01-01
61159600,80,3,of synthetic fibres,Fr. per 100 kg gross,1,0.00,2024-01-01
61159900,80,3,of other textile materials,Fr. per 100 kg gross,1,0.00,1988-01-01
6116,80,1,"Gloves, mittens and mitts, knitted or crocheted:",,0,,1988-01-01
61161000,80,2,"impregnated, coated, covered or laminated with plastics or rubber",Fr. per 100 kg gross,1,0.00,1988-01-01
,10,2,other:,,,,1988-01-01
61169100,80,3,of wool or fine animal hair,Fr. per 100 kg gross,1,0.00,1988-01-01
61169200,80,3,of cotton,Fr. per 100 kg gross,1,0.00,1988-01-01
61169300,80,3,of synthetic fibres,Fr. per 100 kg gross,1,0.00,1988-01-01
61169900,80,3,of other textile materials,Fr. per 100 kg gross,1,0.00,1988-01-01
6117,80,1,"Other made up clothing accessories, knitted or crocheted; knitted or crocheted parts of garments or of clothing accessories:",,0,,1988-01-01
61171000,80,2,"shawls, scarves, mufflers, mantillas, veils and the like",Fr. per 100 kg gross,1,0.00,2024-01-01
61178000,80,2,other accessories,Fr. per 100 kg gross,1,0.00,2024-01-01
61179000,80,2,parts,Fr. per 100 kg gross,1,0.00,2024-01-01
62,80,0,"Articles of apparel and clothing accessories, not knitted or crocheted",,0,,1988-01-01
6201,80,1,"Men's or boys' overcoats, car-coats, capes, cloaks, anoraks (including ski-jackets), wind-cheaters, wind-jackets and similar articles, other than those of heading 6203:",,0,,1988-01-01
62012000,80,2,of wool or fine animal hair,Fr. per 100 kg gross,1,0.00,2022-01-01
62013000,80,2,of cotton,Fr. per 100 kg gross,1,0.00,2022-01-01
62014000,80,2,of man-made fibres,Fr. per 100 kg gross,1,0.00,2022-01-01
62019000,80,2,of other textile materials,Fr. per 100 kg gross,1,0.00,2024-01-01
6202,80,1,"Women's or girls' overcoats, car-coats, capes, cloaks, anoraks (including ski-jackets), wind-cheaters, wind-jackets and similar articles, other than those of heading 6204:",,0,,1988-01-01
62022000,80,2,of wool or fine animal hair,Fr. per 100 kg gross,1,0.00,2022-01-01
62023000,80,2,of cotton,Fr. per 100 kg gross,1,0.00,2024-01-01
62024000,80,2,of man-made fibres,Fr. per 100 kg gross,1,0.00,2022-01-01
62029000,80,2,of other textile materials,Fr. per 100 kg gross,1,0.00,2024-01-01
6203,80,1,"Men's or boys' suits, ensembles, jackets, blazers, trousers, bib and brace overalls, breeches and shorts (other than swimwear):",,0,,1988-01-01
,10,2,suits:,,,,1988-01-01
62031100,80,3,of wool or fine animal hair,Fr. per 100 kg gross,1,0.00,1988-01-01
62031200,80,3,of synthetic fibres,Fr. per 100 kg gross,1,0.00,1988-01-01
62031900,80,3,of other textile materials,Fr. per 100 kg gross,1,0.00,2024-01-01
,10,2,ensembles:,,,,1988-01-01
62032200,80,3,of cotton,Fr. per 100 kg gross,1,0.00,1988-01-01
62032300,80,3,of synthetic fibres,Fr. per 100 kg gross,1,0.00,1988-01-01
62032900,80,3,of other textile materials,Fr. per 100 kg gross,1,0.00,2024-01-01
,10,2,jackets and blazers:,,,,1988-01-01
62033100,80,3,of wool or fine animal hair,Fr. per 100 kg gross,1,0.00,1988-01-01
62033200,80,3,of cotton,Fr. per 100 kg gross,1,0.00,1988-01-01
62033300,80,3,of synthetic fibres,Fr. per 100 kg gross,1,0.00,1988-01-01
62033900,80,3,of other textile materials,Fr. per 100 kg gross,1,0.00,2024-01-01
,10,2,"trousers, bib and brace overalls, breeches and shorts:",,,,1988-01-01
62034100,80,3,of wool or fine animal hair,Fr. per 100 kg gross,1,0.00,1988-01-01
62034200,80,3,of cotton,Fr. per 100 kg gross,1,0.00,1988-01-01
62034300,80,3,of synthetic fibres,Fr. per 100 kg gross,1,0.00,1988-01-01
62034900,80,3,of other textile materials,Fr. per 100 kg gross,1,0.00,2024-01-01
6204,80,1,"Women's or girls' suits, ensembles, jackets, blazers, dresses, skirts, divided skirts, trousers, bib and brace overalls, breeches and shorts (other than swimwear):",,0,,1988-01-01
,10,2,suits:,,,,1988-01-01
62041100,80,3,of wool or fine animal hair,Fr. per 100 kg gross,1,0.00,2024-01-01
62041200,80,3,of cotton,Fr. per 100 kg gross,1,0.00,2024-01-01
62041300,80,3,of synthetic fibres,Fr. per 100 kg gross,1,0.00,2024-01-01
62041900,80,3,of other textile materials,Fr. per 100 kg gross,1,0.00,2024-01-01
,10,2,ensembles:,,,,1988-01-01
62042100,80,3,of wool or fine animal hair,Fr. per 100 kg gross,1,0.00,2024-01-01
62042200,80,3,of cotton,Fr. per 100 kg gross,1,0.00,2024-01-01
62042300,80,3,of synthetic fibres,Fr. per 100 kg gross,1,0.00,2024-01-01
62042900,80,3,of other textile materials,Fr. per 100 kg gross,1,0.00,2024-01-01
,10,2,jackets and blazers:,,,,1988-01-01
62043100,80,3,of wool or fine animal hair,Fr. per 100 kg gross,1,0.00,2024-01-01
62043200,80,3,of cotton,Fr. per 100 kg gross,1,0.00,2024-01-01
62043300,80,3,of synthetic fibres,Fr. per 100 kg gross,1,0.00,2024-01-01
62043900,80,3,of other textile materials,Fr. per 100 kg gross,1,0.00,2024-01-01
,10,2,dresses:,,,,1988-01-01
62044100,80,3,of wool or fine animal hair,Fr. per 100 kg gross,1,0.00,2024-01-01
62044200,80,3,of cotton,Fr. per 100 kg gross,1,0.00,2024-01-01
62044300,80,3,of synthetic fibres,Fr. per 100 kg gross,1,0.00,2024-01-01
62044400,80,3,of artificial fibres,Fr. per 100 kg gross,1,0.00,2024-01-01
62044900,80,3,of other textile materials,Fr. per 100 kg gross,1,0.00,2024-01-01
,10,2,skirts and divided skirts:,,,,1988-01-01
62045100,80,3,of wool or fine animal hair,Fr. per 100 kg gross,1,0.00,1988-01-01
62045200,80,3,of cotton,Fr. per 100 kg gross,1,0.00,2024-01-01
62045300,80,3,of synthetic fibres,Fr. per 100 kg gross,1,0.00,1988-01-01
62045900,80,3,of other textile materials,Fr. per 100 kg gross,1,0.00,2024-01-01
,10,2,"trousers, bib and brace overalls, breeches and shorts:",,,,1988-01-01
62046100,80,3,of wool or fine animal hair,Fr. per 100 kg gross,1,0.00,1988-01-01
62046200,80,3,of cotton,Fr. per 100 kg gross,1,0.00,2024-01-01
62046300,80,3,of synthetic fibres,Fr. per 100 kg gross,1,0.00,1988-01-01
62046900,80,3,of other textile materials,Fr. per 100 kg gross,1,0.00,2024-01-01
6205,80,1,Men's or boys' shirts:,,0,,1988-01-01
62052000,80,2,of cotton,Fr. per 100 kg gross,1,0.00,1988-01-01
62053000,80,2,of man-made fibres,Fr. per 100 kg gross,1,0.00,1988-01-01
62059000,80,2,of other textile materials,Fr. per 100 kg gross,1,0.00,2024-01-01
6206,80,1,"Women's or girls' blouses, shirts and shirt-blouses:",,0,,1988-01-01
62061000,80,2,of silk or silk waste,Fr. per 100 kg gross,1,0.00,2024-01-01
62062000,80,2,of wool or fine animal hair,Fr. per 100 kg gross,1,0.00,2024-01-01
62063000,80,2,of cotton,Fr. per 100 kg gross,1,0.00,2024-01-01
62064000,80,2,of man-made fibres,Fr. per 100 kg gross,1,0.00,2024-01-01
62069000,80,2,of other textile materials,Fr. per 100 kg gross,1,0.00,2024-01-01
6207,80,1,"Men's or boys' singlets and other vests, underpants, briefs, nightshirts, pyjamas, bathrobes, dressing gowns and similar articles:",,0,,1988-01-01
,10,2,underpants and briefs:,,,,1988-01-01
62071100,80,3,of cotton,Fr. per 100 kg gross,1,0.00,1988-01-01
62071900,80,3,of other textile materials,Fr. per 100 kg gross,1,0.00,1988-01-01
,10,2,nightshirts and pyjamas:,,,,1988-01-01
62072100,80,3,of cotton,Fr. per 100 kg gross,1,0.00,1988-01-01
62072200,80,3,of man-made fibres,Fr. per 100 kg gross,1,0.00,1988-01-01
62072900,80,3,of other textile materials,Fr. per 100 kg gross,1,0.00,1988-01-01
,10,2,other:,,,,1988-01-01
62079100,80,3,of cotton,Fr. per 100 kg gross,1,0.00,1988-01-01
62079900,80,3,of other textile materials,Fr. per 100 kg gross,1,0.00,2024-01-01
6208,80,1,"Women's or girls' singlets and other vests, slips, petticoats, briefs, panties, nightdresses, pyjamas, négligés, bathrobes, dressing gowns and similar articles:",,0,,1988-01-01
,10,2,slips and petticoats:,,,,1988-01-01
62081100,80,3,of man-made fibres,Fr. per 100 kg gross,1,0.00,2024-01-01
62081900,80,3,of other textile materials,Fr. per 100 kg gross,1,0.00,2024-01-01
,10,2,nightdresses and pyjamas:,,,,1988-01-01
62082100,80,3,of cotton,Fr. per 100 kg gross,1,0.00,2024-01-01
62082200,80,3,of man-made fibres,Fr. per 100 kg gross,1,0.00,2024-01-01
62082900,80,3,of other textile materials,Fr. per 100 kg gross,1,0.00,2024-01-01
,10,2,other:,,,,1988-01-01
62089100,80,3,of cotton,Fr. per 100 kg gross,1,0.00,2024-01-01
62089200,80,3,of man-made fibres,Fr. per 100 kg gross,1,0.00,2024-01-01
62089900,80,3,of other textile materials,Fr. per 100 kg gross,1,0.00,2024-01-01
6209,80,1,Babies' garments and clothing accessories:,,0,,1988-01-01
62092000,80,2,of cotton,Fr. per 100 kg gross,1,0.00,1988-01-01
62093000,80,2,of synthetic fibres,Fr. per 100 kg gross,1,0.00,1988-01-01
62099000,80,2,of other textile materials,Fr. per 100 kg gross,1,0.00,2024-01-01
6210,80,1,"Garments, made up of fabrics of heading 5602, 5603, 5903, 5906 or 5907:",,0,,1988-01-01
62101000,80,2,of fabrics of heading 5602 or 5603,Fr. per 100 kg gross,1,0.00,1988-01-01
62102000,80,2,"other garments, of the type described in heading 6201",Fr. per 100 kg gross,1,0.00,1988-01-01
62103000,80,2,"other garments, of the type described in heading 6202",Fr. per 100 kg gross,1,0.00,2024-01-01
62104000,80,2,other men's or boys' garments,Fr. per 100 kg gross,1,0.00,1988-01-01
62105000,80,2,other women's or girls' garments,Fr. per 100 kg gross,1,0.00,2024-01-01
6211,80,1,"Track suits, ski suits and swimwear; other garments:",,0,,1988-01-01
,10,2,swimwear:,,,,1988-01-01
62111100,80,3,men's or boys',Fr. per 100 kg gross,1,0.00,2024-01-01
62111200,80,3,women's or girls',Fr. per 100 kg gross,1,0.00,2024-01-01
62112000,80,2,ski suits,Fr. per 100 kg gross,1,0.00,2024-01-01
,10,2,"other garments, men's or boys':",,,,1988-01-01
62113200,80,3,of cotton,Fr. per 100 kg gross,1,0.00,1988-01-01
62113300,80,3,of man-made fibres,Fr. per 100 kg gross,1,0.00,1988-01-01
62113900,80,3,of other textile materials,Fr. per 100 kg gross,1,0.00,2024-01-01
,10,2,"other garments, women's or girls':",,,,1988-01-01
62114200,80,3,of cotton,Fr. per 100 kg gross,1,0.00,2024-01-01
62114300,80,3,of man-made fibres,Fr. per 100 kg gross,1,0.00,1988-01-01
62114900,80,3,of other textile materials,Fr. per 100 kg gross,1,0.00,2024-01-01
6212,80,1,"Brassières, girdles, corsets, braces, suspenders, garters and similar articles and parts thereof, whether or not knitted or crocheted:",,0,,1988-01-01
62121000,80,2,brassières,Fr. per 100 kg gross,1,0.00,1988-01-01
62122000,80,2,girdles and panty-girdles,Fr. per 100 kg gross,1,0.00,1988-01-01
62123000,80,2,corselettes,Fr. per 100 kg gross,1,0.00,1988-01-01
62129000,80,2,other,Fr. per 100 kg gross,1,0.00,2024-01-01
6213,80,1,Handkerchiefs:,,0,,1988-01-01
62132000,80,2,of cotton,Fr. per 100 kg gross,1,0.00,2024-01-01
62139000,80,2,of other textile materials,Fr. per 100 kg gross,1,0.00,2024-01-01
6214,80,1,"Shawls, scarves, mufflers, mantillas, veils and the like:",,0,,1988-01-01
62141000,80,2,of silk or silk waste,Fr. per 100 kg gross,1,0.00,1988-01-01
62142000,80,2,of wool or fine animal hair,Fr. per 100 kg gross,1,0.00,1988-01-01
62143000,80,2,of synthetic fibres,Fr. per 100 kg gross,1,0.00,1988-01-01
62144000,80,2,of artificial fibres,Fr. per 100 kg gross,1,0.00,1988-01-01
62149000,80,2,of other textile materials,Fr. per 100 kg gross,1,0.00,1988-01-01
6215,80,1,"Ties, bow ties and cravats:",,0,,1988-01-01
62151000,80,2,of silk or silk waste,Fr. per 100 kg gross,1,0.00,1988-01-01
62152000,80,2,of man-made fibres,Fr. per 100 kg gross,1,0.00,1988-01-01
62159000,80,2,of other textile materials,Fr. per 100 kg gross,1,0.00,1988-01-01
62160000,80,1,"Gloves, mittens and mitts",Fr. per 100 kg gross,1,0.00,2024-01-01
6217,80,1,"Other made up clothing accessories; parts of garments or of clothing accessories, other than those of heading 6212:",,0,,1988-01-01
62171000,80,2,accessories,Fr. per 100 kg gross,1,0.00,2024-01-01
62179000,80,2,parts,Fr. per 100 kg gross,1,0.00,2024-01-01
63,80,0,Other made up textile articles; sets; worn clothing and worn textile articles; rags,,0,,1988-01-01
6301,80,1,Blankets and travelling rugs:,,0,,1988-01-01
63011000,80,2,electric blankets,Fr. per 100 kg gross,1,0.00,2024-01-01
63012000,80,2,"blankets (other than electric blankets) and travelling rugs, of wool or of fine animal hair",Fr. per 100 kg gross,1,0.00,1988-01-01
63013000,80,2,"blankets (other than electric blankets) and travelling rugs, of cotton",Fr. per 100 kg gross,1,0.00,1988-01-01
63014000,80,2,"blankets (other than electric blankets) and travelling rugs, of synthetic fibres",Fr. per 100 kg gross,1,0.00,1988-01-01
63019000,80,2,other blankets and travelling rugs,Fr. per 100 kg gross,1,0.00,1988-01-01
6302,80,1,"Bed linen, table linen, toilet linen and kitchen linen:",,0,,1988-01-01
63021000,80,2,"bed linen, knitted or crocheted",Fr. per 100 kg gross,1,0.00,2024-01-01
,10,2,"other bed linen, printed:",,,,1988-01-01
63022100,80,3,of cotton,Fr. per 100 kg gross,1,0.00,1988-01-01
63022200,80,3,of man-made fibres,Fr. per 100 kg gross,1,0.00,1988-01-01
63022900,80,3,of other textile materials,Fr. per 100 kg gross,1,0.00,1988-01-01
,10,2,other bed linen:,,,,1988-01-01
63023100,80,3,of cotton,Fr. per 100 kg gross,1,0.00,2024-01-01
63023200,80,3,of man-made fibres,Fr. per 100 kg gross,1,0.00,2024-01-01
63023900,80,3,of other textile materials,Fr. per 100 kg gross,1,0.00,2024-01-01
63024000,80,2,"table linen, knitted or crocheted",Fr. per 100 kg gross,1,0.00,2024-01-01
,10,2,other table linen:,,,,1988-01-01
63025100,80,3,of cotton,Fr. per 100 kg gross,1,0.00,2024-01-01
63025300,80,3,of man-made fibres,Fr. per 100 kg gross,1,0.00,2024-01-01
63025900,80,3,of other textile materials,Fr. per 100 kg gross,1,0.00,2024-01-01
63026000,80,2,"toilet linen and kitchen linen, of terry towelling or similar terry fabrics, of cotton",Fr. per 100 kg gross,1,0.00,2024-01-01
,10,2,other:,,,,1988-01-01
63029100,80,3,of cotton,Fr. per 100 kg gross,1,0.00,2024-01-01
63029300,80,3,of man-made fibres,Fr. per 100 kg gross,1,0.00,1988-01-01
63029900,80,3,of other textile materials,Fr. per 100 kg gross,1,0.00,2024-01-01
6303,80,1,Curtains (including drapes) and interior blinds; curtain or bed valances:,,0,,1988-01-01
,10,2,knitted or crocheted:,,,,1988-01-01
63031200,80,3,of synthetic fibres,Fr. per 100 kg gross,1,0.00,2024-01-01
63031900,80,3,of other textile materials,Fr. per 100 kg gross,1,0.00,2024-01-01
,10,2,other:,,,,1988-01-01
63039100,80,3,of cotton,Fr. per 100 kg gross,1,0.00,2024-01-01
63039200,80,3,of synthetic fibres,Fr. per 100 kg gross,1,0.00,2024-01-01
63039900,80,3,of other textile materials,Fr. per 100 kg gross,1,0.00,2024-01-01
6304,80,1,"Other furnishing articles, excluding those of heading 9404:",,0,,1988-01-01
,10,2,bedspreads:,,,,1988-01-01
63041100,80,3,knitted or crocheted,Fr. per 100 kg gross,1,0.00,2024-01-01
63041900,80,3,other,Fr. per 100 kg gross,1,0.00,1988-01-01
63042000,80,2,bed nets specified in Subheading Note 1 to this Chapter,Fr. per 100 kg gross,1,0.00,2017-01-01
,10,2,other:,,,,1988-01-01
63049100,80,3,knitted or crocheted,Fr. per 100 kg gross,1,0.00,2024-01-01
63049200,80,3,"not knitted or crocheted, of cotton",Fr. per 100 kg gross,1,0.00,2024-01-01
63049300,80,3,"not knitted or crocheted, of synthetic fibres",Fr. per 100 kg gross,1,0.00,2024-01-01
63049900,80,3,"not knitted or crocheted, of other textile materials",Fr. per 100 kg gross,1,0.00,2024-01-01
6305,80,1,"Sacks and bags, of a kind used for the packing of goods:",,0,,1988-01-01
63051000,80,2,of jute or of other textile bast fibres of heading 5303,Fr. per 100 kg gross,1,0.00,1988-01-01
63052000,80,2,of cotton,Fr. per 100 kg gross,1,0.00,1988-01-01
,10,2,of man-made textile materials:,,,,1996-01-01
63053200,80,3,flexible intermediate bulk containers,Fr. per 100 kg gross,1,0.00,1996-01-01
63053300,80,3,"other, of polyethylene or polypropylene strip or the like",Fr. per 100 kg gross,1,0.00,1996-01-01
63053900,80,3,other,Fr. per 100 kg gross,1,0.00,1996-01-01
63059000,80,2,of other textile materials,Fr. per 100 kg gross,1,0.00,1988-01-01
6306,80,1,"Tarpaulins, awnings and sunblinds; tents (including temporary canopies and similar articles); sails for boats, sailboards or landcraft; camping goods:",,0,,1988-01-01
,10,2,"tarpaulins, awnings and sunblinds:",,,,1988-01-01
63061200,80,3,of synthetic fibres,Fr. per 100 kg gross,1,0.00,1988-01-01
63061900,80,3,of other textile materials,Fr. per 100 kg gross,1,0.00,1988-01-01
,10,2,tents (including temporary canopies and similar articles):,,,,1988-01-01
63062200,80,3,of synthetic fibres,Fr. per 100 kg gross,1,0.00,1988-01-01
63062900,80,3,of other textile materials,Fr. per 100 kg gross,1,0.00,1988-01-01
63063000,80,2,sails,Fr. per 100 kg gross,1,0.00,2007-01-01
63064000,80,2,pneumatic mattresses,Fr. per 100 kg gross,1,0.00,2007-01-01
63069000,80,2,other,Fr. per 100 kg gross,1,0.00,2012-01-01
6307,80,1,"Other made up articles, including dress patterns:",,0,,1988-01-01
63071000,80,2,"floor-cloths, dish-cloths, dusters and similar cleaning cloths",Fr. per 100 kg gross,1,0.00,2024-01-01
63072000,80,2,life-jackets and life-belts,Fr. per 100 kg gross,1,0.00,2024-01-01
63079000,80,2,other,Fr. per 100 kg gross,1,0.00,2024-01-01
63080000,80,1,"Sets consisting of woven fabric and yarn, whether or not with accessories, for making up into rugs, tapestries, embroidered table cloths or serviettes, or similar textile articles, put up in packings for retail sale",Fr. per 100 kg gross,1,0.00,1988-01-01
63090000,80,1,Worn clothing and other worn articles,Fr. per 100 kg gross,1,0.00,1988-01-01
6310,80,1,"Used or new rags, scrap twine, cordage, rope and cables and worn out articles of twine, cordage, rope or cables, of textile materials:",,0,,1988-01-01
63101000,80,2,sorted,Fr. per 100 kg gross,1,0.00,1988-01-01
63109000,80,2,other,Fr. per 100 kg gross,1,0.00,1988-01-01
64,80,0,"Footwear, gaiters and the like; parts of such articles",,0,,1988-01-01
6401,80,1,"Waterproof footwear with outer soles and uppers of rubber or of plastics, the uppers of which are neither fixed to the sole nor assembled by stitching, riveting, nailing, screwing, plugging or similar processes:",,0,,1988-01-01
64011000,80,2,footwear incorporating a protective metal toe-cap,Fr. per 100 kg gross,1,0.00,1988-01-01
,10,2,other footwear:,,,,1988-01-01
64019200,80,3,covering the ankle but not covering the knee,Fr. per 100 kg gross,1,0.00,1988-01-01
64019900,80,3,other,Fr. per 100 kg gross,1,0.00,1988-01-01
6402,80,1,Other footwear with outer soles and uppers of rubber or plastics:,,0,,1988-01-01
,10,2,sports footwear:,,,,1988-01-01
64021200,80,3,"ski-boots, cross-country ski footwear and snowboard boots",Fr. per 100 kg gross,1,0.00,1996-01-01
64021900,80,3,other,Fr. per 100 kg gross,1,0.00,1988-01-01
64022000,80,2,footwear with upper straps or thongs assembled to the sole by means of plugs,Fr. per 100 kg gross,1,0.00,1988-01-01
,10,2,other footwear:,,,,1988-01-01
64029100,80,3,covering the ankle,Fr. per 100 kg gross,1,0.00,1996-01-01
64029900,80,3,other,Fr. per 100 kg gross,1,0.00,1988-01-01
6403,80,1,"Footwear with outer soles of rubber, plastics, leather or composition leather and uppers of leather:",,0,,1988-01-01
,10,2,sports footwear:,,,,1988-01-01
64031200,80,3,"ski-boots, cross-country ski footwear and snowboard boots",Fr. per 100 kg gross,1,0.00,1996-01-01
64031900,80,3,other,Fr. per 100 kg gross,1,0.00,1988-01-01
64032000,80,2,"footwear with outer soles of leather, and uppers which consist of leather straps across the instep and around the big toe",Fr. per 100 kg gross,1,0.00,1988-01-01
64034000,80,2,"other footwear, incorporating a protective metal toe-cap",Fr. per 100 kg gross,1,0.00,1988-01-01
,10,2,other footwear with outer soles of leather:,,,,1988-01-01
64035100,80,3,covering the ankle,Fr. per 100 kg gross,1,0.00,1988-01-01
64035900,80,3,other,Fr. per 100 kg gross,1,0.00,2024-01-01
,10,2,other footwear:,,,,1988-01-01
64039100,80,3,covering the ankle,Fr. per 100 kg gross,1,0.00,1996-01-01
64039900,80,3,other,Fr. per 100 kg gross,1,0.00,2024-01-01
6404,80,1,"Footwear with outer soles of rubber, plastics, leather or composition leather and uppers of textile materials:",,0,,1988-01-01
,10,2,footwear with outer soles of rubber or plastics:,,,,1988-01-01
64041100,80,3,"sports footwear; tennis shoes, basketball shoes, gym shoes, training shoes and the like",Fr. per 100 kg gross,1,0.00,1988-01-01
64041900,80,3,other,Fr. per 100 kg gross,1,0.00,1988-01-01
64042000,80,2,footwear with outer soles of leather or composition leather,Fr. per 100 kg gross,1,0.00,1988-01-01
6405,80,1,Other footwear:,,0,,1988-01-01
64051000,80,2,with uppers of leather or composition leather,Fr. per 100 kg gross,1,0.00,1988-01-01
64052000,80,2,with uppers of textile materials,Fr. per 100 kg gross,1,0.00,1988-01-01
64059000,80,2,other,Fr. per 100 kg gross,1,0.00,2024-01-01
6406,80,1,"Parts of footwear (including uppers whether or not attached to soles other than outer soles); removable in-soles, heel cushions and similar articles; gaiters, leggings and similar articles, and parts thereof:",,0,,1988-01-01
64061000,80,2,"uppers and parts thereof, other than stiffeners",Fr. per 100 kg gross,1,0.00,1988-01-01
64062000,80,2,"outer soles and heels, of rubber or plastics",Fr. per 100 kg gross,1,0.00,1988-01-01
64069000,80,2,other,Fr. per 100 kg gross,1,0.00,2024-01-01
65,80,0,Headgear and parts thereof,,0,,1988-01-01
65010000,80,1,"Hat-forms, hat bodies and hoods of felt, neither blocked to shape nor with made brims; plateaux and manchons (including slit manchons), of felt",Fr. per 100 kg gross,1,0.00,1988-01-01
65020000,80,1,"Hat-shapes, plaited or made by assembling strips of any material, neither blocked to shape, nor with made brims, nor lined, nor trimmed",Fr. per 100 kg gross,1,0.00,1988-01-01
65040000,80,1,"Hats and other headgear, plaited or made by assembling strips of any material, whether or not lined or trimmed",Fr. per 100 kg gross,1,0.00,1988-01-01
65050000,80,1,"Hats and other headgear, knitted or crocheted, or made up from lace, felt or other textile fabric, in the piece (but not in strips), whether or not lined or trimmed; hair-nets of any material, whether or not lined or trimmed",Fr. per 100 kg gross,1,0.00,2024-01-01
6506,80,1,"Other headgear, whether or not lined or trimmed:",,0,,1988-01-01
65061000,80,2,safety headgear,Fr. per 100 kg gross,1,0.00,1988-01-01
,10,2,other:,,,,1988-01-01
65069100,80,3,of rubber or of plastics,Fr. per 100 kg gross,1,0.00,1988-01-01
65069900,80,3,of other materials,Fr. per 100 kg gross,1,0.00,2024-01-01
65070000,80,1,"Head-bands, linings, covers, hat foundations, hat frames, peaks and chinstraps, for headgear",Fr. per 100 kg gross,1,0.00,1988-01-01
66,80,0,"Umbrellas, sun umbrellas, walking-sticks, seat-sticks, whips, riding-crops and parts thereof",,0,,1988-01-01
6601,80,1,"Umbrellas and sun umbrellas (including walking-stick umbrellas, garden umbrellas and similar umbrellas):",,0,,1988-01-01
66011000,80,2,garden or similar umbrellas,Fr. per 100 kg gross,1,0.00,1988-01-01
,10,2,other:,,,,1988-01-01
66019100,80,3,having a telescopic shaft,Fr. per 100 kg gross,1,0.00,1988-01-01
66019900,80,3,other,Fr. per 100 kg gross,1,0.00,1988-01-01
66020000,80,1,"Walking-sticks, seat-sticks, whips, riding-crops and the like",Fr. per 100 kg gross,1,0.00,1988-01-01
6603,80,1,"Parts, trimmings and accessories of articles of heading 6601 or 6602:",,0,,1988-01-01
66032000,80,2,"umbrella frames, including frames mounted on shafts (sticks)",Fr. per 100 kg gross,1,0.00,1988-01-01
66039000,80,2,other,Fr. per 100 kg gross,1,0.00,1988-01-01
67,80,0,Prepared feathers and down and articles made of feathers or of down; artificial flowers; articles of human hair,,0,,1988-01-01
67010000,80,1,"Skins and other parts of birds with their feathers or down, feathers, parts of feathers, down and articles thereof (other than goods of heading 0505 and worked quills and scapes)",Fr. per 100 kg gross,1,0.00,1988-01-01
6702,80,1,"Artificial flowers, foliage and fruit and parts thereof; articles made of artificial flowers, foliage or fruit:",,0,,1988-01-01
67021000,80,2,of plastics,Fr. per 100 kg gross,1,0.00,1988-01-01
67029000,80,2,of other materials,Fr. per 100 kg gross,1,0.00,2024-01-01
67030000,80,1,"Human hair, dressed, thinned, bleached or otherwise worked; wool or other animal hair or other textile materials, prepared for use in making wigs or the like",Fr. per 100 kg gross,1,0.00,1988-01-01
6704,80,1,"Wigs, false beards, eyebrows and eyelashes, switches and the like, of human or animal hair or of textile materials; articles of human hair not elsewhere specified or included:",,0,,1988-01-01
,10,2,of synthetic textile materials:,,,,1988-01-01
67041100,80,3,complete wigs,Fr. per 100 kg gross,1,0.00,1988-01-01
67041900,80,3,other,Fr. per 100 kg gross,1,0.00,1988-01-01
67042000,80,2,of human hair,Fr. per 100 kg gross,1,0.00,1988-01-01
67049000,80,2,of other materials,Fr. per 100 kg gross,1,0.00,1988-01-01
68,80,0,"Articles of stone, plaster, cement, asbestos, mica or similar materials",,0,,1988-01-01
68010000,80,1,"Setts, curbstones and flagstones, of natural stone (except slate)",Fr. per 100 kg gross,1,0.00,1988-01-01
6802,80,1,"Worked monumental or building stone (except slate) and articles thereof, other than goods of heading 6801; mosaic cubes and the like, of natural stone (including slate), whether or not on a backing; artificially coloured granules, chippings and powder, of natural stone (including slate):",,0,,1988-01-01
68021000,80,2,"tiles, cubes and similar articles, whether or not rectangular (including square), the largest face of which is capable of being enclosed in a square the side of which is less than 7 cm; artificially coloured granules, chippings and powder",Fr. per 100 kg gross,1,0.00,1988-01-01
,10,2,"other monumental or building stone and articles thereof, simply cut or sawn, with a flat or even surface:",,,,1988-01-01
68022100,80,3,"marble, travertine and alabaster",Fr. per 100 kg gross,1,0.00,1988-01-01
68022300,80,3,granite,Fr. per 100 kg gross,1,0.00,1988-01-01
68022900,80,3,other stone,Fr. per 100 kg gross,1,0.00,1988-01-01
,10,2,other:,,,,1988-01-01
68029100,80,3,"marble, travertine and alabaster",Fr. per 100 kg gross,1,0.00,1988-01-01
68029200,80,3,other calcareous stone,Fr. per 100 kg gross,1,0.00,1988-01-01
68029300,80,3,granite,Fr. per 100 kg gross,1,0.00,1988-01-01
68029900,80,3,other stone,Fr. per 100 kg gross,1,0.00,1988-01-01
68030000,80,1,Worked slate and articles of slate or of agglomerated slate,Fr. per 100 kg gross,1,0.00,1988-01-01
6804,80,1,"Millstones, grindstones, grinding wheels and the like, without frameworks, for grinding, sharpening, polishing, trueing or cutting, hand sharpening or polishing stones, and parts thereof, of natural stone, of agglomerated natural or artificial abrasives, or of ceramics, with or without parts of other materials:",,0,,1988-01-01
68041000,80,2,"millstones and grindstones for milling, grinding or pulping",Fr. per 100 kg gross,1,0.00,1988-01-01
,10,2,"other millstones, grindstones, grinding wheels and the like:",,,,1988-01-01
68042100,80,3,of agglomerated synthetic or natural diamond,Fr. per 100 kg gross,1,0.00,1988-01-01
68042200,80,3,of other agglomerated abrasives or of ceramics,Fr. per 100 kg gross,1,0.00,1988-01-01
68042300,80,3,of natural stone,Fr. per 100 kg gross,1,0.00,1988-01-01
68043000,80,2,hand sharpening or polishing stones,Fr. per 100 kg gross,1,0.00,1988-01-01
6805,80,1,"Natural or artificial abrasive powder or grain, on a base of textile material, of paper, of paperboard or of other materials, whether or not cut to shape or sewn or otherwise made up:",,0,,1988-01-01
68051000,80,2,on a base of woven textile fabric only,Fr. per 100 kg gross,1,0.00,1988-01-01
68052000,80,2,on a base of paper or paperboard only,Fr. per 100 kg gross,1,0.00,1988-01-01
68053000,80,2,on a base of other materials,Fr. per 100 kg gross,1,0.00,1988-01-01
6806,80,1,"Slag wool, rock wool and similar mineral wools; exfoliated vermiculite, expanded clays, foamed slag and similar expanded mineral materials; mixtures and articles of heat-insulating, sound-insulating or sound-absorbing mineral materials, other than those of heading 6811 or 6812 or of Chapter 69:",,0,,1988-01-01
68061000,80,2,"slag wool, rock wool and similar mineral wools (including intermixtures thereof), in bulk, sheets or rolls",Fr. per 100 kg gross,1,0.00,1988-01-01
68062000,80,2,"exfoliated vermiculite, expanded clays, foamed slag and similar expanded mineral materials (including intermixtures thereof)",Fr. per 100 kg gross,1,0.00,1988-01-01
68069000,80,2,other,Fr. per 100 kg gross,1,0.00,1988-01-01
6807,80,1,"Articles of asphalt or of similar material (for example, petroleum bitumen or coal tar pitch):",,0,,1988-01-01
68071000,80,2,in rolls,Fr. per 100 kg gross,1,0.00,2024-01-01
68079000,80,2,other,Fr. per 100 kg gross,1,0.00,2024-01-01
68080000,80,1,"Panels, boards, tiles, blocks and similar articles of vegetable fibre, of straw or of shavings, chips, particles, sawdust or other waste, of wood, agglomerated with cement, plaster or other mineral binders",Fr. per 100 kg gross,1,0.00,1988-01-01
6809,80,1,Articles of plaster or of compositions based on plaster:,,0,,1988-01-01
,10,2,"boards, sheets, panels, tiles and similar articles, not ornamented:",,,,1988-01-01
68091100,80,3,faced or reinforced with paper or paperboard only,Fr. per 100 kg gross,1,0.00,1988-01-01
68091900,80,3,other,Fr. per 100 kg gross,1,0.00,1988-01-01
68099000,80,2,other articles,Fr. per 100 kg gross,1,0.00,1988-01-01
6810,80,1,"Articles of cement, of concrete or of artificial stone, whether or not reinforced:",,0,,1988-01-01
,10,2,"tiles, flagstones, bricks and similar articles:",,,,1988-01-01
68101100,80,3,building blocks and bricks,Fr. per 100 kg gross,1,0.00,1988-01-01
68101900,80,3,other,Fr. per 100 kg gross,1,0.00,1988-01-01
,10,2,other articles:,,,,1988-01-01
68109100,80,3,prefabricated structural components for building or civil engineering,Fr. per 100 kg gross,1,0.00,1988-01-01
68109900,80,3,other,Fr. per 100 kg gross,1,0.00,2024-01-01
6811,80,1,"Articles of asbestos-cement, of cellulose fibre-cement or the like:",,0,,1988-01-01
68114000,80,2,containing asbestos,Fr. per 100 kg gross,1,0.00,2007-01-01
,10,2,not containing asbestos:,,,,2007-01-01
68118100,80,3,corrugated sheets,Fr. per 100 kg gross,1,0.00,2007-01-01
68118200,80,3,"other sheets, panels, tiles and similar articles",Fr. per 100 kg gross,1,0.00,2007-01-01
68118900,80,3,other articles,Fr. per 100 kg gross,1,0.00,2007-01-01
6812,80,1,"Fabricated asbestos fibres; mixtures with a basis of asbestos or with a basis of asbestos and magnesium carbonate; articles of such mixtures or of asbestos (for example, thread, woven fabric, clothing, headgear, footwear, gaskets), whether or not reinforced, other than goods of heading 6811 or 6813:",,0,,1988-01-01
68128000,80,2,of crocidolite,Fr. per 100 kg gross,1,0.00,2007-01-01
,10,2,other:,,,,2007-01-01
68129100,80,3,"clothing, clothing accessories, footwear and headgear",Fr. per 100 kg gross,1,0.00,2007-01-01
68129900,80,3,other,Fr. per 100 kg gross,1,0.00,2007-01-01
6813,80,1,"Friction material and articles thereof (for example, sheets, rolls, strips, segments, discs, washers, pads), not mounted, for brakes, for clutches or the like, with a basis of asbestos, of other mineral substances or of cellulose, whether or not combined with textile or other materials:",,0,,1988-01-01
68132000,80,2,containing asbestos,Fr. per 100 kg gross,1,0.00,2007-01-01
,10,2,not containing asbestos:,,,,2007-01-01
68138100,80,3,brake linings and pads,Fr. per 100 kg gross,1,0.00,2007-01-01
68138900,80,3,other,Fr. per 100 kg gross,1,0.00,2007-01-01
6814,80,1,"Worked mica and articles of mica, including agglomerated or reconstituted mica, whether or not on a support of paper, paperboard or other materials:",,0,,1988-01-01
68141000,80,2,"plates, sheets and strips of agglomerated or reconstituted mica, whether or not on a support",Fr. per 100 kg gross,1,0.00,1988-01-01
68149000,80,2,other,Fr. per 100 kg gross,1,0.00,1988-01-01
6815,80,1,"Articles of stone or of other mineral substances (including carbon fibres, articles of carbon fibres and articles of peat), not elsewhere specified or included:",,0,,1988-01-01
,10,2,carbon fibres; articles of carbon fibres for non-electrical uses; other articles of graphite or other carbon for non-electrical uses:,,,,2022-01-01
68151100,80,3,carbon fibres,Fr. per 100 kg gross,1,0.00,2022-01-01
68151200,80,3,fabrics of carbon fibres,Fr. per 100 kg gross,1,0.00,2022-01-01
68151300,80,3,other articles of carbon fibres,Fr. per 100 kg gross,1,0.00,2022-01-01
68151900,80,3,other,Fr. per 100 kg gross,1,0.00,2022-01-01
68152000,80,2,articles of peat,Fr. per 100 kg gross,1,0.00,1988-01-01
,10,2,other articles:,,,,1988-01-01
68159100,80,3,"containing magnesite, magnesia in the form of periclase, dolomite including in the form of dolime, or chromite",Fr. per 100 kg gross,1,0.00,1988-01-01
68159900,80,3,other,Fr. per 100 kg gross,1,0.00,1988-01-01
69,80,0,Ceramic products,,0,,1988-01-01
69010000,80,1,"Bricks, blocks, tiles and other ceramic goods of siliceous fossil meals (for example, kieselguhr, tripolite or diatomite) or of similar siliceous earths",Fr. per 100 kg gross,1,0.00,1988-01-01
6902,80,1,"Refractory bricks, blocks, tiles and similar refractory ceramic constructional goods, other than those of siliceous fossil meals or similar siliceous earths:",,0,,1988-01-01
69021000,80,2,"containing by weight, singly or together, more than 50% of the elements Mg, Ca or Cr, expressed as MgO, CaO or Cr2O3",Fr. per 100 kg gross,1,0.00,1988-01-01
69022000,80,2,"containing by weight more than 50% of alumina (Al2O3), of silica (SiO2) or of a mixture or compound of these products",Fr. per 100 kg gross,1,0.00,1988-01-01
69029000,80,2,other,Fr. per 100 kg gross,1,0.00,1988-01-01
6903,80,1,"Other refractory ceramic goods (for example, retorts, crucibles, muffles, nozzles, plugs, supports, cupels, tubes, pipes, sheaths, rods and slide gates), other than those of siliceous fossil meals or of similar siliceous earths:",,0,,1988-01-01
69031000,80,2,containing by weight more than 50 % of free carbon,Fr. per 100 kg gross,1,0.00,1988-01-01
69032000,80,2,containing by weight more than 50% of alumina (Al2O3) or of a mixture or compound of alumina and of silica (SiO2),Fr. per 100 kg gross,1,0.00,1988-01-01
69039000,80,2,other,Fr. per 100 kg gross,1,0.00,1988-01-01
6904,80,1,"Ceramic building bricks, flooring blocks, support or filler tiles and the like:",,0,,1988-01-01
69041000,80,2,building bricks,Fr. per 100 kg gross,1,0.00,1988-01-01
69049000,80,2,other,Fr. per 100 kg gross,1,0.00,1988-01-01
6905,80,1,"Roofing tiles, chimney-pots, cowls, chimney liners, architectural ornaments and other ceramic constructional goods:",,0,,1988-01-01
69051000,80,2,roofing tiles,Fr. per 100 kg gross,1,0.00,1988-01-01
69059000,80,2,other,Fr. per 100 kg gross,1,0.00,1988-01-01
69060000,80,1,"Ceramic pipes, conduits, guttering and pipe fittings",Fr. per 100 kg gross,1,0.00,1988-01-01
6907,80,1,"Ceramic flags and paving, hearth or wall tiles; ceramic mosaic cubes and the like, whether or not on a backing; finishing ceramics:",,0,,1988-01-01
,10,2,"flags and paving, hearth or wall tiles, other than those of subheadings 6907.30 and 6907.40:",,,,2017-01-01
69072100,80,3,of a water absorption coefficient by weight not exceeding 0.5 %,Fr. per 100 kg gross,1,0.00,2024-01-01
69072200,80,3,of a water absorption coefficient by weight exceeding 0.5 % but not exceeding 10 %,Fr. per 100 kg gross,1,0.00,2024-01-01
69072300,80,3,of a water absorption coefficient by weight exceeding 10 %,Fr. per 100 kg gross,1,0.00,2024-01-01
69073000,80,2,"mosaic cubes and the like, other than those of subheading 6907.40",Fr. per 100 kg gross,1,0.00,2024-01-01
69074000,80,2,finishing ceramics,Fr. per 100 kg gross,1,0.00,2024-01-01
6909,80,1,"Ceramic wares for laboratory, chemical or other technical uses; ceramic troughs, tubs and similar receptacles of a kind used in agriculture; ceramic pots, jars and similar articles of a kind used for the conveyance or packing of goods:",,0,,1988-01-01
,10,2,"ceramic wares for laboratory, chemical or other technical uses:",,,,1988-01-01
69091100,80,3,of porcelain or china,Fr. per 100 kg gross,1,0.00,1988-01-01
69091200,80,3,articles having a hardness equivalent to 9 or more on the Mohs scale,Fr. per 100 kg gross,1,0.00,1996-01-01
69091900,80,3,other,Fr. per 100 kg gross,1,0.00,1996-01-01
69099000,80,2,other,Fr. per 100 kg gross,1,0.00,1988-01-01
6910,80,1,"Ceramic sinks, wash basins, wash basin pedestals, baths, bidets, water closet pans, flushing cisterns, urinals and similar sanitary fixtures:",,0,,1988-01-01
69101000,80,2,of porcelain or china,Fr. per 100 kg gross,1,0.00,1988-01-01
69109000,80,2,other,Fr. per 100 kg gross,1,0.00,1988-01-01
6911,80,1,"Tableware, kitchenware, other household articles and toilet articles, of porcelain or china:",,0,,1988-01-01
69111000,80,2,tableware and kitchenware,Fr. per 100 kg gross,1,0.00,2024-01-01
69119000,80,2,other,Fr. per 100 kg gross,1,0.00,1988-01-01
69120000,80,1,"Ceramic tableware, kitchenware, other household articles and toilet articles, other than of porcelain or china",Fr. per 100 kg gross,1,0.00,2024-01-01
6913,80,1,Statuettes and other ornamental ceramic articles:,,0,,1988-01-01
69131000,80,2,of porcelain or china,Fr. per 100 kg gross,1,0.00,1988-01-01
69139000,80,2,other,Fr. per 100 kg gross,1,0.00,1988-01-01
6914,80,1,Other ceramic articles:,,0,,1988-01-01
69141000,80,2,of porcelain or china,Fr. per 100 kg gross,1,0.00,1988-01-01
69149000,80,2,other,Fr. per 100 kg gross,1,0.00,2024-01-01
70,80,0,Glass and glassware,,0,,1988-01-01
70010000,80,1,"Cullet and other waste and scrap of glass, excluding glass from cathode-ray tubes or other activated glass of heading 8549; glass in the mass",Fr. per 100 kg gross,1,0.00,1988-01-01
7002,80,1,"Glass in balls (other than microspheres of heading 7018), rods or tubes, unworked:",,0,,1988-01-01
70021000,80,2,balls,Fr. per 100 kg gross,1,0.00,1988-01-01
70022000,80,2,rods,Fr. per 100 kg gross,1,0.00,1988-01-01
,10,2,tubes:,,,,1988-01-01
70023100,80,3,of fused quartz or other fused silica,Fr. per 100 kg gross,1,0.00,1988-01-01
70023200,80,3,of other glass having a linear coefficient of expansion not exceeding 5 x 10-6 per Kelvin within a temperature range of 0 °C to 300 °C,Fr. per 100 kg gross,1,0.00,1988-01-01
70023900,80,3,other,Fr. per 100 kg gross,1,0.00,1988-01-01
7003,80,1,"Cast glass and rolled glass, in sheets or profiles, whether or not having an absorbent, reflecting or non-reflecting layer, but not otherwise worked:",,0,,1996-01-01
,10,2,non-wired sheets:,,,,1996-01-01
70031200,80,3,"coloured throughout the mass (body tinted), opacified, flashed or having an absorbent, reflecting or non-reflecting layer",Fr. per 100 kg gross,1,0.00,1996-01-01
70031900,80,3,other,Fr. per 100 kg gross,1,0.00,1996-01-01
70032000,80,2,wired sheets,Fr. per 100 kg gross,1,0.00,1996-01-01
70033000,80,2,profiles,Fr. per 100 kg gross,1,0.00,1996-01-01
7004,80,1,"Drawn glass and blown glass, in sheets, whether or not having an absorbent, reflecting or non-reflecting layer, but not otherwise worked:",,0,,1996-01-01
70042000,80,2,"glass, coloured throughout the mass (body tinted), opacified, flashed or having an absorbent, reflecting or non-reflecting layer",Fr. per 100 kg gross,1,0.00,1996-01-01
70049000,80,2,other glass,Fr. per 100 kg gross,1,0.00,1996-01-01
7005,80,1,"Float glass and surface ground or polished glass, in sheets, whether or not having an absorbent, reflecting or non-reflecting layer, but not otherwise worked:",,0,,1996-01-01
70051000,80,2,"non-wired glass, having an absorbent, reflecting or non-reflecting layer",Fr. per 100 kg gross,1,0.00,1996-01-01
,10,2,other non-wired glass:,,,,1996-01-01
70052100,80,3,"coloured throughout the mass (body tinted), opacified, flashed or merely surface ground",Fr. per 100 kg gross,1,0.00,1996-01-01
70052900,80,3,other,Fr. per 100 kg gross,1,0.00,1996-01-01
70053000,80,2,wired glass,Fr. per 100 kg gross,1,0.00,1996-01-01
70060000,80,1,"Glass of heading 7003, 7004 or 7005, bent, edge-worked, engraved, drilled, enamelled or otherwise worked, but not framed or fitted with other materials",Fr. per 100 kg gross,1,0.00,1988-01-01
7007,80,1,"Safety glass, consisting of toughened (tempered) or laminated glass:",,0,,1988-01-01
,10,2,toughened (tempered) safety glass:,,,,1988-01-01
70071100,80,3,"of size and shape suitable for incorporation in vehicles, aircraft, spacecraft or vessels",Fr. per 100 kg gross,1,0.00,1988-01-01
70071900,80,3,other,Fr. per 100 kg gross,1,0.00,2024-01-01
,10,2,laminated safety glass:,,,,1988-01-01
70072100,80,3,"of size and shape suitable for incorporation in vehicles, aircraft, spacecraft or vessels",Fr. per 100 kg gross,1,0.00,1988-01-01
70072900,80,3,other,Fr. per 100 kg gross,1,0.00,1988-01-01
70080000,80,1,Multiple-walled insulating units of glass,Fr. per 100 kg gross,1,0.00,1988-01-01
7009,80,1,"Glass mirrors, whether or not framed, including rear-view mirrors:",,0,,1988-01-01
70091000,80,2,rear-view mirrors for vehicles,Fr. per 100 kg gross,1,0.00,1988-01-01
,10,2,other:,,,,1988-01-01
70099100,80,3,unframed,Fr. per 100 kg gross,1,0.00,2024-01-01
70099200,80,3,framed,Fr. per 100 kg gross,1,0.00,1988-01-01
7010,80,1,"Carboys, bottles, flasks, jars, pots, phials, ampoules and other containers, of glass, of a kind used for the conveyance or packing of goods; preserving jars of glass; stoppers, lids and other closures, of glass:",,0,,1988-01-01
70101000,80,2,ampoules,Fr. per 100 kg gross,1,0.00,1988-01-01
70102000,80,2,"stoppers, lids and other closures",Fr. per 100 kg gross,1,0.00,2024-01-01
70109000,80,2,other,Fr. per 100 kg gross,1,0.00,2024-01-01
7011,80,1,"Glass envelopes (including bulbs and tubes), open, and glass parts thereof, without fittings, for electric lamps and light sources, cathode-ray tubes or the like:",,0,,1988-01-01
70111000,80,2,for electric lighting,Fr. per 100 kg gross,1,0.00,1988-01-01
70112000,80,2,for cathode-ray tubes,Fr. per 100 kg gross,1,0.00,1988-01-01
70119000,80,2,other,Fr. per 100 kg gross,1,0.00,1988-01-01
7013,80,1,"Glassware of a kind used for table, kitchen, toilet, office, indoor decoration or similar purposes (other than that of heading 7010 or 7018):",,0,,1988-01-01
70131000,80,2,of glass-ceramics,Fr. per 100 kg gross,1,0.00,1988-01-01
,10,2,"stemware drinking glasses, other than of glass-ceramics:",,,,2007-01-01
70132200,80,3,of lead crystal,Fr. per 100 kg gross,1,0.00,2007-01-01
70132800,80,3,other,Fr. per 100 kg gross,1,0.00,2007-01-01
,10,2,"other drinking glasses, other than of glass ceramics:",,,,2007-01-01
70133300,80,3,of lead crystal,Fr. per 100 kg gross,1,0.00,2007-01-01
70133700,80,3,other,Fr. per 100 kg gross,1,0.00,2007-01-01
,10,2,glassware of a kind used for table (other than drinking glasses) or kitchen purposes other than of glass-ceramics:,,,,2007-01-01
70134100,80,3,of lead crystal,Fr. per 100 kg gross,1,0.00,2007-01-01
70134200,80,3,of glass having a linear coefficient of expansion not exceeding 5 x 10-6 per Kelvin within a temperature range of 0 °C to 300 °C,Fr. per 100 kg gross,1,0.00,2007-01-01
70134900,80,3,other,Fr. per 100 kg gross,1,0.00,2007-01-01
,10,2,other glassware:,,,,1988-01-01
70139100,80,3,of lead crystal,Fr. per 100 kg gross,1,0.00,1988-01-01
70139900,80,3,other,Fr. per 100 kg gross,1,0.00,1988-01-01
70140000,80,1,"Signalling glassware and optical elements of glass (other than those of heading 7015), not optically worked",Fr. per 100 kg gross,1,0.00,1988-01-01
7015,80,1,"Clock or watch glasses and similar glasses, glasses for non-corrective or corrective spectacles, curved, bent, hollowed or the like, not optically worked; hollow glass spheres and their segments, for the manufacture of such glasses:",,0,,1988-01-01
70151000,80,2,glasses for corrective spectacles,Fr. per 100 kg gross,1,0.00,1988-01-01
70159000,80,2,other,Fr. per 100 kg gross,1,0.00,1988-01-01
7016,80,1,"Paving blocks, slabs, bricks, squares, tiles and other articles of pressed or moulded glass, whether or not wired, of a kind used for building or construction purposes; glass cubes and other glass smallwares, whether or not on a backing, for mosaics or similar decorative purposes; leaded lights and the like; multicellular or foam glass in blocks, panels, plates, shells or similar forms:",,0,,1988-01-01
70161000,80,2,"glass cubes and other glass smallwares, whether or not on a backing, for mosaics or similar decorative purposes",Fr. per 100 kg gross,1,0.00,1988-01-01
70169000,80,2,other,Fr. per 100 kg gross,1,0.00,2024-01-01
7017,80,1,"Laboratory, hygienic or pharmaceutical glassware, whether or not graduated or calibrated:",,0,,1988-01-01
70171000,80,2,of fused quartz or other fused silica,Fr. per 100 kg gross,1,0.00,1988-01-01
70172000,80,2,of other glass having a linear coefficient of expansion not exceeding 5 x 10-6 per Kelvin within a temperature range of 0 °C to 300 °C,Fr. per 100 kg gross,1,0.00,1988-01-01
70179000,80,2,other,Fr. per 100 kg gross,1,0.00,1988-01-01
7018,80,1,"Glass beads, imitation pearls, imitation precious or semi-precious stones and similar glass smallwares, and articles thereof other than imitation jewellery; glass eyes other than prosthetic articles; statuettes and other ornaments of lamp-worked glass, other than imitation jewellery; glass microspheres not exceeding 1 mm in diameter:",,0,,1988-01-01
70181000,80,2,"glass beads, imitation pearls, imitation precious or semi-precious stones and similar glass smallwares",Fr. per 100 kg gross,1,0.00,1988-01-01
70182000,80,2,glass microspheres not exceeding 1 mm in diameter,Fr. per 100 kg gross,1,0.00,1988-01-01
70189000,80,2,other,Fr. per 100 kg gross,1,0.00,1988-01-01
7019,80,1,"Glass fibres (including glass wool) and articles thereof (for example, yarn, rovings, woven fabrics):",,0,,1988-01-01
,10,2,"slivers, rovings, yarn and chopped strands and mats thereof:",,,,1996-01-01
70191100,80,3,"chopped strands, of a length of not more than 50 mm",Fr. per 100 kg gross,1,0.00,1996-01-01
70191200,80,3,rovings,Fr. per 100 kg gross,1,0.00,1996-01-01
70191300,80,3,"other yarn, slivers",Fr. per 100 kg gross,1,0.00,2022-01-01
70191400,80,3,mechanically bonded mats,Fr. per 100 kg gross,1,0.00,2022-01-01
70191500,80,3,chemically bonded mats,Fr. per 100 kg gross,1,0.00,2022-01-01
70191900,80,3,other,Fr. per 100 kg gross,1,0.00,2022-01-01
,10,2,mechanically bonded fabrics:,,,,2022-01-01
70196100,80,3,closed woven fabrics of rovings,Fr. per 100 kg gross,1,0.00,2022-01-01
70196200,80,3,other closed fabrics of rovings,Fr. per 100 kg gross,1,0.00,2022-01-01
70196300,80,3,"closed woven fabrics, plain weave, of yarns, not coated or laminated",Fr. per 100 kg gross,1,0.00,2022-01-01
70196400,80,3,"closed woven fabrics, plain weave, of yarns, coated or laminated",Fr. per 100 kg gross,1,0.00,2022-01-01
70196500,80,3,open woven fabrics of a width not exceeding 30 cm,Fr. per 100 kg gross,1,0.00,2022-01-01
70196600,80,3,open woven fabrics of a width exceeding 30 cm,Fr. per 100 kg gross,1,0.00,2022-01-01
70196900,80,3,other,Fr. per 100 kg gross,1,0.00,2022-01-01
,10,2,chemically bonded fabrics:,,,,2022-01-01
70197100,80,3,veils (thin sheets),Fr. per 100 kg gross,1,0.00,2022-01-01
70197200,80,3,other closed fabrics,Fr. per 100 kg gross,1,0.00,2022-01-01
70197300,80,3,other open fabrics,Fr. per 100 kg gross,1,0.00,2022-01-01
70198000,80,2,glass wool and articles of glass wool,Fr. per 100 kg gross,1,0.00,2022-01-01
70199000,80,2,other,Fr. per 100 kg gross,1,0.00,2022-01-01
70200000,80,1,Other articles of glass,Fr. per 100 kg gross,1,0.00,2024-01-01
71,80,0,"Natural or cultured pearls, precious or semi-precious stones, precious metals, metals clad with precious metal, and articles thereof; imitation jewellery; coin",,0,,1988-01-01
7101,80,1,"Pearls, natural or cultured, whether or not worked or graded but not strung, mounted or set; pearls, natural or cultured, temporarily strung for convenience of transport:",,0,,1996-01-01
71011000,80,2,natural pearls,Fr. per 100 kg gross,1,0.00,1996-01-01
,10,2,cultured pearls:,,,,1996-01-01
71012100,80,3,unworked,Fr. per 100 kg gross,1,0.00,1996-01-01
71012200,80,3,worked,Fr. per 100 kg gross,1,0.00,1996-01-01
7102,80,1,"Diamonds, whether or not worked, but not mounted or set:",,0,,1988-01-01
71021000,80,2,unsorted,Fr. per 100 kg gross,1,0.00,1988-01-01
,10,2,industrial:,,,,1988-01-01
71022100,80,3,"unworked or simply sawn, cleaved or bruted",Fr. per 100 kg gross,1,0.00,1988-01-01
71022900,80,3,other,Fr. per 100 kg gross,1,0.00,1988-01-01
,10,2,non-industrial:,,,,1988-01-01
71023100,80,3,"unworked or simply sawn, cleaved or bruted",Fr. per 100 kg gross,1,0.00,1988-01-01
71023900,80,3,other,Fr. per 100 kg gross,1,0.00,1988-01-01
7103,80,1,"Precious stones (other than diamonds) and semi-precious stones, whether or not worked or graded but not strung, mounted or set; ungraded precious stones (other than diamonds) and semi-precious stones, temporarily strung for convenience of transport:",,0,,1988-01-01
71031000,80,2,unworked or simply sawn or roughly shaped,Fr. per 100 kg gross,1,0.00,1988-01-01
,10,2,otherwise worked:,,,,1988-01-01
71039100,80,3,"rubies, sapphires and emeralds",Fr. per 100 kg gross,1,0.00,1988-01-01
71039900,80,3,other,Fr. per 100 kg gross,1,0.00,1988-01-01
7104,80,1,"Synthetic or reconstructed precious or semi-precious stones, whether or not worked or graded but not strung, mounted or set; ungraded synthetic or reconstructed precious or semi-precious stones, temporarily strung for convenience of transport:",,0,,1988-01-01
71041000,80,2,piezo-electric quartz,Fr. per 100 kg gross,1,0.00,1988-01-01
,10,2,"other, unworked or simply sawn or roughly shaped:",,,,2022-01-01
71042100,80,3,diamonds,Fr. per 100 kg gross,1,0.00,2022-01-01
71042900,80,3,other,Fr. per 100 kg gross,1,0.00,2022-01-01
,10,2,other:,,,,2022-01-01
71049100,80,3,diamonds,Fr. per 100 kg gross,1,0.00,2022-01-01
71049900,80,3,other,Fr. per 100 kg gross,1,0.00,2022-01-01
7105,80,1,Dust and powder of natural or synthetic precious or semi-precious stones:,,0,,1988-01-01
71051000,80,2,of diamonds,Fr. per 100 kg gross,1,0.00,1988-01-01
71059000,80,2,other,Fr. per 100 kg gross,1,0.00,1988-01-01
7106,80,1,"Silver (including silver plated with gold or platinum), unwrought or in semi-manufactured forms, or in powder form:",,0,,1988-01-01
71061000,80,2,powders,Fr. per 100 kg gross,1,0.00,1988-01-01
,10,2,other:,,,,1988-01-01
71069100,80,3,unwrought,Fr. per 100 kg gross,1,0.00,2012-01-01
71069200,80,3,semi-manufactured,Fr. per 100 kg gross,1,0.00,2024-01-01
71070000,80,1,"Base metals clad with silver, not further worked than semi-manufactured",Fr. per 100 kg gross,1,0.00,1988-01-01
7108,80,1,"Gold (including gold plated with platinum) unwrought or in semi-manufactured forms, or in powder form:",,0,,1988-01-01
,10,2,non-monetary:,,,,1988-01-01
71081100,80,3,powders,Fr. per 100 kg gross,1,0.00,1988-01-01
71081200,80,3,other unwrought forms,Fr. per 100 kg gross,1,0.00,2012-01-01
71081300,80,3,other semi-manufactured forms,Fr. per 100 kg gross,1,0.00,1988-01-01
71082000,80,2,monetary,Fr. per 100 kg gross,1,0.00,1988-01-01
71090000,80,1,"Base metals or silver, clad with gold, not further worked than semi-manufactured",Fr. per 100 kg gross,1,0.00,1988-01-01
7110,80,1,"Platinum, unwrought or in semi-manufactured forms, or in powder form:",,0,,1988-01-01
,10,2,platinum:,,,,1988-01-01
71101100,80,3,unwrought or in powder form,Fr. per 100 kg gross,1,0.00,1988-01-01
71101900,80,3,other,Fr. per 100 kg gross,1,0.00,1988-01-01
,10,2,palladium:,,,,1988-01-01
71102100,80,3,unwrought or in powder form,Fr. per 100 kg gross,1,0.00,1988-01-01
71102900,80,3,other,Fr. per 100 kg gross,1,0.00,1988-01-01
,10,2,rhodium:,,,,1988-01-01
71103100,80,3,unwrought or in powder form,Fr. per 100 kg gross,1,0.00,1988-01-01
71103900,80,3,other,Fr. per 100 kg gross,1,0.00,1988-01-01
,10,2,"iridium, osmium and ruthenium:",,,,1988-01-01
71104100,80,3,unwrought or in powder form,Fr. per 100 kg gross,1,0.00,1988-01-01
71104900,80,3,other,Fr. per 100 kg gross,1,0.00,1988-01-01
71110000,80,1,"Base metals, silver or gold, clad with platinum, not further worked than semi-manufactured",Fr. per 100 kg gross,1,0.00,1988-01-01
7112,80,1,"Waste and scrap of precious metal or of metal clad with precious metal; other waste and scrap containing precious metal or precious metal compounds, of a kind used principally for the recovery of precious metal other than goods of heading 8549:",,0,,1996-01-01
71123000,80,2,ash containing precious metal or precious metal compounds,Fr. per 100 kg gross,1,0.00,2002-01-01
,10,2,other:,,,,2002-01-01
71129100,80,3,"of gold, including metal clad with gold but excluding sweepings containing other precious metals",Fr. per 100 kg gross,1,0.00,2002-01-01
71129200,80,3,"of platinum, including metal clad with platinum but excluding sweepings containing other precious metals",Fr. per 100 kg gross,1,0.00,2002-01-01
71129900,80,3,other,Fr. per 100 kg gross,1,0.00,2002-01-01
7113,80,1,"Articles of jewellery and parts thereof, of precious metal or of metal clad with precious metal:",,0,,1988-01-01
,10,2,of precious metal whether or not plated or clad with precious metal:,,,,1988-01-01
71131100,80,3,"of silver, whether or not plated or clad with other precious metal",Fr. per 100 kg gross,1,0.00,1988-01-01
71131900,80,3,"of other precious metal, whether or not plated or clad with precious metal",Fr. per 100 kg gross,1,0.00,1988-01-01
71132000,80,2,of base metal clad with precious metal,Fr. per 100 kg gross,1,0.00,1988-01-01
7114,80,1,"Articles of goldsmiths' or silversmiths' wares and parts thereof, of precious metal or of metal clad with precious metal:",,0,,1988-01-01
,10,2,of precious metal whether or not plated or clad with precious metal:,,,,1988-01-01
71141100,80,3,"of silver, whether or not plated or clad with other precious metal",Fr. per 100 kg gross,1,0.00,2024-01-01
71141900,80,3,"of other precious metal, whether or not plated or clad with precious metal",Fr. per 100 kg gross,1,0.00,2024-01-01
71142000,80,2,of base metal clad with precious metal,Fr. per 100 kg gross,1,0.00,1988-01-01
7115,80,1,Other articles of precious metal or of metal clad with precious metal:,,0,,1988-01-01
71151000,80,2,"catalysts in the form of wire cloth or grill, of platinum",Fr. per 100 kg gross,1,0.00,1988-01-01
71159000,80,2,other,Fr. per 100 kg gross,1,0.00,2024-01-01
7116,80,1,"Articles of natural or cultured pearls, precious or semi-precious stones (natural, synthetic or reconstructed):",,0,,1988-01-01
71161000,80,2,of natural or cultured pearls,Fr. per 100 kg gross,1,0.00,1988-01-01
71162000,80,2,"of precious or semi-precious stones (natural, synthetic or reconstructed)",Fr. per 100 kg gross,1,0.00,2024-01-01
7117,80,1,Imitation jewellery:,,0,,1988-01-01
,10,2,"of base metal, whether or not plated with precious metal:",,,,1988-01-01
71171100,80,3,cuff links and studs,Fr. per 100 kg gross,1,0.00,1988-01-01
71171900,80,3,other,Fr. per 100 kg gross,1,0.00,1988-01-01
71179000,80,2,other,Fr. per 100 kg gross,1,0.00,1988-01-01
7118,80,1,Coin:,,0,,1988-01-01
71181000,80,2,"coin (other than gold coin), not being legal tender",Fr. per 100 kg gross,1,0.00,2012-01-01
71189000,80,2,other,Fr. per 100 kg gross,1,0.00,2024-01-01
72,80,0,Iron and steel,,0,,1988-01-01
7201,80,1,"Pig iron and spiegeleisen in pigs, blocks or other primary forms:",,0,,1988-01-01
72011000,80,2,non-alloy pig iron containing by weight 0.5% or less of phosphorus,Fr. per 100 kg gross,1,0.00,1988-01-01
72012000,80,2,non-alloy pig iron containing by weight more than 0.5% of phosphorus,Fr. per 100 kg gross,1,0.00,1988-01-01
72015000,80,2,alloy pig iron; spiegeleisen,Fr. per 100 kg gross,1,0.00,1996-01-01
7202,80,1,Ferro-alloys:,,0,,1988-01-01
,10,2,ferro-manganese:,,,,1988-01-01
72021100,80,3,containing by weight more than 2% of carbon,Fr. per 100 kg gross,1,0.00,1988-01-01
72021900,80,3,other,Fr. per 100 kg gross,1,0.00,1988-01-01
,10,2,ferro-silicon:,,,,1988-01-01
72022100,80,3,containing by weight more than 55% of silicon,Fr. per 100 kg gross,1,0.00,1988-01-01
72022900,80,3,other,Fr. per 100 kg gross,1,0.00,1988-01-01
72023000,80,2,ferro-silico-manganese,Fr. per 100 kg gross,1,0.00,1988-01-01
,10,2,ferro-chromium:,,,,1988-01-01
72024100,80,3,containing by weight more than 4% of carbon,Fr. per 100 kg gross,1,0.00,1988-01-01
72024900,80,3,other,Fr. per 100 kg gross,1,0.00,1988-01-01
72025000,80,2,ferro-silico-chromium,Fr. per 100 kg gross,1,0.00,1988-01-01
72026000,80,2,ferro-nickel,Fr. per 100 kg gross,1,0.00,1988-01-01
72027000,80,2,ferro-molybdenum,Fr. per 100 kg gross,1,0.00,1988-01-01
72028000,80,2,ferro-tungsten and ferro-silico-tungsten,Fr. per 100 kg gross,1,0.00,1988-01-01
,10,2,other:,,,,1988-01-01
72029100,80,3,ferro-titanium and ferro-silico-titanium,Fr. per 100 kg gross,1,0.00,1988-01-01
72029200,80,3,ferro-vanadium,Fr. per 100 kg gross,1,0.00,1988-01-01
72029300,80,3,ferro-niobium,Fr. per 100 kg gross,1,0.00,1988-01-01
72029900,80,3,other,Fr. per 100 kg gross,1,0.00,2024-01-01
7203,80,1,"Ferrous products obtained by direct reduction of iron ore and other spongy ferrous products, in lumps, pellets or similar forms; iron having a minimum purity by weight of 99.94%, in lumps, pellets or similar forms:",,0,,1988-01-01
72031000,80,2,ferrous products obtained by direct reduction of iron ore,Fr. per 100 kg gross,1,0.00,1988-01-01
72039000,80,2,other,Fr. per 100 kg gross,1,0.00,1988-01-01
7204,80,1,Ferrous waste and scrap; remelting scrap ingots of iron or steel:,,0,,1988-01-01
72041000,80,2,waste and scrap of cast iron,Fr. per 100 kg gross,1,0.00,1988-01-01
,10,2,waste and scrap of alloy steel:,,,,1988-01-01
72042100,80,3,of stainless steel,Fr. per 100 kg gross,1,0.00,1988-01-01
72042900,80,3,other,Fr. per 100 kg gross,1,0.00,1988-01-01
72043000,80,2,waste and scrap of tinned iron or steel,Fr. per 100 kg gross,1,0.00,1988-01-01
,10,2,other waste and scrap:,,,,1988-01-01
72044100,80,3,"turnings, shavings, chips, milling waste, sawdust, filings, trimmings and stampings, whether or not in bundles",Fr. per 100 kg gross,1,0.00,1988-01-01
72044900,80,3,other,Fr. per 100 kg gross,1,0.00,1988-01-01
72045000,80,2,remelting scrap ingots,Fr. per 100 kg gross,1,0.00,1988-01-01
7205,80,1,"Granules and powders, of pig iron, spiegeleisen, iron or steel:",,0,,1988-01-01
72051000,80,2,granules,Fr. per 100 kg gross,1,0.00,1988-01-01
,10,2,powders:,,,,1988-01-01
72052100,80,3,of alloy steel,Fr. per 100 kg gross,1,0.00,1988-01-01
72052900,80,3,other,Fr. per 100 kg gross,1,0.00,1988-01-01
7206,80,1,Iron and non-alloy steel in ingots or other primary forms (excluding iron of heading 7203):,,0,,1988-01-01
72061000,80,2,ingots,Fr. per 100 kg gross,1,0.00,1988-01-01
72069000,80,2,other,Fr. per 100 kg gross,1,0.00,1988-01-01
7207,80,1,Semi-finished products of iron or non-alloy steel:,,0,,1988-01-01
,10,2,containing by weight less than 0.25% of carbon:,,,,1988-01-01
72071100,80,3,"of rectangular (including square) cross-section, the width measuring less than twice the thickness",Fr. per 100 kg gross,1,0.00,1988-01-01
72071200,80,3,"other, of rectangular (other than square) cross-section",Fr. per 100 kg gross,1,0.00,1988-01-01
72071900,80,3,other,Fr. per 100 kg gross,1,0.00,1988-01-01
72072000,80,2,containing by weight 0.25% or more of carbon,Fr. per 100 kg gross,1,0.00,1988-01-01
7208,80,1,"Flat-rolled products of iron or non-alloy steel, of a width of 600 mm or more, hot-rolled, not clad, plated or coated:",,0,,1988-01-01
72081000,80,2,"in coils, not further worked than hot-rolled, with patterns in relief",Fr. per 100 kg gross,1,0.00,2024-01-01
,10,2,"other, in coils, not further worked than hot-rolled, pickled:",,,,1996-01-01
72082500,80,3,of a thickness of 4.75 mm or more,Fr. per 100 kg gross,1,0.00,1996-01-01
72082600,80,3,of a thickness of 3 mm or more but less than 4.75 mm,Fr. per 100 kg gross,1,0.00,1996-01-01
72082700,80,3,of a thickness of less than 3 mm,Fr. per 100 kg gross,1,0.00,1996-01-01
,10,2,"other, in coils, not further worked than hot-rolled:",,,,1996-01-01
72083600,80,3,of a thickness exceeding 10 mm,Fr. per 100 kg gross,1,0.00,1996-01-01
72083700,80,3,of a thickness of 4.75 mm or more but not exceeding 10 mm,Fr. per 100 kg gross,1,0.00,1996-01-01
72083800,80,3,of a thickness of 3 mm or more but less than 4.75 mm,Fr. per 100 kg gross,1,0.00,1996-01-01
72083900,80,3,of a thickness of less than 3 mm,Fr. per 100 kg gross,1,0.00,1996-01-01
72084000,80,2,"not in coils, not further worked than hot-rolled, with patterns in relief",Fr. per 100 kg gross,1,0.00,2024-01-01
,10,2,"other, not in coils, not further worked than hot-rolled:",,,,1996-01-01
72085100,80,3,of a thickness exceeding 10 mm,Fr. per 100 kg gross,1,0.00,2024-01-01
72085200,80,3,of a thickness of 4.75 mm or more but not exceeding 10 mm,Fr. per 100 kg gross,1,0.00,2024-01-01
72085300,80,3,of a thickness of 3 mm or more but less than 4.75 mm,Fr. per 100 kg gross,1,0.00,2024-01-01
72085400,80,3,of a thickness of less than 3 mm,Fr. per 100 kg gross,1,0.00,2024-01-01
72089000,80,2,other,Fr. per 100 kg gross,1,0.00,1988-01-01
7209,80,1,"Flat-rolled products of iron or non-alloy steel, of a width of 600 mm or more, cold-rolled (cold-reduced), not clad, plated or coated:",,0,,1988-01-01
,10,2,"in coils, not further worked than cold-rolled (cold-reduced):",,,,1996-01-01
72091500,80,3,of a thickness of 3 mm or more,Fr. per 100 kg gross,1,0.00,1996-01-01
72091600,80,3,of a thickness exceeding 1 mm but less than 3 mm,Fr. per 100 kg gross,1,0.00,1996-01-01
72091700,80,3,of a thickness of 0.5 mm or more but not exceeding 1 mm,Fr. per 100 kg gross,1,0.00,1996-01-01
72091800,80,3,of a thickness of less than 0.5 mm,Fr. per 100 kg gross,1,0.00,1996-01-01
,10,2,"not in coils, not further worked than cold-rolled (cold-reduced):",,,,1996-01-01
72092500,80,3,of a thickness of 3 mm or more,Fr. per 100 kg gross,1,0.00,1996-01-01
72092600,80,3,of a thickness exceeding 1 mm but less than 3 mm,Fr. per 100 kg gross,1,0.00,1996-01-01
72092700,80,3,of a thickness of 0.5 mm or more but not exceeding 1 mm,Fr. per 100 kg gross,1,0.00,1996-01-01
72092800,80,3,of a thickness of less than 0.5 mm,Fr. per 100 kg gross,1,0.00,1996-01-01
72099000,80,2,other,Fr. per 100 kg gross,1,0.00,1988-01-01
7210,80,1,"Flat-rolled products of iron or non-alloy steel, of a width of 600 mm or more, clad, plated or coated:",,0,,1988-01-01
,10,2,plated or coated with tin:,,,,1988-01-01
72101100,80,3,of a thickness of 0.5 mm or more,Fr. per 100 kg gross,1,0.00,1988-01-01
72101200,80,3,of a thickness of less than 0.5 mm,Fr. per 100 kg gross,1,0.00,1988-01-01
72102000,80,2,"plated or coated with lead, including terne-plate",Fr. per 100 kg gross,1,0.00,1988-01-01
72103000,80,2,electrolytically plated or coated with zinc,Fr. per 100 kg gross,1,0.00,1996-01-01
,10,2,otherwise plated or coated with zinc:,,,,1988-01-01
72104100,80,3,corrugated,Fr. per 100 kg gross,1,0.00,1988-01-01
72104900,80,3,other,Fr. per 100 kg gross,1,0.00,1988-01-01
72105000,80,2,plated or coated with chromium oxides or with chromium and chromium oxides,Fr. per 100 kg gross,1,0.00,1988-01-01
,10,2,plated or coated with aluminium:,,,,1996-01-01
72106100,80,3,plated or coated with aluminium-zinc alloys,Fr. per 100 kg gross,1,0.00,1996-01-01
72106900,80,3,other,Fr. per 100 kg gross,1,0.00,1996-01-01
72107000,80,2,"painted, varnished or coated with plastics",Fr. per 100 kg gross,1,0.00,1988-01-01
72109000,80,2,other,Fr. per 100 kg gross,1,0.00,1988-01-01
7211,80,1,"Flat-rolled products of iron or non-alloy steel, of a width of less than 600 mm, not clad, plated or coated:",,0,,1988-01-01
,10,2,not further worked than hot-rolled:,,,,1996-01-01
72111300,80,3,"rolled on four faces or in a closed box pass, of a width exceeding 150 mm and a thickness of not less than 4 mm, not in coils and without patterns in relief",Fr. per 100 kg gross,1,0.00,2024-01-01
72111400,80,3,"other, of a thickness of 4.75 mm or more",Fr. per 100 kg gross,1,0.00,2024-01-01
72111900,80,3,other,Fr. per 100 kg gross,1,0.00,2024-01-01
,10,2,not further worked than cold-rolled (cold-reduced):,,,,1996-01-01
72112300,80,3,containing by weight less than 0.25% of carbon,Fr. per 100 kg gross,1,0.00,1996-01-01
72112900,80,3,other,Fr. per 100 kg gross,1,0.00,1996-01-01
72119000,80,2,other,Fr. per 100 kg gross,1,0.00,1988-01-01
7212,80,1,"Flat-rolled products of iron or non-alloy steel, of a width of less than 600 mm, clad, plated or coated:",,0,,1988-01-01
72121000,80,2,plated or coated with tin,Fr. per 100 kg gross,1,0.00,1988-01-01
72122000,80,2,electrolytically plated or coated with zinc,Fr. per 100 kg gross,1,0.00,1996-01-01
72123000,80,2,otherwise plated or coated with zinc,Fr. per 100 kg gross,1,0.00,1988-01-01
72124000,80,2,"painted, varnished or coated with plastics",Fr. per 100 kg gross,1,0.00,1988-01-01
72125000,80,2,otherwise plated or coated,Fr. per 100 kg gross,1,0.00,1988-01-01
72126000,80,2,clad,Fr. per 100 kg gross,1,0.00,1988-01-01
7213,80,1,"Bars and rods, hot-rolled, in irregularly wound coils, of iron or non-alloy steel:",,0,,1988-01-01
72131000,80,2,"containing indentations, ribs, grooves or other deformations produced during the rolling process",Fr. per 100 kg gross,1,0.00,2024-01-01
72132000,80,2,"other, of free-cutting steel",Fr. per 100 kg gross,1,0.00,2024-01-01
,10,2,other:,,,,1996-01-01
72139100,80,3,of circular cross-section measuring less than 14 mm in diameter,Fr. per 100 kg gross,1,0.00,2024-01-01
72139900,80,3,other,Fr. per 100 kg gross,1,0.00,2024-01-01
7214,80,1,"Other bars and rods of iron or non-alloy steel, not further worked than forged, hot-rolled, hot-drawn or hot-extruded, but including those twisted after rolling:",,0,,1988-01-01
72141000,80,2,forged,Fr. per 100 kg gross,1,0.00,2024-01-01
72142000,80,2,"containing indentations, ribs, grooves or other deformations produced during the rolling process or twisted after rolling",Fr. per 100 kg gross,1,0.00,2024-01-01
72143000,80,2,"other, of free-cutting steel",Fr. per 100 kg gross,1,0.00,2024-01-01
,10,2,other:,,,,1996-01-01
72149100,80,3,of rectangular (other than square) cross-section,Fr. per 100 kg gross,1,0.00,2024-01-01
72149900,80,3,other,Fr. per 100 kg gross,1,0.00,2024-01-01
7215,80,1,Other bars and rods of iron or non-alloy steel:,,0,,1988-01-01
72151000,80,2,"of free-cutting steel, not further worked than cold-formed or cold-finished",Fr. per 100 kg gross,1,0.00,1988-01-01
72155000,80,2,"other, not further worked than cold-formed or cold-finished",Fr. per 100 kg gross,1,0.00,1996-01-01
72159000,80,2,other,Fr. per 100 kg gross,1,0.00,1988-01-01
7216,80,1,"Angles, shapes and sections of iron or non-alloy steel:",,0,,1988-01-01
72161000,80,2,"U, I or H sections, not further worked than hot-rolled, hot-drawn or extruded, of a height of less than 80 mm",Fr. per 100 kg gross,1,0.00,2024-01-01
,10,2,"L or T sections, not further worked than hot-rolled, hot-drawn or extruded, of a height of less than 80 mm:",,,,1988-01-01
72162100,80,3,L sections,Fr. per 100 kg gross,1,0.00,2024-01-01
72162200,80,3,T sections,Fr. per 100 kg gross,1,0.00,2024-01-01
,10,2,"U, I or H sections, not further worked than hot-rolled, hot-drawn or extruded, of a height of 80 mm or more:",,,,1988-01-01
72163100,80,3,U sections,Fr. per 100 kg gross,1,0.00,2024-01-01
72163200,80,3,I sections,Fr. per 100 kg gross,1,0.00,2024-01-01
72163300,80,3,H sections,Fr. per 100 kg gross,1,0.00,2024-01-01
72164000,80,2,"L or T sections, not further worked than hot-rolled, hot-drawn or extruded, of a height of 80 mm or more",Fr. per 100 kg gross,1,0.00,2024-01-01
72165000,80,2,"other angles, shapes and sections, not further worked than hot-rolled, hot-drawn or extruded",Fr. per 100 kg gross,1,0.00,2024-01-01
,10,2,"angles, shapes and sections, not further worked than cold-formed or cold-finished:",,,,1996-01-01
72166100,80,3,obtained from flat-rolled products,Fr. per 100 kg gross,1,0.00,1996-01-01
72166900,80,3,other,Fr. per 100 kg gross,1,0.00,1996-01-01
,10,2,other:,,,,1996-01-01
72169100,80,3,cold-formed or cold-finished from flat-rolled products,Fr. per 100 kg gross,1,0.00,1996-01-01
72169900,80,3,other,Fr. per 100 kg gross,1,0.00,1996-01-01
7217,80,1,Wire of iron or non-alloy steel:,,0,,1988-01-01
72171000,80,2,"not plated or coated, whether or not polished",Fr. per 100 kg gross,1,0.00,2024-01-01
72172000,80,2,plated or coated with zinc,Fr. per 100 kg gross,1,0.00,2024-01-01
72173000,80,2,plated or coated with other base metals,Fr. per 100 kg gross,1,0.00,2024-01-01
72179000,80,2,other,Fr. per 100 kg gross,1,0.00,2024-01-01
7218,80,1,Stainless steel in ingots or other primary forms; semi-finished products of stainless steel:,,0,,1988-01-01
72181000,80,2,ingots and other primary forms,Fr. per 100 kg gross,1,0.00,1988-01-01
,10,2,other:,,,,1996-01-01
72189100,80,3,of rectangular (other than square) cross-section,Fr. per 100 kg gross,1,0.00,1996-01-01
72189900,80,3,other,Fr. per 100 kg gross,1,0.00,1996-01-01
7219,80,1,"Flat-rolled products of stainless steel, of a width of 600 mm or more:",,0,,1988-01-01
,10,2,"not further worked than hot-rolled, in coils:",,,,1988-01-01
72191100,80,3,of a thickness exceeding 10 mm,Fr. per 100 kg gross,1,0.00,2024-01-01
72191200,80,3,of a thickness of 4.75 mm or more but not exceeding 10 mm,Fr. per 100 kg gross,1,0.00,2024-01-01
72191300,80,3,of a thickness of 3 mm or more but less than 4.75 mm,Fr. per 100 kg gross,1,0.00,2024-01-01
72191400,80,3,of a thickness of less than 3 mm,Fr. per 100 kg gross,1,0.00,2024-01-01
,10,2,"not further worked than hot-rolled, not in coils:",,,,1988-01-01
72192100,80,3,of a thickness exceeding 10 mm,Fr. per 100 kg gross,1,0.00,2024-01-01
72192200,80,3,of a thickness of 4.75 mm or more but not exceeding 10 mm,Fr. per 100 kg gross,1,0.00,2024-01-01
72192300,80,3,of a thickness of 3 mm or more but less than 4.75 mm,Fr. per 100 kg gross,1,0.00,2024-01-01
72192400,80,3,of a thickness of less than 3 mm,Fr. per 100 kg gross,1,0.00,2024-01-01
,10,2,not further worked than cold-rolled (cold-reduced):,,,,1988-01-01
72193100,80,3,of a thickness of 4.75 mm or more,Fr. per 100 kg gross,1,0.00,1988-01-01
72193200,80,3,of a thickness of 3 mm or more but less than 4.75 mm,Fr. per 100 kg gross,1,0.00,1988-01-01
72193300,80,3,of a thickness exceeding 1 mm but less than 3 mm,Fr. per 100 kg gross,1,0.00,1988-01-01
72193400,80,3,of a thickness of 0.5 mm or more but not exceeding 1 mm,Fr. per 100 kg gross,1,0.00,1988-01-01
72193500,80,3,of a thickness of less than 0.5 mm,Fr. per 100 kg gross,1,0.00,1988-01-01
72199000,80,2,other,Fr. per 100 kg gross,1,0.00,1988-01-01
7220,80,1,"Flat-rolled products of stainless steel, of a width of less than 600 mm:",,0,,1988-01-01
,10,2,not further worked than hot-rolled:,,,,1988-01-01
72201100,80,3,of a thickness of 4.75 mm or more,Fr. per 100 kg gross,1,0.00,2024-01-01
72201200,80,3,of a thickness of less than 4.75 mm,Fr. per 100 kg gross,1,0.00,2024-01-01
72202000,80,2,not further worked than cold-rolled (cold-reduced),Fr. per 100 kg gross,1,0.00,1988-01-01
72209000,80,2,other,Fr. per 100 kg gross,1,0.00,1988-01-01
72210000,80,1,"Bars and rods, hot-rolled, in irregularly wound coils, of stainless steel",Fr. per 100 kg gross,1,0.00,2024-01-01
7222,80,1,"Other bars and rods of stainless steel; angles, shapes and sections of stainless steel:",,0,,1988-01-01
,10,2,"bars and rods, not further worked than hot-rolled, hot-drawn or extruded:",,,,1996-01-01
72221100,80,3,of circular cross-section,Fr. per 100 kg gross,1,0.00,2024-01-01
72221900,80,3,other,Fr. per 100 kg gross,1,0.00,2024-01-01
72222000,80,2,"bars and rods, not further worked than cold-formed or cold-finished",Fr. per 100 kg gross,1,0.00,1988-01-01
72223000,80,2,other bars and rods,Fr. per 100 kg gross,1,0.00,1988-01-01
72224000,80,2,"angles, shapes and sections",Fr. per 100 kg gross,1,0.00,2024-01-01
72230000,80,1,Wire of stainless steel,Fr. per 100 kg gross,1,0.00,2024-01-01
7224,80,1,Other alloy steel in ingots or other primary forms; semi-finished products of other alloy steel:,,0,,1988-01-01
72241000,80,2,ingots and other primary forms,Fr. per 100 kg gross,1,0.00,1988-01-01
72249000,80,2,other,Fr. per 100 kg gross,1,0.00,1988-01-01
7225,80,1,"Flat-rolled products of other alloy steel, of a width of 600 mm or more:",,0,,1988-01-01
,10,2,of silicon-electrical steel:,,,,1996-01-01
72251100,80,3,grain-oriented,Fr. per 100 kg gross,1,0.00,2024-01-01
72251900,80,3,other,Fr. per 100 kg gross,1,0.00,2024-01-01
72253000,80,2,"other, not further worked than hot-rolled, in coils",Fr. per 100 kg gross,1,0.00,2024-01-01
72254000,80,2,"other, not further worked than hot-rolled, not in coils",Fr. per 100 kg gross,1,0.00,2024-01-01
72255000,80,2,"other, not further worked than cold-rolled (cold-reduced)",Fr. per 100 kg gross,1,0.00,1988-01-01
,10,2,other:,,,,1996-01-01
72259100,80,3,electrolytically plated or coated with zinc,Fr. per 100 kg gross,1,0.00,1996-01-01
72259200,80,3,otherwise plated or coated with zinc,Fr. per 100 kg gross,1,0.00,1996-01-01
72259900,80,3,other,Fr. per 100 kg gross,1,0.00,1996-01-01
7226,80,1,"Flat-rolled products of other alloy steel, of a width of less than 600 mm:",,0,,1988-01-01
,10,2,of silicon-electrical steel:,,,,1996-01-01
72261100,80,3,grain-oriented,Fr. per 100 kg gross,1,0.00,2024-01-01
72261900,80,3,other,Fr. per 100 kg gross,1,0.00,2024-01-01
72262000,80,2,of high speed steel,Fr. per 100 kg gross,1,0.00,2024-01-01
,10,2,other:,,,,1988-01-01
72269100,80,3,not further worked than hot-rolled,Fr. per 100 kg gross,1,0.00,2024-01-01
72269200,80,3,not further worked than cold-rolled (cold-reduced),Fr. per 100 kg gross,1,0.00,1988-01-01
72269900,80,3,other,Fr. per 100 kg gross,1,0.00,1996-01-01
7227,80,1,"Bars and rods, hot-rolled, in irregularly wound coils, of other alloy steel:",,0,,1988-01-01
72271000,80,2,of high speed steel,Fr. per 100 kg gross,1,0.00,2024-01-01
72272000,80,2,of silico-manganese steel,Fr. per 100 kg gross,1,0.00,2024-01-01
72279000,80,2,other,Fr. per 100 kg gross,1,0.00,2024-01-01
7228,80,1,"Other bars and rods of other alloy steel; angles, shapes and sections, of other alloy steel; hollow drill bars and rods, of alloy or non-alloy steel:",,0,,1988-01-01
72281000,80,2,"bars and rods, of high speed steel",Fr. per 100 kg gross,1,0.00,2024-01-01
72282000,80,2,"bars and rods, of silico-manganese steel",Fr. per 100 kg gross,1,0.00,2024-01-01
72283000,80,2,"other bars and rods, not further worked than hot-rolled, hot-drawn or extruded",Fr. per 100 kg gross,1,0.00,2024-01-01
72284000,80,2,"other bars and rods, not further worked than forged",Fr. per 100 kg gross,1,0.00,2024-01-01
72285000,80,2,"other bars and rods, not further worked than cold-formed or cold-finished",Fr. per 100 kg gross,1,0.00,1988-01-01
72286000,80,2,other bars and rods,Fr. per 100 kg gross,1,0.00,1988-01-01
72287000,80,2,"angles, shapes and sections",Fr. per 100 kg gross,1,0.00,2024-01-01
72288000,80,2,hollow drill bars and rods,Fr. per 100 kg gross,1,0.00,1988-01-01
7229,80,1,Wire of other alloy steel:,,0,,1988-01-01
72292000,80,2,of silico-manganese steel,Fr. per 100 kg gross,1,0.00,2024-01-01
72299000,80,2,other,Fr. per 100 kg gross,1,0.00,2024-01-01
73,80,0,Articles of iron or steel,,0,,1988-01-01
7301,80,1,"Sheet piling of iron or steel, whether or not drilled, punched or made from assembled elements; welded angles, shapes and sections, of iron or steel:",,0,,1988-01-01
73011000,80,2,sheet piling,Fr. per 100 kg gross,1,0.00,1988-01-01
73012000,80,2,"angles, shapes and sections",Fr. per 100 kg gross,1,0.00,1988-01-01
7302,80,1,"Railway or tramway track construction material of iron or steel, the following: rails, check-rails and rack rails, switch blades, crossing frogs, point rods and other crossing pieces, sleepers (cross-ties), fish-plates, chairs, chair wedges, sole plates (base plates), rail clips, bedplates, ties and other material specialised for jointing or fixing rails:",,0,,1988-01-01
73021000,80,2,rails,Fr. per 100 kg gross,1,0.00,1988-01-01
73023000,80,2,"switch blades, crossing frogs, point rods and other crossing pieces",Fr. per 100 kg gross,1,0.00,1988-01-01
73024000,80,2,fish-plates and sole plates,Fr. per 100 kg gross,1,0.00,1988-01-01
73029000,80,2,other,Fr. per 100 kg gross,1,0.00,2024-01-01
73030000,80,1,"Tubes, pipes and hollow profiles, of cast iron",Fr. per 100 kg gross,1,0.00,1988-01-01
7304,80,1,"Tubes, pipes and hollow profiles, seamless, of iron (other than cast iron) or steel:",,0,,1988-01-01
,10,2,line pipe of a kind used for oil or gas pipelines:,,,,2007-01-01
73041100,80,3,of stainless steel,Fr. per 100 kg gross,1,0.00,2007-01-01
73041900,80,3,other,Fr. per 100 kg gross,1,0.00,2007-01-01
,10,2,"casing, tubing and drill pipe, of a kind used in drilling for oil or gas:",,,,1996-01-01
73042200,80,3,drill pipe of stainless steel,Fr. per 100 kg gross,1,0.00,2007-01-01
73042300,80,3,other drill pipe,Fr. per 100 kg gross,1,0.00,2007-01-01
73042400,80,3,"other, of stainless steel",Fr. per 100 kg gross,1,0.00,2007-01-01
73042900,80,3,other,Fr. per 100 kg gross,1,0.00,1996-01-01
,10,2,"other, of circular cross-section, of iron or non-alloy steel:",,,,1988-01-01
73043100,80,3,cold-drawn or cold-rolled (cold-reduced),Fr. per 100 kg gross,1,0.00,2024-01-01
73043900,80,3,other,Fr. per 100 kg gross,1,0.00,2024-01-01
,10,2,"other, of circular cross-section, of stainless steel:",,,,1988-01-01
73044100,80,3,cold-drawn or cold-rolled (cold-reduced),Fr. per 100 kg gross,1,0.00,2024-01-01
73044900,80,3,other,Fr. per 100 kg gross,1,0.00,2024-01-01
,10,2,"other, of circular cross-section, of other alloy steel:",,,,1988-01-01
73045100,80,3,cold-drawn or cold-rolled (cold-reduced),Fr. per 100 kg gross,1,0.00,2024-01-01
73045900,80,3,other,Fr. per 100 kg gross,1,0.00,2024-01-01
73049000,80,2,other,Fr. per 100 kg gross,1,0.00,2024-01-01
7305,80,1,"Other tubes and pipes (for example, welded, riveted or similarly closed), having circular cross-sections, the external diameter of which exceeds 406.4 mm, of iron or steel:",,0,,1988-01-01
,10,2,line pipe of a kind used for oil or gas pipelines:,,,,1988-01-01
73051100,80,3,longitudinally submerged arc welded,Fr. per 100 kg gross,1,0.00,1988-01-01
73051200,80,3,"other, longitudinally welded",Fr. per 100 kg gross,1,0.00,1988-01-01
73051900,80,3,other,Fr. per 100 kg gross,1,0.00,1988-01-01
73052000,80,2,casing of a kind used in drilling for oil or gas,Fr. per 100 kg gross,1,0.00,1988-01-01
,10,2,"other, welded:",,,,1988-01-01
73053100,80,3,longitudinally welded,Fr. per 100 kg gross,1,0.00,2024-01-01
73053900,80,3,other,Fr. per 100 kg gross,1,0.00,2024-01-01
73059000,80,2,other,Fr. per 100 kg gross,1,0.00,2024-01-01
7306,80,1,"Other tubes, pipes and hollow profiles (for example, open seam or welded, riveted or similarly closed), of iron or steel:",,0,,1988-01-01
,10,2,line pipe of a kind used for oil or gas pipelines:,,,,2007-01-01
73061100,80,3,"welded, of stainless steel",Fr. per 100 kg gross,1,0.00,2007-01-01
73061900,80,3,other,Fr. per 100 kg gross,1,0.00,2007-01-01
,10,2,casing and tubing of a kind used in drilling for oil or gas:,,,,2007-01-01
73062100,80,3,"welded, of stainless steel",Fr. per 100 kg gross,1,0.00,2007-01-01
73062900,80,3,other,Fr. per 100 kg gross,1,0.00,2007-01-01
73063000,80,2,"other, welded, of circular cross-section, of iron or non-alloy steel",Fr. per 100 kg gross,1,0.00,2024-01-01
73064000,80,2,"other, welded, of circular cross-section, of stainless steel",Fr. per 100 kg gross,1,0.00,2024-01-01
73065000,80,2,"other, welded, of circular cross-section, of other alloy steel",Fr. per 100 kg gross,1,0.00,2024-01-01
,10,2,"other, welded, of non-circular cross-section:",,,,2007-01-01
73066100,80,3,of square or rectangular cross-section,Fr. per 100 kg gross,1,0.00,2024-01-01
73066900,80,3,of other non-circular cross-section,Fr. per 100 kg gross,1,0.00,2024-01-01
73069000,80,2,other,Fr. per 100 kg gross,1,0.00,2024-01-01
7307,80,1,"Tube or pipe fittings (for example, couplings, elbows, sleeves), of iron or steel:",,0,,1988-01-01
,10,2,cast fittings:,,,,1988-01-01
73071100,80,3,of non-malleable cast iron,Fr. per 100 kg gross,1,0.00,1988-01-01
73071900,80,3,other,Fr. per 100 kg gross,1,0.00,2024-01-01
,10,2,"other, of stainless steel:",,,,1988-01-01
73072100,80,3,flanges,Fr. per 100 kg gross,1,0.00,1988-01-01
73072200,80,3,"threaded elbows, bends and sleeves",Fr. per 100 kg gross,1,0.00,2024-01-01
73072300,80,3,butt welding fittings,Fr. per 100 kg gross,1,0.00,2024-01-01
73072900,80,3,other,Fr. per 100 kg gross,1,0.00,2024-01-01
,10,2,other:,,,,1988-01-01
73079100,80,3,flanges,Fr. per 100 kg gross,1,0.00,1988-01-01
73079200,80,3,"threaded elbows, bends and sleeves",Fr. per 100 kg gross,1,0.00,2024-01-01
73079300,80,3,butt welding fittings,Fr. per 100 kg gross,1,0.00,2024-01-01
73079900,80,3,other,Fr. per 100 kg gross,1,0.00,2024-01-01
7308,80,1,"Structures (excluding prefabricated buildings of heading 9406) and parts of structures (for example, bridges and bridge-sections, lock-gates, towers, lattice masts, roofs, roofing frameworks, doors and windows and their frames and thresholds for doors, shutters, balustrades, pillars and columns), of iron or steel; plates, rods, angles, shapes, sections, tubes and the like, prepared for use in structures, of iron or steel:",,0,,1988-01-01
73081000,80,2,bridges and bridge-sections,Fr. per 100 kg gross,1,0.00,1988-01-01
73082000,80,2,towers and lattice masts,Fr. per 100 kg gross,1,0.00,1988-01-01
73083000,80,2,"doors, windows and their frames and thresholds for doors",Fr. per 100 kg gross,1,0.00,1988-01-01
73084000,80,2,"equipment for scaffolding, shuttering, propping or pitpropping",Fr. per 100 kg gross,1,0.00,1988-01-01
73089000,80,2,other,Fr. per 100 kg gross,1,0.00,1988-01-01
73090000,80,1,"Reservoirs, tanks, vats and similar containers for any material (other than compressed or liquefied gas), of iron or steel, of a capacity exceeding 300 litres, whether or not lined or heat-insulated, but not fitted with mechanical or thermal equipment",Fr. per 100 kg gross,1,0.00,2024-01-01
7310,80,1,"Tanks, casks, drums, cans, boxes and similar containers, for any material (other than compressed or liquefied gas), of iron or steel, of a capacity not exceeding 300 litres, whether or not lined or heat-insulated, but not fitted with mechanical or thermal equipment:",,0,,1988-01-01
73101000,80,2,of a capacity of 50 litres or more,Fr. per 100 kg gross,1,0.00,1988-01-01
,10,2,of a capacity of less than 50 litres:,,,,1988-01-01
73102100,80,3,cans which are to be closed by soldering or crimping,Fr. per 100 kg gross,1,0.00,1988-01-01
73102900,80,3,other,Fr. per 100 kg gross,1,0.00,1988-01-01
73110000,80,1,"Containers for compressed or liquefied gas, of iron or steel",Fr. per 100 kg gross,1,0.00,2024-01-01
7312,80,1,"Stranded wire, ropes, cables, plaited bands, slings and the like, of iron or steel, not electrically insulated:",,0,,1988-01-01
73121000,80,2,"stranded wire, ropes and cables",Fr. per 100 kg gross,1,0.00,2024-01-01
73129000,80,2,other,Fr. per 100 kg gross,1,0.00,2024-01-01
73130000,80,1,"Barbed wire of iron or steel; twisted hoop or single flat wire, barbed or not, and loosely twisted double wire, of a kind used for fencing, of iron or steel",Fr. per 100 kg gross,1,0.00,1988-01-01
7314,80,1,"Cloth (including endless bands), grill, netting and fencing, of iron or steel wire; expanded metal of iron or steel:",,0,,1988-01-01
,10,2,woven cloth:,,,,1996-01-01
73141200,80,3,"endless bands for machinery, of stainless steel",Fr. per 100 kg gross,1,0.00,1996-01-01
73141400,80,3,"other woven cloth, of stainless steel",Fr. per 100 kg gross,1,0.00,1996-01-01
73141900,80,3,other,Fr. per 100 kg gross,1,0.00,1996-01-01
73142000,80,2,"grill, netting and fencing, welded at the intersection, of wire with a maximum cross-sectional dimension of 3 mm or more and having a mesh size of 100 cm² or more",Fr. per 100 kg gross,1,0.00,1988-01-01
,10,2,"other grill, netting and fencing, welded at the intersection:",,,,1996-01-01
73143100,80,3,plated or coated with zinc,Fr. per 100 kg gross,1,0.00,1996-01-01
73143900,80,3,other,Fr. per 100 kg gross,1,0.00,1996-01-01
,10,2,"other cloth, grill, netting and fencing:",,,,1988-01-01
73144100,80,3,plated or coated with zinc,Fr. per 100 kg gross,1,0.00,1988-01-01
73144200,80,3,coated with plastics,Fr. per 100 kg gross,1,0.00,1988-01-01
73144900,80,3,other,Fr. per 100 kg gross,1,0.00,1988-01-01
73145000,80,2,expanded metal,Fr. per 100 kg gross,1,0.00,1988-01-01
7315,80,1,"Chain and parts thereof, of iron or steel:",,0,,1988-01-01
,10,2,articulated link chain and parts thereof:,,,,1988-01-01
73151100,80,3,roller chain,Fr. per 100 kg gross,1,0.00,1988-01-01
73151200,80,3,other chain,Fr. per 100 kg gross,1,0.00,1988-01-01
73151900,80,3,parts,Fr. per 100 kg gross,1,0.00,1988-01-01
73152000,80,2,skid chain,Fr. per 100 kg gross,1,0.00,1988-01-01
,10,2,other chain:,,,,1988-01-01
73158100,80,3,stud-link,Fr. per 100 kg gross,1,0.00,1988-01-01
73158200,80,3,"other, welded link",Fr. per 100 kg gross,1,0.00,1988-01-01
73158900,80,3,other,Fr. per 100 kg gross,1,0.00,1988-01-01
73159000,80,2,other parts,Fr. per 100 kg gross,1,0.00,1988-01-01
73160000,80,1,"Anchors, grapnels and parts thereof, of iron or steel",Fr. per 100 kg gross,1,0.00,1988-01-01
73170000,80,1,"Nails, tacks, drawing pins, corrugated nails, staples (other than those of heading 8305) and similar articles, of iron or steel, whether or not with heads of other material, but excluding such articles with heads of copper",Fr. per 100 kg gross,1,0.00,2024-01-01
7318,80,1,"Screws, bolts, nuts, coach screws, screw hooks, rivets, cotters, cotter-pins, washers (including spring washers) and similar articles, of iron or steel:",,0,,1988-01-01
,10,2,threaded articles:,,,,1988-01-01
73181100,80,3,coach screws,Fr. per 100 kg gross,1,0.00,1988-01-01
73181200,80,3,other wood screws,Fr. per 100 kg gross,1,0.00,2024-01-01
73181300,80,3,screw hooks and screw rings,Fr. per 100 kg gross,1,0.00,2024-01-01
73181400,80,3,self-tapping screws,Fr. per 100 kg gross,1,0.00,2024-01-01
73181500,80,3,"other screws and bolts, whether or not with their nuts or washers",Fr. per 100 kg gross,1,0.00,2024-01-01
73181600,80,3,nuts,Fr. per 100 kg gross,1,0.00,2024-01-01
73181900,80,3,other,Fr. per 100 kg gross,1,0.00,2024-01-01
,10,2,non-threaded articles:,,,,1988-01-01
73182100,80,3,spring washers and other lock washers,Fr. per 100 kg gross,1,0.00,2024-01-01
73182200,80,3,other washers,Fr. per 100 kg gross,1,0.00,2024-01-01
73182300,80,3,rivets,Fr. per 100 kg gross,1,0.00,2024-01-01
73182400,80,3,cotters and cotter-pins,Fr. per 100 kg gross,1,0.00,2024-01-01
73182900,80,3,other,Fr. per 100 kg gross,1,0.00,2024-01-01
7319,80,1,"Sewing needles, knitting needles, bodkins, crochet hooks, embroidery stilettos and similar articles, for use in the hand, of iron or steel; safety pins and other pins of iron or steel, not elsewhere specified or included:",,0,,1988-01-01
73194000,80,2,safety pins and other pins,Fr. per 100 kg gross,1,0.00,2012-01-01
73199000,80,2,other,Fr. per 100 kg gross,1,0.00,1988-01-01
7320,80,1,"Springs and leaves for springs, of iron or steel:",,0,,1988-01-01
73201000,80,2,leaf-springs and leaves therefor,Fr. per 100 kg gross,1,0.00,2024-01-01
73202000,80,2,helical springs,Fr. per 100 kg gross,1,0.00,2024-01-01
73209000,80,2,other,Fr. per 100 kg gross,1,0.00,2024-01-01
7321,80,1,"Stoves, ranges, grates, cookers (including those with subsidiary boilers for central heating), barbecues, braziers, gas-rings, plate warmers and similar non-electric domestic appliances, and parts thereof, of iron or steel:",,0,,1988-01-01
,10,2,cooking appliances and plate warmers:,,,,1988-01-01
73211100,80,3,for gas fuel or for both gas and other fuels,Fr. per 100 kg gross,1,0.00,1988-01-01
73211200,80,3,for liquid fuel,Fr. per 100 kg gross,1,0.00,1988-01-01
73211900,80,3,"other, including appliances for solid fuel",Fr. per 100 kg gross,1,0.00,2007-01-01
,10,2,other appliances:,,,,1988-01-01
73218100,80,3,for gas fuel or for both gas and other fuels,Fr. per 100 kg gross,1,0.00,2024-01-01
73218200,80,3,for liquid fuel,Fr. per 100 kg gross,1,0.00,2024-01-01
73218900,80,3,"other, including appliances for solid fuel",Fr. per 100 kg gross,1,0.00,2024-01-01
73219000,80,2,parts,Fr. per 100 kg gross,1,0.00,2024-01-01
7322,80,1,"Radiators for central heating, not electrically heated, and parts thereof, of iron or steel; air heaters and hot air distributors (including distributors which can also distribute fresh or conditioned air), not electrically heated, incorporating a motor-driven fan or blower, and parts thereof, of iron or steel:",,0,,1988-01-01
,10,2,radiators and parts thereof:,,,,1988-01-01
73221100,80,3,of cast iron,Fr. per 100 kg gross,1,0.00,1988-01-01
73221900,80,3,other,Fr. per 100 kg gross,1,0.00,1988-01-01
73229000,80,2,other,Fr. per 100 kg gross,1,0.00,2024-01-01
7323,80,1,"Table, kitchen or other household articles and parts thereof, of iron or steel; iron or steel wool; pot scourers and scouring or polishing pads, gloves and the like, of iron or steel:",,0,,1988-01-01
73231000,80,2,"iron or steel wool; pot scourers and scouring or polishing pads, gloves and the like",Fr. per 100 kg gross,1,0.00,1988-01-01
,10,2,other:,,,,1988-01-01
73239100,80,3,"of cast iron, not enamelled",Fr. per 100 kg gross,1,0.00,1988-01-01
73239200,80,3,"of cast iron, enamelled",Fr. per 100 kg gross,1,0.00,1988-01-01
73239300,80,3,of stainless steel,Fr. per 100 kg gross,1,0.00,2024-01-01
73239400,80,3,"of iron (other than cast iron) or steel, enamelled",Fr. per 100 kg gross,1,0.00,1988-01-01
73239900,80,3,other,Fr. per 100 kg gross,1,0.00,2024-01-01
7324,80,1,"Sanitary ware and parts thereof, of iron or steel:",,0,,1988-01-01
73241000,80,2,"sinks and wash basins, of stainless steel",Fr. per 100 kg gross,1,0.00,2024-01-01
,10,2,baths:,,,,1988-01-01
73242100,80,3,"of cast iron, whether or not enamelled",Fr. per 100 kg gross,1,0.00,2024-01-01
73242900,80,3,other,Fr. per 100 kg gross,1,0.00,2024-01-01
73249000,80,2,"other, including parts",Fr. per 100 kg gross,1,0.00,2024-01-01
7325,80,1,Other cast articles of iron or steel:,,0,,1988-01-01
73251000,80,2,of non-malleable cast iron,Fr. per 100 kg gross,1,0.00,2024-01-01
,10,2,other:,,,,1988-01-01
73259100,80,3,grinding balls and similar articles for mills,Fr. per 100 kg gross,1,0.00,1988-01-01
73259900,80,3,other,Fr. per 100 kg gross,1,0.00,2024-01-01
7326,80,1,Other articles of iron or steel:,,0,,1988-01-01
,10,2,"forged or stamped, but not further worked:",,,,1988-01-01
73261100,80,3,grinding balls and similar articles for mills,Fr. per 100 kg gross,1,0.00,1988-01-01
73261900,80,3,other,Fr. per 100 kg gross,1,0.00,2024-01-01
73262000,80,2,articles of iron or steel wire,Fr. per 100 kg gross,1,0.00,2024-01-01
73269000,80,2,other,Fr. per 100 kg gross,1,0.00,2024-01-01
74,80,0,Copper and articles thereof,,0,,1988-01-01
74010000,80,1,Copper mattes; cement copper (precipitated copper),Fr. per 100 kg gross,1,0.00,2007-01-01
74020000,80,1,Unrefined copper; copper anodes for electrolytic refining,Fr. per 100 kg gross,1,0.00,1988-01-01
7403,80,1,"Refined copper and copper alloys, unwrought:",,0,,1988-01-01
,10,2,refined copper:,,,,1988-01-01
74031100,80,3,cathodes and sections of cathodes,Fr. per 100 kg gross,1,0.00,1988-01-01
74031200,80,3,wire-bars,Fr. per 100 kg gross,1,0.00,1988-01-01
74031300,80,3,billets,Fr. per 100 kg gross,1,0.00,1988-01-01
74031900,80,3,other,Fr. per 100 kg gross,1,0.00,1988-01-01
,10,2,copper alloys:,,,,1988-01-01
74032100,80,3,copper-zinc base alloys (brass),Fr. per 100 kg gross,1,0.00,1988-01-01
74032200,80,3,copper-tin base alloys (bronze),Fr. per 100 kg gross,1,0.00,1988-01-01
74032900,80,3,other copper alloys (other than master alloys of heading 7405),Fr. per 100 kg gross,1,0.00,1988-01-01
74040000,80,1,Copper waste and scrap,Fr. per 100 kg gross,1,0.00,2024-01-01
74050000,80,1,Master alloys of copper,Fr. per 100 kg gross,1,0.00,1988-01-01
7406,80,1,Copper powders and flakes:,,0,,1988-01-01
74061000,80,2,powders of non-lamellar structure,Fr. per 100 kg gross,1,0.00,1988-01-01
74062000,80,2,powders of lamellar structure; flakes,Fr. per 100 kg gross,1,0.00,1988-01-01
7407,80,1,"Copper bars, rods and profiles:",,0,,1988-01-01
74071000,80,2,of refined copper,Fr. per 100 kg gross,1,0.00,2024-01-01
,10,2,of copper alloys:,,,,1988-01-01
74072100,80,3,of copper-zinc base alloys (brass),Fr. per 100 kg gross,1,0.00,2024-01-01
74072900,80,3,other,Fr. per 100 kg gross,1,0.00,2024-01-01
7408,80,1,Copper wire:,,0,,1988-01-01
,10,2,of refined copper:,,,,1988-01-01
74081100,80,3,of which the maximum cross-sectional dimension exceeds 6 mm,Fr. per 100 kg gross,1,0.00,2024-01-01
74081900,80,3,other,Fr. per 100 kg gross,1,0.00,2024-01-01
,10,2,of copper alloys:,,,,1988-01-01
74082100,80,3,of copper-zinc base alloys (brass),Fr. per 100 kg gross,1,0.00,2024-01-01
74082200,80,3,of copper-nickel base alloys (cupro-nickel) or copper-nickel-zinc base alloys (nickel silver),Fr. per 100 kg gross,1,0.00,2024-01-01
74082900,80,3,other,Fr. per 100 kg gross,1,0.00,2024-01-01
7409,80,1,"Copper plates, sheets and strip, of a thickness exceeding 0.15 mm:",,0,,1988-01-01
,10,2,of refined copper:,,,,1988-01-01
74091100,80,3,in coils,Fr. per 100 kg gross,1,0.00,2024-01-01
74091900,80,3,other,Fr. per 100 kg gross,1,0.00,2024-01-01
,10,2,of copper-zinc base alloys (brass):,,,,1988-01-01
74092100,80,3,in coils,Fr. per 100 kg gross,1,0.00,2024-01-01
74092900,80,3,other,Fr. per 100 kg gross,1,0.00,2024-01-01
,10,2,of copper-tin base alloys (bronze):,,,,1988-01-01
74093100,80,3,in coils,Fr. per 100 kg gross,1,0.00,2024-01-01
74093900,80,3,other,Fr. per 100 kg gross,1,0.00,2024-01-01
74094000,80,2,of copper-nickel base alloys (cupro-nickel) or copper-nickel-zinc base alloys (nickel silver),Fr. per 100 kg gross,1,0.00,2024-01-01
74099000,80,2,of other copper alloys,Fr. per 100 kg gross,1,0.00,2024-01-01
7410,80,1,"Copper foil (whether or not printed or backed with paper, paperboard, plastics or similar backing materials) of a thickness (excluding any backing) not exceeding 0.15 mm:",,0,,1988-01-01
,10,2,not backed:,,,,1988-01-01
74101100,80,3,of refined copper,Fr. per 100 kg gross,1,0.00,2024-01-01
74101200,80,3,of copper alloys,Fr. per 100 kg gross,1,0.00,2024-01-01
,10,2,backed:,,,,1988-01-01
74102100,80,3,of refined copper,Fr. per 100 kg gross,1,0.00,1988-01-01
74102200,80,3,of copper alloys,Fr. per 100 kg gross,1,0.00,1988-01-01
7411,80,1,Copper tubes and pipes:,,0,,1988-01-01
74111000,80,2,of refined copper,Fr. per 100 kg gross,1,0.00,2024-01-01
,10,2,of copper alloys:,,,,1988-01-01
74112100,80,3,of copper-zinc base alloys (brass),Fr. per 100 kg gross,1,0.00,2024-01-01
74112200,80,3,of copper-nickel base alloys (cupro-nickel) or copper-nickel-zinc base alloys (nickel silver),Fr. per 100 kg gross,1,0.00,2024-01-01
74112900,80,3,other,Fr. per 100 kg gross,1,0.00,2024-01-01
7412,80,1,"Copper tube or pipe fittings (for example, couplings, elbows, sleeves):",,0,,1988-01-01
74121000,80,2,of refined copper,Fr. per 100 kg gross,1,0.00,2024-01-01
74122000,80,2,of copper alloys,Fr. per 100 kg gross,1,0.00,2024-01-01
74130000,80,1,"Stranded wire, cables, plaited bands and the like, of copper, not electrically insulated",Fr. per 100 kg gross,1,0.00,1988-01-01
7415,80,1,"Nails, tacks, drawing pins, staples (other than those of heading 8305) and similar articles, of copper or of iron or steel with heads of copper; screws, bolts, nuts, screw hooks, rivets, cotters, cotter-pins, washers (including spring washers) and similar articles, of copper:",,0,,1988-01-01
74151000,80,2,"nails and tacks, drawing pins, staples and similar articles",Fr. per 100 kg gross,1,0.00,1988-01-01
,10,2,"other articles, not threaded:",,,,1988-01-01
74152100,80,3,washers (including spring washers),Fr. per 100 kg gross,1,0.00,1988-01-01
74152900,80,3,other,Fr. per 100 kg gross,1,0.00,2024-01-01
,10,2,other threaded articles:,,,,1988-01-01
74153300,80,3,screws; bolts and nuts,Fr. per 100 kg gross,1,0.00,2024-01-01
74153900,80,3,other,Fr. per 100 kg gross,1,0.00,2024-01-01
7418,80,1,"Table, kitchen or other household articles and parts thereof, of copper; pot scourers and scouring or polishing pads, gloves and the like, of copper; sanitary ware and parts thereof, of copper:",,0,,1988-01-01
74181000,80,2,"table, kitchen or other household articles and parts thereof; pot scourers and scouring or polishing pads, gloves and the like",Fr. per 100 kg gross,1,0.00,2012-01-01
74182000,80,2,sanitary ware and parts thereof,Fr. per 100 kg gross,1,0.00,2024-01-01
7419,80,1,Other articles of copper:,,0,,1988-01-01
74192000,80,2,"cast, moulded, stamped or forged, but not further worked",Fr. per 100 kg gross,1,0.00,2022-01-01
74198000,80,2,other,Fr. per 100 kg gross,1,0.00,2024-01-01
75,80,0,Nickel and articles thereof,,0,,1988-01-01
7501,80,1,"Nickel mattes, nickel oxide sinters and other intermediate products of nickel metallurgy:",,0,,1988-01-01
75011000,80,2,nickel mattes,Fr. per 100 kg gross,1,0.00,1988-01-01
75012000,80,2,nickel oxide sinters and other intermediate products of nickel metallurgy,Fr. per 100 kg gross,1,0.00,1988-01-01
7502,80,1,Unwrought nickel:,,0,,1988-01-01
75021000,80,2,"nickel, not alloyed",Fr. per 100 kg gross,1,0.00,1988-01-01
75022000,80,2,nickel alloys,Fr. per 100 kg gross,1,0.00,1988-01-01
75030000,80,1,Nickel waste and scrap,Fr. per 100 kg gross,1,0.00,1988-01-01
75040000,80,1,Nickel powders and flakes,Fr. per 100 kg gross,1,0.00,1988-01-01
7505,80,1,"Nickel bars, rods, profiles and wire:",,0,,1988-01-01
,10,2,"bars, rods and profiles:",,,,1988-01-01
75051100,80,3,"of nickel, not alloyed",Fr. per 100 kg gross,1,0.00,2024-01-01
75051200,80,3,of nickel alloys,Fr. per 100 kg gross,1,0.00,2024-01-01
,10,2,wire:,,,,1988-01-01
75052100,80,3,"of nickel, not alloyed",Fr. per 100 kg gross,1,0.00,2024-01-01
75052200,80,3,of nickel alloys,Fr. per 100 kg gross,1,0.00,2024-01-01
7506,80,1,"Nickel plates, sheets, strip and foil:",,0,,1988-01-01
75061000,80,2,"of nickel, not alloyed",Fr. per 100 kg gross,1,0.00,2024-01-01
75062000,80,2,of nickel alloys,Fr. per 100 kg gross,1,0.00,2024-01-01
7507,80,1,"Nickel tubes, pipes and tube or pipe fittings (for example, couplings, elbows, sleeves):",,0,,1988-01-01
,10,2,tubes and pipes:,,,,1988-01-01
75071100,80,3,"of nickel, not alloyed",Fr. per 100 kg gross,1,0.00,1988-01-01
75071200,80,3,of nickel alloys,Fr. per 100 kg gross,1,0.00,1988-01-01
75072000,80,2,tube or pipe fittings,Fr. per 100 kg gross,1,0.00,1988-01-01
7508,80,1,Other articles of nickel:,,0,,1988-01-01
75081000,80,2,"cloth, grill and netting, of nickel wire",Fr. per 100 kg gross,1,0.00,2024-01-01
75089000,80,2,other,Fr. per 100 kg gross,1,0.00,2024-01-01
76,80,0,Aluminium and articles thereof,,0,,1988-01-01
7601,80,1,Unwrought aluminium:,,0,,1988-01-01
76011000,80,2,"aluminium, not alloyed",Fr. per 100 kg gross,1,0.00,1988-01-01
76012000,80,2,aluminium alloys,Fr. per 100 kg gross,1,0.00,1988-01-01
76020000,80,1,Aluminium waste and scrap,Fr. per 100 kg gross,1,0.00,1988-01-01
7603,80,1,Aluminium powders and flakes:,,0,,1988-01-01
76031000,80,2,powders of non-lamellar structure,Fr. per 100 kg gross,1,0.00,1988-01-01
76032000,80,2,powders of lamellar structure; flakes,Fr. per 100 kg gross,1,0.00,1988-01-01
7604,80,1,"Aluminium bars, rods and profiles:",,0,,1988-01-01
76041000,80,2,"of aluminium, not alloyed",Fr. per 100 kg gross,1,0.00,1988-01-01
,10,2,of aluminium alloys:,,,,1988-01-01
76042100,80,3,hollow profiles,Fr. per 100 kg gross,1,0.00,1988-01-01
76042900,80,3,other,Fr. per 100 kg gross,1,0.00,1988-01-01
7605,80,1,Aluminium wire:,,0,,1988-01-01
,10,2,"of aluminium, not alloyed:",,,,1988-01-01
76051100,80,3,of which the maximum cross-sectional dimension exceeds 7 mm,Fr. per 100 kg gross,1,0.00,1988-01-01
76051900,80,3,other,Fr. per 100 kg gross,1,0.00,1988-01-01
,10,2,of aluminium alloys:,,,,1988-01-01
76052100,80,3,of which the maximum cross-sectional dimension exceeds 7 mm,Fr. per 100 kg gross,1,0.00,1988-01-01
76052900,80,3,other,Fr. per 100 kg gross,1,0.00,1988-01-01
7606,80,1,"Aluminium plates, sheets and strip, of a thickness exceeding 0.2 mm:",,0,,1988-01-01
,10,2,rectangular (including square):,,,,1988-01-01
76061100,80,3,"of aluminium, not alloyed",Fr. per 100 kg gross,1,0.00,1988-01-01
76061200,80,3,of aluminium alloys,Fr. per 100 kg gross,1,0.00,1988-01-01
,10,2,other:,,,,1988-01-01
76069100,80,3,"of aluminium, not alloyed",Fr. per 100 kg gross,1,0.00,1988-01-01
76069200,80,3,of aluminium alloys,Fr. per 100 kg gross,1,0.00,1988-01-01
7607,80,1,"Aluminium foil (whether or not printed or backed with paper, paperboard, plastics or similar backing materials) of a thickness (excluding any backing) not exceeding 0.2 mm:",,0,,1988-01-01
,10,2,not backed:,,,,1988-01-01
76071100,80,3,rolled but not further worked,Fr. per 100 kg gross,1,0.00,1988-01-01
76071900,80,3,other,Fr. per 100 kg gross,1,0.00,1988-01-01
76072000,80,2,backed,Fr. per 100 kg gross,1,0.00,2024-01-01
7608,80,1,Aluminium tubes and pipes:,,0,,1988-01-01
76081000,80,2,"of aluminium, not alloyed",Fr. per 100 kg gross,1,0.00,1988-01-01
76082000,80,2,of aluminium alloys,Fr. per 100 kg gross,1,0.00,1988-01-01
76090000,80,1,"Aluminium tube or pipe fittings (for example, couplings, elbows, sleeves)",Fr. per 100 kg gross,1,0.00,1988-01-01
7610,80,1,"Aluminium structures (excluding prefabricated buildings of heading 9406) and parts of structures (for example, bridges and bridge-sections, towers, lattice masts, roofs, roofing frameworks, doors and windows and their frames and thresholds for doors, balustrades, pillars and columns); aluminium plates, rods, profiles, tubes and the like, prepared for use in structures:",,0,,1988-01-01
76101000,80,2,"doors, windows and their frames and thresholds for doors",Fr. per 100 kg gross,1,0.00,1988-01-01
76109000,80,2,other,Fr. per 100 kg gross,1,0.00,1988-01-01
76110000,80,1,"Aluminium reservoirs, tanks, vats and similar containers, for any material (other than compressed or liquefied gas), of a capacity exceeding 300 litres, whether or not lined or heat-insulated, but not fitted with mechanical or thermal equipment",Fr. per 100 kg gross,1,0.00,1988-01-01
7612,80,1,"Aluminium casks, drums, cans, boxes and similar containers (including rigid or collapsible tubular containers), for any material (other than compressed or liquefied gas), of a capacity not exceeding 300 litres, whether or not lined or heat-insulated, but not fitted with mechanical or thermal equipment:",,0,,1988-01-01
76121000,80,2,collapsible tubular containers,Fr. per 100 kg gross,1,0.00,1988-01-01
76129000,80,2,other,Fr. per 100 kg gross,1,0.00,1988-01-01
76130000,80,1,Aluminium containers for compressed or liquefied gas,Fr. per 100 kg gross,1,0.00,1988-01-01
7614,80,1,"Stranded wire, cables, plaited bands and the like, of aluminium, not electrically insulated:",,0,,1988-01-01
76141000,80,2,with steel core,Fr. per 100 kg gross,1,0.00,1988-01-01
76149000,80,2,other,Fr. per 100 kg gross,1,0.00,1988-01-01
7615,80,1,"Table, kitchen or other household articles and parts thereof, of aluminium; pot scourers and scouring or polishing pads, gloves and the like, of aluminium; sanitary ware and parts thereof, of aluminium:",,0,,1988-01-01
76151000,80,2,"table, kitchen or other household articles and parts thereof; pot scourers and scouring or polishing pads, gloves and the like",Fr. per 100 kg gross,1,0.00,2012-01-01
76152000,80,2,sanitary ware and parts thereof,Fr. per 100 kg gross,1,0.00,1988-01-01
7616,80,1,Other articles of aluminium:,,0,,1988-01-01
76161000,80,2,"nails, tacks, staples (other than those of heading 8305), screws, bolts, nuts, screw hooks, rivets, cotters, cotter-pins, washers and similar articles",Fr. per 100 kg gross,1,0.00,2024-01-01
,10,2,other:,,,,1996-01-01
76169100,80,3,"cloth, grill, netting and fencing, of aluminium wire",Fr. per 100 kg gross,1,0.00,1996-01-01
76169900,80,3,other,Fr. per 100 kg gross,1,0.00,2024-01-01
78,80,0,Lead and articles thereof,,0,,1988-01-01
7801,80,1,Unwrought lead:,,0,,1988-01-01
78011000,80,2,refined lead,Fr. per 100 kg gross,1,0.00,1988-01-01
,10,2,other:,,,,1988-01-01
78019100,80,3,containing by weight antimony as the principal other element,Fr. per 100 kg gross,1,0.00,1988-01-01
78019900,80,3,other,Fr. per 100 kg gross,1,0.00,1988-01-01
78020000,80,1,Lead waste and scrap,Fr. per 100 kg gross,1,0.00,1988-01-01
7804,80,1,"Lead plates, sheets, strip and foil; lead powders and flakes:",,0,,1988-01-01
,10,2,"plates, sheets, strip and foil:",,,,1988-01-01
78041100,80,3,"sheets, strip and foil of a thickness (excluding any backing) not exceeding 0.2 mm",Fr. per 100 kg gross,1,0.00,1988-01-01
78041900,80,3,other,Fr. per 100 kg gross,1,0.00,1988-01-01
78042000,80,2,powders and flakes,Fr. per 100 kg gross,1,0.00,1988-01-01
78060000,80,1,Other articles of lead,Fr. per 100 kg gross,1,0.00,2024-01-01
79,80,0,Zinc and articles thereof,,0,,1988-01-01
7901,80,1,Unwrought zinc:,,0,,1988-01-01
,10,2,"zinc, not alloyed:",,,,1988-01-01
79011100,80,3,containing by weight 99.99% or more of zinc,Fr. per 100 kg gross,1,0.00,1988-01-01
79011200,80,3,containing by weight less than 99.99% of zinc,Fr. per 100 kg gross,1,0.00,1988-01-01
79012000,80,2,zinc alloys,Fr. per 100 kg gross,1,0.00,1988-01-01
79020000,80,1,Zinc waste and scrap,Fr. per 100 kg gross,1,0.00,1988-01-01
7903,80,1,"Zinc dust, powders and flakes:",,0,,1988-01-01
79031000,80,2,zinc dust,Fr. per 100 kg gross,1,0.00,1988-01-01
79039000,80,2,other,Fr. per 100 kg gross,1,0.00,1988-01-01
79040000,80,1,"Zinc bars, rods, profiles and wire",Fr. per 100 kg gross,1,0.00,1988-01-01
79050000,80,1,"Zinc plates, sheets, strip and foil",Fr. per 100 kg gross,1,0.00,1988-01-01
79070000,80,1,Other articles of zinc,Fr. per 100 kg gross,1,0.00,2024-01-01
80,80,0,Tin and articles thereof,,0,,1988-01-01
8001,80,1,Unwrought tin:,,0,,1988-01-01
80011000,80,2,"tin, not alloyed",Fr. per 100 kg gross,1,0.00,1988-01-01
80012000,80,2,tin alloys,Fr. per 100 kg gross,1,0.00,1988-01-01
80020000,80,1,Tin waste and scrap,Fr. per 100 kg gross,1,0.00,1988-01-01
80030000,80,1,"Tin bars, rods, profiles and wire",Fr. per 100 kg gross,1,0.00,2024-01-01
80070000,80,1,Other articles of tin,Fr. per 100 kg gross,1,0.00,2024-01-01
81,80,0,Other base metals; cermets; articles thereof,,0,,1988-01-01
8101,80,1,"Tungsten (wolfram) and articles thereof, including waste and scrap:",,0,,1988-01-01
81011000,80,2,powders,Fr. per 100 kg gross,1,0.00,1988-01-01
,10,2,other:,,,,1988-01-01
81019400,80,3,"unwrought tungsten, including bars and rods obtained simply by sintering",Fr. per 100 kg gross,1,0.00,2002-01-01
81019600,80,3,wire,Fr. per 100 kg gross,1,0.00,2002-01-01
81019700,80,3,waste and scrap,Fr. per 100 kg gross,1,0.00,2002-01-01
81019900,80,3,other,Fr. per 100 kg gross,1,0.00,1988-01-01
8102,80,1,"Molybdenum and articles thereof, including waste and scrap:",,0,,1988-01-01
81021000,80,2,powders,Fr. per 100 kg gross,1,0.00,1988-01-01
,10,2,other:,,,,1988-01-01
81029400,80,3,"unwrought molybdenum, including bars and rods obtained simply by sintering",Fr. per 100 kg gross,1,0.00,2002-01-01
81029500,80,3,"bars and rods, other than those obtained simply by sintering, profiles, plates, sheets, strip and foil",Fr. per 100 kg gross,1,0.00,2002-01-01
81029600,80,3,wire,Fr. per 100 kg gross,1,0.00,2002-01-01
81029700,80,3,waste and scrap,Fr. per 100 kg gross,1,0.00,2002-01-01
81029900,80,3,other,Fr. per 100 kg gross,1,0.00,1988-01-01
8103,80,1,"Tantalum and articles thereof, including waste and scrap:",,0,,1988-01-01
81032000,80,2,"unwrought tantalum, including bars and rods obtained simply by sintering; powders",Fr. per 100 kg gross,1,0.00,2002-01-01
81033000,80,2,waste and scrap,Fr. per 100 kg gross,1,0.00,2002-01-01
,10,2,other:,,,,2022-01-01
81039100,80,3,crucibles,Fr. per 100 kg gross,1,0.00,2022-01-01
81039900,80,3,other,Fr. per 100 kg gross,1,0.00,2022-01-01
8104,80,1,"Magnesium and articles thereof, including waste and scrap:",,0,,1988-01-01
,10,2,unwrought magnesium:,,,,1988-01-01
81041100,80,3,containing at least 99.8% by weight of magnesium,Fr. per 100 kg gross,1,0.00,1988-01-01
81041900,80,3,other,Fr. per 100 kg gross,1,0.00,1988-01-01
81042000,80,2,waste and scrap,Fr. per 100 kg gross,1,0.00,1988-01-01
81043000,80,2,"raspings, turnings and granules, graded according to size; powders",Fr. per 100 kg gross,1,0.00,1988-01-01
81049000,80,2,other,Fr. per 100 kg gross,1,0.00,1988-01-01
8105,80,1,"Cobalt mattes and other intermediate products of cobalt metallurgy; cobalt and articles thereof, including waste and scrap:",,0,,1988-01-01
81052000,80,2,cobalt mattes and other intermediate products of cobalt metallurgy; unwrought cobalt; powders,Fr. per 100 kg gross,1,0.00,2002-01-01
81053000,80,2,waste and scrap,Fr. per 100 kg gross,1,0.00,2002-01-01
81059000,80,2,other,Fr. per 100 kg gross,1,0.00,1988-01-01
8106,80,1,"Bismuth and articles thereof, including waste and scrap:",,0,,1988-01-01
81061000,80,2,"containing more than 99.99 % of bismuth, by weight",Fr. per 100 kg gross,1,0.00,2022-01-01
81069000,80,2,other,Fr. per 100 kg gross,1,0.00,2022-01-01
8108,80,1,"Titanium and articles thereof, including waste and scrap:",,0,,1988-01-01
81082000,80,2,unwrought titanium; powders,Fr. per 100 kg gross,1,0.00,2002-01-01
81083000,80,2,waste and scrap,Fr. per 100 kg gross,1,0.00,2002-01-01
81089000,80,2,other,Fr. per 100 kg gross,1,0.00,1988-01-01
8109,80,1,"Zirconium and articles thereof, including waste and scrap:",,0,,1988-01-01
,10,2,unwrought zirconium; powders:,,,,2022-01-01
81092100,80,3,containing less than 1 part hafnium to 500 parts zirconium by weight,Fr. per 100 kg gross,1,0.00,2022-01-01
81092900,80,3,other,Fr. per 100 kg gross,1,0.00,2022-01-01
,10,2,waste and scrap:,,,,2022-01-01
81093100,80,3,containing less than 1 part hafnium to 500 parts zirconium by weight,Fr. per 100 kg gross,1,0.00,2022-01-01
81093900,80,3,other,Fr. per 100 kg gross,1,0.00,2022-01-01
,10,2,other:,,,,2022-01-01
81099100,80,3,containing less than 1 part hafnium to 500 parts zirconium by weight,Fr. per 100 kg gross,1,0.00,2022-01-01
81099900,80,3,other,Fr. per 100 kg gross,1,0.00,2022-01-01
8110,80,1,"Antimony and articles thereof, including waste and scrap:",,0,,1988-01-01
81101000,80,2,unwrought antimony; powders,Fr. per 100 kg gross,1,0.00,2002-01-01
81102000,80,2,waste and scrap,Fr. per 100 kg gross,1,0.00,2002-01-01
81109000,80,2,other,Fr. per 100 kg gross,1,0.00,2002-01-01
81110000,80,1,"Manganese and articles thereof, including waste and scrap",Fr. per 100 kg gross,1,0.00,2024-01-01
8112,80,1,"Beryllium, chromium, hafnium, rhenium, thallium, cadmium, germanium, vanadium, gallium, indium and niobium (columbium), and articles of these metals, including waste and scrap:",,0,,1988-01-01
,10,2,beryllium:,,,,1988-01-01
81121200,80,3,unwrought; powders,Fr. per 100 kg gross,1,0.00,2002-01-01
81121300,80,3,waste and scrap,Fr. per 100 kg gross,1,0.00,2002-01-01
81121900,80,3,other,Fr. per 100 kg gross,1,0.00,1988-01-01
,10,2,chromium:,,,,2002-01-01
81122100,80,3,unwrought; powders,Fr. per 100 kg gross,1,0.00,2002-01-01
81122200,80,3,waste and scrap,Fr. per 100 kg gross,1,0.00,2002-01-01
81122900,80,3,other,Fr. per 100 kg gross,1,0.00,2002-01-01
,10,2,hafnium:,,,,2022-01-01
81123100,80,3,unwrought; waste and scrap; powders,Fr. per 100 kg gross,1,0.00,2022-01-01
81123900,80,3,other,Fr. per 100 kg gross,1,0.00,2022-01-01
,10,2,rhenium:,,,,2022-01-01
81124100,80,3,unwrought; waste and scrap; powders,Fr. per 100 kg gross,1,0.00,2022-01-01
81124900,80,3,other,Fr. per 100 kg gross,1,0.00,2022-01-01
,10,2,thallium:,,,,2002-01-01
81125100,80,3,unwrought; powders,Fr. per 100 kg gross,1,0.00,2002-01-01
81125200,80,3,waste and scrap,Fr. per 100 kg gross,1,0.00,2002-01-01
81125900,80,3,other,Fr. per 100 kg gross,1,0.00,2002-01-01
,10,2,cadmium:,,,,2022-01-01
81126100,80,3,waste and scrap,Fr. per 100 kg gross,1,0.00,2022-01-01
81126900,80,3,other,Fr. per 100 kg gross,1,0.00,2022-01-01
,10,2,other:,,,,1988-01-01
81129200,80,3,unwrought; waste and scrap; powders,Fr. per 100 kg gross,1,0.00,2002-01-01
81129900,80,3,other,Fr. per 100 kg gross,1,0.00,1988-01-01
81130000,80,1,"Cermets and articles thereof, including waste and scrap",Fr. per 100 kg gross,1,0.00,2024-01-01
82,80,0,"Tools, implements, cutlery, spoons and forks, of base metal; parts thereof of base metal",,0,,1988-01-01
8201,80,1,"Hand tools, the following: spades, shovels, mattocks, picks, hoes, forks and rakes; axes, bill hooks and similar hewing tools; secateurs and pruners of any kind; scythes, sickles, hay knives, hedge shears, timber wedges and other tools of a kind used in agriculture, horticulture or forestry:",,0,,1988-01-01
82011000,80,2,spades and shovels,Fr. per 100 kg gross,1,0.00,1988-01-01
82013000,80,2,"mattocks, picks, hoes and rakes",Fr. per 100 kg gross,1,0.00,1988-01-01
82014000,80,2,"axes, bill hooks and similar hewing tools",Fr. per 100 kg gross,1,0.00,1988-01-01
82015000,80,2,secateurs and similar one-handed pruners and shears (including poultry shears),Fr. per 100 kg gross,1,0.00,1988-01-01
82016000,80,2,"hedge shears, two-handed pruning shears and similar two-handed shears",Fr. per 100 kg gross,1,0.00,1988-01-01
82019000,80,2,"other hand tools of a kind used in agriculture, horticulture or forestry",Fr. per 100 kg gross,1,0.00,1988-01-01
8202,80,1,"Hand saws; blades for saws of all kinds (including slitting, slotting or toothless saw blades):",,0,,1988-01-01
82021000,80,2,hand saws,Fr. per 100 kg gross,1,0.00,2024-01-01
82022000,80,2,band saw blades,Fr. per 100 kg gross,1,0.00,1988-01-01
,10,2,circular saw blades (including slitting or slotting saw blades):,,,,1988-01-01
82023100,80,3,with working part of steel,Fr. per 100 kg gross,1,0.00,2024-01-01
82023900,80,3,"other, including parts",Fr. per 100 kg gross,1,0.00,2024-01-01
82024000,80,2,chain saw blades,Fr. per 100 kg gross,1,0.00,1990-07-01
,10,2,other saw blades:,,,,1988-01-01
82029100,80,3,"straight saw blades, for working metal",Fr. per 100 kg gross,1,0.00,1988-01-01
82029900,80,3,other,Fr. per 100 kg gross,1,0.00,1990-07-01
8203,80,1,"Files, rasps, pliers (including cutting pliers), pincers, tweezers, metal cutting shears, pipe-cutters, bolt croppers, perforating punches and similar hand tools:",,0,,1988-01-01
82031000,80,2,"files, rasps and similar tools",Fr. per 100 kg gross,1,0.00,1988-01-01
82032000,80,2,"pliers (including cutting pliers), pincers, tweezers and similar tools",Fr. per 100 kg gross,1,0.00,1988-01-01
82033000,80,2,metal cutting shears and similar tools,Fr. per 100 kg gross,1,0.00,1988-01-01
82034000,80,2,"pipe-cutters, bolt croppers, perforating punches and similar tools",Fr. per 100 kg gross,1,0.00,1988-01-01
8204,80,1,"Hand-operated spanners and wrenches (including torque meter wrenches but not including tap wrenches); interchangeable spanner sockets, with or without handles:",,0,,1988-01-01
,10,2,hand-operated spanners and wrenches:,,,,1988-01-01
82041100,80,3,non-adjustable,Fr. per 100 kg gross,1,0.00,2024-01-01
82041200,80,3,adjustable,Fr. per 100 kg gross,1,0.00,2024-01-01
82042000,80,2,"interchangeable spanner sockets, with or without handles",Fr. per 100 kg gross,1,0.00,1988-01-01
8205,80,1,"Hand tools (including glaziers' diamonds), not elsewhere specified or included; blow lamps; vices, clamps and the like, other than accessories for and parts of machine tools or water-jet cutting machines; anvils; portable forges; hand or pedal-operated grinding wheels with frameworks:",,0,,1988-01-01
82051000,80,2,"drilling, threading or tapping tools",Fr. per 100 kg gross,1,0.00,1988-01-01
82052000,80,2,hammers and sledge hammers,Fr. per 100 kg gross,1,0.00,1988-01-01
82053000,80,2,"planes, chisels, gouges and similar cutting tools for working wood",Fr. per 100 kg gross,1,0.00,1988-01-01
82054000,80,2,screwdrivers,Fr. per 100 kg gross,1,0.00,1988-01-01
,10,2,other hand tools (including glaziers' diamonds):,,,,1988-01-01
82055100,80,3,household tools,Fr. per 100 kg gross,1,0.00,1988-01-01
82055900,80,3,other,Fr. per 100 kg gross,1,0.00,2024-01-01
82056000,80,2,blow lamps,Fr. per 100 kg gross,1,0.00,1988-01-01
82057000,80,2,"vices, clamps and the like",Fr. per 100 kg gross,1,0.00,1988-01-01
82059000,80,2,"other, including sets of articles of two or more subheadings of this heading",Fr. per 100 kg gross,1,0.00,2012-01-01
82060000,80,1,"Tools of two or more of the headings 8202 to 8205, put up in sets for retail sale",Fr. per 100 kg gross,1,0.00,1988-01-01
8207,80,1,"Interchangeable tools for hand tools, whether or not power-operated, or for machine-tools (for example, for pressing, stamping, punching, tapping, threading, drilling, boring, broaching, milling, turning or screw driving), including dies for drawing or extruding metal, and rock drilling or earth boring tools:",,0,,1988-01-01
,10,2,rock drilling or earth boring tools:,,,,1996-01-01
82071300,80,3,with working part of cermets,Fr. per 100 kg gross,1,0.00,1996-01-01
82071900,80,3,"other, including parts",Fr. per 100 kg gross,1,0.00,1996-01-01
82072000,80,2,dies for drawing or extruding metal,Fr. per 100 kg gross,1,0.00,2024-01-01
82073000,80,2,"tools for pressing, stamping or punching",Fr. per 100 kg gross,1,0.00,2024-01-01
82074000,80,2,tools for tapping or threading,Fr. per 100 kg gross,1,0.00,2024-01-01
82075000,80,2,"tools for drilling, other than for rock drilling",Fr. per 100 kg gross,1,0.00,2024-01-01
82076000,80,2,tools for boring or broaching,Fr. per 100 kg gross,1,0.00,2024-01-01
82077000,80,2,tools for milling,Fr. per 100 kg gross,1,0.00,2024-01-01
82078000,80,2,tools for turning,Fr. per 100 kg gross,1,0.00,2024-01-01
82079000,80,2,other interchangeable tools,Fr. per 100 kg gross,1,0.00,2024-01-01
8208,80,1,"Knives and cutting blades, for machines or for mechanical appliances:",,0,,1988-01-01
82081000,80,2,for metal working,Fr. per 100 kg gross,1,0.00,1988-01-01
82082000,80,2,for wood working,Fr. per 100 kg gross,1,0.00,1988-01-01
82083000,80,2,for kitchen appliances or for machines used by the food industry,Fr. per 100 kg gross,1,0.00,1988-01-01
82084000,80,2,"for agricultural, horticultural or forestry machines",Fr. per 100 kg gross,1,0.00,1988-01-01
82089000,80,2,other,Fr. per 100 kg gross,1,0.00,1988-01-01
82090000,80,1,"Plates, sticks, tips and the like for tools, unmounted, of cermets",Fr. per 100 kg gross,1,0.00,1988-01-01
82100000,80,1,"Hand-operated mechanical appliances, weighing 10 kg or less, used in the preparation, conditioning or serving of food or drink",Fr. per 100 kg gross,1,0.00,1988-01-01
8211,80,1,"Knives with cutting blades, serrated or not (including pruning knives), other than knives of heading 8208, and blades therefor:",,0,,1988-01-01
82111000,80,2,sets of assorted articles,Fr. per 100 kg gross,1,0.00,2024-01-01
,10,2,other:,,,,1988-01-01
82119100,80,3,table knives having fixed blades,Fr. per 100 kg gross,1,0.00,1996-01-01
82119200,80,3,other knives having fixed blades,Fr. per 100 kg gross,1,0.00,1996-01-01
82119300,80,3,knives having other than fixed blades,Fr. per 100 kg gross,1,0.00,1996-01-01
82119400,80,3,blades,Fr. per 100 kg gross,1,0.00,1988-01-01
82119500,80,3,handles of base metal,Fr. per 100 kg gross,1,0.00,2024-01-01
8212,80,1,Razors and razor blades (including razor blade blanks in strips):,,0,,1988-01-01
82121000,80,2,razors,Fr. per 100 kg gross,1,0.00,1988-01-01
82122000,80,2,"safety razor blades, including razor blade blanks in strips",Fr. per 100 kg gross,1,0.00,1988-01-01
82129000,80,2,other parts,Fr. per 100 kg gross,1,0.00,1988-01-01
82130000,80,1,"Scissors, tailors' shears and similar shears, and blades therefor",Fr. per 100 kg gross,1,0.00,1988-01-01
8214,80,1,"Other articles of cutlery (for example, hair clippers, butchers' or kitchen cleavers, choppers and mincing knives, paper knives); manicure or pedicure sets and instruments (including nail files):",,0,,1988-01-01
82141000,80,2,"paper knives, letter openers, erasing knives, pencil sharpeners and blades therefor",Fr. per 100 kg gross,1,0.00,1988-01-01
82142000,80,2,manicure or pedicure sets and instruments (including nail files),Fr. per 100 kg gross,1,0.00,1988-01-01
82149000,80,2,other,Fr. per 100 kg gross,1,0.00,1988-01-01
8215,80,1,"Spoons, forks, ladles, skimmers, cake-servers, fish-knives, butter-knives, sugar tongs and similar kitchen or tableware:",,0,,1988-01-01
82151000,80,2,sets of assorted articles containing at least one article plated with precious metal,Fr. per 100 kg gross,1,0.00,1988-01-01
82152000,80,2,other sets of assorted articles,Fr. per 100 kg gross,1,0.00,1988-01-01
,10,2,other:,,,,1988-01-01
82159100,80,3,plated with precious metal,Fr. per 100 kg gross,1,0.00,1988-01-01
82159900,80,3,other,Fr. per 100 kg gross,1,0.00,1988-01-01
83,80,0,Miscellaneous articles of base metal,,0,,1988-01-01
8301,80,1,"Padlocks and locks (key, combination or electrically operated), of base metal; clasps and frames with clasps, incorporating locks, of base metal; keys for any of the foregoing articles, of base metal:",,0,,1988-01-01
83011000,80,2,padlocks,Fr. per 100 kg gross,1,0.00,1988-01-01
83012000,80,2,locks of a kind used for motor vehicles,Fr. per 100 kg gross,1,0.00,1988-01-01
83013000,80,2,locks of a kind used for furniture,Fr. per 100 kg gross,1,0.00,1988-01-01
83014000,80,2,other locks,Fr. per 100 kg gross,1,0.00,1988-01-01
83015000,80,2,"clasps and frames with clasps, incorporating locks",Fr. per 100 kg gross,1,0.00,1988-01-01
83016000,80,2,parts,Fr. per 100 kg gross,1,0.00,1988-01-01
83017000,80,2,keys presented separately,Fr. per 100 kg gross,1,0.00,1988-01-01
8302,80,1,"Base metal mountings, fittings and similar articles suitable for furniture, doors, staircases, windows, blinds, coachwork, saddlery, trunks, chests, caskets or the like; base metal hat-racks, hat-pegs, brackets and similar fixtures; castors with mountings of base metal; automatic door closers of base metal:",,0,,1988-01-01
83021000,80,2,hinges,Fr. per 100 kg gross,1,0.00,2024-01-01
83022000,80,2,castors,Fr. per 100 kg gross,1,0.00,2024-01-01
83023000,80,2,"other mountings, fittings and similar articles suitable for motor vehicles",Fr. per 100 kg gross,1,0.00,2024-01-01
,10,2,"other mountings, fittings and similar articles:",,,,1988-01-01
83024100,80,3,suitable for buildings,Fr. per 100 kg gross,1,0.00,2024-01-01
83024200,80,3,"other, suitable for furniture",Fr. per 100 kg gross,1,0.00,2024-01-01
83024900,80,3,other,Fr. per 100 kg gross,1,0.00,2024-01-01
83025000,80,2,"hat-racks, hat-pegs, brackets and similar fixtures",Fr. per 100 kg gross,1,0.00,2024-01-01
83026000,80,2,automatic door closers,Fr. per 100 kg gross,1,0.00,2024-01-01
83030000,80,1,"Armoured or reinforced safes, strong-boxes and doors and safe deposit lockers for strong-rooms, cash or deed boxes and the like, of base metal",Fr. per 100 kg gross,1,0.00,1988-01-01
83040000,80,1,"Filing cabinets, card-index cabinets, paper trays, paper rests, pen trays, office-stamp stands and similar office or desk equipment, of base metal, other than office furniture of heading 9403",Fr. per 100 kg gross,1,0.00,2024-01-01
8305,80,1,"Fittings for loose-leaf binders or files, letter clips, letter corners, paper clips, indexing tags and similar office articles, of base metal; staples in strips (for example, for offices, upholstery, packaging), of base metal:",,0,,1988-01-01
83051000,80,2,fittings for loose-leaf binders or files,Fr. per 100 kg gross,1,0.00,1988-01-01
83052000,80,2,staples in strips,Fr. per 100 kg gross,1,0.00,1988-01-01
83059000,80,2,"other, including parts",Fr. per 100 kg gross,1,0.00,1988-01-01
8306,80,1,"Bells, gongs and the like, non-electric, of base metal; statuettes and other ornaments, of base metal; photograph, picture or similar frames, of base metal; mirrors of base metal:",,0,,1988-01-01
83061000,80,2,"bells, gongs and the like",Fr. per 100 kg gross,1,0.00,1988-01-01
,10,2,statuettes and other ornaments:,,,,1988-01-01
83062100,80,3,plated with precious metal,Fr. per 100 kg gross,1,0.00,1988-01-01
83062900,80,3,other,Fr. per 100 kg gross,1,0.00,1988-01-01
83063000,80,2,"photograph, picture or similar frames; mirrors",Fr. per 100 kg gross,1,0.00,1988-01-01
8307,80,1,"Flexible tubing of base metal, with or without fittings:",,0,,1988-01-01
83071000,80,2,of iron or steel,Fr. per 100 kg gross,1,0.00,1988-01-01
83079000,80,2,of other base metal,Fr. per 100 kg gross,1,0.00,1988-01-01
8308,80,1,"Clasps, frames with clasps, buckles, buckle-clasps, hooks, eyes, eyelets and the like, of base metal, of a kind used for clothing or clothing accessories, footwear, jewellery, wrist watches, books, awnings, leather goods, travel goods or saddlery or for other made up articles; tubular or bifurcated rivets, of base metal; beads and spangles, of base metal:",,0,,1988-01-01
83081000,80,2,"hooks, eyes and eyelets",Fr. per 100 kg gross,1,0.00,1988-01-01
83082000,80,2,tubular or bifurcated rivets,Fr. per 100 kg gross,1,0.00,1988-01-01
83089000,80,2,"other, including parts",Fr. per 100 kg gross,1,0.00,1988-01-01
8309,80,1,"Stoppers, caps and lids (including crown corks, screw caps and pouring stoppers), capsules for bottles, threaded bungs, bung covers, seals and other packing accessories, of base metal:",,0,,1988-01-01
83091000,80,2,crown corks,Fr. per 100 kg gross,1,0.00,2024-01-01
83099000,80,2,other,Fr. per 100 kg gross,1,0.00,2024-01-01
83100000,80,1,"Sign-plates, name-plates, address-plates and similar plates, numbers, letters and other symbols, of base metal, excluding those of heading 9405",Fr. per 100 kg gross,1,0.00,2024-01-01
8311,80,1,"Wire, rods, tubes, plates, electrodes and similar products, of base metal or of metal carbides, coated or cored with flux material, of a kind used for soldering, brazing, welding or deposition of metal or of metal carbides; wire and rods, of agglomerated base metal powder, used for metal spraying:",,0,,1988-01-01
83111000,80,2,"coated electrodes of base metal, for electric arc-welding",Fr. per 100 kg gross,1,0.00,1988-01-01
83112000,80,2,"cored wire of base metal, for electric arc-welding",Fr. per 100 kg gross,1,0.00,1988-01-01
83113000,80,2,"coated rods and cored wire, of base metal, for soldering, brazing or welding by flame",Fr. per 100 kg gross,1,0.00,1988-01-01
83119000,80,2,other,Fr. per 100 kg gross,1,0.00,1988-01-01
84,80,0,"Nuclear reactors, boilers, machinery and mechanical appliances; parts thereof",,0,,1988-01-01
8401,80,1,"Nuclear reactors; fuel elements (cartridges), non-irradiated, for nuclear reactors; machinery and apparatus for isotopic separation:",,0,,1988-01-01
84011000,80,2,nuclear reactors,Fr. per 100 kg gross,1,0.00,1988-01-01
84012000,80,2,"machinery and apparatus for isotopic separation, and parts thereof",Fr. per 100 kg gross,1,0.00,1988-01-01
84013000,80,2,"fuel elements (cartridges), non-irradiated",Fr. per 100 kg gross,1,0.00,1988-01-01
84014000,80,2,parts of nuclear reactors,Fr. per 100 kg gross,1,0.00,1988-01-01
8402,80,1,Steam or other vapour generating boilers (other than central heating hot water boilers capable also of producing low pressure steam); super-heated water boilers:,,0,,1988-01-01
,10,2,steam or other vapour generating boilers:,,,,1988-01-01
84021100,80,3,watertube boilers with a steam production exceeding 45 t per hour,Fr. per 100 kg gross,1,0.00,1988-01-01
84021200,80,3,watertube boilers with a steam production not exceeding 45 t per hour,Fr. per 100 kg gross,1,0.00,1988-01-01
84021900,80,3,"other vapour generating boilers, including hybrid boilers",Fr. per 100 kg gross,1,0.00,2024-01-01
84022000,80,2,super-heated water boilers,Fr. per 100 kg gross,1,0.00,2024-01-01
84029000,80,2,parts,Fr. per 100 kg gross,1,0.00,2024-01-01
8403,80,1,Central heating boilers other than those of heading 8402:,,0,,1988-01-01
84031000,80,2,boilers,Fr. per 100 kg gross,1,0.00,2024-01-01
84039000,80,2,parts,Fr. per 100 kg gross,1,0.00,2024-01-01
8404,80,1,"Auxiliary plant for use with boilers of heading 8402 or 8403 (for example, economisers, super-heaters, soot removers, gas recoverers); condensers for steam or other vapour power units:",,0,,1988-01-01
84041000,80,2,auxiliary plant for use with boilers of heading 8402 or 8403,Fr. per 100 kg gross,1,0.00,1988-01-01
84042000,80,2,condensers for steam or other vapour power units,Fr. per 100 kg gross,1,0.00,1988-01-01
84049000,80,2,parts,Fr. per 100 kg gross,1,0.00,2024-01-01
8405,80,1,"Producer gas or water gas generators, with or without their purifiers; acetylene gas generators and similar water process gas generators, with or without their purifiers:",,0,,1988-01-01
84051000,80,2,"producer gas or water gas generators, with or without their purifiers; acetylene gas generators and similar water process gas generators, with or without their purifiers",Fr. per 100 kg gross,1,0.00,1988-01-01
84059000,80,2,parts,Fr. per 100 kg gross,1,0.00,1988-01-01
8406,80,1,Steam turbines and other vapour turbines:,,0,,1988-01-01
84061000,80,2,turbines for marine propulsion,Fr. per 100 kg gross,1,0.00,2024-01-01
,10,2,other turbines:,,,,1996-01-01
84068100,80,3,of an output exceeding 40 MW,Fr. per 100 kg gross,1,0.00,1996-01-01
84068200,80,3,of an output not exceeding 40 MW,Fr. per 100 kg gross,1,0.00,2024-01-01
84069000,80,2,parts,Fr. per 100 kg gross,1,0.00,2024-01-01
8407,80,1,Spark-ignition reciprocating or rotary internal combustion piston engines:,,0,,1988-01-01
84071000,80,2,aircraft engines,Fr. per 100 kg gross,1,0.00,1988-01-01
,10,2,marine propulsion engines:,,,,1988-01-01
84072100,80,3,outboard motors,Fr. per 100 kg gross,1,0.00,1988-01-01
84072900,80,3,other,Fr. per 100 kg gross,1,0.00,2024-01-01
,10,2,reciprocating piston engines of a kind used for the propulsion of vehicles of Chapter 87:,,,,1988-01-01
84073100,80,3,of a cylinder capacity not exceeding 50 cc,Fr. per 100 kg gross,1,0.00,1988-01-01
84073200,80,3,of a cylinder capacity exceeding 50 cc but not exceeding 250 cc,Fr. per 100 kg gross,1,0.00,1988-01-01
84073300,80,3,of a cylinder capacity exceeding 250 cc but not exceeding 1000 cc,Fr. per 100 kg gross,1,0.00,2024-01-01
84073400,80,3,of a cylinder capacity exceeding 1000 cc,Fr. per 100 kg gross,1,0.00,2024-01-01
84079000,80,2,other engines,Fr. per 100 kg gross,1,0.00,2024-01-01
8408,80,1,Compression-ignition internal combustion piston engines (diesel or semi-diesel engines):,,0,,1988-01-01
84081000,80,2,marine propulsion engines,Fr. per 100 kg gross,1,0.00,2024-01-01
84082000,80,2,engines of a kind used for the propulsion of vehicles of Chapter 87,Fr. per 100 kg gross,1,0.00,2024-01-01
84089000,80,2,other engines,Fr. per 100 kg gross,1,0.00,2024-01-01
8409,80,1,Parts suitable for use solely or principally with the engines of heading 8407 or 8408:,,0,,1988-01-01
84091000,80,2,for aircraft engines,Fr. per 100 kg gross,1,0.00,1988-01-01
,10,2,other:,,,,1988-01-01
84099100,80,3,suitable for use solely or principally with spark-ignition internal combustion piston engines,Fr. per 100 kg gross,1,0.00,2024-01-01
84099900,80,3,other,Fr. per 100 kg gross,1,0.00,2024-01-01
8410,80,1,"Hydraulic turbines, water wheels, and regulators therefor:",,0,,1988-01-01
,10,2,hydraulic turbines and water wheels:,,,,1988-01-01
84101100,80,3,of a power not exceeding 1000 kW,Fr. per 100 kg gross,1,0.00,1988-01-01
84101200,80,3,of a power exceeding 1000 kW but not exceeding 10000 kW,Fr. per 100 kg gross,1,0.00,1988-01-01
84101300,80,3,of a power exceeding 10000 kW,Fr. per 100 kg gross,1,0.00,1988-01-01
84109000,80,2,"parts, including regulators",Fr. per 100 kg gross,1,0.00,2024-01-01
8411,80,1,"Turbo-jets, turbo-propellers and other gas turbines:",,0,,1988-01-01
,10,2,turbo-jets:,,,,1988-01-01
84111100,80,3,of a thrust not exceeding 25 kN,Fr. per 100 kg gross,1,0.00,1988-01-01
84111200,80,3,of a thrust exceeding 25 kN,Fr. per 100 kg gross,1,0.00,1988-01-01
,10,2,turbo-propellers:,,,,1988-01-01
84112100,80,3,of a power not exceeding 1100 kW,Fr. per 100 kg gross,1,0.00,1988-01-01
84112200,80,3,of a power exceeding 1100 kW,Fr. per 100 kg gross,1,0.00,1988-01-01
,10,2,other gas turbines:,,,,1988-01-01
84118100,80,3,of a power not exceeding 5000 kW,Fr. per 100 kg gross,1,0.00,2024-01-01
84118200,80,3,of a power exceeding 5000 kW,Fr. per 100 kg gross,1,0.00,1988-01-01
,10,2,parts:,,,,1988-01-01
84119100,80,3,of turbo-jets or turbo-propellers,Fr. per 100 kg gross,1,0.00,1988-01-01
84119900,80,3,other,Fr. per 100 kg gross,1,0.00,1988-01-01
8412,80,1,Other engines and motors:,,0,,1988-01-01
84121000,80,2,reaction engines other than turbo-jets,Fr. per 100 kg gross,1,0.00,1988-01-01
,10,2,hydraulic power engines and motors:,,,,1988-01-01
84122100,80,3,linear acting (cylinders),Fr. per 100 kg gross,1,0.00,1988-01-01
84122900,80,3,other,Fr. per 100 kg gross,1,0.00,1988-01-01
,10,2,pneumatic power engines and motors:,,,,1988-01-01
84123100,80,3,linear acting (cylinders),Fr. per 100 kg gross,1,0.00,1988-01-01
84123900,80,3,other,Fr. per 100 kg gross,1,0.00,1988-01-01
84128000,80,2,other,Fr. per 100 kg gross,1,0.00,1988-01-01
84129000,80,2,parts,Fr. per 100 kg gross,1,0.00,2024-01-01
8413,80,1,"Pumps for liquids, whether or not fitted with a measuring device; liquid elevators:",,0,,1988-01-01
,10,2,pumps fitted or designed to be fitted with a measuring device:,,,,1988-01-01
84131100,80,3,"pumps for dispensing fuel or lubricants, of the type used in filling stations or in garages",Fr. per 100 kg gross,1,0.00,1988-01-01
84131900,80,3,other,Fr. per 100 kg gross,1,0.00,1988-01-01
84132000,80,2,"hand pumps, other than those of subheading 8413.11 or 8413.19",Fr. per 100 kg gross,1,0.00,1988-01-01
84133000,80,2,"fuel, lubricating or cooling medium pumps for internal combustion piston engines",Fr. per 100 kg gross,1,0.00,1988-01-01
84134000,80,2,concrete pumps,Fr. per 100 kg gross,1,0.00,1988-01-01
84135000,80,2,other reciprocating positive displacement pumps,Fr. per 100 kg gross,1,0.00,2024-01-01
84136000,80,2,other rotary positive displacement pumps,Fr. per 100 kg gross,1,0.00,2024-01-01
84137000,80,2,other centrifugal pumps,Fr. per 100 kg gross,1,0.00,2024-01-01
,10,2,other pumps; liquid elevators:,,,,1988-01-01
84138100,80,3,pumps,Fr. per 100 kg gross,1,0.00,2024-01-01
84138200,80,3,liquid elevators,Fr. per 100 kg gross,1,0.00,2024-01-01
,10,2,parts:,,,,1988-01-01
84139100,80,3,of pumps,Fr. per 100 kg gross,1,0.00,2024-01-01
84139200,80,3,of liquid elevators,Fr. per 100 kg gross,1,0.00,2024-01-01
8414,80,1,"Air or vacuum pumps, air or other gas compressors and fans; ventilating or recycling hoods incorporating a fan, whether or not fitted with filters; gas-tight biological safety cabinets, whether or not fitted with filters:",,0,,1988-01-01
84141000,80,2,vacuum pumps,Fr. per 100 kg gross,1,0.00,2024-01-01
84142000,80,2,hand- or foot-operated air pumps,Fr. per 100 kg gross,1,0.00,1988-01-01
84143000,80,2,compressors of a kind used in refrigerating equipment,Fr. per 100 kg gross,1,0.00,2024-01-01
84144000,80,2,air compressors mounted on a wheeled chassis for towing,Fr. per 100 kg gross,1,0.00,1988-01-01
,10,2,fans:,,,,1988-01-01
84145100,80,3,"table, floor, wall, window, ceiling or roof fans, with a self-contained electric motor of an output not exceeding 125 W",Fr. per 100 kg gross,1,0.00,1988-01-01
84145900,80,3,other,Fr. per 100 kg gross,1,0.00,2024-01-01
84146000,80,2,hoods having a maximum horizontal side not exceeding 120 cm,Fr. per 100 kg gross,1,0.00,1988-01-01
84147000,80,2,gas-tight biological safety cabinets,Fr. per 100 kg gross,1,0.00,2022-01-01
84148000,80,2,other,Fr. per 100 kg gross,1,0.00,2024-01-01
84149000,80,2,parts,Fr. per 100 kg gross,1,0.00,2024-01-01
8415,80,1,"Air conditioning machines, comprising a motor-driven fan and elements for changing the temperature and humidity, including those machines in which the humidity cannot be separately regulated:",,0,,1988-01-01
84151000,80,2,"of a kind designed to be fixed to a window, wall, ceiling or floor, self-contained or «split-system»",Fr. per 100 kg gross,1,0.00,1988-01-01
84152000,80,2,"of a kind used for persons, in motor vehicles",Fr. per 100 kg gross,1,0.00,1996-01-01
,10,2,other:,,,,1996-01-01
84158100,80,3,incorporating a refrigerating unit and a valve for reversal of the cooling/heat cycle (reversible heat pumps),Fr. per 100 kg gross,1,0.00,2024-01-01
84158200,80,3,"other, incorporating a refrigerating unit",Fr. per 100 kg gross,1,0.00,2024-01-01
84158300,80,3,not incorporating a refrigerating unit,Fr. per 100 kg gross,1,0.00,2024-01-01
84159000,80,2,parts,Fr. per 100 kg gross,1,0.00,1988-01-01
8416,80,1,"Furnace burners for liquid fuel, for pulverised solid fuel or for gas; mechanical stokers, including their mechanical grates, mechanical ash dischargers and similar appliances:",,0,,1988-01-01
84161000,80,2,furnace burners for liquid fuel,Fr. per 100 kg gross,1,0.00,2024-01-01
84162000,80,2,"other furnace burners, including combination burners",Fr. per 100 kg gross,1,0.00,2024-01-01
84163000,80,2,"mechanical stokers, including their mechanical grates, mechanical ash dischargers and similar appliances",Fr. per 100 kg gross,1,0.00,2024-01-01
84169000,80,2,parts,Fr. per 100 kg gross,1,0.00,2024-01-01
8417,80,1,"Industrial or laboratory furnaces and ovens, including incinerators, non-electric:",,0,,1988-01-01
84171000,80,2,"furnaces and ovens for the roasting, melting or other heat-treatment of ores, pyrites or of metals",Fr. per 100 kg gross,1,0.00,2024-01-01
84172000,80,2,"bakery ovens, including biscuit ovens",Fr. per 100 kg gross,1,0.00,2024-01-01
84178000,80,2,other,Fr. per 100 kg gross,1,0.00,2024-01-01
84179000,80,2,parts,Fr. per 100 kg gross,1,0.00,2024-01-01
8418,80,1,"Refrigerators, freezers and other refrigerating or freezing equipment, electric or other; heat pumps other than air conditioning machines of heading 8415:",,0,,1988-01-01
84181000,80,2,"combined refrigerator-freezers, fitted with separate external doors or drawers, or combinations thereof",Fr. per 100 kg gross,1,0.00,1988-01-01
,10,2,"refrigerators, household type:",,,,1988-01-01
84182100,80,3,compression-type,Fr. per 100 kg gross,1,0.00,1988-01-01
84182900,80,3,other,Fr. per 100 kg gross,1,0.00,1988-01-01
84183000,80,2,"freezers of the chest type, not exceeding 800 litres capacity",Fr. per 100 kg gross,1,0.00,1988-01-01
84184000,80,2,"freezers of the upright type, not exceeding 900 litres capacity",Fr. per 100 kg gross,1,0.00,1988-01-01
84185000,80,2,"other furniture (chests, cabinets, display counters, show-cases and the like) for storage and display, incorporating refrigerating or freezing equipment",Fr. per 100 kg gross,1,0.00,1988-01-01
,10,2,other refrigerating or freezing equipment; heat pumps:,,,,1988-01-01
84186100,80,3,heat pumps other than air conditioning machines of heading 8415,Fr. per 100 kg gross,1,0.00,2024-01-01
84186900,80,3,other,Fr. per 100 kg gross,1,0.00,2024-01-01
,10,2,parts:,,,,1988-01-01
84189100,80,3,furniture designed to receive refrigerating or freezing equipment,Fr. per 100 kg gross,1,0.00,1988-01-01
84189900,80,3,other,Fr. per 100 kg gross,1,0.00,2024-01-01
8419,80,1,"Machinery, plant or laboratory equipment, whether or not electrically heated (excluding furnaces, ovens and other equipment of heading 8514), for the treatment of materials by a process involving a change of temperature such as heating, cooking, roasting, distilling, rectifying, sterilising, pasteurising, steaming, drying, evaporating, vaporising, condensing or cooling, other than machinery or plant of a kind used for domestic purposes; instantaneous or storage water heaters, non-electric:",,0,,1988-01-01
,10,2,"instantaneous or storage water heaters, non-electric:",,,,1988-01-01
84191100,80,3,instantaneous gas water heaters,Fr. per 100 kg gross,1,0.00,2024-01-01
84191200,80,3,solar water heaters,Fr. per 100 kg gross,1,0.00,2024-01-01
84191900,80,3,other,Fr. per 100 kg gross,1,0.00,2024-01-01
84192000,80,2,"medical, surgical or laboratory sterilisers",Fr. per 100 kg gross,1,0.00,2007-01-01
,10,2,dryers:,,,,1988-01-01
84193300,80,3,"lyophilisation apparatus, freeze drying units and spray dryers",Fr. per 100 kg gross,1,0.00,2022-01-01
84193400,80,3,"other, for agricultural products",Fr. per 100 kg gross,1,0.00,2022-01-01
84193500,80,3,"other, for wood, paper pulp, paper or paperboard",Fr. per 100 kg gross,1,0.00,2022-01-01
84193900,80,3,other,Fr. per 100 kg gross,1,0.00,1988-01-01
84194000,80,2,distilling or rectifying plant,Fr. per 100 kg gross,1,0.00,2024-01-01
84195000,80,2,heat exchange units,Fr. per 100 kg gross,1,0.00,2024-01-01
84196000,80,2,machinery for liquefying air or other gases,Fr. per 100 kg gross,1,0.00,2024-01-01
,10,2,"other machinery, plant and equipment:",,,,1988-01-01
84198100,80,3,for making hot drinks or for cooking or heating food,Fr. per 100 kg gross,1,0.00,1988-01-01
84198900,80,3,other,Fr. per 100 kg gross,1,0.00,2024-01-01
84199000,80,2,parts,Fr. per 100 kg gross,1,0.00,2024-01-01
8420,80,1,"Calendering or other rolling machines, other than for metals or glass, and cylinders therefor:",,0,,1988-01-01
84201000,80,2,calendering or other rolling machines,Fr. per 100 kg gross,1,0.00,2024-01-01
,10,2,parts:,,,,1988-01-01
84209100,80,3,cylinders,Fr. per 100 kg gross,1,0.00,2024-01-01
84209900,80,3,other,Fr. per 100 kg gross,1,0.00,2024-01-01
8421,80,1,"Centrifuges, including centrifugal dryers; filtering or purifying machinery and apparatus, for liquids or gases:",,0,,1988-01-01
,10,2,"centrifuges, including centrifugal dryers:",,,,1988-01-01
84211100,80,3,cream separators,Fr. per 100 kg gross,1,0.00,1988-01-01
84211200,80,3,clothes-dryers,Fr. per 100 kg gross,1,0.00,2024-01-01
84211900,80,3,other,Fr. per 100 kg gross,1,0.00,2024-01-01
,10,2,filtering or purifying machinery and apparatus for liquids:,,,,1988-01-01
84212100,80,3,for filtering or purifying water,Fr. per 100 kg gross,1,0.00,2024-01-01
84212200,80,3,for filtering or purifying beverages other than water,Fr. per 100 kg gross,1,0.00,2024-01-01
84212300,80,3,oil or petrol-filters for internal combustion engines,Fr. per 100 kg gross,1,0.00,1988-01-01
84212900,80,3,other,Fr. per 100 kg gross,1,0.00,2024-01-01
,10,2,filtering or purifying machinery and apparatus for gases:,,,,1988-01-01
84213100,80,3,intake air filters for internal combustion engines,Fr. per 100 kg gross,1,0.00,1988-01-01
84213200,80,3,"catalytic converters or particulate filters, whether or not combined, for purifying or filtering exhaust gases from internal combustion engines",Fr. per 100 kg gross,1,0.00,2022-01-01
84213900,80,3,other,Fr. per 100 kg gross,1,0.00,2024-01-01
,10,2,parts:,,,,1988-01-01
84219100,80,3,"of centrifuges, including centrifugal dryers",Fr. per 100 kg gross,1,0.00,2024-01-01
84219900,80,3,other,Fr. per 100 kg gross,1,0.00,2024-01-01
8422,80,1,"Dish washing machines; machinery for cleaning or drying bottles or other containers; machinery for filling, closing, sealing or labelling bottles, cans, boxes, bags or other containers; machinery for capsuling bottles, jars, tubes and similar containers; other packing or wrapping machinery (including heat-shrink wrapping machinery); machinery for aerating beverages:",,0,,1988-01-01
,10,2,dish washing machines:,,,,1988-01-01
84221100,80,3,of the household type,Fr. per 100 kg gross,1,0.00,1988-01-01
84221900,80,3,other,Fr. per 100 kg gross,1,0.00,1988-01-01
84222000,80,2,machinery for cleaning or drying bottles or other containers,Fr. per 100 kg gross,1,0.00,2024-01-01
84223000,80,2,"machinery for filling, closing, sealing or labelling bottles, cans, boxes, bags or other containers; machinery for capsuling bottles, jars, tubes and similar containers; machinery for aerating beverages",Fr. per 100 kg gross,1,0.00,2024-01-01
84224000,80,2,other packing or wrapping machinery (including heat-shrink wrapping machinery),Fr. per 100 kg gross,1,0.00,2024-01-01
84229000,80,2,parts,Fr. per 100 kg gross,1,0.00,2024-01-01
8423,80,1,"Weighing machinery (excluding balances of a sensitivity of 5 cg or better), including weight operated counting or checking machines; weighing machine weights of all kinds:",,0,,1988-01-01
84231000,80,2,"personal weighing machines, including baby scales; household scales",Fr. per 100 kg gross,1,0.00,1988-01-01
84232000,80,2,scales for continuous weighing of goods on conveyors,Fr. per 100 kg gross,1,0.00,2024-01-01
84233000,80,2,"constant weight scales and scales for discharging a predetermined weight of material into a bag or container, including hopper scales",Fr. per 100 kg gross,1,0.00,2024-01-01
,10,2,other weighing machinery:,,,,1988-01-01
84238100,80,3,having a maximum weighing capacity not exceeding 30 kg,Fr. per 100 kg gross,1,0.00,2024-01-01
84238200,80,3,having a maximum weighing capacity exceeding 30 kg but not exceeding 5000 kg,Fr. per 100 kg gross,1,0.00,2024-01-01
84238900,80,3,other,Fr. per 100 kg gross,1,0.00,2024-01-01
84239000,80,2,weighing machine weights of all kinds; parts of weighing machinery,Fr. per 100 kg gross,1,0.00,2024-01-01
8424,80,1,"Mechanical appliances (whether or not hand-operated) for projecting, dispersing or spraying liquids or powders; fire extinguishers, whether or not charged; spray guns and similar appliances; steam or sand blasting machines and similar jet projecting machines:",,0,,1996-01-01
84241000,80,2,"fire extinguishers, whether or not charged",Fr. per 100 kg gross,1,0.00,1996-01-01
84242000,80,2,spray guns and similar appliances,Fr. per 100 kg gross,1,0.00,1996-01-01
84243000,80,2,steam or sand blasting machines and similar jet projecting machines,Fr. per 100 kg gross,1,0.00,2024-01-01
,10,2,agricultural or horticultural sprayers:,,,,2017-01-01
84244100,80,3,portable sprayers,Fr. per 100 kg gross,1,0.00,2017-01-01
84244900,80,3,other,Fr. per 100 kg gross,1,0.00,2017-01-01
,10,2,other appliances:,,,,1996-01-01
84248200,80,3,agricultural or horticultural,Fr. per 100 kg gross,1,0.00,2017-01-01
84248900,80,3,other,Fr. per 100 kg gross,1,0.00,2024-01-01
84249000,80,2,parts,Fr. per 100 kg gross,1,0.00,2024-01-01
8425,80,1,Pulley tackle and hoists other than skip hoists; winches and capstans; jacks:,,0,,1988-01-01
,10,2,pulley tackle and hoists other than skip hoists or hoists of a kind used for raising vehicles:,,,,1988-01-01
84251100,80,3,powered by electric motor,Fr. per 100 kg gross,1,0.00,2007-01-01
84251900,80,3,other,Fr. per 100 kg gross,1,0.00,2007-01-01
,10,2,winches; capstans:,,,,1988-01-01
84253100,80,3,powered by electric motor,Fr. per 100 kg gross,1,0.00,2007-01-01
84253900,80,3,other,Fr. per 100 kg gross,1,0.00,2007-01-01
,10,2,jacks; hoists of a kind used for raising vehicles:,,,,1988-01-01
84254100,80,3,built-in jacking systems of a type used in garages,Fr. per 100 kg gross,1,0.00,1988-01-01
84254200,80,3,"other jacks and hoists, hydraulic",Fr. per 100 kg gross,1,0.00,2007-01-01
84254900,80,3,other,Fr. per 100 kg gross,1,0.00,2007-01-01
8426,80,1,"Ships' derricks; cranes, including cable cranes; mobile lifting frames, straddle carriers and works trucks fitted with a crane:",,0,,1988-01-01
,10,2,"overhead travelling cranes, transporter cranes, gantry cranes, bridge cranes, mobile lifting frames and straddle carriers:",,,,1988-01-01
84261100,80,3,overhead travelling cranes on fixed support,Fr. per 100 kg gross,1,0.00,2024-01-01
84261200,80,3,mobile lifting frames on tyres and straddle carriers,Fr. per 100 kg gross,1,0.00,2024-01-01
84261900,80,3,other,Fr. per 100 kg gross,1,0.00,2024-01-01
84262000,80,2,tower cranes,Fr. per 100 kg gross,1,0.00,2024-01-01
84263000,80,2,portal or pedestal jib cranes,Fr. per 100 kg gross,1,0.00,2024-01-01
,10,2,"other machinery, self-propelled:",,,,1988-01-01
84264100,80,3,on tyres,Fr. per 100 kg gross,1,0.00,2024-01-01
84264900,80,3,other,Fr. per 100 kg gross,1,0.00,2024-01-01
,10,2,other machinery:,,,,1988-01-01
84269100,80,3,designed for mounting on road vehicles,Fr. per 100 kg gross,1,0.00,2024-01-01
84269900,80,3,other,Fr. per 100 kg gross,1,0.00,2024-01-01
8427,80,1,Fork-lift trucks; other works trucks fitted with lifting or handling equipment:,,0,,1988-01-01
84271000,80,2,self-propelled trucks powered by an electric motor,Fr. per 100 kg gross,1,0.00,1988-01-01
84272000,80,2,other self-propelled trucks,Fr. per 100 kg gross,1,0.00,1988-01-01
84279000,80,2,other trucks,Fr. per 100 kg gross,1,0.00,1988-01-01
8428,80,1,"Other lifting, handling, loading or unloading machinery (for example, lifts, escalators, conveyors, teleferics):",,0,,1988-01-01
84281000,80,2,lifts and skip hoists,Fr. per 100 kg gross,1,0.00,1988-01-01
84282000,80,2,pneumatic elevators and conveyors,Fr. per 100 kg gross,1,0.00,2024-01-01
,10,2,"other continuous-action elevators and conveyors, for goods or materials:",,,,1988-01-01
84283100,80,3,specially designed for underground use,Fr. per 100 kg gross,1,0.00,1988-01-01
84283200,80,3,"other, bucket type",Fr. per 100 kg gross,1,0.00,2024-01-01
84283300,80,3,"other, belt type",Fr. per 100 kg gross,1,0.00,2024-01-01
84283900,80,3,other,Fr. per 100 kg gross,1,0.00,2024-01-01
84284000,80,2,escalators and moving walkways,Fr. per 100 kg gross,1,0.00,1988-01-01
84286000,80,2,"teleferics, chair-lifts, ski-draglines; traction mechanisms for funiculars",Fr. per 100 kg gross,1,0.00,1988-01-01
84287000,80,2,industrial robots,Fr. per 100 kg gross,1,0.00,2022-01-01
84289000,80,2,other machinery,Fr. per 100 kg gross,1,0.00,1998-01-01
8429,80,1,"Self-propelled bulldozers, angledozers, graders, levellers, scrapers, mechanical shovels, excavators, shovel loaders, tamping machines and road rollers:",,0,,1988-01-01
,10,2,bulldozers and angledozers:,,,,1988-01-01
84291100,80,3,track laying,Fr. per 100 kg gross,1,0.00,1988-01-01
84291900,80,3,other,Fr. per 100 kg gross,1,0.00,1988-01-01
84292000,80,2,graders and levellers,Fr. per 100 kg gross,1,0.00,1988-01-01
84293000,80,2,scrapers,Fr. per 100 kg gross,1,0.00,1988-01-01
84294000,80,2,tamping machines and road rollers,Fr. per 100 kg gross,1,0.00,2024-01-01
,10,2,"mechanical shovels, excavators and shovel loaders:",,,,1988-01-01
84295100,80,3,front-end shovel loaders,Fr. per 100 kg gross,1,0.00,2024-01-01
84295200,80,3,machinery with a 360° revolving superstructure,Fr. per 100 kg gross,1,0.00,2024-01-01
84295900,80,3,other,Fr. per 100 kg gross,1,0.00,2024-01-01
8430,80,1,"Other moving, grading, levelling, scraping, excavating, tamping, compacting, extracting or boring machinery, for earth, minerals or ores; pile-drivers and pile-extractors; snow-ploughs and snow-blowers:",,0,,1988-01-01
84301000,80,2,pile-drivers and pile-extractors,Fr. per 100 kg gross,1,0.00,1988-01-01
84302000,80,2,snow-ploughs and snow-blowers,Fr. per 100 kg gross,1,0.00,1988-01-01
,10,2,coal or rock cutters and tunnelling machinery:,,,,1988-01-01
84303100,80,3,self-propelled,Fr. per 100 kg gross,1,0.00,1988-01-01
84303900,80,3,other,Fr. per 100 kg gross,1,0.00,1988-01-01
,10,2,other boring or sinking machinery:,,,,1988-01-01
84304100,80,3,self-propelled,Fr. per 100 kg gross,1,0.00,1988-01-01
84304900,80,3,other,Fr. per 100 kg gross,1,0.00,1988-01-01
84305000,80,2,"other machinery, self-propelled",Fr. per 100 kg gross,1,0.00,1988-01-01
,10,2,"other machinery, not self-propelled:",,,,1988-01-01
84306100,80,3,tamping or compacting machinery,Fr. per 100 kg gross,1,0.00,1988-01-01
84306900,80,3,other,Fr. per 100 kg gross,1,0.00,1988-01-01
8431,80,1,Parts suitable for use solely or principally with the machinery of headings 8425 to 8430:,,0,,1988-01-01
84311000,80,2,of machinery of heading 8425,Fr. per 100 kg gross,1,0.00,2024-01-01
84312000,80,2,of machinery of heading 8427,Fr. per 100 kg gross,1,0.00,2024-01-01
,10,2,of machinery of heading 8428:,,,,1988-01-01
84313100,80,3,"of lifts, skip hoists or escalators",Fr. per 100 kg gross,1,0.00,2024-01-01
84313900,80,3,other,Fr. per 100 kg gross,1,0.00,1998-01-01
,10,2,"of machinery of heading 8426, 8429 or 8430:",,,,1988-01-01
84314100,80,3,"buckets, shovels, grabs and grips",Fr. per 100 kg gross,1,0.00,1988-01-01
84314200,80,3,bulldozer or angledozer blades,Fr. per 100 kg gross,1,0.00,1988-01-01
84314300,80,3,parts for boring or sinking machinery of subheading 8430.41 or 8430.49,Fr. per 100 kg gross,1,0.00,1988-01-01
84314900,80,3,other,Fr. per 100 kg gross,1,0.00,2024-01-01
8432,80,1,"Agricultural, horticultural or forestry machinery for soil preparation or cultivation; lawn or sports-ground rollers:",,0,,1988-01-01
84321000,80,2,ploughs,Fr. per 100 kg gross,1,0.00,1988-01-01
,10,2,"harrows, scarifiers, cultivators, weeders and hoes:",,,,1988-01-01
84322100,80,3,disc harrows,Fr. per 100 kg gross,1,0.00,1988-01-01
84322900,80,3,other,Fr. per 100 kg gross,1,0.00,1988-01-01
,10,2,"seeders, planters and transplanters:",,,,2017-01-01
84323100,80,3,"no-till direct seeders, planters and transplanters",Fr. per 100 kg gross,1,0.00,2017-01-01
84323900,80,3,other,Fr. per 100 kg gross,1,0.00,2017-01-01
,10,2,manure spreaders and fertiliser distributors:,,,,2017-01-01
84324100,80,3,manure spreaders,Fr. per 100 kg gross,1,0.00,2017-01-01
84324200,80,3,fertiliser distributors,Fr. per 100 kg gross,1,0.00,2017-01-01
84328000,80,2,other machinery,Fr. per 100 kg gross,1,0.00,1988-01-01
84329000,80,2,parts,Fr. per 100 kg gross,1,0.00,1988-01-01
8433,80,1,"Harvesting or threshing machinery, including straw or fodder balers; grass or hay mowers; machines for cleaning, sorting or grading eggs, fruit or other agricultural produce, other than machinery of heading 8437:",,0,,1988-01-01
,10,2,"mowers for lawns, parks or sports-grounds:",,,,1988-01-01
84331100,80,3,"powered, with the cutting device rotating in a horizontal plane",Fr. per 100 kg gross,1,0.00,1988-01-01
84331900,80,3,other,Fr. per 100 kg gross,1,0.00,1988-01-01
84332000,80,2,"other mowers, including cutter bars for tractor mounting",Fr. per 100 kg gross,1,0.00,1988-01-01
84333000,80,2,other haymaking machinery,Fr. per 100 kg gross,1,0.00,1988-01-01
84334000,80,2,"straw or fodder balers, including pick-up balers",Fr. per 100 kg gross,1,0.00,1988-01-01
,10,2,other harvesting machinery; threshing machinery:,,,,1988-01-01
84335100,80,3,combine harvester-threshers,Fr. per 100 kg gross,1,0.00,1988-01-01
84335200,80,3,other threshing machinery,Fr. per 100 kg gross,1,0.00,1988-01-01
84335300,80,3,root or tuber harvesting machines,Fr. per 100 kg gross,1,0.00,1988-01-01
84335900,80,3,other,Fr. per 100 kg gross,1,0.00,1988-01-01
84336000,80,2,"machines for cleaning, sorting or grading eggs, fruit or other agricultural produce",Fr. per 100 kg gross,1,0.00,1988-01-01
84339000,80,2,parts,Fr. per 100 kg gross,1,0.00,1988-01-01
8434,80,1,Milking machines and dairy machinery:,,0,,1988-01-01
84341000,80,2,milking machines,Fr. per 100 kg gross,1,0.00,1988-01-01
84342000,80,2,dairy machinery,Fr. per 100 kg gross,1,0.00,1988-01-01
84349000,80,2,parts,Fr. per 100 kg gross,1,0.00,1988-01-01
8435,80,1,"Presses, crushers and similar machinery used in the manufacture of wine, cider, fruit juices or similar beverages:",,0,,1988-01-01
84351000,80,2,machinery,Fr. per 100 kg gross,1,0.00,1988-01-01
84359000,80,2,parts,Fr. per 100 kg gross,1,0.00,1988-01-01
8436,80,1,"Other agricultural, horticultural, forestry, poultry-keeping or bee-keeping machinery, including germination plant fitted with mechanical or thermal equipment; poultry incubators and brooders:",,0,,1988-01-01
84361000,80,2,machinery for preparing animal feeding stuffs,Fr. per 100 kg gross,1,0.00,1988-01-01
,10,2,poultry-keeping machinery; poultry incubators and brooders:,,,,1988-01-01
84362100,80,3,poultry incubators and brooders,Fr. per 100 kg gross,1,0.00,1988-01-01
84362900,80,3,other,Fr. per 100 kg gross,1,0.00,1988-01-01
84368000,80,2,other machinery,Fr. per 100 kg gross,1,0.00,1988-01-01
,10,2,parts:,,,,1988-01-01
84369100,80,3,of poultry-keeping machinery or poultry incubators and brooders,Fr. per 100 kg gross,1,0.00,1988-01-01
84369900,80,3,other,Fr. per 100 kg gross,1,0.00,1988-01-01
8437,80,1,"Machines for cleaning, sorting or grading seed, grain or dried leguminous vegetables; machinery used in the milling industry or for the working of cereals or dried leguminous vegetables, other than farm-type machinery:",,0,,1988-01-01
84371000,80,2,"machines for cleaning, sorting or grading seed, grain or dried leguminous vegetables",Fr. per 100 kg gross,1,0.00,1988-01-01
84378000,80,2,other machinery,Fr. per 100 kg gross,1,0.00,1988-01-01
84379000,80,2,parts,Fr. per 100 kg gross,1,0.00,1988-01-01
8438,80,1,"Machinery, not specified or included elsewhere in this Chapter, for the industrial preparation or manufacture of food or drink, other than machinery for the extraction or preparation of animal or fixed vegetable or microbial fats or oils:",,0,,1988-01-01
84381000,80,2,"bakery machinery and machinery for the manufacture of macaroni, spaghetti or similar products",Fr. per 100 kg gross,1,0.00,2024-01-01
84382000,80,2,"machinery for the manufacture of confectionery, cocoa or chocolate",Fr. per 100 kg gross,1,0.00,2024-01-01
84383000,80,2,machinery for sugar manufacture,Fr. per 100 kg gross,1,0.00,1988-01-01
84384000,80,2,brewery machinery,Fr. per 100 kg gross,1,0.00,1988-01-01
84385000,80,2,machinery for the preparation of meat or poultry,Fr. per 100 kg gross,1,0.00,2024-01-01
84386000,80,2,"machinery for the preparation of fruits, nuts or vegetables",Fr. per 100 kg gross,1,0.00,2024-01-01
84388000,80,2,other machinery,Fr. per 100 kg gross,1,0.00,2024-01-01
84389000,80,2,parts,Fr. per 100 kg gross,1,0.00,1988-01-01
8439,80,1,Machinery for making pulp of fibrous cellulosic material or for making or finishing paper or paperboard:,,0,,1988-01-01
84391000,80,2,machinery for making pulp of fibrous cellulosic material,Fr. per 100 kg gross,1,0.00,1988-01-01
84392000,80,2,machinery for making paper or paperboard,Fr. per 100 kg gross,1,0.00,1988-01-01
84393000,80,2,machinery for finishing paper or paperboard,Fr. per 100 kg gross,1,0.00,1988-01-01
,10,2,parts:,,,,1988-01-01
84399100,80,3,of machinery for making pulp of fibrous cellulosic material,Fr. per 100 kg gross,1,0.00,1988-01-01
84399900,80,3,other,Fr. per 100 kg gross,1,0.00,1988-01-01
8440,80,1,"Book-binding machinery, including book-sewing machines:",,0,,1988-01-01
84401000,80,2,machinery,Fr. per 100 kg gross,1,0.00,1988-01-01
84409000,80,2,parts,Fr. per 100 kg gross,1,0.00,1988-01-01
8441,80,1,"Other machinery for making up paper pulp, paper or paperboard, including cutting machines of all kinds:",,0,,1988-01-01
84411000,80,2,cutting machines,Fr. per 100 kg gross,1,0.00,1988-01-01
84412000,80,2,"machines for making bags, sacks or envelopes",Fr. per 100 kg gross,1,0.00,1988-01-01
84413000,80,2,"machines for making cartons, boxes, cases, tubes, drums or similar containers, other than by moulding",Fr. per 100 kg gross,1,0.00,1988-01-01
84414000,80,2,"machines for moulding articles in paper pulp, paper or paperboard",Fr. per 100 kg gross,1,0.00,1988-01-01
84418000,80,2,other machinery,Fr. per 100 kg gross,1,0.00,1988-01-01
84419000,80,2,parts,Fr. per 100 kg gross,1,0.00,2024-01-01
8442,80,1,"Machinery, apparatus and equipment (other than the machines of headings 8456 to 8465) for preparing or making plates, cylinders or other printing components; plates, cylinders and other printing components; plates, cylinders and lithographic stones, prepared for printing purposes (for example, planed, grained or polished):",,0,,1988-01-01
84423000,80,2,"machinery, apparatus and equipment",Fr. per 100 kg gross,1,0.00,2007-01-01
84424000,80,2,"parts of the foregoing machinery, apparatus or equipment",Fr. per 100 kg gross,1,0.00,2007-01-01
84425000,80,2,"plates, cylinders and other printing components; plates, cylinders and lithographic stones, prepared for printing purposes (for example, planed, grained or polished)",Fr. per 100 kg gross,1,0.00,2017-01-01
8443,80,1,"Printing machinery used for printing by means of plates, cylinders and other printing components of heading 8442; other printers, copying machines and facsimile machines, whether or not combined; parts and accessories thereof:",,0,,1996-01-01
,10,2,"printing machinery used for printing by means of plates, cylinders and other printing components of heading 8442:",,,,2007-01-01
84431100,80,3,"offset printing machinery, reel-fed",Fr. per 100 kg gross,1,0.00,1996-01-01
84431200,80,3,"offset printing machinery, sheet-fed, office type (using sheets with one side not exceeding 22 cm and the other side not exceeding 36 cm in the unfolded state)",Fr. per 100 kg gross,1,0.00,1996-01-01
84431300,80,3,other offset printing machinery,Fr. per 100 kg gross,1,0.00,2007-01-01
84431400,80,3,"letterpress printing machinery, reel fed, excluding flexographic printing",Fr. per 100 kg gross,1,0.00,2007-01-01
84431500,80,3,"letterpress printing machinery, other than reel fed, excluding flexographic printing",Fr. per 100 kg gross,1,0.00,2007-01-01
84431600,80,3,flexographic printing machinery,Fr. per 100 kg gross,1,0.00,2007-01-01
84431700,80,3,gravure printing machinery,Fr. per 100 kg gross,1,0.00,2007-01-01
84431900,80,3,other,Fr. per 100 kg gross,1,0.00,1996-01-01
,10,2,"other printers, copying machines and facsimile machines, whether or not combined:",,,,2007-01-01
84433100,80,3,"machines which perform two or more of the functions of printing, copying or facsimile transmission, capable of connecting to an automatic data processing machine or to a network",Fr. per 100 kg gross,1,0.00,2012-01-01
84433200,80,3,"other, capable of connecting to an automatic data processing machine or to a network",Fr. per 100 kg gross,1,0.00,2007-01-01
84433900,80,3,other,Fr. per 100 kg gross,1,0.00,2017-01-01
,10,2,parts and accessories:,,,,2007-01-01
84439100,80,3,"parts and accessories of printing machinery used for printing by means of plates, cylinders and other printing components of heading 8442",Fr. per 100 kg gross,1,0.00,2007-01-01
84439900,80,3,other,Fr. per 100 kg gross,1,0.00,2007-01-01
84440000,80,1,"Machines for extruding, drawing, texturing or cutting man-made textile materials",Fr. per 100 kg gross,1,0.00,1988-01-01
8445,80,1,"Machines for preparing textile fibres; spinning, doubling or twisting machines and other machinery for producing textile yarns; textile reeling or winding (including weft-winding) machines and machines for preparing textile yarns for use on the machines of heading 8446 or 8447:",,0,,1988-01-01
,10,2,machines for preparing textile fibres:,,,,1988-01-01
84451100,80,3,carding machines,Fr. per 100 kg gross,1,0.00,1988-01-01
84451200,80,3,combing machines,Fr. per 100 kg gross,1,0.00,1988-01-01
84451300,80,3,drawing or roving machines,Fr. per 100 kg gross,1,0.00,1988-01-01
84451900,80,3,other,Fr. per 100 kg gross,1,0.00,1988-01-01
84452000,80,2,textile spinning machines,Fr. per 100 kg gross,1,0.00,1988-01-01
84453000,80,2,textile doubling or twisting machines,Fr. per 100 kg gross,1,0.00,1988-01-01
84454000,80,2,textile winding (including weft-winding) or reeling machines,Fr. per 100 kg gross,1,0.00,1988-01-01
84459000,80,2,other,Fr. per 100 kg gross,1,0.00,1988-01-01
8446,80,1,Weaving machines (looms):,,0,,1988-01-01
84461000,80,2,for weaving fabrics of a width not exceeding 30 cm,Fr. per 100 kg gross,1,0.00,1997-01-01
,10,2,"for weaving fabrics of a width exceeding 30 cm, shuttle type:",,,,1988-01-01
84462100,80,3,power looms,Fr. per 100 kg gross,1,0.00,1988-01-01
84462900,80,3,other,Fr. per 100 kg gross,1,0.00,1988-01-01
84463000,80,2,"for weaving fabrics of a width exceeding 30 cm, shuttleless type",Fr. per 100 kg gross,1,0.00,1992-01-01
8447,80,1,"Knitting machines, stitch-bonding machines and machines for making gimped yarn, tulle, lace, embroidery, trimmings, braid or net and machines for tufting:",,0,,1988-01-01
,10,2,circular knitting machines:,,,,1988-01-01
84471100,80,3,with cylinder diameter not exceeding 165 mm,Fr. per 100 kg gross,1,0.00,1988-01-01
84471200,80,3,with cylinder diameter exceeding 165 mm,Fr. per 100 kg gross,1,0.00,1988-01-01
84472000,80,2,flat knitting machines; stitch-bonding machines,Fr. per 100 kg gross,1,0.00,1988-01-01
84479000,80,2,other,Fr. per 100 kg gross,1,0.00,1988-01-01
8448,80,1,"Auxiliary machinery for use with machines of heading 8444, 8445, 8446 or 8447 (for example, dobbies, Jacquards, automatic stop motions, shuttle changing mechanisms); parts and accessories suitable for use solely or principally with the machines of this heading or of heading 8444, 8445, 8446 or 8447 (for example, spindles and spindle flyers, card clothing, combs, extruding nipples, shuttles, healds and heald-frames, hosiery needles):",,0,,1988-01-01
,10,2,"auxiliary machinery for machines of heading 8444, 8445, 8446 or 8447:",,,,1988-01-01
84481100,80,3,"dobbies and Jacquards; card reducing, copying, punching or assembling machines for use therewith",Fr. per 100 kg gross,1,0.00,1988-01-01
84481900,80,3,other,Fr. per 100 kg gross,1,0.00,1988-01-01
84482000,80,2,parts and accessories of machines of heading 8444 or of their auxiliary machinery,Fr. per 100 kg gross,1,0.00,1988-01-01
,10,2,parts and accessories of machines of heading 8445 or of their auxiliary machinery:,,,,1988-01-01
84483100,80,3,card clothing,Fr. per 100 kg gross,1,0.00,1988-01-01
84483200,80,3,"of machines for preparing textile fibres, other than card clothing",Fr. per 100 kg gross,1,0.00,1988-01-01
84483300,80,3,"spindles, spindle flyers, spinning rings and ring travellers",Fr. per 100 kg gross,1,0.00,1988-01-01
84483900,80,3,other,Fr. per 100 kg gross,1,0.00,1988-01-01
,10,2,parts and accessories of weaving machines (looms) or of their auxiliary machinery:,,,,1988-01-01
84484200,80,3,"reeds for looms, healds and heald-frames",Fr. per 100 kg gross,1,0.00,1988-01-01
84484900,80,3,other,Fr. per 100 kg gross,1,0.00,1988-01-01
,10,2,parts and accessories of machines of heading 8447 or of their auxiliary machinery:,,,,1988-01-01
84485100,80,3,"sinkers, needles and other articles used in forming stitches",Fr. per 100 kg gross,1,0.00,1988-01-01
84485900,80,3,other,Fr. per 100 kg gross,1,0.00,1988-01-01
84490000,80,1,"Machinery for the manufacture or finishing of felt or nonwovens in the piece or in shapes, including machinery for making felt hats; blocks for making hats",Fr. per 100 kg gross,1,0.00,1988-01-01
8450,80,1,"Household or laundry-type washing machines, including machines which both wash and dry:",,0,,1988-01-01
,10,2,"machines, each of a dry linen capacity not exceeding 10 kg:",,,,1988-01-01
84501100,80,3,fully-automatic machines,Fr. per 100 kg gross,1,0.00,1988-01-01
84501200,80,3,"other machines, with built-in centrifugal drier",Fr. per 100 kg gross,1,0.00,1988-01-01
84501900,80,3,other,Fr. per 100 kg gross,1,0.00,1988-01-01
84502000,80,2,"machines, each of a dry linen capacity exceeding 10 kg",Fr. per 100 kg gross,1,0.00,1988-01-01
84509000,80,2,parts,Fr. per 100 kg gross,1,0.00,1988-01-01
8451,80,1,"Machinery (other than machines of heading 8450) for washing, cleaning, wringing, drying, ironing, pressing (including fusing presses), bleaching, dyeing, dressing, finishing, coating or impregnating textile yarns, fabrics or made up textile articles and machines for applying the paste to the base fabric or other support used in the manufacture of floor coverings such as linoleum; machines for reeling, unreeling, folding, cutting or pinking textile fabrics:",,0,,1988-01-01
84511000,80,2,dry-cleaning machines,Fr. per 100 kg gross,1,0.00,1988-01-01
,10,2,drying machines:,,,,1988-01-01
84512100,80,3,each of a dry linen capacity not exceeding 10 kg,Fr. per 100 kg gross,1,0.00,1988-01-01
84512900,80,3,other,Fr. per 100 kg gross,1,0.00,1988-01-01
84513000,80,2,ironing machines and presses (including fusing presses),Fr. per 100 kg gross,1,0.00,1988-01-01
84514000,80,2,"washing, bleaching or dyeing machines",Fr. per 100 kg gross,1,0.00,1988-01-01
84515000,80,2,"machines for reeling, unreeling, folding, cutting or pinking textile fabrics",Fr. per 100 kg gross,1,0.00,1988-01-01
84518000,80,2,other machinery,Fr. per 100 kg gross,1,0.00,1988-01-01
84519000,80,2,parts,Fr. per 100 kg gross,1,0.00,1988-01-01
8452,80,1,"Sewing machines, other than book-sewing machines of heading 8440; furniture, bases and covers specially designed for sewing machines; sewing machine needles:",,0,,1988-01-01
84521000,80,2,sewing machines of the household type,Fr. per 100 kg gross,1,0.00,1997-01-01
,10,2,other sewing machines:,,,,1988-01-01
84522100,80,3,automatic units,Fr. per 100 kg gross,1,0.00,1988-01-01
84522900,80,3,other,Fr. per 100 kg gross,1,0.00,1988-01-01
84523000,80,2,sewing machine needles,Fr. per 100 kg gross,1,0.00,1988-01-01
84529000,80,2,"furniture, bases and covers for sewing machines and parts thereof; other parts of sewing machines",Fr. per 100 kg gross,1,0.00,2012-01-01
8453,80,1,"Machinery for preparing, tanning or working hides, skins or leather or for making or repairing footwear or other articles of hides, skins or leather, other than sewing machines:",,0,,1988-01-01
84531000,80,2,"machinery for preparing, tanning or working hides, skins or leather",Fr. per 100 kg gross,1,0.00,1988-01-01
84532000,80,2,machinery for making or repairing footwear,Fr. per 100 kg gross,1,0.00,1988-01-01
84538000,80,2,other machinery,Fr. per 100 kg gross,1,0.00,1988-01-01
84539000,80,2,parts,Fr. per 100 kg gross,1,0.00,1988-01-01
8454,80,1,"Converters, ladles, ingot moulds and casting machines, of a kind used in metallurgy or in metal foundries:",,0,,1988-01-01
84541000,80,2,converters,Fr. per 100 kg gross,1,0.00,1988-01-01
84542000,80,2,ingot moulds and ladles,Fr. per 100 kg gross,1,0.00,1988-01-01
84543000,80,2,casting machines,Fr. per 100 kg gross,1,0.00,1988-01-01
84549000,80,2,parts,Fr. per 100 kg gross,1,0.00,1988-01-01
8455,80,1,Metal-rolling mills and rolls therefor:,,0,,1988-01-01
84551000,80,2,tube mills,Fr. per 100 kg gross,1,0.00,1988-01-01
,10,2,other rolling mills:,,,,1988-01-01
84552100,80,3,hot or combination hot and cold,Fr. per 100 kg gross,1,0.00,1988-01-01
84552200,80,3,cold,Fr. per 100 kg gross,1,0.00,1988-01-01
84553000,80,2,rolls for rolling mills,Fr. per 100 kg gross,1,0.00,1988-01-01
84559000,80,2,other parts,Fr. per 100 kg gross,1,0.00,1988-01-01
8456,80,1,"Machine-tools for working any material by removal of material, by laser or other light or photon beam, ultrasonic, electro-discharge, electro-chemical, electron beam, ionic-beam or plasma arc processes; water-jet cutting machines:",,0,,1988-01-01
,10,2,operated by laser or other light or photon beam processes:,,,,2017-01-01
84561100,80,3,operated by laser,Fr. per 100 kg gross,1,0.00,2024-01-01
84561200,80,3,operated by other light or photon beam processes,Fr. per 100 kg gross,1,0.00,2024-01-01
84562000,80,2,operated by ultrasonic processes,Fr. per 100 kg gross,1,0.00,2024-01-01
84563000,80,2,operated by electro-discharge processes,Fr. per 100 kg gross,1,0.00,2024-01-01
84564000,80,2,operated by plasma arc processes,Fr. per 100 kg gross,1,0.00,2024-01-01
84565000,80,2,water-jet cutting machines,Fr. per 100 kg gross,1,0.00,2024-01-01
84569000,80,2,other,Fr. per 100 kg gross,1,0.00,2024-01-01
8457,80,1,"Machining centres, unit construction machines (single station) and multi-station transfer machines, for working metal:",,0,,1988-01-01
84571000,80,2,machining centres,Fr. per 100 kg gross,1,0.00,2024-01-01
84572000,80,2,unit construction machines (single station),Fr. per 100 kg gross,1,0.00,2024-01-01
84573000,80,2,multi-station transfer machines,Fr. per 100 kg gross,1,0.00,2024-01-01
8458,80,1,Lathes (including turning centres) for removing metal:,,0,,1988-01-01
,10,2,horizontal lathes:,,,,1988-01-01
84581100,80,3,numerically controlled,Fr. per 100 kg gross,1,0.00,2024-01-01
84581900,80,3,other,Fr. per 100 kg gross,1,0.00,2024-01-01
,10,2,other lathes:,,,,1988-01-01
84589100,80,3,numerically controlled,Fr. per 100 kg gross,1,0.00,2024-01-01
84589900,80,3,other,Fr. per 100 kg gross,1,0.00,2024-01-01
8459,80,1,"Machine-tools (including way-type unit head machines) for drilling, boring, milling, threading or tapping by removing metal, other than lathes (including turning centres) of heading 8458:",,0,,1988-01-01
84591000,80,2,way-type unit head machines,Fr. per 100 kg gross,1,0.00,2024-01-01
,10,2,other drilling machines:,,,,1988-01-01
84592100,80,3,numerically controlled,Fr. per 100 kg gross,1,0.00,2024-01-01
84592900,80,3,other,Fr. per 100 kg gross,1,0.00,2024-01-01
,10,2,other boring-milling machines:,,,,1988-01-01
84593100,80,3,numerically controlled,Fr. per 100 kg gross,1,0.00,2024-01-01
84593900,80,3,other,Fr. per 100 kg gross,1,0.00,2024-01-01
,10,2,other boring machines:,,,,2017-01-01
84594100,80,3,numerically controlled,Fr. per 100 kg gross,1,0.00,2024-01-01
84594900,80,3,other,Fr. per 100 kg gross,1,0.00,2024-01-01
,10,2,"milling machines, knee-type:",,,,1988-01-01
84595100,80,3,numerically controlled,Fr. per 100 kg gross,1,0.00,2024-01-01
84595900,80,3,other,Fr. per 100 kg gross,1,0.00,2024-01-01
,10,2,other milling machines:,,,,1988-01-01
84596100,80,3,numerically controlled,Fr. per 100 kg gross,1,0.00,2024-01-01
84596900,80,3,other,Fr. per 100 kg gross,1,0.00,2024-01-01
84597000,80,2,other threading or tapping machines,Fr. per 100 kg gross,1,0.00,2024-01-01
8460,80,1,"Machine-tools for deburring, sharpening, grinding, honing, lapping, polishing or otherwise finishing metal or cermets by means of grinding stones, abrasives or polishing products, other than gear cutting, gear grinding or gear finishing machines of heading 8461:",,0,,1988-01-01
,10,2,flat-surface grinding machines:,,,,2017-01-01
84601200,80,3,numerically controlled,Fr. per 100 kg gross,1,0.00,2024-01-01
84601900,80,3,other,Fr. per 100 kg gross,1,0.00,2024-01-01
,10,2,other grinding machines:,,,,2017-01-01
84602200,80,3,"centreless grinding machines, numerically controlled",Fr. per 100 kg gross,1,0.00,2024-01-01
84602300,80,3,"other cylindrical grinding machines, numerically controlled",Fr. per 100 kg gross,1,0.00,2024-01-01
84602400,80,3,"other, numerically controlled",Fr. per 100 kg gross,1,0.00,2024-01-01
84602900,80,3,other,Fr. per 100 kg gross,1,0.00,2024-01-01
,10,2,sharpening (tool or cutter grinding) machines:,,,,1988-01-01
84603100,80,3,numerically controlled,Fr. per 100 kg gross,1,0.00,2024-01-01
84603900,80,3,other,Fr. per 100 kg gross,1,0.00,2024-01-01
84604000,80,2,honing or lapping machines,Fr. per 100 kg gross,1,0.00,2024-01-01
84609000,80,2,other,Fr. per 100 kg gross,1,0.00,2024-01-01
8461,80,1,"Machine-tools for planing, shaping, slotting, broaching, gear cutting, gear grinding or gear finishing, sawing, cutting-off and other machine-tools working by removing metal or cermets, not elsewhere specified or included:",,0,,1988-01-01
84612000,80,2,shaping or slotting machines,Fr. per 100 kg gross,1,0.00,2024-01-01
84613000,80,2,broaching machines,Fr. per 100 kg gross,1,0.00,2024-01-01
84614000,80,2,"gear cutting, gear grinding or gear finishing machines",Fr. per 100 kg gross,1,0.00,2024-01-01
84615000,80,2,sawing or cutting-off machines,Fr. per 100 kg gross,1,0.00,2024-01-01
84619000,80,2,other,Fr. per 100 kg gross,1,0.00,2024-01-01
8462,80,1,"Machine-tools (including presses) for working metal by forging, hammering or die forging (excluding rolling mills); machine-tools (including presses, slitting lines and cut-to-length lines) for working metal by bending, folding, straightening, flattening, shearing, punching, notching or nibbling (excluding draw-benches); presses for working metal or metal carbides, not specified above:",,0,,1988-01-01
,10,2,"hot forming machines for forging, die forging (including presses) and hot hammers:",,,,2022-01-01
84621100,80,3,closed die forging machines,Fr. per 100 kg gross,1,0.00,2024-01-01
84621900,80,3,other,Fr. per 100 kg gross,1,0.00,2024-01-01
,10,2,"bending, folding, straightening or flattening machines (including press brakes) for flat products:",,,,2022-01-01
84622200,80,3,profile forming machines,Fr. per 100 kg gross,1,0.00,2024-01-01
84622300,80,3,numerically controlled press brakes,Fr. per 100 kg gross,1,0.00,2024-01-01
84622400,80,3,numerically controlled panel benders,Fr. per 100 kg gross,1,0.00,2024-01-01
84622500,80,3,numerically controlled roll forming machines,Fr. per 100 kg gross,1,0.00,2024-01-01
84622600,80,3,"other numerically controlled bending, folding, straightening or flattening machines",Fr. per 100 kg gross,1,0.00,2024-01-01
84622900,80,3,other,Fr. per 100 kg gross,1,0.00,2024-01-01
,10,2,"slitting lines, cut-to-length lines and other shearing machines (excluding presses) for flat products, other than combined punching and shearing machines:",,,,2022-01-01
84623200,80,3,slitting lines and cut-to-length lines,Fr. per 100 kg gross,1,0.00,2024-01-01
84623300,80,3,numerically controlled shearing machines,Fr. per 100 kg gross,1,0.00,2024-01-01
84623900,80,3,other,Fr. per 100 kg gross,1,0.00,2024-01-01
,10,2,"punching, notching or nibbling machines (excluding presses) for flat products including combined punching and shearing machines:",,,,2022-01-01
84624200,80,3,numerically controlled,Fr. per 100 kg gross,1,0.00,2024-01-01
84624900,80,3,other,Fr. per 100 kg gross,1,0.00,2024-01-01
,10,2,"machines for working tube, pipe, hollow section and bar (excluding presses):",,,,2022-01-01
84625100,80,3,numerically controlled,Fr. per 100 kg gross,1,0.00,2024-01-01
84625900,80,3,other,Fr. per 100 kg gross,1,0.00,2024-01-01
,10,2,cold metal working presses:,,,,2022-01-01
84626100,80,3,hydraulic presses,Fr. per 100 kg gross,1,0.00,2024-01-01
84626200,80,3,mechanical presses,Fr. per 100 kg gross,1,0.00,2024-01-01
84626300,80,3,servo-presses,Fr. per 100 kg gross,1,0.00,2024-01-01
84626900,80,3,other,Fr. per 100 kg gross,1,0.00,2024-01-01
84629000,80,2,other,Fr. per 100 kg gross,1,0.00,2024-01-01
8463,80,1,"Other machine-tools for working metal or cermets, without removing material:",,0,,1988-01-01
84631000,80,2,"draw-benches for bars, tubes, profiles, wire or the like",Fr. per 100 kg gross,1,0.00,2024-01-01
84632000,80,2,thread rolling machines,Fr. per 100 kg gross,1,0.00,2024-01-01
84633000,80,2,machines for working wire,Fr. per 100 kg gross,1,0.00,2024-01-01
84639000,80,2,other,Fr. per 100 kg gross,1,0.00,2024-01-01
8464,80,1,"Machine-tools for working stone, ceramics, concrete, asbestos-cement or like mineral materials or for cold working glass:",,0,,1988-01-01
84641000,80,2,sawing machines,Fr. per 100 kg gross,1,0.00,2024-01-01
84642000,80,2,grinding or polishing machines,Fr. per 100 kg gross,1,0.00,2024-01-01
84649000,80,2,other,Fr. per 100 kg gross,1,0.00,2024-01-01
8465,80,1,"Machine-tools (including machines for nailing, stapling, glueing or otherwise assembling) for working wood, cork, bone, hard rubber, hard plastics or similar hard materials:",,0,,1988-01-01
84651000,80,2,machines which can carry out different types of machining operations without tool change between such operations,Fr. per 100 kg gross,1,0.00,2024-01-01
84652000,80,2,machining centres,Fr. per 100 kg gross,1,0.00,2024-01-01
,10,2,other:,,,,1988-01-01
84659100,80,3,sawing machines,Fr. per 100 kg gross,1,0.00,2024-01-01
84659200,80,3,"planing, milling or moulding (by cutting) machines",Fr. per 100 kg gross,1,0.00,2024-01-01
84659300,80,3,"grinding, sanding or polishing machines",Fr. per 100 kg gross,1,0.00,2024-01-01
84659400,80,3,bending or assembling machines,Fr. per 100 kg gross,1,0.00,2024-01-01
84659500,80,3,drilling or morticing machines,Fr. per 100 kg gross,1,0.00,2024-01-01
84659600,80,3,"splitting, slicing or paring machines",Fr. per 100 kg gross,1,0.00,2024-01-01
84659900,80,3,other,Fr. per 100 kg gross,1,0.00,2024-01-01
8466,80,1,"Parts and accessories suitable for use solely or principally with the machines of headings 8456 to 8465, including work or tool holders, self-opening dieheads, dividing heads and other special attachments for the machines; tool holders for any type of tool for working in the hand:",,0,,1988-01-01
84661000,80,2,tool holders and self-opening dieheads,Fr. per 100 kg gross,1,0.00,1988-01-01
84662000,80,2,work holders,Fr. per 100 kg gross,1,0.00,1988-01-01
84663000,80,2,dividing heads and other special attachments for machines,Fr. per 100 kg gross,1,0.00,1988-01-01
,10,2,other:,,,,1988-01-01
84669100,80,3,for machines of heading 8464,Fr. per 100 kg gross,1,0.00,2024-01-01
84669200,80,3,for machines of heading 8465,Fr. per 100 kg gross,1,0.00,2024-01-01
84669300,80,3,for machines of headings 8456 to 8461,Fr. per 100 kg gross,1,0.00,2024-01-01
84669400,80,3,for machines of heading 8462 or 8463,Fr. per 100 kg gross,1,0.00,2024-01-01
8467,80,1,"Tools for working in the hand, pneumatic, hydraulic or with self-contained electric or non-electric motor:",,0,,1988-01-01
,10,2,pneumatic:,,,,1988-01-01
84671100,80,3,rotary type (including combined rotary-percussion),Fr. per 100 kg gross,1,0.00,1988-01-01
84671900,80,3,other,Fr. per 100 kg gross,1,0.00,1988-01-01
,10,2,with self-contained electric motor:,,,,2002-01-01
84672100,80,3,drills of all kinds,Fr. per 100 kg gross,1,0.00,2002-01-01
84672200,80,3,saws,Fr. per 100 kg gross,1,0.00,2002-01-01
84672900,80,3,other,Fr. per 100 kg gross,1,0.00,2002-01-01
,10,2,other tools:,,,,1988-01-01
84678100,80,3,chain saws,Fr. per 100 kg gross,1,0.00,1988-01-01
84678900,80,3,other,Fr. per 100 kg gross,1,0.00,1996-01-01
,10,2,parts:,,,,1988-01-01
84679100,80,3,of chain saws,Fr. per 100 kg gross,1,0.00,1988-01-01
84679200,80,3,of pneumatic tools,Fr. per 100 kg gross,1,0.00,1988-01-01
84679900,80,3,other,Fr. per 100 kg gross,1,0.00,1988-01-01
8468,80,1,"Machinery and apparatus for soldering, brazing or welding, whether or not capable of cutting, other than those of heading 8515; gas-operated surface tempering machines and appliances:",,0,,1988-01-01
84681000,80,2,hand-held blow pipes,Fr. per 100 kg gross,1,0.00,1988-01-01
84682000,80,2,other gas-operated machinery and apparatus,Fr. per 100 kg gross,1,0.00,1988-01-01
84688000,80,2,other machinery and apparatus,Fr. per 100 kg gross,1,0.00,1988-01-01
84689000,80,2,parts,Fr. per 100 kg gross,1,0.00,2024-01-01
8470,80,1,"Calculating machines and pocket-size data recording, reproducing and displaying machines with calculating functions; accounting machines, postage-franking machines, ticket-issuing machines and similar machines, incorporating a calculating device; cash registers:",,0,,1996-01-01
84701000,80,2,"electronic calculators capable of operation without an external source of electric power and pocket-size data recording, reproducing and displaying machines with calculating functions",Fr. per 100 kg gross,1,0.00,1996-01-01
,10,2,other electronic calculating machines:,,,,1996-01-01
84702100,80,3,incorporating a printing device,Fr. per 100 kg gross,1,0.00,1996-01-01
84702900,80,3,other,Fr. per 100 kg gross,1,0.00,1996-01-01
84703000,80,2,other calculating machines,Fr. per 100 kg gross,1,0.00,1996-01-01
84705000,80,2,cash registers,Fr. per 100 kg gross,1,0.00,1996-01-01
84709000,80,2,other,Fr. per 100 kg gross,1,0.00,1998-01-01
8471,80,1,"Automatic data processing machines and units thereof; magnetic or optical readers, machines for transcribing data onto data media in coded form and machines for processing such data, not elsewhere specified or included:",,0,,1996-01-01
84713000,80,2,"portable automatic data processing machines, weighing not more than 10 kg, consisting of at least a central processing unit, a keyboard and a display",Fr. per 100 kg gross,1,0.00,1996-01-01
,10,2,other automatic data processing machines:,,,,1996-01-01
84714100,80,3,"comprising in the same housing at least a central processing unit and an input and output unit, whether or not combined",Fr. per 100 kg gross,1,0.00,1996-01-01
84714900,80,3,"other, presented in the form of systems",Fr. per 100 kg gross,1,0.00,1996-01-01
84715000,80,2,"processing units other than those of subheading 8471.41 or 8471.49, whether or not containing in the same housing one or two of the following types of unit: storage units, input units, output units",Fr. per 100 kg gross,1,0.00,1996-01-01
84716000,80,2,"input or output units, whether or not containing storage units in the same housing",Fr. per 100 kg gross,1,0.00,1996-01-01
84717000,80,2,storage units,Fr. per 100 kg gross,1,0.00,1996-01-01
84718000,80,2,other units of automatic data processing machines,Fr. per 100 kg gross,1,0.00,1996-01-01
84719000,80,2,other,Fr. per 100 kg gross,1,0.00,1996-01-01
8472,80,1,"Other office machines (for example, hectograph or stencil duplicating machines, addressing machines, automatic banknote dispensers, coin-sorting machines, coin-counting or wrapping machines, pencil-sharpening machines, perforating or stapling machines):",,0,,1996-01-01
84721000,80,2,duplicating machines,Fr. per 100 kg gross,1,0.00,1996-01-01
84723000,80,2,"machines for sorting or folding mail or for inserting mail in envelopes or bands, machines for opening, closing or sealing mail and machines for affixing or cancelling postage stamps",Fr. per 100 kg gross,1,0.00,1996-01-01
84729000,80,2,other,Fr. per 100 kg gross,1,0.00,2024-01-01
8473,80,1,"Parts and accessories (other than covers, carrying cases and the like) suitable for use solely or principally with machines of headings 8470 to 8472:",,0,,1988-01-01
,10,2,parts and accessories of the machines of heading 8470:,,,,1996-01-01
84732100,80,3,"of the electronic calculating machines of subheading 8470.10, 8470.21 or 8470.29",Fr. per 100 kg gross,1,0.00,1996-01-01
84732900,80,3,other,Fr. per 100 kg gross,1,0.00,1996-01-01
84733000,80,2,parts and accessories of the machines of heading 8471,Fr. per 100 kg gross,1,0.00,1998-01-01
84734000,80,2,parts and accessories of the machines of heading 8472,Fr. per 100 kg gross,1,0.00,2017-01-01
84735000,80,2,parts and accessories equally suitable for use with the machines of two or more of the headings 8470 to 8472,Fr. per 100 kg gross,1,0.00,2017-01-01
8474,80,1,"Machinery for sorting, screening, separating, washing, crushing, grinding, mixing or kneading earth, stone, ores or other mineral substances, in solid (including powder or paste) form; machinery for agglomerating, shaping or moulding solid mineral fuels, ceramic paste, unhardened cements, plastering materials or other mineral products in powder or paste form; machines for forming foundry moulds of sand:",,0,,1988-01-01
84741000,80,2,"sorting, screening, separating or washing machines",Fr. per 100 kg gross,1,0.00,1988-01-01
84742000,80,2,crushing or grinding machines,Fr. per 100 kg gross,1,0.00,1988-01-01
,10,2,mixing or kneading machines:,,,,1988-01-01
84743100,80,3,concrete or mortar mixers,Fr. per 100 kg gross,1,0.00,1988-01-01
84743200,80,3,machines for mixing mineral substances with bitumen,Fr. per 100 kg gross,1,0.00,1988-01-01
84743900,80,3,other,Fr. per 100 kg gross,1,0.00,1988-01-01
84748000,80,2,other machinery,Fr. per 100 kg gross,1,0.00,1988-01-01
84749000,80,2,parts,Fr. per 100 kg gross,1,0.00,2024-01-01
8475,80,1,"Machines for assembling electric or electronic lamps, tubes or valves or flashbulbs, in glass envelopes; machines for manufacturing or hot working glass or glassware:",,0,,1988-01-01
84751000,80,2,"machines for assembling electric or electronic lamps, tubes or valves or flashbulbs, in glass envelopes",Fr. per 100 kg gross,1,0.00,1988-01-01
,10,2,machines for manufacturing or hot working glass or glassware:,,,,1996-01-01
84752100,80,3,machines for making optical fibres and preforms thereof,Fr. per 100 kg gross,1,0.00,1996-01-01
84752900,80,3,other,Fr. per 100 kg gross,1,0.00,1996-01-01
84759000,80,2,parts,Fr. per 100 kg gross,1,0.00,2024-01-01
8476,80,1,"Automatic goods-vending machines (for example, postage stamp, cigarette, food or beverage machines), including money-changing machines:",,0,,1988-01-01
,10,2,automatic beverage-vending machines:,,,,1996-01-01
84762100,80,3,incorporating heating or refrigerating devices,Fr. per 100 kg gross,1,0.00,1996-01-01
84762900,80,3,other,Fr. per 100 kg gross,1,0.00,1996-01-01
,10,2,other machines:,,,,1996-01-01
84768100,80,3,incorporating heating or refrigerating devices,Fr. per 100 kg gross,1,0.00,1996-01-01
84768900,80,3,other,Fr. per 100 kg gross,1,0.00,2024-01-01
84769000,80,2,parts,Fr. per 100 kg gross,1,0.00,2024-01-01
8477,80,1,"Machinery for working rubber or plastics or for the manufacture of products from these materials, not specified or included elsewhere in this Chapter:",,0,,1988-01-01
84771000,80,2,injection-moulding machines,Fr. per 100 kg gross,1,0.00,2024-01-01
84772000,80,2,extruders,Fr. per 100 kg gross,1,0.00,2024-01-01
84773000,80,2,blow moulding machines,Fr. per 100 kg gross,1,0.00,2024-01-01
84774000,80,2,vacuum moulding machines and other thermoforming machines,Fr. per 100 kg gross,1,0.00,2024-01-01
,10,2,other machinery for moulding or otherwise forming:,,,,1988-01-01
84775100,80,3,for moulding or retreading pneumatic tyres or for moulding or otherwise forming inner tubes,Fr. per 100 kg gross,1,0.00,2024-01-01
84775900,80,3,other,Fr. per 100 kg gross,1,0.00,2024-01-01
84778000,80,2,other machinery,Fr. per 100 kg gross,1,0.00,2024-01-01
84779000,80,2,parts,Fr. per 100 kg gross,1,0.00,2024-01-01
8478,80,1,"Machinery for preparing or making up tobacco, not specified or included elsewhere in this Chapter:",,0,,1988-01-01
84781000,80,2,machinery,Fr. per 100 kg gross,1,0.00,1988-01-01
84789000,80,2,parts,Fr. per 100 kg gross,1,0.00,1988-01-01
8479,80,1,"Machines and mechanical appliances having individual functions, not specified or included elsewhere in this Chapter:",,0,,1988-01-01
84791000,80,2,"machinery for public works, building or the like",Fr. per 100 kg gross,1,0.00,2024-01-01
84792000,80,2,machinery for the extraction or preparation of animal or fixed vegetable or microbial fats or oils,Fr. per 100 kg gross,1,0.00,1988-01-01
84793000,80,2,presses for the manufacture of particle board or fibre building board of wood or other ligneous materials and other machinery for treating wood or cork,Fr. per 100 kg gross,1,0.00,1988-01-01
84794000,80,2,rope or cable-making machines,Fr. per 100 kg gross,1,0.00,2024-01-01
84795000,80,2,"industrial robots, not elsewhere specified or included",Fr. per 100 kg gross,1,0.00,2024-01-01
84796000,80,2,evaporative air coolers,Fr. per 100 kg gross,1,0.00,1996-01-01
,10,2,passenger boarding bridges:,,,,2012-01-01
84797100,80,3,of a kind used in airports,Fr. per 100 kg gross,1,0.00,2012-01-01
84797900,80,3,other,Fr. per 100 kg gross,1,0.00,2012-01-01
,10,2,other machinery:,,,,1996-01-01
84798100,80,3,"for treating metal, including electric wire coil-winders",Fr. per 100 kg gross,1,0.00,2024-01-01
84798200,80,3,"mixing, kneading, crushing, grinding, screening, sifting, homogenising, emulsifying or stirring machines",Fr. per 100 kg gross,1,0.00,2024-01-01
84798300,80,3,cold isostatic presses,Fr. per 100 kg gross,1,0.00,2024-01-01
84798900,80,3,other,Fr. per 100 kg gross,1,0.00,2024-01-01
84799000,80,2,parts,Fr. per 100 kg gross,1,0.00,2024-01-01
8480,80,1,"Moulding boxes for metal foundry; mould bases; moulding patterns; moulds for metal (other than ingot moulds), metal carbides, glass, mineral materials, rubber or plastics:",,0,,1988-01-01
84801000,80,2,moulding boxes for metal foundry,Fr. per 100 kg gross,1,0.00,1988-01-01
84802000,80,2,mould bases,Fr. per 100 kg gross,1,0.00,1988-01-01
84803000,80,2,moulding patterns,Fr. per 100 kg gross,1,0.00,1988-01-01
,10,2,moulds for metal or metal carbides:,,,,1988-01-01
84804100,80,3,injection or compression types,Fr. per 100 kg gross,1,0.00,1988-01-01
84804900,80,3,other,Fr. per 100 kg gross,1,0.00,1988-01-01
84805000,80,2,moulds for glass,Fr. per 100 kg gross,1,0.00,1988-01-01
84806000,80,2,moulds for mineral materials,Fr. per 100 kg gross,1,0.00,1988-01-01
,10,2,moulds for rubber or plastics:,,,,1988-01-01
84807100,80,3,injection or compression types,Fr. per 100 kg gross,1,0.00,2007-01-01
84807900,80,3,other,Fr. per 100 kg gross,1,0.00,1988-01-01
8481,80,1,"Taps, cocks, valves and similar appliances for pipes, boiler shells, tanks, vats or the like, including pressure-reducing valves and thermostatically controlled valves:",,0,,1988-01-01
84811000,80,2,pressure-reducing valves,Fr. per 100 kg gross,1,0.00,2024-01-01
84812000,80,2,valves for oleohydraulic or pneumatic transmissions,Fr. per 100 kg gross,1,0.00,2024-01-01
84813000,80,2,check (nonreturn) valves,Fr. per 100 kg gross,1,0.00,2024-01-01
84814000,80,2,safety or relief valves,Fr. per 100 kg gross,1,0.00,2024-01-01
84818000,80,2,other appliances,Fr. per 100 kg gross,1,0.00,2024-01-01
84819000,80,2,parts,Fr. per 100 kg gross,1,0.00,2024-01-01
8482,80,1,Ball or roller bearings:,,0,,1988-01-01
84821000,80,2,ball bearings,Fr. per 100 kg gross,1,0.00,2024-01-01
84822000,80,2,"tapered roller bearings, including cone and tapered roller assemblies",Fr. per 100 kg gross,1,0.00,2024-01-01
84823000,80,2,spherical roller bearings,Fr. per 100 kg gross,1,0.00,2024-01-01
84824000,80,2,"needle roller bearings, including cage and needle roller assemblies",Fr. per 100 kg gross,1,0.00,2024-01-01
84825000,80,2,"other cylindrical roller bearings, including cage and roller assemblies",Fr. per 100 kg gross,1,0.00,2024-01-01
84828000,80,2,"other, including combined ball/roller bearings",Fr. per 100 kg gross,1,0.00,2024-01-01
,10,2,parts:,,,,1988-01-01
84829100,80,3,"balls, needles and rollers",Fr. per 100 kg gross,1,0.00,2024-01-01
84829900,80,3,other,Fr. per 100 kg gross,1,0.00,2024-01-01
8483,80,1,"Transmission shafts (including cam shafts and crank shafts) and cranks; bearing housings and plain shaft bearings; gears and gearing; ball or roller screws; gear boxes and other speed changers, including torque converters; flywheels and pulleys, including pulley blocks; clutches and shaft couplings (including universal joints):",,0,,1988-01-01
84831000,80,2,transmission shafts (including cam shafts and crank shafts) and cranks,Fr. per 100 kg gross,1,0.00,2024-01-01
84832000,80,2,"bearing housings, incorporating ball or roller bearings",Fr. per 100 kg gross,1,0.00,1988-01-01
84833000,80,2,"bearing housings, not incorporating ball or roller bearings; plain shaft bearings",Fr. per 100 kg gross,1,0.00,1988-01-01
84834000,80,2,"gears and gearing, other than toothed wheels, chain sprockets and other transmission elements presented separately; ball or roller screws; gear boxes and other speed changers, including torque converters",Fr. per 100 kg gross,1,0.00,2024-01-01
84835000,80,2,"flywheels and pulleys, including pulley blocks",Fr. per 100 kg gross,1,0.00,2024-01-01
84836000,80,2,clutches and shaft couplings (including universal joints),Fr. per 100 kg gross,1,0.00,2024-01-01
84839000,80,2,"toothed wheels, chain sprockets and other transmission elements presented separately; parts",Fr. per 100 kg gross,1,0.00,2024-01-01
8484,80,1,"Gaskets and similar joints of metal sheeting combined with other material or of two or more layers of metal; sets or assortments of gaskets and similar joints, dissimilar in composition, put up in pouches, envelopes or similar packings; mechanical seals:",,0,,1996-01-01
84841000,80,2,gaskets and similar joints of metal sheeting combined with other material or of two or more layers of metal,Fr. per 100 kg gross,1,0.00,1996-01-01
84842000,80,2,mechanical seals,Fr. per 100 kg gross,1,0.00,1996-01-01
84849000,80,2,other,Fr. per 100 kg gross,1,0.00,1996-01-01
8485,80,1,Machines for additive manufacturing:,,0,,2022-01-01
84851000,80,2,by metal deposit,Fr. per 100 kg gross,1,0.00,2022-01-01
84852000,80,2,by plastics or rubber deposit,Fr. per 100 kg gross,1,0.00,2022-01-01
84853000,80,2,"by plaster, cement, ceramics or glass deposit",Fr. per 100 kg gross,1,0.00,2022-01-01
84858000,80,2,other,Fr. per 100 kg gross,1,0.00,2022-01-01
84859000,80,2,parts,Fr. per 100 kg gross,1,0.00,2022-01-01
8486,80,1,"Machines and apparatus of a kind used solely or principally for the manufacture of semiconductor boules or wafers, semiconductor devices, electronic integrated circuits or flat panel displays; machines and apparatus specified in Note 11 C) to this Chapter; parts and accessories:",,0,,2007-01-01
84861000,80,2,machines and apparatus for the manufacture of boules or wafers,Fr. per 100 kg gross,1,0.00,2007-01-01
84862000,80,2,machines and apparatus for the manufacture of semiconductor devices or of electronic integrated circuits,Fr. per 100 kg gross,1,0.00,2007-01-01
84863000,80,2,machines and apparatus for the manufacture of flat panel displays,Fr. per 100 kg gross,1,0.00,2007-01-01
84864000,80,2,machines and apparatus specified in Note 11 C) to this Chapter,Fr. per 100 kg gross,1,0.00,2007-01-01
84869000,80,2,parts and accessories,Fr. per 100 kg gross,1,0.00,2007-01-01
8487,80,1,"Machinery parts, not containing electrical connectors, insulators, coils, contacts or other electrical features, not specified or included elsewhere in this Chapter:",,0,,2007-01-01
84871000,80,2,ships' or boats' propellers and blades therefor,Fr. per 100 kg gross,1,0.00,2024-01-01
84879000,80,2,other,Fr. per 100 kg gross,1,0.00,2024-01-01
85,80,0,"Electrical machinery and equipment and parts thereof; sound recorders and reproducers, television image and sound recorders and reproducers, and parts and accessories of such articles",,0,,1988-01-01
8501,80,1,Electric motors and generators (excluding generating sets):,,0,,1988-01-01
85011000,80,2,motors of an output not exceeding 37.5 W,Fr. per 100 kg gross,1,0.00,2024-01-01
85012000,80,2,universal AC/DC motors of an output exceeding 37.5 W,Fr. per 100 kg gross,1,0.00,2024-01-01
,10,2,"other DC motors; DC generators, other than photovoltaic generators:",,,,1988-01-01
85013100,80,3,of an output not exceeding 750 W,Fr. per 100 kg gross,1,0.00,2024-01-01
85013200,80,3,of an output exceeding 750 W but not exceeding 75 kW,Fr. per 100 kg gross,1,0.00,1988-01-01
85013300,80,3,of an output exceeding 75 kW but not exceeding 375 kW,Fr. per 100 kg gross,1,0.00,1988-01-01
85013400,80,3,of an output exceeding 375 kW,Fr. per 100 kg gross,1,0.00,2024-01-01
85014000,80,2,"other AC motors, single-phase",Fr. per 100 kg gross,1,0.00,2024-01-01
,10,2,"other AC motors, multi-phase:",,,,1988-01-01
85015100,80,3,of an output not exceeding 750 W,Fr. per 100 kg gross,1,0.00,2024-01-01
85015200,80,3,of an output exceeding 750 W but not exceeding 75 kW,Fr. per 100 kg gross,1,0.00,1988-01-01
85015300,80,3,of an output exceeding 75 kW,Fr. per 100 kg gross,1,0.00,2024-01-01
,10,2,"AC generators (alternators), other than photovoltaic generators:",,,,1988-01-01
85016100,80,3,of an output not exceeding 75 kVA,Fr. per 100 kg gross,1,0.00,2024-01-01
85016200,80,3,of an output exceeding 75 kVA but not exceeding 375 kVA,Fr. per 100 kg gross,1,0.00,1988-01-01
85016300,80,3,of an output exceeding 375 kVA but not exceeding 750 kVA,Fr. per 100 kg gross,1,0.00,1988-01-01
85016400,80,3,of an output exceeding 750 kVA,Fr. per 100 kg gross,1,0.00,2024-01-01
,10,2,photovoltaic DC generators:,,,,2022-01-01
85017100,80,3,of an output not exceeding 50 W,Fr. per 100 kg gross,1,0.00,2024-01-01
85017200,80,3,of an output exceeding 50 W,Fr. per 100 kg gross,1,0.00,2022-01-01
85018000,80,2,photovoltaic AC generators,Fr. per 100 kg gross,1,0.00,2022-01-01
8502,80,1,Electric generating sets and rotary converters:,,0,,1988-01-01
,10,2,generating sets with compression-ignition internal combustion piston engines (diesel or semi-diesel engines):,,,,1988-01-01
85021100,80,3,of an output not exceeding 75 kVA,Fr. per 100 kg gross,1,0.00,1988-01-01
85021200,80,3,of an output exceeding 75 kVA but not exceeding 375 kVA,Fr. per 100 kg gross,1,0.00,1988-01-01
85021300,80,3,of an output exceeding 375 kVA,Fr. per 100 kg gross,1,0.00,1988-01-01
85022000,80,2,generating sets with spark-ignition internal combustion piston engines,Fr. per 100 kg gross,1,0.00,1988-01-01
,10,2,other generating sets:,,,,1996-01-01
85023100,80,3,wind-powered,Fr. per 100 kg gross,1,0.00,1996-01-01
85023900,80,3,other,Fr. per 100 kg gross,1,0.00,1996-01-01
85024000,80,2,electric rotary converters,Fr. per 100 kg gross,1,0.00,2024-01-01
85030000,80,1,Parts suitable for use solely or principally with the machines of heading 8501 or 8502,Fr. per 100 kg gross,1,0.00,2024-01-01
8504,80,1,"Electrical transformers, static converters (for example, rectifiers) and inductors:",,0,,1988-01-01
85041000,80,2,ballasts for discharge lamps or tubes,Fr. per 100 kg gross,1,0.00,1988-01-01
,10,2,liquid dielectric transformers:,,,,1988-01-01
85042100,80,3,having a power handling capacity not exceeding 650 kVA,Fr. per 100 kg gross,1,0.00,2024-01-01
85042200,80,3,having a power handling capacity exceeding 650 kVA but not exceeding 10000 kVA,Fr. per 100 kg gross,1,0.00,1988-01-01
85042300,80,3,having a power handling capacity exceeding 10000 kVA,Fr. per 100 kg gross,1,0.00,1988-01-01
,10,2,other transformers:,,,,1988-01-01
85043100,80,3,having a power handling capacity not exceeding 1 kVA,Fr. per 100 kg gross,1,0.00,1988-01-01
85043200,80,3,having a power handling capacity exceeding 1 kVA but not exceeding 16 kVA,Fr. per 100 kg gross,1,0.00,2024-01-01
85043300,80,3,having a power handling capacity exceeding 16 kVA but not exceeding 500 kVA,Fr. per 100 kg gross,1,0.00,2024-01-01
85043400,80,3,having a power handling capacity exceeding 500 kVA,Fr. per 100 kg gross,1,0.00,1988-01-01
85044000,80,2,static converters,Fr. per 100 kg gross,1,0.00,2017-01-01
85045000,80,2,other inductors,Fr. per 100 kg gross,1,0.00,2017-01-01
85049000,80,2,parts,Fr. per 100 kg gross,1,0.00,2017-01-01
8505,80,1,"Electro-magnets; permanent magnets and articles intended to become permanent magnets after magnetisation; electro-magnetic or permanent magnet chucks, clamps and similar holding devices; electro-magnetic couplings, clutches and brakes; electro-magnetic lifting heads:",,0,,1988-01-01
,10,2,permanent magnets and articles intended to become permanent magnets after magnetisation:,,,,1988-01-01
85051100,80,3,of metal,Fr. per 100 kg gross,1,0.00,1988-01-01
85051900,80,3,other,Fr. per 100 kg gross,1,0.00,1988-01-01
85052000,80,2,"electro-magnetic couplings, clutches and brakes",Fr. per 100 kg gross,1,0.00,2024-01-01
85059000,80,2,"other, including parts",Fr. per 100 kg gross,1,0.00,2024-01-01
8506,80,1,Primary cells and primary batteries:,,0,,1988-01-01
85061000,80,2,manganese dioxide,Fr. per 100 kg gross,1,0.00,1996-01-01
85063000,80,2,mercuric oxide,Fr. per 100 kg gross,1,0.00,1996-01-01
85064000,80,2,silver oxide,Fr. per 100 kg gross,1,0.00,1996-01-01
85065000,80,2,lithium,Fr. per 100 kg gross,1,0.00,1996-01-01
85066000,80,2,air-zinc,Fr. per 100 kg gross,1,0.00,1996-01-01
85068000,80,2,other primary cells and primary batteries,Fr. per 100 kg gross,1,0.00,1996-01-01
85069000,80,2,parts,Fr. per 100 kg gross,1,0.00,1988-01-01
8507,80,1,"Electric accumulators, including separators therefor, whether or not rectangular (including square):",,0,,1988-01-01
85071000,80,2,"lead-acid, of a kind used for starting piston engines",Fr. per 100 kg gross,1,0.00,1988-01-01
85072000,80,2,other lead-acid accumulators,Fr. per 100 kg gross,1,0.00,1988-01-01
85073000,80,2,nickel-cadmium,Fr. per 100 kg gross,1,0.00,1988-01-01
85075000,80,2,nickel-metal hydride,Fr. per 100 kg gross,1,0.00,2012-01-01
85076000,80,2,lithium-ion,Fr. per 100 kg gross,1,0.00,2012-01-01
85078000,80,2,other accumulators,Fr. per 100 kg gross,1,0.00,1988-01-01
85079000,80,2,parts,Fr. per 100 kg gross,1,0.00,1988-01-01
8508,80,1,Vacuum cleaners:,,0,,2007-01-01
,10,2,with self-contained electric motor:,,,,2007-01-01
85081100,80,3,of a power not exceeding 1500 W and having a dust bag or other receptacle capacity not exceeding 20 l,Fr. per 100 kg gross,1,0.00,2007-01-01
85081900,80,3,other,Fr. per 100 kg gross,1,0.00,2007-01-01
85086000,80,2,other vacuum cleaners,Fr. per 100 kg gross,1,0.00,2007-01-01
85087000,80,2,parts,Fr. per 100 kg gross,1,0.00,2007-01-01
8509,80,1,"Electro-mechanical domestic appliances, with self-contained electric motor, other than vacuum cleaners of heading 8508:",,0,,1988-01-01
85094000,80,2,food grinders and mixers; fruit or vegetable juice extractors,Fr. per 100 kg gross,1,0.00,1988-01-01
85098000,80,2,other appliances,Fr. per 100 kg gross,1,0.00,1988-01-01
85099000,80,2,parts,Fr. per 100 kg gross,1,0.00,1988-01-01
8510,80,1,"Shavers, hair clippers and hair-removing appliances, with self-contained electric motor:",,0,,1996-01-01
85101000,80,2,shavers,Fr. per 100 kg gross,1,0.00,1996-01-01
85102000,80,2,hair clippers,Fr. per 100 kg gross,1,0.00,1996-01-01
85103000,80,2,hair-removing appliances,Fr. per 100 kg gross,1,0.00,1996-01-01
85109000,80,2,parts,Fr. per 100 kg gross,1,0.00,1996-01-01
8511,80,1,"Electrical ignition or starting equipment of a kind used for spark-ignition or compression-ignition internal combustion engines (for example, ignition magnetos, magneto-dynamos, ignition coils, sparking plugs and glow plugs, starter motors); generators (for example, dynamos, alternators) and cut-outs of a kind used in conjunction with such engines:",,0,,1988-01-01
85111000,80,2,sparking plugs,Fr. per 100 kg gross,1,0.00,1988-01-01
85112000,80,2,ignition magnetos; magneto-dynamos; magnetic flywheels,Fr. per 100 kg gross,1,0.00,1988-01-01
85113000,80,2,distributors; ignition coils,Fr. per 100 kg gross,1,0.00,1988-01-01
85114000,80,2,starter motors and dual purpose starter-generators,Fr. per 100 kg gross,1,0.00,1988-01-01
85115000,80,2,other generators,Fr. per 100 kg gross,1,0.00,1988-01-01
85118000,80,2,other equipment,Fr. per 100 kg gross,1,0.00,2024-01-01
85119000,80,2,parts,Fr. per 100 kg gross,1,0.00,2024-01-01
8512,80,1,"Electrical lighting or signalling equipment (excluding articles of heading 8539), windscreen wipers, defrosters and demisters, of a kind used for cycles or motor vehicles:",,0,,1988-01-01
85121000,80,2,lighting or visual signalling equipment of a kind used on bicycles,Fr. per 100 kg gross,1,0.00,1988-01-01
85122000,80,2,other lighting or visual signalling equipment,Fr. per 100 kg gross,1,0.00,1988-01-01
85123000,80,2,sound signalling equipment,Fr. per 100 kg gross,1,0.00,1988-01-01
85124000,80,2,"windscreen wipers, defrosters and demisters",Fr. per 100 kg gross,1,0.00,1988-01-01
85129000,80,2,parts,Fr. per 100 kg gross,1,0.00,1988-01-01
8513,80,1,"Portable electric lamps designed to function by their own source of energy (for example, dry batteries, accumulators, magnetos), other than lighting equipment of heading 8512:",,0,,1988-01-01
85131000,80,2,lamps,Fr. per 100 kg gross,1,0.00,1988-01-01
85139000,80,2,parts,Fr. per 100 kg gross,1,0.00,1988-01-01
8514,80,1,Industrial or laboratory electric furnaces and ovens (including those functioning by induction or dielectric loss); other industrial or laboratory equipment for the heat treatment of materials by induction or dielectric loss:,,0,,1988-01-01
,10,2,resistance heated furnaces and ovens:,,,,2022-01-01
85141100,80,3,hot isostatic presses,Fr. per 100 kg gross,1,0.00,2024-01-01
85141900,80,3,other,Fr. per 100 kg gross,1,0.00,2024-01-01
85142000,80,2,furnaces and ovens functioning by induction or dielectric loss,Fr. per 100 kg gross,1,0.00,2024-01-01
,10,2,other furnaces and ovens:,,,,2022-01-01
85143100,80,3,electron beam furnaces,Fr. per 100 kg gross,1,0.00,2024-01-01
85143200,80,3,plasma and vacuum arc furnaces,Fr. per 100 kg gross,1,0.00,2024-01-01
85143900,80,3,other,Fr. per 100 kg gross,1,0.00,2024-01-01
85144000,80,2,other equipment for the heat treatment of materials by induction or dielectric loss,Fr. per 100 kg gross,1,0.00,2024-01-01
85149000,80,2,parts,Fr. per 100 kg gross,1,0.00,2024-01-01
8515,80,1,"Electric (including electrically heated gas), laser or other light or photon beam, ultrasonic, electron beam, magnetic pulse or plasma arc soldering, brazing or welding machines and apparatus, whether or not capable of cutting; electric machines and apparatus for hot spraying of metals or cermets:",,0,,1988-01-01
,10,2,brazing or soldering machines and apparatus:,,,,1988-01-01
85151100,80,3,soldering irons and guns,Fr. per 100 kg gross,1,0.00,1988-01-01
85151900,80,3,other,Fr. per 100 kg gross,1,0.00,2024-01-01
,10,2,machines and apparatus for resistance welding of metal:,,,,1988-01-01
85152100,80,3,fully or partly automatic,Fr. per 100 kg gross,1,0.00,2024-01-01
85152900,80,3,other,Fr. per 100 kg gross,1,0.00,2024-01-01
,10,2,machines and apparatus for arc (including plasma arc) welding of metals:,,,,1988-01-01
85153100,80,3,fully or partly automatic,Fr. per 100 kg gross,1,0.00,2024-01-01
85153900,80,3,other,Fr. per 100 kg gross,1,0.00,2024-01-01
85158000,80,2,other machines and apparatus,Fr. per 100 kg gross,1,0.00,2024-01-01
85159000,80,2,parts,Fr. per 100 kg gross,1,0.00,2024-01-01
8516,80,1,"Electric instantaneous or storage water heaters and immersion heaters; electric space heating apparatus and soil heating apparatus; electro-thermic hair-dressing apparatus (for example, hair dryers, hair curlers, curling tong heaters) and hand dryers; electric smoothing irons; other electro-thermic appliances of a kind used for domestic purposes; electric heating resistors, other than those of heading 8545:",,0,,1988-01-01
85161000,80,2,electric instantaneous or storage water heaters and immersion heaters,Fr. per 100 kg gross,1,0.00,2024-01-01
,10,2,electric space heating apparatus and electric soil heating apparatus:,,,,1988-01-01
85162100,80,3,storage heating radiators,Fr. per 100 kg gross,1,0.00,1988-01-01
85162900,80,3,other,Fr. per 100 kg gross,1,0.00,2024-01-01
,10,2,electro-thermic hair-dressing or hand-drying apparatus:,,,,1988-01-01
85163100,80,3,hair dryers,Fr. per 100 kg gross,1,0.00,1988-01-01
85163200,80,3,other hair-dressing apparatus,Fr. per 100 kg gross,1,0.00,1988-01-01
85163300,80,3,hand-drying apparatus,Fr. per 100 kg gross,1,0.00,1988-01-01
85164000,80,2,electric smoothing irons,Fr. per 100 kg gross,1,0.00,1988-01-01
85165000,80,2,microwave ovens,Fr. per 100 kg gross,1,0.00,1988-01-01
85166000,80,2,"other ovens; cookers, cooking plates, boiling rings, grillers and roasters",Fr. per 100 kg gross,1,0.00,1988-01-01
,10,2,other electro-thermic appliances:,,,,1988-01-01
85167100,80,3,coffee or tea makers,Fr. per 100 kg gross,1,0.00,1988-01-01
85167200,80,3,toasters,Fr. per 100 kg gross,1,0.00,1988-01-01
85167900,80,3,other,Fr. per 100 kg gross,1,0.00,1988-01-01
85168000,80,2,electric heating resistors,Fr. per 100 kg gross,1,0.00,2024-01-01
85169000,80,2,parts,Fr. per 100 kg gross,1,0.00,1988-01-01
8517,80,1,"Telephone sets, including smartphones and other telephones for cellular networks or for other wireless networks; other apparatus for the transmission or reception of voice, images or other data, including apparatus for communication in a wired or wireless network (such as a local or wide area network), other than transmission or reception apparatus of heading 8443, 8525, 8527 or 8528:",,0,,1996-01-01
,10,2,"telephone sets, including smartphones and other telephones for cellular networks or for other wireless networks:",,,,2007-01-01
85171100,80,3,line telephone sets with cordless handsets,Fr. per 100 kg gross,1,0.00,1996-01-01
85171300,80,3,smartphones,Fr. per 100 kg gross,1,0.00,2022-01-01
85171400,80,3,other telephones for cellular networks or for other wireless networks,Fr. per 100 kg gross,1,0.00,2022-01-01
85171800,80,3,other,Fr. per 100 kg gross,1,0.00,2007-01-01
,10,2,"other apparatus for transmission or reception of voice, images or other data, including apparatus for communication in a wired or wireless network (such as a local or wide area network):",,,,2007-01-01
85176100,80,3,base stations,Fr. per 100 kg gross,1,0.00,2007-01-01
85176200,80,3,"machines for the reception, conversion and transmission or regeneration of voice, images or other data, including switching and routing apparatus",Fr. per 100 kg gross,1,0.00,2007-01-01
85176900,80,3,other,Fr. per 100 kg gross,1,0.00,2007-01-01
,10,2,parts:,,,,2022-01-01
85177100,80,3,aerials and aerial reflectors of all kinds; parts suitable for use therewith,Fr. per 100 kg gross,1,0.00,2022-01-01
85177900,80,3,other,Fr. per 100 kg gross,1,0.00,2022-01-01
8518,80,1,"Microphones and stands therefor; loudspeakers, whether or not mounted in their enclosures; headphones and earphones, whether or not combined with a microphone, and sets consisting of a microphone and one or more loudspeakers; audio-frequency electric amplifiers; electric sound amplifier sets:",,0,,1988-01-01
85181000,80,2,microphones and stands therefor,Fr. per 100 kg gross,1,0.00,2017-01-01
,10,2,"loudspeakers, whether or not mounted in their enclosures:",,,,1988-01-01
85182100,80,3,"single loudspeakers, mounted in their enclosures",Fr. per 100 kg gross,1,0.00,1988-01-01
85182200,80,3,"multiple loudspeakers, mounted in the same enclosure",Fr. per 100 kg gross,1,0.00,1988-01-01
85182900,80,3,other,Fr. per 100 kg gross,1,0.00,2017-01-01
85183000,80,2,"headphones and earphones, whether or not combined with a microphone, and sets consisting of a microphone and one or more loudspeakers",Fr. per 100 kg gross,1,0.00,2017-01-01
85184000,80,2,audio-frequency electric amplifiers,Fr. per 100 kg gross,1,0.00,1988-01-01
85185000,80,2,electric sound amplifier sets,Fr. per 100 kg gross,1,0.00,1988-01-01
85189000,80,2,parts,Fr. per 100 kg gross,1,0.00,2017-01-01
8519,80,1,Sound recording or reproducing apparatus:,,0,,1988-01-01
85192000,80,2,"apparatus operated by coins, banknotes, bank cards, tokens or by other means of payment",Fr. per 100 kg gross,1,0.00,2007-01-01
85193000,80,2,turntables (record-decks),Fr. per 100 kg gross,1,0.00,2007-01-01
,10,2,other apparatus:,,,,2007-01-01
85198100,80,3,"using magnetic, optical or semiconductor media",Fr. per 100 kg gross,1,0.00,2007-01-01
85198900,80,3,other,Fr. per 100 kg gross,1,0.00,2007-01-01
8521,80,1,"Video recording or reproducing apparatus, whether or not incorporating a video tuner:",,0,,1996-01-01
85211000,80,2,magnetic tape-type,Fr. per 100 kg gross,1,0.00,1996-01-01
85219000,80,2,other,Fr. per 100 kg gross,1,0.00,1996-01-01
8522,80,1,Parts and accessories suitable for use solely or principally with the apparatus of headings 8519 or 8521:,,0,,1988-01-01
85221000,80,2,pick-up cartridges,Fr. per 100 kg gross,1,0.00,1988-01-01
85229000,80,2,other,Fr. per 100 kg gross,1,0.00,2017-01-01
8523,80,1,"Discs, tapes, solid-state non-volatile storage devices, «smart cards» and other media for the recording of sound or of other phenomena, whether or not recorded, including matrices and masters for the production of discs, but excluding products of Chapter 37:",,0,,1988-01-01
,10,2,magnetic media:,,,,2007-01-01
85232100,80,3,cards incorporating a magnetic stripe,Fr. per 100 kg gross,1,0.00,2007-01-01
85232900,80,3,other,Fr. per 100 kg gross,1,0.00,2017-01-01
,10,2,optical media:,,,,2012-01-01
85234100,80,3,unrecorded,Fr. per 100 kg gross,1,0.00,2012-01-01
85234900,80,3,other,Fr. per 100 kg gross,1,0.00,2017-01-01
,10,2,semiconductor media:,,,,2007-01-01
85235100,80,3,solid-state non-volatile storage devices,Fr. per 100 kg gross,1,0.00,2007-01-01
85235200,80,3,«smart cards»,Fr. per 100 kg gross,1,0.00,2007-01-01
85235900,80,3,other,Fr. per 100 kg gross,1,0.00,2007-01-01
85238000,80,2,other,Fr. per 100 kg gross,1,0.00,2007-01-01
8524,80,1,"Flat panel display modules, whether or not incorporating touch-sensitive screens:",,0,,2022-01-01
,10,2,without drivers or control circuits:,,,,2022-01-01
85241100,80,3,of liquid crystals,Fr. per 100 kg gross,1,0.00,2022-01-01
85241200,80,3,of organic light-emitting diodes (OLED),Fr. per 100 kg gross,1,0.00,2022-01-01
85241900,80,3,other,Fr. per 100 kg gross,1,0.00,2022-01-01
,10,2,other:,,,,2022-01-01
85249100,80,3,of liquid crystals,Fr. per 100 kg gross,1,0.00,2022-01-01
85249200,80,3,of organic light-emitting diodes (OLED),Fr. per 100 kg gross,1,0.00,2022-01-01
85249900,80,3,other,Fr. per 100 kg gross,1,0.00,2022-01-01
8525,80,1,"Transmission apparatus for radio-broadcasting or television, whether or not incorporating reception apparatus or sound recording or reproducing apparatus; television cameras, digital cameras and video camera recorders:",,0,,1996-01-01
85255000,80,2,transmission apparatus,Fr. per 100 kg gross,1,0.00,2007-01-01
85256000,80,2,transmission apparatus incorporating reception apparatus,Fr. per 100 kg gross,1,0.00,2007-01-01
,10,2,"television cameras, digital cameras and video camera recorders:",,,,2022-01-01
85258100,80,3,high-speed goods as specified in Subheading Note 1 to this Chapter,Fr. per 100 kg gross,1,0.00,2022-01-01
85258200,80,3,"other, radiation-hardened or radiation-tolerant goods as specified in Subheading Note 2 to this Chapter",Fr. per 100 kg gross,1,0.00,2022-01-01
85258300,80,3,"other, night vision goods as specified in Subheading Note 3 to this Chapter",Fr. per 100 kg gross,1,0.00,2022-01-01
85258900,80,3,other,Fr. per 100 kg gross,1,0.00,2022-01-01
8526,80,1,"Radar apparatus, radio navigational aid apparatus and radio remote control apparatus:",,0,,1988-01-01
85261000,80,2,radar apparatus,Fr. per 100 kg gross,1,0.00,1988-01-01
,10,2,other:,,,,1988-01-01
85269100,80,3,radio navigational aid apparatus,Fr. per 100 kg gross,1,0.00,1988-01-01
85269200,80,3,radio remote control apparatus,Fr. per 100 kg gross,1,0.00,1988-01-01
8527,80,1,"Reception apparatus for radio-broadcasting, whether or not combined, in the same housing, with sound recording or reproducing apparatus or a clock:",,0,,1988-01-01
,10,2,radio-broadcast receivers capable of operating without an external source of power:,,,,1988-01-01
85271200,80,3,pocket-size radio-cassette players,Fr. per 100 kg gross,1,0.00,1996-01-01
85271300,80,3,other apparatus combined with sound recording or reproducing apparatus,Fr. per 100 kg gross,1,0.00,1996-01-01
85271900,80,3,other,Fr. per 100 kg gross,1,0.00,1988-01-01
,10,2,"radio-broadcast receivers not capable of operating without an external source of power, of a kind used in motor vehicles:",,,,1988-01-01
85272100,80,3,combined with sound recording or reproducing apparatus,Fr. per 100 kg gross,1,0.00,1988-01-01
85272900,80,3,other,Fr. per 100 kg gross,1,0.00,1988-01-01
,10,2,other:,,,,2007-01-01
85279100,80,3,combined with sound recording or reproducing apparatus,Fr. per 100 kg gross,1,0.00,2007-01-01
85279200,80,3,not combined with sound recording or reproducing apparatus but combined with a clock,Fr. per 100 kg gross,1,0.00,2007-01-01
85279900,80,3,other,Fr. per 100 kg gross,1,0.00,2007-01-01
8528,80,1,"Monitors and projectors, not incorporating television reception apparatus; reception apparatus for television, whether or not incorporating radio-broadcast receivers or sound or video recording or reproducing apparatus:",,0,,1996-01-01
,10,2,cathode-ray tube monitors:,,,,2007-01-01
85284200,80,3,capable of directly connecting to and designed for use with an automatic data processing machine of heading 8471,Fr. per 100 kg gross,1,0.00,2017-01-01
85284900,80,3,other,Fr. per 100 kg gross,1,0.00,2007-01-01
,10,2,other monitors:,,,,2007-01-01
85285200,80,3,capable of directly connecting to and designed for use with an automatic data processing machine of heading 8471,Fr. per 100 kg gross,1,0.00,2017-01-01
85285900,80,3,other,Fr. per 100 kg gross,1,0.00,2007-01-01
,10,2,projectors:,,,,2007-01-01
85286200,80,3,capable of directly connecting to and designed for use with an automatic data processing machine of heading 8471,Fr. per 100 kg gross,1,0.00,2017-01-01
85286900,80,3,other,Fr. per 100 kg gross,1,0.00,2007-01-01
,10,2,"reception apparatus for television, whether or not incorporating radio-broadcast receivers or sound or video recording or reproducing apparatus:",,,,2007-01-01
85287100,80,3,not designed to incorporate a video display or screen,Fr. per 100 kg gross,1,0.00,2017-01-01
85287200,80,3,"other, colour",Fr. per 100 kg gross,1,0.00,2007-01-01
85287300,80,3,"other, monochrome",Fr. per 100 kg gross,1,0.00,2007-01-01
8529,80,1,Parts suitable for use solely or principally with the apparatus of headings 8524 to 8528:,,0,,1988-01-01
85291000,80,2,aerials and aerial reflectors of all kinds; parts suitable for use therewith,Fr. per 100 kg gross,1,0.00,2007-01-01
85299000,80,2,other,Fr. per 100 kg gross,1,0.00,2024-01-01
8530,80,1,"Electrical signalling, safety or traffic control equipment for railways, tramways, roads, inland waterways, parking facilities, port installations or airfields (other than those of heading 8608):",,0,,1988-01-01
85301000,80,2,equipment for railways or tramways,Fr. per 100 kg gross,1,0.00,1988-01-01
85308000,80,2,other equipment,Fr. per 100 kg gross,1,0.00,1988-01-01
85309000,80,2,parts,Fr. per 100 kg gross,1,0.00,1988-01-01
8531,80,1,"Electric sound or visual signalling apparatus (for example, bells, sirens, indicator panels, burglar or fire alarms), other than those of heading 8512 or 8530:",,0,,1988-01-01
85311000,80,2,burglar or fire alarms and similar apparatus,Fr. per 100 kg gross,1,0.00,1988-01-01
85312000,80,2,indicator panels incorporating liquid crystal devices (LCD) or light-emitting diodes (LED),Fr. per 100 kg gross,1,0.00,1988-01-01
85318000,80,2,other apparatus,Fr. per 100 kg gross,1,0.00,2024-01-01
85319000,80,2,parts,Fr. per 100 kg gross,1,0.00,2017-01-01
8532,80,1,"Electrical capacitors, fixed, variable or adjustable (pre-set):",,0,,1988-01-01
85321000,80,2,fixed capacitors designed for use in 50/60 Hz circuits and having a reactive power handling capacity of not less than 0.5 kvar (power capacitors),Fr. per 100 kg gross,1,0.00,1998-01-01
,10,2,other fixed capacitors:,,,,1988-01-01
85322100,80,3,tantalum,Fr. per 100 kg gross,1,0.00,1988-01-01
85322200,80,3,aluminium electrolytic,Fr. per 100 kg gross,1,0.00,1988-01-01
85322300,80,3,"ceramic dielectric, single layer",Fr. per 100 kg gross,1,0.00,1988-01-01
85322400,80,3,"ceramic dielectric, multilayer",Fr. per 100 kg gross,1,0.00,1988-01-01
85322500,80,3,dielectric of paper or plastics,Fr. per 100 kg gross,1,0.00,1998-01-01
85322900,80,3,other,Fr. per 100 kg gross,1,0.00,1998-01-01
85323000,80,2,variable or adjustable (pre-set) capacitors,Fr. per 100 kg gross,1,0.00,1998-01-01
85329000,80,2,parts,Fr. per 100 kg gross,1,0.00,1998-01-01
8533,80,1,"Electrical resistors (including rheostats and potentiometers), other than heating resistors:",,0,,1988-01-01
85331000,80,2,"fixed carbon resistors, composition or film types",Fr. per 100 kg gross,1,0.00,1988-01-01
,10,2,other fixed resistors:,,,,1988-01-01
85332100,80,3,for a power handling capacity not exceeding 20 W,Fr. per 100 kg gross,1,0.00,1988-01-01
85332900,80,3,other,Fr. per 100 kg gross,1,0.00,1998-01-01
,10,2,"wirewound variable resistors, including rheostats and potentiometers:",,,,1988-01-01
85333100,80,3,for a power handling capacity not exceeding 20 W,Fr. per 100 kg gross,1,0.00,1998-01-01
85333900,80,3,other,Fr. per 100 kg gross,1,0.00,1998-01-01
85334000,80,2,"other variable resistors, including rheostats and potentiometers",Fr. per 100 kg gross,1,0.00,1998-01-01
85339000,80,2,parts,Fr. per 100 kg gross,1,0.00,1998-01-01
85340000,80,1,Printed circuits,Fr. per 100 kg gross,1,0.00,2024-01-01
8535,80,1,"Electrical apparatus for switching or protecting electrical circuits, or for making connections to or in electrical circuits (for example, switches, fuses, lightning arresters, voltage limiters, surge suppressors, plugs and other connectors, junction boxes), for a voltage exceeding 1000 volts:",,0,,1988-01-01
85351000,80,2,fuses,Fr. per 100 kg gross,1,0.00,2024-01-01
,10,2,automatic circuit breakers:,,,,1988-01-01
85352100,80,3,for a voltage of less than 72.5 kV,Fr. per 100 kg gross,1,0.00,2024-01-01
85352900,80,3,other,Fr. per 100 kg gross,1,0.00,1988-01-01
85353000,80,2,isolating switches and make-and-break switches,Fr. per 100 kg gross,1,0.00,2024-01-01
85354000,80,2,"lightning arresters, voltage limiters and surge suppressors",Fr. per 100 kg gross,1,0.00,2024-01-01
85359000,80,2,other,Fr. per 100 kg gross,1,0.00,2024-01-01
8536,80,1,"Electrical apparatus for switching or protecting electrical circuits, or for making connections to or in electrical circuits (for example, switches, relays, fuses, surge suppressors, plugs, sockets, lamp-holders and other connectors, junction boxes), for a voltage not exceeding 1000 volts; connectors for optical fibres, optical fibre bundles or cables:",,0,,1988-01-01
85361000,80,2,fuses,Fr. per 100 kg gross,1,0.00,1988-01-01
85362000,80,2,automatic circuit breakers,Fr. per 100 kg gross,1,0.00,2024-01-01
85363000,80,2,other apparatus for protecting electrical circuits,Fr. per 100 kg gross,1,0.00,2017-01-01
,10,2,relays:,,,,1988-01-01
85364100,80,3,for a voltage not exceeding 60 V,Fr. per 100 kg gross,1,0.00,2024-01-01
85364900,80,3,other,Fr. per 100 kg gross,1,0.00,2024-01-01
85365000,80,2,other switches,Fr. per 100 kg gross,1,0.00,2017-01-01
,10,2,"lamp-holders, plugs and sockets:",,,,1988-01-01
85366100,80,3,lamp-holders,Fr. per 100 kg gross,1,0.00,2024-01-01
85366900,80,3,other,Fr. per 100 kg gross,1,0.00,2024-01-01
85367000,80,2,"connectors for optical fibres, optical fibre bundles or cables",Fr. per 100 kg gross,1,0.00,2007-01-01
85369000,80,2,other apparatus,Fr. per 100 kg gross,1,0.00,2024-01-01
8537,80,1,"Boards, panels, consoles, desks, cabinets and other bases, equipped with two or more apparatus of heading 8535 or 8536, for electric control or the distribution of electricity, including those incorporating instruments or apparatus of Chapter 90, and numerical control apparatus, other than switching apparatus of heading 8517:",,0,,1988-01-01
85371000,80,2,for a voltage not exceeding 1000 V,Fr. per 100 kg gross,1,0.00,2024-01-01
85372000,80,2,for a voltage exceeding 1000 V,Fr. per 100 kg gross,1,0.00,1988-01-01
8538,80,1,"Parts suitable for use solely or principally with the apparatus of heading 8535, 8536 or 8537:",,0,,1988-01-01
85381000,80,2,"boards, panels, consoles, desks, cabinets and other bases for the goods of heading 8537, not equipped with their apparatus",Fr. per 100 kg gross,1,0.00,2017-01-01
85389000,80,2,other,Fr. per 100 kg gross,1,0.00,2024-01-01
8539,80,1,"Electric filament or discharge lamps, including sealed beam lamp units and ultra-violet or infra-red lamps; arc lamps; light-emitting diode (LED) light sources:",,0,,1988-01-01
85391000,80,2,sealed beam lamp units,Fr. per 100 kg gross,1,0.00,2024-01-01
,10,2,"other filament lamps, excluding ultra-violet or infra-red lamps:",,,,1988-01-01
85392100,80,3,tungsten halogen,Fr. per 100 kg gross,1,0.00,1988-01-01
85392200,80,3,"other, of a power not exceeding 200 W and for a voltage exceeding 100 V",Fr. per 100 kg gross,1,0.00,1988-01-01
85392900,80,3,other,Fr. per 100 kg gross,1,0.00,1988-01-01
,10,2,"discharge lamps, other than ultra-violet lamps:",,,,1988-01-01
85393100,80,3,"fluorescent, hot cathode",Fr. per 100 kg gross,1,0.00,1988-01-01
85393200,80,3,mercury or sodium vapour lamps; metal halide lamps,Fr. per 100 kg gross,1,0.00,1996-01-01
85393900,80,3,other,Fr. per 100 kg gross,1,0.00,2024-01-01
,10,2,ultra-violet or infra-red lamps; arc lamps:,,,,1996-01-01
85394100,80,3,arc-lamps,Fr. per 100 kg gross,1,0.00,1996-01-01
85394900,80,3,other,Fr. per 100 kg gross,1,0.00,1996-01-01
,10,2,light-emitting diode (LED) light sources:,,,,2022-01-01
85395100,80,3,light-emitting diode (LED) modules,Fr. per 100 kg gross,1,0.00,2022-01-01
85395200,80,3,light-emitting diode (LED) lamps,Fr. per 100 kg gross,1,0.00,2022-01-01
85399000,80,2,parts,Fr. per 100 kg gross,1,0.00,2024-01-01
8540,80,1,"Thermionic, cold cathode or photo-cathode valves and tubes (for example, vacuum or vapour or gas filled valves and tubes, mercury arc rectifying valves and tubes, cathode-ray tubes, television camera tubes):",,0,,1988-01-01
,10,2,"cathode-ray television picture tubes, including video monitor cathode-ray tubes:",,,,1988-01-01
85401100,80,3,colour,Fr. per 100 kg gross,1,0.00,2024-01-01
85401200,80,3,monochrome,Fr. per 100 kg gross,1,0.00,2024-01-01
85402000,80,2,television camera tubes; image converters and intensifiers; other photo-cathode tubes,Fr. per 100 kg gross,1,0.00,1988-01-01
85404000,80,2,"data/graphic display tubes, monochrome; data/graphic display tubes, colour, with a phosphor dot screen pitch smaller than 0.4 mm",Fr. per 100 kg gross,1,0.00,2012-01-01
85406000,80,2,other cathode-ray tubes,Fr. per 100 kg gross,1,0.00,1996-01-01
,10,2,"microwave tubes (for example, magnetrons, klystrons, travelling wave tubes, carcinotrons), excluding grid-controlled tubes:",,,,1996-01-01
85407100,80,3,magnetrons,Fr. per 100 kg gross,1,0.00,1996-01-01
85407900,80,3,other,Fr. per 100 kg gross,1,0.00,1996-01-01
,10,2,other valves and tubes:,,,,1988-01-01
85408100,80,3,receiver or amplifier valves and tubes,Fr. per 100 kg gross,1,0.00,1988-01-01
85408900,80,3,other,Fr. per 100 kg gross,1,0.00,1988-01-01
,10,2,parts:,,,,1988-01-01
85409100,80,3,of cathode-ray tubes,Fr. per 100 kg gross,1,0.00,1988-01-01
85409900,80,3,other,Fr. per 100 kg gross,1,0.00,1988-01-01
8541,80,1,"Semiconductor devices (for example, diodes, transistors, semiconductor-based transducers); photosensitive semiconductor devices, including photovoltaic cells whether or not assembled in modules or made up into panels; light-emitting diodes (LED), whether or not assembled with other light-emitting diodes (LED); mounted piezo-electric crystals:",,0,,1988-01-01
85411000,80,2,"diodes, other than photosensitive or light-emitting diodes (LED)",Fr. per 100 kg gross,1,0.00,1988-01-01
,10,2,"transistors, other than photosensitive transistors:",,,,1988-01-01
85412100,80,3,with a dissipation rate of less than 1 W,Fr. per 100 kg gross,1,0.00,1988-01-01
85412900,80,3,other,Fr. per 100 kg gross,1,0.00,1988-01-01
85413000,80,2,"thyristors, diacs and triacs, other than photosensitive devices",Fr. per 100 kg gross,1,0.00,1988-01-01
,10,2,"photosensitive semiconductor devices, including photovoltaic cells whether or not assembled in modules or made up into panels; light-emitting diodes (LED):",,,,2022-01-01
85414100,80,3,light-emitting diodes (LED),Fr. per 100 kg gross,1,0.00,2022-01-01
85414200,80,3,photovoltaic cells not assembled in modules or made up into panels,Fr. per 100 kg gross,1,0.00,2022-01-01
85414300,80,3,photovoltaic cells assembled in modules or made up into panels,Fr. per 100 kg gross,1,0.00,2022-01-01
85414900,80,3,other,Fr. per 100 kg gross,1,0.00,2022-01-01
,10,2,other semiconductor devices:,,,,2022-01-01
85415100,80,3,semiconductor-based transducers,Fr. per 100 kg gross,1,0.00,2022-01-01
85415900,80,3,other,Fr. per 100 kg gross,1,0.00,2022-01-01
85416000,80,2,mounted piezo-electric crystals,Fr. per 100 kg gross,1,0.00,1988-01-01
85419000,80,2,parts,Fr. per 100 kg gross,1,0.00,1988-01-01
8542,80,1,Electronic integrated circuits:,,0,,1988-01-01
,10,2,electronic integrated circuits:,,,,2007-01-01
85423100,80,3,"processors and controllers, whether or not combined with memories, converters, logic circuits, amplifiers, clock and timing circuits, or other circuits",Fr. per 100 kg gross,1,0.00,2007-01-01
85423200,80,3,memories,Fr. per 100 kg gross,1,0.00,2007-01-01
85423300,80,3,amplifiers,Fr. per 100 kg gross,1,0.00,2007-01-01
85423900,80,3,other,Fr. per 100 kg gross,1,0.00,2007-01-01
85429000,80,2,parts,Fr. per 100 kg gross,1,0.00,1988-01-01
8543,80,1,"Electrical machines and apparatus, having individual functions, not specified or included elsewhere in this Chapter:",,0,,1988-01-01
85431000,80,2,particle accelerators,Fr. per 100 kg gross,1,0.00,2007-01-01
85432000,80,2,signal generators,Fr. per 100 kg gross,1,0.00,2017-01-01
85433000,80,2,"machines and apparatus for electroplating, electrolysis or electrophoresis",Fr. per 100 kg gross,1,0.00,2024-01-01
85434000,80,2,electronic cigarettes and similar personal electric vaporising devices,Fr. per 100 kg gross,1,0.00,2022-01-01
85437000,80,2,other machines and apparatus,Fr. per 100 kg gross,1,0.00,2007-01-01
85439000,80,2,parts,Fr. per 100 kg gross,1,0.00,2017-01-01
8544,80,1,"Insulated (including enamelled or anodised) wire, cable (including co-axial cable) and other insulated electric conductors, whether or not fitted with connectors; optical fibre cables, made up of individually sheathed fibres, whether or not assembled with electric conductors or fitted with connectors:",,0,,1988-01-01
,10,2,winding wire:,,,,1988-01-01
85441100,80,3,of copper,Fr. per 100 kg gross,1,0.00,2024-01-01
85441900,80,3,other,Fr. per 100 kg gross,1,0.00,2024-01-01
85442000,80,2,co-axial cable and other co-axial electric conductors,Fr. per 100 kg gross,1,0.00,2024-01-01
85443000,80,2,"ignition wiring sets and other wiring sets of a kind used in vehicles, aircraft or ships",Fr. per 100 kg gross,1,0.00,1988-01-01
,10,2,"other electric conductors, for a voltage not exceeding 1000 V:",,,,2007-01-01
85444200,80,3,fitted with connectors,Fr. per 100 kg gross,1,0.00,2024-01-01
85444900,80,3,other,Fr. per 100 kg gross,1,0.00,2024-01-01
85446000,80,2,"other electric conductors, for a voltage exceeding 1000 V",Fr. per 100 kg gross,1,0.00,2024-01-01
85447000,80,2,optical fibre cables,Fr. per 100 kg gross,1,0.00,1988-01-01
8545,80,1,"Carbon electrodes, carbon brushes, lamp carbons, battery carbons and other articles of graphite or other carbon, with or without metal, of a kind used for electrical purposes:",,0,,1988-01-01
,10,2,electrodes:,,,,1988-01-01
85451100,80,3,of a kind used for furnaces,Fr. per 100 kg gross,1,0.00,2024-01-01
85451900,80,3,other,Fr. per 100 kg gross,1,0.00,2024-01-01
85452000,80,2,brushes,Fr. per 100 kg gross,1,0.00,1988-01-01
85459000,80,2,other,Fr. per 100 kg gross,1,0.00,2024-01-01
8546,80,1,Electrical insulators of any material:,,0,,1988-01-01
85461000,80,2,of glass,Fr. per 100 kg gross,1,0.00,1988-01-01
85462000,80,2,of ceramics,Fr. per 100 kg gross,1,0.00,1988-01-01
85469000,80,2,other,Fr. per 100 kg gross,1,0.00,1988-01-01
8547,80,1,"Insulating fittings for electrical machines, appliances or equipment, being fittings wholly of insulating material apart from any minor components of metal (for example, threaded sockets) incorporated during moulding solely for purposes of assembly, other than insulators of heading 8546; electrical conduit tubing and joints therefor, of base metal lined with insulating material:",,0,,1988-01-01
85471000,80,2,insulating fittings of ceramics,Fr. per 100 kg gross,1,0.00,1988-01-01
85472000,80,2,insulating fittings of plastics,Fr. per 100 kg gross,1,0.00,1988-01-01
85479000,80,2,other,Fr. per 100 kg gross,1,0.00,2024-01-01
85480000,80,1,"Electrical parts of machinery or apparatus, not specified or included elsewhere in this Chapter",Fr. per 100 kg gross,1,0.00,2024-01-01
8549,80,1,Electrical and electronic waste and scrap:,,0,,2022-01-01
,10,2,"waste and scrap of primary cells, primary batteries and electric accumulators; spent primary cells, spent primary batteries and spent electric accumulators:",,,,2022-01-01
85491100,80,3,waste and scrap of lead-acid accumulators; spent lead-acid accumulators,Fr. per 100 kg gross,1,0.00,2022-01-01
85491200,80,3,"other, containing lead, cadmium or mercury",Fr. per 100 kg gross,1,0.00,2022-01-01
85491300,80,3,"sorted by chemical type and not containing lead, cadmium or mercury",Fr. per 100 kg gross,1,0.00,2022-01-01
85491400,80,3,"unsorted and not containing lead, cadmium or mercury",Fr. per 100 kg gross,1,0.00,2022-01-01
85491900,80,3,other,Fr. per 100 kg gross,1,0.00,2022-01-01
,10,2,of a kind used principally for the recovery of precious metal:,,,,2022-01-01
85492100,80,3,"containing primary cells, primary batteries, electric accumulators, mercury-switches, glass from cathode-ray tubes or other activated glass, or electrical or electronic components containing cadmium, mercury, lead or polychlorinated biphenyls (PCBs)",Fr. per 100 kg gross,1,0.00,2022-01-01
85492900,80,3,other,Fr. per 100 kg gross,1,0.00,2022-01-01
,10,2,other electrical and electronic assemblies and printed circuit boards:,,,,2022-01-01
85493100,80,3,"containing primary cells, primary batteries, electric accumulators, mercury-switches, glass from cathode-ray tubes or other activated glass, or electrical or electronic components containing cadmium, mercury, lead or polychlorinated biphenyls (PCBs)",Fr. per 100 kg gross,1,0.00,2022-01-01
85493900,80,3,other,Fr. per 100 kg gross,1,0.00,2022-01-01
,10,2,other:,,,,2022-01-01
85499100,80,3,"containing primary cells, primary batteries, electric accumulators, mercury-switches, glass from cathode-ray tubes or other activated glass, or electrical or electronic components containing cadmium, mercury, lead or polychlorinated biphenyls (PCBs)",Fr. per 100 kg gross,1,0.00,2022-01-01
85499900,80,3,other,Fr. per 100 kg gross,1,0.00,2022-01-01
86,80,0,"Railway or tramway locomotives, rolling-stock and parts thereof; railway or tramway track fixtures and fittings and parts thereof; mechanical (including electro-mechanical) traffic signalling equipment of all kinds",,0,,1988-01-01
8601,80,1,Rail locomotives powered from an external source of electricity or by electric accumulators:,,0,,1988-01-01
86011000,80,2,powered from an external source of electricity,Fr. per 100 kg gross,1,0.00,1988-01-01
86012000,80,2,powered by electric accumulators,Fr. per 100 kg gross,1,0.00,1988-01-01
8602,80,1,Other rail locomotives; locomotive tenders:,,0,,1988-01-01
86021000,80,2,diesel-electric locomotives,Fr. per 100 kg gross,1,0.00,1988-01-01
86029000,80,2,other,Fr. per 100 kg gross,1,0.00,1988-01-01
8603,80,1,"Self-propelled railway or tramway coaches, vans and trucks, other than those of heading 8604:",,0,,1988-01-01
86031000,80,2,powered from an external source of electricity,Fr. per 100 kg gross,1,0.00,1988-01-01
86039000,80,2,other,Fr. per 100 kg gross,1,0.00,1988-01-01
86040000,80,1,"Railway or tramway maintenance or service vehicles, whether or not self-propelled (for example, workshops, cranes, ballast tampers, trackliners, testing coaches and track inspection vehicles)",Fr. per 100 kg gross,1,0.00,1988-01-01
86050000,80,1,"Railway or tramway passenger coaches, not self-propelled; luggage vans, post office coaches and other special purpose railway or tramway coaches, not self-propelled (excluding those of heading 8604)",Fr. per 100 kg gross,1,0.00,1988-01-01
8606,80,1,"Railway or tramway goods vans and wagons, not self-propelled:",,0,,1988-01-01
86061000,80,2,tank wagons and the like,Fr. per 100 kg gross,1,0.00,1988-01-01
86063000,80,2,"self-discharging vans and wagons, other than those of subheading 8606.10",Fr. per 100 kg gross,1,0.00,2007-01-01
,10,2,other:,,,,1988-01-01
86069100,80,3,covered and closed,Fr. per 100 kg gross,1,0.00,1988-01-01
86069200,80,3,"open, with non-removable sides of a height exceeding 60 cm",Fr. per 100 kg gross,1,0.00,1988-01-01
86069900,80,3,other,Fr. per 100 kg gross,1,0.00,1988-01-01
8607,80,1,Parts of railway or tramway locomotives or rolling-stock:,,0,,1988-01-01
,10,2,"bogies, bissel-bogies, axles and wheels, and parts thereof:",,,,1988-01-01
86071100,80,3,driving bogies and bissel-bogies,Fr. per 100 kg gross,1,0.00,1988-01-01
86071200,80,3,other bogies and bissel-bogies,Fr. per 100 kg gross,1,0.00,1988-01-01
86071900,80,3,"other, including parts",Fr. per 100 kg gross,1,0.00,2024-01-01
,10,2,brakes and parts thereof:,,,,1988-01-01
86072100,80,3,air brakes and parts thereof,Fr. per 100 kg gross,1,0.00,1988-01-01
86072900,80,3,other,Fr. per 100 kg gross,1,0.00,1988-01-01
86073000,80,2,"hooks and other coupling devices, buffers, and parts thereof",Fr. per 100 kg gross,1,0.00,1988-01-01
,10,2,other:,,,,1988-01-01
86079100,80,3,of locomotives,Fr. per 100 kg gross,1,0.00,2024-01-01
86079900,80,3,other,Fr. per 100 kg gross,1,0.00,1988-01-01
86080000,80,1,"Railway or tramway track fixtures and fittings; mechanical (including electro-mechanical) signalling, safety or traffic control equipment for railways, tramways, roads, inland waterways, parking facilities, port installations or airfields; parts of the foregoing",Fr. per 100 kg gross,1,0.00,2024-01-01
86090000,80,1,Containers (including containers for the transport of fluids) specially designed and equipped for carriage by one or more modes of transport,Fr. per 100 kg gross,1,0.00,1988-01-01
87,80,0,"Vehicles other than railway or tramway rolling-stock, and parts and accessories thereof",,0,,1988-01-01
8701,80,1,Tractors (other than tractors of heading 8709):,,0,,1988-01-01
87011000,80,2,single axle tractors,Fr. per 100 kg gross,1,0.00,1988-01-01
,10,2,road tractors for semi-trailers:,,,,2022-01-01
87012100,80,3,with only compression-ignition internal combustion piston engine (diesel or semi-diesel),Fr. per 100 kg gross,1,0.00,2022-01-01
87012200,80,3,with both compression-ignition internal combustion piston engine (diesel or semi-diesel) and electric motor as motors for propulsion,Fr. per 100 kg gross,1,0.00,2022-01-01
87012300,80,3,with both spark-ignition internal combustion piston engine and electric motor as motors for propulsion,Fr. per 100 kg gross,1,0.00,2022-01-01
87012400,80,3,with only electric motor for propulsion,Fr. per 100 kg gross,1,0.00,2022-01-01
87012900,80,3,other,Fr. per 100 kg gross,1,0.00,2022-01-01
87013000,80,2,track-laying tractors,Fr. per 100 kg gross,1,0.00,1988-01-01
,10,2,"other, of an engine power:",,,,2017-01-01
87019100,80,3,not exceeding 18 kW,Fr. per 100 kg gross,1,0.00,2024-01-01
87019200,80,3,exceeding 18 kW but not exceeding 37 kW,Fr. per 100 kg gross,1,0.00,2024-01-01
87019300,80,3,exceeding 37 kW but not exceeding 75 kW,Fr. per 100 kg gross,1,0.00,2024-01-01
87019400,80,3,exceeding 75 kW but not exceeding 130 kW,Fr. per 100 kg gross,1,0.00,2024-01-01
87019500,80,3,exceeding 130 kW,Fr. per 100 kg gross,1,0.00,2024-01-01
8702,80,1,"Motor vehicles for the transport of ten or more persons, including the driver:",,0,,1988-01-01
870210,80,2,with only compression-ignition internal combustion piston engine (diesel or semi-diesel):,,0,,1988-01-01
87021030,80,3,weighing not more than 1600 kg each,Fr. per 100 kg gross,1,0.00,2017-01-01
87021040,80,3,weighing more than 1600 kg each,Fr. per 100 kg gross,1,0.00,2017-01-01
870220,80,2,with both compression-ignition internal combustion piston engine (diesel or semi-diesel) and electric motor as motors for propulsion:,,0,,2017-01-01
87022010,80,3,weighing not more than 1600 kg each,Fr. per 100 kg gross,1,0.00,2017-01-01
87022020,80,3,weighing more than 1600 kg each,Fr. per 100 kg gross,1,0.00,2017-01-01
870230,80,2,with both spark-ignition internal combustion piston engine and electric motor as motors for propulsion:,,0,,2017-01-01
87023010,80,3,weighing not more than 1600 kg each,Fr. per 100 kg gross,1,0.00,2017-01-01
87023020,80,3,weighing more than 1600 kg each,Fr. per 100 kg gross,1,0.00,2017-01-01
870240,80,2,with only electric motor for propulsion:,,0,,2017-01-01
87024010,80,3,weighing not more than 1600 kg each,Fr. per 100 kg gross,1,0.00,2017-01-01
87024020,80,3,weighing more than 1600 kg each,Fr. per 100 kg gross,1,0.00,2017-01-01
870290,80,2,other:,,0,,1988-01-01
87029030,80,3,weighing not more than 1600 kg each,Fr. per 100 kg gross,1,0.00,2017-01-01
87029040,80,3,weighing more than 1600 kg each,Fr. per 100 kg gross,1,0.00,2017-01-01
8703,80,1,"Motor cars and other motor vehicles principally designed for the transport of persons (other than those of heading 8702), including station wagons and racing cars:",,0,,1988-01-01
87031000,80,2,vehicles specially designed for travelling on snow; golf cars and similar vehicles,Fr. per 100 kg gross,1,0.00,1988-01-01
,10,2,"other vehicles, with only spark-ignition internal combustion piston engine:",,,,1988-01-01
87032100,80,3,of a cylinder capacity not exceeding 1000 cc,Fr. per 100 kg gross,1,0.00,2017-01-01
87032200,80,3,of a cylinder capacity exceeding 1000 cc but not exceeding 1500 cc,Fr. per 100 kg gross,1,0.00,2017-01-01
870323,80,3,of a cylinder capacity exceeding 1500 cc but not exceeding 3000 cc:,,0,,1988-01-01
87032340,80,4,weighing not more than 1200 kg each,Fr. per 100 kg gross,1,0.00,2017-01-01
87032350,80,4,weighing more than 1200 kg but not more than 1600 kg each,Fr. per 100 kg gross,1,0.00,2017-01-01
87032360,80,4,weighing more than 1600 kg each,Fr. per 100 kg gross,1,0.00,2017-01-01
870324,80,3,of a cylinder capacity exceeding 3000 cc:,,0,,1988-01-01
87032430,80,4,weighing not more than 1600 kg each,Fr. per 100 kg gross,1,0.00,2017-01-01
87032440,80,4,weighing more than 1600 kg each,Fr. per 100 kg gross,1,0.00,2017-01-01
,10,2,"other vehicles, with only compression-ignition internal combustion piston engine (diesel or semi-diesel):",,,,1988-01-01
87033100,80,3,of a cylinder capacity not exceeding 1500 cc,Fr. per 100 kg gross,1,0.00,2017-01-01
870332,80,3,of a cylinder capacity exceeding 1500 cc but not exceeding 2500 cc:,,0,,1988-01-01
87033240,80,4,weighing not more than 1200 kg each,Fr. per 100 kg gross,1,0.00,2017-01-01
87033250,80,4,weighing more than 1200 kg but not more than 1600 kg each,Fr. per 100 kg gross,1,0.00,2017-01-01
87033260,80,4,weighing more than 1600 kg each,Fr. per 100 kg gross,1,0.00,2017-01-01
870333,80,3,of a cylinder capacity exceeding 2500 cc:,,0,,1988-01-01
87033330,80,4,weighing not more than 1600 kg each,Fr. per 100 kg gross,1,0.00,2017-01-01
87033340,80,4,weighing more than 1600 kg each,Fr. per 100 kg gross,1,0.00,2017-01-01
870340,80,2,"other vehicles, with both spark-ignition internal combustion piston engine and electric motor as motors for propulsion, other than those capable of being charged by plugging to external source of electric power:",,0,,2017-01-01
87034010,80,3,of a cylinder capacity not exceeding 1000 cc,Fr. per 100 kg gross,1,0.00,2017-01-01
87034020,80,3,of a cylinder capacity exceeding 1000 cc but not exceeding 1500 cc,Fr. per 100 kg gross,1,0.00,2017-01-01
,10,3,of a cylinder capacity exceeding 1500 cc but not exceeding 3000 cc:,,,,2017-01-01
87034031,80,4,weighing not more than 1200 kg each,Fr. per 100 kg gross,1,0.00,2017-01-01
87034032,80,4,weighing more than 1200 kg but not more than 1600 kg each,Fr. per 100 kg gross,1,0.00,2017-01-01
87034033,80,4,weighing more than 1600 kg each,Fr. per 100 kg gross,1,0.00,2017-01-01
,10,3,of a cylinder capacity exceeding 3000 cc:,,,,2017-01-01
87034041,80,4,weighing not more than 1600 kg each,Fr. per 100 kg gross,1,0.00,2017-01-01
87034042,80,4,weighing more than 1600 kg each,Fr. per 100 kg gross,1,0.00,2017-01-01
870350,80,2,"other vehicles, with both compression-ignition internal combustion piston engine (diesel or semi-diesel) and electric motor as motors for propulsion, other than those capable of being charged by plugging to external source of electric power:",,0,,2017-01-01
87035010,80,3,of a cylinder capacity not exceeding 1500 cc,Fr. per 100 kg gross,1,0.00,2017-01-01
,10,3,of a cylinder capacity exceeding 1500 cc but not exceeding 2500 cc:,,,,2017-01-01
87035021,80,4,weighing not more than 1200 kg each,Fr. per 100 kg gross,1,0.00,2017-01-01
87035022,80,4,weighing more than 1200 kg but not more than 1600 kg each,Fr. per 100 kg gross,1,0.00,2017-01-01
87035023,80,4,weighing more than 1600 kg each,Fr. per 100 kg gross,1,0.00,2017-01-01
,10,3,of a cylinder capacity exceeding 2500 cc:,,,,2017-01-01
87035031,80,4,weighing not more than 1600 kg each,Fr. per 100 kg gross,1,0.00,2017-01-01
87035032,80,4,weighing more than 1600 kg each,Fr. per 100 kg gross,1,0.00,2017-01-01
870360,80,2,"other vehicles, with both spark-ignition internal combustion piston engine and electric motor as motors for propulsion, capable of being charged by plugging to external source of electric power:",,0,,2017-01-01
87036010,80,3,of a cylinder capacity not exceeding 1000 cc,Fr. per 100 kg gross,1,0.00,2017-01-01
87036020,80,3,of a cylinder capacity exceeding 1000 cc but not exceeding 1500 cc,Fr. per 100 kg gross,1,0.00,2017-01-01
,10,3,of a cylinder capacity exceeding 1500 cc but not exceeding 3000 cc:,,,,2017-01-01
87036031,80,4,weighing not more than 1200 kg each,Fr. per 100 kg gross,1,0.00,2017-01-01
87036032,80,4,weighing more than 1200 kg but not more than 1600 kg each,Fr. per 100 kg gross,1,0.00,2017-01-01
87036033,80,4,weighing more than 1600 kg each,Fr. per 100 kg gross,1,0.00,2017-01-01
,10,3,of a cylinder capacity exceeding 3000 cc:,,,,2017-01-01
87036041,80,4,weighing not more than 1600 kg each,Fr. per 100 kg gross,1,0.00,2017-01-01
87036042,80,4,weighing more than 1600 kg each,Fr. per 100 kg gross,1,0.00,2017-01-01
870370,80,2,"other vehicles, with both compression-ignition internal combustion piston engine (diesel or semi-diesel) and electric motor as motors for propulsion, capable of being charged by plugging to external source of electric power:",,0,,2017-01-01
87037010,80,3,of a cylinder capacity not exceeding 1500 cc,Fr. per 100 kg gross,1,0.00,2017-01-01
,10,3,of a cylinder capacity exceeding 1500 cc but not exceeding 2500 cc:,,,,2017-01-01
87037021,80,4,weighing not more than 1200 kg each,Fr. per 100 kg gross,1,0.00,2017-01-01
87037022,80,4,weighing more than 1200 kg but not more than 1600 kg each,Fr. per 100 kg gross,1,0.00,2017-01-01
87037023,80,4,weighing more than 1600 kg each,Fr. per 100 kg gross,1,0.00,2017-01-01
,10,3,of a cylinder capacity exceeding 2500 cc:,,,,2017-01-01
87037031,80,4,weighing not more than 1600 kg each,Fr. per 100 kg gross,1,0.00,2017-01-01
87037032,80,4,weighing more than 1600 kg each,Fr. per 100 kg gross,1,0.00,2017-01-01
870380,80,2,"other vehicles, with only electric motor for propulsion:",,0,,2017-01-01
87038010,80,3,weighing not more than 1200 kg each,Fr. per 100 kg gross,1,0.00,2017-01-01
87038020,80,3,weighing more than 1200 kg but not more than 1600 kg each,Fr. per 100 kg gross,1,0.00,2017-01-01
87038030,80,3,weighing more than 1600 kg each,Fr. per 100 kg gross,1,0.00,2017-01-01
870390,80,2,other:,,0,,1988-01-01
87039040,80,3,weighing not more than 1200 kg each,Fr. per 100 kg gross,1,0.00,2017-01-01
87039050,80,3,weighing more than 1200 kg but not more than 1600 kg each,Fr. per 100 kg gross,1,0.00,2017-01-01
87039060,80,3,weighing more than 1600 kg each,Fr. per 100 kg gross,1,0.00,2017-01-01
8704,80,1,Motor vehicles for the transport of goods:,,0,,1988-01-01
87041000,80,2,dumpers designed for off-highway use,Fr. per 100 kg gross,1,0.00,1988-01-01
,10,2,"other, with only compression-ignition internal combustion piston engine (diesel or semi-diesel):",,,,1988-01-01
870421,80,3,g.v.w. not exceeding 5 tonnes:,,0,,1988-01-01
87042110,80,4,weighing not more than 1200 kg each,Fr. per 100 kg gross,1,0.00,1988-01-01
87042120,80,4,weighing more than 1200 kg but not more than 1600 kg each,Fr. per 100 kg gross,1,0.00,1988-01-01
87042130,80,4,weighing more than 1600 kg each,Fr. per 100 kg gross,1,0.00,1988-01-01
87042200,80,3,g.v.w. exceeding 5 tonnes but not exceeding 20 tonnes,Fr. per 100 kg gross,1,0.00,1988-01-01
87042300,80,3,g.v.w. exceeding 20 tonnes,Fr. per 100 kg gross,1,0.00,1988-01-01
,10,2,"other, with only spark-ignition internal combustion piston engine:",,,,1988-01-01
870431,80,3,g.v.w. not exceeding 5 tonnes:,,0,,1988-01-01
87043110,80,4,weighing not more than 1200 kg each,Fr. per 100 kg gross,1,0.00,1988-01-01
87043120,80,4,weighing more than 1200 kg but not more than 1600 kg each,Fr. per 100 kg gross,1,0.00,1988-01-01
87043130,80,4,weighing more than 1600 kg each,Fr. per 100 kg gross,1,0.00,1988-01-01
87043200,80,3,g.v.w. exceeding 5 tonnes,Fr. per 100 kg gross,1,0.00,1988-01-01
,10,2,"other, with both compression-ignition internal combustion piston engine (diesel or semi-diesel) and electric motor as motors for propulsion:",,,,2022-01-01
870441,80,3,g.v.w. not exceeding 5 tonnes:,,0,,2022-01-01
87044110,80,4,weighing not more than 1200 kg each,Fr. per 100 kg gross,1,0.00,2022-01-01
87044120,80,4,weighing more than 1200 kg but not more than 1600 kg each,Fr. per 100 kg gross,1,0.00,2022-01-01
87044130,80,4,weighing more than 1600 kg each,Fr. per 100 kg gross,1,0.00,2022-01-01
87044200,80,3,g.v.w. exceeding 5 tonnes but not exceeding 20 tonnes,Fr. per 100 kg gross,1,0.00,2022-01-01
87044300,80,3,g.v.w. exceeding 20 tonnes,Fr. per 100 kg gross,1,0.00,2022-01-01
,10,2,"other, with both spark-ignition internal combustion piston engine and electric motor as motors for propulsion:",,,,2022-01-01
870451,80,3,g.v.w. not exceeding 5 tonnes:,,0,,2022-01-01
87045110,80,4,weighing not more than 1200 kg each,Fr. per 100 kg gross,1,0.00,2022-01-01
87045120,80,4,weighing more than 1200 kg but not more than 1600 kg each,Fr. per 100 kg gross,1,0.00,2022-01-01
87045130,80,4,weighing more than 1600 kg each,Fr. per 100 kg gross,1,0.00,2022-01-01
87045200,80,3,g.v.w. exceeding 5 tonnes,Fr. per 100 kg gross,1,0.00,2022-01-01
870460,80,2,other with only electric motor for propulsion:,,0,,2022-01-01
87046010,80,3,weighing not more than 1200 kg each,Fr. per 100 kg gross,1,0.00,2022-01-01
87046020,80,3,weighing more than 1200 kg but not more than 1600 kg each,Fr. per 100 kg gross,1,0.00,2022-01-01
87046030,80,3,weighing more than 1600 kg each,Fr. per 100 kg gross,1,0.00,2022-01-01
870490,80,2,other:,,0,,1988-01-01
87049010,80,3,weighing not more than 1200 kg each,Fr. per 100 kg gross,1,0.00,1988-01-01
87049020,80,3,weighing more than 1200 kg but not more than 1600 kg each,Fr. per 100 kg gross,1,0.00,1988-01-01
87049030,80,3,weighing more than 1600 kg each,Fr. per 100 kg gross,1,0.00,1988-01-01
8705,80,1,"Special purpose motor vehicles, other than those principally designed for the transport of persons or goods (for example, breakdown lorries, crane lorries, fire fighting vehicles, concrete-mixer lorries, road sweeper lorries, spraying lorries, mobile workshops, mobile radiological units):",,0,,1988-01-01
87051000,80,2,crane lorries,Fr. per 100 kg gross,1,0.00,2024-01-01
87052000,80,2,mobile drilling derricks,Fr. per 100 kg gross,1,0.00,2024-01-01
87053000,80,2,fire fighting vehicles,Fr. per 100 kg gross,1,0.00,1988-01-01
87054000,80,2,concrete-mixer lorries,Fr. per 100 kg gross,1,0.00,1988-01-01
87059000,80,2,other,Fr. per 100 kg gross,1,0.00,2024-01-01
8706,80,1,"Chassis fitted with engines, for the motor vehicles of headings 8701 to 8705:",,0,,1988-01-01
87060010,80,2,for the tractors of heading 8701,Fr. per 100 kg gross,1,0.00,1988-01-01
,10,2,for the motor vehicles of heading 8702:,,,,1988-01-01
87060021,80,3,weighing not more than 1600 kg each,Fr. per 100 kg gross,1,0.00,1988-01-01
87060022,80,3,weighing more than 1600 kg each,Fr. per 100 kg gross,1,0.00,1988-01-01
,10,2,for the motor vehicles of heading 8703:,,,,1988-01-01
87060031,80,3,weighing not more than 1200 kg each,Fr. per 100 kg gross,1,0.00,1988-01-01
87060032,80,3,weighing more than 1200 kg but not more than 1600 kg each,Fr. per 100 kg gross,1,0.00,1988-01-01
87060033,80,3,weighing more than 1600 kg each,Fr. per 100 kg gross,1,0.00,1988-01-01
,10,2,for the motor vehicles of heading 8704:,,,,1988-01-01
87060041,80,3,for the self-propelled dumpers of subheading 8704.1000,Fr. per 100 kg gross,1,0.00,1988-01-01
,10,3,for other vehicles:,,,,1988-01-01
87060042,80,4,weighing not more than 1200 kg each,Fr. per 100 kg gross,1,0.00,1988-01-01
87060043,80,4,weighing more than 1200 kg but not more than 1600 kg each,Fr. per 100 kg gross,1,0.00,1988-01-01
87060044,80,4,weighing more than 1600 kg each,Fr. per 100 kg gross,1,0.00,1988-01-01
,10,2,for the motor vehicles of heading 8705:,,,,1988-01-01
87060051,80,3,"for the vehicles of subheading 8705.1000, 8705.2000 or 8705.9000",Fr. per 100 kg gross,1,0.00,1988-01-01
87060059,80,3,for other vehicles,Fr. per 100 kg gross,1,0.00,1988-01-01
8707,80,1,"Bodies (including cabs), for the motor vehicles of headings 8701 to 8705:",,0,,1988-01-01
87071000,80,2,for the vehicles of heading 8703,Fr. per 100 kg gross,1,0.00,1988-01-01
87079000,80,2,other,Fr. per 100 kg gross,1,0.00,2024-01-01
8708,80,1,Parts and accessories of the motor vehicles of headings 8701 to 8705:,,0,,1988-01-01
87081000,80,2,bumpers and parts thereof,Fr. per 100 kg gross,1,0.00,1988-01-01
,10,2,other parts and accessories of bodies (including cabs):,,,,1988-01-01
87082100,80,3,safety seat belts,Fr. per 100 kg gross,1,0.00,1988-01-01
87082200,80,3,"front windscreens (windshields), rear windows and other windows specified in Subheading Note 1 to this Chapter",Fr. per 100 kg gross,1,0.00,2024-01-01
87082900,80,3,other,Fr. per 100 kg gross,1,0.00,2024-01-01
87083000,80,2,brakes and servo-brakes; parts thereof,Fr. per 100 kg gross,1,0.00,2024-01-01
87084000,80,2,gear boxes and parts thereof,Fr. per 100 kg gross,1,0.00,2024-01-01
87085000,80,2,"drive-axles with differential, whether or not provided with other transmission components, and non-driving axles; parts thereof",Fr. per 100 kg gross,1,0.00,2024-01-01
87087000,80,2,road wheels and parts and accessories thereof,Fr. per 100 kg gross,1,0.00,2024-01-01
87088000,80,2,suspension systems and parts thereof (including shock-absorbers),Fr. per 100 kg gross,1,0.00,2007-01-01
,10,2,other parts and accessories:,,,,1988-01-01
87089100,80,3,radiators and parts thereof,Fr. per 100 kg gross,1,0.00,2024-01-01
87089200,80,3,silencers (mufflers) and exhaust pipes; parts thereof,Fr. per 100 kg gross,1,0.00,2024-01-01
87089300,80,3,clutches and parts thereof,Fr. per 100 kg gross,1,0.00,2024-01-01
87089400,80,3,"steering wheels, steering columns and steering boxes; parts thereof",Fr. per 100 kg gross,1,0.00,2024-01-01
87089500,80,3,safety airbags with inflater system; parts thereof,Fr. per 100 kg gross,1,0.00,2007-01-01
87089900,80,3,other,Fr. per 100 kg gross,1,0.00,2024-01-01
8709,80,1,"Works trucks, self-propelled, not fitted with lifting or handling equipment, of the type used in factories, warehouses, dock areas or airports for short distance transport of goods; tractors of the type used on railway station platforms; parts of the foregoing vehicles:",,0,,1988-01-01
,10,2,vehicles:,,,,1988-01-01
87091100,80,3,electrical,Fr. per 100 kg gross,1,0.00,1988-01-01
87091900,80,3,other,Fr. per 100 kg gross,1,0.00,1988-01-01
87099000,80,2,parts,Fr. per 100 kg gross,1,0.00,1988-01-01
87100000,80,1,"Tanks and other armoured fighting vehicles, motorised, whether or not fitted with weapons, and parts of such vehicles",Fr. per 100 kg gross,1,0.00,1988-01-01
8711,80,1,"Motorcycles (including mopeds) and cycles fitted with an auxiliary motor, with or without side-cars; side-cars:",,0,,1988-01-01
87111000,80,2,with internal combustion piston engine of a cylinder capacity not exceeding 50 cc,Fr. per 100 kg gross,1,0.00,1988-01-01
87112000,80,2,with internal combustion piston engine of a cylinder capacity exceeding 50 cc but not exceeding 250 cc,Fr. per 100 kg gross,1,0.00,1988-01-01
87113000,80,2,with internal combustion piston engine of a cylinder capacity exceeding 250 cc but not exceeding 500 cc,Fr. per 100 kg gross,1,0.00,1988-01-01
87114000,80,2,with internal combustion piston engine of a cylinder capacity exceeding 500 cc but not exceeding 800 cc,Fr. per 100 kg gross,1,0.00,1988-01-01
87115000,80,2,with internal combustion piston engine of a cylinder capacity exceeding 800 cc,Fr. per 100 kg gross,1,0.00,1988-01-01
87116000,80,2,with electric motor for propulsion,Fr. per 100 kg gross,1,0.00,2017-01-01
87119000,80,2,other,Fr. per 100 kg gross,1,0.00,2017-01-01
87120000,80,1,"Bicycles and other cycles (including delivery tricycles), not motorised",Fr. per piece(s),1,0.00,1988-01-01
8713,80,1,"Carriages for disabled persons, whether or not motorised or otherwise mechanically propelled:",,0,,1988-01-01
87131000,80,2,not mechanically propelled,Fr. per 100 kg gross,1,0.00,1988-01-01
87139000,80,2,other,Fr. per 100 kg gross,1,0.00,1988-01-01
8714,80,1,Parts and accessories of vehicles of headings 8711 to 8713:,,0,,1988-01-01
87141000,80,2,of motorcycles (including mopeds),Fr. per 100 kg gross,1,0.00,2024-01-01
87142000,80,2,of carriages for disabled persons,Fr. per 100 kg gross,1,0.00,2024-01-01
,10,2,other:,,,,1988-01-01
87149100,80,3,"frames and forks, and parts thereof",Fr. per 100 kg gross,1,0.00,2024-01-01
87149200,80,3,wheel rims and spokes,Fr. per 100 kg gross,1,0.00,2024-01-01
87149300,80,3,"hubs, other than coaster braking hubs and hub brakes, and free-wheel sprocket-wheels",Fr. per 100 kg gross,1,0.00,1988-01-01
87149400,80,3,"brakes, including coaster braking hubs and hub brakes, and parts thereof",Fr. per 100 kg gross,1,0.00,1988-01-01
87149500,80,3,saddles,Fr. per 100 kg gross,1,0.00,1988-01-01
87149600,80,3,"pedals and crank-gear, and parts thereof",Fr. per 100 kg gross,1,0.00,2024-01-01
87149900,80,3,other,Fr. per 100 kg gross,1,0.00,2024-01-01
87150000,80,1,Baby carriages and parts thereof,Fr. per 100 kg gross,1,0.00,1988-01-01
8716,80,1,"Trailers and semi-trailers; other vehicles, not mechanically propelled; parts thereof:",,0,,1988-01-01
87161000,80,2,"trailers and semi-trailers of the caravan type, for housing or camping",Fr. per 100 kg gross,1,0.00,1988-01-01
87162000,80,2,self-loading or self-unloading trailers and semi-trailers for agricultural purposes,Fr. per 100 kg gross,1,0.00,1988-01-01
,10,2,other trailers and semi-trailers for the transport of goods:,,,,1988-01-01
87163100,80,3,tanker trailers and tanker semi-trailers,Fr. per 100 kg gross,1,0.00,1988-01-01
87163900,80,3,other,Fr. per 100 kg gross,1,0.00,1988-01-01
87164000,80,2,other trailers and semi-trailers,Fr. per 100 kg gross,1,0.00,1988-01-01
87168000,80,2,other vehicles,Fr. per 100 kg gross,1,0.00,2024-01-01
87169000,80,2,parts,Fr. per 100 kg gross,1,0.00,2024-01-01
88,80,0,"Aircraft, spacecraft, and parts thereof",,0,,1988-01-01
88010000,80,1,"Balloons and dirigibles; gliders, hang gliders and other non-powered aircraft",Fr. per 100 kg gross,1,0.00,2024-01-01
8802,80,1,"Other aircraft (for example, helicopters, aeroplanes), except unmanned aircraft of heading 8806; spacecraft (including satellites) and suborbital and spacecraft launch vehicles:",,0,,1988-01-01
,10,2,helicopters:,,,,1988-01-01
88021100,80,3,of an unladen weight not exceeding 2000 kg,Fr. per 100 kg gross,1,0.00,1988-01-01
88021200,80,3,of an unladen weight exceeding 2000 kg,Fr. per 100 kg gross,1,0.00,1988-01-01
88022000,80,2,"aeroplanes and other aircraft, of an unladen weight not exceeding 2000 kg",Fr. per 100 kg gross,1,0.00,1988-01-01
88023000,80,2,"aeroplanes and other aircraft, of an unladen weight exceeding 2000 kg but not exceeding 15000 kg",Fr. per 100 kg gross,1,0.00,1988-01-01
88024000,80,2,"aeroplanes and other aircraft, of an unladen weight exceeding 15000 kg",Fr. per 100 kg gross,1,0.00,1988-01-01
88026000,80,2,spacecraft (including satellites) and suborbital and spacecraft launch vehicles,Fr. per 100 kg gross,1,0.00,2024-01-01
88040000,80,1,Parachutes (including dirigible parachutes and paragliders) and rotochutes; parts thereof and accessories thereto,Fr. per 100 kg gross,1,0.00,1988-01-01
8805,80,1,Aircraft launching gear; deck-arrestor or similar gear; ground flying trainers; parts of the foregoing articles:,,0,,1988-01-01
88051000,80,2,aircraft launching gear and parts thereof; deck-arrestor or similar gear and parts thereof,Fr. per 100 kg gross,1,0.00,1988-01-01
,10,2,ground flying trainers and parts thereof:,,,,2002-01-01
88052100,80,3,air combat simulators and parts thereof,Fr. per 100 kg gross,1,0.00,2002-01-01
88052900,80,3,other,Fr. per 100 kg gross,1,0.00,2002-01-01
8806,80,1,Unmanned aircraft:,,0,,2022-01-01
88061000,80,2,designed for the carriage of passengers,Fr. per 100 kg gross,1,0.00,2022-01-01
,10,2,"other, for remote-controlled flight only:",,,,2022-01-01
88062100,80,3,with maximum take-off weight not more than 250 g,Fr. per 100 kg gross,1,0.00,2022-01-01
88062200,80,3,with maximum take-off weight more than 250 g but not more than 7 kg,Fr. per 100 kg gross,1,0.00,2022-01-01
88062300,80,3,with maximum take-off weight more than 7 kg but not more than 25 kg,Fr. per 100 kg gross,1,0.00,2022-01-01
88062400,80,3,with maximum take-off weight more than 25 kg but not more than 150 kg,Fr. per 100 kg gross,1,0.00,2022-01-01
88062900,80,3,other,Fr. per 100 kg gross,1,0.00,2022-01-01
,10,2,other:,,,,2022-01-01
88069100,80,3,with maximum take-off weight not more than 250 g,Fr. per 100 kg gross,1,0.00,2022-01-01
88069200,80,3,with maximum take-off weight more than 250 g but not more than 7 kg,Fr. per 100 kg gross,1,0.00,2022-01-01
88069300,80,3,with maximum take-off weight more than 7 kg but not more than 25 kg,Fr. per 100 kg gross,1,0.00,2022-01-01
88069400,80,3,with maximum take-off weight more than 25 kg but not more than 150 kg,Fr. per 100 kg gross,1,0.00,2022-01-01
88069900,80,3,other,Fr. per 100 kg gross,1,0.00,2022-01-01
8807,80,1,"Parts of goods of heading 8801, 8802 or 8806:",,0,,2022-01-01
88071000,80,2,propellers and rotors and parts thereof,Fr. per 100 kg gross,1,0.00,2022-01-01
88072000,80,2,under-carriages and parts thereof,Fr. per 100 kg gross,1,0.00,2022-01-01
88073000,80,2,"other parts of aeroplanes, helicopters or unmanned aircraft",Fr. per 100 kg gross,1,0.00,2022-01-01
88079000,80,2,other,Fr. per 100 kg gross,1,0.00,2024-01-01
89,80,0,"Ships, boats and floating structures",,0,,1988-01-01
8901,80,1,"Cruise ships, excursion boats, ferry-boats, cargo ships, barges and similar vessels for the transport of persons or goods:",,0,,1988-01-01
89011000,80,2,"cruise ships, excursion boats and similar vessels principally designed for the transport of persons; ferry-boats of all kinds",Fr. per 100 kg gross,1,0.00,1988-01-01
89012000,80,2,tankers,Fr. per 100 kg gross,1,0.00,1988-01-01
89013000,80,2,"refrigerated vessels, other than those of subheading 8901.20",Fr. per 100 kg gross,1,0.00,1988-01-01
89019000,80,2,other vessels for the transport of goods and other vessels for the transport of both persons and goods,Fr. per 100 kg gross,1,0.00,1988-01-01
89020000,80,1,Fishing vessels; factory ships and other vessels for processing or preserving fishery products,Fr. per 100 kg gross,1,0.00,1988-01-01
8903,80,1,Yachts and other vessels for pleasure or sports; rowing boats and canoes:,,0,,1988-01-01
,10,2,inflatable (including rigid hull inflatable) boats:,,,,2022-01-01
89031100,80,3,"fitted or designed to be fitted with a motor, unladen (net) weight (excluding the motor) not exceeding 100 kg",Fr. per 100 kg gross,1,0.00,2022-01-01
89031200,80,3,not designed for use with a motor and unladen (net) weight not exceeding 100 kg,Fr. per 100 kg gross,1,0.00,2022-01-01
89031900,80,3,other,Fr. per 100 kg gross,1,0.00,2022-01-01
,10,2,"sailboats, other than inflatable, with or without auxiliary motor:",,,,2022-01-01
89032100,80,3,of a length not exceeding 7.5 m,Fr. per 100 kg gross,1,0.00,2022-01-01
89032200,80,3,of a length exceeding 7.5 m but not exceeding 24 m,Fr. per 100 kg gross,1,0.00,2022-01-01
89032300,80,3,of a length exceeding 24 m,Fr. per 100 kg gross,1,0.00,2022-01-01
,10,2,"motorboats, other than inflatable, not including outboard motorboats:",,,,2022-01-01
89033100,80,3,of a length not exceeding 7.5 m,Fr. per 100 kg gross,1,0.00,2022-01-01
89033200,80,3,of a length exceeding 7.5 m but not exceeding 24 m,Fr. per 100 kg gross,1,0.00,2022-01-01
89033300,80,3,of a length exceeding 24 m,Fr. per 100 kg gross,1,0.00,2022-01-01
,10,2,other:,,,,2022-01-01
89039300,80,3,of a length not exceeding 7.5 m,Fr. per 100 kg gross,1,0.00,2022-01-01
89039900,80,3,other,Fr. per 100 kg gross,1,0.00,2022-01-01
89040000,80,1,Tugs and pusher craft,Fr. per 100 kg gross,1,0.00,1988-01-01
8905,80,1,"Light-vessels, fire-floats, dredgers, floating cranes, and other vessels the navigability of which is subsidiary to their main function; floating docks; floating or submersible drilling or production platforms:",,0,,1988-01-01
89051000,80,2,dredgers,Fr. per 100 kg gross,1,0.00,1988-01-01
89052000,80,2,floating or submersible drilling or production platforms,Fr. per 100 kg gross,1,0.00,1988-01-01
89059000,80,2,other,Fr. per 100 kg gross,1,0.00,1988-01-01
8906,80,1,"Other vessels, including warships and lifeboats other than rowing boats:",,0,,1988-01-01
89061000,80,2,warships,Fr. per 100 kg gross,1,0.00,2002-01-01
89069000,80,2,other,Fr. per 100 kg gross,1,0.00,2002-01-01
8907,80,1,"Other floating structures (for example, rafts, tanks, coffer-dams, landing stages, buoys and beacons):",,0,,1988-01-01
89071000,80,2,inflatable rafts,Fr. per 100 kg gross,1,0.00,1988-01-01
89079000,80,2,other,Fr. per 100 kg gross,1,0.00,1988-01-01
89080000,80,1,Vessels and other floating structures for breaking up,Fr. per 100 kg gross,1,0.00,1988-01-01
90,80,0,"Optical, photographic, cinematographic, measuring, checking, precision, medical or surgical instruments and apparatus; parts and accessories thereof",,0,,1988-01-01
9001,80,1,"Optical fibres and optical fibre bundles; optical fibre cables other than those of heading 8544; sheets and plates of polarising material; lenses (including contact lenses), prisms, mirrors and other optical elements, of any material, unmounted, other than such elements of glass not optically worked:",,0,,1988-01-01
90011000,80,2,"optical fibres, optical fibre bundles and cables",Fr. per 100 kg gross,1,0.00,1988-01-01
90012000,80,2,sheets and plates of polarising material,Fr. per 100 kg gross,1,0.00,1988-01-01
90013000,80,2,contact lenses,Fr. per 100 kg gross,1,0.00,1988-01-01
90014000,80,2,spectacle lenses of glass,Fr. per 100 kg gross,1,0.00,1988-01-01
90015000,80,2,spectacle lenses of other materials,Fr. per 100 kg gross,1,0.00,1988-01-01
90019000,80,2,other,Fr. per 100 kg gross,1,0.00,2017-01-01
9002,80,1,"Lenses, prisms, mirrors and other optical elements, of any material, mounted, being parts of or fittings for instruments or apparatus, other than such elements of glass not optically worked:",,0,,1988-01-01
,10,2,objective lenses:,,,,1988-01-01
90021100,80,3,"for cameras, projectors or photographic enlargers or reducers",Fr. per 100 kg gross,1,0.00,1988-01-01
90021900,80,3,other,Fr. per 100 kg gross,1,0.00,1988-01-01
90022000,80,2,filters,Fr. per 100 kg gross,1,0.00,1988-01-01
90029000,80,2,other,Fr. per 100 kg gross,1,0.00,1988-01-01
9003,80,1,"Frames and mountings for spectacles, goggles or the like, and parts thereof:",,0,,1988-01-01
,10,2,frames and mountings:,,,,1988-01-01
90031100,80,3,of plastics,Fr. per 100 kg gross,1,0.00,1988-01-01
90031900,80,3,of other materials,Fr. per 100 kg gross,1,0.00,1988-01-01
90039000,80,2,parts,Fr. per 100 kg gross,1,0.00,1988-01-01
9004,80,1,"Spectacles, goggles and the like, corrective, protective or other:",,0,,1988-01-01
90041000,80,2,sunglasses,Fr. per 100 kg gross,1,0.00,1988-01-01
90049000,80,2,other,Fr. per 100 kg gross,1,0.00,1988-01-01
9005,80,1,"Binoculars, monoculars, other optical telescopes, and mountings therefor; other astronomical instruments and mountings therefor, but not including instruments for radio-astronomy:",,0,,1988-01-01
90051000,80,2,binoculars,Fr. per 100 kg gross,1,0.00,1988-01-01
90058000,80,2,other instruments,Fr. per 100 kg gross,1,0.00,1988-01-01
90059000,80,2,parts and accessories (including mountings),Fr. per 100 kg gross,1,0.00,1988-01-01
9006,80,1,Photographic (other than cinematographic) cameras; photographic flashlight apparatus and flashbulbs other than discharge lamps of heading 8539:,,0,,1988-01-01
90063000,80,2,"cameras specially designed for underwater use, for aerial survey or for medical or surgical examination of internal organs; comparison cameras for forensic or criminological purposes",Fr. per 100 kg gross,1,0.00,2024-01-01
90064000,80,2,instant print cameras,Fr. per 100 kg gross,1,0.00,2024-01-01
,10,2,other cameras:,,,,1988-01-01
90065300,80,3,for roll film of a width of 35 mm,Fr. per 100 kg gross,1,0.00,1988-01-01
90065900,80,3,other,Fr. per 100 kg gross,1,0.00,1988-01-01
,10,2,photographic flashlight apparatus and flashbulbs:,,,,1988-01-01
90066100,80,3,discharge lamp («electronic») flashlight apparatus,Fr. per 100 kg gross,1,0.00,1988-01-01
90066900,80,3,other,Fr. per 100 kg gross,1,0.00,1988-01-01
,10,2,parts and accessories:,,,,1988-01-01
90069100,80,3,for cameras,Fr. per 100 kg gross,1,0.00,1988-01-01
90069900,80,3,other,Fr. per 100 kg gross,1,0.00,1988-01-01
9007,80,1,"Cinematographic cameras and projectors, whether or not incorporating sound recording or reproducing apparatus:",,0,,1988-01-01
90071000,80,2,cameras,Fr. per 100 kg gross,1,0.00,2012-01-01
90072000,80,2,projectors,Fr. per 100 kg gross,1,0.00,1996-01-01
,10,2,parts and accessories:,,,,1988-01-01
90079100,80,3,for cameras,Fr. per 100 kg gross,1,0.00,1988-01-01
90079200,80,3,for projectors,Fr. per 100 kg gross,1,0.00,1988-01-01
9008,80,1,"Image projectors, other than cinematographic; photographic (other than cinematographic) enlargers and reducers:",,0,,1988-01-01
90085000,80,2,"projectors, enlargers and reducers",Fr. per 100 kg gross,1,0.00,2012-01-01
90089000,80,2,parts and accessories,Fr. per 100 kg gross,1,0.00,1988-01-01
9010,80,1,"Apparatus and equipment for photographic (including cinematographic) laboratories, not specified or included elsewhere in this Chapter; negatoscopes; projection screens:",,0,,1988-01-01
90101000,80,2,apparatus and equipment for automatically developing photographic (including cinematographic) film or paper in rolls or for automatically exposing developed film to rolls of photographic paper,Fr. per 100 kg gross,1,0.00,1988-01-01
90105000,80,2,other apparatus and equipment for photographic (including cinematographic) laboratories; negatoscopes,Fr. per 100 kg gross,1,0.00,1996-01-01
90106000,80,2,projection screens,Fr. per 100 kg gross,1,0.00,1996-01-01
90109000,80,2,parts and accessories,Fr. per 100 kg gross,1,0.00,2024-01-01
9011,80,1,"Compound optical microscopes, including those for photomicrography, cinephotomicrography or microprojection:",,0,,1988-01-01
90111000,80,2,stereoscopic microscopes,Fr. per 100 kg gross,1,0.00,2017-01-01
90112000,80,2,"other microscopes, for photomicrography, cinephotomicrography or microprojection",Fr. per 100 kg gross,1,0.00,2024-01-01
90118000,80,2,other microscopes,Fr. per 100 kg gross,1,0.00,1988-01-01
90119000,80,2,parts and accessories,Fr. per 100 kg gross,1,0.00,2017-01-01
9012,80,1,Microscopes other than optical microscopes; diffraction apparatus:,,0,,1988-01-01
90121000,80,2,microscopes other than optical microscopes; diffraction apparatus,Fr. per 100 kg gross,1,0.00,2017-01-01
90129000,80,2,parts and accessories,Fr. per 100 kg gross,1,0.00,2017-01-01
9013,80,1,"Lasers, other than laser diodes; other optical appliances and instruments, not specified or included elsewhere in this Chapter:",,0,,1988-01-01
90131000,80,2,"telescopic sights for fitting to arms; periscopes; telescopes designed to form parts of machines, appliances, instruments or apparatus of this Chapter or Section XVI",Fr. per 100 kg gross,1,0.00,2024-01-01
90132000,80,2,"lasers, other than laser diodes",Fr. per 100 kg gross,1,0.00,1988-01-01
90138000,80,2,"other devices, appliances and instruments",Fr. per 100 kg gross,1,0.00,2024-01-01
90139000,80,2,parts and accessories,Fr. per 100 kg gross,1,0.00,2024-01-01
9014,80,1,Direction finding compasses; other navigational instruments and appliances:,,0,,1988-01-01
90141000,80,2,direction finding compasses,Fr. per 100 kg gross,1,0.00,1988-01-01
90142000,80,2,instruments and appliances for aeronautical or space navigation (other than compasses),Fr. per 100 kg gross,1,0.00,1988-01-01
90148000,80,2,other instruments and appliances,Fr. per 100 kg gross,1,0.00,1988-01-01
90149000,80,2,parts and accessories,Fr. per 100 kg gross,1,0.00,1988-01-01
9015,80,1,"Surveying (including photogrammetrical surveying), hydrographic, oceanographic, hydrological, meteorological or geophysical instruments and appliances, excluding compasses; rangefinders:",,0,,1988-01-01
90151000,80,2,rangefinders,Fr. per 100 kg gross,1,0.00,1988-01-01
90152000,80,2,theodolites and tachymeters (tacheometers),Fr. per 100 kg gross,1,0.00,1988-01-01
90153000,80,2,levels,Fr. per 100 kg gross,1,0.00,1988-01-01
90154000,80,2,photogrammetrical surveying instruments and appliances,Fr. per 100 kg gross,1,0.00,1988-01-01
90158000,80,2,other instruments and appliances,Fr. per 100 kg gross,1,0.00,1988-01-01
90159000,80,2,parts and accessories,Fr. per 100 kg gross,1,0.00,1988-01-01
90160000,80,1,"Balances of a sensitivity of 5 cg or better, with or without weights",Fr. per 100 kg gross,1,0.00,1989-01-01
9017,80,1,"Drawing, marking-out or mathematical calculating instruments (for example, drafting machines, pantographs, protractors, drawing sets, slide rules, disc calculators); instruments for measuring length, for use in the hand (for example, measuring rods and tapes, micrometers, callipers), not specified or included elsewhere in this Chapter:",,0,,1988-01-01
90171000,80,2,"drafting tables and machines, whether or not automatic",Fr. per 100 kg gross,1,0.00,2024-01-01
90172000,80,2,"other drawing, marking-out or mathematical calculating instruments",Fr. per 100 kg gross,1,0.00,2024-01-01
90173000,80,2,"micrometers, callipers and gauges",Fr. per 100 kg gross,1,0.00,2024-01-01
90178000,80,2,other instruments,Fr. per 100 kg gross,1,0.00,1988-01-01
90179000,80,2,parts and accessories,Fr. per 100 kg gross,1,0.00,2024-01-01
9018,80,1,"Instruments and appliances used in medical, surgical, dental or veterinary sciences, including scintigraphic apparatus, other electro-medical apparatus and sight-testing instruments:",,0,,1988-01-01
,10,2,electro-diagnostic apparatus (including apparatus for functional exploratory examination or for checking physiological parameters):,,,,1988-01-01
90181100,80,3,electro-cardiographs,Fr. per 100 kg gross,1,0.00,1988-01-01
90181200,80,3,ultrasonic scanning apparatus,Fr. per 100 kg gross,1,0.00,1996-01-01
90181300,80,3,magnetic resonance imaging apparatus,Fr. per 100 kg gross,1,0.00,1996-01-01
90181400,80,3,scintigraphic apparatus,Fr. per 100 kg gross,1,0.00,1996-01-01
90181900,80,3,other,Fr. per 100 kg gross,1,0.00,1996-01-01
90182000,80,2,ultra-violet or infra-red ray apparatus,Fr. per 100 kg gross,1,0.00,1988-01-01
,10,2,"syringes, needles, catheters, cannulae and the like:",,,,1988-01-01
90183100,80,3,"syringes, with or without needles",Fr. per 100 kg gross,1,0.00,1988-01-01
90183200,80,3,tubular metal needles and needles for sutures,Fr. per 100 kg gross,1,0.00,1988-01-01
90183900,80,3,other,Fr. per 100 kg gross,1,0.00,1988-01-01
,10,2,"other instruments and appliances, used in dental sciences:",,,,1988-01-01
90184100,80,3,"dental drill engines, whether or not combined on a single base with other dental equipment",Fr. per 100 kg gross,1,0.00,1988-01-01
90184900,80,3,other,Fr. per 100 kg gross,1,0.00,1988-01-01
90185000,80,2,other ophthalmic instruments and appliances,Fr. per 100 kg gross,1,0.00,1988-01-01
90189000,80,2,other instruments and appliances,Fr. per 100 kg gross,1,0.00,1988-01-01
9019,80,1,"Mechano-therapy appliances; massage apparatus; psychological aptitude-testing apparatus; ozone therapy, oxygen therapy, aerosol therapy, artificial respiration or other therapeutic respiration apparatus:",,0,,1988-01-01
90191000,80,2,mechano-therapy appliances; massage apparatus; psychological aptitude-testing apparatus,Fr. per 100 kg gross,1,0.00,1988-01-01
90192000,80,2,"ozone therapy, oxygen therapy, aerosol therapy, artificial respiration or other therapeutic respiration apparatus",Fr. per 100 kg gross,1,0.00,1988-01-01
90200000,80,1,"Other breathing appliances and gas masks, excluding protective masks having neither mechanical parts nor replaceable filters",Fr. per 100 kg gross,1,0.00,1988-01-01
9021,80,1,"Orthopaedic appliances, including crutches, surgical belts and trusses; splints and other fracture appliances; artificial parts of the body; hearing aids and other appliances which are worn or carried, or implanted in the body, to compensate for a defect or disability:",,0,,1988-01-01
90211000,80,2,orthopaedic or fracture appliances,Fr. per 100 kg gross,1,0.00,2002-01-01
,10,2,artificial teeth and dental fittings:,,,,1988-01-01
90212100,80,3,artificial teeth,Fr. per 100 kg gross,1,0.00,1988-01-01
90212900,80,3,other,Fr. per 100 kg gross,1,0.00,1988-01-01
,10,2,other artificial parts of the body:,,,,2002-01-01
90213100,80,3,artificial joints,Fr. per 100 kg gross,1,0.00,2002-01-01
90213900,80,3,other,Fr. per 100 kg gross,1,0.00,2002-01-01
90214000,80,2,"hearing aids, excluding parts and accessories",Fr. per 100 kg gross,1,0.00,1988-01-01
90215000,80,2,"pacemakers for stimulating heart muscles, excluding parts and accessories",Fr. per 100 kg gross,1,0.00,1988-01-01
90219000,80,2,other,Fr. per 100 kg gross,1,0.00,1988-01-01
9022,80,1,"Apparatus based on the use of X-rays or of alpha, beta, gamma or other ionising radiations, whether or not for medical, surgical, dental or veterinary uses, including radiography or radiotherapy apparatus, X-ray tubes and other X-ray generators, high tension generators, control panels and desks, screens, examination or treatment tables, chairs and the like:",,0,,1988-01-01
,10,2,"apparatus based on the use of X-rays, whether or not for medical, surgical, dental or veterinary uses, including radiography or radiotherapy apparatus:",,,,1996-01-01
90221200,80,3,computed tomography apparatus,Fr. per 100 kg gross,1,0.00,1996-01-01
90221300,80,3,"other, for dental uses",Fr. per 100 kg gross,1,0.00,1996-01-01
90221400,80,3,"other, for medical, surgical or veterinary uses",Fr. per 100 kg gross,1,0.00,1996-01-01
90221900,80,3,for other uses,Fr. per 100 kg gross,1,0.00,1996-01-01
,10,2,"apparatus based on the use of alpha, beta, gamma or other ionising radiations, whether or not for medical, surgical, dental or veterinary uses, including radiography or radiotherapy apparatus:",,,,1988-01-01
90222100,80,3,"for medical, surgical, dental or veterinary uses",Fr. per 100 kg gross,1,0.00,1988-01-01
90222900,80,3,for other uses,Fr. per 100 kg gross,1,0.00,1988-01-01
90223000,80,2,X-ray tubes,Fr. per 100 kg gross,1,0.00,2017-01-01
90229000,80,2,"other, including parts and accessories",Fr. per 100 kg gross,1,0.00,2024-01-01
90230000,80,1,"Instruments, apparatus and models, designed for demonstrational purposes (for example, in education or exhibitions), unsuitable for other uses",Fr. per 100 kg gross,1,0.00,1988-01-01
9024,80,1,"Machines and appliances for testing the hardness, strength, compressibility, elasticity or other mechanical properties of materials (for example, metals, wood, textiles, paper, plastics):",,0,,1988-01-01
90241000,80,2,machines and appliances for testing metals,Fr. per 100 kg gross,1,0.00,1988-01-01
90248000,80,2,other machines and appliances,Fr. per 100 kg gross,1,0.00,1988-01-01
90249000,80,2,parts and accessories,Fr. per 100 kg gross,1,0.00,1988-01-01
9025,80,1,"Hydrometers and similar floating instruments, thermometers, pyrometers, barometers, hygrometers and psychrometers, recording or not, and any combination of these instruments:",,0,,1988-01-01
,10,2,"thermometers and pyrometers, not combined with other instruments:",,,,1988-01-01
90251100,80,3,"liquid-filled, for direct reading",Fr. per 100 kg gross,1,0.00,2024-01-01
90251900,80,3,other,Fr. per 100 kg gross,1,0.00,1988-01-01
90258000,80,2,other instruments,Fr. per 100 kg gross,1,0.00,1996-01-01
90259000,80,2,parts and accessories,Fr. per 100 kg gross,1,0.00,1988-01-01
9026,80,1,"Instruments and apparatus for measuring or checking the flow, level, pressure or other variables of liquids or gases (for example, flow meters, level gauges, manometers, heat meters), excluding instruments and apparatus of heading 9014, 9015, 9028 or 9032:",,0,,1988-01-01
90261000,80,2,for measuring or checking the flow or level of liquids,Fr. per 100 kg gross,1,0.00,1988-01-01
90262000,80,2,for measuring or checking pressure,Fr. per 100 kg gross,1,0.00,1988-01-01
90268000,80,2,other instruments and apparatus,Fr. per 100 kg gross,1,0.00,1988-01-01
90269000,80,2,parts and accessories,Fr. per 100 kg gross,1,0.00,1988-01-01
9027,80,1,"Instruments and apparatus for physical or chemical analysis (for example, polarimeters, refractometers, spectrometers, gas or smoke analysis apparatus); instruments and apparatus for measuring or checking viscosity, porosity, expansion, surface tension or the like; instruments and apparatus for measuring or checking quantities of heat, sound or light (including exposure meters); microtomes:",,0,,1988-01-01
90271000,80,2,gas or smoke analysis apparatus,Fr. per 100 kg gross,1,0.00,1988-01-01
90272000,80,2,chromatographs and electrophoresis instruments,Fr. per 100 kg gross,1,0.00,1988-01-01
90273000,80,2,"spectrometers, spectrophotometers and spectrographs using optical radiations (UV, visible, IR)",Fr. per 100 kg gross,1,0.00,1988-01-01
90275000,80,2,"other instruments and apparatus using optical radiations (UV, visible, IR)",Fr. per 100 kg gross,1,0.00,1988-01-01
,10,2,other instruments and apparatus:,,,,2022-01-01
90278100,80,3,mass spectrometers,Fr. per 100 kg gross,1,0.00,2022-01-01
90278900,80,3,other,Fr. per 100 kg gross,1,0.00,2022-01-01
90279000,80,2,microtomes; parts and accessories,Fr. per 100 kg gross,1,0.00,2017-01-01
9028,80,1,"Gas, liquid or electricity supply or production meters, including calibrating meters therefor:",,0,,1988-01-01
90281000,80,2,gas meters,Fr. per 100 kg gross,1,0.00,1988-01-01
90282000,80,2,liquid meters,Fr. per 100 kg gross,1,0.00,1988-01-01
90283000,80,2,electricity meters,Fr. per 100 kg gross,1,0.00,1988-01-01
90289000,80,2,parts and accessories,Fr. per 100 kg gross,1,0.00,1988-01-01
9029,80,1,"Revolution counters, production counters, taximeters, mileometers, pedometers and the like; speed indicators and tachometers, other than those of heading 9014 or 9015; stroboscopes:",,0,,1988-01-01
90291000,80,2,"revolution counters, production counters, taximeters, mileometers, pedometers and the like",Fr. per 100 kg gross,1,0.00,2024-01-01
90292000,80,2,speed indicators and tachometers; stroboscopes,Fr. per 100 kg gross,1,0.00,2024-01-01
90299000,80,2,parts and accessories,Fr. per 100 kg gross,1,0.00,2024-01-01
9030,80,1,"Oscilloscopes, spectrum analysers and other instruments and apparatus for measuring or checking electrical quantities, excluding meters of heading 9028; instruments and apparatus for measuring or detecting alpha, beta, gamma, X-ray, cosmic or other ionising radiations:",,0,,1988-01-01
90301000,80,2,instruments and apparatus for measuring or detecting ionising radiations,Fr. per 100 kg gross,1,0.00,1988-01-01
90302000,80,2,oscilloscopes and oscillographs,Fr. per 100 kg gross,1,0.00,1988-01-01
,10,2,"other instruments and apparatus, for measuring or checking voltage, current, resistance or power (other than those for measuring or checking semiconductor wafers or devices):",,,,2007-01-01
90303100,80,3,multimeters without a recording device,Fr. per 100 kg gross,1,0.00,2007-01-01
90303200,80,3,multimeters with a recording device,Fr. per 100 kg gross,1,0.00,2007-01-01
90303300,80,3,"other, without a recording device",Fr. per 100 kg gross,1,0.00,2024-01-01
90303900,80,3,"other, with a recording device",Fr. per 100 kg gross,1,0.00,2007-01-01
90304000,80,2,"other instruments and apparatus, specially designed for telecommunications (for example, cross-talk meters, gain measuring instruments, distortion factor meters, psophometers)",Fr. per 100 kg gross,1,0.00,1988-01-01
,10,2,other instruments and apparatus:,,,,1988-01-01
90308200,80,3,for measuring or checking semiconductor wafers or devices (including integrated circuits),Fr. per 100 kg gross,1,0.00,1996-01-01
90308400,80,3,"other, with a recording device",Fr. per 100 kg gross,1,0.00,2007-01-01
90308900,80,3,other,Fr. per 100 kg gross,1,0.00,1988-01-01
90309000,80,2,parts and accessories,Fr. per 100 kg gross,1,0.00,2017-01-01
9031,80,1,"Measuring or checking instruments, appliances and machines, not specified or included elsewhere in this Chapter; profile projectors:",,0,,1988-01-01
90311000,80,2,machines for balancing mechanical parts,Fr. per 100 kg gross,1,0.00,1988-01-01
90312000,80,2,test benches,Fr. per 100 kg gross,1,0.00,1988-01-01
,10,2,other optical instruments and appliances:,,,,1996-01-01
90314100,80,3,for inspecting semiconductor wafers or devices (including integrated circuits) or for inspecting photomasks or reticles used in manufacturing semiconductor devices (including integrated circuits),Fr. per 100 kg gross,1,0.00,1996-01-01
90314900,80,3,other,Fr. per 100 kg gross,1,0.00,2017-01-01
90318000,80,2,"other instruments, appliances and machines",Fr. per 100 kg gross,1,0.00,1988-01-01
90319000,80,2,parts and accessories,Fr. per 100 kg gross,1,0.00,2017-01-01
9032,80,1,Automatic regulating or controlling instruments and apparatus:,,0,,1988-01-01
90321000,80,2,thermostats,Fr. per 100 kg gross,1,0.00,1988-01-01
90322000,80,2,manostats,Fr. per 100 kg gross,1,0.00,1988-01-01
,10,2,other instruments and apparatus:,,,,1988-01-01
90328100,80,3,hydraulic or pneumatic,Fr. per 100 kg gross,1,0.00,1988-01-01
90328900,80,3,other,Fr. per 100 kg gross,1,0.00,1988-01-01
90329000,80,2,parts and accessories,Fr. per 100 kg gross,1,0.00,2024-01-01
90330000,80,1,"Parts and accessories (not specified or included elsewhere in this Chapter) for machines, appliances, instruments or apparatus of Chapter 90",Fr. per 100 kg gross,1,0.00,1988-01-01
91,80,0,Clocks and watches and parts thereof,,0,,1988-01-01
9101,80,1,"Wrist-watches, pocket-watches and other watches, including stop-watches, with case of precious metal or of metal clad with precious metal:",,0,,1988-01-01
,10,2,"wrist-watches, electrically operated, whether or not incorporating a stop-watch facility:",,,,1996-01-01
91011100,80,3,with mechanical display only,Fr. per piece(s),1,0.00,1996-01-01
91011900,80,3,other,Fr. per piece(s),1,0.00,1996-01-01
,10,2,"other wrist-watches, whether or not incorporating a stop-watch facility:",,,,1988-01-01
91012100,80,3,with automatic winding,Fr. per piece(s),1,0.00,1988-01-01
91012900,80,3,other,Fr. per piece(s),1,0.00,1988-01-01
,10,2,other:,,,,1988-01-01
91019100,80,3,electrically operated,Fr. per piece(s),1,0.00,1996-01-01
91019900,80,3,other,Fr. per piece(s),1,0.00,1988-01-01
9102,80,1,"Wrist-watches, pocket-watches and other watches, including stop-watches, other than those of heading 9101:",,0,,1988-01-01
,10,2,"wrist-watches, electrically operated, whether or not incorporating a stop-watch facility:",,,,1996-01-01
91021100,80,3,with mechanical display only,Fr. per piece(s),1,0.00,1996-01-01
91021200,80,3,with opto-electronic display only,Fr. per piece(s),1,0.00,1996-01-01
91021900,80,3,other,Fr. per piece(s),1,0.00,1996-01-01
,10,2,"other wrist-watches, whether or not incorporating a stop-watch facility:",,,,1988-01-01
91022100,80,3,with automatic winding,Fr. per piece(s),1,0.00,1988-01-01
91022900,80,3,other,Fr. per piece(s),1,0.00,1988-01-01
,10,2,other:,,,,1988-01-01
91029100,80,3,electrically operated,Fr. per piece(s),1,0.00,1996-01-01
91029900,80,3,other,Fr. per piece(s),1,0.00,1988-01-01
9103,80,1,"Clocks with watch movements, excluding clocks of heading 9104:",,0,,1988-01-01
91031000,80,2,electrically operated,Fr. per piece(s),1,0.00,2024-01-01
91039000,80,2,other,Fr. per piece(s),1,0.00,2024-01-01
91040000,80,1,"Instrument panel clocks and clocks of a similar type for vehicles, aircraft, spacecraft or vessels",Fr. per piece(s),1,0.00,1988-01-01
9105,80,1,Other clocks:,,0,,1988-01-01
,10,2,alarm clocks:,,,,1996-01-01
91051100,80,3,electrically operated,Fr. per 100 kg gross,1,0.00,1996-01-01
91051900,80,3,other,Fr. per 100 kg gross,1,0.00,1996-01-01
,10,2,wall clocks:,,,,1996-01-01
91052100,80,3,electrically operated,Fr. per 100 kg gross,1,0.00,1996-01-01
91052900,80,3,other,Fr. per 100 kg gross,1,0.00,1996-01-01
,10,2,other:,,,,1996-01-01
91059100,80,3,electrically operated,Fr. per 100 kg gross,1,0.00,1996-01-01
91059900,80,3,other,Fr. per 100 kg gross,1,0.00,1996-01-01
9106,80,1,"Time of day recording apparatus and apparatus for measuring, recording or otherwise indicating intervals of time, with clock or watch movement or with synchronous motor (for example, time-registers, time-recorders):",,0,,1988-01-01
91061000,80,2,time-registers; time-recorders,Fr. per 100 kg gross,1,0.00,1988-01-01
91069000,80,2,other,Fr. per 100 kg gross,1,0.00,1988-01-01
91070000,80,1,Time switches with clock or watch movement or with synchronous motor,Fr. per 100 kg gross,1,0.00,1988-01-01
9108,80,1,"Watch movements, complete and assembled:",,0,,1988-01-01
,10,2,electrically operated:,,,,1996-01-01
91081100,80,3,with mechanical display only or with a device to which a mechanical display can be incorporated,Fr. per piece(s),1,0.00,1996-01-01
91081200,80,3,with opto-electronic display only,Fr. per piece(s),1,0.00,1996-01-01
91081900,80,3,other,Fr. per piece(s),1,0.00,1996-01-01
91082000,80,2,with automatic winding,Fr. per piece(s),1,0.00,1988-01-01
91089000,80,2,other,Fr. per piece(s),1,0.00,2002-01-01
9109,80,1,"Clock movements, complete and assembled:",,0,,1988-01-01
91091000,80,2,electrically operated,Fr. per 100 kg gross,1,0.00,2012-01-01
91099000,80,2,other,Fr. per 100 kg gross,1,0.00,1996-01-01
9110,80,1,"Complete watch or clock movements, unassembled or partly assembled (movement sets); incomplete watch or clock movements, assembled; rough watch or clock movements:",,0,,1988-01-01
,10,2,of watches:,,,,1988-01-01
91101100,80,3,"complete movements, unassembled or partly assembled (movement sets)",Fr. per 100 kg gross,1,0.00,1988-01-01
91101200,80,3,"incomplete movements, assembled",Fr. per 100 kg gross,1,0.00,1988-01-01
91101900,80,3,rough movements,Fr. per 100 kg gross,1,0.00,1988-01-01
91109000,80,2,other,Fr. per 100 kg gross,1,0.00,1988-01-01
9111,80,1,Watch cases and parts thereof:,,0,,1988-01-01
91111000,80,2,cases of precious metal or of metal clad with precious metal,Fr. per piece(s),1,0.00,1988-01-01
91112000,80,2,"cases of base metal, whether or not gold- or silver-plated",Fr. per piece(s),1,0.00,1988-01-01
91118000,80,2,other cases,Fr. per piece(s),1,0.00,1988-01-01
91119000,80,2,parts,Fr. per 100 kg gross,1,0.00,2024-01-01
9112,80,1,"Clock cases and cases of a similar type for other goods of this Chapter, and parts thereof:",,0,,1988-01-01
91122000,80,2,cases,Fr. per 100 kg gross,1,0.00,2024-01-01
91129000,80,2,parts,Fr. per 100 kg gross,1,0.00,1988-01-01
9113,80,1,"Watch straps, watch bands and watch bracelets, and parts thereof:",,0,,1988-01-01
91131000,80,2,of precious metal or of metal clad with precious metal,Fr. per 100 kg gross,1,0.00,1988-01-01
91132000,80,2,"of base metal, whether or not gold- or silver-plated",Fr. per 100 kg gross,1,0.00,1988-01-01
91139000,80,2,other,Fr. per 100 kg gross,1,0.00,1988-01-01
9114,80,1,Other clock or watch parts:,,0,,1988-01-01
91143000,80,2,dials,Fr. per 100 kg gross,1,0.00,1988-01-01
91144000,80,2,plates and bridges,Fr. per 100 kg gross,1,0.00,1988-01-01
91149000,80,2,other,Fr. per 100 kg gross,1,0.00,2012-01-01
92,80,0,Musical instruments; parts and accessories of such articles,,0,,1988-01-01
9201,80,1,"Pianos, including automatic pianos; harpsichords and other keyboard stringed instruments:",,0,,1988-01-01
92011000,80,2,upright pianos,Fr. per 100 kg gross,1,0.00,1988-01-01
92012000,80,2,grand pianos,Fr. per 100 kg gross,1,0.00,1988-01-01
92019000,80,2,other,Fr. per 100 kg gross,1,0.00,1988-01-01
9202,80,1,"Other string musical instruments (for example, guitars, violins, harps):",,0,,1988-01-01
92021000,80,2,played with a bow,Fr. per 100 kg gross,1,0.00,1988-01-01
92029000,80,2,other,Fr. per 100 kg gross,1,0.00,1988-01-01
9205,80,1,"Wind musical instruments (for example, keyboard pipe organs, accordions, clarinets, trumpets, bagpipes), other than fairground organs and mechanical street organs:",,0,,1988-01-01
92051000,80,2,brass-wind instruments,Fr. per 100 kg gross,1,0.00,1988-01-01
92059000,80,2,other,Fr. per 100 kg gross,1,0.00,2024-01-01
92060000,80,1,"Percussion musical instruments (for example, drums, xylophones, cymbals, castanets, maracas)",Fr. per 100 kg gross,1,0.00,1988-01-01
9207,80,1,"Musical instruments, the sound of which is produced, or must be amplified, electrically (for example, organs, guitars, accordions):",,0,,1988-01-01
92071000,80,2,"keyboard instruments, other than accordions",Fr. per 100 kg gross,1,0.00,1988-01-01
92079000,80,2,other,Fr. per 100 kg gross,1,0.00,1988-01-01
9208,80,1,"Musical boxes, fairground organs, mechanical street organs, mechanical singing birds, musical saws and other musical instruments not falling within any other heading of this Chapter; decoy calls of all kinds; whistles, call horns and other mouth-blown sound signalling instruments:",,0,,1988-01-01
92081000,80,2,musical boxes,Fr. per 100 kg gross,1,0.00,1988-01-01
92089000,80,2,other,Fr. per 100 kg gross,1,0.00,1988-01-01
9209,80,1,"Parts (for example, mechanisms for musical boxes) and accessories (for example, cards, discs and rolls for mechanical instruments) of musical instruments; metronomes, tuning forks and pitch pipes of all kinds:",,0,,1988-01-01
92093000,80,2,musical instrument strings,Fr. per 100 kg gross,1,0.00,1988-01-01
,10,2,other:,,,,1988-01-01
92099100,80,3,parts and accessories for pianos,Fr. per 100 kg gross,1,0.00,1988-01-01
92099200,80,3,parts and accessories for the musical instruments of heading 9202,Fr. per 100 kg gross,1,0.00,1988-01-01
92099400,80,3,parts and accessories for the musical instruments of heading 9207,Fr. per 100 kg gross,1,0.00,1988-01-01
92099900,80,3,other,Fr. per 100 kg gross,1,0.00,1988-01-01
93,80,0,Arms and ammunition; parts and accessories thereof,,0,,1988-01-01
9301,80,1,"Military weapons, other than revolvers, pistols and the arms of heading 9307:",,0,,1988-01-01
93011000,80,2,"artillery weapons (for example, guns, howitzers and mortars)",Fr. per 100 kg gross,1,0.00,2012-01-01
93012000,80,2,rocket launchers; flame-throwers; grenade launchers; torpedo tubes and similar projectors,Fr. per 100 kg gross,1,0.00,2002-01-01
93019000,80,2,other,Fr. per 100 kg gross,1,0.00,2002-01-01
93020000,80,1,"Revolvers and pistols, other than those of heading 9303 or 9304",Fr. per 100 kg gross,1,0.00,1988-01-01
9303,80,1,"Other firearms and similar devices which operate by the firing of an explosive charge (for example, sporting shotguns and rifles, muzzle-loading firearms, Very pistols and other devices designed to project only signal flares, pistols and revolvers for firing blank ammunition, captive-bolt humane killers, line-throwing guns):",,0,,1988-01-01
93031000,80,2,muzzle-loading firearms,Fr. per 100 kg gross,1,0.00,1988-01-01
93032000,80,2,"other sporting, hunting or target-shooting shotguns, including combination shotgun-rifles",Fr. per 100 kg gross,1,0.00,1988-01-01
93033000,80,2,"other sporting, hunting or target-shooting rifles",Fr. per 100 kg gross,1,0.00,2024-01-01
93039000,80,2,other,Fr. per 100 kg gross,1,0.00,1988-01-01
93040000,80,1,"Other arms (for example, spring, air or gas guns and pistols, truncheons), excluding those of heading 9307",Fr. per 100 kg gross,1,0.00,1988-01-01
9305,80,1,Parts and accessories of articles of headings 9301 to 9304:,,0,,1988-01-01
93051000,80,2,of revolvers or pistols,Fr. per 100 kg gross,1,0.00,1988-01-01
93052000,80,2,of shotguns or rifles of heading 9303,Fr. per 100 kg gross,1,0.00,2012-01-01
,10,2,other:,,,,2002-01-01
93059100,80,3,of military weapons of heading 9301,Fr. per 100 kg gross,1,0.00,2002-01-01
93059900,80,3,other,Fr. per 100 kg gross,1,0.00,2002-01-01
9306,80,1,"Bombs, grenades, torpedoes, mines, missiles and similar munitions of war and parts thereof; cartridges and other ammunition and projectiles and parts thereof, including shot and cartridge wads:",,0,,1988-01-01
,10,2,shotgun cartridges and parts thereof; air gun pellets:,,,,1988-01-01
93062100,80,3,cartridges,Fr. per 100 kg gross,1,0.00,1988-01-01
930629,80,3,other:,,0,,1988-01-01
93062910,80,4,"shotgun cartridges, ball and shot cartridges for sporting guns, pellets and the like for the arms of heading 9304",Fr. per 100 kg gross,1,0.00,1988-01-01
93062990,80,4,other,Fr. per 100 kg gross,1,0.00,1988-01-01
930630,80,2,other cartridges and parts thereof:,,0,,1988-01-01
,10,3,of military weapons:,,,,1988-01-01
93063011,80,4,cartridges,Fr. per 100 kg gross,1,0.00,1988-01-01
93063019,80,4,parts of cartridges,Fr. per 100 kg gross,1,0.00,1988-01-01
,10,3,other:,,,,1988-01-01
93063091,80,4,cartridges,Fr. per 100 kg gross,1,0.00,1988-01-01
93063092,80,4,projectiles,Fr. per 100 kg gross,1,0.00,1988-01-01
93063099,80,4,other,Fr. per 100 kg gross,1,0.00,1988-01-01
930690,80,2,other:,,0,,1988-01-01
93069010,80,3,"bombs, grenades, torpedoes, mines, missiles and similar articles for military use",Fr. per 100 kg gross,1,0.00,1988-01-01
93069020,80,3,parts of the goods of subheading 9306.9010,Fr. per 100 kg gross,1,0.00,1988-01-01
93069090,80,3,other,Fr. per 100 kg gross,1,0.00,1988-01-01
93070000,80,1,"Swords, cutlasses, bayonets, lances and similar arms and parts thereof and scabbards and sheaths therefor",Fr. per 100 kg gross,1,0.00,1988-01-01
94,80,0,"Furniture; bedding, mattresses, mattress supports, cushions and similar stuffed furnishings; luminaires and lighting fittings, not elsewhere specified or included; illuminated signs, illuminated name-plates and the like; prefabricated buildings",,0,,1988-01-01
9401,80,1,"Seats (other than those of heading 9402), whether or not convertible into beds, and parts thereof:",,0,,1988-01-01
94011000,80,2,seats of a kind used for aircraft,Fr. per 100 kg gross,1,0.00,2024-01-01
94012000,80,2,seats of a kind used for motor vehicles,Fr. per 100 kg gross,1,0.00,2024-01-01
,10,2,swivel seats with variable height adjustment:,,,,2022-01-01
94013100,80,3,of wood,Fr. per 100 kg gross,1,0.00,2022-01-01
94013900,80,3,other,Fr. per 100 kg gross,1,0.00,2022-01-01
,10,2,"seats other than garden seats or camping equipment, convertible into beds:",,,,2022-01-01
94014100,80,3,of wood,Fr. per 100 kg gross,1,0.00,2022-01-01
94014900,80,3,other,Fr. per 100 kg gross,1,0.00,2022-01-01
,10,2,"seats of cane, osier, bamboo or similar materials:",,,,2007-01-01
94015200,80,3,of bamboo,Fr. per 100 kg gross,1,0.00,2017-01-01
94015300,80,3,of rattan,Fr. per 100 kg gross,1,0.00,2017-01-01
94015900,80,3,other,Fr. per 100 kg gross,1,0.00,2007-01-01
,10,2,"other seats, with wooden frames:",,,,1988-01-01
94016100,80,3,upholstered,Fr. per 100 kg gross,1,0.00,1988-01-01
94016900,80,3,other,Fr. per 100 kg gross,1,0.00,1988-01-01
,10,2,"other seats, with metal frames:",,,,1988-01-01
94017100,80,3,upholstered,Fr. per 100 kg gross,1,0.00,2024-01-01
94017900,80,3,other,Fr. per 100 kg gross,1,0.00,2024-01-01
94018000,80,2,other seats,Fr. per 100 kg gross,1,0.00,2024-01-01
,10,2,parts:,,,,2022-01-01
94019100,80,3,of wood,Fr. per 100 kg gross,1,0.00,2024-01-01
94019900,80,3,other,Fr. per 100 kg gross,1,0.00,2024-01-01
9402,80,1,"Medical, surgical, dental or veterinary furniture (for example, operating tables, examination tables, hospital beds with mechanical fittings, dentists' chairs); barbers' chairs and similar chairs, having rotating as well as both reclining and elevating movements; parts of the foregoing articles:",,0,,1988-01-01
94021000,80,2,"dentists', barbers' or similar chairs and parts thereof",Fr. per 100 kg gross,1,0.00,2024-01-01
94029000,80,2,other,Fr. per 100 kg gross,1,0.00,2024-01-01
9403,80,1,Other furniture and parts thereof:,,0,,1988-01-01
94031000,80,2,metal furniture of a kind used in offices,Fr. per 100 kg gross,1,0.00,2024-01-01
94032000,80,2,other metal furniture,Fr. per 100 kg gross,1,0.00,2024-01-01
94033000,80,2,wooden furniture of a kind used in offices,Fr. per 100 kg gross,1,0.00,1988-01-01
94034000,80,2,wooden furniture of a kind used in the kitchen,Fr. per 100 kg gross,1,0.00,1988-01-01
94035000,80,2,wooden furniture of a kind used in the bedroom,Fr. per 100 kg gross,1,0.00,1988-01-01
94036000,80,2,other wooden furniture,Fr. per 100 kg gross,1,0.00,1988-01-01
94037000,80,2,furniture of plastics,Fr. per 100 kg gross,1,0.00,1988-01-01
,10,2,"furniture of other materials, including cane, osier, bamboo or similar materials:",,,,2007-01-01
94038200,80,3,of bamboo,Fr. per 100 kg gross,1,0.00,2017-01-01
94038300,80,3,of rattan,Fr. per 100 kg gross,1,0.00,2017-01-01
94038900,80,3,other,Fr. per 100 kg gross,1,0.00,2007-01-01
,10,2,parts:,,,,2022-01-01
94039100,80,3,of wood,Fr. per 100 kg gross,1,0.00,2022-01-01
94039900,80,3,other,Fr. per 100 kg gross,1,0.00,2024-01-01
9404,80,1,"Mattress supports; articles of bedding and similar furnishing (for example, mattresses, quilts, eiderdowns, cushions, pouffes and pillows) fitted with springs or stuffed or internally fitted with any material or of cellular rubber or plastics, whether or not covered:",,0,,1988-01-01
94041000,80,2,mattress supports,Fr. per 100 kg gross,1,0.00,1988-01-01
,10,2,mattresses:,,,,1988-01-01
94042100,80,3,"of cellular rubber or plastics, whether or not covered",Fr. per 100 kg gross,1,0.00,1988-01-01
94042900,80,3,of other materials,Fr. per 100 kg gross,1,0.00,1988-01-01
94043000,80,2,sleeping bags,Fr. per 100 kg gross,1,0.00,1988-01-01
94044000,80,2,"quilts, bedspreads, eiderdowns and duvets (comforters)",Fr. per 100 kg gross,1,0.00,2022-01-01
94049000,80,2,other,Fr. per 100 kg gross,1,0.00,1988-01-01
9405,80,1,"Luminaires and lighting fittings including searchlights and spotlights and parts thereof, not elsewhere specified or included; illuminated signs, illuminated name-plates and the like, having a permanently fixed light source, and parts thereof not elsewhere specified or included:",,0,,1988-01-01
,10,2,"chandeliers and other electric ceiling or wall lighting fittings, excluding those of a kind used for lighting public open spaces or thoroughfares:",,,,2022-01-01
94051100,80,3,designed for use solely with light-emitting diode (LED) light sources,Fr. per 100 kg gross,1,0.00,2022-01-01
94051900,80,3,other,Fr. per 100 kg gross,1,0.00,2022-01-01
,10,2,"electric table, desk, bedside or floor-standing luminaires:",,,,2022-01-01
94052100,80,3,designed for use solely with light-emitting diode (LED) light sources,Fr. per 100 kg gross,1,0.00,2022-01-01
94052900,80,3,other,Fr. per 100 kg gross,1,0.00,2022-01-01
,10,2,lighting strings of a kind used for Christmas trees:,,,,2022-01-01
94053100,80,3,designed for use solely with light-emitting diode (LED) light sources,Fr. per 100 kg gross,1,0.00,2022-01-01
94053900,80,3,other,Fr. per 100 kg gross,1,0.00,2022-01-01
,10,2,other electric luminaires and lighting fittings:,,,,2022-01-01
94054100,80,3,"photovoltaic, designed for use solely with light-emitting diode (LED) light sources",Fr. per 100 kg gross,1,0.00,2022-01-01
94054200,80,3,"other, designed for use solely with light-emitting diode (LED) light sources",Fr. per 100 kg gross,1,0.00,2022-01-01
94054900,80,3,other,Fr. per 100 kg gross,1,0.00,2022-01-01
94055000,80,2,non-electrical luminaires and lighting fittings,Fr. per 100 kg gross,1,0.00,1988-01-01
,10,2,"illuminated signs, illuminated name-plates and the like:",,,,2022-01-01
94056100,80,3,designed for use solely with light-emitting diode (LED) light sources,Fr. per 100 kg gross,1,0.00,2022-01-01
94056900,80,3,other,Fr. per 100 kg gross,1,0.00,2022-01-01
,10,2,parts:,,,,1988-01-01
94059100,80,3,of glass,Fr. per 100 kg gross,1,0.00,1988-01-01
94059200,80,3,of plastics,Fr. per 100 kg gross,1,0.00,1988-01-01
94059900,80,3,other,Fr. per 100 kg gross,1,0.00,2024-01-01
9406,80,1,Prefabricated buildings:,,0,,1988-01-01
94061000,80,2,of wood,Fr. per 100 kg gross,1,0.00,2017-01-01
94062000,80,2,"modular building units, of steel",Fr. per 100 kg gross,1,0.00,2022-01-01
94069000,80,2,other,Fr. per 100 kg gross,1,0.00,2024-01-01
95,80,0,"Toys, games and sports requisites; parts and accessories thereof",,0,,1988-01-01
95030000,80,1,"Tricycles, scooters, pedal cars and similar wheeled toys; dolls' carriages; dolls; other toys; reduced-size (""scale"") models and similar recreational models, working or not; puzzles of all kinds",Fr. per 100 kg gross,1,0.00,2024-01-01
9504,80,1,"Video game consoles and machines, table or parlour games, including pintables, billiards, special tables for casino games and automatic bowling equipment, amusement machines operated by coins, banknotes, bank cards, tokens or by any other means of payment:",,0,,1988-01-01
95042000,80,2,articles and accessories for billiards of all kinds,Fr. per 100 kg gross,1,0.00,1988-01-01
95043000,80,2,"other games, operated by coins, banknotes, bank cards, tokens or by any other means of payment, other than automatic bowling alley equipment",Fr. per 100 kg gross,1,0.00,2024-01-01
95044000,80,2,playing cards,Fr. per 100 kg gross,1,0.00,1988-01-01
95045000,80,2,"video game consoles and machines, other than those of subheading 9504.30",Fr. per 100 kg gross,1,0.00,2012-01-01
95049000,80,2,other,Fr. per 100 kg gross,1,0.00,1988-01-01
9505,80,1,"Festive, carnival or other entertainment articles, including conjuring tricks and novelty jokes:",,0,,1988-01-01
95051000,80,2,articles for Christmas festivities,Fr. per 100 kg gross,1,0.00,1988-01-01
95059000,80,2,other,Fr. per 100 kg gross,1,0.00,1988-01-01
9506,80,1,"Articles and equipment for general physical exercise, gymnastics, athletics, other sports (including table-tennis) or outdoor games, not specified or included elsewhere in this Chapter; swimming pools and paddling pools:",,0,,1988-01-01
,10,2,snow-skis and other snow-ski equipment:,,,,1988-01-01
95061100,80,3,skis,Fr. per 100 kg gross,1,0.00,1988-01-01
95061200,80,3,ski-fastenings (ski-bindings),Fr. per 100 kg gross,1,0.00,1988-01-01
95061900,80,3,other,Fr. per 100 kg gross,1,0.00,1988-01-01
,10,2,"water-skis, surf-boards, sailboards and other water-sport equipment:",,,,1988-01-01
95062100,80,3,sailboards,Fr. per 100 kg gross,1,0.00,1988-01-01
95062900,80,3,other,Fr. per 100 kg gross,1,0.00,1988-01-01
,10,2,golf clubs and other golf equipment:,,,,1988-01-01
95063100,80,3,"clubs, complete",Fr. per 100 kg gross,1,0.00,1988-01-01
95063200,80,3,balls,Fr. per 100 kg gross,1,0.00,1988-01-01
95063900,80,3,other,Fr. per 100 kg gross,1,0.00,1988-01-01
95064000,80,2,articles and equipment for table-tennis,Fr. per 100 kg gross,1,0.00,1988-01-01
,10,2,"tennis, badminton or similar rackets, whether or not strung:",,,,1988-01-01
95065100,80,3,"lawn-tennis rackets, whether or not strung",Fr. per 100 kg gross,1,0.00,1988-01-01
95065900,80,3,other,Fr. per 100 kg gross,1,0.00,1988-01-01
,10,2,"balls, other than golf balls and table-tennis balls:",,,,1988-01-01
95066100,80,3,lawn-tennis balls,Fr. per 100 kg gross,1,0.00,1988-01-01
95066200,80,3,inflatable,Fr. per 100 kg gross,1,0.00,1988-01-01
95066900,80,3,other,Fr. per 100 kg gross,1,0.00,1988-01-01
95067000,80,2,"ice skates and roller skates, including skating boots with skates attached",Fr. per 100 kg gross,1,0.00,2024-01-01
,10,2,other:,,,,1988-01-01
95069100,80,3,"articles and equipment for general physical exercise, gymnastics or athletics",Fr. per 100 kg gross,1,0.00,1988-01-01
95069900,80,3,other,Fr. per 100 kg gross,1,0.00,1988-01-01
9507,80,1,"Fishing rods, fish-hooks and other line fishing tackle; fish landing nets, butterfly nets and similar nets; decoy «birds» (other than those of heading 9208 or 9705) and similar hunting or shooting requisites:",,0,,1988-01-01
95071000,80,2,fishing rods,Fr. per 100 kg gross,1,0.00,1988-01-01
95072000,80,2,"fish-hooks, whether or not snelled",Fr. per 100 kg gross,1,0.00,1988-01-01
95073000,80,2,fishing reels,Fr. per 100 kg gross,1,0.00,1988-01-01
95079000,80,2,other,Fr. per 100 kg gross,1,0.00,1988-01-01
9508,80,1,"Travelling circuses and travelling menageries; amusement park rides and water park amusements; fairground amusements, including shooting galleries; travelling theatres:",,0,,1988-01-01
95081000,80,2,travelling circuses and travelling menageries,Fr. per 100 kg gross,1,0.00,2002-01-01
,10,2,amusement park rides and water park amusements:,,,,2022-01-01
95082100,80,3,roller coasters,Fr. per 100 kg gross,1,0.00,2022-01-01
95082200,80,3,"carousels, swings and roundabouts",Fr. per 100 kg gross,1,0.00,2022-01-01
95082300,80,3,dodge'em cars,Fr. per 100 kg gross,1,0.00,2022-01-01
95082400,80,3,motion simulators and moving theatres,Fr. per 100 kg gross,1,0.00,2022-01-01
95082500,80,3,water rides,Fr. per 100 kg gross,1,0.00,2022-01-01
95082600,80,3,water park amusements,Fr. per 100 kg gross,1,0.00,2022-01-01
95082900,80,3,other,Fr. per 100 kg gross,1,0.00,2022-01-01
95083000,80,2,fairground amusements,Fr. per 100 kg gross,1,0.00,2022-01-01
95084000,80,2,travelling theatres,Fr. per 100 kg gross,1,0.00,2022-01-01
96,80,0,Miscellaneous manufactured articles,,0,,1988-01-01
9601,80,1,"Worked ivory, bone, tortoise-shell, horn, antlers, coral, mother-of-pearl and other animal carving material, and articles of these materials (including articles obtained by moulding):",,0,,1988-01-01
96011000,80,2,worked ivory and articles of ivory,Fr. per 100 kg gross,1,0.00,1988-01-01
96019000,80,2,other,Fr. per 100 kg gross,1,0.00,2024-01-01
96020000,80,1,"Worked vegetable or mineral carving material and articles of these materials; moulded or carved articles of wax, of stearin, of natural gums or natural resins or of modelling pastes, and other moulded or carved articles, not elsewhere specified or included; worked, unhardened gelatin (except gelatin of heading 3503) and articles of unhardened gelatin",Fr. per 100 kg gross,1,0.00,2024-01-01
9603,80,1,"Brooms, brushes (including brushes constituting parts of machines, appliances or vehicles), hand-operated mechanical floor sweepers, not motorised, mops and feather dusters; prepared knots and tufts for broom or brush making; paint pads and rollers; squeegees (other than roller squeegees):",,0,,1988-01-01
96031000,80,2,"brooms and brushes, consisting of twigs or other vegetable materials bound together, with or without handles",Fr. per 100 kg gross,1,0.00,2024-01-01
,10,2,"tooth brushes, shaving brushes, hair brushes, nail brushes, eyelash brushes and other toilet brushes for use on the person, including such brushes constituting parts of appliances:",,,,1988-01-01
96032100,80,3,"tooth brushes, including dental-plate brushes",Fr. per 100 kg gross,1,0.00,1988-01-01
96032900,80,3,other,Fr. per 100 kg gross,1,0.00,2024-01-01
96033000,80,2,"artists' brushes, writing brushes and similar brushes for the application of cosmetics",Fr. per 100 kg gross,1,0.00,2024-01-01
96034000,80,2,"paint, distemper, varnish or similar brushes (other than brushes of subheading 9603.30); paint pads and rollers",Fr. per 100 kg gross,1,0.00,2024-01-01
96035000,80,2,"other brushes constituting parts of machines, appliances or vehicles",Fr. per 100 kg gross,1,0.00,1988-01-01
96039000,80,2,other,Fr. per 100 kg gross,1,0.00,2024-01-01
96040000,80,1,Hand sieves and hand riddles,Fr. per 100 kg gross,1,0.00,1988-01-01
96050000,80,1,"Travel sets for personal toilet, sewing or shoe or clothes cleaning",Fr. per 100 kg gross,1,0.00,1988-01-01
9606,80,1,"Buttons, press-fasteners, snap-fasteners and press-studs, button moulds and other parts of these articles; button blanks:",,0,,1988-01-01
96061000,80,2,"press-fasteners, snap-fasteners and press-studs and parts therefor",Fr. per 100 kg gross,1,0.00,1988-01-01
,10,2,buttons:,,,,1988-01-01
96062100,80,3,"of plastics, not covered with textile material",Fr. per 100 kg gross,1,0.00,1988-01-01
96062200,80,3,"of base metal, not covered with textile material",Fr. per 100 kg gross,1,0.00,1988-01-01
96062900,80,3,other,Fr. per 100 kg gross,1,0.00,1988-01-01
96063000,80,2,button moulds and other parts of buttons; button blanks,Fr. per 100 kg gross,1,0.00,1988-01-01
9607,80,1,Slide fasteners and parts thereof:,,0,,1988-01-01
,10,2,slide fasteners:,,,,1988-01-01
96071100,80,3,fitted with chain scoops of base metal,Fr. per 100 kg gross,1,0.00,1988-01-01
96071900,80,3,other,Fr. per 100 kg gross,1,0.00,1988-01-01
96072000,80,2,parts,Fr. per 100 kg gross,1,0.00,1988-01-01
9608,80,1,"Ball point pens; felt tipped and other porous-tipped pens and markers; fountain pens, stylograph pens and other pens; duplicating stylos; propelling or sliding pencils; pen-holders, pencil-holders and similar holders; parts (including caps and clips) of the foregoing articles, other than those of heading 9609:",,0,,1988-01-01
96081000,80,2,ball point pens,Fr. per 100 kg gross,1,0.00,2024-01-01
96082000,80,2,felt tipped and other porous-tipped pens and markers,Fr. per 100 kg gross,1,0.00,1988-01-01
96083000,80,2,"fountain pens, stylograph pens and other pens",Fr. per 100 kg gross,1,0.00,2024-01-01
96084000,80,2,propelling or sliding pencils,Fr. per 100 kg gross,1,0.00,2024-01-01
96085000,80,2,sets of articles from two or more of the foregoing subheadings,Fr. per 100 kg gross,1,0.00,2024-01-01
96086000,80,2,"refills for ball point pens, comprising the ball point and ink-reservoir",Fr. per 100 kg gross,1,0.00,1988-01-01
,10,2,other:,,,,1988-01-01
96089100,80,3,pen nibs and nib points,Fr. per 100 kg gross,1,0.00,2024-01-01
96089900,80,3,other,Fr. per 100 kg gross,1,0.00,1988-01-01
9609,80,1,"Pencils (other than pencils of heading 9608), crayons, pencil leads, pastels, drawing charcoals, writing or drawing chalks and tailors' chalks:",,0,,1988-01-01
96091000,80,2,"pencils and crayons, with leads encased in a sheath",Fr. per 100 kg gross,1,0.00,1988-01-01
96092000,80,2,"pencil leads, black or coloured",Fr. per 100 kg gross,1,0.00,1988-01-01
96099000,80,2,other,Fr. per 100 kg gross,1,0.00,1988-01-01
96100000,80,1,"Slates and boards, with writing or drawing surfaces, whether or not framed",Fr. per 100 kg gross,1,0.00,1988-01-01
96110000,80,1,"Date, sealing or numbering stamps, and the like (including devices for printing or embossing labels), designed for operating in the hand; hand-operated composing sticks and hand printing sets incorporating such composing sticks",Fr. per 100 kg gross,1,0.00,1988-01-01
9612,80,1,"Typewriter or similar ribbons, inked or otherwise prepared for giving impressions, whether or not on spools or in cartridges; ink-pads, whether or not inked, with or without boxes:",,0,,1988-01-01
96121000,80,2,ribbons,Fr. per 100 kg gross,1,0.00,1988-01-01
96122000,80,2,ink-pads,Fr. per 100 kg gross,1,0.00,1988-01-01
9613,80,1,"Cigarette lighters and other lighters, whether or not mechanical or electrical, and parts thereof other than flints and wicks:",,0,,1988-01-01
96131000,80,2,"pocket lighters, gas fuelled, non-refillable",Fr. per 100 kg gross,1,0.00,1988-01-01
96132000,80,2,"pocket lighters, gas fuelled, refillable",Fr. per 100 kg gross,1,0.00,2024-01-01
96138000,80,2,other lighters,Fr. per 100 kg gross,1,0.00,2024-01-01
96139000,80,2,parts,Fr. per 100 kg gross,1,0.00,2024-01-01
96140000,80,1,"Smoking pipes (including pipe bowls) and cigar or cigarette holders, and parts thereof",Fr. per 100 kg gross,1,0.00,2024-01-01
9615,80,1,"Combs, hair-slides and the like; hairpins, curling pins, curling grips, hair-curlers and the like, other than those of heading 8516, and parts thereof:",,0,,1988-01-01
,10,2,"combs, hair-slides and the like:",,,,1988-01-01
96151100,80,3,of hard rubber or plastics,Fr. per 100 kg gross,1,0.00,1988-01-01
96151900,80,3,other,Fr. per 100 kg gross,1,0.00,1988-01-01
96159000,80,2,other,Fr. per 100 kg gross,1,0.00,1988-01-01
9616,80,1,"Scent sprays and similar toilet sprays, and mounts and heads therefor; powder-puffs and pads for the application of cosmetics or toilet preparations:",,0,,1988-01-01
96161000,80,2,"scent sprays and similar toilet sprays, and mounts and heads therefor",Fr. per 100 kg gross,1,0.00,2024-01-01
96162000,80,2,powder-puffs and pads for the application of cosmetics or toilet preparations,Fr. per 100 kg gross,1,0.00,1988-01-01
96170000,80,1,"Vacuum flasks and other vacuum vessels, complete; parts thereof other than glass inners",Fr. per 100 kg gross,1,0.00,1988-01-01
96180000,80,1,Tailors' dummies and other lay figures; automata and other animated displays used for shop window dressing,Fr. per 100 kg gross,1,0.00,2024-01-01
96190000,80,1,"Sanitary towels (pads) and tampons, napkins (diapers), napkin liners and similar articles, of any material",Fr. per 100 kg gross,1,0.00,2012-01-01
96200000,80,1,"Monopods, bipods, tripods and similar articles",Fr. per 100 kg gross,1,0.00,2024-01-01
97,80,0,"Works of art, collectors' pieces and antiques",,0,,1988-01-01
9701,80,1,"Paintings, drawings and pastels, executed entirely by hand, other than drawings of heading 4906 and other than hand-painted or hand-decorated manufactured articles; collages, mosaics and similar decorative plaques:",,0,,1988-01-01
,10,2,of an age exceeding 100 years:,,,,2022-01-01
97012100,80,3,"paintings, drawings and pastels",Fr. per 100 kg gross,1,0.00,2022-01-01
97012200,80,3,mosaics,Fr. per 100 kg gross,1,0.00,2022-01-01
97012900,80,3,other,Fr. per 100 kg gross,1,0.00,2022-01-01
,10,2,other:,,,,2022-01-01
97019100,80,3,"paintings, drawings and pastels",Fr. per 100 kg gross,1,0.00,2022-01-01
97019200,80,3,mosaics,Fr. per 100 kg gross,1,0.00,2022-01-01
97019900,80,3,other,Fr. per 100 kg gross,1,0.00,2022-01-01
9702,80,1,"Original engravings, prints and lithographs:",,0,,1988-01-01
97021000,80,2,of an age exceeding 100 years,Fr. per 100 kg gross,1,0.00,2022-01-01
97029000,80,2,other,Fr. per 100 kg gross,1,0.00,2022-01-01
9703,80,1,"Original sculptures and statuary, in any material:",,0,,1988-01-01
97031000,80,2,of an age exceeding 100 years,Fr. per 100 kg gross,1,0.00,2022-01-01
97039000,80,2,other,Fr. per 100 kg gross,1,0.00,2022-01-01
97040000,80,1,"Postage or revenue stamps, stamp-postmarks, first-day covers, postal stationery (stamped paper), and the like, used or unused, other than those of heading 4907",Fr. per 100 kg gross,1,0.00,1988-01-01
9705,80,1,"Collections and collectors' pieces of archaeological, ethnographic, historical, zoological, botanical, mineralogical, anatomical, paleontological or numismatic interest:",,0,,1988-01-01
97051000,80,2,"collections and collectors' pieces of archaeological, ethnographic or historical interest",Fr. per 100 kg gross,1,0.00,2022-01-01
,10,2,"collections and collectors' pieces of zoological, botanical, mineralogical, anatomical or paleontological interest:",,,,2022-01-01
97052100,80,3,human specimens and parts thereof,Fr. per 100 kg gross,1,0.00,2022-01-01
97052200,80,3,extinct or endangered species and parts thereof,Fr. per 100 kg gross,1,0.00,2022-01-01
97052900,80,3,other,Fr. per 100 kg gross,1,0.00,2022-01-01
,10,2,collections and collectors' pieces of numismatic interest:,,,,2022-01-01
97053100,80,3,of an age exceeding 100 years,Fr. per 100 kg gross,1,0.00,2022-01-01
97053900,80,3,other,Fr. per 100 kg gross,1,0.00,2022-01-01
9706,80,1,Antiques of an age exceeding 100 years:,,0,,1988-01-01
97061000,80,2,of an age exceeding 250 years,Fr. per 100 kg gross,1,0.00,2022-01-01
97069000,80,2,other,Fr. per 100 kg gross,1,0.00,2022-01-01
